{"Constants": {"Constant10": {"dim": 1, "values": [2.0]}},
 "Functions": {"FFuzzify15": {"centers": [2.0, 3.0, 4.0, 5.0, 6.0, 7.0],
                              "dim_out": {"dim": 6},
                              "functions": "Rectangular",
                              "names": "Rectangular"}},
 "Info": {"SampleTime": 0.05,
          "nnodely_version": "1.5.4",
          "ns": [25, 0],
          "ntot": 25,
          "num_parameters": 198},
 "Inputs": {"acc": {"dim": 1, "ns": [1, 0], "ntot": 1, "sw": [-1, 0]},
            "alt": {"dim": 21, "ns": [1, 0], "ntot": 1, "sw": [-1, 0]},
            "brk": {"dim": 1, "ns": [25, 0], "ntot": 25, "sw": [-25, 0]},
            "gear": {"dim": 1, "ns": [1, 0], "ntot": 1, "sw": [-1, 0]},
            "trq": {"dim": 1, "ns": [25, 0], "ntot": 25, "sw": [-25, 0]},
            "vel": {"dim": 1, "ns": [1, 0], "ntot": 1, "sw": [-1, 0]}},
 "Minimizers": {"acc_error": {"A": "SamplePart45",
                              "B": "Add43",
                              "loss": "rmse"}},
 "Models": "acc",
 "Outputs": {"accelleration": "Add43"},
 "Parameters": {"PFir11W": {"dim": 1,
                            "init_fun": {"name": "init_negexp",
                                         "params": {"first_value": 0.002,
                                                    "lambda": 3,
                                                    "size_index": 0}},
                            "sw": 25,
                            "values": [[-0.0012907714117318392],
                                       [-0.0012035410618409514],
                                       [-0.000557518273126334],
                                       [0.0001647373428568244],
                                       [0.00039622827898710966],
                                       [0.0006678080535493791],
                                       [0.0011032273760065436],
                                       [0.0010254142107442021],
                                       [0.0007919071358628571],
                                       [0.0006284426199272275],
                                       [0.0005191003438085318],
                                       [0.0009084712946787477],
                                       [0.0015025349566712976],
                                       [0.002325770677998662],
                                       [0.002565741306170821],
                                       [0.0032002092339098454],
                                       [0.004275183659046888],
                                       [0.005975808948278427],
                                       [0.007214523386210203],
                                       [0.00854186899960041],
                                       [0.011146784760057926],
                                       [0.016347911208868027],
                                       [0.020513171330094337],
                                       [0.017901470884680748],
                                       [0.013373982161283493]]},
                "PFir17W": {"dim": 1,
                            "init_fun": {"name": "init_negexp",
                                         "params": {"first_value": 0.002,
                                                    "lambda": 3,
                                                    "size_index": 0}},
                            "sw": 25,
                            "values": [[-0.008135760203003883],
                                       [0.0004996120696887374],
                                       [0.004309962037950754],
                                       [0.004002674948424101],
                                       [0.002453196793794632],
                                       [0.0007812415133230388],
                                       [-0.0003985333605669439],
                                       [-0.0006848013144917786],
                                       [-0.0008657987345941365],
                                       [-0.0004540160298347473],
                                       [-9.57158554228954e-05],
                                       [0.0005813991883769631],
                                       [0.0009609049302525818],
                                       [0.0020991507917642593],
                                       [0.002836525673046708],
                                       [0.003802570281550288],
                                       [0.005496923346072435],
                                       [0.006507326848804951],
                                       [0.007515795063227415],
                                       [0.008500070311129093],
                                       [0.008230590261518955],
                                       [0.007287502288818359],
                                       [0.006341757718473673],
                                       [0.006181484553962946],
                                       [0.007319348398596048]]},
                "PFir19W": {"dim": 1,
                            "init_fun": {"name": "init_negexp",
                                         "params": {"first_value": 0.002,
                                                    "lambda": 3,
                                                    "size_index": 0}},
                            "sw": 25,
                            "values": [[0.002957673976197839],
                                       [0.0019238614477217197],
                                       [-0.0003223423846065998],
                                       [-0.00046587895485572517],
                                       [0.0001462403597543016],
                                       [0.0006810129270888865],
                                       [-0.00013726229371968657],
                                       [-0.0006233762833289802],
                                       [-0.0006556377629749477],
                                       [-0.0004681602877099067],
                                       [-0.00036322750383988023],
                                       [8.073947537923232e-05],
                                       [0.001206699525937438],
                                       [0.0014884568518027663],
                                       [0.0014454127522185445],
                                       [0.0011810465948656201],
                                       [0.001092472462914884],
                                       [0.0008893698104657233],
                                       [0.001785975182428956],
                                       [0.002921110251918435],
                                       [0.0037832220550626516],
                                       [0.005944572854787111],
                                       [0.007672573439776897],
                                       [0.007852957583963871],
                                       [0.00616086320951581]]},
                "PFir21W": {"dim": 1,
                            "init_fun": {"name": "init_negexp",
                                         "params": {"first_value": 0.002,
                                                    "lambda": 3,
                                                    "size_index": 0}},
                            "sw": 25,