{"Constants": {"Constant10": {"dim": 1, "values": [2.0]}},
 "Functions": {"FFuzzify15": {"centers": [2.0, 3.0, 4.0, 5.0, 6.0, 7.0],
                              "dim_out": {"dim": 6},
                              "functions": "Rectangular",
                              "names": "Rectangular"}},
 "Info": {"SampleTime": 0.05,
          "nnodely_version": "1.5.1",
          "ns": [25, 0],
          "ntot": 25,
          "num_parameters": 198},
 "Inputs": {"acc": {"dim": 1, "ns": [1, 0], "ntot": 1, "sw": [-1, 0]},
            "alt": {"dim": 21, "ns": [1, 0], "ntot": 1, "sw": [-1, 0]},
            "brk": {"dim": 1, "ns": [25, 0], "ntot": 25, "sw": [-25, 0]},
            "gear": {"dim": 1, "ns": [1, 0], "ntot": 1, "sw": [-1, 0]},
            "trq": {"dim": 1, "ns": [25, 0], "ntot": 25, "sw": [-25, 0]},
            "vel": {"dim": 1, "ns": [1, 0], "ntot": 1, "sw": [-1, 0]}},
 "Minimizers": {"acc_error": {"A": "SamplePart45",
                              "B": "Add43",
                              "loss": "rmse"}},
 "Models": "acc",
 "Outputs": {"accelleration": "Add43"},
 "Parameters": {"PFir11W": {"dim": 1,
                            "init_fun": {"name": "init_negexp",
                                         "params": {"first_value": 0.002,
                                                    "lambda": 3,
                                                    "size_index": 0}},
                            "sw": 25,
                            "values": [[0.008527202531695366],
                                       [0.008539924398064613],
                                       [0.008539069443941116],
                                       [0.008601736277341843],
                                       [0.008667985908687115],
                                       [0.008701938204467297],
                                       [0.008717993274331093],
                                       [0.008755896240472794],
                                       [0.008807212114334106],
                                       [0.008839099667966366],
                                       [0.008838022127747536],
                                       [0.00887773372232914],
                                       [0.008953974582254887],
                                       [0.008948948234319687],
                                       [0.00903286226093769],
                                       [0.009079908952116966],
                                       [0.00915302149951458],
                                       [0.0092434948310256],
                                       [0.00931038148701191],
                                       [0.009453165344893932],
                                       [0.00963855441659689],
                                       [0.009852924384176731],
                                       [0.010064595378935337],
                                       [0.010149502195417881],
                                       [0.010393128730356693]]},
                "PFir17W": {"dim": 1,
                            "init_fun": {"name": "init_negexp",
                                         "params": {"first_value": 0.002,
                                                    "lambda": 3,
                                                    "size_index": 0}},
                            "sw": 25,
                            "values": [[-0.005591336637735367],
                                       [-0.00556231988593936],
                                       [-0.005551861599087715],
                                       [-0.005533216986805201],
                                       [-0.0055033620446920395],
                                       [-0.005462788511067629],
                                       [-0.005426831543445587],
                                       [-0.005402027163654566],
                                       [-0.005352351348847151],
                                       [-0.0053106010891497135],
                                       [-0.00526846619322896],
                                       [-0.005227808374911547],
                                       [-0.0051879179663956165],
                                       [-0.005124595947563648],
                                       [-0.005033878143876791],
                                       [-0.0049131144769489765],
                                       [-0.004801461938768625],
                                       [-0.004685236141085625],
                                       [-0.0045578316785395145],
                                       [-0.004401085432618856],
                                       [-0.0042215557768940926],
                                       [-0.00395407248288393],
                                       [-0.003614486660808325],
                                       [-0.003207604866474867],
                                       [-0.002775771077722311]]},
                "PFir19W": {"dim": 1,
                            "init_fun": {"name": "init_negexp",
                                         "params": {"first_value": 0.002,
                                                    "lambda": 3,
                                                    "size_index": 0}},
                            "sw": 25,
                            "values": [[-0.007270080503076315],
                                       [-0.007235011085867882],
                                       [-0.007217633072286844],
                                       [-0.007223965600132942],
                                       [-0.007242000196129084],
                                       [-0.007222650572657585],
                                       [-0.007221532985568047],
                                       [-0.00719186058267951],
                                       [-0.007137169595807791],
                                       [-0.007078750059008598],
                                       [-0.00703083910048008],
                                       [-0.007009277120232582],
                                       [-0.00697826873511076],
                                       [-0.006927921436727047],
                                       [-0.006884141359478235],
                                       [-0.00682104704901576],
                                       [-0.006717521231621504],
                                       [-0.006593525409698486],
                                       [-0.006427885964512825],
                                       [-0.006307789124548435],
                                       [-0.0061520542949438095],
                                       [-0.0059730918146669865],
                                       [-0.00578729622066021],
                                       [-0.005560920108109713],
                                       [-0.0053426604717969894]]},
                "PFir21W": {"dim": 1,
                            "init_fun": {"name": "init_negexp",
                                         "params": {"first_value": 0.002,
                                                    "lambda": 3,
                                                    "size_index": 0}},
                            "sw": 25,