{"Constants": {},
 "Functions": {},
 "Info": {"SampleTime": 0.05, "ns": [10, 1], "ntot": 11},
 "Inputs": {"omega": {"dim": 1,
                      "ns": [0, 1],
                      "ntot": 1,
                      "sw": [0, 1],
                      "tw": [0, 0]},
            "theta": {"dim": 1,
                      "ns": [10, 0],
                      "ntot": 10,
                      "sw": [0, 0],
                      "tw": [-0.5, 0]},
            "torque": {"dim": 1,
                       "ns": [1, 0],
                       "ntot": 1,
                       "sw": [-1, 0],
                       "tw": [0, 0]}},
 "Minimizers": {"omega error": {"A": "SamplePart13",
                                "B": "omega_pred",
                                "loss": "mse"}},
 "Models": "pendulum",
 "Outputs": {"omega_pred": "Add11"},
 "Parameters": {"PFir4W": {"dim": 1,
                           "tw": 0.5,
                           "values": [[0.063806913793087],
                                      [-0.13234031200408936],
                                      [0.22834041714668274],
                                      [0.1591425985097885],
                                      [0.48751300573349],
                                      [0.06571295857429504],
                                      [0.7737712860107422],
                                      [0.6233242750167847],
                                      [0.6471247673034668],
                                      [0.7498874068260193]]},
                "PFir6W": {"dim": 1,
                           "tw": 0.5,
                           "values": [[-1.0791332721710205],
                                      [-0.5110344290733337],
                                      [-0.9365184903144836],
                                      [-0.6643281579017639],
                                      [-0.13577714562416077],
                                      [0.5677571296691895],
                                      [0.07190157473087311],
                                      [0.8866100907325745],
                                      [0.7644850015640259],
                                      [1.0357720851898193]]},
                "PFir8W": {"dim": 1,
                           "sw": 1,
                           "values": [[0.15335263311862946]]}},
 "Relations": {"Add10": ["Add", ["Fir3", "Fir6"]],
               "Add11": ["Add", ["Add10", "Fir9"]],
               "Fir3": ["Fir", ["Sin2"], "PFir4W", null, 0],
               "Fir6": ["Fir", ["TimePart5"], "PFir6W", null, 0],
               "Fir9": ["Fir", ["SamplePart8"], "PFir8W", null, 0],
               "SamplePart13": ["SamplePart", ["omega"], -1, [0, 1]],
               "SamplePart8": ["SamplePart", ["torque"], -1, [-1, 0]],
               "Sin2": ["Sin", ["TimePart1"]],
               "TimePart1": ["TimePart", ["theta"], -1, [-0.5, 0]],
               "TimePart5": ["TimePart", ["theta"], -1, [-0.5, 0]]},
 "States": {}}