{"Constants": {},
 "Functions": {},
 "Info": {"SampleTime": 0.05, "ns": [10, 1], "ntot": 11},
 "Inputs": {"omega": {"dim": 1,
                      "ns": [0, 1],
                      "ntot": 1,
                      "sw": [0, 1],
                      "tw": [0, 0]},
            "theta": {"dim": 1,
                      "ns": [10, 0],
                      "ntot": 10,
                      "sw": [0, 0],
                      "tw": [-0.5, 0]},
            "torque": {"dim": 1,
                       "ns": [1, 0],
                       "ntot": 1,
                       "sw": [-1, 0],
                       "tw": [0, 0]}},
 "Minimizers": {"omega error": {"A": "SamplePart17",
                                "B": "omega_pred",
                                "loss": "mse"}},
 "Models": "pendulum",
 "Outputs": {"omega_pred": "Add14"},
 "Parameters": {"PFir3p": {"dim": 1,
                           "tw": 0.5,
                           "values": [[0.12483316659927368],
                                      [-0.21201173961162567],
                                      [0.15220901370048523],
                                      [0.48128363490104675],
                                      [0.41735875606536865],
                                      [0.04633580893278122],
                                      [0.7424114346504211],
                                      [0.6202034950256348],
                                      [0.7321600317955017],
                                      [0.7015644907951355]]},
                "PFir4p": {"dim": 1,
                           "tw": 0.5,
                           "values": [[-1.4100865125656128],
                                      [-0.8384586572647095],
                                      [-0.40129268169403076],
                                      [-0.43501442670822144],
                                      [0.37327954173088074],
                                      [0.1730206310749054],
                                      [0.2257763147354126],
                                      [0.3387879431247711],
                                      [0.9121718406677246],
                                      [1.0615578889846802]]},
                "PFir5p": {"dim": 1,
                           "sw": 1,
                           "values": [[0.11089867353439331]]}},
 "Relations": {"Add13": ["Add", ["Fir6", "Fir9"]],
               "Add14": ["Add", ["Add13", "Fir12"]],
               "Fir12": ["Fir", ["SamplePart11"], "PFir5p", null, 0],
               "Fir6": ["Fir", ["Sin5"], "PFir3p", null, 0],
               "Fir9": ["Fir", ["TimePart8"], "PFir4p", null, 0],
               "SamplePart11": ["SamplePart", ["torque"], [-1, 0]],
               "SamplePart17": ["SamplePart", ["omega"], [0, 1]],
               "Sin5": ["Sin", ["TimePart4"]],
               "TimePart4": ["TimePart", ["theta"], [-0.5, 0]],
               "TimePart8": ["TimePart", ["theta"], [-0.5, 0]]},
 "States": {}}