{"Constants": {},
 "Functions": {},
 "Info": {"SampleTime": 0.05, "ns": [10, 1], "ntot": 11},
 "Inputs": {"omega": {"dim": 1,
                      "ns": [0, 1],
                      "ntot": 1,
                      "sw": [0, 1],
                      "tw": [0, 0]},
            "theta": {"dim": 1,
                      "ns": [10, 0],
                      "ntot": 10,
                      "sw": [0, 0],
                      "tw": [-0.5, 0]},
            "torque": {"dim": 1,
                       "ns": [1, 0],
                       "ntot": 1,
                       "sw": [-1, 0],
                       "tw": [0, 0]}},
 "Minimizers": {"omega error": {"A": "SamplePart17",
                                "B": "omega_pred",
                                "loss": "mse"}},
 "Models": "pendulum",
 "Outputs": {"omega_pred": "Add14"},
 "Parameters": {"PFir3p": {"dim": 1,
                           "tw": 0.5,
                           "values": [[0.03213246539235115],
                                      [-0.021538889035582542],
                                      [0.053095363080501556],
                                      [0.34138908982276917],
                                      [0.11427462100982666],
                                      [0.6046465039253235],
                                      [0.38414159417152405],
                                      [0.5539029836654663],
                                      [0.856288731098175],
                                      [0.6727710962295532]]},
                "PFir4p": {"dim": 1,
                           "tw": 0.5,
                           "values": [[-0.8496224284172058],
                                      [-0.8890238404273987],
                                      [-0.730859100818634],
                                      [-0.47441890835762024],
                                      [-0.08027598261833191],
                                      [-0.009404491633176804],
                                      [0.10820397734642029],
                                      [0.8905107378959656],
                                      [1.0606800317764282],
                                      [0.9743391871452332]]},
                "PFir5p": {"dim": 1,
                           "sw": 1,
                           "values": [[0.14562338590621948]]}},
 "Relations": {"Add13": ["Add", ["Fir6", "Fir9"]],
               "Add14": ["Add", ["Add13", "Fir12"]],
               "Fir12": ["Fir", ["SamplePart11"], "PFir5p", null, 0],
               "Fir6": ["Fir", ["Sin5"], "PFir3p", null, 0],
               "Fir9": ["Fir", ["TimePart8"], "PFir4p", null, 0],
               "SamplePart11": ["SamplePart", ["torque"], [-1, 0]],
               "SamplePart17": ["SamplePart", ["omega"], [0, 1]],
               "Sin5": ["Sin", ["TimePart4"]],
               "TimePart4": ["TimePart", ["theta"], [-0.5, 0]],
               "TimePart8": ["TimePart", ["theta"], [-0.5, 0]]},
 "States": {}}