time,q1,q2,q3,q4,q5,q6,dq1,dq2,dq3,dq4,dq5,dq6,ddq1,ddq2,ddq3,ddq4,ddq5,ddq6,tau1,tau2,tau3,tau4,tau5,tau6
0.0,0.0,1.5,-1.0,-0.54,0.0,0.0,0.0,0.0,0.0,0.0,0.0,0.0,0.0,0.0,0.0,0.0,0.0,0.0,0.0,0.0,0.0,0.0,0.0,0.0
0.01,1.079600907280369e-06,1.5000011775318856,-0.999997736455609,-0.5399995358951809,1.255815282973628e-07,5.719264031297846e-09,0.000107960090728,0.0001177531885477,0.0002263544390986,4.641048191683369e-05,1.255815282973628e-05,5.719264031297847e-07,0.0147326684119331,0.0113789865495436,0.0341107503760401,-0.0080320166140193,0.0079674429784709,0.0107274564354753,0.0018195602200834,-4.0158974541056045,-4.595616913766523,-1.0315646640157463,0.0002090394705645,-0.0004860234026574
0.02,5.908106659447623e-06,1.5000062360661242,-1.0000337792147198,-0.5400069497470421,3.87691270855223e-07,3.4177812873628594e-08,0.0004828505752167,0.0005058534238553,-0.0036042759110873,-0.0007413851861229,2.6210974255786016e-05,2.8458548842330738e-06,0.0611040301068735,0.0912764268897111,-0.5819247249579954,0.0223424134720244,-0.0768024387741075,0.0670937263971776,0.0068039274536728,-4.048545266385591,-4.672246524272354,-1.0499789602033784,0.0005839479904174,-0.0004786722464116
0.03,1.632682037720777e-05,1.5000143592989374,-1.0001362068657846,-0.5400287766932746,9.643352403402016e-07,8.406789678845866e-08,0.001041871371776,0.0008123232813316,-0.0102427651064878,-0.0021826946232555,5.766439694849786e-05,4.989008391483007e-06,0.0875603744991251,0.1180669438000532,-0.9828784238030348,-0.0609097806557081,-0.0764309294450427,0.0671272966426555,0.0117641075508277,-4.0808562270703534,-4.748250641013392,-1.0682292846961805,0.0009568556183588,-0.0004712828124298
0.04,3.360418742621875e-05,1.5000226759335518,-1.0003243417726484,-0.5400696336099368,1.9839891523264694e-06,1.543696971779211e-07,0.001727736704901,0.0008316634614379,-0.0188134906863757,-0.0040856916662133,0.0001019653911986,7.030180038946244e-06,0.1055865186116788,0.1095472649533866,-1.2543889041672964,-0.1259179543569444,-0.0741038938766782,0.066863756575973,0.0166865101703517,-4.112440569301052,-4.823015603873444,-1.0861551908191125,0.0013268196594822,-0.0004637994172064
0.05,5.8599895502330966e-05,1.500027260745391,-1.0006111692201454,-0.5401326956347978,3.5351087176391694e-06,2.4431281628146645e-07,0.0024995708076112,0.0004584811839321,-0.0286827447497036,-0.0063062024861014,0.0001551119565312,8.994311910354531e-06,0.1177495624604627,0.080401366751802,-1.4340632486140346,-0.1715695574276297,-0.0719907793541682,0.0664926867913733,0.0215591439360676,-4.142905961825723,-4.895955676547611,-1.103604820820056,0.0016930515489044,-0.0004561679123256
0.06,9.18802653589351e-05,1.5000238043476462,-1.001004984494259,-0.5402200569990688,5.677529205099074e-06,3.53323232640038e-07,0.0033280369856604,-0.0003456397744796,-0.0393815274113634,-0.0087361364270971,0.0002142420487459,1.0901041635857152e-05,0.1257012858565034,0.0406537096805019,-1.546316591038057,-0.2026267293165187,-0.0699985508271667,0.0660168649635907,0.0263709666937834,-4.171863715692095,-4.966511464133938,-1.1204341341545456,0.0020548601448468,-0.0004483366279552
0.07,0.0001337996758664,1.5000080566142728,-1.0015105246117355,-0.5403329817069336,8.450645308690691e-06,4.809887048841185e-07,0.0041919410507502,-0.0015747733373399,-0.050554011747667,-0.0112924707864672,0.0002773116103591,1.2766547224408058e-05,0.13060294726111,-0.0029967075200138,-1.60782955418211,-0.2226992909786265,-0.0680142820951944,0.0654384659322075,0.0311115427329025,-4.198934133455028,-5.034149740057676,-1.1365066441986929,0.0024116194007227,-0.0004402569804938
0.08,0.0001845580122999,1.4999761160384404,-1.0021297521731864,-0.5404720778478479,1.187918521738366e-05,6.270358765632852e-07,0.0050758336433549,-0.0031940575832504,-0.0619227561450802,-0.0139096140914393,0.0003428539908692,1.460471716791667e-05,0.1332739200952572,-0.046120966100832,-1.6301270470346243,-0.2343029891456325,-0.0659571970653521,0.0647593619944134,0.0357708602542488,-4.223750894608036,-5.098364287002482,-1.1516934918344277,0.0027627489561705,-0.0004318839509234
0.09,0.0002442411936821,1.4999246141862903,-1.002862404652304,-0.5406374203388984,1.5977281280063548e-05,7.913142611528143e-07,0.0059683181382113,-0.0051501852149779,-0.0732652479117473,-0.0165342491050467,0.0004098096062679,1.6427838458952913e-05,0.1342924735878267,-0.0858339527891714,-1.621260102892679,-0.2391977428128031,-0.0637713567721374,0.06398108946059,0.0403392365700921,-4.245964614692616,-5.158677402101379,-1.1658737318895729,0.0031077020188734,-0.00042317651314
0.1,0.0003128497716465,1.499850828626136,-1.0037063859976725,-0.5408286390345397,2.0751337571716536e-05,9.7378404030727e-07,0.0068608577964493,-0.0073785560154447,-0.0843981345368246,-0.0191218695641344,0.0004774056291652,1.8246977915445583e-05,0.1340669605898311,-0.1203006398517171,-1.5869432250241415,-0.2386350336515192,-0.0614192200202614,0.0631048582177696,0.0448072739698725,-4.265245782211062,-5.214641796206252,-1.1789347459601134,0.0034459576371983,-0.0004140980371384
0.11,0.0003903191325537,1.4997527469819107,-1.0046580526729112,-0.5410449836899296,2.620204834414457e-05,1.1745057946903666e-06,0.0077469360907126,-0.009808164422522,-0.0951666675238827,-0.0216344655389837,0.0005450710772428,2.0072175438309635e-05,0.1328861713033508,-0.1484010130963216,-1.5313254835576304,-0.2335263202721167,-0.0588770016639251,0.0621315846321421,0.0491658463324609,-4.281287268853362,-5.2658426891416905,-1.1907727218974469,0.0037770157804132,-0.000404616670138
0.12,0.0004765338001183,1.499629097465514,-1.005712429433932,-0.5412853735516416,3.232581774157185e-05,1.3936310437444936e-06,0.008621466756465,-0.0123649516396657,-0.1054376761020841,-0.0240389861712,0.0006123769397427,2.19125249054127e-05,0.1309549346823897,-0.1695028622917559,-1.4575128298709863,-0.2245567920864246,-0.0561313231351178,0.0610619348402057,0.0534061050430936,-4.293806572027354,-5.311899958784915,-1.2012931585837974,0.0041003942971622,-0.0003947056910648
0.13,0.0005713376033103,1.499479356285251,-1.006863378699372,-0.5415484368245566,3.911575784098214e-05,1.6313929478775995e-06,0.0094803803192023,-0.0149741180262815,-0.1150949265440108,-0.0263063272914929,0.000678994009941,2.3776190413310588e-05,0.1284192734457603,-0.1833078797817939,-1.3679212579001925,-0.2122619273039321,-0.0531767787638988,0.0598963718765486,0.0575194971115028,-4.302547905765911,-5.352470242423611,-1.210411366964851,0.0044156271622294,-0.0003843438319308
0.14,0.0006745409557134,1.4993037389584345,-1.0081037395862755,-0.541832543545887,4.656239018699575e-05,1.8880968250969611e-06,0.0103203352403008,-0.0175617326816552,-0.1240360886903405,-0.0284106721330354,0.0007446632346013,2.5670387721936174e-05,0.1253841637415747,-0.1897475831447806,-1.2645149133139475,-0.1970787555775928,-0.0500141542193723,0.0586352037571033,0.0614977907190709,-4.307284215796925,-5.38724891740079,-1.2180529465677203,0.0047222636087314,-0.0003735155599933
0.15,0.0007859261254703,1.499103180267023,-1.00942544738557,-0.5421358342280427,5.465413927340956e-05,2.164110319497416e-06,0.0111385169756969,-0.020055869141166,-0.1321707799294418,-0.0303290682155714,0.0008091749086413,2.7601349440045444e-05,0.1219260605851786,-0.1889130999646279,-1.1489659128530303,-0.1793799106183753,-0.0466491098164624,0.0572786314518099,0.0653331047556976,-4.307819160081696,-5.415971907902487,-1.2241542222802593,0.0050198678538137,-0.00036221131561
0.16,0.0009052511151413,1.4988793060409085,-1.0108196406448342,-0.5424562458358766,6.337768044714927e-05,2.459853172956224e-06,0.011932498967097,-0.0223874226114421,-0.1394193259264368,-0.0320411607833868,0.0008723541173739,2.9574285345880796e-05,0.1181017189585989,-0.1810079589719731,-1.0227608604150031,-0.1594959745119935,-0.0430911943544683,0.055826796497203,0.0690179397253207,-4.30398906804181,-5.438417278588984,-1.2286626299513026,0.0053080191968507,-0.0003504277018543
0.17,0.0010322525868754,1.4986343989000257,-1.012276760568818,-0.5427915361216131,7.271818633553536e-05,2.7757866203829744e-06,0.0127001471734136,-0.0244907140883004,-0.1457119923983989,-0.0335290285736488,0.0009340505888386,3.1593344742675054e-05,0.1139543928837389,-0.1663164963377557,-0.8872710514152709,-0.1377298657510461,-0.03935309264087,0.0542798283142425,0.0725452079412111,-4.295664869557255,-5.454406585607098,-1.2315370420249283,0.0055863123178206,-0.0003381676230243
0.18,0.0011666481380297,1.4983713593750254,-1.013786645774216,-0.5431393069715607,8.2659502899468e-05,3.1124024696354018e-06,0.0134395551154284,-0.0263039525000066,-0.1509885205397844,-0.0347770849947498,0.0009941316563932,3.366158492524272e-05,0.109518177654162,-0.145182836221635,-0.7437979293992735,-0.1143658362891129,-0.0354500368174783,0.0526378913688211,0.075908261321104,-4.28275396786944,-5.463805962743807,-1.23274802636244,0.0058543576391027,-0.0003254403701142
0.19,0.0013081381400173,1.4980936633490751,-1.0153386242951032,-0.5434970271675736,9.318427701730956e-05,3.4702119502334005e-06,0.0141490001987629,-0.0277696025950335,-0.1551978520887369,-0.0357720196013009,0.0010524774117841,3.578094805979988e-05,0.1048210359264384,-0.1179969994210089,-0.5936016739776827,-0.0896748366968578,-0.0313993311994388,0.0509012322724697,0.0791009153950512,-4.265202017997956,-5.466526926032232,-1.232278032904147,0.0061117816415332,-0.00031226165214
0.2,0.0014564072876178,1.4978053164471654,-1.0169216039598936,-0.5438620547958044,0.0001042740509912,3.849734426838352e-06,0.0148269147600459,-0.028834690190976,-0.1582979664790467,-0.0365027628230771,0.0011089773973948,3.7952247660495104e-05,0.0998868896540191,-0.0851857767052433,-0.4379182966869196,-0.0639174596616467,-0.027219954680511,0.049070226835991,0.0821174683945407,-4.242994563524078,-5.462526884621568,-1.230121504052804,0.0063582270481902,-0.0002986535729291
0.21,0.0016111259593741,1.4975108057943665,-1.0185241617345369,-0.5442316594201371,0.0001159093347509,4.2514860781904295e-06,0.0154718671756261,-0.0294510652798926,-0.1602557774643133,-0.0369604624332612,0.0011635283759687,4.017516513520781e-05,0.0947370477861649,-0.0472067394703266,-0.2779689211382681,-0.037345297310363,-0.0229322153204087,0.04714542698413,0.0849527145235666,-4.216158479082406,-5.4518093495737405,-1.2262849057312917,0.0065933528090077,-0.0002846445536315
0.22,0.0017719514565044,1.4972150494367336,-1.0201346322716138,-0.5446030440605051,0.0001280696632506,4.67596864234443e-06,0.0160825497130308,-0.0295756357632923,-0.1610470537077042,-0.0371384640367973,0.0012160328499713,4.244825641540003e-05,0.0893911606705292,-0.0045442618378545,-0.1149637678032902,-0.010201290999289,-0.0185574395537168,0.0451276073290017,0.0876019507352994,-4.184763163225096,-5.434423835701637,-1.2207866770464346,0.0068168338371775,-0.0002702692017832
0.23,0.0019385291640714,1.4969233436447411,-1.0217411956675928,-0.5449733669652276,0.000140733644224,5.123658326190344e-06,0.0166577707567027,-0.0291705791992126,-0.1606563395979078,-0.0370322904722508,0.0012663980973398,4.476896838459136e-05,0.0838678365412703,0.0422932287264322,0.0498974230481219,0.0172805247430055,-0.0141176842857688,0.0430178110861719,0.0900609765599177,-4.148921426157854,-5.410465454766419,-1.213657097418664,0.0070283604651683,-0.0002555681282843
0.24,0.0021104936612456,1.4966413082831005,-1.0233319642743215,-0.5453397631334619,0.0001538789997969,5.594994972379888e-06,0.0171964497174194,-0.0282035361641166,-0.159076860672869,-0.0366396168234265,0.0013145355572892,4.713366461895439e-05,0.0781850164907975,0.0927753192914402,0.2154273331133925,0.0448756052733703,-0.0096354645006447,0.0408173949016735,0.0923260867536094,-4.108790018927844,-5.3800742013872895,-1.2049380709354138,0.0072276376045015,-0.0002405877141247
0.25,0.0022874697954571,1.4963748304213131,-1.0248950683108922,-0.545699365523298,0.0001674826042703,6.090371570543876e-06,0.017697613421151,-0.0266477861787039,-0.1563104036570656,-0.0359602389836117,0.0013603604473442,4.953765981639876e-05,0.0723601770433836,0.1463513811337245,0.3804545418803869,0.0723696130854376,-0.0051334922767962,0.0385280720427683,0.0943940567659101,-4.064569754738363,-5.34343393592392,-1.194682828564383,0.0074143836093314,-0.0002253798291245
0.26,0.0024690737267134,1.496130006368384,-1.0264187399611515,-0.5460493258690774,0.000181520519537,6.610124192509015e-06,0.0181603931256282,-0.0244824052929076,-0.1523671650259463,-0.0349960345779343,0.0014037915266621,5.197526219651394e-05,0.0664104104129489,0.2024523094207524,0.5438279571076693,0.0995591375023439,-0.0006344255545492,0.0361519532923709,0.0962621212500579,-4.016505178954184,-5.300771071379103,-1.1829555497229998,0.0075883288593351,-0.0002100015053411
0.27,0.0026549139424339,1.4959130823368656,-1.0278913956084823,-0.5463868350255302,0.000195968028988,7.154522423416703e-06,0.0185840215720465,-0.0216924031518334,-0.1472655647330785,-0.0337509156452815,0.0014447509451024,5.443982309076876e-05,0.0603524192750437,0.26049241880468,0.7044217936309122,0.1262523289818715,0.0038393731867273,0.0336915847814789,0.0979279460647195,-3.9648837518238738,-5.252352974027609,-1.1698309055391374,0.0077492140922263,-0.0001945145681426
0.28,0.0028445922391671,1.495730393971634,-1.0293017158448077,-0.5467091427544355,0.0002107996703407,7.723760352452191e-06,0.0189678296733222,-0.0182688365231507,-0.141032023632522,-0.0322307728905333,0.0014831641352728,5.6923792903548913e-05,0.0542024536639513,0.3198716206110292,0.8611408141570732,0.1522693923624851,0.0082660668728212,0.031149981902516,0.0993895944299626,-3.910034516751766,-5.198486089987692,-1.1553935269488,0.0078967885300655,-0.0001789852282493
0.29,0.0030377046650535,1.495588305014064,-1.03063872288928,-0.5470135768703897,0.0002259892675202,8.317948178511768e-06,0.0193112425886375,-0.0142088957569993,-0.133700704447231,-0.0304434115954126,0.0015189597179474,5.9418782605957686e-05,0.0479762111729039,0.3799779620617356,1.0129256296364215,0.1774429073116983,0.0126245600325354,0.0285306583747547,0.1006454880998033,-3.8523262368573934,-5.139513812288756,-1.139737401550407,0.0080308078560845,-0.0001634836383155
0.3,0.0032338424155532,1.495493145410037,-1.0318918550597076,-0.5472975616649886,0.0002415099615323,8.93710447774651e-06,0.0196137750499714,-0.0095159604026926,-0.1253132170427687,-0.028398479459891,0.0015520694012081,6.191562992347421e-05,0.0416887171015812,0.4401905729664452,1.1587579161388968,0.2016179623632421,0.0168946983270036,0.0258376494910783,0.1016943645921237,-3.7921649933045374,-5.07581410512705,-1.1229652038629911,0.0081510321095848,-0.0001480834178481
0.31,0.0034325926745413,1.4954511492083005,-1.0330510379535165,-0.5475586355326109,0.0002573342401459,9.58114917168438e-06,0.0198750258988087,-0.0041996201736667,-0.1159182893808903,-0.0261073867622349,0.0015824278613624,6.440446939378685e-05,0.0353541979290194,0.4998830374377337,1.2976654476681548,0.2246521027852619,0.0210574482310476,0.0230755285676469,0.1025352316686426,-3.729991250191072,-5.007796903915603,-1.105187564307181,0.0082572235752465,-0.0001328611504586
0.32,0.0036335393932022,1.4954683926323245,-1.034106752012828,-0.5477944677255424,0.0002734339661436,1.0249897226693804e-05,0.0200946718660948,0.0017243424024086,-0.1055714059311472,-0.0235832192931508,0.0016099725997738,6.68748055009423e-05,0.028985959046244,0.5584271854162007,1.428726875212972,0.2464151031763597,0.0250950536858094,0.0202494156544856,0.1031673203781038,-3.666276402379874,-4.935901311404715,-1.086522282833886,0.0083491447495522,-0.0001178958576027
0.33,0.0038362640000963,1.495550732742476,-1.0350500961685132,-0.5480028741710584,0.00028978040389,1.0943053108040718e-05,0.0202724606894112,0.0082340110151534,-0.094334415568527,-0.020840644551604,0.0016346437746374,6.931558813469148e-05,0.0225962757490504,0.6151972798412317,1.5510762050365137,0.2667885838703112,0.028991166763,0.0173649776461032,0.1035900380610029,-3.6015188342297257,-4.860592611558976,-1.0670934936574104,0.0084265564707224,-0.000103268453096
0.34,0.0040403460372014,1.4957037471347443,-1.0358728472797474,-0.5481818322880267,0.0003063442439969,1.1660206004818224e-05,0.020408203710513,0.0153014392268265,-0.0822751111234159,-0.0178958116968294,0.0016563840106862,7.171528967775067e-05,0.0161963048537216,0.6695745593689499,1.6639069460779483,0.2856654963168363,0.0327309497920941,0.0144284190637015,0.1038029227612089,-3.5362395284628647,-4.782359124016138,-1.047030787999694,0.0084892162993778,-8.906118279459726e-05
0.35,0.0042453637185517,1.4959326751463486,-1.0365675151078315,-0.548329494745432,0.0003230956259269,1.2400825835682631e-05,0.0205017681350283,0.0228928011604401,-0.0694667828084186,-0.0147662457405231,0.0016751381930015,7.406198308644078e-05,0.0097960228156491,0.720952083138044,1.7664759089030988,0.3029495069796262,0.036301146969555,0.0114464629603533,0.10380560049705,-3.470977275098272,-4.7017089228189874,-1.0264683021144485,0.0085368772349877,-7.535705390307056e-05
0.36,0.004450894410201,1.4962423610564055,-1.037127392585323,-0.548444202109845,0.0003400041584628,1.3164260039676872e-05,0.0205530691649301,0.0309685910056968,-0.0559877477491592,-0.0114707364413043,0.001690853253592,7.634342039942386e-05,0.0034041948159217,0.7687398129256945,1.8581066479265225,0.3185543121437559,0.0396901241603976,0.0084263216257061,0.1035977468113074,-3.40628354021583,-4.619166443705984,-1.0055437781292975,0.008569286848003,-6.223925841903651e-05
0.37,0.0046565150325378,1.4966371997807115,-1.0375466011634484,-0.5485244943331974,0.0003570389380753,1.3949731151501403e-05,0.0205620622336807,0.0394838724305953,-0.0419208578125473,-0.0080292223352373,0.0017034779612472,7.854711118245311e-05,-0.0029716221132547,0.812369858969438,1.9381925453177944,0.3324029174861707,0.0428878763845313,0.0053756570314228,0.1031790539465506,-3.342717063042705,-4.535269004579366,-0.9843976054179696,0.0085861868995087,-4.9790595240083646e-05
0.38,0.004861802388377,1.4971210855630404,-1.0378201310421684,-0.5485691210362538,0.0003741685653392,1.4756335156416293e-05,0.0205287355839152,0.0483885782328736,-0.0273529878720007,-0.0044626703056396,0.0017129627263888,8.06604004914888e-05,-0.0093250402435029,0.8513018086633967,2.0061995395669925,0.3444269164998061,0.0458860033170272,0.0023025312509467,0.1025492048807956,-3.28083825724191,-4.450563263854365,-0.9631718502916976,0.0085873135094162,-3.809289544884343e-05
0.39,0.005066333422661,1.4976973641607607,-1.0379438761080482,-0.5485770505469143,0.0003913611596715,1.5583040616512347e-05,0.0204531034283966,0.0576278597720293,-0.0123745065879724,-0.0007929510660515,0.0017192594332355,8.267054600960563e-05,-0.015650766285761,0.8850280522231804,2.061668504458224,0.3545658009574275,0.048677653990768,-0.0007846526024737,0.101707855310837,-3.221203498135666,-4.365601641249522,-0.9420092817801312,0.0085723979209254,-2.7226455249585845e-05
0.4,0.0052696854219313,1.4983687890098214,-1.0379146634252967,-0.5485474776559646,0.0004085843727874,1.6428688557335504e-05,0.0203351999270379,0.0671424849060771,0.0029212682751439,0.0029572890949753,0.0017223213115847,8.45647940823155e-05,-0.021944491558435,0.9130790162193392,2.1042172854487644,0.3627663346698639,0.051257442738391,-0.0038772180630762,0.1006546244897598,-3.164359381748695,-4.2809387252276565,-0.9210524011594294,0.0085411678935567,-1.726948095555716e-05
0.41,0.0054714361638968,1.4991374818331602,-1.0377302771451071,-0.5484798300561919,0.0004258054013866,1.7291993101726025e-05,0.0201750741965419,0.0768692823338741,0.0184386280189615,0.0067647599772579,0.001722102859927,8.633045443905222e-05,-0.0282027495334571,0.9350282145705154,2.1335424003981007,0.3689820189370802,0.0536213392178713,-0.0069662904675464,0.0993890956147141,-3.1108370438839508,-4.197127690764851,-0.9004424826830211,0.0084933497399072,-8.297550316552845e-06
0.42,0.0056711640293497,1.5000048981274596,-1.0373894767179554,-0.5483737734339853,0.0004429909996914,1.817154283616316e-05,0.019972786545292,0.0867416294299394,0.0340800427151609,0.0106056622206599,0.0017185598304762,8.79549734437136e-05,-0.0344227443049724,0.9504970271243622,2.1494204104490007,0.3731726744151942,0.0557665361042531,-0.0100428781466045,0.0979108262252802,-3.0611466278615262,-4.11471675043634,-0.8803186326843675,0.0084286710029019,-3.8309432837363e-07
0.43,0.0058684480903038,1.5009717979261594,-1.036892009313064,-0.5482292151857316,0.0004601074925423,1.9065802893792024e-05,0.0197284060954075,0.0966899798699766,0.0497467404891377,0.0144558248253706,0.001711649285086,8.942600576288617e-05,-0.040602154595689,0.9591591182830072,2.15170896483398,0.3753041597575191,0.0576912986747852,-0.0130979579901099,0.0962193688164813,-3.015771988021271,-4.034245660989256,-0.8608168738581282,0.0083468637512376,6.405096522977562e-06
0.44,0.0060628681894775,1.5020382221921298,-1.036238616369091,-0.5480463067346287,0.0004771207898323,1.997311773754907e-05,0.019442009917371,0.1066424265970344,0.0653392943973034,0.0182908451102877,0.0017013297290021,9.07314843757045e-05,-0.0467389188229139,0.9607444121828678,2.1403475206870084,0.3753482424206744,0.059394801042995,-0.0161225635440339,0.0943143015992052,-2.9751657126169784,-3.9562423066472174,-0.8420692610948168,0.0082476684515354,1.2002337861857957e-05
0.45,0.0062540050270926,1.5032034751419796,-1.0354310342206003,-0.5478254444270613,0.0004939964031029,2.0891714626286007e-05,0.0191136837615184,0.1165252949849783,0.0807582148490703,0.0220862307567426,0.0016875613270608,9.18596888736938e-05,-0.052831007461086,0.9550425466294598,2.115357735797289,0.3732826316154405,0.0608769541925748,-0.0191078736838282,0.0921952690605649,-2.939744544368169,-3.8812193793832224,-0.8242030347538638,0.0081308383570499,1.634848542575939e-05
0.46,0.0064414402713554,1.5044661127462942,-1.0344719887663043,-0.5475672689915506,0.0005106994651467,2.181970774641e-05,0.0187435244262762,0.1262637604314651,0.0959045454295806,0.0258175435510698,0.0016703062043836,9.279931201239895e-05,-0.0588761894372424,0.94190573521859,2.076843528871715,0.3690911776532726,0.0621382312080592,-0.022045299864833,0.0898620316943654,-2.9098852697837785,-3.8096711753248,-0.8073398167214209,0.0079961443352602,1.9388334352494972e-05
0.47,0.0066247567089223,1.505823937586991,-1.0333651841677662,-0.5472726635476032,0.0005271947534562,2.2755102991205253e-05,0.018331643756691,0.135782484069692,0.1106804598538237,0.0294605443947487,0.0016495288309457,9.353952447952566e-05,-0.0648717995649634,0.9212509757272838,2.024990798516592,0.3627642360013325,0.0631794951857336,-0.0249265699796355,0.0873145239948227,-2.885921139576193,-3.742070525334885,-0.7915948540232,0.0078433800409284,2.1071981005654533e-05
0.48,0.0068035384511221,1.5072740001853762,-1.0321152855914664,-0.5469427501566432,0.0005434467183234,2.3695803369580383e-05,0.0178781742199747,0.1450062598384996,0.1249898576299844,0.0329913390959993,0.0016251964867199,9.407003783751296e-05,-0.0708145140544814,0.893061552801146,1.9600667890144088,0.354299188388179,0.0640018352284802,-0.0277438069539063,0.0845529195430336,-2.8681388722325707,-3.678865876656061,-0.7770763141606802,0.007672367327863,2.1355145009329226e-05
0.49,0.0069773712107111,1.5088126068434191,-1.0307278960331228,-0.5465788849127116,0.0005594195163386,2.4639615025411203e-05,0.0173832759589061,0.1538606658043136,0.1387389558343502,0.0363865243931658,0.0015972798015175,9.438116558308194e-05,-0.0767001409329154,0.8573877940497222,1.8824190882761724,0.3437011074424063,0.0646064156780918,-0.0304896003806137,0.0815777017739882,-2.856776281333578,-3.62047854132342,-0.7638846357226159,0.0074829617822329,2.0199449622775143e-05
0.5,0.0071458426625149,1.5104353339673675,-1.0292095272910435,-0.5461826515768139,0.0005750770499512,2.558425384784886e-05,0.0168471451803749,0.162272712394823,0.1518368742079199,0.0396233335897663,0.0015657533612638,9.446388224376556e-05,-0.0825234317791896,0.8143470507265217,1.7924742412976986,0.3309835457005148,0.064994343321404,-0.0331570697186829,0.0783897388008759,-2.8520205547727846,-3.567300125847207,-0.7521119372042832,0.0072750582533358,1.7572659082951722e-05
0.51,0.0073085428994795,1.5121370487682722,-1.027567565185211,-0.5457558537657548,0.0005903830136546,2.652735265188218e-05,0.0162700236964647,0.1701714800904671,0.1641962105832581,0.0426797811059096,0.0015305963703412,9.430988040333196e-05,-0.0882779205405634,0.7641228870320961,1.6907359611964947,0.3161694245959179,0.0651665567296037,-0.0357399178549271,0.0749903605017251,-2.85400720093072,-3.519690155443442,-0.7418414863554257,0.007048596254624,1.3448872070777134e-05
0.52,0.007465064993484,1.513911936159584,-1.0258102291507372,-0.545300505714021,0.0006053009472333,2.746646890704313e-05,0.0156522094004464,0.177488739131178,0.1757336034473722,0.0455348051733731,0.0014917933578713,9.391162551609505e-05,-0.0939557943759707,0.7069634755426513,1.5777829196037303,0.2992919943445091,0.0651237411657316,-0.0382324741330691,0.071381435949189,-2.8628196634159853,-3.4779739048478917,-0.7331472317844674,0.0068035651088008,7.808671006596414e-06
0.53,0.0076150056677937,1.5157535315989417,-1.023946526368223,-0.5448188216357736,0.0006197942963778,2.8399092990404622e-05,0.0149940674309732,0.1841595439357712,0.186370278251423,0.0481684078247427,0.0014493349144485,9.326240833614928e-05,-0.0995478004958817,0.643179210114216,1.4542660989424352,0.2803958316096828,0.0648662716449876,-0.0406297262752252,0.0675654491946687,-2.8784895925399683,-3.442440446484804,-0.7260933979807893,0.0065400087160349,6.392274407636834e-07
0.54,0.007757966085349,1.5176547595509522,-1.02198620062922,-0.5443132037232378,0.0006338264808268,2.9322656937937905e-05,0.0142960417555253,0.1901227952010484,0.1960325739003154,0.050561791253576,0.001403218444902,9.235639475332835e-05,-0.1050431918737236,0.5731395616105093,1.3209056909945356,0.2595378386206475,0.0643941857802856,-0.0429273409451007,0.0635455714085813,-2.900997748585153,-3.4133409254736926,-0.7207341443867918,0.0062580298337547,-8.065635636288638e-06
0.55,0.0078935527542434,1.5196079771814104,-1.0199396761721782,-0.5437862288276819,0.0006473609700486,3.0234543665886855e-05,0.0135586668894473,0.1953217630458101,0.2046524457041732,0.052697489555586,0.0013534489221803,9.118867279489543e-05,-0.1104297135281451,0.497269215700409,1.1784875291804635,0.2367882051121315,0.0637071870245888,-0.0451216730120289,0.0593257274330215,-2.9302754995017883,-3.390887069642732,-0.7171132886639853,0.0059577937698404,-1.830542319767518e-05
0.56,0.0080213785488457,1.521605022832287,-1.017817996762591,-0.543240633879648,0.0006603613663227,3.113209663110932e-05,0.0127825794602211,0.1997045650876679,0.2121679409586874,0.0545594948033847,0.0013000396274043,8.975529652224561e-05,-0.1156936298588906,0.4160435454948291,1.0278590461141035,0.2122312931861047,0.0628046778679837,-0.0472097638582805,0.0549106549223935,-2.966206864252574,-3.375249941374717,-0.7152640938579267,0.0056395314079118,-3.0072987419284212e-05
0.5700000000000001,0.0081410638421271,1.5236372687720992,-1.0156327603300803,-0.542679300116025,0.0006727914949379,3.201262989637546e-05,0.0119685293281468,0.2032245939812137,0.2185236432511036,0.0561333763622961,0.0012430128615186,8.805332652661466e-05,-0.120819792302581,0.3299834846667482,0.8699247531967862,0.1859664049999865,0.061685821501204,-0.0491893293200454,0.0503059544300501,-3.008631042924014,-3.3665589367409585,-0.7152091187791578,0.0053035415032302,-4.335458441175077e-05
0.58,0.0082522377419704,1.5256956776690518,-1.0133960495143697,-0.5421052361927762,0.0006846155010853,3.2873438563458534e-05,0.011117389984326,0.2058408896952703,0.223671081571065,0.0574063923248872,0.0011824006147426,8.608086670830758e-05,-0.1257917453991708,0.2396498786194962,0.7056412451576244,0.1581083941573022,0.0603496294617539,-0.0510587380532084,0.0455181290396954,-3.0573453662080707,-3.364901035983052,-0.716960130583768,0.0049501922097164,-5.812996569923046e-05
0.59,0.0083545394216148,1.5277708621955752,-1.011120358510896,-0.5415215602734802,0.0006957979528968,3.3711809533570586e-05,0.0102301679644459,0.2075184526523383,0.2275691003473542,0.0583675919295989,0.0011182451811482,8.383709701120501e-05,-0.1305918682636638,0.145637401945627,0.5360117393883875,0.1287880838103272,0.0587950718734667,-0.0528169812704285,0.040554612431382,-3.112108590154061,-3.370320307987148,-0.7205180782582437,0.0045799218218686,-7.437250137147652e-05
0.6,0.0084476195320327,1.5298531471433734,-1.0088185166445165,-0.5409314811951181,0.000706303949968,3.452503255136218e-05,0.0093080110417837,0.2082284947798236,0.2301841866379866,0.0590079078362026,0.0010505997071192,8.132230177915892e-05,-0.1352015474771665,0.0485681395503772,0.3620801674750967,0.0981524577499843,0.0570212061162683,-0.0544636348988048,0.0354237846025338,-3.172644457373913,-3.382817669968979,-0.7258731254880244,0.0041932387389485,-9.204933159583696e-05
0.61,0.0085311416819752,1.5319326334084975,-1.00650360913576,-0.540338278823525,0.0007160992366091,3.531041148540001e-05,0.0083522149942474,0.2079486265124393,0.2314907508756299,0.0593202371593144,0.000979528664114,7.853789340378315e-05,-0.1396013765781267,-0.0509150638834725,0.184924844275726,0.0663645951479039,0.0550273191524735,-0.0559988152660099,0.0301349748212895,-3.238645443267812,-3.4023509021609835,-0.7330047412151093,0.0037907206816731,-0.0001111215430328
0.62,0.008604783969746,1.5339992631966788,-1.0041888955576146,-0.5397452837214066,0.0007251503189892,3.606527579484408e-05,0.0073642287770849,0.2066629788181056,0.2314713578145354,0.0592995102118382,0.0009051082380079,7.548643094440713e-05,-0.143771376675466,-0.1521553762043381,0.005651747995116,0.0336033250189349,0.0528130783165847,-0.0574231294368814,0.0246984517575023,-3.309776605373665,-3.4288349158793063,-0.7418818460633935,0.0033730132127929,-0.0001315443666596
0.63,0.0086682405494846,1.536042885800414,-1.0018877265112278,-0.5391558562615735,0.0007334245852818,3.6786992129048414e-05,0.0063456579738601,0.2043622603735206,0.2301169046386743,0.0589427459833102,0.0008274266292636,7.217163342043329e-05,-0.1476912322410777,-0.2544887591042504,-0.1746125472732067,6.258274357784366e-05,0.0503786851652487,-0.0587376213044971,0.019125401099802,-3.3856794556163896,-3.462142271962856,-0.7524630127261223,0.0029408276313962,-0.0001532673935695
0.64,0.0087212232139044,1.5380533233110794,-0.9996134590755172,-0.5385733653268395,0.0007408904278839,3.747297600408654e-05,0.0052982664419754,0.2010437510665265,0.2274267435710553,0.0582490934733959,0.0007465842602059,6.859838750381267e-05,-0.1513405358836805,-0.3572506452922639,-0.354728237408438,-0.0340495419546504,0.0477250269905521,-0.0599437144929367,0.0134278913090324,-3.465975778960851,-3.502103945234952,-0.7646967183619438,0.0024949383257374,-0.0001762348054878
0.65,0.0087634629750433,1.5400204356513365,-0.9973793716078496,-0.5380011667456673,0.0007475173667609,3.812070349782735e-05,0.0042239761138939,0.1967112340256959,0.2234087467667525,0.0572198581172212,0.0006626938877008,6.477274937408066e-05,-0.1546990358658963,-0.4597824006502447,-0.5335498963135499,-0.0685120686265929,0.0448538208211012,-0.0610431530681434,0.007618828463737,-3.5502713276099733,-3.548510329355841,-0.7785216470277185,0.0020361796801778,-0.0002003856170054
0.66,0.0087947116246401,1.5419341843448178,-0.9951985784901448,-0.5374425816189154,0.0007532761729758,3.872772290322414e-05,0.0031248649596785,0.1913748693481419,0.2180793117704956,0.0558585126751835,0.0005758806214937,6.070194053967934e-05,-0.1577468803004812,-0.5614374654558629,-0.7099342636936159,-0.1030926964032246,0.0417677451582449,-0.0620379409811712,0.0017119014086604,-3.6381593272356576,-3.601112475225775,-0.7938670401801685,0.0015654426380031,-0.0002256539268882
0.67,0.0088147432562298,1.5437846944807163,-0.9930839454264888,-0.5369008746977847,0.0007581389914788,3.929166627798416e-05,0.002003163158966,0.1850510135898597,0.2114633063656018,0.0541706921130721,0.0004862818502978,5.6394337476002034e-05,-0.1604648523408406,-0.6615870763979596,-0.8827481448553488,-0.137549668069389,0.0384705552972032,-0.0629302810964988,-0.0042784813884249,-3.7292237405327855,-3.659623554975171,-0.8106530932969112,0.0010836710232315,-0.0002519691762425
0.68,0.008823355731925,1.5455623143794728,-0.9910480059042404,-0.5363792329761252,0.0007620794622726,3.981026082779919e-05,0.0008612475695267,0.177761989875647,0.2035939522248495,0.0521641721659486,0.0003940470793782,5.185945498150289e-05,-0.1628345912486041,-0.759625481324622,-1.050876350783612,-0.1716339070192365,0.0349671788343338,-0.0637225145938643,-0.0103372617403974,-3.823042243355305,-3.7237205425493576,-0.8287913966926755,0.0005918577210895,-0.000279256411796
0.6900000000000001,0.008820372078063,1.54725767252104,-0.9891028794303922,-0.5358807446615457,0.0007650728391208,4.028134005987023e-05,-0.0002983653862055,0.1695358141567197,0.1945126473848133,0.049848831457953,0.0002993376848215,4.710792320710334e-05,-0.1648387949531201,-0.8549745712539611,-1.2132296040036168,-0.2050913986686184,0.031263788824733,-0.0644170614736258,-0.0164488068201509,-3.919188879509263,-3.7930461009649057,-0.848185418630875,9.104080888644031e-05,-0.0003074365530711
0.7000000000000001,0.0088056417953934,1.5488617313577937,-0.9872601921484764,-0.5354083786891816,0.0007670961050294,4.0702854643565896e-05,-0.0014730282669546,0.1604058836753654,0.1842687281915755,0.0472365972364079,0.0002023265908539,4.2151458369567085e-05,-0.1664614005839306,-0.947087868859836,-1.3687523343943917,-0.2376657808833346,0.0273678529883033,-0.065016362851882,-0.0225969878491365,-4.017236371606154,-3.8672106654830216,-0.8687310288469524,-0.0004177002829064,-0.000336426662752
0.71,0.0087790420711972,1.5503658376985228,-0.98553100042852,-0.5349649649394976,0.000768128083804,4.107288291571741e-05,-0.0026599724196194,0.1504106340729071,0.1729191719956552,0.0443413749683974,0.0001031978774686,3.7002827215152086e-05,-0.1676877404217964,-1.035453829045055,-1.516430289177343,-0.2691011017905031,0.0232881583233958,-0.0655228256994434,-0.0287652609146288,-4.1167580768836,-3.945794711208183,-0.890317060601327,-0.0009332485147678,-0.0003661402200705
0.72,0.0087404788825747,1.551761769416421,-0.983925718003565,-0.5345531753171232,0.000768149547066,4.138964096926248e-05,-0.0038563188622523,0.1395931717898251,0.1605282424954963,0.0411789622374405,2.1463261990367248e-06,3.167580535450604e-05,-0.1685046717368481,-1.11959842488155,-1.6552978827522518,-0.2991446981396972,0.019034811432175,-0.0659387706530464,-0.0349367485812845,-4.217329588249119,-4.028351192968648,-0.9128259093603788,-0.0014544528404269,-0.0003964873975262
0.73,0.0086898879820615,1.55304177830092,-0.9824540472012604,-0.5341755058414926,0.0007671433161874,4.165149226568432e-05,-0.0050590900513194,0.1280008884499107,0.1471670802304563,0.0377669475630558,-0.000100623087861,2.61851296421845e-05,-0.168900680021685,-1.1990870106206246,-1.7844452148201506,-0.3275501432870609,0.0146192157503916,-0.0662663835115706,-0.0410943211576485,-4.318529991686927,-4.114408144756991,-0.9361341661587904,-0.0019801316393731,-0.0004273753416986
0.74,0.0086272357586347,1.5541986289388583,-0.9811249147883082,-0.5338342598920609,0.00076509435869,4.185695671391858e-05,-0.0062652223426838,0.1156850637938355,0.1329132412952197,0.0341245949431698,-0.0002048957497417,2.0546444823426384e-05,-0.1688659561397769,-1.2735254720922329,-1.9030246891939795,-0.3540802110816941,0.0100540276691923,-0.0665076710127325,-0.0472206767092372,-4.419942801305131,-4.203471425487924,-0.960113283621754,-0.0025090759710201,-0.0004587084592884
0.75,0.0085525199689948,1.5552256335732275,-0.9799464129095248,-0.5335315327412106,0.000761989878727,4.20047191610797e-05,-0.0074715789639885,0.1027004634369323,0.1178501878783558,0.0302727150850376,-0.0003104479963024,1.4776244716111394e-05,-0.1683924488533942,-1.3425606930365008,-2.010257170715467,-0.3785098004436573,0.0053530942077097,-0.0666644214659036,-0.0532984191619249,-4.521156602444764,-4.295027597349987,-0.9846302725183786,-0.0030400526607684,-0.0004903887098197
0.76,0.0084657703356873,1.556116682946047,-0.9789257455624236,-0.533269197496795,0.0007578194013379,4.209363724344527e-05,-0.0086749633307518,0.0891049372819553,0.102066734710116,0.0262335244415522,-0.0004170477389077,8.891808236556624e-06,-0.167473895031635,-1.4058803831550313,-2.105437623580513,-0.4006287653339608,0.0005313754175331,-0.0667381707877101,-0.05931013409725,-4.6217654412171365,-4.388546922569216,-1.009548426576676,-0.0035718072454332,-0.000522315906644
0.77,0.0083670490101025,1.5568662731844052,-0.9780691810031052,-0.5330488925637553,0.0007525748502288,4.212274854958143e-05,-0.0098721325584741,0.0749590238358115,0.085656455931823,0.0220304933039732,-0.0005244551109102,2.911130613616768e-06,-0.1661058305335655,-1.4632123293660917,-2.187940180941509,-0.4202445960912353,-0.0043951449422716,-0.0667301744449133,-0.0652384620898044,-4.721369005419304,-4.483486463949471,-1.0347280731157158,-0.0041030668202849,-0.0005543880279939
0.78,0.0082564508996308,1.5574695288342038,-0.9773820104304426,-0.5328720107205837,0.0007462506188803,4.209127705124398e-05,-0.0110598110471682,0.0603255649798576,0.0687170572662671,0.0176881843171681,-0.0006324231348533,-3.1471498337453066e-06,-0.1642855852859565,-1.5143231453789012,-2.2572226027038247,-0.4371849006879849,-0.0094095567378222,-0.0666413857509496,-0.0710661696620044,-4.819572646880091,-4.579293274090211,-1.060027346843062,-0.004632542841586,-0.0005865015398426
0.79,0.0081341038592157,1.5579222221837064,-0.9768685132437231,-0.5327396898918042,0.0007388436348249,4.199863876169817e-05,-0.0122347040415141,0.0452693349502555,0.0513497186719318,0.0132320828779414,-0.0007406984055341,-9.263828954580948e-06,-0.1620122664088914,-1.5590166058156374,-2.3128300857598134,-0.4512996383120811,-0.014494125071386,-0.0664724408834921,-0.076776218120938,-4.915987298836608,-4.675407657696318,-1.085302983928163,-0.0051589339464612,-0.0006185517322339
0.8,0.0080001687482377,1.5582207890479556,-0.976531929114706,-0.532652805682304,0.0007303534169612,4.184444658531562e-05,-0.0133935110977967,0.0298566864249169,0.0336584129017164,0.0086884209500149,-0.0008490217863691,-1.541921763825555e-05,-0.1592867333732658,-1.5971316593433371,-2.3543983983433767,-0.4624630626214543,-0.0196303926041565,-0.0662236508966157,-0.082351830685617,-5.010229343897852,-4.771266490878101,-1.1104111331985893,-0.0056809288558522,-0.0006504330705558
0.81,0.0078548393540744,1.5583623412051106,-0.9763744370591196,-0.5326119657235007,0.0007207821257829,4.162851432668289e-05,-0.0145329394163325,0.014155215715497,0.0157492055586326,0.0040839958803353,-0.0009571291178371,-2.1593225863272538e-05,-0.1561115690983638,-1.628540220375435,-2.381656317570934,-0.4705753379406658,-0.0247992793452898,-0.0658950008852056,-0.0877765584035197,-5.101920488521043,-4.866306580789839,-1.135208181020923,-0.006197209426045,-0.0006820395629516
0.8200000000000001,0.0076983421838372,1.5583446756866743,-0.9763971416356452,-0.5326175058651936,0.0007101346064024,4.135085983195134e-05,-0.0156497170237209,-0.0017665518436185,-0.0022704576525301,-0.0005540141692998,-0.0010647519380487,-2.776544947315487e-05,-0.1524910506207916,-1.6531448407187854,-2.3944273564337677,-0.4755637984143792,-0.0299811771238017,-0.0654861563327617,-0.0930343453884856,-5.190687698743564,-4.959968048375012,-1.1595515861276433,-0.0067064539098504,-0.0007132651446996
0.8300000000000001,0.0075309361257218,1.5581662811256456,-0.9766000663430008,-0.532669488230726,0.0006984184242357,4.101170723973219e-05,-0.0167406058115369,-0.0178394561028855,-0.0202924707355646,-0.0051982365532396,-0.0011716182166682,-3.391525922191498e-05,-0.1484311225019127,-1.6708763610567618,-2.392630773428273,-0.4773838274745348,-0.035156036540461,-0.0649964765351988,-0.0981095938865202,-5.276163249243313,-5.051697716383352,-1.183300720342257,-0.0072073404802032,-0.0007440040799625
0.84,0.0073529119811639,1.5578263413603304,-0.976982154228512,-0.5327677011369846,0.0006856438931916,4.061148832346136e-05,-0.0178024144557911,-0.0339939765315305,-0.0382087885511381,-0.0098212906258559,-0.0012774531044134,-4.002189162708287e-05,-0.143939375511776,-1.6816916374662263,-2.376281864580497,-0.4760193427807859,-0.0403034448711472,-0.0644250348516829,-0.1029872295937387,-5.357984933733636,-5.140952484213087,-1.2063177108447392,-0.0076985510571157,-0.0007741513808133
0.85,0.0071645918686281,1.557324736477644,-0.9775412756650584,-0.5329116608649852,0.0006718240961801,4.015084291179502e-05,-0.0188320112535861,-0.0501604882686191,-0.055912143654624,-0.0143959728000624,-0.0013819797011413,-4.606454116663383e-05,-0.1390250323619743,-1.6855714304789846,-2.3454915438159687,-0.4714828798067731,-0.0454026941316814,-0.0637706453923019,-0.1076527675161657,-5.435796479347142,-5.227202670529484,-1.228468279316083,-0.0081787754641251,-0.0008036032429114
0.86,0.0069663284994364,1.556662041459196,-0.9782742431981086,-0.5331006152515009,0.0006569748977197,3.963061837822327e-05,-0.0198263369191688,-0.0662695018447987,-0.0732967533050313,-0.0188954386515634,-0.0014849198460479,-5.202245335717502e-05,-0.1336989413927818,-1.6825185338271391,-2.3004652234268623,-0.4638152753259792,-0.0504328392874606,-0.0630318956227723,-0.1120923784818222,-5.509248201156533,-5.309935304041259,-1.249622573012737,-0.0086467159232723,-0.0008322574966352
0.87,0.0067585043256307,1.5558395225674595,-0.9791768333111792,-0.5333335490575561,0.0006411149483824,3.905186819568424e-05,-0.0207824173805651,-0.0822518891736396,-0.0902590113070634,-0.0232933806055242,-0.0015859949337217,-5.787501825390342e-05,-0.1279735781896231,-1.6725562073572016,-2.241501011818917,-0.4530849599804458,-0.055372747368623,-0.0622071842485625,-0.1162929562010733,-5.5779979254671295,-5.3886573423059545,-1.2696559825574971,-0.009101091879004,-0.0008600140718953
0.88,0.0065415305595299,1.554859131579213,-0.9802438149069346,-0.5336091910557821,0.0006242656807855,3.8415849556505417e-05,-0.0216973766100814,-0.0980390988246739,-0.1066981595755326,-0.0275641998225976,-0.0016849267596942,-6.360186391788198e-05,-0.1218630541523812,-1.6557269641298678,-2.168987250810315,-0.4393868767257416,-0.0602011389997807,-0.0612947636464723,-0.1202421845331704,-5.64171220215736,-5.462898798013263,-1.288449941001485,-0.0095406451220175,-0.0008867754742652
0.89,0.0063158460644561,1.5537234979406025,-0.9814689842527488,-0.5339260227657266,0.0006064512967986,3.772402006247816e-05,-0.0225684495073838,-0.1135633638610887,-0.12251693458142,-0.031683170994452,-0.0017814383986925,-6.91829494027257e-05,-0.1153831301103105,-1.632091745956486,-2.083399419530098,-0.4228410490977481,-0.0648966245444873,-0.0602927860416822,-0.1239286043682239,-5.700067817315755,-5.532215751891441,-1.3058926985205723,-0.0099641451648311,-0.000912447269499
0.9,0.0060819161161244,1.5524359188841192,-0.9828452060942288,-0.5342822887543607,0.0005876987456182,3.697803349427275e-05,-0.023392994833165,-0.1287579056483065,-0.137622184148012,-0.0356265988634028,-0.0018752551180335,-7.459865682054121e-05,-0.1085512322080246,-1.601729505105269,-1.985296436480496,-0.4035908297483406,-0.0694377376660998,-0.0591993525878125,-0.1273416792883114,-5.752753607914693,-5.596193231227503,-1.3218800669669408,-0.0103703948026165,-0.0009369385729572
0.91,0.0058402310344699,1.551000347513969,-0.9843644605983284,-0.5346760084083081,0.000568037692343,3.617973467371691e-05,-0.0241685081654483,-0.1435571370150257,-0.1519254504099347,-0.0393719653947463,-0.0019661053275237,-7.982988205558367e-05,-0.1013864665242154,-1.5647371931914875,-1.8753163955927976,-0.3818008654761637,-0.0738029695929455,-0.0580125644964185,-0.1304718589431438,-5.799472570472188,-5.654447933015965,-1.3363161284098952,-0.0107582357763991,-0.0009601625399635
0.92,0.005591304686265,1.549421378834169,-0.9860178957495648,-0.5351049890748302,0.0005475004766844,3.53311534366836e-05,-0.0248926348204898,-0.1578968679800117,-0.1653435151236573,-0.0428980666522044,-0.0020537215658584,-8.48581237033315e-05,-0.0939096282618712,-1.5212301418812,-1.7541717761541966,-0.3576548198717848,-0.0779708077209019,-0.0567305753837619,-0.1333106388784135,-5.8399442457936335,-5.706630770981241,-1.349113901776423,-0.0111265544419103,-0.0009820368526652
0.93,0.0053356728597908,1.5477042336646218,-0.9877958847887762,-0.5355668404603781,0.0005261220614655,3.443449773846272e-05,-0.025563182647418,-0.1717145169547344,-0.1777989039211348,-0.046185138554791,-0.002137841521893,-8.966556982208778e-05,-0.0861432008996046,-1.471342804495602,-1.6226441702971306,-0.3313528986508629,-0.0819197823684017,-0.0553516440486583,-0.1358506154013583,-5.873907352173921,-5.752429226179087,-1.3601959617471593,-0.0114742873368184,-0.0010024841985961
0.94,0.0050738915140731,1.5458547403655571,-0.9896880882540204,-0.5360589901686348,0.0005039399705921,3.349214591752696e-05,-0.0261781345717793,-0.1849493299064774,-0.1892203465244357,-0.0492149708256679,-0.0022182090873421,-9.423518209357586e-05,-0.0781113404458658,-1.4152298133578165,-1.481578575304748,-0.3031092256826824,-0.0856285255020942,-0.0538741869685859,-0.1380855339693208,-5.901122630100324,-5.791569481592901,-1.3694950041825051,-0.0118004265323702,-0.0010214327358424
0.95,0.0048065349067755,1.5438793142712093,-0.9916835201578594,-0.5365787002544188,0.0004809942162372,3.250663814754809e-05,-0.0267356607297574,-0.1975426094347768,-0.1995431903838934,-0.0519710085783961,-0.0022945754354889,-9.85507769978864e-05,-0.069839839912373,-1.3530672951775462,-1.331877301254646,-0.2731491195585853,-0.0890758450615177,-0.0522968298907205,-0.1400103295519764,-5.921375852753137,-5.82381832211513,-1.3769543525502852,-0.0121040246530465,-0.0010388165395079
0.96,0.0045341936067373,1.541784934720262,-0.9937706178144652,-0.5371230846656352,0.0004573272150527,3.1480667111385484e-05,-0.027234130003818,-0.2094379550947473,-0.2087097656605669,-0.0544384411216438,-0.0023667001184496,-0.0001025971036162,-0.0613560693340419,-1.2850543762473088,-1.1744935474205165,-0.2417063213283903,-0.0922408181246433,-0.0506184579953086,-0.14162115745255,-5.934480948676836,-5.848984782551237,-1.382528400103158,-0.0123841994499465,-0.0010545760240739
0.97,0.0042574723993003,1.539579119564114,-0.9959373148138672,-0.5376891274426154,0.0004329836933178,3.0417067934562225e-05,-0.0276721207437025,-0.2205815156147911,-0.2166696999402065,-0.056604277698029,-0.0024343521734841,-0.0001063599176823,-0.0526888871160574,-1.2114148009841956,-1.0104247033169411,-0.2090202236538765,-0.0951029055724137,-0.0488382642138187,-0.1429154131805494,-5.940283176103447,-5.86692152780473,-1.386182982911892,-0.0126401378203378,-0.0010686583362532
0.98,0.0039769880949422,1.5372698970348584,-0.9981711166292144,-0.538273701542661,0.0004080105810491,2.9318807419479125e-05,-0.0280484304358047,-0.2309222529255491,-0.2233801815347184,-0.0584574100045485,-0.0024973112268788,-0.0001098260515083,-0.0438685191816227,-1.1323985815661075,-0.8407054321972165,-0.17533315021051,-0.0976420901400552,-0.046955795382259,-0.1438917401476122,-5.938662282751896,-5.877525951191219,-1.3878956792991048,-0.0128710991770269,-0.0010810177130581
0.99,0.003693367254236,1.5348657748632129,-1.0004591783361352,-0.5388735881573521,0.0003824568952278,2.818897262530425e-05,-0.0283620840706206,-0.2404122171645451,-0.2288061706920963,-0.0599886614691126,-0.0025553685821207,-0.0001129834794174,-0.034926403314777,-1.0482835931795451,-0.666400596111115,-0.1408877316917687,-0.099839038802373,-0.0449709959947951,-0.1445500242046451,-5.92953558068219,-5.880740978874086,-1.3876560317348785,-0.0130764180866052,-0.0010916158000354
1.0,0.0034072438447006,1.5323757065525168,-1.0027883839210403,-0.5394854963911346,0.0003563736124526,2.7030758842127343e-05,-0.0286123409535399,-0.2490068310696067,-0.2329205584905354,-0.06119082337825,-0.0026083282775278,-0.0001158213783176,-0.0258949972197241,-0.9593770287352694,-0.488598082221051,-0.1059244212814261,-0.1016752893571437,-0.0428842493856184,-0.1448913743445494,-5.912860863103159,-5.876555570693253,-1.385465687846692,-0.0132555061146989,-0.0011004219249711
1.01,0.0031192568476022,1.529809054738057,-1.005145426657344,-0.5401060831717681,0.0003298135314797,2.584745701159132e-05,-0.0287986997098419,-0.256665181445972,-0.2357042736303418,-0.0620586780633493,-0.0026560080972897,-0.0001183301830536,-0.0168075501203508,-0.866016628765808,-0.3084015898497076,-0.0706791881522685,-0.1031334598800522,-0.0406964162010608,-0.144918089249228,-5.888639089037739,-5.865004910144206,-1.3813384578557748,-0.013407852838416,-0.0011074133228193
1.02,0.0028300478350914,1.5271755515909775,-1.007516890034862,-0.5407319732663198,0.0003028311262888,2.464244064980905e-05,-0.0289209012510791,-0.263350314707918,-0.2371463377518144,-0.0625890094551723,-0.0026982405190856,-0.0001205016361782,-0.0076978391601725,-0.7685716064750043,-0.1269234366825906,-0.0353814223540074,-0.1041974784703457,-0.0384088700251094,-0.1446336097481763,-5.856916762520319,-5.846170278921985,-1.3753002864725457,-0.0135330260104101,-0.0011125753081702
1.03,0.0025402585401176,1.5244852562622282,-1.009889328737784,-0.5413597792803939,0.0002754823904772,2.3419152331936508e-05,-0.0289789294973788,-0.2690295328749515,-0.2372438702922034,-0.062780601407408,-0.0027348735811641,-0.0001223288317872,0.0014001266162987,-0.6674431943828903,0.0547225594199394,-0.000252078723165,-0.1048528294406635,-0.0360235299875247,-0.1440424576625793,-5.81778793557582,-5.820178614234084,-1.3673891380563687,-0.0136306708844151,-0.0011159013922117
1.04,0.002250528443234,1.5217485094036076,-1.0122493491802282,-0.5419861215230781,0.0002478246739566,2.2181089801285867e-05,-0.0289730096883641,-0.2736746858620622,-0.2360020442444244,-0.0626342242684204,-0.0027657716520551,-0.000123806253065,0.0104524303725292,-0.5630647474701158,0.2354280693718968,0.0344979189050439,-0.105086810883329,-0.0335428901150128,-0.14315016191604,-5.7713957686007165,-5.787201749961812,-1.3576547946586008,-0.0137005087377315,-0.0011173933418577
1.05,0.0019614924015969,1.5189758848490305,-1.014583689125122,-0.5426076476255296,0.0002199165130867,2.0931791769295164e-05,-0.0289036041637104,-0.277262455457725,-0.2334339944893843,-0.062152610245146,-0.0027908160869945,-0.000124929803199,0.0194255938424467,-0.4559013479018488,0.4140970626431463,0.0686689985263332,-0.1048887974318243,-0.030970045087099,-0.1419631731830695,-5.717933587877777,-5.747455345662987,-1.3461585674111072,-0.0137423346509215,-0.0011170611794846
1.06,0.0016737783460811,1.5161781385885915,-1.0168792959315074,-0.543221051807066,0.0001918174555197,1.967482347598223e-05,-0.0287714055515795,-0.2797746260438941,-0.2295606806385193,-0.0613404181536387,-0.0028099057566979,-0.0001256968293312,0.028286938707925,-0.3464488679933133,0.589652392417546,0.1020739780298198,-0.1042505010881891,-0.0283087119346018,-0.1404887687022812,-5.657645387703965,-5.701197510309019,-1.3329729225820728,-0.0137560146278797,-0.0011149231225252
1.07,0.0013880050724048,1.5133661552197126,-1.0191234029969132,-0.5438230936889337,0.0001635878811564,1.8413762083642287e-05,-0.0285773273676238,-0.2811983368878963,-0.224410706540568,-0.060204188186765,-0.0028229574363255,-0.0001261061392339,0.0370049545293153,-0.2352324607467188,0.7610421158259856,0.1345388195361496,-0.1031662222682608,-0.0255632470835273,-0.1387349491874373,-5.590825733846811,-5.648727130485457,-1.3181810244835208,-0.0137414821595655,-0.0011110054629879
1.08,0.0011047801514375,1.5105508921123874,-1.021303603984665,-0.5444106165624446,0.0001352888207033,1.7152181979431447e-05,-0.0283224920967366,-0.2815263107325353,-0.2180200987751779,-0.0587522873510966,-0.0028299060453172,-0.000126158010421,0.0455496637899828,-0.1228044606943903,0.9272455146437888,0.1659031057498401,-0.1016330827743499,-0.0227386580090636,-0.13671033001329,-5.517819035575303,-5.5903819155069,-1.3018761982664433,-0.0136987343511947,-0.0011053423877796
1.09,0.0008246979824203,1.5077433215780822,-1.0234079244504204,-0.5449805650247711,0.0001069817733815,1.5893640065030876e-05,-0.02800821690172,-0.2807570534305192,-0.2104320465755333,-0.0569948462326447,-0.0028307047321724,-0.00012585419144,0.0538929739486734,-0.0097416915900817,1.0872787879102976,0.1960202504423649,-0.0996512322861266,-0.0198406086419411,-0.1344240290249426,-5.439018165108172,-5.526536174457763,-1.2841613164658816,-0.0136278277449793,-0.0010979757414961
1.1,0.0005483380106731,1.5049543713829605,-1.0254248905073629,-0.5455300019022272,7.872852536044044e-05,1.4641661113719297e-05,-0.0276359971747185,-0.2788950195121675,-0.2016966056942381,-0.0549436877456152,-0.0028253248021148,-0.0001251978951311,0.0620090060896113,0.1033578086435926,1.2402003941771471,0.2247574610855416,-0.0972240201895564,-0.0168754175752658,-0.1318855534133062,-5.354862415723936,-5.457598342527513,-1.265148113946113,-0.0135288739781197,-0.001088954734079
1.11,0.0002762631285165,1.5021948639945797,-1.0273435941949032,-0.5460561243872384,5.059097046245657e-05,1.3399723276801678e-05,-0.0272074882156595,-0.2759507388381147,-0.1918703687540271,-0.0526122485011133,-0.0028137554897983,-0.0001241937836917,0.0698743898596897,0.2158786216988743,1.3851160273337026,0.2519954769504835,-0.0943581251565338,-0.0138500480716165,-0.1291046881131561,-5.265834802697604,-5.384008276125319,-1.2449564366321464,-0.0134020354184934,-0.0010783355964057
1.12,9.018274675675772e-06,1.4994754549959228,-1.0291537552410217,-0.5465562793212915,2.263093462638768e-05,1.217124382235802e-05,-0.0267244853840868,-0.2719408998656617,-0.181016104611822,-0.0500154934053137,-0.0027960035836068,-0.0001228479454443,0.0774685149072331,0.3271923043442825,1.5211832159780767,0.2776281105540983,-0.0910636358331274,-0.0107720888797326,-0.1260913881160911,-5.172458724367677,-5.306234338105652,-1.2237134300863453,-0.0132475209183339,-0.001066181187475
1.13,-0.0002528707565627,1.4968065711405183,-1.030845778933189,-0.547027977561901,-5.089994498664201e-06,1.0959565189603758e-05,-0.0261889031238456,-0.2668883855404599,-0.1692023692167568,-0.0471698240609504,-0.0027720929125051,-0.0001211678632754,0.0847737299903298,0.4366622163101566,1.6476155419089946,0.3015616240774461,-0.0873540772687804,-0.0076497249500997,-0.122855676953696,-5.075294013683502,-5.224770295990756,-1.2015526745872385,-0.0130655818193807,-0.0010525605573493
1.14,-0.0005088982895785,1.494198348556476,-1.0324108098368558,-0.5474689073769433,-3.2510631604856576e-05,9.767941441721476e-06,-0.0256027533015779,-0.2608222584042313,-0.156503090366684,-0.0440929815042235,-0.0027420637106192,-0.0001191623747882,0.0917754822846009,0.5436487602260008,1.7636864783219497,0.3237139752289115,-0.0832463792729714,-0.0044916972954385,-0.1194075534046539,-4.974932423229133,-5.140132057324927,-1.178613273882556,-0.0128565083318844,-0.0010375484704202
1.15,-0.0007585795228572,1.4916605716347524,-1.033840781123564,-0.5478769468145802,-5.957035039034455e-05,8.599525198780015e-06,-0.0249681233278651,-0.253777692172365,-0.1429971286708068,-0.0408039437636942,-0.0027059718785487,-0.0001168416242941,0.0984623911482734,0.6475149634113727,1.868732852545691,0.3440139689151253,-0.0787607846568982,-0.0013072514772305,-0.1157569082239537,-4.871992598663864,-5.052854267233986,-1.1550389052126588,-0.0126206263950322,-0.0010212248938698
1.16,-0.0010014510682834,1.4892026131570597,-1.0351284592927288,-0.5482501750013886,-8.620923202696276e-05,7.457355130272434e-06,-0.0242871545426288,-0.2457958477692705,-0.1287678169164882,-0.0373228186808412,-0.0026638881636618,-0.0001142170068507,0.1048262526325418,0.7476323229552522,1.9621579415136088,0.3624003520247125,-0.0739206972263378,0.0018939254900884,-0.1119134523946158,-4.767114606478182,-4.963486793894619,-1.1309768385284011,-0.0123582951084732,-0.0010036744564062
1.17,-0.0012370712817164,1.48683337623106,-1.0362674840919708,-0.5485868823252498,-0.000112368204868,6.344344083875671e-06,-0.0235620213432902,-0.2369236925999739,-0.1139024799242078,-0.0336707323861136,-0.0026158972841063,-0.0001113011046396,0.1108619732746411,0.8433868287466257,2.0434342105490035,0.3788208885851265,-0.0687524713512444,0.0051017796501879,-0.1078866580750653,-4.660954091674892,-4.872591127953268,-1.1065769330553517,-0.0120699048043988,-0.0009849858824618
1.18,-0.0014650203968674,1.484561238604374,-1.0372524034606136,-0.5488855794630686,-0.0001379891750966,5.26326792328647e-06,-0.0227949115151013,-0.2272137626685836,-0.0984919368642888,-0.0298697137818784,-0.0025620970228604,-0.0001081076160589,0.1165674340818878,0.9341850740337176,2.1121057073914287,0.3932314515703119,-0.0632851468531274,0.0083059754393023,-0.10368571307081,-4.554176149216457,-4.780736721990656,-1.0819906194825897,-0.0117558758078313,-0.0009652514070663
1.19,-0.001684900478754,1.4823939999242497,-1.038078703339716,-0.5491450052165371,-0.0001630151482838,4.216755143471575e-06,-0.021988008188661,-0.2167238680124333,-0.0826299879102424,-0.0259425753468526,-0.0025025973187219,-0.0001046512779814,0.1219432880007789,1.0194603597481413,2.1677901236996773,0.4055951657383847,-0.0575501347362618,0.0114959907987547,-0.0993194893090106,-4.447448999633725,-4.6884972959297055,-1.0573698760793142,-0.0114166579101374,-0.0009445661765489
1.2,-0.0018963352167667,1.480338832496357,-1.0387428322099514,-0.5493641331220109,-0.0001873903420904,3.207277326460014e-06,-0.0211434738012702,-0.2055167427892777,-0.0664128870235297,-0.0219127905473837,-0.0024375193806648,-0.0001009477817011,0.1269926964560563,1.0986786972554383,2.2101805355634685,0.4158816331677784,-0.051580860858052,0.0146612205619734,-0.0947965254491513,-4.341437563907681,-4.596447133858759,-1.0328662069683237,-0.011052730558013,-0.000923027640099
1.21,-0.0020989695805508,1.4784022360741735,-1.0392422202360465,-0.5495421768032217,-0.000211060290595,2.237140494996009e-06,-0.0202634363784125,-0.1936596422183436,-0.0499388026095,-0.017804368121074,-0.0023669948504575,-9.701368314640056e-05,0.1317210126349192,1.1713446143786912,2.239046832930599,0.4240662696218322,-0.0454123759215676,0.0177910861778732,-0.090125023431023,-4.236797035497956,-4.5051573971200165,-1.0086296306161264,-0.0106646037379307,-0.0009007349370332
1.22,-0.0022924693643682,1.4765899971799827,-1.0395752929136397,-0.5496785940381123,-0.0002339719409542,1.308477415069751e-06,-0.0193499783817384,-0.181223889419087,-0.0333072677592938,-0.0136417234890533,-0.0022911650359173,-9.28663079926258e-05,0.136135420986174,1.2370066714445285,2.254236845404608,0.4301297757217774,-0.0390809411264327,0.0208751494459643,-0.085312858449556,-4.13416654812509,-4.415192477726379,-0.9848076863404822,-0.0102528195148505,-0.0008777882843909
1.23,-0.0024765206473009,1.4749071534199878,-1.0397414791316533,-0.5497730895136698,-0.0002560737432918,4.232408916634515e-07,-0.0184051282932742,-0.1682843759994995,-0.0166186218013787,-0.0094495475557549,-0.0022101802337559,-8.852365234062995e-05,0.1402445438241719,1.295262597664864,2.255677168758618,0.4340577621113812,-0.0326235994033365,0.0239032276285873,-0.0803676015599847,-4.034163036590475,-4.327106415251027,-0.961544466294799,-0.0098179541643716,-0.0008542883692214
1.24,-0.0026508291975527,1.4733579632099405,-1.0397412135809667,-0.5498256162453687,-0.0002773157348602,-4.1680190489620046e-07,-0.0174308550251756,-0.1549190210047218,2.655506865554061e-05,-0.0052526731698986,-0.0021241991568394,-8.400427965596518e-05,0.1440580269149331,1.3457639633037752,2.2433736929062564,0.4358405425742351,-0.0260777423718668,0.0268655070912774,-0.0752965538601798,-3.93737538455648,-4.241439399312935,-0.938979679973238,-0.0093606208198361,-0.0008303357496521
1.25,-0.0028151198491848,1.4719458812746062,-1.03957593345867,-0.5498363756408461,-0.0002976496196202,-1.2100740516968875e-06,-0.016429065163214,-0.1412081935334236,0.0165280122296704,-0.0010759395477327,-0.0020333884760003,-7.932721468006872e-05,0.1475861164428096,1.3882203096887304,2.2174118281773185,0.4354731034539654,-0.0194806830111965,0.0297526525214142,-0.0701067909723285,-3.844358947874106,-4.158714378686361,-0.9172477578001962,-0.0088814725405439,-0.0008060302685336
1.26,-0.0029691358789171,1.470673540225089,-1.0392480694368702,-0.5498058161908375,-0.0003170288444357,-1.955192402009768e-06,-0.0154016029732269,-0.1272341049517134,0.0327864021799784,0.0030559450008653,-0.0019379224815503,-7.4511835031288e-05,0.1508392398009491,1.422402667088911,2.1779564227739105,0.4329552518862147,-0.0128692435466173,0.032555908798844,-0.0648052163552113,-3.7556305348466825,-4.079433796916884,-0.8964769998333363,-0.0083812056944687,-0.0007814704831804
1.27,-0.0031126384091733,1.4695427384533777,-1.0387610308862003,-0.5497346307743196,-0.0003354086730812,-2.650970014150231e-06,-0.0143502530256181,-0.1130801771711634,0.0487038550669724,0.0071185416517874,-0.0018379828645519,-6.957776121404632e-05,0.153827602232484,1.4481463996708748,2.125251360444692,0.4282919394085613,-0.0062793672726625,0.035267192739361,-0.0593986218222539,-3.6716639159088658,-4.004076473150522,-0.8767887750314387,-0.0078605635389227,-0.0007567531144407
1.28,-0.0032454058614328,1.468554434514387,-1.0381191853671747,-0.5496237525693338,-0.0003527462592107,-3.2964174716440244e-06,-0.0132767452259503,-0.0988303938990339,0.0641845519025689,0.0110878204985807,-0.001733758612956,-6.454474574937936e-05,0.1565608105082513,1.465353327009171,2.0596188239332016,0.4214937515800763,0.0002542379923654,0.0378791722035695,-0.0538937535202392,-3.5928859247761338,-3.933094645690538,-0.858296775928381,-0.0073203398756897,-0.0007319725180724
1.29,-0.0033672334812487,1.467708748093323,-1.0373278324275546,-0.549474349566197,-0.0003690007193417,-3.890743092965601e-06,-0.0121827619815873,-0.0845686421064077,0.0791352939620219,0.0149403003136772,-0.0016254460131009,-5.943256213215768e-05,0.1590475336153996,1.4739930828241783,1.9814582068260576,0.4125775484767953,0.0066984183398922,0.0403853304408369,-0.0482973815398354,-3.5196732014133065,-3.866911194598223,-0.8411063329239354,-0.0067613826533802,-0.0007072201811592
1.3,-0.0034779329531146,1.4670049675814567,-1.0363931717711217,-0.5492878176858081,-0.0003841332067716,-4.433352036078783e-06,-0.0110699471865927,-0.0703780511866392,0.093466065643285,0.0186531880388828,-0.0015132487429834,-5.426089431131821e-05,0.1612952089175947,1.4741036835764632,1.8912446542441488,0.4015672354379376,0.0130218489565034,0.0427800140100909,-0.0426163712827809,-3.452349614448927,-3.8059170584542494,-0.825313791761995,-0.00618459738927,-0.0006825842460834
1.31,-0.0035773321198206,1.466441564207589,-1.035322265892772,-0.5490657725125722,-0.0003981069871746,-4.92384430988962e-06,-0.0099399166706022,-0.0563403373867712,0.1070905878349463,0.0222045173236009,-0.0013973780402999,-4.9049227381083645e-05,0.1633098005082429,1.4657912920914793,1.7895272115347514,0.3884946383995959,0.0191952623452718,0.0450584631555424,-0.036857754702499,-3.391184387220032,-3.7504688591960775,-0.8110059571281435,-0.0055909502857085,-0.0006581490643775
1.32,-0.0036652748171465,1.466016212596743,-1.0341229973066552,-0.5488100396591131,-0.0004108875164308,-5.362011711534642e-06,-0.0087942697325929,-0.0425351610845895,0.1199268586116883,0.0255732853459088,-0.0012780529256183,-4.381674016450221e-05,0.1650956145936111,1.4492291743360248,1.6769265598783591,0.3734004536514597,0.0251916273125366,0.0472168240954187,-0.0310287995658347,-3.336390937787093,-3.700886747740939,-0.7982596046712346,-0.0049814709223162,-0.0006339947826103
1.33,-0.0037416208308207,1.4657258175532248,-1.0328040205280884,-0.5485226437884215,-0.0004224425210232,-5.74783371519771e-06,-0.007634601367415,-0.0290395043518274,0.1318976778566957,0.0287395870691609,-0.0011555004592482,-3.858220036630676e-05,0.166655174792855,1.4246558606201258,1.5541323185982097,0.3563352380780884,0.0309862778750393,0.0492521432728502,-0.0251370749539404,-3.288126429343734,-3.657452481886891,-0.7871410631471281,-0.0043572544145335,-0.0006101969623094
1.34,-0.0038062459787335,1.4655665467933274,-1.0313747090059855,-0.5482057963283392,-0.0004327420811177,-6.081472344897712e-06,-0.0064625147912842,-0.0159270759897443,0.1429311522102993,0.0316847460082309,-0.0010299560094452,-3.336386297000024e-05,0.1679891583020237,1.3923725356473229,1.4218998960330669,0.3373604029438422,0.0365569926106696,0.0511623441949341,-0.0191905113299411,-3.24649201379989,-3.6204077467474582,-0.7777058678049289,-0.0037194629414453,-0.0005868262357957
1.35,-0.0038590423175485,1.465533869284837,-1.029845097240253,-0.5478618819232602,-0.0004417587162127,-6.363266070433816e-06,-0.0052796338814984,-0.003267750849048,0.1529611765732335,0.034391440507902,-0.0009016635094955,-2.8179372553610343e-05,0.1690963920075749,1.3527396947628572,1.2810468740879424,0.3165491722426825,0.0418840262535328,0.0529461880203976,-0.0131974536489022,-3.2115337382771125,-3.589952726709769,-0.769998485593823,-0.0030693265608923,-0.0005639479996779
1.36,-0.0038999184691938,1.4656225987872735,-1.0282258183576454,-0.5474934436785172,-0.0004494674730319,-6.593722772419245e-06,-0.0040876151645316,0.0088729502436802,0.1619278882607698,0.0368438244743104,-0.0007708756819263,-2.304567019854288e-05,0.1699739059107955,1.3061731162207617,1.132448916001049,0.2939874656019885,0.0469500964937174,0.0546032195265703,-0.0071667061696798,-3.1832440721464783,-3.5662449366028195,-0.7640521122672757,-0.0024081432472922,-0.0005416221476431
1.37,-0.0039288000593363,1.4658269421295689,-1.0265280374594483,-0.5471031672640003,-0.0004558460151269,-6.773511829067598e-06,-0.0028881590142518,0.0204343342294997,0.1697780898196825,0.039027641451684,-0.0006378542094984,-1.7978905664835315e-05,0.17061703968689,1.2531392110687631,0.9770351923896016,0.2697746657468904,0.0517403299604226,0.0561337004738882,-0.0011075678450028,-3.1615640013668207,-3.549398318413907,-0.7598885410047307,-0.0017372781068088,-0.0005199028440493
1.38,-0.0039456302569067,1.4661405517116215,-1.0247633810945336,-0.5466938639549637,-0.0004608747134734,-6.903455384087029e-06,-0.0016830197570373,0.0313609582052818,0.1764656364914906,0.0409303309036632,-0.0005028698346463,-1.2994355501943094e-05,0.1710195968893731,1.194149823087862,0.8157833271117123,0.2440242317547234,0.0562421722234489,0.0575385326777367,0.0049701425893084,-3.146385627516013,-3.5394826084925155,-0.7575181017613906,-0.0010581617449311,-0.0004988383396962
1.39,-0.0039503704011233,1.4665565816737978,-1.0229438632511374,-0.546268452699527,-0.0004645367371887,-6.984518861637037e-06,-0.0004740144216548,0.0416029962176226,0.1819517843396145,0.0425411255436724,-0.0003662023715326,-8.106347755000762e-06,0.1711740402494845,1.129756560873102,0.6497138717981067,0.2168641216250391,0.0604452673258749,0.0588191732855993,0.0110560724391559,-3.137555201283232,-3.536522978729513,-0.7569396701948699,-0.0003722877824579,-0.000478470830989
1.4,-0.0039430007002978,1.4670677471446394,-1.0210818082995348,-0.545829941313885,-0.0004668181433661,-7.01780080073839e-06,0.0007369700825516,0.051116547084167,0.1862054951602718,0.0438511385641979,-0.0002281406177444,-3.328193910135332e-06,0.1710717207289036,1.0605447523607792,0.4798843258344997,0.188436991167709,0.064341312845234,0.059977544843509,0.0171393321246873,-3.1348765144882416,-3.540499953697069,-0.7581407447028279,0.0003187904633952,-0.0004588363635238
1.41,-0.0039235209850297,1.4676663859524663,-1.0191897713548268,-0.545381406917465,-0.0004677079649237,-7.004522087709145e-06,0.001947971526809,0.0598638807826923,0.1892036944707943,0.0448534396420025,-8.898215575814364e-05,1.3278713029244974e-06,0.1707031324696507,0.9871271186599536,0.3073827269223562,0.1589001407489272,0.0679238967624447,0.0610159427189163,0.0232085035500445,-3.138114571042461,-3.5513496041862,-0.761097589836037,0.0010134640963002,-0.0004399647809038
1.42,-0.0038919514972232,1.4683445221715363,-1.017280456563664,-0.5449259757310021,-0.0004671982952988,-6.946014671021211e-06,0.0031569487806455,0.0678136219069987,0.1909314791162757,0.0455431186462882,5.0966962488151e-05,5.850741668793407e-06,0.1700581855467713,0.910137268723282,0.1333208458631417,0.1284251869583546,0.0711883224904118,0.0619369423433539,0.029251659540712,-3.1469994557318395,-3.568964015993202,-0.7657754441233965,0.0017100735020084,-0.0004218797193314
1.43,-0.0038483336956942,1.469093930868212,-1.0153666338501062,-0.5444668023705018,-0.0004652843687852,-6.8437098483130426e-06,0.004361780152904,0.0749408696675794,0.1913822713557734,0.0459173360500228,0.00019139265136,1.0230482270816803e-05,0.1691264884573983,0.8302231190036096,-0.0411729723496364,0.0971974426647546,0.0741314282795706,0.0627433085542006,0.0352563938546234,-3.1612303202864687,-3.5931920311956373,-0.7721287901549442,0.0024069138832048,-0.0004045986482215
1.44,-0.0037927310589592,1.469906203417144,-1.013461054683303,-0.5440070487790934,-0.0004619646353056,-6.699126220026599e-06,0.0055602636735002,0.0812272548931857,0.1905579166803214,0.0459753591408331,0.0003319733479634,1.4458362828644346e-05,0.1678976325577123,0.7480403426476862,-0.2149612709338816,0.0654149960251619,0.0767514068811056,0.0634379090702684,0.0412098610335485,-3.180479408844167,-3.623840257537979,-0.7801016846107579,0.0031022413850176,-0.0003881329567347
1.45,-0.0037252298660914,1.4707728127715936,-1.0115763674525795,-0.5435498629466321,-0.000457240828439,-6.513857408129265e-06,0.006750119286774,0.0866609354449599,0.188468723072321,0.045718583246131,0.0004723806866622,1.8526881189733383e-05,0.1663614711631723,0.6642459508746553,-0.3869051894886775,0.0332874866494814,0.0790476308270452,0.0640236338478505,0.0470988251549699,-3.204396049490601,-3.6606743399333928,-0.7896281457920796,0.0037942797187282,-0.0003724880857479
1.46,-0.0036459399372462,1.4716851780952518,-1.0097250330532488,-0.5430983575733732,-0.0004511180255747,-6.289559641505439e-06,0.0079289928845187,0.0912365323658238,0.1851334399330911,0.0451505373258838,0.0006122802864286,2.242977666238265e-05,0.1645083867281721,0.5794921049390368,-0.5558723534704336,0.0010345850478236,0.0810204880008876,0.0645033217476355,0.0529097163790048,-3.232610544884619,-3.7034204864994336,-0.8006325960999762,0.0044812271853876,-0.0003576637043651
1.47,-0.0035549953165571,1.4726347281945795,-1.007919241298506,-0.5426555888389384,-0.0004436046991402,-6.027939311736862e-06,0.0090944620689144,0.0949550099327904,0.1805791754742729,0.044276873443485,0.0007513326434447,2.6162032976857625e-05,0.1623295403843583,0.4944202505081462,-0.7207448748031398,-0.0311158104754458,0.0826712313543172,0.0648796956182789,0.0586286940653299,-3.264737902820749,-3.7517672399995714,-0.8130303568101209,0.0051612639988801,-0.00034365392963
1.48,-0.003452554881522,1.4736129632299648,-1.0061708287787092,-0.5422245354409612,-0.0004347127579462,-5.730740604028267e-06,0.0102440435035093,0.0978235035384978,0.1748412519796885,0.0431053397977263,0.0008891941194067,2.971987077085956e-05,0.1598170991038272,0.4096556574936612,-0.8804273889174952,-0.0629296374576691,0.0840018457108768,0.0651553065819772,0.0642417151645872,-3.300381356664825,-3.805367484076268,-0.8267281924037452,0.0058325598093902,-0.000330447587648
1.49,-0.0033388028646748,1.474611514229786,-1.0044911987888478,-0.5418080780691248,-0.000424457577802,-5.399733307886126e-06,0.0113752016847223,0.0998550999821144,0.1679629989861451,0.0416457371836418,0.0010255180144152,3.310072961421408e-05,0.156964436823258,0.3258024375393711,-1.0338550503020396,-0.0941689639467548,0.0850149336279171,0.0653324880058738,0.0697346065679793,-3.3391356356161705,-3.863840672249916,-0.8416249016286108,0.0064932813329381,-0.000318028513869
1.5,-0.0032139492751998,1.4756221999826158,-1.002891243937921,-0.5414089794796914,-0.0004128580206803,-5.036700910757254e-06,0.0124853589474994,0.1010685752829746,0.1599954850926835,0.0399098589433408,0.0011599557121766,3.630323971288724e-05,0.1537663069745835,0.2434390987307138,-1.180001406843359,-0.124594477856506,0.0857136213082838,0.0654133193670098,0.0750931401256054,-3.380589955371506,-3.926775266333296,-0.8576119523746649,0.0071416000002018,-0.0003063758898304
1.51,-0.0030782302101311,1.476637080937918,-1.0013812720401662,-0.5410298653330322,-0.0003999364418353,-4.643429075139831e-06,0.0135719065068653,0.101488095530238,0.1509971897754708,0.0379114146659175,0.0012921578844937,3.932718356174232e-05,0.1502189849743527,0.1631146829800173,-1.3178860728802462,-0.153968128640265,0.086101484606987,0.0653995999781352,0.0803031091140589,-3.424330710655408,-3.993731369682622,-0.8745741573521937,0.0077756995476745,-0.0002954646132377
1.52,-0.0029319080468106,1.4776485098033147,-0.999970935867692,-0.5406732059520918,-0.0003857186844185,-4.221694595681439e-06,0.0146322163320572,0.1011428865396691,0.1410336172474077,0.0356659380940428,0.0014217757416796,4.217344794583919e-05,0.1463203802857991,0.0853455163403963,-1.4465821219801491,-0.1820558739526965,0.086182494308724,0.0652928323352998,0.0853504050401785,-3.4699438619058256,-4.064243539578905,-0.892390387451838,0.0083937834856266,-0.0002852656978646
1.53,-0.0027752715102975,1.4786491785853115,-0.9986691673172394,-0.5403412991531934,-0.000370234061263,-3.7732549274949896e-06,0.0156636536513096,0.1000668781996689,0.1301768550452698,0.0331906798898355,0.0015484623155528,4.484396681864489e-05,0.142070118645932,0.0106125866516612,-1.5652231229347242,-0.2086304801389866,0.0859609790971646,0.0650942146811833,0.0902210938021511,-3.51701701884189,-4.13782376200944,-0.9109343195428864,0.0089940823896372,-0.0002757466994078
1.54,-0.0026086356113719,1.4796321618788395,-0.9974841165108276,-0.5400362542921927,-0.0003535153236425,-3.2998383704040074e-06,0.0166635898925522,0.0982983293528225,0.118505080641177,0.0305044861000651,0.0016718737620465,4.734165570909821e-05,0.1374695959107909,-0.0606404530959794,-1.67300974624865,-0.2334743229273517,0.0854416040275787,0.0648046422444901,0.0949014903817892,-3.56514123340068,-4.213964571197515,-0.9300752153268126,0.009574860974884,-0.0002668721631431
1.55,-0.0024323414525977,1.4805909562676494,-0.996423096311341,-0.5397599776588229,-0.0003355986169313,-2.803134986152585e-06,0.0176294158774276,0.0958794388809611,0.1061020199486775,0.0276276633369819,0.0017916706711252,4.967033842514226e-05,0.1325220056864804,-0.1280086729798372,-1.769215873358691,-0.256382133552969,0.084629361873426,0.064424716515051,0.0993782314024924,-3.6139125233476137,-4.292142295405138,-0.9496787277061683,0.0101344249242296,-0.0002586040889936
1.56,-0.0022467559015763,1.4815195157511507,-0.9954925326901684,-0.5395141593402963,-0.0003165234232051,-2.28478831689037e-06,0.0185585551021335,0.092855948350131,0.0930563621172578,0.0245818318526585,0.001907519372616,5.183466692622149e-05,0.1272323434606039,-0.1911266780918378,-1.853194146786848,-0.2771636358709601,0.0835295744586424,0.0639547618396086,0.1036383450460448,-3.662933155519844,-4.371820409802846,-0.9696077309549542,0.0106711274517881,-0.0002509024094649
1.57,-0.0020522711320016,1.4824122831625537,-0.9946979213354228,-0.5393002616620085,-0.0002963324909285,-1.7463879636016843e-06,0.019448476957474,0.0892767411402889,0.079461135474564,0.0213897678287794,0.0020190932276572,5.384003532886856e-05,0.1216073903143405,-0.2496688898899526,-1.92438090625492,-0.2956460216897829,0.0821479010134748,0.0633948485719802,0.1076693179685288,-3.711812723974264,-4.45245297655628,-0.9897231707867006,0.0111833755925733,-0.0002437254758063
1.58,-0.0018493040343916,1.483264217587056,-0.9940437908366572,-0.5391195092987301,-0.0002750717519616,-1.1894630727452063e-06,0.0202967097609938,0.0851934424502461,0.0654130498765477,0.0180752363278428,0.0021260738966953,5.5692489085647776e-05,0.1156556794749283,-0.3033493543905152,-1.98230046325379,-0.3116762146314213,0.0804903506957072,0.062744821977129,0.1114591589831037,-3.760169063149962,-4.5334881517140335,-1.0098849302131734,0.0116696362156252,-0.0002370305477382
1.59,-0.0016382954994424,1.484070817826575,-0.993533672726085,-0.5389728811341912,-0.0002527902261991,-6.154767683785198e-07,0.0211008534949262,0.0806600239518759,0.0510118110572187,0.0146628164538895,0.0022281525762464,5.739863043666867e-05,0.1093874489649793,-0.3519211442471607,-2.026568674506924,-0.3251228771209478,0.0785632966860795,0.062004336068659,0.1149964593787366,-3.8076290394332784,-4.614371737990205,-1.0299527068732433,0.0121284417624581,-0.0002307742821327
1.6,-0.0014197095778047,1.484828141988494,-0.9931700785978008,-0.5388611039306931,-0.0002295399142198,-2.5821555645115306e-08,0.0218585921637732,0.075732416191903,0.0363594128284167,0.0111777203498083,0.0023250311979344,5.896552127334045e-05,0.1028145834308262,-0.395175428910359,-2.056895783001336,-0.335878120536945,0.0763734896711189,0.061172891549848,0.1182704498147816,-3.8538292661934657,-4.694550762113849,-1.0497868972924238,0.0125583957146673,-0.0002249132161488
1.61,-0.0011940325207686,1.485532823299788,-0.9929544844661582,-0.5387846478535608,-0.0002053756783742,5.781842901073822e-07,0.0225677057036091,0.0704681311294173,0.0215594131642612,0.0076456077132278,0.0024164235845538,6.040058457524975e-05,0.0959505479070132,-0.4329402915273936,-2.073088503613349,-0.3438588849753454,0.0739280690390084,0.0602498770289087,0.1212710537694907,-3.898416787442609,-4.773477055065292,-1.0692494833141104,0.0129581777941781,-0.0002194042404951
1.62,-0.0009617717068609,1.4861820822645684,-0.9928873224630144,-0.538743723878123,-0.0001803551127839,1.1952993459344754e-06,0.0232260813907692,0.0649258964780449,0.006716200314373,0.0040923975437898,0.0025020565590368,6.171150558270932e-05,0.0888103158241471,-0.4650793729079481,-2.075051338701216,-0.3490079622345572,0.0712345706977727,0.0592346126862253,0.1239889375262386,-3.941049773810595,-4.850610813237562,-1.0882049157295666,0.0133265488971091,-0.0002142050587185
1.63,-0.0007234544597629,1.4867737352927557,-0.992967979911759,-0.5387382830897083,-0.000154538402752,1.8243606844334257e-06,0.0238317247098011,0.0591653028187109,-0.0080657448744508,0.0005440788414661,0.0025816710031836,6.290613384989506e-05,0.0814102930248478,-0.4914904217270282,-2.0627871172263985,-0.3512946434263435,0.0683009310435344,0.0581263955887754,0.1264155566569168,-3.9813982715961465,-4.925424118355472,-1.10652098993175,0.0136623557579186,-0.0002092746286876
1.64,-0.0004796267632732,1.487306199930618,-0.9931948057546056,-0.5387680178701154,-0.000127988174114,2.464284557305416e-06,0.0243827696489655,0.0532464637862698,-0.0226825842846469,-0.0029734780407173,0.0026550228638058,6.399238728719897e-05,0.0737682389530396,-0.5121038262569652,-2.036396758923749,-0.3507149807421514,0.0651354872192675,0.0569245458714728,0.128543198912009,-4.019145041373606,-4.997404393863512,-1.12406970823507,0.0139645353348538,-0.0002045735827455
1.65,-0.000230851879313,1.487778496820949,-0.9935651242492448,-0.5388323649473608,-0.0001007693330688,3.1140661497809893e-06,0.0248774883960199,0.0472296890331033,-0.0370318494639389,-0.0064347077245385,0.002721884104517,6.497815924755735e-05,0.0659031855632997,-0.5268811964979637,-1.996078272680463,-0.3472916612093195,0.0617469743751001,0.055628453039916,0.1303650233574816,-4.053986517144503,-5.0660577754686695,-1.1407281233463078,0.0142321189012425,-0.0002000646233408
1.66,2.2291124762707185e-05,1.4881902485124936,-0.994075255792272,-0.5389305102694505,-7.294889705125349e-05,3.77277844619606e-06,0.0253143004075758,0.0411751691544584,-0.0510131543027077,-0.0098145322089737,0.0027820436017607,6.587122964150711e-05,0.057835353897178,-0.5358140568947789,-1.942125005555346,-0.3410734985265629,0.0581445211352903,0.0542376216944731,0.1318750955172274,-4.085633910490949,-5.1309123736096325,-1.1563791573484774,0.0144642358204366,-0.0001957128912986
1.67,0.0002792089329861,1.4885416752258918,-0.9947205446704238,-0.5390613956476399,-4.459581721321961e-05,4.4395702560086816e-06,0.0256917808223438,0.0351426713398062,-0.0645288878151804,-0.013088537818941,0.0028353079838033,6.667918098126217e-05,0.049586067729286,-0.5389226992389418,-1.8749231657394017,-0.332134557062238,0.0543376448639888,0.0527517160305866,0.1330684181947252,-4.1138144768010365,-5.191521405836355,-1.1709123904764671,0.0146601169758045,-0.0001914863042584
1.68,0.0005392956148124,1.488833587667931,-0.9954953934871604,-0.5392237271003101,-1.5780793099804887e-05,5.113663457580236e-06,0.0260086681826347,0.0291912442039383,-0.0774848816736763,-0.0162331452670232,0.0028815024113414,6.740932015715543e-05,0.0411776632304062,-0.5362552332808804,-1.79494864920495,-0.3205729296333111,0.0503362485785397,0.0511706025354679,0.1339409575674288,-4.138272952599084,-5.247466177440702,-1.1842248139277265,0.0148190978216402,-0.0001873558631712
1.69,0.000801934329016,1.4890673769685183,-0.996393303961986,-0.5394159848153551,1.3423919881306052e-05,5.794349524004783e-06,0.0262638714203575,0.0233789300587437,-0.0897910474825507,-0.0192257715045039,0.002920471298111,6.80686066424547e-05,0.0326333932565738,-0.5278868594739767,-1.7027632057905726,-0.306509197615572,0.04615062146874,0.0494943903747681,0.134489664080658,-4.158773164541212,-5.298358889198036,-1.196221540969309,0.014940621016718,-0.0001832959251138
1.7,0.0010664990895597,1.48924500179667,-0.997406923753596,-0.5396364346369594,4.294470957598669e-05,6.480985401075448e-06,0.026456476054373,0.0177624828151552,-0.1013619791609944,-0.0220449821604297,0.002952078969468,6.866358770706653e-05,0.0239773246743053,-0.5139193746271694,-1.5990099860142384,-0.2900846080797938,0.0417914449332433,0.0477234690419806,0.134712487622225,-4.175099801954888,-5.343845251777414,-1.2068164706800155,0.015024238599909,-0.0001792844410301
1.71,0.0013323565849245,1.4893689726942076,-0.9985280989158524,-0.539883140971961,7.270681213977982e-05,7.172988812068336e-06,0.0265857495364757,0.0123970897537683,-0.1121175162256369,-0.0246706335001528,0.0029762102563793,6.920034109928882e-05,0.015234227088319,-0.49448090754597,-1.4844085149845807,-0.2714590078608205,0.0372698058384751,0.0458585429245742,0.1346083864413474,-4.187060336139737,-5.383606887269893,-1.2159328988077835,0.0150696136671218,-0.0001753031573489
1.72,0.0015988680416703,1.4894423336498783,-0.9997479315580404,-0.540153981001717,0.0001026345223565,7.869833067367211e-06,0.0266511456745769,0.0073360955670938,-0.121983264218814,-0.0270840029755968,0.0029927710216756,6.96844255298874e-05,0.0064294514564202,-0.4697258684677657,-1.3597491443477274,-0.2508085787010481,0.032597218349406,0.0439006625208384,0.1341773292907311,-4.194487061237727,-5.417363499381675,-1.223504070431768,0.0150765215110557,-0.000171337780748
1.73,0.0018653911222196,1.489468640923353,-1.0010568422481407,-0.5404466600775759,0.0001326514085047,8.57104145903421e-06,0.0266523080549324,0.0026307273474555,-0.1308910690100193,-0.0292679075858975,0.0030016886148192,7.012083916669998e-05,-0.0024112026437864,-0.4398350836922483,-1.2258870372584896,-0.2283234206837763,0.0277856551866954,0.0418512521147623,0.1334202903222934,-4.197239223551821,-5.4448747951498,-1.2294736693981916,0.0150448501899538,-0.0001673781056294
1.74,0.0021312818460349,1.4894519391189516,-1.0024446366701385,-0.5407587281717433,0.0001626805310136,9.276181321264177e-06,0.026589072381531,-0.0016701804401486,-0.1387794421997707,-0.031206809416738,0.0030029122508906,7.051398622299659e-05,-0.0112616318993773,-0.405016075675611,-1.083735744827194,-0.2042050331353566,0.0228475885560651,0.0397121337788684,0.1323392363560843,-4.195205198965113,-5.465942142565843,-1.2337962398502744,0.0149746004986656,-0.0001634181041482
1.75,0.002395896522544,1.4893967345037866,-1.0039005760238382,-0.5410875972505155,0.0001926446641042,9.984857837276689e-06,0.0264614676509124,-0.0055204615164924,-0.1455939353699802,-0.0328869078772175,0.0029964133090627,7.086765160125128e-05,-0.0200955865330756,-0.3655034393372224,-0.9342604353351516,-0.1786637429295954,0.017796040298282,0.0374855476236341,0.1309371062675133,-4.188304671794682,-5.480409950235286,-1.2364375355952015,0.0148658853247033,-0.0001594559788821
1.76,0.0026585936833985,1.4893079655649055,-1.005413450638296,-0.5414305594335365,0.0002224665195597,1.069670767165622e-05,0.0262697160854418,-0.0088768938881179,-0.1512874614457715,-0.0342962183020999,0.0029821855455449,7.118498343795324e-05,-0.0288868395174334,-0.3215592577059172,-0.7784708396720224,-0.1519161296750981,0.0126446400569208,0.0351741682412258,0.1292177823968705,-4.17649076319847,-5.488166757149335,-1.2373747935434256,0.0147189283832949,-0.0001554941784594
1.77,0.0029187360009777,1.4891909708054,-1.0069716562578284,-0.5417848058008616,0.0002520689717188,1.141139250452396e-05,0.0260142317579253,-0.0116994759505725,-0.1558205619532463,-0.0354246367325226,0.002960245215912,7.146848328677383e-05,-0.037609366531182,-0.2734734945091793,-0.6174139778467873,-0.1241824957158104,0.0074076894939672,0.0327811173032833,0.1271860540720416,-4.159752053306795,-5.489146022787244,-1.236596928014318,0.014534062338276,-0.000151539376662
1.78,0.0031756921795339,1.4890514537905444,-1.0085632724525144,-0.5421474457091361,0.0002813752827379,1.2128592540311223e-05,0.0256956178556223,-0.0139517014855433,-0.1591616194685976,-0.0362639908274508,0.0029306311019101,7.172000357872653e-05,-0.0462375346556773,-0.2215642980224813,-0.4521667320377904,-0.0956844261481213,0.0021002298384965,0.0303099722614725,0.1248475735432655,-4.138114438714465,-5.483326610081128,-1.2341046433224758,0.0143117263295182,-0.0001476024157066
1.79,0.0034288388050556,1.4888954454718504,-1.0101761426030036,-0.5425155264790292,0.0003103093271207,1.2848000059419396e-05,0.025314662552163,-0.0156008318693898,-0.1612870150489067,-0.0368080769893188,0.0028934044382853,7.194075191081713e-05,-0.0547462970066557,-0.1661781494994016,-0.2838283313896385,-0.0666424803870098,-0.0032618906252976,0.0277647710733909,0.122208804849187,-4.111642765953215,-5.470732956235468,-1.22991046273439,0.0140524629418611,-0.0001436982145733
1.8,0.0036775621398679,1.4887292638392975,-1.011797954912072,-0.5428860533181139,0.0003387958144801,1.3569313075825932e-05,0.02487233348123,-0.0166181632552981,-0.1621812309068423,-0.0370526839084663,0.0028486487359356,7.213130164065361e-05,-0.0631113897347849,-0.1076897907849417,-0.1135128126327406,-0.0372740521825813,-0.0086619530990355,0.0251500128328874,0.1192769663567813,-4.080442182139653,-5.451434928969039,-1.2240386726078611,0.0137569146645823,-0.0001398456434072
1.81,0.0039212598482227,1.488559470979568,-1.0134163239024083,-0.5432560093465187,0.0003667605094674,1.4292229157876095e-05,0.024369770835485,-0.01697928597295,-0.1618368990336303,-0.0369956028404888,0.0027964694987346,7.229160820501661e-05,-0.0713095271515364,-0.0465018691888462,0.0576584814371479,-0.0077914296110881,-0.0140823132409129,0.0224706541330703,0.1160599679338979,-4.044659146193559,-5.425547368402053,-1.2165251812872568,0.0134258199036541,-0.000136067365167
1.82,0.0041593426396944,1.4883928276503098,-1.015018871871218,-0.5436223755967893,0.0003941304477946,1.5016439463241523e-05,0.0238082791471654,-0.0166643329258298,-0.1602547968809637,-0.0366366250270504,0.0027369938327125,7.242103053654282e-05,-0.0793185901872216,0.0169557567817414,0.228564306505826,0.0215999194581074,-0.0195043592242488,0.0197321009357664,0.112566343912057,-4.004482047835558,-5.393229317506704,-1.2074172931160412,0.0130600086207719,-0.0001323896458378
1.83,0.0043912358181131,1.488236245516582,-1.0165933097869948,-0.5439821508643188,0.0004208341472733,1.5741623032493693e-05,0.0231893178418721,-0.01565821337278,-0.1574437915776882,-0.0359775267529493,0.0026703699478713,7.251835692521681e-05,-0.0871178030039371,0.0822270998593226,0.3980907689726258,0.0507028173854753,-0.0249084875984962,0.0169401956736495,0.1088051831692064,-3.9601413869494575,-5.3546829467333765,-1.1967733987326885,0.0126603976828308,-0.0001288421346757
1.84,0.0046163807250424,1.4880967372348763,-1.0181275171317627,-0.5443323712903136,0.0004468018128204,1.6467441379099926e-05,0.022514490692932,-0.0139508281705725,-0.1534207344767887,-0.0350220425994895,0.0025967665547139,7.258183466062339e-05,-0.0946878924009008,0.1488315546758028,0.5651383750679931,0.0793295900328723,-0.0302741015054142,0.0141011992768848,0.1047860577988342,-3.9119094727364088,-5.310152181074592,-1.1846625836248454,0.0122279860126653,-0.0001254576160995
1.85,0.0048342360684307,1.487981364611487,-1.0196096202127558,-0.5446701295653751,0.0004719655344156,1.7193533407067955e-05,0.0217855343388333,-0.0115372623389363,-0.1482103080992992,-0.0337758275061459,0.0025163721595219,7.260920279680311e-05,-0.1020112246883016,0.2162658663982362,0.7286288312787655,0.1073030178888898,-0.0355796354145449,0.0112217678066177,0.1005189519260417,-3.860099610259897,-5.259921040392353,-1.17116415771721,0.0117638496360757,-0.0001222717350062
1.86,0.0050442791290207,1.4878971851045193,-1.0210280684903796,-0.5449925936482659,0.0004962594770601,1.7919510681102606e-05,0.0210043060589938,-0.0084179506967701,-0.1418448277623915,-0.0322464082890843,0.0024293942644472,7.259772740346485e-05,-0.1090719149841175,0.2840065757734638,0.8875115562526282,0.1344570264977203,-0.0408026099299364,0.0083089233968023,0.0960141922775778,-3.8050647513055695,-5.204311706270235,-1.15636710954805,0.0112691367211546,-0.000119322697459
1.87,0.0052460068393402,1.4878511969813852,-1.0223717084938664,-0.5452970249011336,0.0005196200618652,1.8644953068144387e-05,0.0201727710319556,-0.00459881231341,-0.1343640003486663,-0.0304431252867685,0.0023360584805069,7.25442387041781e-05,-0.1158559044112406,0.351512946995936,1.0407698704946793,0.1606371241857416,-0.0459197193978098,0.0053700192631192,0.0912823821080789,-3.747195596750122,-5.143682330922166,-1.1403694893353256,0.0107450627035763,-0.0001166509488722
1.88,0.0054389367325751,1.4878502834851437,-1.0236298549218024,-0.5455807955492383,0.0005419861375002,1.93694047636688e-05,0.0192929893234839,-9.134962418586978e-05,-0.125814642793597,-0.0283770648104655,0.0022366075635031,7.244516955244148e-05,-0.1223510014323605,0.418230372422308,1.1874268365124376,0.1857006012325035,-0.0509069540374056,0.0024126986353074,0.0863343400276174,-3.686918148609604,-5.078424605761208,-1.1232777259338766,0.0101929055858141,-0.0001142988320086
1.89,0.0056226077612617,1.487901156402397,-1.024792358551209,-0.5458414053799598,0.0005632991413464,2.00923707112502e-05,0.0183671028686586,0.0050872917253534,-0.1162503629406737,-0.0260609830721469,0.0021313003846212,7.229659475813966e-05,-0.128546884538029,0.4835942357130436,1.326550728414202,0.2095165102680098,-0.0557397571604546,-0.0005551523941833,0.0811810451669686,-3.624690721359863,-5.008961109075397,-1.1052058833287162,0.009614001489351,-0.0001123102273012
1.9,0.0057965809884693,1.4880102994616005,-1.0258496706056384,-0.5460764976024167,0.0005835032498357,2.081331341972544e-05,0.0173973227207675,0.0109143059203518,-0.1057312054429225,-0.0235092222456908,0.0020204108489282,7.209427084752397e-05,-0.134435064667632,0.5470342028011217,1.457260116158775,0.2319654525279189,-0.0603932167811092,-0.0035254579338333,0.0758335899595536,-3.5610004337131427,-4.935742453851422,-1.0862748628859873,0.0090097405271179,-0.0001107301782048
1.91,0.0059604401568677,1.4881839120225369,-1.0267929032594418,-0.546283873795329,0.0006025455175966,2.153165017889205e-05,0.0163859168398403,0.0173612560936324,-0.0943232653803419,-0.0207376192912269,0.0019042267760855,7.18336759166614e-05,-0.1400088070508971,0.6079788984567639,1.5787285554447847,0.2529391987734133,-0.0648422896012782,-0.0064900108917921,0.0703031416173264,-3.496359213511412,-4.859244258114987,-1.066611558083464,0.0083815630490143,-0.0001096045044797
1.92,0.0061137921437132,1.488427853544473,-1.0276138859816577,-0.5464615078767202,0.0006203760051792,2.224675067207665e-05,0.0153351986845467,0.0243941521936291,-0.0820982722215916,-0.0177634081391276,0.0017830487582619,7.151004931846001e-05,-0.1452630135573852,0.6658609154066455,1.6901888795052418,0.2723401768416709,-0.0690620540386252,-0.009440536499305,0.0646009131379428,-3.4312993594721304,-4.779963961209998,-1.0463479688590631,0.0077309562969325,-0.0001089794064903
1.93,0.0062562673122417,1.48874758934126,-1.0283052174485794,-0.5466075590346379,0.0006369478952834,2.2957934982114854e-05,0.0142475168528483,0.0319735796787063,-0.0691331466921638,-0.0146051157917692,0.0016571890104215,7.111843100382038e-05,-0.1501940680738974,0.7201220932077097,1.7909370936128757,0.2900808601209874,-0.0730279877070237,-0.0123687599085577,0.058738144409509,-3.366368713917776,-4.698417510215913,-1.0256202830427754,0.0070594514877629,-0.0001089010637654
1.94,0.0063875197721372,1.4891481381456808,-1.028860312778859,-0.5467203835632403,0.0006522175975618,2.366447198626709e-05,0.0131252459895477,0.0400548804420759,-0.0555095330279574,-0.0112824528602435,0.0015269702278356,7.065370041522341e-05,-0.1547996488322178,0.7702189955787578,1.8803358768289584,0.306083092497956,-0.0767162636153018,-0.015266476777084,0.0527260936850244,-3.302125510069871,-4.61513594120795,-1.0045679325704315,0.0063686213240441,-0.0001094152312047
1.95,0.0065072275635716,1.4896340220120945,-1.029273445868866,-0.546798545553361,0.0006661448422101,2.436557813530062e-05,0.0119707791434393,0.0485883866413695,-0.0413133090007027,-0.0078161990120761,0.0013927244648314,7.011061490335322e-05,-0.1590785129180425,0.8156285078191052,1.9578176983115012,0.3202773856431982,-0.0801040583744935,-0.0181256255339537,0.0465760393898076,-3.239132965746715,-4.5306618803096965,-0.9833326323144356,0.0056600779128559,-0.0001105668364164
1.96,0.0066150927807133,1.4902092190854137,-1.0295397866289473,-0.5468408263910324,0.0006786927626846,2.506041661231724e-05,0.0107865217141779,0.0575197073318914,-0.0266340760081297,-0.0042280837671315,0.0012547920474491,6.948384770166144e-05,-0.1630302593451912,0.8558534704311846,2.022887557295393,0.3326022238141597,-0.0831698649412598,-0.0209383598411727,0.0402992919104906,-3.177953702151612,-4.445545989487928,-0.9620574094064204,0.0049354710549159,-0.0001123995817282
1.97,0.0067108416515196,1.4908771197553876,-1.029655432943296,-0.5468462330214774,0.0006898279679935,2.574809686779691e-05,0.0095748870806237,0.0667900669974162,-0.0115646314348852,-0.0005406630444968,0.0011135205308939,6.876802554796749e-05,-0.1666550780218862,0.8904282612035843,2.0751253566518013,0.343003409719893,-0.0858938019137219,-0.0236971196324051,0.0339072147024109,-3.119144071687641,-4.36034338181563,-0.9408856308709648,0.0041964868482634,-0.0001149555544202
1.98,0.0067942245910187,1.4916404866979118,-1.029617437197468,-0.5468140049398305,0.0006995206050984,2.642767452864327e-05,0.0083382939499155,0.0763366942524156,0.0037995745828018,0.0032228081646953,0.00096926371049,6.795776608463618e-05,-0.1699534926219818,0.9189242358694568,2.114187919746201,0.3514334824738103,-0.0882579111617029,-0.0263946990421192,0.0274112537521022,-3.063248482233523,-4.275610030504857,-0.9199600372410424,0.0034448465350139,-0.0001182748486767
1.99,0.0068650162451354,1.4925014192796149,-1.029423827238383,-0.5467436198734,0.0007077444120221,2.7098151680627965e-05,0.0070791654116683,0.0860932581702976,0.0193609959084922,0.0070385066430408,0.0008223806923735,6.704771519846951e-05,-0.1729261057683626,0.9409549370567252,2.139810659213271,0.3578512353277041,-0.0902464356322721,-0.0290243095395421,0.0208229741515741,-3.010793806951912,-4.191899195411716,-0.8994217895895085,0.0026823055060276,-0.00012239520264
2.0,0.0069230155413994,1.4934613227685063,-1.0290736216521827,-0.5466347981237456,0.000714476762297,2.775847752540398e-05,0.0057999296264,0.0959903488891328,0.0350205586200412,0.0108821749654459,0.000673235027491,6.603258447760152e-05,-0.1755733550174482,0.9561809825936476,2.1518089043676145,0.3622213567938601,-0.0918460695252501,-0.0315796366591795,0.0141541022892623,-2.962283968406568,-4.109757889967334,-0.8794095370928017,0.0019106523674483,-0.0001273516537698
2.01,0.0069680457616343,1.4945208827522531,-1.028566839265861,-0.5464875055403103,0.0007196987013942,2.8407549415057822e-05,0.0045030220234829,0.1059559983746932,0.0506782386321814,0.0147292583435271,0.0005221939097175,6.490718896538465e-05,-0.177895287895501,0.9643145472946608,2.150078891391855,0.3645142140807831,-0.0930461736739363,-0.0340548888716875,0.007416571946627,-2.918194783515593,-4.029723410617257,-0.8600585118509576,0.0011317079653944,-0.0001331762154683
2.02,0.006999954649969,1.4956800451172056,-1.0279045027994806,-0.5463019551009498,0.0007233949757561,2.9044214268867547e-05,0.0031908888334738,0.1159162364952522,0.0662336466380244,0.018555043936049,0.0003696274361869,6.366648538097224e-05,-0.1798913636871785,0.965123357073585,2.1345984173849613,0.3647057925274524,-0.0938389498713955,-0.0364448373600708,0.0006225724165214,-2.8789691516865767,-3.952319949880928,-0.8414996572307065,0.0003473242609601,-0.000139897577622
2.03,0.0070186145673124,1.4969380018861824,-1.027088636617348,-0.5460786070785393,0.0007255540550096,2.9667270378407257e-05,0.0018659917343426,0.1257956768976861,0.0815866182132597,0.0223348022410508,0.0002159079253504,6.230561095397102e-05,-0.1815602888361842,0.958434120538005,2.105427155973655,0.3627777991316634,-0.0942195690219843,-0.0387448457468988,-0.0062154033638872,-2.845012662436301,-3.878055313094966,-0.8238587954858727,-0.0004406170526247,-0.0001475408333442
2.04,0.0070239227008369,1.498293183152016,-1.0261222585490732,-0.5458181677770478,0.0007261681478691,3.0275469608281363e-05,0.0005308133524491,0.135518126583335,0.0966378068274774,0.0260439301491471,6.140928594949375e-05,6.081992298741071e-05,-0.1828998917213266,0.9441353310124784,2.0627066287249938,0.3587179323670764,-0.0941862493291281,-0.0409508891445383,-0.0130845127410578,-2.816689691009623,-3.807417757797068,-0.8072558398521366,-0.0012302062951852,-0.000156127233783
2.05,0.0070158013341213,1.499743255277788,-1.0250093657752968,-0.5455215868251433,0.0007252332121501,3.086752000049138e-05,-0.0008121366715634,0.1450072125772106,0.1112892773776453,0.0296580951904585,-9.349357189951038e-05,5.9205039221001135e-05,-0.1839070412636166,0.9221793811022476,2.006659823235144,0.352520314499948,-0.0937402822064594,-0.0430595622532585,-0.0199715214177846,-2.7943200411410167,-3.7408729735566064,-0.7918040557226413,-0.0020195080040297,-0.0001656739723966
2.06,0.0069941981804866,1.501285125464555,-1.0237549147982654,-0.5451900530206351,0.0007227489592112,3.144208879066073e-05,-0.0021603153634669,0.1541870186766853,0.1254450977031291,0.0331533804508264,-0.0002484252938883,5.7456879016935487e-05,-0.1845776123544847,0.8925839423115584,1.9375904457378077,0.3441860766065518,-0.0928860051649501,-0.0450680765944586,-0.0268627677001981,-2.778176183353495,-3.678861218874912,-0.7776093748985041,-0.0028065636830225,-0.0001761939996069
2.07,0.0069590867788247,1.5029149527142112,-1.022364795544615,-0.544824988724955,0.0007187188530266,3.199780584401384e-05,-0.0035111401661926,0.1629827249656213,0.1390119253650559,0.036506429568003,-0.0004030106184583,5.557170533531083e-05,-0.1849064995303096,0.8554325737161833,1.8558817935617529,0.3337240806815211,-0.0916307225263497,-0.0469742473162128,-0.0337441348297961,-2.7684811253074724,-3.6217946305699416,-0.7647697662854607,-0.0035893951666114,-0.0001876958682302
2.08,0.0069104669479656,1.5046281651401647,-1.020845799676796,-0.5444280428134818,0.0007131501039706,3.253326751808822e-05,-0.0048619830859068,0.171321242595356,0.1518995867818673,0.0396945911473214,-0.000556874905604,5.354616740743817e-05,-0.1848876787149974,0.8108745360951849,1.7619952309722988,0.3211517576775415,-0.089984576382861,-0.048776470329481,-0.0406010331285028,-2.765406937975166,-3.5700547198309365,-0.7533746657858897,-0.0043660086508252,-0.0002001836095766
2.09,0.0068483652924619,1.5064194835028812,-1.0192055832206437,-0.5440010821948689,0.0007060536572731,3.304704095763757e-05,-0.006210165550373,0.1791318362716463,0.1640216456152738,0.0426960618612861,-0.0007096446697482,5.1377343954934805e-05,-0.1845143152715657,0.7591238010582473,1.6564682509855344,0.3064960352817643,-0.0879603717058395,-0.0504736908051996,-0.0474183934407979,-2.769073948132516,-3.5239900678802334,-0.7435044675251157,-0.0051343994222868,-0.0002136566396128
2.1,0.0067728357496784,1.5082829507723945,-1.0174526236495922,-0.5435461819206571,0.000697444175988,3.353766882505974e-05,-0.0075529542783511,0.1863467269513001,0.1752959571051354,0.0454900274211825,-0.0008609481285076,4.9062786742217325e-05,-0.1837789151035369,0.7004572583648592,1.5399121058149057,0.2897943247244932,-0.0855733608457164,-0.0520653642777891,-0.0541806730570435,-2.779550594157985,-3.483914232910216,-0.7352300779619937,-0.0058925572933462,-0.0002281096941209
2.11,0.0066839601653653,1.510211967446858,-1.01559617160092,-0.5430656139153167,0.0006873400182049,3.400367446697677e-05,-0.0088875584313108,0.1929016674463621,0.185645204867208,0.0480568005340316,-0.0010104157783089,4.660056419170286e-05,-0.182673514180452,0.6352121385905666,1.4130089897447844,0.2710955321964894,-0.0828409938109022,-0.05355141174418,-0.0608718749540594,-2.796853928748492,-3.4501038786720515,-0.7286125338754657,-0.0066384727273132,-0.000243532791375
2.12,0.0065818488825363,1.512199332286434,-1.0136461974358826,-0.5425618343664365,0.0006757632081396,3.444356751433816e-05,-0.0102111282829002,0.1987364839576165,0.1949974165037531,0.0503779548880215,-0.0011576810065382,4.398930473613872e-05,-0.1811899006756675,0.5637826823145604,1.2765087605088592,0.2504610575577839,-0.0797826416202642,-0.0549321702213881,-0.0674755808032573,-2.8209507392510083,-3.4227971337759917,-0.7237026846985579,-0.0073701436133645,-0.0002599112205073
2.13,0.0064666413265503,1.5142372880565398,-1.011613332893451,-0.542037469824967,0.0006627394006569,3.485584990966281e-05,-0.0115207555985994,0.2037955770105807,0.2032864542431761,0.0524364541469398,-0.0013023807482623,4.122823953246473e-05,-0.1793198629368026,0.4866161008213613,1.1312251886712223,0.2279657410850504,-0.0764193006584958,-0.0562083402262221,-0.0739749977860304,-2.8517592442031714,-3.402192189419189,-0.7205409391957306,-0.0080855826269798,-0.0002772255534697
2.14,0.0063385065678583,1.5163175718149513,-1.0095088081261478,-0.5414953020761453,0.0006482978387207,3.523902235083924e-05,-0.0128134758691937,0.208028375841152,0.2104524767303083,0.0542167748821747,-0.0014441561936257,3.8317244117643166e-05,-0.1770554557886796,0.4042078866492143,0.978031729025609,0.2036987181641114,-0.0727732863021229,-0.0573809315782957,-0.0803530188354341,-2.8891513136980578,-3.3884461418850824,-0.7191570760533225,-0.0087828250896985,-0.0002954516783159
2.15,0.0061976438429708,1.5184314692246206,-1.0073443844457266,-0.5409382518528216,0.0006324713032219,3.559159113633921e-05,-0.0140862724887506,0.2113897409669178,0.216442368042132,0.0557050223323631,-0.0015826535498734,3.52568785499972e-05,-0.1743892772150549,0.317096544891696,0.8178568135757902,0.1777641420582352,-0.0688679241146158,-0.0584512088077305,-0.0865922955087486,-2.932955151630262,-3.3816740847597195,-0.7195701175793807,-0.0094599372225475,-0.0003145608514531
2.16,0.0060442830138469,1.5205698723293533,-1.005132283145605,-0.5403693614742375,0.0006152960546254,3.591207539184464e-05,-0.015336082912392,0.2138403104732751,0.2212101300121279,0.0568890378584087,-0.0017175248596533,3.204842555054302e-05,-0.1713147472876684,0.2258578276677148,0.6516786720877163,0.1502817363133344,-0.064727246635223,-0.0594206372892958,-0.0926753223041382,-2.9829583699975872,-3.3819484543891267,-0.7217882653901152,-0.0101150246715398,-0.00033451976653
2.17,0.0058786849461153,1.522723340193628,-1.0028851108054435,-0.5397917765046611,0.0005968117658764,3.619901465322732e-05,-0.0165598067731618,0.2153467864274666,0.2247172340161488,0.0577584969576348,-0.0018484288748978,2.869392613826766e-05,-0.1678263813092402,0.1310985643165959,0.48051969336708,0.1213871409371201,-0.0603757032207672,-0.0602908310357962,-0.0985845308830343,-3.038911379432771,-3.389298630664289,-0.7258088966956497,-0.0107462411719382,-0.000355290637755
2.18,0.0057011417872899,1.5248821617815502,-1.00061578152036,-0.53920872653749,0.000577061446044,3.645097677564332e-05,-0.0177543158825402,0.2158821587922252,0.2269329285083683,0.0583049967171227,-0.0019750319832478,2.519621224159983e-05,-0.1639200495007634,0.033450188356827,0.305440348108038,0.0912320201892289,-0.0558378895728473,-0.0610635028854002,-0.1043023923635301,-3.100531016174513,-3.403710793776324,-0.7316186195861425,-0.0113517972110937,-0.0003768312956568
2.19,0.0055119771274154,1.5270364204338014,-0.9983374365323584,-0.5386235052212487,0.0005560913542266,3.6666566133300725e-05,-0.0189164659874455,0.2154258652251145,0.2278344988001636,0.058522131624133,-0.002097009181739,2.1558935765740583e-05,-0.1595932161742455,-0.0664379312129271,0.1275327021493571,0.059983904618252,-0.0511383025318455,-0.0617404176217825,-0.1098115256223509,-3.167504323847963,-3.4251280361462517,-0.7391933855579237,-0.0119299685479583,-0.0003990952936083
2.2,0.0053115460263193,1.529176059295789,-0.9960633617738724,-0.5380394496541322,0.0005339509033226,3.6844432069321214e-05,-0.0200431101096128,0.2139638861987666,0.2274074758485955,0.0584055567116512,-0.0022140450903912,1.7786593602048695e-05,-0.1548451521631968,-0.1679052423476673,-0.0520864429701478,0.0278257457320071,-0.0463011244942889,-0.0623233483878673,-0.115094809394177,-3.239492408737072,-3.453450727315372,-0.748498657403772,-0.0124791044509564,-0.0004220320238131
2.21,0.0051002348937938,1.53129094705517,-0.9938069038622408,-0.5374599192831362,0.0005106925533578,3.698327755013256e-05,-0.0211311132525532,0.2114887759380845,0.2256457911631656,0.0579530370996024,-0.0023258349964895,1.3884548081135108e-05,-0.1496771153011339,-0.2702867322666765,-0.2322827374051723,-0.0050448317181519,-0.041350040466103,-0.0628140366045629,-0.1201354958938205,-3.3161342896537973,-3.4885371281995576,-0.7594896305165677,-0.0129976355246379,-0.0004455868418928
2.22,0.0048784612115118,1.5333709433623577,-0.9915813851087762,-0.5368882744521706,0.00048637169417,3.708186797408728e-05,-0.0221773682281924,0.2079996307187647,0.2225518753464564,0.0571644830965608,-0.00243208591878,9.859042395471187e-06,-0.1440924949031335,-0.3729195064255576,-0.4119117461743441,-0.0384165876114384,-0.0363080893635667,-0.063214155489443,-0.1249173237112392,-3.3970506679362487,-3.5302042497793624,-0.7721115056150514,-0.013484081009022,-0.000469701199683
2.23,0.0046466730882041,1.5354059633331794,-0.9894000181262688,-0.5363278547506548,0.0004610465173743,3.7139040079583286e-05,-0.0231788123307722,0.2035019970821825,0.2181366982507505,0.056041970151579,-0.0025325176795642,5.717210549601169e-06,-0.1380969174736222,-0.4751491142564876,-0.5898266292067943,-0.0720660345105832,-0.0311975497753478,-0.0635252771957493,-0.1294246278394116,-3.4818475493721586,-3.57822895003333,-0.7862998108873659,-0.0139370554531389,-0.0004943127863321
2.24,0.0044053486425005,1.5373860405678768,-0.9872758206337532,-0.5357819573197632,0.0004347778776562,3.715371089394284e-05,-0.0241324445703583,0.1980077234697289,0.2124197492515743,0.0545897430891579,-0.002626863971811,1.4670814359552054e-06,-0.1316983121869297,-0.5763355178137686,-0.764885973533933,-0.1057591079354076,-0.026039859066728,-0.0637488435536686,-0.1336424448839115,-3.570119657724072,-3.6323492617373576,-0.8019807715549581,-0.014355274685129,-0.0005193556782742
2.25,0.0041549952107739,1.5393013881642856,-0.985221531066738,-0.5352538152775648,0.0004076291435769,3.7124886660753545e-05,-0.02503534317266,0.1915347596408811,0.205428956701517,0.0528142042198473,-0.002714873407928,-2.88242331892879e-06,-0.1249069360174399,-0.675858608149475,-0.9359617081545312,-0.1392531228919935,-0.0208555634929812,-0.0638861403932969,-0.1375566117597868,-3.661453588761316,-3.692265942659524,-0.8190717248786452,-0.0147375610243618,-0.000544760499088
2.26,0.0038961483802162,1.541142457254196,-0.9832495256045036,-0.5347465764266497,0.0003796660382092,3.705167168035321e-05,-0.0258846830557747,0.1841069089910485,0.1972005462234242,0.0507238850915066,-0.0027963105367687,-7.321498040034422e-06,-0.1177353596841573,-0.7731231854469359,-1.1019470286088944,-0.172298992875449,-0.0156642959441443,-0.063938275455277,-0.1411538564917152,-3.755430663979234,-3.757644238684348,-0.8374815786524421,-0.0150828477052608,-0.0005704545906474
2.27,0.0036293708501412,1.5428999926492706,-0.9813717372233036,-0.5342632824083658,0.0003509564700513,3.693327699569981e-05,-0.0266777530074955,0.1757535395074478,0.1877788381200181,0.0483294018283876,-0.0028709568157936,-1.1839468465339582e-05,-0.1101984167729411,-0.8675633324258291,-1.261764256143234,-0.2046436802163667,-0.0104847771056242,-0.0639061599400006,-0.1444218800803765,-3.851629454182792,-3.8281158495058527,-0.8571113112515665,-0.0153901825067127,-0.0005963621972872
2.28,0.0033552511270597,1.5445650852450417,-0.9795995773752502,-0.533806848466434,0.000321570354791,3.676902885405544e-05,-0.0274119723081491,0.1665092595771161,0.1772159848053393,0.0456433941931892,-0.002938611526034,-1.6424814164436624e-05,-0.1023131194651302,-0.9586461259795988,-1.4143725555990656,-0.2360328399425837,-0.0053348352163853,-0.063790493802692,-0.1473494287630068,-3.9496279544940527,-3.903281085733891,-0.877854511311924,-0.0156587306039534,-0.0006224046649366
2.29,0.0030744020613352,1.54612922089682,-0.9779438608773484,-0.5333800439794625,0.0002915794286048,3.6558376873762095e-05,-0.0280849065724492,0.1564135651778272,0.165571649790186,0.0426804486971571,-0.0029990926186129,-2.106519802933491e-05,-0.0940985451950197,-1.0458746490093092,-1.558775436814408,-0.266213613517432,-0.0002314392564436,-0.0635917549561313,-0.1499263563601335,-4.049005403775767,-3.982711205556069,-0.8995979551127233,-0.0158877766806171,-0.0006485006573102
2.3000000000000003,0.002787459235154,1.5475843255481394,-0.9764147345736768,-0.5329854739167506,0.0002610570537748,3.630090184492658e-05,-0.0286942826181197,0.1455104651319346,0.1529126303671506,0.0394570062711936,-0.0030522374829987,-2.5747502883551667e-05,-0.0855756992490501,-1.128790282497392,-1.6940279663436,-0.2949375240370822,0.004809259699842,-0.0633101925885901,-0.1521436767451084,-4.149343752625201,-4.065950918478797,-0.9222222197062304,-0.0160767263562776,-0.0006745663912696
2.31,0.0024950792130797,1.5489228064589575,-0.9750216103063792,-0.5326255613648208,0.0002300780174862,3.599632309307788e-05,-0.0292380022074378,0.1338480910818389,0.1393124267297546,0.0359912551929765,-0.0030979036288672,-3.045787518487019e-05,-0.076767358783038,-1.206974276487793,-1.819243619589079,-0.3219634208853232,0.0097718840739955,-0.062945824831312,-0.1539936067815724,-4.250228794683823,-4.152521043121054,-0.9456023297843332,-0.0162251069986034,-0.0007005158933913
2.32,0.002197937667594,1.550137589445518,-0.973773102698236,-0.5323025312634446,0.0001987183247326,3.564450533582289e-05,-0.0297141545485676,0.1214782986560321,0.1248507608143158,0.0323030101376169,-0.0031359692753519,-3.518177572549855e-05,-0.0676979039559705,-1.280048617226485,-1.933600707865098,-0.3470604195525375,0.0146417870426993,-0.0624984410129105,-0.155469600332239,-4.351250985762225,-4.241921305537394,-0.9696084361870868,-0.0163325679986567,-0.0007262612795874
2.33,0.0018967273927464,1.551222152104958,-0.9726769722116008,-0.5320183954796532,0.0001670549862976,3.524546496420644e-05,-0.0301210274847539,0.1084562659440055,0.1096130486635332,0.0284135783791421,-0.0031663338434994,-3.9904037161645386e-05,-0.0583931418554563,-1.3476762256811945,-2.0363483203147625,-0.3700107813980366,0.0194050156056177,-0.0619676087130272,-0.1565663741395157,-4.452005983965241,-4.333633264084761,-0.9941065238415608,-0.0163988805926458,-0.00075171305934
2.34,0.0015921562193537,1.5521705530539525,-0.9717400739059028,-0.5317749393365107,0.0001351658027993,3.479937568287083e-05,-0.0304571173392719,0.0948400948994292,0.093689830569785,0.0243456143142548,-0.0031889183498391,-4.4608928133561127e-05,-0.0488801286267054,-1.4095605394160773,-2.1268117267993816,-0.3906126785457378,0.024048282847016,-0.0613526857744989,-0.1572799265073618,-4.5520949514313305,-4.427123346402722,-1.0189591467690564,-0.0164239373135463,-0.0007767804657295
2.35,0.0012849448451461,1.552977457260567,-0.9709683122693248,-0.5315737097004507,0.0001031291457888,3.4306573446193965e-05,-0.0307211374207603,0.080690420661451,0.0771761636577898,0.0201229636059973,-0.0032036657010436,-4.928022366768655e-05,-0.0391869947299944,-1.4654445447927755,-2.204397194659676,-0.4086827909289585,0.028558951896459,-0.0606528373526406,-0.1576075497712194,-4.651124664328183,-4.521845983632606,-1.0440261876156296,-0.0164077511516541,-0.0008013718119837
2.36,0.0009758245928898,1.5536381575910214,-0.9703666024502624,-0.5314160047169365,7.102373687278667e-05,3.376756063133941e-05,-0.0309120252256275,0.0660700330454362,0.0601709819062465,0.0157704983514145,-0.0032105408916084,-5.390128148545524e-05,-0.0293427775661369,-1.5151093392115118,-2.268596179433857,-0.4240586855422368,0.0329250331303168,-0.0598670579780463,-0.1575478375296047,-4.74870748227191,-4.617246826543013,-1.069165638946452,-0.0163504544947225,-0.0008253948747458
2.37,0.0006655351088866,1.5541485927273433,-0.969938838161427,-0.5313028652693088,3.892842579022826e-05,3.318300939354663e-05,-0.0310289484003274,0.0510435136321898,0.0427764288835429,0.0113139447627694,-0.0032095311082558,-5.84551237792782e-05,-0.0193772648596855,-1.5583723131729903,-2.318988857001632,-0.4366009322471011,0.0371351951555711,-0.0589941984906336,-0.1571006875314935,-4.8444612313014215,-4.712766027747184,-1.094234403301926,-0.0162522979064694,-0.0008487573036923
2.38,0.0003548220134322,1.5545053616374072,-0.969687866474603,-0.5312350682201521,6.92196832744157e-06,3.255376415398705e-05,-0.0310713095454364,0.0356768910063827,0.0250971686823967,0.0067797049156725,-0.0032006457462786,-6.292452395595764e-05,-0.0093208512153189,-1.595085049011969,-2.3552469720388696,-0.4461949157975304,0.0411787891233312,-0.0580329975752451,-0.1562673009756977,-4.938009055922554,-4.807841573685235,-1.1190891087468025,-0.0161136487876365,-0.0008713670565243
2.39,4.443451388229689e-05,1.554705734795305,-0.9696154696677788,-0.5312131214785577,-2.4917195115034188e-05,3.1880843176067906e-05,-0.0310387499549962,0.0200373157897946,0.0072396806824221,0.0021946741594441,-0.0031839163442475,-6.729209779191403e-05,0.0007955907895918,-1.625131037014497,-2.37713598496831,-0.452752310001415,0.0450458849758043,-0.056982117502168,-0.155050178792606,-5.028979295554163,-4.901912649500531,-1.1435869363581106,-0.0159349899472803,-0.0008931328577323
2.4,-0.00026487701,1.5547476623574332,-0.9697223542292852,-0.531237260920503,-5.651115955853271e-05,3.11654391921306e-05,-0.0309311523882317,0.0041927562128156,-0.0106884561506466,-0.0024139441945357,-0.0031593964443498,-7.154039839373107e-05,0.0109408246959527,-1.6484233101848529,-2.3845165066676213,-0.4562121868710509,0.0487273173737389,-0.0558401835575043,-0.1534531152575897,-5.117005439007468,-4.9944230193688295,-1.1675864557996964,-0.0157169180944502,-0.0009139646789102
2.41,-0.0005723634396663,1.554629779498408,-0.9700081470663134,-0.5313074491734149,-8.778277341940042e-05,3.040891904900909e-05,-0.0307486429666353,-0.0117882859025088,-0.0285792837028212,-0.0070188252911774,-0.0031271613860867,-7.565201431215055e-05,0.0210833502204888,-1.6649020962018808,-2.3773450169361103,-0.4565417411817414,0.0522147383166538,-0.0546058265449194,-0.1514811890432167,-5.201726207485041,-5.084824404251284,-1.1909484648275823,-0.0154601422427771,-0.000933774237787
2.42,-0.0008772793624464,1.5543514091015556,-0.9704713989083374,-0.5314233762600314,-0.0001186558538305,2.961282234782677e-05,-0.0304915922780054,-0.0278370396852527,-0.0463251842024043,-0.0115927086616606,-0.003087308041115,-7.960967011823211e-05,0.0311914910588686,-1.674532579239474,-2.355673869117477,-0.4537366186717815,0.0555006728821555,-0.0532777276615787,-0.1491407515691022,-5.282785812094229,-5.1725798384529975,-1.2135368282688133,-0.0151654820036264,-0.0009524755125574
2.43,-0.0011788855199582,1.5539125619820773,-0.9711095948401042,-0.5315844620811194,-0.0001490553987973,2.877885906065418e-05,-0.0301606157511771,-0.0438847119478253,-0.0638195931766729,-0.0161085821087999,-0.0030399544966788,-8.339632871725914e-05,0.0412334730971253,-1.677302855575396,-2.3196505892576016,-0.4478208441966629,0.0585785740963896,-0.0518546649975955,-0.1464394122687331,-5.359834426150063,-5.257166985797838,-1.2352193117249946,-0.0148338657281944,-0.0009699852675555
2.44,-0.0014764512533785,1.5533139347981617,-0.9719191718444882,-0.5317898607015941,-0.0001789077957409,2.7908906114160224e-05,-0.0297565733420345,-0.059862718391567,-0.0809577004384005,-0.0205398620474641,-0.0029852396943622,-8.699529464939579e-05,0.051177496425774,-1.6732221556238445,-2.269516483784789,-0.4388463541275893,0.061442872719383,-0.0503355608868011,-0.1433860201764016,-5.432528905729559,-5.338081395701063,-1.2558684049786355,-0.0144663284459928,-0.0009862235858265
2.45,-0.001769256938822,1.5525569057774962,-0.972895543183136,-0.5320384663903056,-0.0002081410260393,2.700500293809828e-05,-0.029280568544348,-0.0757029020665435,-0.0976371338647889,-0.0248605688711514,-0.002923323029834,-9.039031760619444e-05,0.0609918050973037,-1.6623193916325931,-2.205604574940528,-0.4268921450824141,0.0640890176964261,-0.0487195293442673,-0.1399906410576907,-5.500533784184769,-5.414839678961584,-1.275362129834157,-0.0140640095371903,-0.0010011144037232
2.46,-0.0020565964059183,1.5516435283552286,-0.9740331293928864,-0.532328921350317,-0.0002366848652183,2.60693459843091e-05,-0.0287339467096361,-0.0913377422267657,-0.1137586209750373,-0.0290454960011361,-0.0028543839179031,-9.35656953789175e-05,0.0706447589026752,-1.6446420752704052,-2.128336888092919,-0.4120630585110838,0.0665135031924498,-0.0470059228633492,-0.1362645291753346,-5.563522557790405,-5.486982582733886,-1.2935848269142087,-0.0136281500697845,-0.0010145860423088
2.47,-0.0023377793322218,1.5505765227858508,-0.975325395628861,-0.5326596250640377,-0.0002644710784745,2.5104282229827517e-05,-0.0281182926303462,-0.1067005569377787,-0.1292266235974513,-0.0330703713720769,-0.0027786213256206,-9.650637544815867e-05,0.0801049115488309,-1.6202556332306783,-2.038221119691405,-0.3944882275164225,0.0687138784864775,-0.0451943779060293,-0.1322200927079901,-5.621179270572895,-5.554077943906325,-1.31042791576399,-0.0131600897299097,-0.0010265717300704
2.48,-0.0026121336053415,1.5493592657572386,-0.97676489504125,-0.5330287451661972,-0.0002914336112187,2.411230168558382e-05,-0.0274354273119666,-0.1217257028612269,-0.143949941238888,-0.036912010215951,-0.0026962532744167,-9.91980544243693e-05,0.0893410994883473,-1.5892431323357172,-1.9358467189769,-0.3743192185349908,0.0706887375492814,-0.04328485850107,-0.1278708518291619,-5.673200396830545,-5.615723500036768,-1.3257906224990956,-0.0126612632749463,-0.0010370101112701
2.49,-0.0028790076436815,1.5479957780016178,-0.9783433178324966,-0.5334342297474264,-0.000317508774323,2.3096028940030165e-05,-0.0266874038340026,-0.1363487755620819,-0.1578422791246727,-0.0405484581229115,-0.0026075163104316,-0.0001016272745553,0.0983225452844562,-1.5517054089943132,-1.8218804207025785,-0.3517279058982439,0.0724376858430676,-0.0412776974565065,-0.1232313885109276,-5.719297010112058,-5.671549537107385,-1.3395806691732417,-0.0121331964445366,-0.0010458457341696
2.5,-0.0031377726654691,1.5464907098669702,-0.9800515456051168,-0.5338738209822411,-0.0003426354237267,2.2058213774735057e-05,-0.0258765021787634,-0.1505068134647577,-0.1708227772620204,-0.0439591234814732,-0.0025126649403693,-0.0001037815165295,0.1070189787991755,-1.5077615817660457,-1.6970612700318055,-0.3269041218297897,0.0739612827479449,-0.0391736347886868,-0.1183172872426331,-5.759197217682637,-5.721221353683005,-1.3517149190473394,-0.0115775012739881,-0.001053029513376
2.51,-0.0033878248943905,1.5448493247846244,-0.981879710578021,-0.5343450699675373,-0.0003667551340112,2.1001720896517436e-05,-0.0250052228921414,-0.1641385082345713,-0.1828164972904128,-0.0471248985296181,-0.0024119710284583,-0.0001056492878217,0.1154007786869995,-1.4575499107067575,-1.5621951844590507,-0.3000531280058229,0.0752609590085545,-0.0369738530609197,-0.1131450660455322,-5.792648829992304,-5.764441521614325,-1.3621199720163963,-0.0109958707675732,-0.0010585191606623
2.52,-0.003628587688724,1.5430774805456755,-0.9838172592211613,-0.5348453526513494,-0.0003898123654965,1.9929518837978072e-05,-0.0240762794333468,-0.1771844238948919,-0.1937548643140159,-0.0500282683812046,-0.0023057231485256,-0.0001072202058539,0.1234391356869761,-1.4012289535482354,-1.418149101031994,-0.2713929572741973,0.0763389096764363,-0.0346800094038982,-0.1077320974142746,-5.819422225591547,-5.800951924235785,-1.3707327045999538,-0.0103900729054623,-0.0010622795788304
2.53,-0.003859513579443,1.5411816082814265,-0.9858530198347552,-0.5353718867266171,-0.0004117546243353,1.884466808527692e-05,-0.0230925890718972,-0.1895872264249192,-0.2035760613594158,-0.0526534075267656,-0.0021942258838752,-0.0001084850752701,0.1311062380661935,-1.3389789569687458,-1.2658447602521066,-0.2411516755999532,0.0771979641604796,-0.0322942640478576,-0.1020965191158047,-5.839313363537656,-5.830535554080101,-1.3775007491285804,-0.00976194397685,-0.0010642832134892
2.54,-0.0040800862014507,1.5391686890320473,-0.987975273580372,-0.5359217493610429,-0.0004325326150019,1.7750308498646247e-05,-0.0220572622007752,-0.201291924937895,-0.2122253745616656,-0.0549862634425812,-0.0020777990666689,-0.000109435958663,0.1383754783167819,-1.2710034115433648,-1.1062521807613424,-0.2095646146196212,0.0778414361527425,-0.0298193052304576,-0.0962571351135415,-5.852146887819008,-5.8530180534730825,-1.3823829070652216,-0.009113381252539,-0.0010645103580253
2.5500000000000003,-0.0042898221009992,1.5370462277836872,-0.9901718284568456,-0.5364918956317928,-0.0004521003844812,1.6649646097369862e-05,-0.0209735899548467,-0.2122461248360064,-0.2196554876473697,-0.0570146270749899,-0.001956776947928,-0.0001100662401276,0.1452216788934101,-1.1975306916453756,-0.9403828811781498,-0.1768716244176182,0.0782729573212289,-0.0272583703480215,-0.0902333072450717,-5.8577792619017846,-5.868268982982351,-1.3853494917863152,-0.0084463350319955,-0.0010629494075339
2.56,-0.0044882724015322,1.5348222248577,-0.99243009570434,-0.5370791775327576,-0.0004704154573728,1.5545939286743888e-05,-0.0198450300533015,-0.2224002925986997,-0.225826724749432,-0.05872819009648,-0.0018315072891587,-0.0001103706810625,0.1516213334492761,-1.1188156967459255,-0.7692829071403814,-0.1433143943267891,0.0784962997122769,-0.0246152631924532,-0.084044838648788,-5.856101866366108,-5.876202804563774,-1.3863825966124668,-0.0077628001217921,-0.0010595970580448
2.57,-0.0046750243097672,1.532505144546616,-0.9947371681148188,-0.5376803634223006,-0.0004874389610428,1.4442484609812049e-05,-0.0186751908234937,-0.2317080311084177,-0.2307072410478861,-0.0601185889543087,-0.0017023503669995,-0.0001103454676931,0.1575528587403866,-1.035141408297607,-0.5940257226543494,-0.1091338866886699,0.0785151927309495,-0.0218943670607093,-0.0777118502917572,-5.847043988915159,-5.876779568363928,-1.3854762844191395,-0.0070648068234786,-0.0010544584480193
2.58,-0.0048497024438687,1.5301038809098717,-0.9970798997266038,-0.5382921577807955,-0.0005031357398752,1.3342602111381126e-05,-0.0174678134101543,-0.2401263636744292,-0.2342731611784868,-0.0611794358494849,-0.0015696778832408,-0.000109988249843,0.1629968511775649,-0.9468202766765462,-0.4157050251521277,-0.0745679247198936,0.0783331413221612,-0.0191006534445787,-0.071254652280275,-5.83057563395235,-5.870005294473151,-1.3826366957697571,-0.0063544115283492,-0.0010475472397765
2.59,-0.0050119699661398,1.5276277206678404,-0.9994449863843928,-0.5389112211497178,-0.000517474457616,1.224962040591262e-05,-0.0162267522271132,-0.24761602420314,-0.2365086657789041,-0.0619063368922218,-0.001433871774076,-0.0001092981705468,0.1679363409704382,-0.8541953554198854,-0.2354275431431305,-0.0398489709972711,0.0779532525099911,-0.0162396859110268,-0.0646936119196075,-5.806710078533451,-5.855932043451583,-1.3778820731904575,-0.0056336870334243,-0.0010388856392426
2.6,-0.0051615295038059,1.5250863031648176,-1.0018190466538432,-0.539534190127496,-0.0005304276867611,1.116686154429408e-05,-0.0149559537666101,-0.2541417503022829,-0.2374060269450422,-0.0622968977778218,-0.001295322914511,-0.0001082758861618,0.1723570359835234,-0.7576411050870853,-0.0543058739795027,-0.0052021276732183,0.0773780777271314,-0.0133176186775754,-0.0580490207156095,-5.775506102879055,-5.834657672133996,-1.371242699939457,-0.0049047127064835,-0.0010285043531619
2.61,-0.0052981238432241,1.5224895774096674,-1.0041887025912544,-0.5401576973016265,-0.0005419719839256,1.0097625777156776e-05,-0.0136594339418158,-0.2596725755150212,-0.2369655937411072,-0.0623507174130517,-0.0011544297164522,-0.0001069235767137,0.1762475468639915,-0.6575637962940671,0.1265485830109387,0.0291566164144438,0.0766094783445646,-0.0103411892843906,-0.0513409626660898,-5.737069826799835,-5.806325274016448,-1.362760752405046,-0.0041695646375135,-0.0010164424836634
2.62,-0.0054215363852131,1.5198477562459245,-1.0065406598836657,-0.5407783910015886,-0.0005520879501461,9.045176314263098e-06,-0.0123412541989045,-0.2641821163742996,-0.2351957292411302,-0.0620693699962128,-0.0010115966220503,-0.0001052449462893,0.1795995847493096,-0.5544014505737259,0.3060325458907277,0.06302187303401,0.075648521469041,-0.007317704678301,-0.0445891862651527,-5.691556088318869,-5.771122306393046,-1.3524900660836,-0.0034303059190276,-0.0010027473608189
2.63,-0.0055315913521458,1.5171712677503133,-1.0088617868923857,-0.5413929547627235,-0.0005607602751193,8.012724180478946e-06,-0.0110054966932636,-0.2676488495611184,-0.2321127008720082,-0.061456376113489,-0.0008672324973195,-0.0001032452133784,0.1824081229575328,-0.4486232684180318,0.483057573808749,0.0962000642348048,0.0744954123997915,-0.0042550199658785,-0.0378129826343106,-5.639169307400158,-5.729279409295417,-1.3404958159306082,-0.0026889771980922,-0.0009874743145414
2.64,-0.0056281537409207,1.5144707040087797,-1.0111391921531374,-0.5419981263973156,-0.000567977764467,7.003413268918837e-06,-0.009656238877496,-0.2700563741533571,-0.2277405260751615,-0.0605171634592048,-0.0007217489347639,-0.000100931091156,0.1846715145282812,-0.3407285058434686,0.6565565515513425,0.1285103492456863,0.0731494691283576,-0.001161509078801,-0.0310310720990928,-5.580163785891462,-5.681068924140226,-1.3268541127304334,-0.0019475876385208,-0.0009706863878416
2.65,-0.0057111290198615,1.5117567674710608,-1.0133602999081694,-0.5425907165754978,-0.0005737333492428,6.02030569096017e-06,-0.0082975278940771,-0.2713936537718869,-0.2221107755032122,-0.0592590178182232,-0.0005755584775832,-9.831075779586664e-05,0.186391558327989,-0.2312447737615273,0.825489896800504,0.15978527021659,0.0716091429464069,0.0019539733660692,-0.0242615013525533,-5.514843404400328,-5.626803122761663,-1.3116515179808408,-0.0012081064227405,-0.0009524539940729
2.66,-0.0057804625718653,1.5090402151373357,-1.0155129232693558,-0.5431676268251486,-0.0005780240770613,5.066367520936387e-06,-0.0069333552003817,-0.271655233372506,-0.2152623361186321,-0.057691024965084,-0.0004290727818544,-9.53938170023783e-05,0.1875735076517855,-0.1207257479867012,0.98885145775707,0.1898711249888096,0.0698720876324622,0.0050821396257419,-0.0175215530948283,-5.443560687640145,-5.566832160147109,-1.2949844806223452,-0.0004724549096691,-0.0009328545213449
2.67,-0.0058361388906266,1.5063318008823632,-1.017585334635991,-0.5437258668665214,-0.0005808510844283,4.1444550304225e-06,-0.005567631876124,-0.2708414254972413,-0.2072411366635366,-0.0558240041372675,-0.0002827007367009,-9.219124905138872e-05,0.1882260168203406,-0.0097482915375938,1.1456740748934855,0.2186280812759431,0.0679352778748761,0.0082133262500945,-0.0108276697214989,-5.366715221569294,-5.501541766660766,-1.2769586997464033,0.0002575004518512,-0.0009119718877573
2.68,-0.0058781805413397,1.5036422162725094,-1.0195663330162474,-0.5442625712038234,-0.0005822195500854,3.257301503128268e-06,-0.0042041650713084,-0.2689584609853891,-0.1980998380256325,-0.0536704337302017,-0.0001368465657029,-8.87153527294232e-05,0.1883610231373452,0.1010909953506264,1.295034786823552,0.2459300523097827,0.0657951756278663,0.0113375615578594,-0.0041953922665654,-5.284751418133041,-5.431350697791589,-1.257688418177208,0.0009799543742316,-0.0008898960515069
2.69,-0.0059066469017941,1.5009820302780172,-1.0214453079266288,-0.5447750149022306,-0.0005821386294402,2.407504716546412e-06,-0.0028466360454407,-0.2660185994492151,-0.1878974910381465,-0.0512443698407157,8.092064515474197e-06,-8.497967865818561e-05,0.1879935636774594,0.2111797686976937,1.4360596664145016,0.2716643590047303,0.0634479410743328,0.0144446430559742,0.0023606845961988,-5.198155636314843,-5.35670796146456,-1.2372956525268235,0.0016931680888875,-0.0008667224802371
2.7,-0.0059216327040489,1.4983616283256684,-1.02321229956889,-0.5452606284847835,-0.0005806213704338,1.5975151707258108e-06,-0.0014985802254814,-0.2620401952348846,-0.1766991642261259,-0.0485613582552928,0.000151725900641,-8.099895458206008e-05,0.1871415286332726,0.3198944362096487,1.5679282791078746,0.2957312079621506,0.0608896828818221,0.0175242243212233,0.0088269411104602,-5.107452681208749,-5.278089844681765,-1.2159093659613305,0.0023954737755267,-0.0008425515842491
2.71,-0.0059232664007597,1.4957911511745974,-1.0248580550084274,-0.5457170118892006,-0.0005776846114838,8.296251379399798e-07,-0.0001633696710869,-0.2570477151071144,-0.1645755439537219,-0.0456383404417133,0.0002936758950008,-7.67890032785831e-05,0.1858253552665579,0.4266051013573444,1.689877760788239,0.3180430180129772,0.0581167405845578,0.0205659104515412,0.0151907445929919,-5.013201715629252,-5.195996762692825,-1.1936645904765149,0.0030852780512304,-0.0008174881183647
2.72,-0.0059117083835804,1.493280434129543,-1.0263740801018664,-0.5461419474297976,-0.0005733488624357,1.0595859971549507e-07,0.0011558017179365,-0.2510717045054439,-0.151602509343905,-0.0424935540597011,0.0004335749048085,-7.236665382244847e-05,0.1840676687780791,0.5306808921627049,1.8012065172447298,0.3385236304821051,0.0551259903071139,0.0235593607643519,0.0214404456374063,-4.915991631074634,-5.110949955023173,-1.1707015059571146,0.0037610645303439,-0.000791640557342
2.73,-0.005887149083744,1.4908389471304573,-1.0277526869442777,-0.5465334117144011,-0.0005676381697335,-5.715378701881557e-07,0.0024559299836349,-0.2441486999085559,-0.1378606842411356,-0.0391464284603434,0.0005710692702203,-6.774964699036507e-05,0.1818928785209873,0.6314956014799189,1.901277551178447,0.3571074398878986,0.0519151637535767,0.0264943969846341,0.0275653591982013,-4.816435936360731,-5.023488053511031,-1.147164483677062,0.004421395487626,-0.0007651204498001
2.74,-0.0058498069868418,1.4884757362744867,-1.0289870366280471,-0.5468895864703789,-0.0005605799672823,-1.201103226536336e-06,0.003734209690224,-0.2363210855970652,-0.1234349683769525,-0.0356174755977795,0.0007058202451171,-6.295653563481805e-05,0.1793267398283083,0.7284335577993866,1.989521425695375,0.373738482329661,0.0484831694982524,0.029361114765802,0.0335557317313836,-4.715167232668881,-4.934163548026062,-1.1232011021848316,0.0050649126765797,-0.0007380417556113
2.75,-0.0057999265948773,1.4861993673353862,-1.0300711771259117,-0.547208868237702,-0.0005522049147065,-1.7811690353204516e-06,0.0049880391964534,-0.2276368939100488,-0.108414049786447,-0.0319281767323113,0.0008375052575793,-5.800658087841156e-05,0.1763958932071418,0.8208956394696653,2.0654388752180277,0.3883695184083766,0.0448304051859996,0.0321499960357835,0.0394026958644,-4.612831352854163,-4.843539175777486,-1.098961143705052,0.0056903373718869,-0.0007105201716885
2.76,-0.0057377763688474,1.4840178718460757,-1.031000076130094,-0.547489876890342,-0.0005425467248965,-2.310365485184676e-06,0.0062150226029839,-0.2181495489310656,-0.0928899004182477,-0.0281008652639972,0.0009658189810053,-5.291964498642245e-05,0.1731273936891377,0.9083053408127972,2.128603075699538,0.4009611461960158,0.0409590493136438,0.034852019394034,0.045098214310821,-4.510081250418701,-4.752184260087104,-1.0745955792741504,0.0062964697190291,-0.0006826724510266
2.77,-0.0056636466843693,1.481938696302076,-1.0317696486979893,-0.5477314629503627,-0.0005316419828805,-2.787526302823572e-06,0.007412968447812,-0.2079175543999425,-0.0769572567895141,-0.0241586060020689,0.0010904742015986,-4.7716081763889565e-05,0.1695482436589923,0.990114795941543,2.1786615859637912,0.4114809775191013,0.0368733218225872,0.0374587656226529,0.0506350149307347,-4.407570729386136,-4.660671024227476,-1.050255550814965,0.0068821874852907,-0.000654615719767
2.78,-0.0055778478312681,1.4799686550269606,-1.0323767795726628,-0.5479327136618631,-0.0005195299581473,-3.2116925557886053e-06,0.0085798853101204,-0.1970041275115328,-0.0607130874673488,-0.0201250711500432,0.0012112024733193,-4.241662529650336e-05,0.1656849424771462,1.0658106651879324,2.215337970943904,0.4199029078076624,0.0325797037602954,0.0399625153280028,0.0560065189650906,-4.3059481102727855,-4.569570905436184,-1.026091358245811,0.0074464443143194,-0.000626466796945
2.79,-0.0054807080856266,1.478113887215795,-1.0328193400638108,-0.548092957794571,-0.000506252412576,-3.582115333926142e-06,0.009713974564151,-0.1854767811165498,-0.0442560491148066,-0.0160244132707846,0.0013277545571352,-3.704227781375366e-05,0.1615630656652618,1.1349197898990022,2.238433115670014,0.4262065059547257,0.0280871077133806,0.0423563358201155,0.0612067645423108,-4.2058499293379965,-4.47945089354466,-1.0022514595180694,0.0079882675912914,-0.0005983415214569
2.8000000000000003,-0.0053725718796591,1.4763798186391217,-1.0330961993920895,-0.5482117691494834,-0.0004918534061033,-3.898257307940319e-06,0.0108136205967507,-0.1734068576673404,-0.0276859328278659,-0.0118811354912419,0.0014399006472697,-3.161419740141772e-05,0.1572068853597548,1.1970145239045042,2.2478262361700923,0.4303765462228597,0.0234069925002965,0.0446341545546984,0.066230327571084,-4.107894768252952,-4.390869917835692,-0.978881491189019,0.0085067560276153,-0.0005703540906465
2.81,-0.0052537980910333,1.474771128448735,-1.0332072304172149,-0.5482889687416233,-0.0004763791021745,-4.159793170259157e-06,0.0118773788625747,-0.160869019038662,-0.011103102512532,-0.0077199592139793,0.001547430392871,-2.615358623188386e-05,0.1526390422130609,1.2517176541383108,2.2434755901643904,0.4324026992770697,0.0185534176436029,0.0467908168115308,0.0710722420981923,-4.012677309244059,-4.304375304799028,-0.9561233167709746,0.0090010770731727,-0.0005426164147717
2.82,-0.0051247584690573,1.4732917214778711,-1.0331533096883176,-0.5483246256378472,-0.0004598775748858,-4.366608969448206e-06,0.0129039621976001,-0.1479406970863979,0.0053920728897132,-0.0035656896224013,0.001650152728876,-2.0681579918904856e-05,0.147880277012676,1.2987068286151189,2.225418886750123,0.4322793940019593,0.0135430353151687,0.0488221257435724,0.075727922129096,-3.9207627066787327,-4.22049932841791,-0.9341141096625016,0.0094704642605588,-0.0005152374914551
2.83,-0.0049858362106238,1.4719447063731423,-1.0329363117740724,-0.5483190564308341,-0.00044239861954,-4.518800354868101e-06,0.0138922258433552,-0.1347015104728887,0.0216997914245327,0.0005569207013064,0.0017478955345813,-1.521913854198946e-05,0.1429492280912944,1.3377184171131065,2.193773390363038,0.430005856090661,0.0083950196525727,0.0507248634828835,0.0801930867867902,-3.832681360050576,-4.139755873517579,-0.9129854769723093,0.0099142145798692,-0.0004883228040659
2.84,-0.0048374246941182,1.4707323798343983,-1.0325590978504549,-0.5482728233340095,-0.0004239935681161,-4.6166697531518095e-06,0.0148411516505528,-0.1212326538743771,0.0377213923617471,0.0046233096824611,0.0018405051423859,-9.786939828370829e-06,0.1378622982260448,1.3685507383723858,2.1487357104148987,0.4255863234800152,0.0031309354778197,0.0524967926072488,0.0844636905261929,-3.748924165513484,-4.062637231561346,-0.8928626300018389,0.0103316859745229,-0.0004619737478084
2.85,-0.0046799263748007,1.4696562171725656,-1.0320254985459412,-0.5481867308863466,-0.0004047151108943,-4.6607225024572375e-06,0.0157498319317567,-0.1076162661833005,0.0533599304513739,0.0086092447662848,0.0019278457221784,-4.405274930542799e-06,0.1326335922847012,1.3910665972508447,2.090581264327522,0.4190304327713487,-0.0022254495859148,0.0541366379202393,0.0885358599320663,-3.6699383136806656,-3.989611047108875,-0.8738636065695995,0.0107222950386505,-0.0004362870871093
2.86,-0.0045137518406099,1.468716869325401,-1.0313402910677936,-0.5480618212608108,-0.0003846171252061,-4.651661974427559e-06,0.0166174534190796,-0.0939347847164735,0.0685207478147631,0.0124909625535848,0.0020097985688244,9.060528029678396e-07,0.1272749244828916,1.4051950859345603,2.0196633984467334,0.4103537648994582,-0.0076484038854299,0.0556440491510726,0.0924058384131146,-3.5961236905537497,-3.9211174319668576,-0.8560985497500875,0.0110855149849518,-0.000411354447705
2.87,-0.0043393190230499,1.467914166398085,-1.0305091706590188,-0.547899368175769,-0.0003637545119948,-4.590383717479019e-06,0.0174432817560015,-0.0802702927315825,0.0831120408774819,0.0162453085041839,0.0020862613211235,6.127825694853962e-06,0.1217958918705292,1.4109326148216048,1.9364121486997257,0.3995785326697891,-0.0131105142697337,0.0570195457979696,0.0960699398682559,-3.5278299264262394,-3.8575662628728975,-0.8396690469740704,0.0114208739388972,-0.0003872618466117
2.88,-0.0041570525539106,1.467247127720761,-1.029538716463742,-0.5477008694150288,-0.0003421830405902,-4.477968658552649e-06,0.0182266469139311,-0.066703867732408,0.097045419527686,0.0198498760740134,0.0021571471404632,1.124150589263705e-05,0.1162040086559614,1.408343150916952,1.841332621057954,0.3867343874563502,-0.0185830041886236,0.0582644459014146,0.0995245121479757,-3.465354124691633,-3.799334677361524,-0.8246675328058847,0.0117279536009832,-0.0003640892629382
2.89,-0.0039673832551492,1.4667139783397312,-1.028436351909186,-0.5474680379693307,-0.0003199592018276,-4.315675403929425e-06,0.0189669298761394,-0.0533149381029935,0.1102364554555767,0.0232831445698026,0.0022223838762664,1.6229325462322372e-05,0.1105048942722211,1.3975576543073205,1.73500297100356,0.3718593175673703,-0.0240360784562958,0.0593807810064673,0.1027659108690993,-3.408939288984102,-3.746764781266328,-0.8111767580877441,0.0120063883037694,-0.0003419102522441
2.9,-0.0037707477463853,1.4663121717842358,-1.0272102997451331,-0.5472027918201053,-0.0002971400693945,-4.104931683222434e-06,0.0196635508763831,-0.040180655549534,0.1226052164053131,0.0265246149225446,0.0022819132433084,2.107437207069909e-05,0.1047025067402279,1.3787727163435557,1.618071961421096,0.3550006065464703,-0.0294392854317926,0.0603711999454589,0.1057904838704508,-3.3587734533110525,-3.700161580109606,-0.7992693275305006,0.0122558644749675,-0.0003207916068737
2.91,-0.0035675881521935,1.466038418877786,-1.025869531916533,-0.5469072423951021,-0.0002737831690624,-3.847324984309333e-06,0.0203159594191845,-0.0273752906449853,0.1340767828600222,0.029554942500322,0.0023356900332102,2.576066989131016e-05,0.0987994119180445,1.3522484163323432,1.491256079689089,0.3362158162637447,-0.0347618873633657,0.0612388643274829,0.1085945663252964,-3.3149895061376684,-3.659791145413816,-0.7890073072434736,0.012476120502319,-0.0003007930643957
2.92,-0.0033583518897375,1.4658887222931236,-1.0244237144816013,-0.5465836817350459,-0.0002499463552719,-3.544592430813001e-06,0.020923626245596,-0.0149696584662301,0.1445817434931678,0.0323560660056224,0.0023836813790507,3.027325534963316e-05,0.0927970786510632,1.3183054266206162,1.35533619730179,0.3155737570294024,-0.0399732299485802,0.0619873387560535,0.111174486260057,-3.2776656860904185,-3.625879025729113,-0.7804419031403518,0.0126669469808161,-0.0002819670659503
2.93,-0.0031434915162926,1.4658584164842212,-1.022883147825949,-0.5462345684206955,-0.0002256876943893,-3.198609957806658e-06,0.0214860373444916,-0.003030580890245,0.1540566655652235,0.0349113314350354,0.0024258660882594,3.459824730063432e-05,0.0866961896467142,1.2773214087122322,1.2111537590740242,0.2931554053597418,-0.0450431027375351,0.0626204788112815,0.1135265799738128,-3.2468267143912883,-3.598608910899672,-0.7736132106399036,0.0128281873084553,-0.0002643585659499
2.94,-0.002923464615823,1.4659422125684258,-1.0212587024626223,-0.5458625123204636,-0.00020106535384,-2.811380845707409e-06,0.0220026900469618,0.0083796084204602,0.1624445363326699,0.0372056100231897,0.002462234054927,3.872291120992485e-05,0.0804969580643259,1.2297267552551028,1.0596064938461778,0.2690547294219634,-0.0499420828057702,0.0631423197402697,0.1156472166160667,-3.222445517632525,-3.57812155678031,-0.7685500356039694,0.0129597385836357,-0.0002480048941985
2.95,-0.002698733704003,1.4661342476779655,-1.0195617507478685,-0.5454702582299551,-0.0001761374962543,-2.3850236767931684e-06,0.0224730911819965,0.0192035109539731,0.1696951714753822,0.039225409050847,0.0024927857585649,4.2635716891424094e-05,0.0741994402997882,1.175999744128816,0.9016436445006702,0.2433793827341945,-0.0546418550983992,0.0635569686050766,0.1175328309675244,-3.204445484342174,-3.5645139762576696,-0.7652697860240638,0.0130615527459942,-0.0002329356710856
2.96,-0.0024697661318347,1.4664281382534987,-1.0178040948824083,-0.545060668486237,-0.000150962177731,-1.92175978336347e-06,0.0228967572168339,0.0293890575533186,0.1757655865460243,0.0409589743718108,0.0025175318523357,4.632638934296982e-05,0.0678038362112522,1.1166611812033875,0.7382607219087587,0.216251228341175,-0.0591155039497715,0.063868502367123,0.1191799632865121,-3.192703190228432,-3.557838901023314,-0.763778433583566,0.0131336378933173,-0.0002191727760779
2.97,-0.0022370339692709,1.4668170367140336,-1.015997891607335,-0.5446367046511666,-0.0001255972493312,-1.4239002611693323e-06,0.0232732162563816,0.0388898460534887,0.18062032750734,0.0423963835070377,0.0025364928399758,4.978595221941379e-05,0.0613107690258235,1.0522686173762132,0.5704937949641287,0.1878066585160391,-0.0633377714660793,0.0640808740520558,0.1205853049376818,-3.1870515202356886,-3.55810451708855,-0.7640705438849484,0.0131760597005664,-0.0002067303692819
2.98,-0.0020010138519311,1.4672936909080394,-1.0141555740417865,-0.5442014083694778,-0.0001001002609593,-8.938326262414923e-07,0.0236020117339737,0.047665419400569,0.1842317565548341,0.0435296281688839,0.0025496988371885,5.3006763492784e-05,0.0547215383350511,0.9834102329915329,0.399413336941679,0.158196678922216,-0.0672852796782433,0.0641978287662717,0.1217457484144938,-3.1872831107556467,-3.5652744755255075,-0.7661293738395075,0.0131889428632439,-0.0001956149653864
2.99,-0.0017621867760198,1.4678505057304123,-1.0122897711455254,-0.5437578815183264,-7.452836685670014e-05,-3.340071975136072e-07,0.023882707591133,0.0556814822373201,0.1865802896261012,0.0443526851151471,0.0025571894102689,5.5982542872788505e-05,0.0480383408755972,0.9106984884718567,0.2261176567986917,0.127586731161748,-0.0709367145885276,0.0642228309406631,0.1226584403059799,-3.1931540326139225,-3.579268178372621,-0.7699270344680199,0.0131724724864757,-0.0001858255588227
3.0,-0.0015210378288453,1.4684796062794687,-1.0104132253227769,-0.5433092657754043,-4.8938232034484825e-05,2.5307670848021735e-07,0.0241148947174469,0.0629100549056142,0.1876545822748591,0.044861574292211,0.0025590134822215,5.870839059938245e-05,0.0412644551489346,0.8347636437491562,0.0517259524957763,0.0961562334971848,-0.0742729714101427,0.064159003780935,0.123320835743268,-3.20438763483431,-3.599961338064629,-0.7754247171508707,0.0131268953433059,-0.0001773537985122
3.01,-0.001278055844812,1.4691729019273971,-1.008538708713413,-0.5428587217423112,-2.338593908767193e-05,8.64884681207566e-07,0.0242981984033335,0.069329564792842,0.1874516609363967,0.045054403309309,0.0025552292946812,6.118079727273487e-05,0.0344043873101564,0.7562472507000955,-0.1226289683185019,0.0640978262413753,-0.0772772614002688,0.0640090815212052,0.1237307528921894,-3.220678470644565,-3.62718680715079,-0.7825729811908393,0.0130525209306681,-0.0001701842101119
3.02,-0.0010337329793282,1.4699221506865503,-1.0066789387431287,-0.5424094077683995,2.073105038095567e-06,1.4988611257513983e-06,0.0244322865483807,0.0749248759153336,0.1859769970284189,0.044931397391168,0.0025459044125767,6.339764445438321e-05,0.0274639771059855,0.6757957221445217,-0.295808247079638,0.031616315627452,-0.0799351816853584,0.0637753747212607,0.123886426133027,-3.241696230640202,-3.6607356734650818,-0.7913121004054416,0.0129497222590533,-0.0001642944632364
3.03,-0.0007885641956702,1.4707190232722007,-1.0048464935250097,-0.5419644586275708,2.7384262614893828e-05,2.152443084308429e-06,0.0245168783657946,0.0796872585650168,0.1832445218119141,0.0444949140828662,0.0025311157576798,6.53581958557031e-05,0.0204504639238851,0.594054077983171,-0.4666747521908065,-0.001072682277155,-0.0822347503478187,0.0634597485285976,0.1237865566831034,-3.2670896133184604,-3.700358614325781,-0.8015724663426815,0.0128189363216481,-0.000159655680725
3.04,-0.0005430466623817,1.4715551662894422,-1.0030537277202742,-0.5415269642063028,5.249375918439098e-05,2.8230738745528707e-06,0.0245517533288562,0.0836143017241531,0.17927658047355,0.0437494421268004,0.0025109496569497,6.706307902444414e-05,0.0133725141914667,0.5116599637248003,-0.6341010093999063,-0.0337443880880076,-0.0841664097638223,0.0630636135493924,0.1234303595666541,-3.296490070128549,-3.745767501785664,-0.8132750456079908,0.0126606642001634,-0.0001562327866629
3.0500000000000003,-0.0002976790612072,1.4724222640070022,-1.0013126894755202,-0.541099948365355,7.734877810303377e-05,3.508216450001252e-06,0.0245367601174505,0.0867097717560002,0.1741038244753981,0.0427015840947679,0.0024855018918642,6.851425754483815e-05,0.0062402124074737,0.4292380290385481,-0.7969772128648964,-0.0661667785658595,-0.0857230017390364,0.0625879287402332,0.1228176060119413,-3.329515370507565,-3.7966372494456464,-0.8263318886949569,0.0124754707771381,-0.0001539848895494
3.06,-5.296080779858129e-05,1.4733120982228736,-0.9996350390571274,-0.5406863481400018,0.0001018975554599,4.205366388792153e-06,0.0244718253408635,0.0889834215871395,0.1677650418392887,0.041360022535317,0.002454877735688,6.971499387909005e-05,-0.0009349810334061,0.3473947442035417,-0.9542192411455048,-0.0981027538572192,-0.0868997183704359,0.0620332155456722,0.1219486605492221,-3.365772941794692,-3.852607889898578,-0.8406466876220157,0.0122639840375543,-0.0001528656967503
3.0700000000000003,0.0001906088105625,1.4742166057748003,-0.9980319698003226,-0.5402889934441587,0.0001260894751278,4.912064419741558e-06,0.0243569618361175,0.0904507551926699,0.1603069256804761,0.0397354695843075,0.0024191919667887,7.066980309494048e-05,-0.008140301357993,0.2667137206206278,-1.1047765997572827,-0.1293125201392131,-0.0876940327668398,0.061399582361197,0.1208245122857491,-3.404862949125661,-3.913286870499893,-0.8561153795861041,0.0120268939554976,-0.0001528239561763
3.08,0.0004325315742425,1.475127933301441,-0.9965141319806576,-0.5399105874423461,0.0001498751636039,5.625908398164728e-06,0.0241922763679979,0.0911327526640786,0.1517837819664959,0.0378406001812647,0.0023785688476115,7.138439784231703e-05,-0.0153617759013684,0.1877515881872032,-1.2476402107428786,-0.1595561487941066,-0.0881056137882505,0.0606867582944882,0.1194468000358918,-3.4463810910747323,-3.9782515538779313,-0.8726267937471823,0.0117649509737351,-0.0001538039210039
3.09,0.0006723113401067,1.4760384889161455,-0.9950915601992602,-0.5395536877500299,0.0001732065842106,6.344564648750364e-06,0.0239779765864131,0.0910555614704528,0.1422571781397531,0.0356899692316254,0.0023331420606699,7.186562505856357e-05,-0.0225843408786833,0.1110344676698309,-1.3818499699630298,-0.1885962676865324,-0.0881362288259345,0.0598941351231874,0.1178178311765997,-3.489921097599701,-4.047051908406038,-0.8900633381502777,0.0114789640949057,-0.000155745833193
3.1,0.0009094551113822,1.4769409905132442,-0.9937736048503188,-0.5392206886175167,0.0001960371301589,7.065778598681804e-06,0.0237143771275511,0.0902501597098594,0.1317955348941276,0.0332999132513187,0.0022830545948358,7.212139499314405e-05,-0.0297919736432119,0.037055060652742,-1.5065019944817064,-0.2162008356116205,-0.0877896383564506,0.0590208162991825,0.1159405942724667,-3.535076927432096,-4.119213372764906,-0.9083017236707972,0.0111697986120778,-0.0001585864215639
3.11,0.0011434741591444,1.4778285104851108,-0.9925688682100708,-0.538913804245304,0.0002183217159311,7.7873846311417e-06,0.0234019047762268,0.088751997186663,0.1204736640248021,0.0306884372212702,0.0022284585772169,7.216060324598962e-05,-0.0369678357060625,-0.0337296363426559,-1.6207554854297466,-0.2421459477348735,-0.087071485584502,0.0580656718234539,0.1138187656636282,-3.5814446721333137,-4.194239877727468,-0.927213721731792,0.0108383735133824,-0.0001622594102625
3.12,0.001373885185511,1.478694516685554,-0.9914851456514162,-0.5386350533696888,0.0002400168664103,8.507315097201371e-06,0.0230411026366568,0.0866006200443209,0.1083722558654687,0.0278750875615207,0.0021695150479207,7.199304660596716e-05,-0.0440944220407108,-0.1009000028894047,-1.7238391359718828,-0.2662186179359507,-0.0859891839699765,0.0570273978051689,0.1114567103284031,-3.628624183330269,-4.271617007397803,-0.9466669523872728,0.0104856586000694,-0.0001666960335724
3.13,0.0016002115183768,1.4795329095299383,-0.9905293724476368,-0.538386245246647,0.0002610808031797,9.223608432750096e-06,0.0226326332865792,0.0838392844384489,0.09557732037794,0.0248808123041766,0.0021063936769399,7.162933355487254e-05,-0.0511537125964135,-0.1640748755073954,-1.815057019346208,-0.2882194834234912,-0.0845518048422565,0.0559045795214414,0.108859477417652,-3.676220447907882,-4.350815281325592,-0.9665256991931382,0.0101126713596086,-0.0001718255532052
3.14,0.0018219843275192,1.480338055173567,-0.9897075765830649,-0.5381689671496652,0.0002814735274215,9.9344163364092e-06,0.0221772809142397,0.0805145643628392,0.0821795864572088,0.021727809698182,0.0020392724241814,7.108079036591026e-05,-0.0581273224716163,-0.2229120772845444,-1.8937938982133504,-0.3079653778700955,-0.0827699666751002,0.054695756807322,0.1060327909081191,-3.72384474296852,-4.431293538192945,-0.9866517470976296,0.0097204736354196,-0.000177575774421
3.15,0.0020387438521046,1.481104814756136,-0.9890248379385363,-0.537984573483523,0.0003011568988739,1.063800997413229e-05,0.0216759524585396,0.0766759582568852,0.0682738644528329,0.0184393666142173,0.0019683371452427,7.035936377230908e-05,-0.0649966478214291,-0.2771084479554008,-1.959519903572275,-0.3252917215779165,-0.0806557269593271,0.0533994906269228,0.1029830358384368,-3.771115608012604,-4.512502401125031,-1.0069052393783802,0.009310168132686,-0.0001838735575759
3.16,0.0022500406299955,1.48182856974059,-0.988485254165742,-0.5378341766011957,0.0003200947103426,1.1332785186238544e-05,0.0211296777890953,0.0723754984454004,0.0539583772794414,0.0150396882327349,0.0018937811468622,6.947752121062562e-05,-0.0717430052578942,-0.3263994369107735,-2.0117945390906136,-0.3400546807256175,-0.0782224770039475,0.0520144297065887,0.0997172405768755,-3.81765967593808,-4.593887804103879,-1.0271455494358843,0.0088828947957881,-0.0001906453219681
3.17,0.0024554367197435,1.4825052434087191,-0.9880919135078324,-0.53771863939529,0.0003382527573125,1.201726668277854e-05,0.0205396089747947,0.0676673668129167,0.0393340657909767,0.0115537205905704,0.0018158046969962,6.844814965399953e-05,-0.0783477632126379,-0.3705583300846766,-2.0502699746660893,-0.3521330525343522,-0.0754848394469936,0.0505393761501395,0.0962430555289221,-3.863112407033926,-4.6748945584626735,-1.0472321630277754,0.0084398270875836,-0.0001978175391323
3.18,0.0026545069067099,1.4831313186029005,-0.987846874764608,-0.5376385697189829,0.0003555989022645,1.2690111223211526e-05,0.0199070186966452,0.0626075194181414,0.024503874322437,0.0080069676306971,0.0017346144951929,6.728445404329848e-05,-0.0847924644330248,-0.4093951875611263,-2.0746936012282413,-0.36142983897183,-0.0724585677935475,0.0489733490040965,0.0925687286313045,-3.907118771132356,-4.754969938002923,-1.0670255662992212,0.0079821681945347,-0.00020531721302
3.19,0.0028468398853449,1.483703851823256,-0.9877511545400258,-0.5375943166745334,0.0003721031333576,1.335010978620522e-05,0.0192332978634947,0.0572533220355369,0.0095720224582206,0.0044253044449551,0.0016504231093176,6.599985629936947e-05,-0.0910589394405693,-0.4427555718829913,-2.08490982702811,-0.3678734783576871,-0.0691604469413658,0.0473156448006602,0.0887030779041363,-3.949333922507004,-4.833567260910981,-1.0863881347379425,0.0075111471750207,-0.0002130723447766
3.2,0.003032039410225,1.4842204838022104,-0.9878047218483468,-0.5375859687903233,0.0003877376172053,1.3996188744791289e-05,0.0185199524880138,0.0516631978954505,-0.0053567308321089,0.0008347884210139,0.0015634483847662,6.460789585860674e-05,-0.0971294113632496,-0.4705191473611058,-2.0808611038455287,-0.3714187116105609,-0.0656081934194469,0.0455658941767617,0.0846554612518689,-3.989423910018455,-4.91014944635681,-1.105185017963918,0.0070280150615812,-0.0002210123800963
3.21,0.003209725408983,1.4846794466842776,-0.9880065000937504,-0.5376133540902948,0.0004024767455261,1.4627410070973374e-05,0.0177685998757925,0.045896288206729,-0.0201778245403514,-0.0027385299971477,0.0014739128320828,6.312213261820869e-05,-0.10298659303434,-0.4925982282037847,-2.062588179533415,-0.372047067801641,-0.0618203539610293,0.0437241137501227,0.0804357436243171,-4.027066461507796,-4.98419252344478,-1.12328501506073,0.00653404092179,-0.0002290686373741
3.22,0.0033795350507163,1.485079567938374,-0.9883543763773364,-0.5376760420427993,0.0004162971755104,1.524297060205985e-05,0.0169809641733354,0.0400121254096334,-0.0347876283586085,-0.0062687952504547,0.0013820429984315,6.155605310864775e-05,-0.1086137776082413,-0.5089363481516505,-2.030229581047012,-0.3697669618729122,-0.0578162010626447,0.0417907525279875,0.0760542615783536,-4.061951876646998,-5.055189070063736,-1.1405614349747086,0.006030507877386,-0.0002371747150973
3.23,0.0035411237638366,1.485420271123805,-0.9888452180258152,-0.5377733473594856,0.0004291778637873,1.584220040837001e-05,0.0161588713120295,0.0340703185431076,-0.0490841648478722,-0.0097305316686316,0.0012880688276902,5.992298063101593e-05,-0.1139949241638416,-0.5195069167418083,-1.9840203395124616,-0.3646134056492194,-0.0536156243396331,0.0397667322284154,0.0715217852253983,-4.093784056522222,-5.122651559165631,-1.1568929363569955,0.0055187090775424,-0.000245266877109
3.24,0.0036941661975948,1.4857015736201744,-0.9894748961784496,-0.537904335599119,0.0004411000939184,1.642456030845216e-05,0.01530424337582,0.0281302496369408,-0.0629678152634557,-0.0130988239633381,0.0011922230131031,5.8235990008215056e-05,-0.1191147398402574,-0.5243120176546474,-1.924289975922244,-0.3566473414252487,-0.049239016766312,0.0376534810066312,0.0668494775149038,-4.122281691325403,-5.186115590104368,-1.172164341109554,0.0049999436200211,-0.0002532844145411
3.25,0.003838357121708,1.4859240814168782,-0.9902383162135786,-0.5380678305163256,0.0004520474973734,1.6989638583489482e-05,0.0144190924113208,0.0222507796703746,-0.0763420035128832,-0.0163494917206609,0.0010947403455059,5.65078275037324e-05,-0.1239587599781666,-0.5233813932031567,-1.851459772692532,-0.3459546152085933,-0.0447071552686592,0.0354529601970891,0.0620488507935835,-4.147179619851976,-5.245142982906517,-1.18626741582609,0.0044755124135997,-0.0002611699833419
3.26,0.0039734122586219,1.4860889810407223,-0.991129454743818,-0.538262423081353,0.0004620060679653,1.753714694711165e-05,0.0135055136913897,0.0164899623844446,-0.0891138530239237,-0.0194592565027383,0.0009958570591856,5.475083636221669e-05,-0.1285134275291736,-0.5167716463460125,-1.7660393625425077,-0.3326446140349528,-0.0400410755977438,0.0331676838009803,0.0571317205964995,-4.168230366254848,-5.299324713741501,-1.1991016152995595,0.0039467139766551,-0.0002688699164347
3.27,0.0040990690429985,1.4861980286817398,-0.992141402860328,-0.5384864820841722,0.0004709641697306,1.8066915830357527e-05,0.012565678437655,0.0109047641017181,-0.1011948116510039,-0.0224059002819158,0.0008958101765295,5.297688832458769e-05,-0.1327661726597622,-0.5045656781192215,-1.668622671971311,-0.3168485983653726,-0.0352619419287669,0.0308007305668941,0.0521101566698986,-4.185205850905056,-5.348283670428359,-1.2105747823054187,0.0034148401700921,-0.000276334509617
3.28,0.0042150873030467,1.486253536558696,-0.9932664152617456,-0.5387381662247349,0.0004789125382486,1.8578889044048325e-05,0.0116018260048225,0.0055507876956116,-0.1125012401417791,-0.0251684140562703,0.0007948368518036,5.1197321369079776e-05,-0.1367054930352174,-0.486872364573062,-1.5598832619727745,-0.2987177663996618,-0.0303909121743215,0.0283557486225501,0.0469964312957624,-4.1978992634837695,-5.391677207575492,-1.2206037979694635,0.0028811718677934,-0.0002835182803688
3.29,0.0043212498583504,1.48625835654829,-0.9944959648629098,-0.539015437581038,0.0004858442753861,1.9073117882354684e-05,0.0106162555303671,0.0004819989593932,-0.122954960116404,-0.0277271356303077,0.0006931737137493,4.942288383063577e-05,-0.1403210347483106,-0.4638264636587755,-1.4405691135409109,-0.2784210919873837,-0.0254490005431488,0.0258369527187684,0.0418029650815323,-4.206127077809006,-5.42919948191302,-1.2291151771953484,0.0023469745741804,-0.0002903801987768
3.3000000000000003,0.0044173630289279,1.4862158610867444,-0.9958208024426494,-0.5393160763379061,0.0004917548374485,1.9549754731917505e-05,0.0096113170577508,-0.0042495461545446,-0.1324837579739565,-0.0300638756868118,0.00059105620624,4.7663684956282015e-05,-0.1436036732869633,-0.4355887294985691,-1.3114969099460776,-0.2561429816053611,-0.0204569393861109,0.0232491142344163,0.0365422704910192,-4.209731179614253,-5.460583549554625,-1.2360456038629677,0.0018134940060096,-0.0002968838898067
3.31,0.0045032570504252,1.4861299213404242,-0.9972310208589212,-0.5396376966521349,0.0004966420167088,2.0009046250571865e-05,0.0085894021497307,-0.0085939746320107,-0.1410218416271709,-0.0321620314228766,0.0004887179260306,4.592915186543597e-05,-0.1465455933473603,-0.4023461995186365,-1.173545871653503,-0.2320807985756454,-0.0154350428211209,0.0205975441675228,0.0312268935183947,-4.208581070771789,-5.485603208323507,-1.2413424008169909,0.0012819516637809,-0.0003029978061758
3.3200000000000003,0.0045787863906299,1.4860048826341552,-0.9987161233336358,-0.5399777635238618,0.0005005059162758,2.0451326178602683e-05,0.0075529340204726,-0.0125038706268938,-0.1485102474714675,-0.0340066871726988,0.0003863899566965,4.422799280308183e-05,-0.1491403657285461,-0.3643126094086096,-1.0276512030805205,-0.2064423041876457,-0.0104030749904804,0.0178880693964443,0.0258693540396071,-4.202576106508747,-5.504074569896019,-1.24496393004549,0.0007535404266646,-0.0003086953710962
3.33,0.0046438299629371,1.485845537122789,-1.0002650952887389,-0.5403336105397558,0.0005033489182578,2.087700784362169e-05,0.0065043572307172,-0.0159345511366133,-0.1548971955103157,-0.0355847015893963,0.0002843001981969,4.2568166501900886e-05,-0.1513830190254877,-0.3217288821070087,-0.8747972130722881,-0.1794430657158252,-0.0053801260541939,0.0151270025409075,0.0204820855072053,-4.191647716203061,-5.51585734835226,-1.246879918901163,0.0002294202131852,-0.0003139550901843
3.34,0.0046982912330223,1.4856570936937938,-1.001866479199529,-0.5407024583508122,0.0005051756451789,2.128657641770109e-05,0.0054461270085269,-0.0188443428995217,-0.1601383910790475,-0.0368847811056441,0.0001826726921102,4.09568574079397e-05,-0.1532701034033979,-0.2748636302501756,-0.7160101729551821,-0.1513038804873518,-0.0003844991409004,0.0123211057849807,0.015077374777649,-4.17576155355468,-5.520855853764661,-1.2470717087396996,-0.000289286242441,-0.0003187606318718
3.35,0.0047420982158062,1.4854451450965938,-1.00350845192079,-0.5410814337461721,0.0005059929146134,2.1680580982443912e-05,0.0043806982783821,-0.0211948597199982,-0.1641972721260617,-0.0378975395359894,8.172694345649768e-05,3.9400456474282434e-05,-0.1547997434166367,-0.2240136069383952,-0.5523509772553779,-0.1222482631291979,0.0045663885489062,0.0094775490470484,0.0096673029672091,-4.154919518465685,-5.519019681686655,-1.2455324229374944,-0.000801497441904,-0.0003231008757038
3.36,0.0047752033608322,1.485215632308167,-1.005178903935955,-0.541467589184374,0.0005058096870245,2.2059626454335302e-05,0.0033105145025998,-0.0229512788426578,-0.1670452015165171,-0.0386155438201866,-1.8322758891943432e-05,3.790454718913896e-05,-0.1559716766567628,-0.1695040373652404,-0.3849076725566692,-0.0925000400921343,0.0094560874743416,0.0066038628989108,0.004263688316524,-4.129161590963076,-5.510344091800863,-1.242267051898634,-0.0013061769409737,-0.0003269699279966
3.37,0.0047975833254332,1.484974806163972,-1.0068655199790733,-0.5418579226447213,0.000504637006825,2.242436541912808e-05,0.0022379964601061,-0.0240826144195039,-0.1686616043118259,-0.039033346034732,-0.0001172680199531,3.647389647927767e-05,-0.1567872749963783,-0.1116887638538044,-0.2147879194999002,-0.0622810914803401,0.0142691776433616,0.0037078866532573,-0.0011219679012788,-4.098567417057556,-5.494870071521579,-1.2372924533618883,-0.0018023368698683,-0.0003303671044274
3.38,0.0048092386365064,1.4847291863083447,-1.008555860483488,-0.5422493976638926,0.0005024879367259,2.27754899202966e-05,0.0011655311073221,-0.0245619855627432,-0.1690340504414846,-0.0391475019171294,-0.0002149070099058,3.5112450116851654e-05,-0.157249545351693,-0.0509501391006704,-0.0431114515491522,-0.0318092752936385,0.018991308467827,0.0007977120576401,-0.0064785313730261,-4.063257587610758,-5.472684082985975,-1.2306372670637895,-0.002289041090635,-0.0003332968792744
3.39,0.0048101932433375,1.484485517548645,-1.0102374433196422,-0.5426389634264194,0.0004993774854973,2.311372324286924e-05,9.546068310504856e-05,-0.0243668759699561,-0.1681582836154077,-0.0389565762526753,-0.00031104512286,3.382333225726428e-05,-0.1573631072223013,0.0123013931666778,0.1289974081468824,-0.001296563571461,0.0236092150124486,-0.0021183769364471,-0.0117952795987602,-4.023394554100245,-5.4439174945745545,-1.2223417435940478,-0.0027654079279559,-0.000335768801192
3.4,0.0048004939656691,1.4842507237320015,-1.0118978252968325,-0.5430235747820729,0.00049532252934,2.343981173034084e-05,-0.0009699277668399,-0.0234793816643452,-0.1660381977190263,-0.0384611355653457,-0.0004054956157361,3.260884874716e-05,-0.1571341447787672,0.0776280845258299,0.30041711364022,0.0290525863302839,0.0281107097994542,-0.0050319678205269,-0.0170619406208051,-3.9791831296024895,-5.408745700833173,-1.212457488083585,-0.0032306124138918,-0.0003377973756152
3.41,0.0047802098430496,1.4840318593017447,-1.0135246829196811,-0.5434002120683898,0.0004903417271537,2.3754516668980724e-05,-0.0020284122619534,-0.0218864430257076,-0.1626857622848744,-0.0376637286316997,-0.0004980802186295,3.147049386398842e-05,-0.1565703319445021,0.1445660814500505,0.4700360926855057,0.0590426086917985,0.032484650150569,-0.0079345860265401,-0.0222687247366234,-3.930870529290588,-5.367386937383477,-1.20104712018166,-0.0036838879936362,-0.0003394019141251
3.42,0.004749431393369,1.483836058731644,-1.015105891909073,-0.5437659006223787,0.0004844554300836,2.405860627078703e-05,-0.0030778449680547,-0.0195800570100661,-0.1581208989391783,-0.036568855398893,-0.0005886297070083,3.0408960180630816e-05,-0.1556807297373669,0.2126270747662909,0.6367597234997395,0.0884879448595472,0.0367208819203038,-0.0108177636364327,-0.0274063484326694,-3.8787459121547383,-5.320100800062229,-1.1881838525944008,-0.0041245276482602,-0.0003406063513714
3.43,0.0047082697903295,1.4836704840788708,-1.016629605018846,-0.5441177298717254,0.00047768558583,2.435284778367363e-05,-0.0041161603039475,-0.0165574652773237,-0.1523713109772903,-0.0351829249346626,-0.0006769844253574,2.9424151288659885e-05,-0.1544756560687403,0.2813004247389493,0.7995170478427069,0.1172138942964315,0.0408101613616003,-0.013673109578391,-0.0324660499381778,-3.823139394347812,-5.267186480080486,-1.173950991259928,-0.0045518844014481,-0.0003414390304435
3.44,0.0046568559713338,1.4835422709401322,-1.018084327703108,-0.5444528719024117,0.000470055638315,2.4637999755274225e-05,-0.0051413818995783,-0.0128213138738574,-0.1454722684261988,-0.0335142030686312,-0.0007629947515032,2.851519716005948e-05,-0.1529665292063196,0.3500557757868617,0.9572671824055357,0.1450572051682801,0.0447440577266192,-0.0164923804853164,-0.0374395959869243,-3.764420514346132,-5.208980729399805,-1.158441361012246,-0.0049653711900296,-0.0003419324578885
3.45,0.0045953396888453,1.483458473138585,-1.0194589912141665,-0.5447685994064217,0.000461590423406,2.491480447505067e-05,-0.006151628248844,-0.0083797801547372,-0.1374663511058305,-0.0315727504010136,-0.000846521490893,2.76804719776447e-05,-0.151165687148856,0.418346162520245,1.1090053967457447,0.1718664148764439,0.0485148400010968,-0.0192675512844048,-0.0423192795852401,-3.702996140775002,-5.145855572748192,-1.1417566613247945,-0.0053644600923135,-0.0003421230298941
3.46,0.004523888519608,1.4834260065107905,-1.0207430227372154,-0.5450623029199995,0.0004523160615001,2.5183980618217524e-05,-0.0071451169237296,-0.0032466627794661,-0.1284031523049127,-0.0293703513577753,-0.0009274361905963,2.6917614316685344e-05,-0.1490861861893982,0.4856115962202242,1.2537688324200302,0.1975019569346514,0.0521153518619567,-0.0219908844827966,-0.0470979088089295,-3.639307825030345,-5.07821578471064,-1.1240067574129815,-0.005748680923369,-0.0003420507314775
3.47,0.0044426868471461,1.4834515922020477,-1.021926412194663,-0.5453315072696175,0.0004422598478624,2.5446216114339647e-05,-0.0081201672461904,0.0025585691257471,-0.1183389457447526,-0.0269204349618049,-0.0010056213637658,2.6223549612212248e-05,-0.1467415829093265,0.5512831083956617,1.390641844326481,0.2218360559942063,0.0555388794993156,-0.0246549970173941,-0.0517687868827553,-3.5738286124627567,-5.006496152101254,-1.1053089126021396,-0.0061176192219819,-0.0003417588108333
3.48,0.0043519348336535,1.4835416999138609,-1.0229997753798603,-0.5455738871493114,0.0004314501416951,2.570216126329902e-05,-0.009075201349261,0.0090107711813257,-0.1073363185197415,-0.0242379879693911,-0.001080970616733,2.5594514895937243e-05,-0.1441457047011099,0.6147872159432384,1.5187609513856146,0.2447524375094492,0.058779017328521,-0.0272529234608876,-0.0563256840263604,-3.5070593375955488,-4.931158543336224,-1.085786968423206,-0.0064709136695305,-0.0003412934312892
3.49,0.0042518473976715,1.483702491578075,-1.023954413106683,-0.545787281759234,0.0004199162549672,2.5952422121615214e-05,-0.0100087435981998,0.0160791664214053,-0.0954637726822686,-0.0213394609922575,-0.0011533886727918,2.5026085831619776e-05,-0.1413124146182465,0.6755507609955805,1.6373193893884308,0.2661458823206457,0.0618295368133714,-0.029778174327757,-0.0607628017725754,-3.4395244403350493,-4.852688807765343,-1.0655704793743863,-0.0068082529959674,-0.0003407033035877
3.5,0.0041426532138241,1.4839397659574585,-1.0247823660875692,-0.5459697084411315,0.0004076883420773,2.619755418277879e-05,-0.0109194183847396,0.0237274379383486,-0.0827952980886441,-0.0182426681897495,-0.0012227912889902,2.4513206116356957e-05,-0.1382553768581854,0.7330060680168357,1.7455712639156098,0.2859216593828302,0.0646842636185415,-0.0322247882131887,-0.06507473067133,-3.3717673511135358,-4.771593528878968,-1.0447938096761262,-0.0071293724419636,-0.0003400393014426
3.51,0.0040245937503114,1.4842589046913996,-1.025476465278059,-0.5461193752518905,0.000394797291429,2.6438056376239824e-05,-0.0118059463512693,0.0319138733941237,-0.0694099190489782,-0.0149666810759042,-0.0012891050648229,2.4050219346103586e-05,-0.1349878294678916,0.7865963513287532,1.8428353055637368,0.303994871785016,0.0673369681040175,-0.0345873765341042,-0.0692564024788137,-3.30434550310372,-4.688396655987293,-1.0235951996434152,-0.0074340498586149,-0.0003393540635072
3.52,0.003897922358857,1.4846648203172603,-1.0260303774504156,-0.5462346924213353,0.000381274619984,2.667436541089761e-05,-0.0126671391454393,0.0405915625860736,-0.055391217235659,-0.0115317169444802,-0.0013522671445068,2.3630903465779236e-05,-0.1315223709019561,0.835781298206045,1.928498233161413,0.3202897521589003,0.0697812737772725,-0.0368611597262096,-0.0733030380919468,-3.237825038798531,-4.603636039377608,-1.0021158095002896,-0.0077221015365069,-0.0003387015850245
3.53,0.00376290343038,1.4851619068022457,-1.0264386457825183,-0.5463142826450756,0.0003671523718099,2.6906850490265693e-05,-0.0135018928477016,0.0497086484985148,-0.0408268332102768,-0.0079590223740387,-0.0014122248174105,2.3248507936807952e-05,-0.1278707668516304,0.8800427461273985,2.00201773314214,0.3347389435253252,0.0720105877451714,-0.0390419938915472,-0.0772100926184244,-3.1727752861202245,-4.517859894105366,-0.9804987485644654,-0.007993377864033,-0.000338136802509
3.54,0.0036198116278488,1.485753993117003,-1.0266967252708743,-0.546356990167448,0.000352463021569,2.713580842784221e-05,-0.0143091802531205,0.059208631475749,-0.0258079488355999,-0.0042707522372381,-0.0014689350240819,2.289579375765187e-05,-0.1240437833028073,0.918890367823736,2.062925064721283,0.3472828005807216,0.0740180564842988,-0.0411263870822211,-0.0809731990691843,-3.109763085599633,-4.431623217485341,-0.9588880977355948,-0.0082477589203465,-0.0003377151748252
3.5500000000000003,0.0034689312056185,1.4864443003703185,-1.0268010127984264,-0.5463618886135062,0.0003372393837886,2.7361459192501363e-05,-0.0150880422230288,0.0690307253315334,-0.0104287527552068,-0.0004898446058167,-0.0015223637780448,2.256507646591477e-05,-0.1200510510876205,0.951867274511059,2.110827300988759,0.3578687444739117,0.0757965494043458,-0.0431115046463265,-0.0845881122207226,-3.0493470548710278,-4.345484185041379,-0.9374279331303949,-0.00848515011099,-0.0003374922639822
3.56,0.0033105554221134,1.4872354030041215,-1.0267488717089823,-0.5463282875326794,0.0003215145286286,2.7583941914844695e-05,-0.0158375783505099,0.0791102633803194,0.0052141089443956,0.0033601080826823,-0.0015724855160036,2.224827223433356e-05,-0.1159009662938999,0.978555446181552,2.1454092155287734,0.3664507012684357,0.0773386717513341,-0.0449951633424526,-0.0880506542175195,-2.992071879622187,-4.2600005491725454,-0.9162613585256671,-0.0087054779539103,-0.0003375233188577
3.5700000000000003,0.0031449860500608,1.488129194519644,-1.0265386507607843,-0.5462557376202107,0.0003053217047166,2.780331138632616e-05,-0.016556937205261,0.089379151552244,0.0210220948198167,0.0072549912468686,-0.0016192823911907,2.193694714814583e-05,-0.1116006298247627,0.998580898069329,2.1664348227850048,0.3729886506567546,0.0786368074210753,-0.0467758142388679,-0.0913566634689842,-2.938462721124683,-4.1757260641259375,-0.8955295540012063,-0.0089086861201604,-0.000337862864895
3.58,0.002972532985687,1.4891268581691686,-1.0261696973522447,-0.5461440345859233,0.0002886942694545,2.801953508351422e-05,-0.0172453064373841,0.099766364952457,0.0368953408539544,0.011170303428742,-0.0016627435262173,2.1622369718806582e-05,-0.1071558282004214,1.0116184943934146,2.1737485782315966,0.3774483071442862,0.0796831912656942,-0.0484525147389031,-0.0945019483405278,-2.889019829492427,-4.093206960058609,-0.8753708478256552,-0.0090947318271068,-0.0003385643025982
3.59,0.0027935139554311,1.4902288430037791,-1.025642364933516,-0.5459932216433461,0.0002716656270256,2.823249075001245e-05,-0.0179019030255863,0.1101984834610741,0.0527332418728754,0.0150812942577198,-0.0017028642428868,2.1295566649822732e-05,-0.102571056413358,1.0173963241732913,2.1672762416290667,0.3798009509952162,0.0804700095110456,-0.0500248904004346,-0.0974822470449426,-2.844213448869735,-4.012978488048683,-0.8559198182076679,-0.0092635826724934,-0.0003396795173828
3.6,0.0026082543159014,1.4914348456163546,-1.0249580145386372,-0.5458035905958851,0.0002542691741563,2.8441964568268964e-05,-0.0185259639529681,0.1206002612575272,0.0684350394878877,0.018963104746093,-0.0017396452869343,2.094738182565169e-05,-0.0978495823365858,1.0156995592447808,2.1470254034307303,0.3800234208158422,0.080989525992917,-0.0514930875280396,-0.1002931950091923,-2.804479095873329,-3.9355615569022486,-0.8373064310515701,-0.0094152139854226,-0.0003412585030318
3.61,0.0024170869400702,1.4927437978614178,-1.0241190103948767,-0.545575681500667,0.0002365382535006,2.8647649952720647e-05,-0.0191167375831222,0.1308952245063015,0.0839004143760392,0.0227909095218059,-0.0017730920655656,2.0568538445168406e-05,-0.0929935508931536,1.006373721495975,2.113085670945652,0.378098273888046,0.0812342310909855,-0.0528577177971427,-0.1029303008247648,-2.770213285892744,-3.86145948151936,-0.8196552193214205,-0.0095496067554831,-0.0003433490006751
3.62,0.00222035218016,1.4941538607701486,-1.023128709588856,-0.5453102808950246,0.0002185061143508,2.8849146994402352e-05,-0.0196734759910173,0.1410062908730809,0.0990300806020896,0.0265400605642355,-0.0018032139149791,2.014970416817036e-05,-0.0880041249703659,0.9893272946854804,2.065628507383237,0.3740141143767861,0.0811970095146615,-0.0541197964041141,-0.105388931689357,-2.7417697734246493,-3.791154861446364,-0.8030845090408691,-0.0096667461842362,-0.0003459961548625
3.63,0.0020183978953832,1.4956624248107804,-1.0219914457933992,-0.5450084185754467,0.0002002058802128,2.9045962585278583e-05,-0.0201954284776799,0.1508564040631868,0.1137263795456671,0.0301862319577991,-0.0018300234138044,1.9681559087623213e-05,-0.0828816589480907,0.9645336258784905,2.00490671359937,0.367766083489391,0.0808713224932762,-0.0552806754157665,-0.1076643090173579,-2.7194563626571115,-3.725106607067165,-0.7877056963499447,-0.0097666208845265,-0.0003492421879485
3.64,0.0018115795307249,1.4972661165727672,-1.020712507085067,-0.5446713629242663,0.0001816705226464,2.9237511248105507e-05,-0.0206818364658274,0.1603691761986902,0.1278938708332201,0.0337055651180417,-0.0018535357566398,1.915486628269247e-05,-0.0776258997436363,0.9320320723990008,1.931253539464092,0.3593564996541545,0.0802513994567845,-0.0563419741044026,-0.1097515146408251,-2.7035323332508594,-3.6637471296825055,-0.7736225794155518,-0.009849222733155,-0.0003531260936673
3.65,0.0016002602313619,1.4989608118786282,-1.0192981079101542,-0.5443006147854956,0.0001629328406494,2.9423116694593454e-05,-0.0211319299363071,0.1694695305860901,0.1414399174912781,0.0370748138770739,-0.0018737681996922,1.8560544648794894e-05,-0.072236209486408,0.8919283620903732,1.8450814094567551,0.3487956310213196,0.079332433974365,-0.0573055080982694,-0.1116455077470736,-2.6942065139448577,-3.607479710500096,-0.7609307483614416,-0.0099145473619743,-0.0003576833504625
3.66,0.001384810976126,1.500741655251436,-1.0177553552867291,-0.543897899898076,0.0001440254447693,2.960201413100976e-05,-0.0215449255235828,0.178084337280773,0.1542752623424884,0.0402714887419556,-0.0018907395880126,1.7889743641630307e-05,-0.0667118033461468,0.8443941474288379,1.746880245556503,0.3361025771532198,0.0781107785514284,-0.0581732191489654,-0.1133411524104596,-2.691636023534889,-3.5566760623127607,-0.7497170357571092,-0.009962595252117,-0.0003629456548552
3.67,0.0011656107126879,1.502603085589772,-1.0160922093620592,-0.5434651599024429,0.0001249807450585,2.9773353326140973e-05,-0.0219200263438142,0.1861430338336085,0.1663145924669999,0.0432739995633044,-0.0019044699710812,1.7133919513121268e-05,-0.0610519956632642,0.7896657474495008,1.63721536987118,0.321306231877581,0.0765841328760464,-0.0589471072217513,-0.1148332552824005,-2.6959256852541102,-3.5116740963764586,-0.7400590295938312,-0.0099933733765882,-0.0003689406749064
3.68,0.0009430464768621,1.5045388678269025,-1.0143174384784803,-0.5430045419446953,0.0001058309419522,2.993620245173193e-05,-0.0222564235825786,0.19357822371302,0.177477088357894,0.0460617957747699,-0.0019149803106335,1.6284912559095166e-05,-0.0552564473756037,0.7280420853144255,1.516724969866781,0.3044462949992716,0.0747517202516172,-0.0596291664574895,-0.1161166127141969,-2.707128106960607,-3.4727759057137426,-0.7320246500898004,-0.0100068973185878,-0.0003756918236559
3.69,0.0007175134786386,1.5065421302782471,-1.012440568936281,-0.5425183869117955,8.66080191348234e-05,3.0089552700153656e-05,-0.0225532998223515,0.2003262451345154,0.1876869542199391,0.0486155032899753,-0.0019222922817399,1.533502484217306e-05,-0.0493254078017323,0.6598818434449897,1.3861171105884686,0.2855742970844597,0.0726144472518571,-0.0602213263471201,-0.1171860663115724,-2.725244406155035,-3.440245974758275,-0.7256717911135318,-0.0100031937773983,-0.0003832180523137
3.7,0.0004894151382004,1.5086054073122317,-1.0104718296792257,-0.542009216341044,6.7343737481207e-05,3.0232323678148935e-05,-0.0228098340438234,0.2063277033984187,0.1968739257055389,0.0509170570751458,-0.0019264281653616,1.4277097799528212e-05,-0.0432599441189179,0.5855998722077826,1.2461662809388174,0.2647545989675759,0.0701750420783698,-0.0607253992141953,-0.11803656566824,-2.7502255460583376,-3.4143096239194235,-0.7210480265028243,-0.0099823033611606,-0.0003915336629426
3.71,0.0002591630562871,1.5107206869155545,-1.008422092166627,-0.5414797180574844,4.8069629201254375e-05,3.0363369569098245e-05,-0.0230252081913254,0.2115279603322728,0.2049737512598777,0.0529498283559629,-0.0019274108279952,1.310458909493083e-05,-0.0370621523507182,0.5056629019208894,1.097709464906031,0.2420653260259913,0.0674381676800446,-0.0611430348304486,-0.1186632368084173,-2.781974237111119,-3.395151696281059,-0.7181903810914979,-0.0099442835569398,-0.0004006481404053
3.72,2.717690476401158e-05,1.5128794626660669,-1.006302805734948,-0.5409327306037922,2.8816991384593264e-05,3.048148604938666e-05,-0.0231986151523153,0.2158775750512385,0.2119286431678884,0.0546987453692197,-0.0019252637816661,1.1811648028841586e-05,-0.0307353443345081,0.4205846211504546,0.9416417335328396,0.2175991968016344,0.064410506389686,-0.0614756827118363,-0.1190614546945572,-2.82034734762808,-3.3829154922550466,-0.7171251658422322,-0.0098892117636038,-0.0004105660034484
3.73,-0.0002061157748882,1.5150727895758576,-1.0041259287912778,-0.5403712265384282,9.616878229457975e-06,3.058541793719113e-05,-0.0233292679652218,0.219332690979101,0.2176876943670397,0.056150406536408,-0.0019200113155135,1.039318878044674e-05,-0.024284205949635,0.330920196604945,0.7789113593124218,0.1914642061918585,0.0611008136283714,-0.0617245623693821,-0.1192269180349748,-2.8651587582361904,-3.377701956589568,-0.7178678761239257,-0.0098171882724945,-0.000421286674962
3.74,-0.000440279875288,1.517291343224884,-1.0019038562200868,-0.5397982946892284,-9.499908656241204e-06,3.0673867544417566e-05,-0.0234164100399858,0.2218553649026472,0.2222072571190964,0.0572931849199845,-0.0019116786885699,8.844960722643823e-06,-0.017714922823746,0.2372603211038404,0.6105144614328524,0.1637841252590814,0.0575199390949594,-0.0618906415362469,-0.1191557245630811,-2.916182587385988,-3.379569120690311,-0.7204231518672426,-0.0097283390847641,-0.0004328043716686
3.75,-0.0006748731368105,1.5195254815723718,-0.9996493434228204,-0.5392171214609693,-2.850283237739405e-05,3.0745503694681346e-05,-0.0234593261522476,0.2234138347487653,0.225451279726647,0.0581173228258999,-0.0019002923721152,7.1636150263776645e-06,-0.011035270766546,0.1402248857979399,0.4374891976974936,0.134698782702018,0.053680814769461,-0.061974622169302,-0.1188444449596972,-2.973156709842481,-3.3885318017563084,-0.7247847980819322,-0.009622818462468,-0.0004451080137526
3.76,-0.0009094466763704,1.5217653088099663,-0.9973754274464176,-0.5386309713065724,-4.736163566945705e-05,3.079897136223748e-05,-0.0234573539559887,0.2239827237594807,0.2273915976402635,0.0586150154396916,-0.0018858803292063,5.346766755613299e-06,-0.0042546692732446,0.040456380758052,0.2609095268079214,0.1043640971390078,0.0495984099829624,-0.0619769338393509,-0.1182901936538286,-3.0357864867687114,-3.4045615587726124,-0.7309358640222474,-0.0095008111227559,-0.0004581811552233
3.77,-0.0011435456338801,1.5240007406077225,-0.9950953456910996,-0.5380431664822805,-6.604635885586258e-05,3.083290187873556e-05,-0.0234098957509745,0.2235431797755893,0.2280081755318025,0.0587804824291943,-0.0018684723186405,3.3930516498083727e-06,0.0026158024416302,-0.0613868660486015,0.0818785727816981,0.0729518345176861,0.0452896547089193,-0.0618977339841203,-0.1174906948635983,-3.103748624880581,-3.427586903952343,-0.7388487791389218,-0.0093625340002458,-0.0004720019360943
3.78,-0.0013767099362878,1.5262215701017496,-0.9928224527190134,-0.5374570662171285,-8.452736096299589e-05,3.084592364671624e-05,-0.0233164302407643,0.2220829494027185,0.2272892972086334,0.0586100265151958,-0.0018481002107133,1.3021767980685232e-06,0.0095634263115646,-0.1646374977532843,-0.0984783686703154,0.0406490710675763,0.0407733330787315,-0.0617369144037009,-0.1164443424228841,-3.1766950831788354,-3.4574937667958503,-0.748485543853174,-0.0092082375212336,-0.0004865430577425
3.79,-0.0016084751765305,1.528417533980759,-0.9905701357129084,-0.5368760454361085,-0.0001027753439893,3.0836673291007224e-05,-0.0231765240242692,0.2195963879009411,0.2252317006105009,0.0581020781020093,-0.0018247983026339,-9.250355709015268e-07,0.0165739015567562,-0.2686258707707092,-0.2790211342039167,0.0076573490699758,0.0360699498852494,-0.0614941133282407,-0.1151502521726771,-3.254256948889341,-3.494126206551416,-0.759797973124387,-0.009038206353913,-0.0005017717830631
3.8,-0.0018383736023154,1.530578378047616,-0.988351729157296,-0.5363034731843873,-0.0001207613802129,3.0803807171749866e-05,-0.0229898425784919,0.2160844066857124,0.2218406555612225,0.0572572251721159,-0.0017986036223569,-3.286611925735964e-06,0.0236314334841075,-0.3726866168865472,-0.4586022524970928,-0.0258084797857085,0.0312015734844518,-0.0611687323779899,-0.1136083059686335,-3.336048209337405,-3.537287367535992,-0.7727279907520463,-0.0088527596203321,-0.0005176499632447
3.81,-0.0020659352074309,1.5326939216609026,-0.9861804293329418,-0.5357426909065748,-0.0001384569423209,3.074601317582903e-05,-0.0227561605115525,0.2115543613286451,0.2171299824354224,0.0560782277812509,-0.0017695562108054,-5.779399592083331e-06,0.0307188514713275,-0.4761649161647045,-0.6360746981908442,-0.0595217207981622,0.0261916590118636,-0.0607599577597613,-0.1118191866549795,-3.421669353357447,-3.5867406705215243,-0.7872079723468988,-0.008652250577367,-0.0005341340931345
3.82,-0.0022906889163559,1.5347541204996673,-0.9840692092285602,-0.5351969907401709,-0.0001558339360606,3.066202269712563e-05,-0.0224753708925008,0.2060198838764721,0.2111220104381584,0.0545700166403849,-0.0017376993739659,-8.399047870340172e-06,0.0378177519323565,-0.5784223785139055,-0.810299773309141,-0.0932456017015468,0.0210648561811288,-0.060266785092834,-0.1097844036656188,-3.51071074425626,-3.6422112322256366,-0.8031611349187868,-0.0084370657945642,-0.00055117539724
3.83,-0.0025121638513223,1.5367491271410827,-0.9820307344808282,-0.5346695939858078,-0.0001728647350411,3.055062271039754e-05,-0.0221474934966337,0.1995006641415357,0.2038474747731953,0.052739675436303,-0.0017030798980548,-1.1139998672809356e-05,0.0449086615008239,-0.6788424413143181,-0.9801550450204104,-0.1267353184408977,0.0158468061167198,-0.0596880473224932,-0.1075063092212081,-3.6027557160229997,-3.703387503874641,-0.8205019710512428,-0.0082076238753327,-0.000568719948403
3.84,-0.0027298906697301,1.5386693489944356,-0.9800772809549968,-0.5341636299186112,-0.0001895222172694,3.0410667838848447e-05,-0.0217726818407874,0.1920221853352851,0.1953453525831531,0.0505964067196571,-0.0016657482228248,-1.3995487154909317e-05,0.0519712152912898,-0.7768352025301912,-1.1445422655623871,-0.1597403348507704,0.0105639316875246,-0.0590224452512151,-0.1049881053815223,-3.6973833550990167,-3.7699231188388898,-0.8391367256582123,-0.0079643737838185,-0.0005867088210855
3.85,-0.0029434029589393,1.5405055031944186,-0.9782206545732935,-0.5336821151048624,-0.0002057798029697,3.024109231168328e-05,-0.021351228920915,0.1836154199983004,0.1856626381702991,0.0481514813748812,-0.0016257585700348,-1.6957552716516483e-05,0.0589843449153487,-0.8718416229649097,-1.302395198490394,-0.1920069026347093,0.0052432256608401,-0.0582685802875319,-0.1022338424722662,-3.794170941251749,-3.8414389384765295,-0.8589639133387126,-0.0077077928521866,-0.0006050782810174
3.86,-0.0031522386749664,1.5422486681205243,-0.97647211398691,-0.533227933386099,-0.0002216114932303,3.004092170527832e-05,-0.0208835716027106,0.174316492610575,0.1748540586383569,0.0454181718763462,-0.001583169026056,-2.0017060640496037e-05,0.0659264709460481,-0.9633370473973228,-1.4526872751718816,-0.2232807616045038,-8.795930289146048e-05,-0.0574249890733326,-0.0992484096230838,-3.892696032600633,-3.9175252845595967,-0.8798748743540021,-0.0074383845514628,-0.0006237600126793
3.87,-0.0033559416115021,1.5438903312758514,-0.9748422966696968,-0.5328038166888427,-0.0002369919090251,2.9809284360102372e-05,-0.0203702936535682,0.164166315532703,0.1629817317213372,0.0424116697256305,-0.0015380415794824,-2.31637345175946e-05,0.0727756947353953,-1.0508340118405426,-1.5944390066168643,-0.2533099746374985,-0.0054021152231201,-0.0564901796962953,-0.0960375183199552,-3.992538191284676,-3.997744345988117,-0.9017543672426872,-0.0071566761132767,-0.0006426813857326
3.88,-0.0035540628858953,1.5454224333261068,-0.9733411489879634,-0.5324123268123248,-0.0002518963301887,2.9545422365281637e-05,-0.0198121274393271,0.1532102050255533,0.1501147681733368,0.0391489876517909,-0.0014904421163602,-2.638619948207414e-05,0.0795099848852412,-1.1338843225837627,-1.7267250782447885,-0.2818478474457393,-0.0106717748857473,-0.0554626692219059,-0.0926076799845127,-4.093280357324018,-4.081632746912739,-0.9244811960569208,-0.006863216089719,-0.0006617657610713
3.89,-0.0037461624293026,1.5468374081663214,-0.9719778607712376,-0.532055838338962,-0.0002663007339607,2.9248702003752948e-05,-0.0192099543407229,0.1414974840214563,0.1363288216725674,0.0356488473362743,-0.001440440377203,-2.9672036152868503e-05,0.0861073542322437,-1.2120804114645654,-1.848681058943056,-0.3086558800678318,-0.015869697002918,-0.0543410222882111,-0.0889661786424468,-4.194509888620897,-4.168704262868849,-0.9479288701431148,-0.0065585719342514,-0.0006809328366704
3.9,-0.0039318104690133,1.5481282189470993,-0.9707608048739014,-0.5317365228030316,-0.0002801818327732,2.8918623553323345e-05,-0.0185648039710781,0.1290810780777883,0.1217055897336295,0.0319315535930312,-0.0013881098812474,-3.3007845042960104e-05,0.0925460239079414,-1.28505599038216,-1.9595096606156748,-0.3335066951897261,-0.0209690386685403,-0.0531238904959522,-0.0851210397337044,-4.295819294511828,-4.2584526710588495,-0.97196629430033,-0.0062433276785211,-0.000700099032857
3.91,-0.0041105889919896,1.5492883900525327,-0.9696974821777444,-0.5314563342421381,-0.0002935171110171,2.8554830342647906e-05,-0.0178778522976267,0.1160171105433451,0.1063322696156834,0.0280188560893467,-0.0013335278243873,-3.637932106754383e-05,0.09880457184364,-1.352486045809952,-2.058486490185039,-0.3561868879399217,-0.0259435140112017,-0.0518100523021943,-0.0810809960524506,-4.396806698605647,-4.3503547204853925,-0.9964584870269126,-0.0059180817685767,-0.0007191779160399
3.92,-0.004282093179823,1.550312035076767,-0.9687944724412084,-0.5312169962438261,-0.0003062848605957,2.815711696613066e-05,-0.0171504187833344,0.1023645024234297,0.0903009736536125,0.023933799831199,-0.0012767749578636,-3.977133765172444e-05,0.1048620639708621,-1.414086230420459,-2.1449652425057497,-0.3764997427168222,-0.0307675386112464,-0.0503984530876559,-0.0768554516913434,-4.497076073648043,-4.443873207219679,-1.0212673244104546,-0.0055834451100153,-0.0007380806593306
3.93,-0.0044459328065611,1.5511938808943688,-0.9680573913530176,-0.5310199905862619,-0.0003184642151464,2.7725436567995818e-05,-0.0163839626738095,0.088184581760179,0.0737081088190918,0.0197005657564186,-0.0012179354550676,-4.316803981348439e-05,0.1106981672832317,-1.4696117233523784,-2.218382289661261,-0.3942677648894754,-0.0354163598732538,-0.0488882450267405,-0.0724544447114744,-4.5962372967122525,-4.538460139668515,-1.0462523070286056,-0.0052400393557867,-0.0007567165378729
3.94,-0.00460173359211,1.5519292879601023,-0.9674908540966686,-0.5308665475574821,-0.0003300351828836,2.725990711319963e-05,-0.0155800785548977,0.0735407065733609,0.0566537256348866,0.0153443028779842,-0.0011570967737169,-4.655294547961869e-05,0.116293244834479,-1.518855642660386,-2.2782606294650223,-0.4093349787010005,-0.0398661741022877,-0.0472788263458107,-0.067888609077005,-4.693906077042541,-4.6335599782683605,-1.0712713470107094,-0.0048884954535528,-0.0007749934560976
3.95,-0.004749138505121,1.5525142670057015,-0.9670984456785034,-0.5307576380225084,-0.0003409786780857,2.67608165713648e-05,-0.0147404913010999,0.0584979045599175,0.0392408418165122,0.0108909534973703,-0.0010943495202138,-4.9909054183483126e-05,0.1216284336104173,-1.5616471026946352,-2.324213163462132,-0.4215689474167448,-0.0440942315039676,-0.0455698795193227,-0.0631691361938788,-4.789703811328081,-4.728612933574428,-1.0961815721661283,-0.0045294524524962,-0.0007928185035366
3.96,-0.0048878090103575,1.5529454923242654,-0.9668826982165046,-0.5306939672918731,-0.0003512765513077,2.622862694940994e-05,-0.0138670505236442,0.043122531856369,0.0215747461998788,0.0063670730635275,-0.0010297873222,-5.321896219548571e-05,0.1266857069933261,-1.597849015274356,-2.355945282188868,-0.4308624774088407,-0.0480789306961569,-0.043761407926389,-0.0583077361872173,-4.883257422053912,-4.823058306222862,-1.1208401438188655,-0.0041635565531034,-0.000810098535287
3.97,-0.0050174262564649,1.55322031184683,-0.9668450753301816,-0.5306759708290052,-0.00036091161845,2.5663977118890186e-05,-0.0129617246107457,0.0274819522564638,0.0037622886323153,0.0017996462867922,-0.000963506714228,-5.646498305197569e-05,0.1314479242017041,-1.627355736367741,-2.3732567427276314,-0.4371349744291457,-0.0517999045755269,-0.041853770479967,-0.0533165988542435,-4.974199233891394,-4.916337851724365,-1.1451050847052828,-0.0037914603684684,-0.000826740772716
3.98,-0.0051376922007886,1.5533367542205991,-0.9669859637145908,-0.5307038118177122,-0.0003698676888512,2.50676843951228e-05,-0.0120265944323685,0.01164423737691,-0.0140888384409226,-0.0027840988706999,-0.0008956070401264,-5.9629272376738014e-05,0.1358988696087887,-1.650090659515276,-2.3760428306109738,-0.4403334275008603,-0.0552380995166608,-0.0398477137461918,-0.0482083540502533,-5.062166940911853,-5.0078991525042,-1.168836112998774,-0.0034138223527444,-0.0008426534195568
3.99,-0.0052483306683779,1.5532935330946536,-0.9673046719242844,-0.5307773805948609,-0.0003781295925922,2.444074483679592e-05,-0.0110638467589302,-0.0043221125945629,-0.0318708209693626,-0.0073568777148743,-0.0008261903741002,-6.269395583268799e-05,0.140023285198488,-1.6660038534964323,-2.3642948047851635,-0.4404330035530321,-0.0583758498956226,-0.037744401095636,-0.0429960311144208,-5.146803713817997,-5.097198979047335,-1.1918954782292983,-0.003031306342073,-0.0008577462881617
4.0,-0.00534908834257,1.5530900488074,-0.9677994363363754,-0.5308962959375053,-0.0003856832072018,2.3784332246793803e-05,-0.010075767419213,-0.0203484287253574,-0.0494764412091178,-0.0118915342644402,-0.0007553614609507,-6.564125900021207e-05,0.1438068995923309,-1.6750698349241446,-2.3380996306138333,-0.4374372438722123,-0.0611969498244634,-0.0355454384708229,-0.0376930168287735,-5.2277584914948605,-5.183706621455061,-1.2141487945744232,-0.0026445811460709,-0.0008719314303753
4.01,-0.005439735684557,1.5527263876514603,-0.9684674342065116,-0.5310599081783149,-0.0003925154839427,2.3099795867262095e-05,-0.0090647341986965,-0.0363661155939487,-0.0667997870136305,-0.016361224080967,-0.000683227674091,-6.845363795317061e-05,0.1472364570697167,-1.677285556842034,-2.297639011763269,-0.4313778615025629,-0.0636867237668891,-0.0332528964104059,-0.0323130113341058,-5.304686495110843,-5.266907172191257,-1.235465866719999,-0.0022543201240468,-0.0008851237672508
4.0200000000000005,-0.0055200677791271,1.5522033188672797,-0.9693048036778532,-0.5312673041083875,-0.0003986144738262,2.238865677432213e-05,-0.0080332094570053,-0.0523068784181103,-0.0837369471341619,-0.0207395930072544,-0.0006098989883535,-7.111390929399665e-05,0.1502997498063757,-1.6726686823765242,-2.243187737278752,-0.4223141466725213,-0.0658320973865066,-0.0308693280420178,-0.0268699814054773,-5.377249995891955,-5.346304740317695,-1.2557215032311246,-0.0018612006797094,-0.000897241711683
4.03,-0.0055899051033622,1.5515222894877136,-0.9703066705516424,-0.5315173136125304,-0.0004039693534562,2.1652602990170526e-05,-0.0069837324235118,-0.0681029379565851,-0.1001866873788953,-0.0250009504142936,-0.0005354879630032,-7.360537841516041e-05,0.152985656181544,-1.6612561985115522,-2.175111365260922,-0.4103319950098587,-0.0676216695724049,-0.0283977828292796,-0.0213781105193851,-5.445119359704773,-5.42142557711505,-1.2747963121458183,-0.0014659036112069,-0.0009082077779552
4.04,-0.0056490942145078,1.550685417123671,-0.97146718157905,-0.5318085179690072,-0.0004085704507458,2.0893483342417723e-05,-0.0059189111145576,-0.0836872364042722,-0.1160511027407596,-0.0291204356476807,-0.0004601097289593,-7.591196477528023e-05,0.1552841874681363,-1.6431034096170511,-2.093863269321376,-0.3955425805467438,-0.0690457861074351,-0.0258418159408802,-0.0158517452244491,-5.507974382886349,-5.491821092689187,-1.2925774733130568,-0.0010691122597807,-0.0009179491722096
4.05,-0.0056975083525608,1.5496954807469363,-0.9727795439880964,-0.532139259733671,-0.0004124092704764,2.01133001122834e-05,-0.0048414138052998,-0.0989936376734737,-0.1312362409046597,-0.033074176466387,-0.000383881973052,-7.801832301343228e-05,0.1571865445438187,-1.6182833340114826,-1.9999810784843703,-0.3780807021497843,-0.0700966149106194,-0.0232054931817841,-0.0103053374548535,-5.565505924533653,-5.557070743000185,-1.3089594818513204,-0.0006715114098395,-0.0009263983579485
4.0600000000000005,-0.0057350479524072,1.548555909492156,-0.9742360709169048,-0.5325076541174572,-0.0004154785195889,1.931420052454189e-05,-0.0037539599846468,-0.1139571254780365,-0.1456526928808321,-0.0368394383786159,-0.0003069249112585,-7.990995877415126e-05,0.1586851854720267,-1.5868865101274858,-1.8940825454169932,-0.3581028379834272,-0.0707682222183494,-0.0204933914950727,-0.004753382595776,-5.617417830905172,-5.616784766753299,-1.3238448570108663,-0.0002737859054794,-0.000933493590847
4.07,-0.0057616410596442,1.547270769466993,-0.975828232385692,-0.5329116017564502,-0.0004177721320121,1.8498467142770285e-05,-0.0026593107236978,-0.12851400251631,-0.1592161468787244,-0.0403947638993089,-0.0002293612423183,-8.157333817716041e-05,0.1597739039320317,-1.5490212023218772,-1.7768608818835705,-0.3357849476441146,-0.0710566484893768,-0.0177105950958151,0.0007896466845767,-5.663429137895804,-5.670606751784152,-1.337144810689443,0.0001233810371362,-0.000939179417426
4.08,-0.0057772436436122,1.545844748529091,-0.9775467114050032,-0.533348802765251,-0.0004192852927417,1.7668507243379276e-05,-0.0015602583967962,-0.1426020937901955,-0.171847901931105,-0.0437201008800699,-0.0001513160729578,-8.299598993910084e-05,0.160447917561662,-1.5048139805383225,-1.6490796040668496,-0.3113200658493262,-0.0709599822518226,-0.0148626873335827,0.0063093705900659,-5.703276527934928,-5.718216010978796,-1.348779869882928,0.0005193098261448,-0.0009434071324665
4.09,-0.0057818398007095,1.5442831389619638,-0.9793814647869729,-0.5338167719571815,-0.0004200144608036,1.682684125099534e-05,-0.0004596157097347,-0.1561609567127101,-0.1834753381969665,-0.0467969191930506,-7.29168061862871e-05,-8.416659923839356e-05,0.1607039643526026,-1.4544106333724889,-1.5115669339417752,-0.2849157346666739,-0.0704784295798029,-0.0119557383979764,0.011791575845397,-5.736717008344123,-5.7593297484136805,-1.3586804474545775,0.0009133267868315,-0.0009461351904624
4.1,-0.0057754418408241,1.542591817960359,-0.9813217882000702,-0.5343128551090217,-0.0004199573906512,1.597609032591727e-05,0.0006397959885396,-0.1691321001604696,-0.1940323413097401,-0.0496083151840202,5.707015232049676e-06,-8.50750925078072e-05,0.1605404043457869,-1.3979773610137087,-1.3652098061239952,-0.256791323415702,-0.0696143764188294,-0.008996288977741,0.0172222920943093,-5.763530769395444,-5.793704997296091,-1.3667873557830204,0.0013047667216324,-0.0009473295668895
4.11,-0.0057580902497559,1.5407772258199766,-0.9833563849859668,-0.5348342461434681,-0.0004191131514815,1.511896320150524e-05,0.0017351591068189,-0.1814592140382527,-0.2034596785896433,-0.0521391034446387,8.442391697863263e-05,-8.571271244120276e-05,0.1599573230520403,-1.3357021833970224,-1.210947532528872,-0.2271752863937335,-0.0683724405971161,-0.005991329961074,0.0225878700609789,-5.783524172251846,-5.821140312442385,-1.3730522581026927,0.0016929756914815,-0.0009469640656048
4.12,-0.0057298535208673,1.5388463417173708,-0.9854734382399716,-0.5353780050993491,-0.0004174821438969,1.4258242375402944e-05,0.0028236728888647,-0.193088410260568,-0.2117053254005008,-0.0543758955880957,0.0001631007584592,-8.607208261022965e-05,0.1589566323092578,-1.267796489968711,-1.0497651796836451,-0.1963024084915501,-0.0667595100896404,-0.002948278226857,0.027875060267997,-5.7965328098614775,-5.841477201452806,-1.377438052682327,0.0020773139575026,-0.0009450205692829
4.13,-0.0056908278499196,1.536806656963955,-0.9876606856439368,-0.5359410767577888,-0.0004150661133092,1.3396769763380128e-05,0.0039025670947699,-0.2039684753416188,-0.2187247403965079,-0.0563071658439733,0.0002416030587645,-8.614726120228166e-05,0.1575421637185217,-1.1944966509427244,-0.8826867155402505,-0.1644110876179887,-0.064784763964373,0.0001250514741179,0.0330710909174583,-5.802424577916148,-5.854601280424093,-1.379919185397259,0.0024571590088817,-0.0009414892304252
4.14,-0.0056411366881581,1.5346661456235258,-0.9899054965326092,-0.5365203097919452,-0.0004118681594612,1.253743192826424e-05,0.0049691161761533,-0.2140511340428841,-0.2244810888672374,-0.0579233034156385,0.0003197953847971,-8.593378351158862e-05,0.1557197494100277,-1.1160656059235643,-0.7107679840616018,-0.1317407006449755,-0.0624596724554337,0.0032204786057856,0.0381637433993153,-5.801102688354988,-5.860443141974292,-1.380481886737967,0.0028319085922119,-0.0009363686011339
4.15,-0.0055809301501951,1.5324332323957313,-0.9921949506710436,-0.537112476308594,-0.0004078927414545,1.1683144998866727e-05,0.0060206537962946,-0.2232913227794399,-0.2289454138434519,-0.0592166516648826,0.0003975418006749,-8.542869293975131e-05,0.1534972847043304,-1.032794344332478,-0.5350895666000712,-0.0985290963918599,-0.0597979727901148,0.006329493011748,0.0431414238023983,-5.792508554753992,-5.858978925520191,-1.379124329856963,0.0032009836502478,-0.0009296657005194
4.16,-0.0055103842751052,1.530116757688187,-0.9945159182216996,-0.5377142916516157,-0.0004031456777049,1.0836839394978529e-05,0.0070545875089953,-0.2316474707544463,-0.2320967550655896,-0.0601815343021655,0.0004747063749579,-8.463056038882021e-05,0.1508847672769548,-0.9450031931663392,-0.3567495890831874,-0.065010255052289,-0.0568156177550905,0.0094432953161652,0.0479932287750668,-5.776624477419253,-5.85023058212178,-1.3758567068837864,0.0035638310742104,-0.0009213960192846
4.17,-0.0054297001413478,1.5277259398272156,-0.9968551403850464,-0.5383224343402665,-0.000397634140309,1.0001444474399668e-05,0.0080684133757358,-0.2390817860971228,-0.2339222163346834,-0.0608142688650819,0.0005511537395875,-8.353949205788595e-05,0.1478943077204159,-0.8530428311365494,-0.176856533185648,-0.0314121485847613,-0.0535306945236332,0.0125528417427304,0.0527090041184067,-5.75347605618702,-5.834265828758591,-1.3707012214265952,0.0039199261738275,-0.0009115834616968
4.18,-0.0053391028386334,1.525270334390789,-0.999199310206604,-0.5389335660188768,-0.0003913666433914,9.179873216586826e-06,0.0090597302714357,-0.2455605436426567,-0.2344169821557695,-0.0611131678610289,0.000626749691767,-8.215712578128423e-05,0.1445401069329145,-0.7572949540213357,0.0034778920134898,0.002045169028618,-0.0499633119730537,0.0156488935366723,0.0572793945960722,-5.723134260879236,-5.81119778959258,-1.363691995920342,0.004268774773243,-0.0009002602258071
4.19,-0.0052388403025681,1.5227597906864851,-1.0015351530560113,-0.5395443512991894,-0.0003843530251168,8.37500705487397e-06,0.0100262536065367,-0.2510543704303888,-0.2335842849407169,-0.0610785280312629,0.0007013618274538,-8.048661617128557e-05,0.1408383965439539,-0.6581725238951429,0.1831457639537058,0.0351512188604223,-0.0461354555856834,0.0187220711414323,0.0616958836089632,-5.685717093074485,-5.781184324558626,-1.3548748932657584,0.0046099148487118,-0.0008874666233875
4.2,-0.0051291820207801,1.5202044054412407,-1.0038495062995687,-0.5401514773818049,-0.0003766044231888,7.589680965388732e-06,0.0109658281787941,-0.2555385245244407,-0.231435324355744,-0.0607126082615468,0.0007748601927993,-7.853260894852381e-05,0.136807339599643,-0.5561195445190207,0.3610497955637346,0.0677064851906771,-0.042070810021118,0.0217629132113941,0.0659508216045268,-5.6413907782925445,-5.744427048461016,-1.3443072530192917,0.0049429176353415,-0.0008732508416309
4.21,-0.0050104176221465,1.5176144738173294,-1.0061293977063128,-0.5407516733489917,-0.0003681332438102,6.826668915815453e-06,0.0118764398633637,-0.258993162391133,-0.2279891406744151,-0.0600195967186741,0.0008471179378657,-7.630120495732788e-05,0.132466889948199,-0.4516103162872683,0.5361099729455288,0.0995235252122911,-0.0377945505389919,0.0247619404306404,0.0700374423611455,-5.59037043476893,-5.701170046593507,-1.332057543229341,0.0052673881446356,-0.0008576686491795
4.22,-0.0048828553635918,1.5150004379192332,-1.0083621221485777,-0.5413417290273111,-0.0003589531242562,6.08866977113099e-06,0.0127562258554647,-0.2614035898096077,-0.2232724442264875,-0.0590055678319519,0.0009180119553942,-7.379991446844635e-05,0.1278386101515886,-0.3451481364079786,0.7072699403260557,0.1304277975686691,-0.0333331055955428,0.0277097239520173,0.0739498665970719,-5.532920173581752,-5.651698295692695,-1.3182049298557623,0.0055829650516657,-0.0008407830495159
4.23,-0.0047468205316258,1.5123728330077078,-1.010535316180725,-0.5419185133249531,-0.0003490788893923,5.378293746470551e-06,0.0136034831966044,-0.2627604911525539,-0.2173194032147082,-0.0576784297641923,0.0009874234863917,-7.103760246604384e-05,0.1229454492539926,-0.2372634231151025,0.8735030962903023,0.160258213702076,-0.0287138940848082,0.0305969580787252,0.0776830926880873,-5.469352594811241,-5.596335801730268,-1.302838766544031,0.0058893199296815,-0.000822663885159
4.24,-0.0046026537781946,1.5097422316891445,-1.0126370301037753,-0.5424789919552364,-0.0003385265026529,4.698049489498542e-06,0.0144166753431213,-0.2630601318563401,-0.2101713923050499,-0.056047863028326,0.0010552386739408,-6.802442569720098e-05,0.117811483303002,-0.1285112563233354,1.0338183711841458,0.1888674223887214,-0.0239650417904711,0.0334145365831236,0.0812329746247665,-5.400027655448483,-5.53544346860314,-1.2860580083391329,0.0061861558301046,-0.0008033873964541
4.25,-0.0044507094124528,1.5071191863990976,-1.014655797148594,-0.5430202444642779,-0.0003273130121831,4.050331866215068e-06,0.0151944365741789,-0.2623045290046971,-0.2018767044818851,-0.0541252509041491,0.0011213490469859,-6.477176232834737e-05,0.1124616230786072,-0.0194683409098609,1.1872656616783754,0.2161218438449235,-0.0191150825993234,0.0361536318070001,0.0845961876849076,-5.325350896676878,-5.469416714148658,-1.2679705537038,0.0064732052263536,-0.000783035739037
4.26,-0.0042913536716094,1.5045141705473468,-1.0165806994356008,-0.5435394804872393,-0.0003154564930135,3.437410515191705e-06,0.0159355740843385,-0.2605015851750714,-0.1924902287006659,-0.0519236022961429,0.0011856519169523,-6.129213510233624e-05,0.1069212949673803,0.0892705875907697,1.3329409046401883,0.2419014751730537,-0.0141926508479452,0.0388057754259907,0.0877701826258479,-5.2457710306541045,-5.398682852057697,-1.2486925199383354,0.0067502273600344,-0.0007616964642808
4.2700000000000005,-0.0041249629949896,1.5019375187369777,-1.0184014303943074,-0.5440340551637318,-0.0003029759862943,2.861419225983966e-06,0.0166390676619851,-0.2576651810369105,-0.1820730958706586,-0.0494574676492511,0.0012480506719245,-5.75991289207739e-05,0.1012161022511153,0.1970968819646706,1.4699907784441648,0.2660994936599303,-0.0092261717776637,0.0413629395035649,0.0907531295026888,-5.161776899731655,-5.323698260150479,-1.2283474577729594,0.0070170050469513,-0.000739461967213
4.28,-0.0039519223258172,1.499399366510587,-1.0201083533509503,-0.5445014836487997,-0.0002898914367371,2.324346188104786e-06,0.0173040669172319,-0.2538152226390665,-0.1706922956643025,-0.0467428485067918,0.0013084549557151,-5.370730378791797e-05,0.0953714751906763,0.3033925816874825,1.5976170254957485,0.2886216883442491,-0.004243557419601,0.0438176162225859,0.0935438524814488,-5.073893833860762,-5.244945357094812,-1.207065511507755,0.0072733410174983,-0.0007164289065191
4.29,-0.0037726234649252,1.4969095901118896,-1.0216925560167915,-0.5449394546613536,-0.0002762236295127,1.8280251476583904e-06,0.0179298860892077,-0.248977639869724,-0.1584202665840927,-0.0437971012553884,0.0013667807224419,-4.96321040446396e-05,0.0894123191135033,0.4075354340434666,1.7150803948371904,0.3093857533231832,0.0007280847087132,0.0461628944845015,0.0961417572327057,-4.982679444442028,-5.162929410968095,-1.1849825316003897,0.0075190538807053,-0.000692697601331
4.3,-0.0035874634996224,1.4944777467798354,-1.023145900633088,-0.5453458430169353,-0.0002619941279019,1.3741274997174695e-06,0.0185159965302758,-0.2431843332054359,-0.1453344616296613,-0.0406388355581718,0.0014229501610785,-4.538976479409208e-05,0.0833626702047769,0.5089042712238053,1.8217042080990613,0.3283204783916744,0.0056627229546232,0.0483925314227899,0.0985467526557778,-4.888718904782499,-5.0781752040857615,-1.1622391470403142,0.0077539738131173,-0.0006683714095479
4.3100000000000005,-0.0033968433293119,1.4921130161141036,-1.0244610695511354,-0.5457187210962544,-0.0002472252130146,9.641553359568634e-07,0.01906201703105,-0.2364730665731715,-0.1315168918047267,-0.0372878079319091,0.0014768914887295,-4.0997216376060624e-05,0.077245368820515,0.6068846679124548,1.916877555620468,0.3453648737472061,0.0105356463272126,0.050501016804975,0.1007591687929658,-4.792619778341901,-4.991223579239704,-1.138979805194001,0.0079779380824653,-0.0006435560924458
4.32,-0.0032011663071879,1.489824143064936,-1.0256316060470745,-0.5460563692050397,-0.0002319398268554,5.994354590919152e-07,0.0195677022124046,-0.2288873049167677,-0.1170536495938815,-0.0337648108785346,0.0015285386159243,-3.647198768649482e-05,0.0710817598673968,0.7008747966988883,2.000058132173133,0.3604672657049992,0.0153236769521852,0.0524836283067181,0.1027796728474817,-4.695006465814084,-4.902627892919301,-1.115351787055032,0.0081907865215892,-0.0006183591703169
4.33,-0.003000837014523,1.487619383106216,-1.0266519501913836,-0.5463572847844312,-0.000216161519937,2.811143684403053e-07,0.0200329292664804,-0.220475995871982,-0.1020344144309358,-0.0300915579391476,0.0015778306918368,-3.1832109065160985e-05,0.0648914291297747,0.7902913931467066,2.0707747233389227,0.3735843995999612,0.0200053454518906,0.0543364757416066,0.1046091852192145,-4.5965143505622725,-4.812950401239511,-1.091504205983307,0.0083923570702392,-0.0005928892738347
4.34,-0.0027962601807656,1.485506450148245,-1.027517469612199,-0.5466201904344425,-0.0001999144045189,1.0154214530096043e-08,0.0204576833757472,-0.211293295797127,-0.0865519420815471,-0.0262905650011344,0.0016247115418144,-2.709601539102093e-05,0.0586919833921288,0.8745757385630077,2.1286293541847225,0.3846805843737773,0.024561025758822,0.0560565325236083,0.1062487974232079,-4.497783728801362,-4.722758604196067,-1.0675869980690684,0.0085824815012972,-0.0005672554957771
4.3500000000000005,-0.002587839759009,1.483492467735611,-1.028224485010003,-0.5468440407160293,-0.0001832231143815,-2.1267028482688522e-07,0.0208420421756602,-0.2013982412633992,-0.0707015397804126,-0.0223850281586743,0.0016691290137367,-2.228244993569812e-05,0.0524988808469228,0.9531995664881844,2.173299111467,0.3937269108320542,0.0289730272380735,0.0576416529204745,0.1076996936616931,-4.399453616028549,-4.632621573532473,-1.0437499122114762,0.0087609814437634,-0.0005415667476466
4.36,-0.0023759781624988,1.4815839240559616,-1.0287702902990412,-0.5470280277000823,-0.0001661127718483,-3.867739791688666e-07,0.0211861596510221,-0.1908543679649254,-0.0545805289038207,-0.018398698405298,0.0017110342533254,-1.741036943419814e-05,0.0463253166542621,1.0256707986614464,2.2045376492562814,0.4007005722310648,0.0332256434173016,0.0590905740221298,0.1089630776878135,-4.302155524417459,-4.543106288966179,-1.0201415078616545,0.008927664807797,-0.0005159311256247
4.37,-0.0021610756638181,1.4797866312574828,-1.0291531672683123,-0.5471715852343404,-0.000148608962534,-5.117624865997357e-07,0.0214902498680636,-0.1797292798478824,-0.0382876969271088,-0.0143557534258055,0.0017503809314239,-1.2498850743086924e-05,0.0401821667046109,1.0915390176847088,2.2221763857021357,0.4055843118418281,0.0373051580315058,0.0604029017783426,0.1100401064341532,-4.206507307124552,-4.454774006811663,-0.9969081681512584,0.0090823227074403,-0.0004904552901594
4.38,-0.0019435299543852,1.4781056895368232,-1.029372394672489,-0.5472743919018888,-0.0001307377180508,-5.874324803338494e-07,0.0217545709432867,-0.1680941720659544,-0.0219227404176774,-0.0102806667548359,0.0017871244483215,-7.5669993734113665e-06,0.0340779907128425,1.1504005867517813,2.226125395791234,0.4083660175187482,0.0411998104193976,0.0615790809416471,0.1109318316883407,-4.11310716467237,-4.368176684188264,-0.9741931358166614,0.0092247269647302,-0.0004652438633429
4.39,-0.0017237358580186,1.476545456415507,-1.029428251680991,-0.5473363726477024,-0.0001125255066376,-6.137710814565984e-07,0.0219794096366645,-0.1560233121316361,-0.0055857008501866,-0.0061980745813684,0.001821221141316,-2.633860112274893e-06,0.0280190938285558,1.201903331552739,2.2163740015627096,0.4090384781962477,0.0448997234990885,0.0626203492585774,0.1116391508874789,-4.022527905777062,-4.283853481039058,-0.9521355789434236,0.0093546282650362,-0.0004403988480541
4.4,-0.0015020851887013,1.475109521572146,-1.029322015632016,-0.5473576990527297,-9.399923141922706e-05,-5.909543803159304e-07,0.0221650669317312,-0.1435934843360699,0.0106236048975064,-0.002132640502725,0.0018526275218457,2.281670114066794e-06,0.02200964406973,1.2457507057103203,2.192991057531578,0.4075993117109142,0.0483967985584203,0.0635286767650287,0.11216276787862,-3.935311550231506,-4.202327361142182,-0.9308696931049328,0.0094717550180137,-0.0004160190726511
4.41,-0.0012789667394036,1.4738006875407286,-1.0290559540579982,-0.5473387882384098,-7.518623574242673e-05,-5.193451100222573e-07,0.0223118449297671,-0.1308834031417584,0.026606157401786,0.0018910814319904,0.00188129956768,7.160927029367311e-06,0.0160518411535351,1.2817053687375826,2.156124925211563,0.4040510676364679,0.0516845818877189,0.0643066915313039,0.1125031642590168,-3.851964354838687,-4.124101812192062,-0.9105238459629924,0.0095758129618996,-0.000392199664772
4.42,-0.0010547663859901,1.472620956522716,-1.0286333109700214,-0.5472803003883977,-5.61143148036141e-05,-3.994894962853778e-07,0.0224200353413488,-0.1179731018012531,0.0422643087976698,0.0058487850012029,0.0019071920938812,1.1985561373687952e-05,0.0101461307779095,1.309592114400692,2.1060031268858377,0.398401502862761,0.0547581088440804,0.0649575936508387,0.1126605816719623,-3.772952335055372,-4.049657703885042,-0.8912197698471594,0.0096664855313793,-0.0003690315575583
4.43,-0.0008298672879113,1.4715715234936098,-1.0280582874114843,-0.5471831348787293,-3.68117325671461e-05,-2.321133084149833e-07,0.0224899098078853,-0.1049433029106125,0.0575023558536809,0.0097165509668473,0.0019302582236467,1.6737618787039446e-05,0.0042914571537105,1.3293000973807838,2.042931665297623,0.3906640218202497,0.0576137312645847,0.065485059649037,0.1126350151956492,-3.698697345137998,-3.979450301777998,-0.8730718072448433,0.0097434349913134,-0.0003466010313372
4.44,-0.000604650165607,1.4706527757140075,-1.0273360163160208,-0.5470484250127923,-1.7307242798906172e-05,-1.8117136907534333e-08,0.0225217122304324,-0.0918747779602306,0.0722271095463675,0.0134709865937047,0.0019504489768239,2.139961715074489e-05,-0.0015144543623387,1.3407843171046994,1.967293992988478,0.3808582674361549,0.0602489342527132,0.0658931397912201,0.1124262177273338,-3.629573768404807,-3.913906453510725,-0.8561862135267774,0.0098063043206552,-0.0003249892935028
4.45,-0.000379493633356,1.4698642986821058,-1.026472531731506,-0.5468775313633474,2.369887101473219e-06,2.414290762265267e-07,0.0225156532250991,-0.0788477031901732,0.0863484584514846,0.0170893649444868,0.0019677129900379,2.59546213134061e-05,-0.0072747933090494,1.344066329389128,1.8795496127410007,0.3690108434475334,0.0626621482686946,0.0661861509776587,0.1120337150366348,-3.565905856997034,-3.853421962799081,-0.8406605206133628,0.0098547198133347,-0.0003042720990003
4.46,-0.000154774565699,1.4692048884902396,-1.0254747325010405,-0.5466720337305083,2.2189850882943182e-05,5.452922272596013e-07,0.0224719067656957,-0.065941019186632,0.0997799230465423,0.0205497632839013,0.0019819963781469,3.0386315103307457e-05,-0.0129933479081503,1.3392341689423104,1.7802322891746891,0.3551561435937813,0.0648525621871837,0.0663685680227869,0.1114568309435573,-3.507965747525294,-3.798359165418683,-0.8265829646673584,0.0098882943461934,-0.0002845194134698
4.47,6.913152446856309e-05,1.468672570473575,-1.0243503405230847,-0.546433721732074,4.212227830628832e-05,8.92082932210922e-07,0.0223906090167615,-0.053231801666453,0.1124391977955719,0.0238311998434316,0.0019932427423345,3.467907049513208e-05,-0.0186741856484055,1.3264414786036067,1.6699478511298484,0.3393372586597056,0.0668199425771057,0.0664449161226803,0.110694721872326,-3.4559721655340048,-3.7490447202057,-0.8140319802873398,0.0099066312486736,-0.0002657951207188
4.48,0.0002918501175221,1.4682646239657182,-1.023107853746377,-0.5461645840508992,6.213621156364188e-05,1.2802630698008377e-06,0.0222718593053554,-0.0407946507856843,0.1242486776707842,0.0269137681174901,0.0020013933257353,3.8818013758991566e-05,-0.0243213394011892,1.3059058542761464,1.5493715651449067,0.3216069284753686,0.0685644639374304,0.0664196672234594,0.1097464198451807,-3.410089818133077,-3.705767626897803,-0.8030757630835245,0.0099093286953569,-0.0002481567757951
4.49,0.0005130073488161,1.467977612904963,-1.0217564940907071,-0.5458667963730606,8.220008469615629e-05,1.7081539535719069e-06,0.0221157231294069,-0.0287011060755164,0.1351359655669535,0.0297787677838623,0.0020063873132514,4.278908837710691e-05,-0.0299385072242975,1.2779064276108825,1.4192450621638368,0.3020285028827931,0.0700865540182394,0.0662971428216631,0.1086108828147903,-3.370429460765683,-3.668777481417149,-0.7937719019510262,0.0098959845310267,-0.0002316554045044
4.5,0.0007322297193676,1.4678074219673956,-1.0203061505217814,-0.5455427080603608,0.0001022817073789,2.173945098283057e-06,0.0219222370551443,-0.017019093756755,0.1450343568925856,0.0324088312699778,0.0020081622682806,4.657911447111505e-05,-0.035528773210176,1.2427807214106006,1.2803728026175762,0.280676873483034,0.0713867576941006,0.066081425466702,0.107287051093929,-3.3370486112358204,-3.638282977950413,-0.7861670818221271,0.0098662014290956,-0.0002163353497828
4.51,0.000949143872538,1.4677492978402331,-1.0187673175469143,-0.5451948276111153,0.0001223482543348,2.675703542721786e-06,0.0216914153170401,-0.0058124127162417,0.1538832974867222,0.034788044924553,0.0020066546955912,5.017584444387287e-05,-0.0410943557547679,1.2009208252048342,1.1336180691700772,0.2576393368187215,0.072465622154563,0.0657762809108772,0.1057739085304156,-3.3099528721327847,-3.614450665900528,-0.780296857184325,0.009819592278295,-0.0002022341648858
4.5200000000000005,0.001163376451553,1.467797895191714,-1.0171510294377086,-0.5448258069740708,0.000142366261501,3.211383687785663e-06,0.0214232579015019,0.0048597351480801,0.1616288109205671,0.0369020637044503,0.0020018007166168,5.35680145063877e-05,-0.0466363885093441,1.152768950264048,0.9798984816691828,0.2330163494873378,0.0733236054535096,0.065385092480959,0.1040705469976344,-3.2890978119628773,-3.5974039684635377,-0.7761854961985795,0.0097557856897092,-0.0001893825529032
4.53,0.001374554050259,1.4679473268435494,-1.0154687905256377,-0.5444384247915511,0.0001623016299118,3.7788376051391286e-06,0.0211177598706028,0.014943165183561,0.1682238912070918,0.0387382182519689,0.0019935368410843,5.674539173534656e-05,-0.0521547380745105,1.098812434222375,0.8201810350547656,0.206922136696404,0.073961009725617,0.0649108088432648,0.1021762327292201,-3.2743913459049496,-3.5872224682168,-0.7738458948448657,0.0096744315166603,-0.0001778043516671
4.54,0.0015823032669062,1.4681912176093133,-1.0137325019559742,-0.5440355686593445,0.0001821196380835,4.375825768053222e-06,0.0207749216647156,0.0243890765763859,0.1736288569663486,0.040285613220657,0.0019818008171651,5.96988162914093e-05,-0.0576478612469525,1.0395782752164542,0.6554766680271716,0.1794851178885519,0.0743779396476954,0.0643559059209483,0.100090473022756,-3.265696549379462,-3.583941463689212,-0.7732795601607937,0.0095752062835949,-0.0001675165626856
4.55,0.0017862508680361,1.4685227612278997,-1.0119543853241253,-0.5436202165022422,0.000201784963496,5.000028152295333e-06,0.0203947601129926,0.0331543618586453,0.1778116631848995,0.0415352157102295,0.001966532541254,6.242023842421114e-05,-0.0631127033758705,0.9756272837776904,0.4868343779755552,0.1508481163192572,0.0745742860060503,0.0637223633126931,0.0978130818725242,-3.2628348317471696,-3.5875517994206003,-0.7744766613231043,0.0094578184268599,-0.0001585294223256
4.5600000000000005,0.0019860240668167,1.4689347797959524,-1.0101469036554411,-0.5431954171752934,0.0002212617135762,5.649055651271407e-06,0.0199773198780543,0.0412018568052633,0.1807481668684226,0.0424799326948877,0.0019476750080203,6.490274989760735e-05,-0.0685446381653587,0.9075479474028428,0.3153349058031302,0.1211683237869154,0.0745497335388211,0.0630116551718166,0.095344243164898,-3.265589393566943,-3.5979999705101138,-0.7774161470494987,0.0093220132597715,-0.0001508465130904
4.57,0.0021812509174734,1.4694197850873367,-1.008322680224249,-0.5427642704115395,0.0002405134663913,6.320461746154638e-06,0.0195226850656754,0.0485005291384291,0.1824223431191846,0.0431146763753928,0.0019251752815056,6.71406094883231e-05,-0.0739374481051463,0.8359501075581677,0.1420840226301674,0.0906169970411583,0.0743037915709051,0.0622247551459606,0.0926845701798179,-3.2737088890156687,-3.6151885011096567,-0.7820659275663254,0.0091675775862827,-0.0001444649125006
4.58,0.0023715608248852,1.46997004114154,-1.0064944157395022,-0.5423299062469986,0.0002595033210782,7.011754368580324e-06,0.0190309907411808,0.0550256054203206,0.1828264484747104,0.0434364164540949,0.0018989854686955,6.912926224256856e-05,-0.0792833436555475,0.7614585516599096,-0.0317945413324211,0.0593788685699947,0.0738358453612054,0.0613621546601674,0.0898351602841482,-3.286911215319093,-3.638976594748809,-0.7883831191920778,0.0089943439012955,-0.0001393753768019
4.59,0.0025565851659957,1.4705776275063305,-1.0046748044523162,-0.5418954640627619,0.0002781939578594,7.720407890756565e-06,0.0185024341110455,0.0607586364790466,0.1819611287186055,0.0434442184236691,0.0018690636781126,7.08653522176241e-05,-0.0845730183790562,0.6847066231698271,-0.205166477427707,0.0276512614082482,0.073145225556429,0.0604238935550072,0.0867976438723025,-3.3048873533088767,-3.6691810527953743,-0.7963143494224018,0.0088021941306317,-0.0001355625564939
4.6000000000000005,0.0027359580174961,1.4712345025328928,-1.0028764497641651,-0.5414640713920249,0.0002965477073341,8.443875175634811e-06,0.0179372851500412,0.0656875026562371,0.1798354688150867,0.043139267073704,0.0018353749474759,7.234672848782471e-05,-0.089795736422697,0.6063299512496514,-0.3768945328999943,-0.0043570949642329,0.0722312927088444,0.0594096018734492,0.0835742267996041,-3.3273051873957225,-3.70557745577589,-0.805796120263834,0.0085910628791899,-0.0001330052405105
4.61,0.002909316982299,1.4719325661435505,-1.0011117799329718,-0.5410388226464937,0.0003145266285968,9.179599618187811e-06,0.017335896480288,0.0698063610657729,0.1764669831193432,0.0425248745531151,0.0017978921262702,7.357244425530002e-05,-0.0949394481289059,0.5269603973883771,-0.5458463363964224,-0.0364275427339131,0.0710935334838002,0.0583185514215207,0.0801677257566227,-3.3538132391612385,-3.7479016007193033,-0.8167552274447483,0.0083609401711744,-0.0001316766257865
4.62,0.0030763041056765,1.4726637215224545,-0.9993929644872854,-0.5406227579217087,0.0003320925956076,9.925027107923867e-06,0.0166987123377527,0.0731155378903742,0.1718815445686466,0.0416064724785049,0.0017565967010809,7.454274897360576e-05,-0.0999909291004024,0.4472203100767054,-0.7109023462923268,-0.0683332550759416,0.0697316649705415,0.0571497156115976,0.0765815962396925,-3.3840442562009136,-3.79585118616074,-0.8291092330268576,0.0081118736808134,-0.0001315446089216
4.63,0.0032365668706066,1.473419935217413,-0.9977318319657372,-0.5402188420442444,0.0003492073911445,1.0677617842574482e-05,0.0160262764930152,0.0756213694959065,0.1661132521548257,0.040391587746422,0.0017114795536871,7.525907346506126e-05,-0.1049359377723941,0.3677171700446312,-0.8709638488670689,-0.0998412560892998,0.0681457434267746,0.0559018360254421,0.0728199529752802,-3.417618606534369,-3.849087734966568,-0.842766988843017,0.0078439704650558,-0.0001325720966942
4.64,0.0033897592608606,1.474193295185352,-0.9961397895996696,-0.5398299440253659,0.0003658328075855,1.143485792345659e-05,0.0153192390253941,0.0773359967938725,0.1592042366067532,0.0388898018878485,0.0016625416440939,7.572400808821077e-05,-0.1097593864545535,0.2890386979709314,-1.0249609299907625,-0.1307146732736646,0.0663362738380403,0.054573494104526,0.0688875828453667,-3.45414743854067,-3.9072387437304874,-0.8576292080911667,0.0075573982208216,-0.0001347173322935
4.65,0.0035355428796772,1.4749760663634996,-0.9946277455510664,-0.5394588170854397,0.0003819307537138,1.219427066433908e-05,0.0145783618816655,0.0782771178147559,0.1512044048603408,0.0371126939926146,0.0016097946128394,7.594127408824908e-05,-0.114445520889914,0.2117484841641663,-1.1718603419700198,-0.1607151876328592,0.0643043168562155,0.0531631863808508,0.064789950529948,-3.4932355766581504,-3.969900046154546,-0.8735890823146996,0.0072523860980735,-0.0001379342343056
4.66,0.003673588111493,1.4757607434020583,-0.9932060343055548,-0.5391080794111798,0.0003974633667036,1.2953427547723688e-05,0.0138045231815732,0.0784677038558894,0.1421711245511528,0.0350737674259962,0.0015532612989754,7.591568833846051e-05,-0.1189781036265837,0.1363821858144157,-1.3106731866119032,-0.1896056403853787,0.0620515899884003,0.0516694016955943,0.0605331972247737,-3.534484133683258,-4.036638376577773,-0.8905329408917236,0.006929225106011,-0.0001421727457169
4.67,0.003803575314104,1.4765401002503418,-0.991884345801366,-0.5387801958036246,0.0004123931284238,1.3709958765251196e-05,0.012998720261102,0.0779356848283306,0.1321688504188696,0.0327883607555207,0.0014929761720212,7.565312175275109e-05,-0.1233405968942077,0.0634443224093988,-1.4404623363799276,-0.2171527501745389,0.0595805603240582,0.050090698910219,0.0561241329027971,-3.5774928310845504,-4.106994118653423,-0.908340950035578,0.0065882681529518,-0.0001473791904629
4.68,0.0039251960288063,1.4773072363457715,-0.9906716588498516,-0.5384774603686348,0.0004266829852027,1.4461563282415646e-05,0.0121620714702313,0.0767136095429713,0.1212686951514492,0.0302735434989834,0.0014289856778924,7.516045171644493e-05,-0.1275163411973846,-0.0065943157698535,-1.5603495177023687,-0.2431298907084,0.0568945265928397,0.0484257836901547,0.0515702226637245,-3.6218620290034096,-4.180484223106479,-0.9268878481737144,0.006229929761016,-0.0001534966353471
4.69,0.004038154196445,1.4780556192122352,-0.9895761793717672,-0.5382019803937251,0.0004402964702053,1.5206018371846157e-05,0.011295816763871,0.074838286646372,0.1095479478084384,0.0275479974909577,0.0013613485002567,7.444550894305083e-05,-0.1314887264556736,-0.0732986470341642,-1.6695219839611155,-0.2673198760722632,0.0539976889132143,0.0466735830283862,0.046879567756817,-3.6671944772505936,-4.256605277525412,-0.94604371441962,0.0058546854947675,-0.0001604652554682
4.7,0.0041421673678692,1.478779123329693,-0.988605283936398,-0.537955661545315,0.0004531978276049,1.5941188564020855e-05,0.0104013171424216,0.0723504117457831,0.0970895435369189,0.0246318848410066,0.0012901357399568,7.351701921746996e-05,-0.135241353203927,-0.1362706820893235,-1.7672387103203293,-0.2895176996000037,0.0508952051925117,0.0448333162753347,0.0420608818690154,-3.713096807366973,-4.334836710253331,-0.9656747666820048,0.0054630711388315,-0.0001682227016111
4.71,0.0042369678979849,1.4794720651892852,-0.9877654690481924,-0.5377401945091251,0.0004653521377653,1.6665033969321097e-05,0.0094800530115667,0.0692941859592131,0.0839814888205639,0.0215467036189891,0.0012154310160389,7.238454053002415e-05,-0.1387581820841724,-0.1951503435688617,-1.8528360481957145,-0.3095331722478436,0.0475932337430324,0.0429045615455169,0.0371234632468726,-3.759180793473512,-4.414644109639231,-0.9856441857671446,0.0050556816536538,-0.0001767044683627
4.72,0.0043223041133794,1.4801292344963175,-0.9870623065784508,-0.5375570431836413,0.0004767254426906,1.7375617930722804e-05,0.0085336215394471,0.0657169307032329,0.0703162469741593,0.0183151325483895,0.0011373304925339,7.105839614017056e-05,-0.1420236705770938,-0.2496157661021607,-1.9257327836546847,-0.3271934078303884,0.0440989622536468,0.0408873164837925,0.0320771631716783,-3.805064416007781,-4.495482639184717,-1.0058129616254932,0.0046331699315259,-0.0001858442620026
4.73,0.0043979414443136,1.480745921526371,-0.98650040568839,-0.5374074345224913,0.0004872848710454,1.8071113972057148e-05,0.007563733093426,0.061668703005357,0.0561900890060906,0.0149608661150021,0.0010559428354761,6.954960413343446e-05,-0.1450228966046206,-0.2993831334868135,-1.9854345511898812,-0.342345105266185,0.0404206237745848,0.0387820524903301,0.0269323512388531,-3.8503727673942794,-4.576800528470349,-1.0260407576748107,0.0041962453673483,-0.0001955743674645
4.74,0.0044636635126997,1.481317940676566,-0.9860833815352432,-0.5372923501064547,0.0004969987620925,1.874981201255695e-05,0.0065722068386022,0.0572019150194898,0.0417024153146739,0.0115084416036629,0.0009713891047136,6.786980404998002e-05,-0.1477416692534677,-0.3442061191837032,-2.0315375619505223,-0.3548565819882059,0.036567500808792,0.0365897616254806,0.0216998778125052,-3.894738842130216,-4.658042619164152,-1.046186788902559,0.0037456722509473,-0.0002058260138776
4.75,0.004519273168466,1.481841650284114,-0.98581383099567,-0.5372125195098684,0.0005058367879416,1.9410123824242976e-05,0.0055609655766357,0.0523709607547908,0.0269550539573115,0.0079830596586338,0.0008838025849134,6.603118116860275e-05,-0.1501666273959211,-0.3838750035724033,-2.0637316134647605,-0.3646195178588431,0.0325499189354157,0.0343119955425552,0.0163910339416285,-3.9378042556400383,-4.738653944900847,-1.0661107092146531,0.0032822679806572,-0.000216529738353
4.76,0.0045645934674364,1.4823139688073623,-0.9856933155813477,-0.5371684155096396,0.0005137700735398,2.005058771450682e-05,0.004532029897042,0.0472318523248572,0.0120515414322597,0.0044104000228777,0.0007933285598181,6.404638902638466e-05,-0.1522853273956608,-0.4182155459697833,-2.0818023559930405,-0.3715503750587094,0.0283792316057527,0.0319508959290089,0.0110175089435406,-3.979219936554331,-4.818083323373904,-1.0856735032610465,0.0028069010918618,-0.000227615747781
4.7700000000000005,0.0045994685844839,1.4827323874804683,-0.9857223516609406,-0.5371602511681647,0.000520771313873,2.066987242193215e-05,0.0034875117047437,0.0418418673105979,-0.002903607959309,0.0008164341474863,0.0007001240333179,6.192847074253274e-05,-0.154086321367158,-0.4470876911992477,-2.0856327987599155,-0.3755914664068109,0.0240677978407506,0.0295092160727077,0.0055913457899221,-4.01864683583747,-4.895786938606678,-1.1047383777370836,0.0023204890896896,-0.0002390142784503
4.78,0.0046237646562665,1.4830949795617856,-0.9859004080414177,-0.5371879788044136,0.0005268148878762,2.1266780218892168e-05,0.0024296071782611,0.0362592081317243,-0.0178056380477081,-0.0027727636248888,0.0006043574003212,5.969077969600204e-05,-0.1555592275970219,-0.470384189477592,-2.075204047323236,-0.3767116521281641,0.0196289545208898,0.0269903333093393,0.0001248943775588,-4.055756693493117,-4.971231891070099,-1.1231716469396984,0.0018239960724131,-0.0002506559532835
4.79,0.004637370548301,1.4834004062984107,-0.9862259109005922,-0.5372512908505037,0.0005318769685739,2.1840249219707037e-05,0.0013605892034462,0.0305426736625142,-0.0325502859174502,-0.0063312046090084,0.0005062080697698,5.7346900081486506e-05,-0.1566947947322561,-0.4880292046412542,-2.0505952711365074,-0.3749066531008846,0.0150769847996418,0.0243982522491561,-0.0053692372654385,-4.090232899522083,-5.04389969310218,-1.1408436071563106,0.0013184301315407,-0.0002624721364088
4.8,0.0046401985414912,1.4836479197257066,-0.9866962560025252,-0.5373496225744732,0.0005359356289892,2.238935489809064e-05,0.0002827993190252,0.0247513427295996,-0.0470345101933053,-0.0098331723969392,0.0004058660415305,5.491056783836026e-05,-0.1574849611988396,-0.4999769794429526,-2.011982907890649,-0.3701989768156046,0.0104270839023512,0.0217375988215844,-0.0108782337931348,-4.121771480524308,-5.11328968697136,-1.157629394289027,0.0008048405161912,-0.0002743952846621
4.8100000000000005,0.004632184933524,1.4838373624118315,-0.987307828068652,-0.5374821566338738,0.0005389709433725,2.291331082222416e-05,-0.0008013607967193,0.0189442686125179,-0.0611572066126899,-0.0132534059400595,0.0003035314383251,5.239559241335207e-05,-0.1579229110459474,-0.5062106180832635,-1.959639118421766,-0.362637460491066,0.0056953232116762,0.0190136053133415,-0.0163891253091366,-4.150082236983771,-5.178922362926917,-1.1734098189748052,0.0002843145530772,-0.0002863592954398
4.82,0.004613290550791,1.48396916424431,-0.9880560271208144,-0.5376478294094339,0.0005409650833065,2.3411468620037537e-05,-0.0018894382733053,0.0131801832478373,-0.0748199052162173,-0.0165672775560098,0.0001994139934081,4.981577978133777e-05,-0.1580031270346843,-0.5067410356468425,-1.8939295128212492,-0.3522964437764315,0.0008986131101381,0.0162320867069853,-0.0218888419740412,-4.174890049029635,-5.2403425547121225,-1.1880721733608612,-0.0002420256808748,-0.0002982998501077
4.83,0.0045835011667295,1.484044336339582,-0.9889353015583496,-0.5378453390535568,0.0005419024082504,2.388331719114449e-05,-0.0029789384061429,0.0075172095272025,-0.0879274437535463,-0.0197509644122908,9.373249438085668e-05,4.718485711069532e-05,-0.157721441329784,-0.5016061120984885,-1.8153101748398468,-0.3392745911186496,-0.0039453354230865,0.0133994087475879,-0.0273642702664481,-4.195936360525253,-5.297122490297667,-1.2015110036407597,-0.0007730269288464,-0.0003101547519282
4.84,0.0045428278227274,1.484064462138451,-0.9899391876805366,-0.5380731551749798,0.0005417695500843,2.4328481185357582e-05,-0.0040673344002173,0.0020125798868564,-0.100388612218688,-0.0227816121422952,-1.3285816608519484e-05,4.451639942130931e-05,-0.1570750836360697,-0.4908700754181354,-1.7243240177630086,-0.3236933908482884,-0.008818050952569,0.0105224482736306,-0.0328023106171735,-4.212980842908856,-5.348864676042712,-1.213628842456862,-0.0013075085542767,-0.0003218642572029
4.8500000000000005,0.0044913070480387,1.4840316857316005,-0.9910603553184616,-0.5383295300686483,0.0005405554912245,2.474671877081187e-05,-0.0051520774688628,-0.0032776406850366,-0.1121167637924933,-0.0256374893668487,-0.0001214058859768,4.182375854542906e-05,-0.1560627260802378,-0.4746231247899743,-1.6215965105805636,-0.3056953644136149,-0.0137003444288978,0.0076085464416306,-0.0381899360266586,-4.225803231516556,-5.395204593125637,-1.2243368953349034,-0.0018442665481846,-0.0003333713980546
4.86,0.0044290009755553,1.4839486974411298,-0.9922906591972088,-0.5386125113888742,0.0005382516358788,2.5137918717462952e-05,-0.0062306072483417,-0.0082988290470536,-0.1230303878747192,-0.0282981320225923,-0.0002303855345687,3.9119994665108175e-05,-0.1546845236060579,-0.4529812910038315,-1.507830818523582,-0.2854420245690621,-0.0185723561268762,0.0046654555500605,-0.04351425115668,-4.234205318388119,-5.435813185922187,-1.233555675441512,-0.0023820777111474,-0.0003446222950014
4.87,0.0043559973507849,1.483818716667464,-0.9936211956104894,-0.5389199561542297,0.0005348518740264,2.5502096824119148e-05,-0.0073003624770384,-0.0129980773665884,-0.1330536413280721,-0.0307444765355486,-0.0003399761852441,3.641781066561941e-05,-0.1529421481605577,-0.4260865178458517,-1.383802406814639,-0.2631116258220682,-0.0234136084304297,0.0017012802273981,-0.0487625512667867,-4.238013077019971,-5.47039912305748,-1.2412155811494443,-0.0029197039678035,-0.000355566457221
4.88,0.0042724094320492,1.4836454719971797,-0.9950423639557484,-0.5392495459644463,0.0005303526377213,2.5839391719246017e-05,-0.0083587918735745,-0.0173244670284256,-0.1421168345258837,-0.0329589810216538,-0.0004499236305073,3.3729489512687026e-05,-0.1508388145322576,-0.3941069357029673,-1.2503531607835183,-0.2388967537780137,-0.0282030664746361,-0.0012755862112363,-0.0539223802513589,-4.237078886418706,-5.498710813129,-1.2472574111610462,-0.0034558967629171,-0.0003661570681704
4.89,0.0041783757807312,1.483433178557154,-0.9965439326486198,-0.5395988033028822,0.0005247529493446,2.6150060067578484e-05,-0.0094033651317999,-0.021229344002569,-0.1501568692871493,-0.0349257338435944,-0.000559968837669,3.106683483324668e-05,-0.1483792953899713,-0.3572372872835662,-1.1083850792483956,-0.2130018023054205,-0.0329192087960071,-0.004256529406834,-0.0589815869328936,-4.231283814347286,-5.520538158594254,-1.2516328122795228,-0.0039894014805672,-0.0003763512540378
4.9,0.0040740599413982,1.4831865125948271,-0.9981151089115284,-0.5399651087929079,0.000518054461464,2.643447121612883e-05,-0.0104315839332972,-0.0246665962326783,-0.157117626290859,-0.036630549002575,-0.000669848788066,2.844111485503461e-05,-0.1455699228868452,-0.3156994556186006,-0.9588536012429713,-0.185640388457009,-0.0375401101487992,-0.0072327847581437,-0.0639283786886713,-4.220539913059952,-5.535714033037752,-1.2543046553301027,-0.0045189618223713,-0.0003861103323551
4.91,0.0039596500127902,1.4829105832639145,-0.9997446119123168,-0.5403457192728316,0.0005102614880058,2.6693101314529588e-05,-0.0114409928607963,-0.0275929330912718,-0.162950300078821,-0.038061047992362,-0.000779297345815,2.5863009840076067e-05,-0.1424185741595814,-0.2697430366367245,-0.8027606286656981,-0.1570327550002206,-0.042043538506149,-0.0101955105382827,-0.0687513714382086,-4.204792475289652,-5.544115468969816,-1.255247335217741,-0.0050433240772577,-0.0003954000380137
4.92,0.003835358111992,1.482610901600036,-1.0014207487150697,-0.5407377865517191,0.000501381026501,2.6926526945841297e-05,-0.0124291900798288,-0.0299681663878471,-0.1676136802752991,-0.0392067278887481,-0.0008880461504753,2.3342563131170825e-05,-0.138934638180764,-0.2196458928231981,-0.6411473092222707,-0.1274032090801968,-0.046407067978179,-0.0131358624896929,-0.0734396350034771,-4.184022193962724,-5.545664545451486,-1.2544469916616152,-0.0055612412144783,-0.0004041907239041
4.93,0.0037014197355699,1.4822933466817227,-1.0031314924967227,-0.5411383767076017,0.0004914227712318,2.713541830503008e-05,-0.0133938376422073,-0.0317554918313136,-0.1710743781653099,-0.0400590155882519,-0.0009958255269212,2.0889135918877982e-05,-0.1351289617189446,-0.1657146209159371,-0.4750866450093878,-0.0969776431592628,-0.0506082089474604,-0.0160450690673226,-0.0779827328767808,-4.158247166220586,-5.540328967164856,-1.2519016477647824,-0.0060714767335104,-0.0004124575334425
4.94,0.0035580930230241,1.4819641289891323,-1.0048645624794623,-0.5415444897900342,0.0004803991171846,2.7320531963321316e-05,-0.014332671254583,-0.0329217692590285,-0.1733069982739602,-0.0406113082432538,-0.0011023654047231,1.851136582912369e-05,-0.1310137726253128,-0.1082848653318143,-0.3056759922318716,-0.0659811809029771,-0.0546245561567424,-0.0189145065071166,-0.0823707554946953,-4.127524680949183,-5.52812232903189,-1.247621264253713,-0.0065728082093152,-0.0004201805423721
4.95,0.0034056579295297,1.4816297509954175,-1.0066075050301564,-0.541953079790683,0.0004683251547998,2.748270325760312e-05,-0.0152435093494342,-0.0334377993714877,-0.1742942550694083,-0.0408590000648792,-0.0012073962384783,1.621712942818073e-05,-0.1266025792868987,-0.0477214100494057,-0.1340295167822743,-0.0346359862777493,-0.0584339548030417,-0.0217357728972708,-0.0865943462207666,-4.091952729237911,-5.509104063095034,-1.241627707949439,-0.0070640304790491,-0.0004273448674162
4.96,0.0032444153165773,1.4812969650536811,-1.0083477753838055,-0.5423610747484628,0.0004552186556011,2.762283834502242e-05,-0.0161242612952392,-0.0332785941736629,-0.1740270353649289,-0.040799495777992,-0.0013106499198726,1.4013508741930162e-05,-0.1219100458467252,0.0155820150752115,0.038729331273049,-0.0031592689194135,-0.0620146839200258,-0.0245007604231547,-0.0906447193830192,-4.051671179056227,-5.483379067074352,-1.233954633800517,-0.0075439584265669,-0.0004339407396295
4.97,0.0030746859706979,1.4809727286752905,-1.0100728194579525,-0.5427653968595938,0.0004411000488825,2.7741905963916748e-05,-0.0169729345879399,-0.0324236378390681,-0.1725044074146653,-0.040432211113099,-0.0014118606718573,1.1906761889432527e-05,-0.1169518436640895,0.081203272247909,0.211475263857024,0.0282384870826112,-0.0653456554994864,-0.027201724941635,-0.0945136698909236,-4.006862558950731,-5.451097016768454,-1.2246472806076028,-0.0080114293336101,-0.0004399635406253
4.98,0.0028968095619225,1.4806641573323207,-1.0117701552387246,-0.543162982467659,0.0004259923897302,2.7840928943278492e-05,-0.01778764087754,-0.0308571342969867,-0.1697335780772193,-0.0397585608065268,-0.0015107659152283,9.902297936174835e-06,-0.1117444804399676,0.1486927493919377,0.3830884647431405,0.0593550502549942,-0.0684066269462459,-0.0298313520167312,-0.0981935741648268,-3.9577524006869695,-5.412451367227558,-1.213762181388802,-0.0084653047809926,-0.0004454138002544
4.99,0.0027111435549033,1.4803784749572129,-1.013427453236289,-0.5435508018141791,0.0004099213187488,2.7920975504068715e-05,-0.0185666007019244,-0.0285682375107814,-0.1657297997564406,-0.0387819346520071,-0.0016071070981446,8.004656079021846e-06,-0.1063051094237054,0.2175747320972161,0.5524617104818109,0.0899977106985723,-0.0711784236193393,-0.0323828185194544,-0.1016773823419516,-3.904609097403241,-5.367678050352898,-1.2013667901618044,-0.0089044720988711,-0.0004502971547536
