time,q1,q2,q3,q4,q5,q6,dq1,dq2,dq3,dq4,dq5,dq6,ddq1,ddq2,ddq3,ddq4,ddq5,ddq6,tau1,tau2,tau3,tau4,tau5,tau6
0.0,0.0,1.5,-1.0,-0.54,0.0,0.0,0.0,0.0,0.0,0.0,0.0,0.0,0.0,0.0,0.0,0.0,0.0,0.0,-0.33307625396773854,-2.098418422744358,-3.9218560152368687,-0.8200370488060611,-0.025230507655641086,0.000981789092007055
0.01,1.940309500263178e-06,1.500001471791077,-0.9999978591914644,-0.5399995537583916,1.9835119359627928e-07,6.521263727714995e-09,0.00019403095002631777,0.00014717910771019278,0.00021408085355637652,4.462416084540975e-05,1.9835119359627927e-05,6.521263727714994e-07,0.027374286861293128,0.01499616490380887,0.0319374075924289,-0.00811717569155991,0.005007121677713541,0.010318211757210628,0.003266267176570337,-4.014833247632414,-4.595557806949887,-1.031517351144768,0.00034560188186240505,-0.00048429500064356326
0.02,-6.537042933506376e-05,1.499999216477745,-1.00001819155461,-0.5400038266306546,-6.022712513103508e-06,-4.5380906278664824e-08,-0.006731073883532693,-0.0002255313332053352,-0.0020332363145478256,-0.0004272872263043818,-0.0006221063706699787,-5.1902170006379815e-06,-0.9986374062381256,-0.017565296379513214,-0.33647239233834925,0.024750627929220337,0.04306800707176439,0.07517196344961652,-0.11550904484599722,-4.062084686271829,-4.648699161892481,-1.0450402693385474,-0.011161858277596547,-0.0006271508595147523
0.03,-0.000251307342528699,1.49998690293072,-1.0000785624581112,-0.5400170741609882,-2.3525233835594655e-05,-2.2104975653054507e-07,-0.018593691319363524,-0.00123135470249595,-0.006037090350129162,-0.0013247530333637546,-0.0017502521322491145,-1.7566885025188024e-05,-1.7014379410095428,-0.06940014861475224,-0.580282494002873,-0.026828585803650995,-0.023000570796274822,0.07437711592706409,-0.23321633976517758,-4.109039230321828,-4.701512215723362,-1.058473014307222,-0.02256497158557435,-0.0007686430595832021
0.04,-0.0005893357865264072,1.4999577912190816,-1.0001915702128714,-0.5400424502070218,-5.5615508116905277e-05,-5.65228047637021e-07,-0.03380284439977082,-0.002911171163848187,-0.011300775476009708,-0.0025376046033548086,-0.0032090274281310624,-3.441782911064759e-05,-2.177436057456089,-0.1323079644131736,-0.7513566956743554,-0.06922745561032073,-0.07146194927652161,0.07340496271585306,-0.34883954943999634,-4.155380805387768,-4.753665054181425,-1.071725590734432,-0.03376471233884241,-0.0009075096714907993
0.05,-0.0011011711825247778,1.4999052148556917,-1.0003661825440167,-0.5400822634709899,-0.00010444362671689812,-1.107312786262628e-06,-0.051183539599837055,-0.005257636338994835,-0.017461233114517978,-0.003981326396801515,-0.004882811859999284,-5.42084738625607e-05,-2.486178699892797,-0.19905216856702324,-0.8706502548139575,-0.10053639803618886,-0.1044231155034403,0.0724057902703783,-0.4614147302295716,-4.200808984186488,-4.804841467832867,-1.0847135072936072,-0.04466750282896674,-0.0010425824313419982
0.06,-0.0017997313856525404,1.4998228890954086,-1.000608650621635,-0.5401381788796925,-0.00017129484136470865,-1.8652696750817852e-06,-0.06985602031277627,-0.00823257602831399,-0.024246807761824557,-0.005591540870260354,-0.0066851214647810535,-7.579568888191572e-05,-2.6696832283729255,-0.2648197615095641,-0.9516445139249317,-0.1233247483467661,-0.12601661482343296,0.07127204232574158,-0.5700246003521853,-4.245029818602031,-4.854741000020077,-1.0973569141922375,-0.05518466968918984,-0.0011727658494723346
0.07,-0.0026912394107457536,1.4997051013485518,-1.0009231412174944,-0.5402113591164556,-0.0002567974538040097,-2.848424150102238e-06,-0.08915080250932131,-0.011778774685667518,-0.03144905958593914,-0.007318023676303072,-0.008550261243930104,-9.831544750204526e-05,-2.7578658938893366,-0.3265437218403174,-1.0035836967634835,-0.13960934811441872,-0.13930262337958155,0.06992219141724743,-0.6737979618194665,-4.2877544625175155,-4.903078583612956,-1.1095801756069206,-0.06523231989938238,-0.0012970271210807401
0.08,-0.003776729170568614,1.499546822405437,-1.001312177732631,-0.5403025641030629,-0.0003610717551995413,-4.059455004694837e-06,-0.10854897598228602,-0.01582789431149652,-0.03890365151367217,-0.009120498660734357,-0.01042743013955316,-0.00012110308545925984,-2.7721465796163773,-0.38233921636902424,-1.0328871816399972,-0.1508095513059402,-0.14649671535604547,0.06830130994744765,-0.7719117960058098,-4.32870065621419,-4.949584262114573,-1.1213116960774798,-0.07473145222783013,-0.0014143918854557366
0.09,-0.0050531330095339765,1.4993437647408567,-1.0017769515233006,-0.5404122218411581,-0.0004838375780349051,-5.49582618333225e-06,-0.12764038389653623,-0.020305766458019764,-0.04647737906695121,-0.010965773809519207,-0.012276582283536383,-0.0001436371178637413,-2.7279931597959854,-0.43111469291809223,-1.0440611841442984,-0.15792604725926385,-0.14920124114981448,0.06637804374618428,-0.8635948227680147,-4.367594968970759,-4.994003125552212,-1.1324838945367033,-0.08360820229955213,-0.0015239432728115323
0.1,-0.0065140774425159675,1.4990924056778847,-1.002317545285075,-0.5405404798139594,-0.0006244928923487562,-7.150823951297407e-06,-0.1460944432981991,-0.025135906297206044,-0.05405937617743895,-0.012825797280121263,-0.014065531431385121,-0.00016549977679651572,-2.6367203995214847,-0.47230799009584773,-1.0403157301805779,-0.16167524508014353,-0.14857255466168695,0.06414132285951313,-0.9481318094337163,-4.404174998728236,-5.036095453052845,-1.143033263531392,-0.09179416066554696,-0.00162482287883405
0.11,-0.00815047635331758,1.49878998741795,-1.0029330968897905,-0.5406872432101507,-0.0007821722339599325,-9.014317921984263e-06,-0.1636398910801613,-0.030241825993463443,-0.061555160471556514,-0.01467633961913841,-0.015767934161117627,-0.00018634939706868548,-2.506760144859511,-0.5057078151219141,-1.0239839323166906,-0.16258129056886528,-0.1454412920398127,0.06159723254536065,-1.0248681735975835,-4.438191297763137,-5.075637011079087,-1.1529004765668471,-0.0992267248679689,-0.0017162329169386147
0.12,-0.009950984542944775,1.4984345020227958,-1.003621922977077,-0.540852204227499,-0.0009557911666416471,-1.107332984169292e-05,-0.18005081896271957,-0.03554853951541624,-0.06888260872865042,-0.016496101734834814,-0.01736189326817146,-0.0002059011919708658,-2.344556359692176,-0.5313332528303732,-0.996806925888869,-0.16103853982943583,-0.14039936633426287,0.058766146689746446,-1.093214566521312,-4.469409019743997,-5.1124194518089565,-1.1620305212129247,-0.10584945862970699,-0.001797439112619049
0.13,-0.01190235580593655,1.4980246667715658,-1.0043816154140446,-0.541034865349358,-0.0011440811450977942,-1.331246951092384e-05,-0.19513712629917748,-0.04098352512301343,-0.07596924369675255,-0.01826611218589932,-0.018828997845614703,-0.0002239139669230919,-2.1551939279303713,-0.5493526914413519,-0.9601274018110889,-0.1573538970636852,-0.13386328909719758,0.05568011506673409,-1.152651210179189,-4.497609354900511,-5.146250764982906,-1.1703728441820587,-0.11161243868076841,-0.0018677740685083904
0.14,-0.01398973642815394,1.49755989350983,-1.0052091195239947,-0.5412345585582251,-0.0013456178428412403,-1.571427984074062e-05,-0.20873806222173907,-0.04647732617358752,-0.08275041099502126,-0.01996932088671091,-0.020153669774344615,-0.0002401810329816778,-1.9428384725863619,-0.5600295084286167,-0.9150209279654489,-0.15177544707448654,-0.1261206214353816,0.05238046080485392,-1.2027318181143694,-4.522590826136979,-5.176955748186938,-1.1778814996143627,-0.11647257462051337,-0.0019266409153613155
0.15,-0.016196915563523026,1.4970402543827896,-1.0061008001158165,-0.5414504618176322,-0.001558845083937126,-1.825952072124306e-05,-0.22071791353690845,-0.05196391270403508,-0.08916805918216698,-0.02159032594071459,-0.021322724109588576,-0.0002545240880502442,-1.7110419780179595,-0.5636859126769783,-0.8623849107087223,-0.1445117549460928,-0.1173643969939091,0.04891554211219984,-1.24308697151991,-4.544170501339131,-5.2043764709988505,-1.1845152947565354,-0.12039389070157201,-0.0019735171098382224
0.16,-0.018506547241617502,1.496466445515954,-1.007052499390415,-0.5416816137222131,-0.0017820958603003596,-2.092741263566539e-05,-0.23096316780944764,-0.05738088668355748,-0.09516992745985613,-0.023115190458089727,-0.022325077636323364,-0.00026678919144223313,-1.4629530721849895,-0.5606790936432939,-0.8029986979587324,-0.13574480742818062,-0.10771896969945338,0.04533864272951371,-1.2734268539439069,-4.562185154187934,-5.2283727165279075,-1.1902379289457123,-0.12334776106646066,-0.0020079582637517347
0.17,-0.020900353990159257,1.4958397496467621,-1.008059589467094,-0.5419269269214588,-0.00201361144899207,-2.369585473643644e-05,-0.23938067485417558,-0.06266958691919354,-0.10070900766789272,-0.02453131992456448,-0.023151558869171005,-0.00027684421007710507,-1.2014595379949171,-0.5513856995061952,-0.7375640089075831,-0.1256386218115737,-0.09725974381537217,0.04170596927099535,-1.293543274212349,-4.576492384901477,-5.248822389594546,-1.1950181227978676,-0.12531309207376368,-0.0020296019014856294
0.18,-0.02335931866543241,1.4951619983340108,-1.0091170213627516,-0.542185200721715,-0.002251559311573831,-2.654162766328972e-05,-0.24589646752731548,-0.06777513127514513,-0.10574318956575007,-0.02582738002562462,-0.02379478625817615,-0.0002845772926853279,-0.9292826301151259,-0.5361919372011895,-0.666731941557944,-0.1143449038444273,-0.0860285268661185,0.0380747465302087,-1.303310929505502,-4.586971695909677,-5.265621884490631,-1.1988297350442378,-0.12627644709325855,-0.0020381710482398154
0.19,-0.025863868672275404,1.4944355341202182,-1.0102193716351309,-0.5424551331336582,-0.00249405022096985,-2.9440588200916165e-05,-0.2504550006842993,-0.07264642137926168,-0.11023502723793353,-0.02699324119431385,-0.024249090939601876,-0.0002898960537626445,-0.6490371184563455,-0.5154874503157808,-0.5911208150860637,-0.10200669829396913,-0.07404572790800446,0.03450141243732452,-1.3026878801564947,-4.593525505838083,-5.278686407383887,-1.2016518647364576,-0.12623211063796666,-0.002033477554839243
0.2,-0.028394055043047865,1.4936631728555774,-1.0113608874764008,-0.5427353325385823,-0.0027391548927936764,-3.236786057261134e-05,-0.253018637077246,-0.07723612646408265,-0.11415158412700502,-0.028019940492403736,-0.024510467182382634,-0.00029272723716951716,-0.3632669812569679,-0.4896617169759998,-0.5113277483171511,-0.08876067783631258,-0.06132024886293008,0.03103992234664832,-1.2917152253557131,-4.59608007784544,-5.287950249406939,-1.2034689366653575,-0.12518209000669872,-0.002015425067015904
0.21,-0.030929727633395333,1.4928481662840234,-1.0125355307526238,-0.5430243290825834,-0.0029849202781540717,-3.52980274850376e-05,-0.2535672590347469,-0.08150065715539948,-0.11746432762229354,-0.028899654400107496,-0.024576538536039527,-0.00029301669124262656,-0.07446384576647325,-0.4591021080669899,-0.42793595372878757,-0.0747385129765945,-0.0478576457047169,0.027740177896673046,-1.2705159849504881,-4.594586334605216,-5.293367006664893,-1.2042707678856623,-0.12313605377938745,-0.001984011549528712
0.22,-0.03345070684159579,1.4919941649238522,-1.0137370212857086,-0.5433205858637621,-0.0032293855897407675,-3.820532279401841e-05,-0.25209792082004545,-0.08540013601711777,-0.12014905330847372,-0.029625678117867964,-0.0244465311586696,-0.00029072953089808075,0.21492672042862626,-0.4241930168443949,-0.3415190993166864,-0.060067627194604345,-0.03366694094219358,0.024646599160947358,-1.2392932071438418,-4.5890205313323555,-5.294909743104698,-1.2040526132626512,-0.12011120756829122,-0.001939331278961952
0.23,-0.0359369516687059,1.4911051812348155,-1.014958879538325,-0.543622509947498,-0.0034705980727452873,-4.106382672412311e-05,-0.2486244827110107,-0.08889836890365745,-0.12218582526164239,-0.030192408373582957,-0.02412124830045199,-0.00028585039301047007,0.5025073731011243,-0.3853156552605213,-0.25264366389229576,-0.044871546816823704,-0.018766328867686255,0.02179686056202934,-1.1983273351997508,-4.579384759600268,-5.292571091656418,-1.2028151879957738,-0.11613210839731732,-0.001881576223969361
0.24,-0.03836872353852944,1.4901855530421642,-1.0161944687692512,-0.5439284632243271,-0.003706628490008595,-4.384766385692003e-05,-0.2431771869823536,-0.09196281926513275,-0.12355892309262491,-0.030595327682912458,-0.023603041726330775,-0.00027838371327969236,0.7859369111770235,-0.34284823802553627,-0.16186992076517553,-0.029269990179861205,-0.0031879159555603387,0.019220811356719048,-1.1479728782406462,-4.565707257731429,-5.28636328847405,-1.2005646651562034,-0.1112304199662711,-0.0018110367383218397
0.25,-0.0407267450398507,1.489239907179875,-1.0174370366632957,-0.5442367731109983,-0.003935586261848354,-4.653120354321577e-05,-0.23580215013212633,-0.09456458622890791,-0.12425678940443612,-0.030830988667123485,-0.02289577718397592,-0.0002683539686295733,1.0629419585177022,-0.29716636146359154,-0.0697519866760403,-0.013378795994240855,0.013018429752676752,0.01693960065396727,-1.088654441796572,-4.548042507817765,-5.276318134621252,-1.1973126464193566,-0.10544461185708062,-0.001728101500424403
0.26,-0.042992352602901046,1.4882731233162412,-1.0186797563970877,-0.5445457430858605,-0.004155634181874494,-4.908926195202197e-05,-0.22656075630503447,-0.09667838636337048,-0.12427197337921052,-0.030896997486222738,-0.022004792002613953,-0.00025580584088061975,1.3313309148364871,-0.24864344344136935,0.02316276232060555,0.002690240073495387,0.029782091847414094,0.014965025074376026,-1.0208621828185391,-4.526471104539766,-5.262486879276797,-1.193076104390824,-0.0988196064507779,-0.0016332566429211712
0.27,-0.045147642052064875,1.4872902979322995,-1.0199157670733818,-0.5448536630434498,-0.004365002618325089,-5.1497304615841555e-05,-0.21552894491638283,-0.09828253839417381,-0.12360106762941758,-0.030791995758942804,-0.020936843645059475,-0.00024080426638195865,1.5890090422969287,-0.1976511317356849,0.11633469872763116,0.018829572998454364,0.047009580486753855,0.013299114419687896,-0.9451467612719863,-4.501099386559882,-5.2449400185510955,-1.1878772952187409,-0.09140637794042678,-0.0015270840274388326
0.28,-0.0471756059686523,1.486296708435222,-1.0211382134377438,-0.5451588194490407,-0.004562003104316973,-5.3731648050190846e-05,-0.20279639165874255,-0.09935894970774684,-0.12224463643619668,-0.03051564055908067,-0.01970004859918836,-0.00022343434343492913,1.833993815571733,-0.14455961705701428,0.20923322922145815,0.03493612761102641,0.06458328190137763,0.011933967184626804,-0.8621138660584939,-4.472058827062651,-5.2237670043511475,-1.1817436405544604,-0.08326150833848504,-0.0014102586321908068
0.29,-0.04906026183714625,1.4852977774033589,-1.0223402847796308,-0.5454595052713364,-0.004745041218663084,-5.576965880372791e-05,-0.18846558684939518,-0.09989310318632363,-0.12020713418869801,-0.03006858222956543,-0.01830381143461119,-0.000203801075353706,2.064429857065169,-0.0897378075335877,0.3013382555008083,0.050911507421384394,0.08236109795739033,0.010851843476517242,-0.7724183967779181,-4.439505185735303,-5.199075858418279,-1.174707578357412,-0.07444670577991926,-0.001283545033787135
0.3,-0.05078677002484842,1.4842990369760005,-1.023515252912873,-0.5457540296699546,-0.004912628660649278,-5.7589948127035576e-05,-0.17265081877021676,-0.09987404273584072,-0.11749681332421416,-0.029452439861825087,-0.016758744198619332,-0.00018202893233076713,2.278602927288343,-0.033553336465359906,0.39214173785534057,0.0666621785768644,0.1001769852406067,0.010025517987674704,-0.6767583846805811,-4.403617429898545,-5.1709926876741275,-1.1668063825247668,-0.06502829070894807,-0.0011477929788483426
0.31,-0.052341540749632834,1.4833060934183249,-1.0246565091269972,-0.5460407274135795,-0.00506339442669943,-5.917256032898245e-05,-0.15547707247844136,-0.09929435576756139,-0.11412562141242823,-0.028669774362493287,-0.015076576605015147,-0.0001582612201946872,2.4749525581159255,0.023627613619218883,0.48114930972999576,0.08209961991444681,0.11784239029657151,0.00941889015763886,-0.575868736060059,-4.364596437418956,-5.139661098305855,-1.1580819518437382,-0.05507665570425135,-0.001003932055570732
0.32,-0.0537123293163455,1.4823245919097354,-1.0257575999997108,-0.5463179680043986,-0.005196095003650136,-6.049915281735624e-05,-0.1370788566712669,-0.09815015085894707,-0.11010908727135309,-0.02772405908191373,-0.01327005769507067,-0.000132659248837379,2.6520830141732206,0.0814406789308137,0.5678819060737048,0.09714043395884486,0.1351485597324249,0.008987842694530901,-0.470514879345952,-4.322663498313138,-5.105241507541179,-1.1485805692928053,-0.044665704744605246,-0.0008529654899030433
0.33,-0.05488831904301906,1.4813601816213648,-1.026812261961483,-0.5465841644845573,-0.00530962350196238,-6.155316579373833e-05,-0.11759897266735574,-0.09644102883706039,-0.10546619617721231,-0.026619648015867862,-0.01135284983122435,-0.00010540129763820822,2.808772351784481,0.13952387588212692,0.651877378432831,0.11170641665027237,0.1518696824132899,0.008681333298413474,-0.36148639337453026,-4.278058635485454,-5.067910353734608,-1.138352633235828,-0.03387227764745088,-0.0006959631051530469
0.34,-0.05586019144794408,1.480418481165465,-1.0278144545050452,-0.5468377819007388,-0.005403017662235594,-6.231997959026677e-05,-0.09718724049250238,-0.09417004558998637,-0.10021925435621067,-0.025361741618154042,-0.009339416027321445,-7.668137965284438e-05,2.94397942012652,0.19751835192669814,0.7326920769603755,0.1257245856952114,0.1677667974671131,0.008442697943904509,-0.24959068890077657,-4.231038767766234,-5.027859207126956,-1.127452362538095,-0.022775565233754014,-0.0005340534973571397
0.35000000000000003,-0.056620183422714035,1.4795050445153466,-1.028758391935418,-0.5470773454035418,-0.005475466679515883,-6.27870576967955e-05,-0.07599919747699546,-0.09134366501185215,-0.09439374303728715,-0.023956350280291267,-0.007244901728028849,-4.670781065287203e-05,3.0568487180183346,0.2550693169886159,0.8099023846375697,0.13912716907031886,0.1825923777018712,0.008211137612661457,-0.13564680857718467,-4.181875740319764,-4.985293785367553,-1.1159374780659521,-0.011456520494068007,-0.00036841549136145
0.36,-0.057162131270040856,1.478625327509149,-1.0296385735595355,-0.5473014479590222,-0.005526316801785157,-6.294407362935393e-05,-0.05419478473268191,-0.08797170061976514,-0.08801816241174974,-0.022410255548044336,-0.00508501222692745,-1.5701593255843665e-05,3.1467130833650185,0.3118271427478259,0.8831061926871577,0.15185155639646597,0.19609547472569133,0.007923354167922003,-0.020479402616016225,-4.130854248595719,-4.940432879523734,-1.1038688633951566,2.729333400356077e-06,-0.0002002689540660618
0.37,-0.05748150163425157,1.4777846550637301,-1.0304498122184904,-0.5475087576505651,-0.0055550756713792565,-6.278301993249661e-05,-0.03193703642107163,-0.08406724454188294,-0.08112386589549066,-0.0207309691542792,-0.0028758869594098873,1.6105369685731445e-05,3.2130942509580063,0.36744861367572335,0.951924308793927,0.16384021684625694,0.20802729086982374,0.007515295383323739,0.09508707153918905,-4.078269682363861,-4.893507197774814,-1.091310207834785,0.011519465295367327,-3.086505150541629e-05
0.38,-0.05757540949320184,1.4769881892361223,-1.0311872610697665,-0.5476980245501157,-0.005561415390623021,-6.229829778615682e-05,-0.009390785895027072,-0.0796465827607949,-0.0737448851276154,-0.01892668995506332,-0.0006339719243764817,4.8472214633979155e-05,3.2557013677869393,0.4215983108501519,1.0160017916424193,0.175040587943883,0.2181470251347637,0.006923964241455138,0.21023388666801768,-4.02442591608732,-4.8447581352406175,-1.0783276350655655,0.023010949873681526,0.00013852395474644286
0.39,-0.05744262350965514,1.4762408982791069,-1.031846438531464,-0.5478680871387337,-0.005545174305417406,-6.148678589830837e-05,0.013278598354669907,-0.07472909570154193,-0.06591774616974369,-0.017006258861792908,0.0016241085205615587,8.115118878484484e-05,3.2744276025316923,0.47395010717392966,1.0750092066260826,0.1854049401384268,0.22622782684787168,0.006089243785625698,0.3241532911955207,-3.969633071062094,-4.794436479386329,-1.0649893207909191,0.034394987275646785,0.0003066152690294313
0.4,-0.05708355915530401,1.4755475268443559,-1.0324232513054235,-0.5480178782574046,-0.00550635751261608,-6.0347887603731844e-05,0.03590643543511293,-0.06933714347510839,-0.057681277395938646,-0.014979111867088933,0.0038816792801326,0.00011388982945765311,3.269345026584684,0.5241887506528063,1.1286437985088797,0.19489022243257903,0.2320626823678058,0.004955686278901084,0.43605344305292704,-3.9142052734970783,-4.742801061151823,-1.0513651028076818,0.045590467913268776,0.00047212637229685314
0.41000000000000003,-0.056500260119483565,1.474912567491133,-1.032914015401288,-0.548146430570072,-0.0054451361085592264,-5.888355535150721e-05,0.05832990358204438,-0.06349593532228093,-0.04907640958645354,-0.012855231266744108,0.006122140405685364,0.00014643322522246328,3.2406979768952353,0.5720115108475016,1.1766305774361718,0.2034578946196044,0.23547005758090656,0.0034742144146475695,0.5451630216847609,-3.85845843114893,-4.690117362368057,-1.0375260868276488,0.05651789463740873,0.0006337859691930507
0.42,-0.055696368595825226,1.4743402336606775,-1.0333154750888978,-0.5482528815219168,-0.005361845206892491,-5.709829204406058e-05,0.08038915236583427,-0.05723338304556164,-0.040145968760986736,-0.010645095184483975,0.00832909016667361,0.00017852633074466286,3.188895135333635,0.6171298624952785,1.2187233150631487,0.21107375185380306,0.236299122422297,0.0016036830059551477,0.6507355164670457,-3.802708049370936,-4.636656090155079,-1.0235442512305901,0.06709988878191846,0.000790344955912988
0.43,-0.05467708510286849,1.4738344342760321,-1.033624819712,-0.5483364777770269,-0.005256980763626094,-5.499912898288271e-05,0.10192834929567335,-0.05057993846453403,-0.0309344623102144,-0.008359625511010061,0.01048644432663963,0.00020991630611778714,3.1145005745639978,0.6592711795960171,1.2547054477565223,0.21770774734213916,0.2344343932643156,-0.0006877479473819115,0.7520531974190655,-3.7472671055826696,-4.582691728869971,-1.0094920537168137,0.07726167451676468,0.0009405872920100601
0.44,-0.05344911853891292,1.473398750124243,-1.03383969830209,-0.5483965791207662,-0.0051311952561584285,-5.259558047444712e-05,0.12279665639555715,-0.04356841517891594,-0.021487859009021643,-0.006010134373937085,0.01257855074676658,0.00024035485084355853,3.0182240263071063,0.6981804129730359,1.2843908838662383,0.22333381891021453,0.22979964448701473,-0.003421473653547391,0.8484307805517647,-3.6924439992953846,-4.528501079823815,-0.9954420425670324,0.08693154039331748,0.0010833406595245586
0.45,-0.0520206271977265,1.4730364121725452,-1.033958231937308,-0.548432661813376,-0.0049852922706169365,-4.9899575448400144e-05,0.14284913411864164,-0.036233795169765444,-0.011853363521785449,-0.003608269260977673,0.014590298554149207,0.00026960050260469803,2.900910624419911,0.7336217244427714,1.3076247119928008,0.22792972507172227,0.22236096137529593,-0.006607577182174751,0.9392188053271393,-3.6385405929933228,-4.474361798458569,-0.9814664749242701,0.09604127727780108,0.0012174867944008715
0.46,-0.05040115148131598,1.472750281962452,-1.0339790237977051,-0.5484443213826281,-0.004820220058316459,-4.692536673295901e-05,0.16194757164105222,-0.028613021009308334,-0.0020791860397266493,-0.0011659569252127173,0.01650722123004769,0.00029742087154411293,2.7635303628317445,0.7653800512517834,1.3242838070352085,0.23147689596597676,0.21212883191666343,-0.010244265581127454,1.0238067453826905,-3.5858503574055685,-4.420550938015501,-0.9676369442017199,0.1045265921022411,0.00134197137809097
0.47000000000000003,-0.048601539040536525,1.4725428342156506,-1.0339011668749354,-0.5484312748447141,-0.0046370641274031624,-4.3689418914116254e-05,0.1799612440779454,-0.020744774680145905,0.007785692276969923,0.0013046537913962057,0.018315593091329647,0.00032359478188427555,2.6071674878250644,0.7932625753500098,1.3342773306035727,0.2339603041666347,0.19915920415705912,-0.014317631664524377,1.1016258758336783,-3.5346566330187725,-4.3673435079871465,-0.9540240184058848,0.11232749701162782,0.0014558133814511418
0.48,-0.046633863056057406,1.4724161417734318,-1.033724249301497,-0.5483933623439954,-0.004437038939882138,-4.0210275970641036e-05,0.19676759844791217,-0.012669244221879133,0.017691757343832652,0.003791250071867322,0.02000251875210244,0.00034791429434752146,2.433010016525094,0.8171000733490589,1.337547122160069,0.23536835986105586,0.18355346740833234,-0.01880175367212278,1.172151921087369,-3.485231018069998,-4.315011054872236,-0.940696890858407,0.11938867355084382,0.001558113758478502
0.49,-0.04451133434364487,1.472371862977188,-1.0334483572721327,-0.5483305482037766,-0.00422147878729576,-3.6508410121465384e-05,0.21225287124125347,-0.004427879624381296,0.027589202936448384,0.006281414021876856,0.021556015258637814,0.00037018658491756533,2.242339540137439,0.8367481246401292,1.3340679770196597,0.23569283428943777,0.16545734860442884,-0.023659134280013205,1.2349075062240595,-3.4378318917006165,-4.263820271992541,-0.9277230445133314,0.125659811518346,0.0016480633940578106
0.5,-0.04224820793165315,1.4724112315814957,-1.0330740755378731,-0.548242921381901,-0.003991827920434705,-3.260605354196599e-05,0.22631264119917177,0.003936860430762157,0.03742817342596641,0.008762682187553179,0.022965086686105467,0.00039023565794993906,2.0365214330267523,0.8520881570954623,1.3238478071320932,0.23492881456309256,0.14505874825071352,-0.02884146949930555,1.2894644327060534,-3.392703079417233,-4.214031644420012,-0.9151679308076641,0.13109592202249698,0.0017249502176548037
0.51,-0.03985968471792917,1.4725350492736784,-1.0326024854615368,-0.5481306953267151,-0.003749630009754146,-2.8527014797702024e-05,0.23885232137239867,0.012381769218275112,0.047159007633637874,0.011222605518590396,0.024219791068055854,0.00040790387442639684,1.8169955488833434,0.8630283120175041,1.306927680394489,0.23307469209478526,0.12258457248407417,-0.034290727196917725,1.3354457956015189,-3.3500726664620655,-4.165898134432692,-0.9030946637581858,0.13565762412098897,0.0017881654037572824
0.52,-0.0373618087709376,1.4727436808547496,-1.032035160632267,-0.547994207230816,-0.0034965170137792093,-2.4296482005878535e-05,0.24978759469915676,0.020863158107111993,0.05673248292697157,0.013648809589900555,0.02531129959749369,0.00042305327918234885,1.5852674447499961,0.8695041125003028,1.2833817341199345,0.23013218588893292,0.09829664764904322,-0.03994050482621536,1.3725279548311555,-3.3101519631152074,-4.119663912391525,-0.8915637298309329,0.13931140421717284,0.0018372085897835789
0.53,-0.034771360798585386,1.4730370521165204,-1.0313741600459287,-0.5478339166819939,-0.0032341975328689125,-1.9940814864419053e-05,0.25904479723522156,0.029337126177070454,0.0661000586338374,0.016029054882221713,0.02623194809102967,0.00043556671414594813,1.342900134328846,0.8714789220923647,1.2533169582472257,0.22610640081708766,0.07248683044544624,-0.04571762680516267,1.4004423673744235,-3.273134624314238,-4.075563137521141,-0.8806327139637957,0.1420298471448554,0.001871692053095547
0.54,-0.03210574827052974,1.4734146504287036,-1.0306220188678838,-0.5476504037129075,-0.002964444725418244,-1.5487327785011745e-05,0.26656125280556425,0.037759831218323076,0.07521411780449558,0.018351296908634435,0.02697528074506687,0.00044534870794073086,1.0915063353994041,0.8689441835598067,1.216872843922845,0.22100591983050855,0.04547144927227542,-0.05154393427414394,1.4189772811516246,-3.239195924274696,-4.033818792791371,-0.8703560420179115,0.14379183761268757,0.001891343800602359
0.55,-0.029382892647935,1.4738755280283213,-1.0297817368048237,-0.5474443662533076,-0.0026890838630572334,-1.096406642945847e-05,0.2722855622594738,0.04608775996178048,0.08402820630601895,0.020603745959987256,0.027536086236101053,0.0004523261355553274,0.8327411438260905,0.8619194306035742,1.1742208932386016,0.21484292782804193,0.017585230165904076,-0.05733821392532057,1.4279792846942596,-3.208492185034344,-3.9946415779302007,-0.8607847398690824,0.14458273041915537,0.00189600953713598
0.56,-0.02662111415054561,1.4744183079819306,-1.0288567641229236,-0.5472166169910274,-0.0024099796007822217,-6.399579978354007e-06,0.27617784973893944,0.054277995360919803,0.09249726818999701,0.022774926228021276,0.027910426227501176,0.00045644864511044627,0.5682950397532208,0.8504520685417362,1.1255639861867799,0.20763336363578766,-0.010825126774425708,-0.06301820852898377,1.4273547000095332,-3.1811603560468753,-3.9582288645427277,-0.8519662093240566,0.1443944876083376,0.0018856534922095554
0.5700000000000001,-0.023839014475953095,1.4750411927694094,-1.0278509853605844,-0.5469680796505194,-0.0021290230373356605,-1.8226914583515996e-06,0.27820996745925153,0.062288478747866215,0.10057787623392012,0.0248537340508049,0.028095656344656134,0.00045768885200024074,0.2998871111418621,0.8346169231826989,1.071135601303967,0.1993970953226869,-0.03940754767656762,-0.06850264975037273,1.4170707995226497,-3.1573177401529553,-3.9247637173472736,-0.8439440210546784,0.1432257805335153,0.0018603580987989615
0.58,-0.021055357880941383,1.4757419754165904,-1.0267687007953796,-0.5466997847004066,-0.0018481186406193917,2.7377315796669253e-06,0.2783656595011713,0.07007826471810549,0.10822845652047963,0.026829495011277356,0.02809043967162687,0.00045604230380185247,0.029258366449413122,0.8145155603431902,1.0111988870256787,0.190158112910078,-0.06781118785855686,-0.0737132539472079,1.3971568219265271,-3.1370618595078645,-3.8944139856463034,-0.8367577247812037,0.14108205464776116,0.0018203225322479968
0.59,-0.018288951040165605,1.4765180530831785,-1.0256146057364948,-0.5464128645043405,-0.0015691711125373575,7.253003802572322e-06,0.27664068407757786,0.07760776665882131,0.1154095058884872,0.02869201960661436,0.027894752808203405,0.0004515272222905397,-0.24183499767369332,0.7902753816592828,0.9460455814839125,0.17994473143845724,-0.09569286773766605,-0.07857662377241387,1.3677047564540774,-3.120470453403951,-3.8673314692981005,-0.8304426769988877,0.13797555476318427,0.0017658601320899316
0.6,-0.015558522113003789,1.4773664429924254,-1.0243937677258395,-0.5461085479323984,-0.0012940722674430027,1.169484411888544e-05,0.2730428927161817,0.08483899092469374,0.12208380106553447,0.03043165719420876,0.02750988450943549,0.0004441840316313118,-0.5116285062809958,0.7620485054537528,0.8759947793358022,0.16878979643644332,-0.12272318151733685,-0.08302600244977354,1.3288698607623903,-3.1076015984561876,-3.8436511636134836,-0.825029886622771,0.13392530852631823,0.0016973947442720733
0.61,-0.01288259947456679,1.4782838005702337,-1.0231116017430675,-0.545788154453301,-0.0010246879983114333,1.6035590961987304e-05,0.2675922638436999,0.09173575778083515,0.12821659827719747,0.03203934790973912,0.026938426913156937,0.00043407468431018627,-0.7783566175664358,0.7300104444106568,0.8013915452240793,0.15673088308525518,-0.14859213281385708,-0.08700283332058756,1.2808708744984934,-3.0984939403849374,-3.8234905877360177,-0.8205458790171712,0.12895706595569664,0.0016154560357071702
0.62,-0.010279390600446033,1.4792664396439714,-1.021773843521849,-0.5454530877308557,-0.0007628454048367618,2.024840894792379e-05,0.26032088741207576,0.09826390737377873,0.1337758221218422,0.03350667224453507,0.02618425934746715,0.0004212817985936485,-1.0402603445413625,0.694358594626571,0.7226053746383114,0.14381047981441064,-0.17301416984756646,-0.09045808438286373,1.223989888880126,-3.0931670256900947,-3.8069492011386705,-0.8170125789705771,0.12310319308471035,0.0015206738469732636
0.63,-0.007766661635297964,1.4803103545355318,-1.020386521096798,-0.5451048287512182,-0.000510320157816842,2.4307485180350394e-05,0.2512728965148069,0.10439148915604876,0.13873224250511554,0.03482589796373777,0.02525252470199198,0.0004059076232426603,-1.295595374644906,0.65531055320737,0.6400285042428389,0.13007614679621993,-0.19573251466011587,-0.09335330574597156,1.1585718324013572,-3.0916217209152994,-3.7941079128500865,-0.8144472132648934,0.11640251805002584,0.0014137716620431207
0.64,-0.0053616182209435224,1.4814112438692864,-1.0189559247123468,-0.544744928510778,-0.0002688241743562513,2.818821364876744e-05,0.2405043414354442,0.11008893337545658,0.1430596384451155,0.03599002404402345,0.02414959834605907,0.0003880728468417048,-1.5426407492235048,0.6131022839235836,0.554074075170651,0.11558063975006627,-0.21652270516467986,-0.09566139683067054,1.085023534137133,-3.0938407069850102,-3.7850286878771455,-0.8128622335614953,0.10890012836057758,0.00129555928583884
0.65,-0.0030807882081703365,1.4825645359037276,-1.0174885752364569,-0.5443750002976743,-3.999367850358206e-05,3.1867366352982264e-05,0.2280830012773186,0.11532920344412913,0.14673494758899724,0.036992821310376234,0.022883049585266924,0.00036791527042148215,-1.7797081354753723,0.5679861524808748,0.4651741543136403,0.10038198973664558,-0.23519529477070034,-0.09736706941114881,1.00381232908978,-3.099789036279263,-3.7797542549894105,-0.8122652603765865,0.10064711856759048,0.001166924830872598
0.66,-0.0009399069255552478,1.4837654151859407,-1.0159911912332054,-0.543996711603115,0.00017462227816014768,3.532324998346138e-05,0.21408812826150886,0.12008792822132154,0.14973840032514754,0.03782886945592732,0.021461595666372974,0.0003455883630479118,-2.0051516917983423,0.5202288546732431,0.37377762025958705,0.08454353013281501,-0.2515976808802165,-0.09846700185809443,0.9154641745507207,-3.1094147406889427,-3.778307919553809,-0.8126590489368742,0.09170028812143526,0.0010288261229619003
0.67,0.001046194274025197,1.48500885032069,-1.0144706548588793,-0.5436117757017392,0.0003735727618552621,3.8535847190615576e-05,0.19861011995804448,0.12434351347491783,0.15205363743260283,0.038493590137579095,0.01989504836951144,0.0003212597207154196,-2.2173784948110264,0.4701092620292662,0.2803479221932492,0.06813386280169231,-0.2656150597879279,-0.0989696888842222,0.8205612524393014,-3.1226494798460998,-3.7806934844413185,-0.8140414776865189,0.08212178983196432,0.000882281642735278
0.68,0.002863695425358815,1.4862896226409457,-1.0129339767560654,-0.5432219429432069,0.0005555152945201358,4.1486941682800316e-05,0.18175011513336178,0.12807723202556204,0.15366781028138513,0.038983275853237076,0.018194253266487378,0.00029510944921847405,-2.41485946394084,0.41791621051114725,0.18536072177548485,0.051226756518756966,-0.27717053050935014,-0.0988949994235695,0.7197390398683435,-3.1394092200059402,-3.7868952811681527,-0.8164055601523759,0.07197873002795553,0.0007283611241508223
0.6900000000000001,0.004499890520822361,1.4876023555641533,-1.0113882601292266,-0.5428289917999652,0.0007192255122579693,4.416022659964882e-05,0.16361950954635465,0.1312732923207709,0.1545716626838864,0.03929511432417259,0.016371021773783353,0.00026732849168485,-2.5961406886269223,0.3639462583595692,0.08930142968881853,0.033900972038956256,-0.28622439298955626,-0.09827346277213156,0.6136828385635011,-3.1595949356083133,-3.7968783123903136,-0.8197394807634418,0.06134272221881609,0.0005681759333661043
0.7000000000000001,0.005943284409712302,1.4889415444184553,-1.009840664193246,-0.5424347197186815,0.0008636060741380052,4.654139581109298e-05,0.14433938888899406,0.13391888543019506,0.15475959359804656,0.039427208128375205,0.014438056188003586,0.00023811692114441644,-2.7598550350110154,0.3085014392807132,-0.007337349829565076,0.016240009678716305,-0.29277270628306873,-0.09714530958846712,0.5031237629794739,-3.183093327289572,-3.810588505662504,-0.82402665506156,0.050289396776828324,0.0004028693509175273
0.71,0.00718368318092282,1.4903015865253892,-1.008298367193274,-0.5420409338251044,0.0009876947537220944,4.861821798999196e-05,0.12403987712105174,0.13600421069338586,0.15422969999722125,0.039378589357703525,0.012408867958408907,0.00020768221788989766,-2.9047338844783877,0.25188703683563085,-0.1040584516099637,-0.0016682230212600735,-0.2968451890623349,-0.09555929967903731,0.38883419672845293,-3.2097775519622314,-3.827953077032695,-0.8292458145360085,0.03889786985960755,0.0002336068772559398
0.72,0.00821227717753551,1.491676811330229,-1.00676852919979,-0.5416494415340742,0.0010906716489648466,5.0380593494757505e-05,0.1028593996612689,0.1375224804839664,0.15298379934837872,0.03914922910301748,0.010297689524275226,0.00017623755047655463,-3.0296188363819705,0.19440940511970178,-0.20036284305094693,-0.01973182421549148,-0.2985025577928866,-0.09357137262511728,0.27162273696378303,-3.2395079624351215,-3.8488810016163058,-0.8353711160699427,0.027250175459295756,6.156667628641791e-05
0.73,0.009021715799872205,1.4930615103779796,-1.0052582548870066,-0.5412620411180041,0.0011718654501858203,5.182059427503097e-05,0.08094386223366953,0.13846990477505391,0.15102743127834836,0.03874004160701409,0.008119380122097366,0.00014400007802734633,-3.1334731923549466,0.13637385961724488,-0.2957523609713995,-0.03785539004532906,-0.2978334068601374,-0.09124316019722523,0.152328656337985,-3.2721328558152734,-3.8732635868323495,-0.8423722757099368,0.015430665078005423,-0.0001120697362022352
0.74,0.009606173275756184,1.4944499669419433,-1.0037745565054494,-0.5408805122883663,0.0012307587106563293,5.293248717586688e-05,0.058445747588397934,0.1388456563963628,0.14836983815570867,0.0381528829637844,0.005889326047050909,0.00011118929008359115,-3.2153930301921503,0.07808266050290374,-0.3897324732271917,-0.05594058321680073,-0.29495073978669595,-0.08864040122306527,0.031815921780077513,-3.307489231523513,-3.9009751425497114,-0.8502147261720133,0.0035253800711569907,-0.00028612646225460947
0.75,0.009961404613558456,1.4958364851225445,-1.0023243172607321,-0.5405066068454998,0.0012669920699806014,5.371274116186152e-05,0.035523133780227076,0.13865181806011828,0.14502392447172816,0.037390544286647814,0.0036233359324272024,7.80253985994638e-05,-3.2746176715399273,0.019833108663868056,-0.48181504566850836,-0.07388677294894808,-0.28998826155506485,-0.08583130014093054,-0.08903318166578537,-3.345403561087861,-3.931873741050013,-0.8588597971915382,-0.008378597842361746,-0.00045944176445022176
0.76,0.01008479100508928,1.49721541824652,-1.000914255310077,-0.5401420394523897,0.0012803673868584154,5.416001911042178e-05,0.012338639153082524,0.13789331239755512,0.14100619506551693,0.03645673931100687,0.0013375316877814072,4.472779485602549e-05,-3.3105393495408517,-0.03808422762948245,-0.5715210944252929,-0.09159173962182554,-0.2830965392289553,-0.08288487002332046,-0.2093247655764751,-3.385692572885805,-3.9658020585303406,-0.8682649175245691,-0.02019381204229851,-0.0006308761097609163
0.77,0.009975374011139541,1.498581196410396,-0.9995508885860372,-0.5397884785879287,0.0012708497449501407,5.427515493148772e-05,-0.010941699394974011,0.13657781638761035,0.13633667240396422,0.03535608644610049,-0.0009517641908274662,1.1513582106594619e-05,-3.322711889887472,-0.09538714012731297,-0.6583835031838519,-0.10895243584922865,-0.2744391319778181,-0.07986929946307875,-0.3281603280548599,-3.4281640556401243,-4.0025882889064714,-0.8783838371295862,-0.03183310632033406,-0.0007993196571968314
0.78,0.009633877941711045,1.4999283530271181,-0.9982405006530995,-0.5394475377345499,0.001238568303361863,5.406111685851625e-05,-0.03414960694284963,0.13471566167219354,0.1310387932937692,0.03409408533787387,-0.003228144158827769,-2.1403807297147207e-05,-3.3108582310202417,-0.15180324970355547,-0.7419496850724497,-0.1258657942643091,-0.2641887827836751,-0.07685038052064641,-0.44464394959178466,-3.472617684705444,-4.042047119989077,-0.8891668678152778,-0.04321030376779453,-0.0009636991470161073
0.79,0.009062719934586953,1.5012515502504826,-0.9969891077974146,-0.5391207668540108,0.001183815971647191,5.352295782187587e-05,-0.057115800712409105,0.13231972233643874,0.1251392855685038,0.03267708805391227,-0.005475233171467201,-5.381590366403762e-05,-3.2748766258655184,-0.20707130787792472,-0.8217841690007096,-0.1422295711206929,-0.2525237531870772,-0.07389003205310418,-0.5578896212072942,-3.5188458750083136,-4.083980761733853,-0.9005611404450425,-0.054240882908421,-0.0011229841646241121
0.8,0.008266007338477457,1.502545603168348,-0.9958024275428574,-0.5388096442035137,0.0011070478980878074,5.2667753860952045e-05,-0.07967125961094959,0.12940529178654378,0.11866802545571609,0.031112265049706277,-0.007676807355938361,-8.552039609238226e-05,-3.214845387835334,-0.26094232469725664,-0.8974710908140956,-0.15794321383941723,-0.23962437006437476,-0.0710449492886851,-0.6670286281173741,-3.566634663937799,-4.128180016237838,-0.9125108766523103,-0.06484264479255454,-0.001276192767365601
0.81,0.007249522118889581,1.5038055026721657,-0.994685848778005,-0.5385155685422879,0.0010088787692595742,5.150453155566114e-05,-0.1016485219587876,0.1259899503817665,0.11165787648523748,0.029407566122590854,-0.009816912882823313,-0.00011632223052909057,-3.1310260669958576,-0.3131805201943892,-0.9686165703980518,-0.17290873997023004,-0.22566984031338322,-0.06836540661309742,-0.7712169104852663,-3.6157646265622674,-4.174425379476924,-0.9249576729495518,-0.07493636490522358,-0.0014223964767470976
0.8200000000000001,0.006020692124296275,1.505026436926877,-0.9936444036685267,-0.5382398517762403,0.000890078928399357,5.004418546265708e-05,-0.12288299945933058,0.12209342547113625,0.10414451094782962,0.02757167660475171,-0.011879984086021714,-0.00014603460930040645,-3.0238649675010048,-0.3635640999052311,-1.0348509568966586,-0.18703161464128115,-0.21083537609882974,-0.06589423626907553,-0.8696423224696254,-3.6660118243244053,-4.222488165442123,-0.9378407951108287,-0.08444642395685167,-0.001560724651774206
0.8300000000000001,0.004588549175189859,1.5062038113813812,-0.9926827415180165,-0.5379837120853506,0.0007515693297390503,4.829938652769378e-05,-0.14321429491064155,0.11773744545040021,0.09616621505102406,0.025613969088980563,-0.013850959866030677,-0.00017447989349632967,-2.893992943717603,-0.4118858580977922,-1.0958309254687684,-0.2002216134687007,-0.1952896605725858,-0.06366600116592469,-0.9615317116877192,-3.7171487869080364,-4.2721316443035295,-0.9510974807714772,-0.0933014119096779,-0.0016903682706525904
0.84,0.0029636740672201807,1.5073332672753037,-0.9918051047275703,-0.5377482675751535,0.0005944153556453638,4.6284482415232604e-05,-0.16248751079696783,0.11294558939226514,0.08776367904461616,0.023544451019704954,-0.01571539740936865,-0.00020149041124611778,-2.7422234391069336,-0.45795361537830653,-1.1512414104613535,-0.21239365809597022,-0.1791926722274173,-0.061706375313501205,-1.0461577432520457,-3.768945525354433,-4.323112187460737,-0.9646632483131524,-0.10143469993267175,-0.0018105831577456709
0.85,0.00115812870986943,1.5084106986124572,-0.9910153069905683,-0.537534530489987,0.00041981953297624385,4.4015390651710156e-05,-0.18055453573507507,0.10774313371535718,0.0789797737002077,0.02137370851664392,-0.01745958226691199,-0.0002269091763522449,-2.5695487581036347,-0.501590500120518,-1.2007973615058347,-0.223468611996414,-0.16269387566504534,-0.060031740635249076,-1.1228453955736541,-3.8211705728159977,-4.375180413760274,-0.9784722102780908,-0.10878497535979365,-0.0019206927001435775
0.86,-0.0008146242479043864,1.5094322675849303,-0.9903167138443065,-0.5373434020216992,0.00022911319442146767,4.1509485422508076e-05,-0.19727529577738165,0.10215689724731564,0.0698593146261727,0.019112846828780755,-0.01907063385547762,-0.0002505905229202082,-2.377134586276728,-0.5426350856521633,-1.2442453108092648,-0.23337402486517167,-0.14593077782351394,-0.058649004143843886,-1.1909780590054675,-3.873592047656239,-4.428082332694516,-0.9924573897696013,-0.11529673513863738,-0.0020200901032960935
0.87,-0.002939813825717539,1.5103944184440141,-0.9897122256845015,-0.5371756677432813,2.3747139627327348e-05,3.878547879746913e-05,-0.21251895778131522,0.09621508590838629,0.06044881598050904,0.016773427841788986,-0.020536605479414032,-0.0002724006625038949,-2.166312797415246,-0.5809413972665892,-1.2813647417609748,-0.24204481491146446,-0.12902784174990778,-0.0575556347586661,-1.2500031729736014,-3.9259787320194275,-4.481560481954412,-1.0065510385304381,-0.12092073368779685,-0.0021082402378057147
0.88,-0.00520146454999864,1.5112938898249892,-0.9892042633324153,-0.5370319936924571,-0.00019471864048591265,3.586329708885873e-05,-0.22616507242811001,0.08994713809751044,0.05079623520861831,0.014367405082414998,-0.021846578011324,-0.00029221817086103996,-1.9385726074380834,-0.6163788048673178,-1.3119692509089664,-0.24942387943094158,-0.1120957448366795,-0.056739914484098763,-1.299437342372355,-3.978101157577699,-4.535355058198524,-1.0206849556292419,-0.1256143815225286,-0.0021846811296646214
0.89,-0.007582510999980467,1.512127725542062,-0.9887947562276066,-0.5369129231256731,-0.00042462610470836513,3.276395297216686e-05,-0.23810464499818268,0.08338357170727075,0.040950710480867514,0.011907056678402214,-0.022990746422245245,-0.00030993441166918674,-1.6955501539129196,-0.6488318183531093,-1.3359074972897742,-0.25546262538768705,-0.09523096495661587,-0.05618139431135938,-1.3388708795533821,-4.02973268898507,-4.589205041233325,-1.0347908059095892,-0.12934209145238165,-0.00224902514404048
0.9,-0.010064922226648152,1.512893283877376,-0.988485133302248,-0.5368188739582491,-0.0006642310888130504,2.950941392728996e-05,-0.24824112266676857,0.07655583353140545,0.03096229253586083,0.00940491674239056,-0.023960498410468524,-0.00032545390448769017,-1.4390165963596566,-0.6781998036931765,-1.3530639350411617,-0.26012141309209813,-0.07851567591242414,-0.05585154114349744,-1.3679717241172056,-4.080650594683666,-4.642849312892456,-1.0488004375494382,-0.13207556959668895,-0.002300959908344435
0.91,-0.01262983510519753,1.513588245394009,-0.9882763165757475,-0.5367501369017202,-0.0009117159332475123,2.6122467488562454e-05,-0.25649128785493774,0.0694961516632856,0.02088167265003831,0.006873705652892468,-0.024748484443446187,-0.00033869464387275075,-1.1708648464205698,-0.704396638007525,-1.3633593271162954,-0.26336990756415535,-0.06201793279098489,-0.05571455831949468,-1.3864886988361318,-4.13063709416076,-4.696027772685372,-1.0626461982257676,-0.13379404890174765,-0.00234024901400127
0.92,-0.015257695585601699,1.5142106193072098,-0.9881687174912163,-0.5367068743046689,-0.0011652027192247082,2.2626583729788257e-05,-0.26278604804041683,0.062237391320073256,0.010759908453126051,0.004326259705132328,-0.02534867859771959,-0.00034958837587741943,-0.8930950485399992,-0.7273503218593199,-1.3667510397420846,-0.2651873337021433,-0.04579212781987252,-0.05572835901896023,-1.3942540663477885,-4.179480370576622,-4.7484824527055505,-1.0762612494683017,-0.13448446327690003,-0.0023667325284039836
0.93,-0.017928406719444304,1.514758748450904,-0.988162235998287,-0.5366891196986736,-0.001422767015787868,1.9045775357562444e-05,-0.2670711133842606,0.05481291436942517,0.0006481492929229105,0.0017754605995276775,-0.02575642965631598,-0.0003580808372225812,-0.6077989412471828,-0.747002566395143,-1.3632331190013927,-0.2655626328939107,-0.029879697794168436,-0.05584566900302257,-1.391185357728464,-4.226975537888408,-4.799958634311889,-1.0895798788095337,-0.13414156089715087,-0.0023803273393436294
0.9400000000000001,-0.020621482264942582,1.5152313128777788,-0.9882562623700576,-0.5366967780464115,-0.0016824520357937873,1.5404455745135485e-05,-0.2693075545498277,0.04725644268748365,-0.009402637177057341,-0.0007658347737913517,-0.025968502000591913,-0.0003641319612426961,-0.31714323678636275,-0.7633083719604025,-1.352836152537444,-0.264494520234412,-0.014310064712243387,-0.05601523285484422,-1.3772864506763487,-4.27292555218699,-4.850205968713354,-1.1025378092926943,-0.13276795565043342,-0.0023810273441702834
0.9500000000000001,-0.023316204606628532,1.5156273321311995,-0.9884496817256208,-0.5367296266845052,-0.0019422830949250285,1.1727295211802252e-05,-0.26947223416859517,0.039601925342077564,-0.01934193555632064,-0.0032848638093731517,-0.025983105913124128,-0.0003677160533333233,-0.023352163047937698,-0.7762356134065482,-1.3356269208813991,-0.26199144296069665,0.0008982084376231853,-0.05618309615771272,-1.3526478818140268,-4.317142057929975,-4.898979602808845,-1.115072505786633,-0.1303741161420764,-0.0023689034854961887
0.96,-0.025991785671973217,1.515946166225966,-0.9887408812138808,-0.5367873169494211,-0.0022002822648173746,8.039075840755209e-06,-0.2675581065344686,0.03188340947664795,-0.02911994882600265,-0.005769026491586261,-0.025799916989234596,-0.00036882193710470424,0.2713106831108634,-0.7857646455416857,-1.311707844265322,-0.25807144211198985,0.015736065040285574,-0.05629393492457607,-1.3174463845734234,-4.3594461610709985,-4.946041310496769,-1.1271234773834062,-0.12697829211167067,-0.002344103624838776
0.97,-0.028627529484754777,1.5161875153726763,-0.9891277597992345,-0.5368693764706445,-0.002454483109182556,4.36454513245353e-06,-0.2635743812781559,0.02413491467103724,-0.03868785853536542,-0.008205952122339197,-0.025420084436518144,-0.0003674530708301679,0.5645610176528776,-0.7918879401080685,-1.2812162320135934,-0.25276192071565085,0.030202424702836517,-0.056292403075193564,-1.2719436512734916,-4.399669122715184,-4.991160628228561,-1.138632574931822,-0.12260637857235554,-0.002306852235653234
0.98,-0.031202994964571445,1.5163514184774456,-0.9896077405753108,-0.5369752121115029,-0.002702945390421886,7.282688111819528e-07,-0.25754654798166665,0.016390310476937998,-0.04799807760762173,-0.010583564085839095,-0.02484622812393295,-0.00036362763212715774,0.8541129287534858,-0.7946097633661646,-1.2443233426944404,-0.24609932299279524,0.044302496887092424,-0.056124468855191956,-1.2164843253543516,-4.437652968825321,-5.034115991912105,-1.1495442825033158,-0.11729171845271222,-0.0022574498881320934
0.99,-0.03369815756394493,1.5164382504451448,-0.9901777855193868,-0.5371041135343998,-0.0029437696336657732,-2.8455168606273303e-06,-0.24951625993734886,0.008683196769926793,-0.05700449440760843,-0.012890142289694243,-0.024082424324388733,-0.0003573785671809283,1.1376981524797336,-0.7939459008849438,-1.20123326416895,-0.23812873016317404,0.058045962562458975,-0.05573871176998757,-1.15149323729162,-4.473251013602322,-5.074695870463524,-1.1598060013130878,-0.1110748450087776,-0.002196272490326837
1.0,-0.03609356832928685,1.5164487183104185,-0.9908344125874,-0.5372552573638828,-0.0031751114354381417,-6.333052853391396e-06,-0.2395410765341916,0.0010467865273600472,-0.065662706801318,-0.01511438294829829,-0.023134180177236837,-0.00034875359927640653,1.4130853996602757,-0.7899234335582718,-1.1521816235009417,-0.22890337939380512,0.07144505197981488,-0.05508755285855038,-1.0774719054624966,-4.50632829639816,-5.112699889458307,-1.169368324349225,-0.10400316577825515,-0.0021237702438985347
1.01,-0.03837050897993222,1.51638385621674,-0.9915737150377005,-0.5374277119179074,-0.0033951954052345817,-9.711204753388949e-06,-0.22769406506453777,-0.006486209367855463,-0.07393024503004644,-0.017245455402458715,-0.022008396979643984,-0.00033781518999975534,1.6780995650757855,-0.7825805662517237,-1.0974341374008252,-0.21848411327174322,0.08451255131448487,-0.05412839287725846,-0.9949943311278004,-4.536761934310299,-5.147939936547565,-1.1781852997155362,-0.09613059036882017,-0.00204046626839621
1.02,-0.04051114162077427,1.5162450192599002,-0.9923913828608889,-0.5376204424748904,-0.0036023286302205772,-1.2957609206026635e-05,-0.2140632640842049,-0.013883695683990224,-0.08176678231883912,-0.019273055698301452,-0.020713322498599553,-0.00032464044526376863,1.9306406464090362,-0.7719665079065057,-1.0372850144698564,-0.20693876791535626,0.09725977609126879,-0.05282463518358105,-0.9047021246604198,-4.564441394869257,-5.180241238684609,-1.1862146804895952,-0.08751710490329138,-0.0019469548455907048
1.03,-0.042498651739014535,1.5160338762088137,-0.9932827261832793,-0.537832317041673,-0.0037949135560041386,-1.605081877953115e-05,-0.19875101182402646,-0.021114305108659547,-0.08913433223903415,-0.021187456678260476,-0.019258492578356115,-0.0003093209573504518,2.168702196973775,-0.7581413994503678,-0.972055221008395,-0.19434150843341325,0.10969455469239264,-0.05114657270362444,-0.8072990080904588,-4.58926869537397,-5.2094433998454575,-1.1934181587531496,-0.07822829647990728,-0.0018438992351825089
1.04,-0.044317383184358114,1.5157524011135761,-0.9942427005027507,-0.5380621125853445,-0.003971460180019135,-1.897044451448473e-05,-0.18187314453435813,-0.028147509523755547,-0.0959974319471362,-0.02297955436715759,-0.01765466240149958,-0.00029196257349535775,2.3903891333920204,-0.7411762835527924,-0.9020906225615325,-0.18077212091200412,0.12181927045087271,-0.04907212129972982,-0.7035447468216025,-4.6111585373604616,-5.235401386907196,-1.1997615813817297,-0.0683348315374159,-0.0017320290152022795
1.05,-0.045952963894723274,1.5154028638084887,-0.9952659336080123,-0.538308521690012,-0.004130597458474828,-2.169729532646806e-05,-0.16355807103651623,-0.03495373050875768,-0.10232331052616361,-0.024640910466747365,-0.01591372784556939,-0.000272685081198333,2.5939347174955407,-0.7211531081653505,-0.8277600136932681,-0.16631527048962802,0.1336290154294666,-0.04658738502010973,-0.5942485708472284,-4.630038386315438,-5.257986450735924,-1.205215145193753,-0.057911892531717496,-0.0016121369046037631
1.06,-0.047392421206156936,1.514987819316441,-0.9963467540256153,-0.5385701595980359,-0.004271083833085355,-2.4213513331110963e-05,-0.143945731143366,-0.04150444920476491,-0.10808204176030727,-0.026163790802396215,-0.014048637461052718,-0.0002516218004642903,2.7777165312473118,-0.6981647539598764,-0.7494530487407068,-0.15105973529640382,0.14510991253495042,-0.04368704209296448,-0.48026215278275985,-4.645848507980209,-5.277086969377168,-1.2097535691615615,-0.04703857782146409,-0.0014850750318071524
1.07,-0.0486242856759431,1.514510096160745,-0.9974792208334005,-0.5388455715939918,-0.004391816789888798,-2.650270406685105e-05,-0.12318644697861648,-0.047772315569604894,-0.11324668077851574,-0.027541199595588095,-0.01207329568034428,-0.00022891907357400855,2.9402712649137843,-0.6723150742520707,-0.6675780864815853,-0.13509762615911436,0.15623766467433775,-0.040374543999050605,-0.36247221634300214,-4.658541973352491,-5.292609200557722,-1.2133562415772179,-0.035797270111445026,-0.0013517506211131714
1.08,-0.049638682451447425,1.513972783591317,-0.9986571546744692,-0.539133240688647,-0.00449184136939257,-2.8550060504544384e-05,-0.10143967755043211,-0.05373125694278595,-0.11779338410687996,-0.02876690946551092,-0.010002457950377215,-0.00020473564376933357,3.080308142579606,-0.6437189348094436,-0.5825599617738987,-0.11852360196558331,0.16697638983013796,-0.03666212353285436,-0.24179285433465525,-4.668084644718663,-5.30447793149699,-1.2160073403386362,-0.024272979201558624,-0.0012131210787389216
1.09,-0.05042740933340717,1.5133792177341057,-0.9998741698021977,-0.5394315955595659,-0.004570357555026056,-3.0342479658615505e-05,-0.07887268819597433,-0.05935658572113456,-0.1217015127728407,-0.029835487091891728,-0.007851618563348551,-0.00017924191540711197,3.196720815874822,-0.612502240110072,-0.49483769729366167,-0.101434090439251,0.1772777988736962,-0.03257061133400985,-0.11915763961361141,-4.674455154689061,-5.312637015260936,-1.2176959248659096,-0.012552665122736032,-0.0010701884714365327
1.1,-0.050984000810235686,1.512732966675855,-1.001123706984255,-0.5397390187045593,-0.004626726475419142,-3.186867055541526e-05,-0.05565914768285146,-0.06462510582506671,-0.12495371820572036,-0.030742314499344,-0.005636892039308587,-0.00015261908967997522,3.2885975669147474,-0.5788019321556737,-0.40486216850505546,-0.08392652380540877,0.18708076840080068,-0.028129063952651023,0.004488384402927199,-4.677644889239013,-5.317049784523023,-1.2184159985581298,-0.0007245479973697383,-0.0009239934029135142
1.11,-0.05130377747826151,1.5120378145007058,-1.0023990670920282,-0.5400538547640654,-0.004660475365320663,-3.3119252274366726e-05,-0.03197766680258224,-0.06951521751491876,-0.12753601077733107,-0.03148360595060896,-0.0033748889901521655,-0.0001250581718951465,3.3552296752746433,-0.5427659478494238,-0.3130937349414764,-0.06609859844924637,0.19631135371863273,-0.023374210029216247,0.12819674533026837,-4.6776579841791825,-5.317699335553791,-1.218166541138887,0.011122588869731451,-0.0007756083062184632
1.12,-0.05138388041016621,1.511297744300707,-1.0036934452012571,-0.5403744189686855,-0.004671301239973903,-3.408684075946841e-05,-0.00801029319047027,-0.0740070199998809,-0.1294378109229046,-0.03205642046201599,-0.0010825874653239234,-9.675884851016888e-05,3.396117821555136,-0.504553121222807,-0.2199998507712607,-0.04804756710453173,0.2048832773272764,-0.018349724624735497,0.2510235269373898,-4.674511342320972,-5.314588677458241,-1.2169515106929425,0.022900096091250443,-0.0006261301835091119
1.1300000000000001,-0.05122329018843006,1.5105169201889874,-1.0049999650300145,-0.5406990056684766,-0.004659073248411255,-3.476612310548037e-05,0.016059022173615038,-0.07808241117194738,-0.13065198287574858,-0.03245866997910902,0.0012227991562648098,-6.792823460119592e-05,3.4109764218066014,-0.4643330174205618,-0.12605266743664642,-0.0298695714674726,0.21269891594717727,-0.013105345097149002,0.37203721056340194,-4.668234675926834,-5.307740744020366,-1.2147798156455065,0.03452014893824378,-0.00047667283780003565
1.1400000000000001,-0.050822830480271135,1.5096996683520194,-1.006311713541398,-0.5410258969012116,-0.004623833682333926,-3.515391805677616e-05,0.0400459708158928,-0.08172518369680346,-0.1311748511383487,-0.03268912327349401,0.0035239566077328133,-3.877949512957932e-05,3.3997358126628168,-0.42228568630790747,-0.03172664091439247,-0.011659022316320433,0.21965079461461556,-0.007695845148514735,0.4903262885566078,-4.658870575932583,-5.297198267895162,-1.2116652573579407,0.045896425304444724,-0.0003283586540231
1.1500000000000001,-0.0501851561930552,1.5088504571859662,-1.0076217755403734,-0.5413533709576456,-0.004565797628904105,-3.5249221518895506e-05,0.06376742872159362,-0.08492111660531534,-0.13100619989754209,-0.032747405643390855,0.005803605342982115,-9.530346211934584e-06,3.3625422361928616,-0.37860132482184466,0.06250384417471692,0.006491966703803254,0.22562358001493443,-0.002179886748788551,0.6050065700094374,-4.646474606018798,-5.283023519207994,-1.2076264443903186,0.05694476471139227,-0.00018230999867463335
1.16,-0.04931472641194134,1.5079738765714106,-1.008923268097087,-0.5416797109028452,-0.004485351267777727,-3.505323597405432e-05,0.08704297811138617,-0.08765806145556883,-0.13014925567136812,-0.03263399451996026,0.008044636112637766,1.959855448411823e-05,3.2997556057281234,-0.3334798387163055,0.15616682177694885,0.02449408650387619,0.23049654758978733,0.003381227477261106,0.715228105113623,-4.631115416035055,-5.2652979127848,-1.20268667979636,0.067583802504933,-3.964031815219759e-05
1.17,-0.048217762481948534,1.5070746163506294,-1.0102093746325846,-0.5420032130138356,-0.004383048824910302,-3.456938281227365e-05,0.10969639299928018,-0.08992602207811826,-0.12861065354977277,-0.03235021109904328,0.010230244286742506,4.83853161780674e-05,3.2119450685793596,-0.28713029611054136,0.24879505157218298,0.0422612772296269,0.2341464786985359,0.00892487615862203,0.8201816618800792,-4.612874865706353,-5.244121490161228,-1.1968738230582596,0.07773557381718582,9.855497467438194e-05
1.18,-0.04690219175194346,1.5061574440818513,-1.011473378507185,-0.5423221950951697,-0.004259608207925667,-3.3803296738572816e-05,0.1315570730005071,-0.09171722687781102,-0.1264003874600379,-0.031898208133402856,0.012344061698463513,7.660860737008291e-05,3.0998824177811315,-0.2397702672009796,0.33992827529093333,0.05971110743814073,0.23645092598009754,0.014388487822256657,0.9191046975707448,-4.591848146148897,-5.219612284138256,-1.190220128431522,0.08732608237118414,0.0002312077282850432
1.19,-0.04537757764552637,1.5052271821553975,-1.0127086959566873,-0.5426350046355071,-0.004115905359985311,-3.2762801592229526e-05,0.15246141064170896,-0.09302619264536935,-0.12353174495024252,-0.03128095403373564,0.014370284794035572,0.00010404951463432915,2.964533441788708,-0.19162504659752416,0.4291154119965625,0.0767650863498559,0.23729176785152895,0.019710926736815182,1.0112867767440759,-4.568143883667468,-5.191905574920098,-1.1827620615519874,0.09628582977459647,0.0003572862913104356
1.2,-0.04365503686078795,1.5042886843670817,-1.0139089082270867,-0.5429400267698831,-0.003952967380962515,-3.1457867114019524e-05,0.17225407847384233,-0.09384977883157608,-0.12002122703993427,-0.03050221343759499,0.016293797902279653,0.00013049344782100028,2.8070473372982927,-0.14292675694870585,0.5159166828531072,0.09334890906267956,0.23655895760546564,0.024833864940518424,1.096074398055121,-4.541884207766788,-5.161153047763167,-1.1745400961632992,0.10455030156852557,0.00047580465475968926
1.21,-0.04174714462496143,1.5033468120545141,-1.0150677927644494,-0.5432356920140218,-0.0037719644761351396,-2.9900546418437405e-05,0.190789223582652,-0.09418723125675539,-0.11588845373627733,-0.029566524413867604,0.01810029048273755,0.00015573206955821187,2.628744344888825,-0.09391333478470881,0.599905656660598,0.10939263598332394,0.23415435963559794,0.02970310849611124,1.1728752025830798,-4.513204763434487,-5.127521862580718,-1.1655984927621943,0.11206040695026269,0.0005858313879501412
1.22,-0.03966782903890305,1.502406409911832,-1.016179353323011,-0.5435204837387879,-0.0035742008033882093,-2.8104894166291852e-05,0.2079315586058377,-0.09404021426821828,-0.11115605585615815,-0.02847917247661256,0.01977636727469305,0.00017956522521455511,2.4311017988042196,-0.04482740178790451,0.6806712082626395,0.12483080904687816,0.2299955556363038,0.034269845734494986,1.241161547178274,-4.482254646667932,-5.091193646106217,-1.1559850608446207,0.11876286975711028,0.0006864982582147567
1.23,-0.03743225563824861,1.5014722816076516,-1.017237848861312,-0.5437929453546475,-0.0033611042998930485,-2.608686568428508e-05,0.22355734006544375,-0.09341283041803193,-0.10584955383010686,-0.02724616158595984,0.021309650349516072,0.00020180284820067718,2.215738809753343,0.004084973045767442,0.7578193827917383,0.1396025085762851,0.22401949782604902,0.03849178571351475,1.3004734368194837,-4.449196242010594,-5.052363417057817,-1.1457509062840288,0.12461056896398645,0.0007770084261961992
1.24,-0.03505670337158104,1.5005491653395302,-1.0182378211032381,-0.5440516871778026,-0.0031342155782458705,-2.3864197537257612e-05,0.23755522666675696,-0.09231162681213091,-0.099997224192606,-0.0258741823155132,0.022688872164717787,0.00022226681470274672,1.9843998220540746,0.052575612703030565,0.8309751596088222,0.15365135580980693,0.21618588478376743,0.04233415640700411,1.3504208199563057,-4.414204941585572,-5.011238454319761,-1.1349501652021963,0.129562827593209,0.0008566441121187853
1.25,-0.03255843325004566,1.4996417094657468,-1.0191741206480955,-0.5442953929514573,-0.0028951759899643985,-2.145627032038009e-05,0.24982701215353775,-0.09074558737834543,-0.09362995448573752,-0.024370577365476983,0.023903958828147186,0.00024079272168775226,1.7389373028821145,0.10039566317198274,0.8997841106860062,0.16692546720707035,0.20648013867413884,0.04577053431946854,1.390685260006964,-4.377468726769953,-4.968037117528462,-1.1236397255208996,0.13358564954467936,0.0009247736337409043
1.26,-0.029955550957124235,1.4987544483616062,-1.0200419315212919,-0.5445228259974454,-0.0026457149609375665,-1.8883954697173955e-05,0.2602882292921428,-0.08872611041405727,-0.08678108731962451,-0.022743304598805785,0.0249461029026832,0.00025723156232061354,1.4812938311169905,0.14729710450294003,0.9639139490769557,0.17937736751777633,0.19491587054128878,0.04878348031821367,1.4210210043515688,-4.339187596204836,-4.9229876286904215,-1.1118789372268918,0.13665190441469793,0.0009808577235827308
1.27,-0.02726686472182087,1.497891778652583,-1.0208367940647358,-0.5447328349751884,-0.0023876367088083135,-1.6169441959264535e-05,0.2688686235303368,-0.08626697090232366,-0.07948625434439205,-0.021000897774301905,0.025807825212925274,0.00027145127379094193,1.213483855855805,0.19303432845371574,1.0230559639608454,0.19096386937664178,0.18153673285449656,0.05136496050137351,1.441255479108194,-4.299572827199899,-4.876326822636541,-1.0997293122579193,0.1387414608703557,0.0010244550413278236
1.28,-0.024511739753953765,1.4970579359803164,-1.0215546260736872,-0.5449243592266501,-0.0021228064562808526,-1.3336060619753218e-05,0.27551249678671047,-0.0833842672266582,-0.07178320089512652,-0.019152425146164404,0.02648302525274611,0.0002833381339511317,0.9375753899259888,0.23736576768282536,1.0769263395611408,0.20164592765680434,0.16641757524818246,0.05351653582974658,1.4512892435582503,-4.258846061647664,-4.828298873298227,-1.0872542148357127,0.13984126957525703,0.001055226806830397
1.29,-0.02170995051773134,1.4962569724596437,-1.0221917420944315,-0.5450964336875935,-0.0018531362569520191,-1.0408080768864896e-05,0.2801789236222427,-0.08009635206727722,-0.06371160207442496,-0.017207446094346338,0.026967019932883345,0.0002927979850888321,0.6556718918050537,0.2800555600915811,1.1252673559622717,0.2113884771513188,0.14966483985154655,0.05524930993959254,1.451095442206626,-4.217238212158486,-4.7791540020324454,-1.0745185430408464,0.13994539701575365,0.001072940489733341
1.3,-0.01888153208093493,1.4954927349854097,-1.022744870804807,-0.54524819334704,-0.0015805705514756341,-7.410508113330228e-06,0.28284184367964116,-0.07642374742340922,-0.05531287103754758,-0.015175965944643838,0.027256570547638487,0.00029975726555346675,0.36989457067728,0.32087523079429686,1.1678484704908874,0.22016026219763507,0.13141615602504775,0.05658363093524277,1.440718795084798,-4.174988189086856,-4.729147173571858,-1.0615884024476774,0.13905501185260985,0.0010774725031258748
1.31,-0.016046631723854916,1.4947688445466594,-1.023211170407246,-0.5453788772383612,-0.0013070715717169042,-4.368869785624419e-06,0.2834900357080012,-0.07238904387502923,-0.046629960243902355,-0.01306838913212266,0.02734989797587298,0.0003041638327705809,0.08236532465200722,0.3596053733257985,1.204467278867273,0.22793366668175086,0.11183911981148448,0.05754854980512669,1.420274168052144,-4.132341454253056,-4.678536784664037,-1.0485307727144553,0.13717832562204865,0.001068809860758001
1.32,-0.013225361926981077,1.4940886767029513,-1.0235882419716125,-0.5454878319469282,-0.0010346047091102605,-1.3089941422100076e-06,0.2821269796873839,-0.06801678437081676,-0.037707156436660255,-0.010895470856697663,0.027246686260664368,0.0003059875643414411,-0.20480950758805852,0.3960373110917663,1.2349503557498007,0.23468455244968123,0.09112926998303561,0.05818104523798755,1.3899447645950262,-4.089548412278262,-4.627583350109207,-1.0354131681495014,0.13433048973637648,0.001047050769902679
1.33,-0.010437655781912771,1.4934553433729023,-1.0238741406727196,-0.5455745146206863,-0.0007651239607969016,1.7432131313980784e-06,0.2787706145068306,-0.06333333300490923,-0.02858987011070827,-0.008668267375806386,0.02694807483133589,0.0003052207273608086,-0.4895544350436038,0.42997471973428875,1.2591539745958396,0.24039211351721157,0.06950729914588916,0.05852503177281018,1.3499799790873446,-4.04686265535888,-4.576548190711453,-1.0223032934407426,0.13053345079461287,0.0010124041448460442
1.34,-0.007703125788742236,1.492871676078695,-1.0240673848750084,-0.5456384954714516,-0.0005005575634102883,4.761994228491159e-06,0.2734529993170535,-0.05836672942072849,-0.0193244202288779,-0.006398085076536375,0.02645663973866134,0.00030187810970930804,-0.7698390319900644,0.4612351910312699,1.276964706940967,0.24503875260136443,0.047215563898230783,0.058630175130582995,1.3006929488245516,-4.00453908183464,-4.525692127614809,-1.0092686959320096,0.12581576621686713,0.0009651880390304378
1.35,-0.005040926918010512,1.492340210782161,-1.0241669630244914,-0.5456794597561371,-0.00024279391974063716,7.721963336505677e-06,0.26621988707317246,-0.05314652965340217,-0.009957814948300513,-0.004096428468550604,0.025776364366965107,0.0002959969108014518,-1.0436910114580493,0.4896517191689819,1.2882999012472098,0.24860998550079305,0.024513981482073177,0.058550544976734176,1.2424578385751088,-3.9628319129058975,-4.4752741875813085,-0.9963764160425406,0.12021238217366116,0.000905827006923583
1.36,-0.002469624728894629,1.4918631744382542,-1.024172338315727,-0.545697209228537,6.332081902251155e-06,1.0598327266594115e-05,0.25713021891158827,-0.04770363439067363,-0.0005375291235715281,-0.0017749472399953771,0.024912600164288833,0.00028763639300884375,-1.3092081178276405,0.5150740907258902,1.2931080414241405,0.251094377638605,0.0016754207929281506,0.058343140976318875,1.1757068871347685,-3.921992635206153,-4.425550323953254,-0.9836926376423143,0.11376437570545876,0.0008348484195963592
1.37,-7.069250028772598e-06,1.491442473380321,-1.0240834511093444,-0.5456916630537512,0.00024505226183366407,1.3367100253054543e-05,0.24625554788658563,-0.04207010579331758,0.008888720638262747,0.0005546174785904254,0.023872017993141287,0.00027687729864604287,-1.564568836537507,0.5373701604728918,1.2913689849701975,0.2524835158098213,-0.02101928777801998,0.05806633258558258,1.1009272406625816,-3.8822678995461697,-4.376772158290505,-0.9712823404014567,0.10651866283164055,0.000752877770623999
1.3800000000000001,0.002329724752508465,1.4910796836386448,-1.0239007190835074,-0.5456628581788271,0.00047167776932971147,1.600531066230205e-05,0.23367940025372375,-0.036278974167614726,0.018273202583686456,0.0028804874924086565,0.02266255074960474,0.0002638210409247507,-1.8080419504572576,0.5564269961252583,1.2830940804571218,0.25277201679934613,-0.04328658705395316,0.05777825635837597,1.018657592673837,-3.8438974079582375,-4.329185747946559,-0.959208956313942,0.09852767434562808,0.0006606330211473528
1.3900000000000001,0.004524690572141222,1.4907760432794237,-1.0236250351107452,-0.5456109491547714,0.0006846110486137826,1.8491197468089247e-05,0.21949658196327573,-0.030364035922115652,0.027568397276228566,0.005190902405573683,0.02129332792840711,0.00024858868057871963,-2.0379949996395026,0.5721518764637463,1.2683261638023795,0.2519575731229944,-0.06484552844303515,0.05753521646618842,0.9294846457131068,-3.8071118221569265,-4.2830303851053335,-0.9475340327426153,0.08984900089710454,0.0005589180446097488
1.4000000000000001,0.006562814945727007,1.4905324468357581,-1.0232577628598063,-0.5455362074067387,0.0008823570768860065,2.0804394496835944e-05,0.2038124373585785,-0.024359644366565483,0.036727225093900126,0.007474174803265583,0.019774602827222397,0.00023131970287466988,-2.2529017230187875,0.5844731287614249,1.2471394324646825,0.25004103476743555,-0.08542306193033689,0.05739013453324149,0.834039405168944,-3.772130726700193,-4.2385374330073615,-0.9363169044345908,0.08054500888568816,0.00044861524268819287
1.41,0.008430235608784505,1.4903494418855543,-1.022800730130675,-0.5454390199509797,0.001063533807752775,2.292610062085208e-05,0.18674206630574977,-0.01830049502038979,0.04570327291313779,0.009718745575900732,0.01811767308667684,0.00021217061240161374,-2.451348576498866,0.5933407931967071,1.2196391963980364,0.24702652443941542,-0.10475913759336208,0.05739109372797424,0.7329933116399538,-3.739160679510225,-4.195929205217079,-0.9256143770059841,0.07068242864399873,0.00033067741413027156
1.42,0.01011433066037797,1.490227227813658,-1.0222562199396252,-0.5453198875590209,0.0012268817603071577,2.4839234274167066e-05,0.1684095051593465,-0.012221407189647971,0.054451019104961904,0.011913239195871254,0.01633479525543826,0.00019131336533149854,-2.6320404313833348,0.5987271038792732,1.1859615043277676,0.24292158257826024,-0.12261148339851324,0.05758001935437984,0.6270542149137921,-3.7083933810482534,-4.155417893796647,-0.915480424388051,0.060331916380984014,0.0002061189674532303
1.43,0.01160379942177338,1.490165656777227,-1.0216269593802263,-0.5451794223715842,0.0013712727008545708,2.652857088155226e-05,0.148946876139541,-0.006157103643084302,0.0629260559399002,0.014046518743675192,0.014439094054741312,0.0001689336607385193,-2.793805560184517,0.6006267782463698,1.1462726437028732,0.23773733723910695,-0.1387599363762675,0.057991534041365256,0.5169621901363337,-3.6800039913971494,-4.117204552137737,-0.9059659026608546,0.04956759139552149,7.600657661992183e-05
1.44,0.0128887345108187,1.4901642368745438,-1.0209161062955483,-0.5450183449669272,0.001495717370817233,2.7980862021899323e-05,0.12849350890453207,-0.0001419902683164687,0.0710853084677906,0.016107740465697958,0.01244446699626622,0.0001452291140347064,-2.935600013700936,0.5990571088759598,1.1007685125577742,0.23148869296424124,-0.15301022054207536,0.058652020201275246,0.40348519525061666,-3.654149621868327,-4.081478137951396,-0.8971182825759755,0.03846655016004166,-5.855061426155101e-05
1.45,0.013960684884693562,1.490222137498374,-1.020127233806468,-0.5448374808906177,0.0015993722206567719,2.9184935388071968e-05,0.10719503738748629,0.005790062383005945,0.07888724890803464,0.018086407630961754,0.010365484983953894,0.00012040733661726466,-3.056511484377151,0.5940578541860384,1.0496738615123202,0.22419453192092575,-0.16519708439465575,0.05957891591113773,0.2874145683539617,-3.630968024598947,-4.048414621525951,-0.8889814028892544,0.0271083590157867,-0.00019641112559916075
1.46,0.014812709628344954,1.490338196835855,-1.0192643127509022,-0.5446377566562242,0.001681545115721591,3.0131774852379925e-05,0.08520247436513922,0.01160593374808342,0.08629210555656612,0.019972423439355614,0.008217289506481911,9.468394643079555e-05,-3.155762737073498,0.5856909270144361,0.9932414042671726,0.21587791995356653,-0.17518673267749563,0.060780263041027016,0.169560364292509,-3.6105765000287704,-4.018176163841355,-0.8815952463929513,0.015574527414067237,-0.0003364115006493381
1.47,0.015439422285977951,1.4905109314579656,-1.0183316920990109,-0.544420195229027,0.0017416999857703158,3.081458019572732e-05,0.06267126576329964,0.01727346221108465,0.09326206518913464,0.021756142719719707,0.006015487004872484,6.82805343347394e-05,-3.2327146704071295,0.574039882669416,0.9317507952270578,0.20656630976476453,-0.18287851043788805,0.062254518570233675,0.050746531574175434,-3.5930710382304665,-3.99091036849072,-0.8749957402609752,0.0039479638773754705,-0.0004773767693699971
1.48,0.01583702555001007,1.4907385479231514,-1.0173340774198307,-0.5441859110075947,0.0017794603955787187,3.122880630523767e-05,0.03976032640321183,0.022761646518586497,0.09976146791800965,0.023428422143218313,0.003776040980840296,4.142261095103554e-05,-3.2868690508520233,0.5592092106732247,0.8655074733323153,0.19629173318480886,-0.188205821350639,0.06399063192301568,-0.06819406652276776,-3.5785257058967757,-3.9667496106280007,-0.8692145820092757,-0.0076875828663468815,-0.0006181308988998822
1.49,0.016003336137650953,1.4910189563018914,-1.0162765074854072,-0.5439361043209322,0.0017946120195526049,3.137218188595988e-05,0.01663105876408843,0.028040837873996624,0.10575699344234224,0.02498066866624903,0.0015151623973886242,1.433755807222068e-05,-3.3178709389713066,0.5413234370491148,0.7948413717778393,0.1850909744761262,-0.19113628588284826,0.06596838308994712,-0.1864247790375276,-3.566992286445029,-3.9458104453638954,-0.864279092036034,-0.01924809481280624,-0.0007575071128220085
1.5,0.015937799701497817,1.491349785512156,-1.0151643291091803,-0.5436720554618502,0.0017871040086999389,3.1244707963609883e-05,-0.006553643615313482,0.03308292102646432,0.11121783762268046,0.02640488590819985,-0.0007508010852666099,-1.2747392234999412e-05,-3.3255108037041885,0.5205260465889683,0.7201054940750796,0.1730057167666108,-0.19167116731950884,0.06815896860497395,-0.3031104304777416,-3.5585001762616253,-3.9281930972022483,-0.8602120933536,-0.030649864580697666,-0.0008943579642669928
1.51,0.01564149563895572,1.4917284003400264,-1.0140031703260917,-0.5433951182802185,0.001757049243722989,3.0848636674015084e-05,-0.02963040625420983,0.037861482787048734,0.11611587830886874,0.027693718163167808,-0.003005476497694992,-3.9607128959479883e-05,-3.3097262977308897,0.4969782370388721,0.6416743578380252,0.16008265406222,-0.18984411415924107,0.07052581534134861,-0.4174227027547572,-3.553056535651857,-3.913981031282994,-0.8570318187676631,-0.04181008085188535,-0.0010275650526699494
1.52,0.015117131687488622,1.4921519200054696,-1.0127989120325016,-0.5431067133628014,0.0017047234734359465,3.018843103817563e-05,-0.052436395146709724,0.042351966544315355,0.12042582935901172,0.028840491741711494,-0.005232577028704255,-6.602056358394531e-05,-3.270603645705902,0.4708575195115679,0.5599423087442074,0.1463735618092339,-0.18571928526820436,0.07302559583748636,-0.5285456130606389,-3.550646688656636,-3.9032406064117535,-0.8547518454105718,-0.0526474155939087,-0.0011560482805842067
1.53,0.014369028220074345,1.4926172381205831,-1.0115576582144374,-0.5428083208294096,0.0016305633432507679,2.9270706607184744e-05,-0.07481034674142781,0.0465318115113469,0.12412538180641518,0.029839253339180787,-0.007416013018517853,-9.177244309908865e-05,-3.2083785785859953,0.442356181632738,0.4753217083196616,0.13193531964173744,-0.17938893891716745,0.07560941361652596,-0.635681059084157,-3.5512347616186664,-3.8960208091467123,-0.853381056206524,-0.06308260899859097,-0.0012787745553027787
1.54,0.013403092188909274,1.4931210438767253,-1.0102857049028149,-0.5425014727780951,0.0015351633241503062,2.8104156026597157e-05,-0.09659360311650703,0.050380575614222906,0.12719533116226361,0.030684805131444715,-0.009540001910046173,-0.0001166550580587587,-3.123436732233249,0.411679631907577,0.3882410004888089,0.11682988077003342,-0.17097057802595295,0.07822412286314195,-0.738054397239157,-3.5547645462978013,-3.8923530676138327,-0.8529236275474352,-0.07303904779818368,-0.0013947658500211512
1.55,0.012226780706219187,1.493659844287983,-1.0089895080039664,-0.542187745415024,0.0014192715584170788,2.669945771354603e-05,-0.1176311482690087,0.05388004112576026,0.12961968988486317,0.03137273630711071,-0.01158917657332274,-0.00014046983130511283,-3.0163134176055975,0.3790446455122583,0.2991426632014982,0.10112418337727047,-0.1606037513860894,0.08081374395444785,-0.8349200141246419,-3.5611605695193154,-3.892251143259807,-0.8533790421995079,-0.08244333239655625,-0.0015031065507187145
1.56,0.010849054299475233,1.4942299873115303,-1.0076756501629474,-0.5418687509074469,0.0012837846444272057,2.506916996073788e-05,-0.13777264067439537,0.05701430235475191,0.13138578410189886,0.03189945075771179,-0.013548691398987305,-0.00016302877528081495,-2.887692663620113,0.3446775331311906,0.20848105286074392,0.08489000040325201,-0.14844661424866068,0.08332093471829038,-0.9255668464771576,-3.5703293478605858,-3.8957110984503807,-0.8547421262501799,-0.09122582808905057,-0.001602950027618841
1.57,0.009280319934528134,1.4948276856606981,-1.0063508068255436,-0.5415461290008083,0.001129741389054219,2.3227611878574368e-05,-0.15687343649470992,0.059769834916772006,0.13248433374037732,0.032262190663860976,-0.01540432553729866,-0.00018415580821635102,-2.7384054324325184,0.3088122555362994,0.11672015069283764,0.0682037251906964,-0.13467235154756452,0.08568847690735382,-1.0093238006199807,-3.5821608028109,-3.902711337692141,-0.8570031087494867,-0.0993211955503423,-0.0016935243837402447
1.58,0.00753236396393867,1.4954490411240404,-1.0050217116725484,-0.5412215384434489,0.0009583155626410278,2.1190732659649423e-05,-0.17479559705894646,0.062135546334234605,0.13290951529952716,0.0324590557359412,-0.017142582641319123,-0.00020368792189249442,-2.5694269104439114,0.27168850730957145,0.02433122160544006,0.05114609157813266,-0.1194655634156252,0.08786073816607831,-1.0855650190405801,-3.5965298092439726,-3.913212720302221,-0.8601477026029863,-0.10666889575211394,-0.0017741373473662647
1.59,0.005618275228530246,1.49609006920341,-1.0036951216066046,-0.5408966482645251,0.0007708076980570283,1.8975970698756696e-05,-0.19140887354084238,0.06410280793696402,0.13265900659439012,0.03248901789237385,-0.018750786458399955,-0.00022147619608927255,-2.3818727866492173,0.23354979341497095,-0.06820960258147693,0.033801828195898,-0.10301870590610207,0.08978507162934046,-1.1537149393848791,-3.613297847986213,-3.927158742564215,-0.8641572052363474,-0.11321366453597222,-0.001844180289893512
1.6,0.003552358617028069,1.4967467238859709,-1.0023777814775907,-0.5405731289526587,0.0005686359820110291,1.6602104126733665e-05,-0.20659166115021768,0.06566546825608402,0.13173401290139003,0.032351931186637074,-0.020217171604599918,-0.00023738665720230315,-2.176994442606062,0.19464152221387693,-0.16042380239073417,0.01625924788800813,-0.08552867044020473,0.09141311810573716,-1.213253089950567,-3.6323147318041014,-3.944475787771741,-0.8690086175729735,-0.11890595221333482,-0.0019031313651148467
1.61,0.0013500394704013259,1.4974149223691662,-1.0010763887370828,-0.5402526435844022,0.0003533262934738754,1.4089094318788243e-05,-0.2202319146626743,0.06681984831953061,0.1301392740507926,0.032048536825654485,-0.021530968853715367,-0.00025130098079454224,-1.9561729947917144,0.15520913797964966,-0.25183299814518617,-0.0013902256759767972,-0.06719357401379256,0.0927019794330537,-1.2637185657550725,-3.6534203733179256,-3.965073443043587,-0.8746747799408551,-0.12370232379152722,-0.0019505577801715952
1.62,-0.0009722406972272691,1.4980905695637956,-0.9997975582157486,-0.5399368389528364,0.00012650145069890054,1.1457923918609634e-05,-0.23222801676285948,0.06756471946294144,0.12788305213343018,0.031580463156575665,-0.022682484277497486,-0.000263117040017861,-1.720912149754586,0.11549631499934256,-0.3419615103497943,-0.019052590990769946,-0.04820981923804446,0.09361523587295717,-1.3047141304645953,-3.6764465632133922,-3.9888448823574194,-0.8811245236457732,-0.12756581572988693,-0.001986117221808009
1.6300000000000001,-0.0033971366020973176,1.4987695822084077,-0.998547787219559,-0.5396273367474779,-0.00011013026517520008,8.73043088013901e-06,-0.24248959048700483,0.06790126446121174,0.12497709961895749,0.030950220535854653,-0.023663171587410062,-0.0002727493038470623,-1.472829854480821,0.07574323396519655,-0.4303389368824044,-0.03663185703370497,-0.028769469481222387,0.09412378521052478,-1.3359098918716317,-3.7012187276877997,-4.015667315845627,-0.888322837104915,-0.13046624550452746,-0.002009558473825748
1.6400000000000001,-0.005906519072431863,1.499447912438008,-0.9973334211413724,-0.5393257248371435,-0.0003547872356918022,5.9291399712873855e-06,-0.25093824703345463,0.0678330229600214,0.12143660781865645,0.03016119103343794,-0.024465697051660216,-0.00028012909088516246,-1.2136487479414932,0.036184959575565015,-0.5165027302316056,-0.05403068158769986,-0.00905797037050693,0.09420648635809115,-1.3570465021304086,-3.72755763533718,-4.045402505975023,-0.896231045615733,-0.1323804706967053,-0.002020721272446753
1.6500000000000001,-0.008481601676147041,1.5001215706614064,-0.9961606197837145,-0.5390335487074911,-0.0006056271996377595,3.077093110368771e-06,-0.2575082603715178,0.06736582233983998,0.1172801357657806,0.029217612965238265,-0.025083996394595725,-0.00028520468609186144,-0.9451854440015592,-0.002950063883686318,-0.6000007575520787,-0.07115105333039984,0.010747764727543796,0.0938505956086716,-1.367937838496692,-3.7552810256504223,-4.077897351736994,-0.9048070040258207,-0.1332925948069726,-0.0020195354553725143
1.6600000000000001,-0.011103073280337872,1.5007866476141511,-0.9950353245864256,-0.538752303104607,-0.0008607604309272307,1.9767981906245935e-07,-0.26214716041908315,0.06650769527446702,0.11252951972889078,0.028124560288411756,-0.025513323128947114,-0.00028794132913063117,-0.6693386999001463,-0.04144138468045765,-0.6803938260631972,-0.08789501052871485,0.03048090035402895,0.09305198908841272,-1.3684731257334954,-3.7842051338899645,-4.112984542353005,-0.9140053017563502,-0.13319411752386082,-0.0020060194674542202
1.67,-0.013751235651057679,1.5014393354676483,-0.9939632269492571,-0.5384834239352504,-0.0011182633091722557,-2.6855310219574476e-06,-0.26481623707198065,0.06526878534972452,0.10720976371685131,0.02688791693565661,-0.02575028782450251,-0.0002883210841019907,-0.38807654755612664,-0.07907777194809232,-0.7572581562530514,-0.10416538845758083,0.04998586222674817,0.09181517030462982,-1.3586184674783974,-3.8141460903518087,-4.150483282202694,-0.9237774798000211,-0.13208402772962757,-0.001980278290904126
1.68,-0.01640614513147351,1.5020759478894858,-0.9929497378344927,-0.538228280473187,-0.0013761921879625388,-5.548957034111507e-06,-0.26549094804158313,0.06366124218376495,0.10134891147643486,0.025514346206333933,-0.025792887879028323,-0.000286342601215406,-0.10342248628606425,-0.11565829157237577,-0.8301877855049659,-0.11986658695583507,0.06911917431953629,0.09015306685783288,-1.3384177605479735,-3.8449211757348976,-4.19020008866682,-0.9340722594512613,-0.1299688380945116,-0.0019425008707973429
1.69,-0.019047757374228962,1.5026929389648607,-0.9919999588282614,-0.5379881679194559,-0.0016325974622394526,-8.369164848513267e-06,-0.2641612242755452,0.06169910753748584,0.09497790062312439,0.02401125537311584,-0.02564052742769138,-0.00028202078144017604,0.1825591454608057,-0.15099322416024963,-0.8987968851113997,-0.13490534897940964,0.0877499737459192,0.08808662528760254,-1.3079929732025393,-3.8763499185206687,-4.231929664314819,-0.9448357826204392,-0.12686256068350535,-0.0018929571072240122
1.7,-0.021656074051029442,1.5032869209040745,-0.9911186548314496,-0.5377643003624302,-0.0018855377332871706,-1.1123028402154447e-05,-0.2608316676800481,0.05939819392137919,0.08813039968118128,0.022386755702575936,-0.025294027104771813,-0.0002753863553641179,0.46777848553361734,-0.1849048227646982,-0.9627219741567004,-0.14919154062370676,0.10576023321433992,0.08564421756357998,-1.2675437756353698,-3.9082550247598506,-4.275455844338876,-0.9560118636262098,-0.12278662356542148,-0.0018319944839193072
1.71,-0.024211290420109017,1.5038546804760153,-0.9903102285420611,-0.5375578041811677,-0.0021330939678347277,-1.37878822759793e-05,-0.2555216369079576,0.05677595719408084,0.0808426289388538,0.020649618126240755,-0.024755623454755713,-0.0002664853873824854,0.7501360037848454,-0.2172279112068091,-1.0216240144667539,-0.1626389227278482,0.12304472461893035,0.08286087683810794,-1.217346518222133,-3.9404631353686423,-4.320552619341985,-0.9675422523456207,-0.1177697289639546,-0.0017600343996615393
1.72,-0.026693942601127105,1.504393194122105,-0.9895786968805869,-0.5373697119328217,-0.002373383546609944,-1.634166943548585e-05,-0.24826521810180888,0.05385136460896764,0.07315316614742559,0.01880922483460526,-0.024028957877521625,-0.00025537871595065483,1.0275387414132242,-0.247810326911447,-1.0751903716618678,-0.17516590408881605,0.1395107592221878,0.07977738368521825,-1.1577525602238299,-3.9728054108236663,-4.36698523253949,-0.979366908528236,-0.11184765401719542,-0.0016775682633937022
1.73,-0.029085053387715883,1.5048996417191056,-0.9889276694985125,-0.53720095676182,-0.002604574097437575,-1.876308283531084e-05,-0.23911107865887787,0.050644759700073726,0.0651027382074335,0.016875517100164925,-0.02311905508276311,-0.000242141339982499,1.2979167709348307,-0.2765132150920055,-1.1231366283520696,-0.18669626625719093,0.15507774012273412,0.0764392271005655,-1.0891859585583383,-4.005117947886234,-4.414511349162164,-0.9914242869504188,-0.10506299571006879,-0.0015851534071581875
1.74,-0.03136627542065252,1.505371418972203,-0.9883603294976049,-0.5370523673651577,-0.002824897008642583,-2.1031700441202864e-05,-0.22812220329366353,0.04717772530972667,0.056734000090761835,0.014858939666226288,-0.022032291120500817,-0.00022686176058920267,1.559239710676288,-0.3032111837997998,-1.1652082366164067,-0.19715985007228465,0.16967656152546517,0.07289546698725391,-1.0121405328463124,-4.03724203755324,-4.462882294397929,-1.0036516329047016,-0.09746486200975782,-0.001483408862855282
1.75,-0.03352003054953456,1.5058061484317085,-0.9878794164741795,-0.5369246635444991,-0.0030326605201030704,-2.3128113303845106e-05,-0.21537551288820428,0.04347294595055976,0.04809130234253485,0.012770382065859464,-0.020776351146048734,-0.0002096412862642241,1.8095331276421214,-0.32779233173496514,-1.2011819981212908,-0.20649319438507074,0.18324888711162668,0.06919752667034573,-0.9271763291287035,-4.06902427770107,-4.511844354635636,-1.0159852872959274,-0.0891085116653584,-0.0013730110398978766
1.76,-0.03552964422775704,1.5062016891373822,-0.9874872119882696,-0.5368184523719035,-0.0032262622917804077,-2.503404638753853e-05,-0.20096136782224808,0.03955407056737449,0.03922044859099695,0.010621117259561167,-0.019360177167733725,-0.0001905933083693422,2.0468946653084745,-0.3501581627338061,-1.2308673615207562,-0.21464011791108284,0.19574633686563558,0.06539794513236719,-0.8349155104036826,-4.100316557746045,-4.561140135144317,-1.0283610003625394,-0.08005494552934002,-0.001254689331416226
1.77,-0.037379473814213374,1.5065561449036173,-0.987185527542607,-0.5367342249918953,-0.003404201352908227,-2.673247191162678e-05,-0.18498295864563322,0.035445576623520096,0.030168444566257297,0.00842273800081952,-0.017793906112781897,-0.00016984255240882505,2.2695097379377795,-0.37022340245905866,-1.2541075281430138,-0.22155223576572247,0.20712960844481287,0.06154911914355332,-0.7360377074230868,-4.13097593598683,-4.610509965707116,-1.0407142527718714,-0.0703704526206899,-0.001129221667155976
1.78,-0.039055029695009784,1.506867871266479,-0.9869756951407136,-0.5366723540783392,-0.003565089339208396,-2.8207715003052766e-05,-0.16755558807964122,0.03117263628614875,0.0209832401893445,0.006187091355598779,-0.016088798630016932,-0.0001475243091425986,2.475666639959986,-0.3879157339813239,-1.2707803583702624,-0.22718940305820823,0.21736755588422874,0.057702065261766355,-0.6312748680249686,-4.160864433032791,-4.659693344205773,-1.0529805825678193,-0.06012611447960563,-0.0009974300219941985
1.79,-0.04054308818902111,1.5071354811197706,-0.9868585604773029,-0.5366330919601924,-0.0037076609304732815,-2.944555148441308e-05,-0.14880584940113223,0.026760985329162892,0.011713466341066231,0.003926211814691561,-0.014257159126488554,-0.0001237836481360315,2.663770927367041,-0.4031754696343145,-1.2807990725687068,-0.23152007884531223,0.22643624543509944,0.05390523081011889,-0.5214056476768584,-4.189848766785284,-4.70843040679113,-1.0650959161930793,-0.04939727166350902,-0.0008601758804371166
1.8,-0.041831795261668234,1.507357849071933,-0.9868344787977491,-0.5366165694257244,-0.00383078340655527,-3.04332976336686e-05,-0.1288707072647124,0.022236795216241872,0.002408167955378491,0.0016522534467888683,-0.012312247608198818,-9.877461492555206e-05,2.8323589374766835,-0.4159551767357681,-1.2841127418938825,-0.23452160486168516,0.23431800585479046,0.0502033814391587,-0.4072493878906142,-4.217800055771429,-4.756463412144612,-1.0769969015808587,-0.038262956506384976,-0.0007183556498947549
1.81,-0.04291076014115465,1.5075341145586656,-0.9869033134467079,-0.5366227952102748,-0.003933465246177815,-3.11598917501431e-05,-0.10789648794864194,0.01762654867326562,-0.006883464895875817,-0.0006225784550350087,-0.010268183962254523,-7.26594116474502e-05,2.9801103234374238,-0.42621927449888347,-1.2807065657925618,-0.23618039463958596,0.24100048866803903,0.04663659077205251,-0.28965973277346035,-4.244593518196512,-4.803538226491939,-1.0886212411254508,-0.026805296510146865,-0.0005728960092438312
1.82,-0.043771138009822054,1.507663683747804,-0.9870644371092181,-0.5366516561680748,-0.004014863699965484,-3.1615967347954657e-05,-0.08603778686674063,0.012956918913823154,-0.016112366251024794,-0.002886095779991726,-0.008139845378766837,-4.5607559781155375e-05,3.1058594901278194,-0.43394361872622356,-1.2706019345176194,-0.23649202999195396,0.24647575288623536,0.04323935497840914,-0.16951793722748143,-4.2701081938635745,-4.849405795517205,-1.0999080222076951,-0.015108892959476252,-0.00042474917443116085
1.83,-0.04440570102952335,1.5077462302732747,-0.9873167357308965,-0.5367029181241679,-0.004074291276620838,-3.179391777439013e-05,-0.06345630197012972,0.008254652547072135,-0.025229862167844584,-0.005126195609313993,-0.005942757665535474,-1.779504264354708e-05,3.2086058283893837,-0.4391150897120818,-1.253856276480808,-0.23546126324601424,0.2507393883888476,0.04003985198966964,-0.047725923219688174,-4.294226715108708,-4.893823589172139,-1.1107980428773543,-0.0032601795511762563,-0.00027488805981685496
1.84,-0.044808897053217334,1.5077816948340486,-0.9876586150872957,-0.5367762273980312,-0.004111221089190969,-3.1687952019171975e-05,-0.04031960236939823,0.0035464560773868876,-0.03418793563992205,-0.007330927386329797,-0.003692981257013119,1.059657552181539e-05,3.2875226546574763,-0.44173119721839216,-1.2305626917779486,-0.23310192508352667,0.25378969256321504,0.03705936152497946,0.07480085687805234,-4.316835151136798,-4.9365570055934205,-1.1212341302834805,0.00865323399477713,-0.00012430131272557618
1.85,-0.044976895474620776,1.5077702836920774,-0.9880880099562601,-0.536871112986186,-0.0041252910168046155,-3.129414144363276e-05,-0.016799842140343944,-0.0011411141971108714,-0.04293948689644749,-0.009488558815475995,-0.0014069927613646555,3.9381057553921394e-05,3.3419647729454964,-0.4417997144831801,-1.2008493747079496,-0.22943673941188258,0.2556269157015052,0.03431185825341787,0.1971406886454457,-4.337822947652582,-4.977380720924856,-1.1311614494958404,0.020543228223942906,2.601180068593958e-05
1.86,-0.044907619772973445,1.5077124661004522,-0.988602395831311,-0.5369869893869255,-0.00411630664606247,-3.061045711933329e-05,0.006927570164733107,-0.005781759162531093,-0.051438587505088014,-0.011587640073948973,0.0008984370742145037,6.836843242994686e-05,3.371474585823862,-0.43933835102971663,-1.1648788296086565,-0.2244970481575974,0.2562525918420775,0.031803786324492656,0.3183729325689213,-4.357082980519041,-5.0160799727680825,-1.1405278004715609,0.0323218448933006,0.00017504667764565377
1.87,-0.04460076642003903,1.5076089706896523,-0.9891988030988444,-0.5371231600463098,-0.004084242965370537,-2.9636797426624162e-05,0.03068533529344134,-0.010349541079987014,-0.05964072675334324,-0.013617065938434866,0.003206368069193299,9.736596927091288e-05,3.3757866906243366,-0.4343744716330206,-1.122846885789045,-0.21832245040479403,0.2556689729645232,0.029534019323965044,0.4375853650490847,-4.374511738410898,-5.052451766216384,-1.1492839010841847,0.043901957238525656,0.00032179884421072464
1.8800000000000001,-0.04405780993062291,1.5074607808360165,-0.9898738335873599,-0.5372788214008247,-0.004029244794863002,-2.837500552815357e-05,0.054295648941612554,-0.014818985363573733,-0.0675030488515438,-0.015566135451496625,0.005499817050753447,0.00012617918984705927,3.3548309067823516,-0.426944866235929,-1.074981518784112,-0.21096036170490517,0.2538785854006278,0.027494005446982772,0.553881457940843,-4.3900096451501,-5.086305992908104,-1.1573836543370222,0.055197934168922276,0.00046526961320852295
1.8900000000000001,-0.043281993955346064,1.5072691290326679,-0.990623679383158,-0.5374530674885992,-0.003951625944111606,-2.6828876303425268e-05,0.07758159752768413,-0.01916518033487366,-0.07498457957980365,-0.01742460877745499,0.007761885075139652,0.00015461292247283018,3.308733690244511,-0.4170955729664507,-1.021541486562641,-0.20246550069725178,0.2508839277157957,0.025668093553122162,0.6663875306814238,-4.403481527714328,-5.117466455205202,-1.1647843981168553,0.06612629297862073,0.0006044719366554646
1.9000000000000001,-0.04227830843433188,1.5070354902793168,-0.9914441437940684,-0.537644895097856,-0.0038518670995075074,-2.5004152311180886e-05,0.10036855210141897,-0.023363875335106345,-0.08204644109103851,-0.019182760925673996,0.009975884460409838,0.00018247239922443802,3.2378179014804696,-0.4048817537577952,-0.9628147906698049,-0.19289931136807192,0.24668732888035194,0.024034031732552474,0.7742597092640453,-4.4148372309121,-5.145771789386753,-1.171447136093849,0.07660633519054462,0.00073843644618757
1.9100000000000001,-0.04105345295192708,1.5067615745038618,-0.9923306643308858,-0.5378532094183528,-0.0037306124529726177,-2.2908508339371886e-05,0.12248554824047968,-0.027391577545490015,-0.0886520536817345,-0.020831432049679667,0.012125464653488962,0.00020956439718089982,3.1426009051297514,-0.39036761948709686,-0.8991169735777811,-0.18232933028265386,0.24129098402885774,0.022563626247397384,0.8766906272275978,-4.423992374545095,-5.171076283570981,-1.1773367486249093,0.08656076022840599,0.0008662176657231855
1.92,-0.03961578655459409,1.5064493180257137,-0.9932783375653903,-0.5380768301589837,-0.003588665093451351,-2.0551524110252485e-05,0.143766639733299,-0.03122564781481571,-0.09476732345044746,-0.022362074063087996,0.01419473595212668,0.00023569842291194012,3.023790991924939,-0.37362639909502626,-0.8307892647300272,-0.17082850892431578,0.23469718233779346,0.02122354524152703,0.9729158055316642,-4.430869243666475,-5.193250587867475,-1.1824221827570989,0.09591625174628338,0.0009869003707201104
1.93,-0.03797526441558323,1.5061008740684887,-0.9942819457141887,-0.5383144980924583,-0.00342698119238831,-1.7944644732738202e-05,0.16405221390108635,-0.03484439572250351,-0.10036081487984057,-0.023766793347470463,0.016168390106304095,0.0002606879377514283,2.8822821274731583,-0.35474034488630274,-0.758196588870669,-0.15847450188697243,0.22690873741150774,0.01997624849333146,1.0622196507379345,-4.435397797435563,-5.212182315941695,-1.1866766206429582,0.10460403163916855,0.0010996060583278258
1.94,-0.03614336184972294,1.5057186023283102,-0.9953359847891898,-0.5385648819860838,-0.0032466630240453698,-1.5101128537235993e-05,0.18319025658602955,-0.03822717401784213,-0.1054039075001094,-0.025038389362543285,0.018031816834294015,0.00028435161955022093,2.7191470478655315,-0.33380076419949817,-0.6817254512494998,-0.14534893200525456,0.2179296250490328,0.018781021793280228,1.143941014370397,-4.437516777213163,-5.227776538683798,-1.1900776258608983,0.1125603770138553,0.0012034994828170897
1.95,-0.0341329862983527,1.505305057603566,-0.996434694148374,-0.5388265858761332,-0.0030489508709803945,-1.203598199074176e-05,0.20103755513702345,-0.04135447247442263,-0.10987093591842204,-0.026170389004941827,0.019771215306497506,0.00030651465464942335,2.5356287389521173,-0.3109080659188633,-0.6017817151465453,-0.13153664362258688,0.20776582642758612,0.017595092255897837,1.2174782607008654,-4.43717489008513,-5.239956171960622,-1.1926072672744394,0.11972709571881014,0.0012977952012357768
1.96,-0.03195837801667413,1.504862977492706,-0.9975720872746637,-0.5390981566421115,-0.0028352138742208013,-8.765881472604948e-06,0.21746082816785722,-0.0442080110860082,-0.11373931262897323,-0.02715707659782576,0.021373699675959326,0.000327010051813681,2.333130354386646,-0.28617180892234584,-0.5187882878604732,-0.11712495506645615,0.1964263667716395,0.01637479910641826,1.282293795497354,-4.434332040089539,-5.248662261455455,-1.194252220160653,0.12605195641353353,0.0013817640656175615
1.97,-0.029635000302143034,1.5043952691686109,-0.9987419836061613,-0.5393780918364026,-0.0026069398965337504,-5.309081793857762e-06,0.23233777145310958,-0.04677083240951651,-0.11698963314975581,-0.02799351942911858,0.02282739776870508,0.00034567996787471857,2.1132036470056077,-0.2597107385498583,-0.433182731834455,-0.10220292100097983,0.18392453072680404,0.015076793163974145,1.3379180144407157,-4.428960576189205,-5.2538541683423645,-1.195003844391017,0.1314890695996165,0.0014547395905572737
1.98,-0.027179420201456406,1.5039049952412522,-0.9999380412377964,-0.539664847724311,-0.0023657244756306824,-1.6853114646237134e-06,0.2455580100686628,-0.04902739273586069,-0.11960576316350978,-0.028675588790835913,0.024121542090306782,0.0003623770329234049,1.877536008430892,-0.23165279655251234,-0.3454148179281391,-0.08686061473093121,0.1702792262996855,0.013659237464387353,1.3839526368850723,-4.421046523598044,-5.255509659994962,-1.194858239461254,0.1359992165324141,0.0015161241188259818
1.99,-0.024609180723678292,1.5033953587248159,-1.0011537903124945,-0.539956847489363,-0.0021132589520523742,2.084345146552119e-06,0.25702394777781123,-0.05096365164362305,-0.1215749074698213,-0.029199976505197338,0.025246552357830826,0.00037696566111758325,1.6279362325320779,-0.20213508976251277,-0.25594403798589843,-0.07118843968996558,0.1555164597597587,0.012082981175123741,1.420073398299945,-4.410590763537322,-5.253624910104625,-1.193816276147846,0.13955012347708107,0.001565394703149091
2.0,-0.021942665666607263,1.5028696871311418,-1.0023826669193079,-0.5402524895589091,-0.0018513178637637304,5.9775784626107135e-06,0.2666515057071028,-0.05256715936742186,-0.12288766068132655,-0.029564206954618474,0.026194108828864394,0.0003893233316058595,1.3663191389915093,-0.1713038029027565,-0.16523709377541848,-0.05527647835248595,0.13967087483096385,0.010312679191137208,1.4460320829424103,-4.397610125942961,-5.248214412507012,-1.191883604528299,0.1421166793567333,0.0016021086194795567
2.0100000000000002,-0.019198958231205664,1.5023314157181837,-1.0036180473164866,-0.5405501560055275,-0.0015817457060461838,9.970996690247093e-06,0.2743707435401597,-0.05382714129580415,-0.12353803971786634,-0.02976664466182965,0.026957215771754653,0.0003993418227636381,1.0946892130463248,-0.1393140415307311,-0.07376537909607292,-0.03921388562343764,0.12278730131469473,0.008317830560768513,1.4616578868926369,-4.3821383601148485,-5.239310812728919,-1.1890706380522145,0.14368109545309193,0.0016259084261797372
2.02,-0.016397694653511662,1.5017840699301255,-1.004853282299154,-0.5408482209804569,-0.0013064431610123612,1.4040280509757372e-05,0.2801263577694003,-0.05473457880582662,-0.12352349826673265,-0.029806497492946744,0.027530254503382253,0.0004069283819510279,0.8151234358305849,-0.1063295920651609,0.017997528639223666,-0.023088332496472713,0.10492225151266066,0.006073710186844106,1.4668581103479998,-4.364226949807493,-5.226964660820894,-1.1853925133044223,0.14423300644909182,0.0016365264845366236
2.0300000000000002,-0.013558914123850284,1.5012312470746634,-1.0060817315339896,-0.5411450591362573,-0.0010273529058895249,1.816034863354603e-05,0.28387805296613783,-0.05528228554621986,-0.12284492348355704,-0.02968381558004452,0.027909025512283626,0.0004120068123788656,0.5297534958776894,-0.07252258715361386,0.10957835172863348,-0.006985504390710037,0.08614529793091341,0.0035621700616711993,1.4616181867949423,-4.343945741787759,-5.2112440884932685,-1.180869025073659,0.14376951273553198,0.0016337888589765853
2.04,-0.010702906288498485,1.5006765972926541,-1.0072967976870475,-0.541439053997062,-0.0007464451130397753,2.2305533218021383e-05,0.2856007835351799,-0.05546497820093047,-0.12150661530578026,-0.029399486080475504,0.02809077928497495,0.00041451845844753564,0.24074758554385242,-0.03807306627217864,0.2005065556691202,0.009011342818417645,0.06654026318444695,0.0007722886633432513,1.4460010651407953,-4.321383360372142,-5.192234412985908,-1.1755245363433546,0.14229516452633437,0.0016176185201636677
2.05,-0.007850057638674877,1.5001238038856308,-1.008491960175429,-0.5417286062361394,-0.0004657027574315384,2.644976392932528e-05,0.2852848649823609,-0.05527934070233554,-0.1195162488381508,-0.028955223907736225,0.028074235560823693,0.0004144230711303897,-0.04970800429778575,-0.003168423367504725,0.2903167391007199,0.02482176745586473,0.04620615313637813,-0.0022991499757209176,1.4201459688679352,-4.296647384811729,-5.170037669536014,-1.1693878628661378,0.139821888925786,0.0015880377807554243
2.06,-0.0050206980855736286,1.4995765630774252,-1.0096608083788956,-0.54201214182197,-0.00018710684888814265,3.0566759285580046e-05,0.2829359553101249,-0.05472408082057585,-0.11688482034666872,-0.028353558583064122,0.027859590854339575,0.0004116995356254768,-0.3394272725567259,0.03199726448482673,0.37855095767683883,0.0403684671529605,0.025257767331953174,-0.005647362611042761,1.3842665635581877,-4.269864271492558,-5.144772073819961,-1.162492132078833,0.1363688616532133,0.0015451699018033025
2.07,-0.002234948998251573,1.4990385632970862,-1.0107970741535306,-0.5422881199956524,8.737829312777161e-05,3.463022373157488e-05,0.27857490873220553,-0.05379997803389437,-0.11362657746350412,-0.02759781736824504,0.027448514201591424,0.0004063464445994833,-0.6262426597636498,0.06722403107374852,0.46476097061661054,0.05557754543621951,0.003825926846899197,-0.009259469722736002,1.3386485705349513,-4.241179008610428,-5.1165714153824275,-1.154874616264961,0.13196232564392765,0.0014892398174338821
2.08,0.0004874260560172217,1.4985134640812283,-1.0118946634961363,-0.5425550410441369,0.00035581960520385025,3.861404875044317e-05,0.27223750542687947,-0.052509921585796995,-0.10975893426058066,-0.026692104848449746,0.02684413120760786,0.0003983825018868293,-0.9080227482532132,0.10230693886107682,0.5485104000579684,0.07037872201461726,-0.017942731263849154,-0.013114601878391419,1.2836468697206977,-4.210754497088166,-5.085584382865707,-1.1465765400780206,0.12663535919959298,0.0014205739363160222
2.09,0.0031271666809401274,1.4980048747046384,-1.0129476872150758,-0.542811453835532,0.0006163295711226982,4.249251618506486e-05,0.26397406249229055,-0.05085893765899868,-0.10530237189394617,-0.02564127913950589,0.02605099659188479,0.0003878467434621691,-1.1826893048548524,0.13703711917097514,0.6293767947278569,0.08470549004547356,-0.0398864318495864,-0.017184211614980183,1.219682138981647,-4.178770657840385,-5.0519738218376755,-1.1376428627981305,0.12042759674805152,0.0013395989902697807
2.1,0.005665656006853627,1.4975163326582006,-1.0139504904706282,-0.5430559630845035,0.0008670801265943705,4.6240501833478484e-05,0.2538489325913499,-0.04885420464376783,-0.10028032555524416,-0.0244509248971581,0.025075055547167234,0.0003747985648413624,-1.4482334746369572,0.17120293068919393,0.7069535908543713,0.09849522453136439,-0.061829436419056805,-0.02143258787420499,1.1472370801442973,-4.145423271861052,-5.015915926197958,-1.128122036000152,0.11338490558614933,0.0012468399129549174
2.11,0.00808505498630328,1.4970512821027087,-1.014897681055541,-0.5432872363175724,0.0011063160699953938,4.983367730085048e-05,0.24193989794496526,-0.046505055549202735,-0.09471905849128481,-0.023127323306882733,0.02392359434010233,0.0003593175467371996,-1.7027309533593338,0.2045912295798243,0.7808519646133409,0.11168924674050285,-0.08358372290179439,-0.025817564769446966,1.0668522834809213,-4.110922565817662,-4.977599364512928,-1.1180657376528376,0.10555902221589107,0.001142916744635399
2.12,0.01036842966952776,1.4966130524357133,-1.0157841562942294,-0.5435040105098932,0.0013323678768836936,5.324870803829684e-05,0.22833746832244795,-0.04382296669953131,-0.08864752386883043,-0.021677419232083394,0.02260518068882998,0.00034150307374463616,-1.944355989622304,0.23698874196944505,0.850702571706672,0.12423285009830431,-0.10495116070320343,-0.030291411123841705,0.9791217827821624,-4.075491561698978,-4.9372243431731135,-1.1075285840327276,0.09700715204384881,0.0010285405722999573
2.13,0.012499870594169085,1.4962048371159875,-1.0166051284469337,-0.5437050983668573,0.0015436638223824601,5.646344547819507e-05,0.21314409246413243,-0.04082153197257089,-0.08209721527043001,-0.020108785696415443,0.02112959454987665,0.0003214737439898227,-2.1713940945603944,0.2681835271126187,0.9161571708733846,0.13607529336117752,-0.12572615275490762,-0.03480188195312994,0.8846883522203537,-4.039364214413522,-4.895001608951088,-1.0965678212084506,0.08779153629842008,0.0009045085276855176
2.14,0.014464603523545116,1.4958296728962626,-1.017356148513031,-0.5438893942255869,0.0017387413227111781,5.945711118794256e-05,0.19647329293760302,-0.037516421972498055,-0.07510200660970873,-0.01842958587295906,0.019507750032871793,0.00029936657097474873,-2.382253366432562,0.29796651727803325,0.976890129210822,0.14716976710370178,-0.14569869771065846,-0.039293408045411704,0.784238594159302,-4.0027833659298295,-4.851151394324676,-1.0852429982144802,0.07797899003433457,0.0007716978787737354
2.15,0.016249090871216433,1.4954904196194414,-1.0180331283355541,-0.544055879553081,0.001916257415060842,6.221047101002009e-05,0.17844873476713166,-0.03392532768210796,-0.06769798225233077,-0.016648532749405594,0.017751609234966388,0.0002753359822077531,-2.575474368602595,0.32613311833113884,1.0325998081124785,0.15747333959192256,-0.16465780770027472,-0.04370839517705205,0.6784978640271323,-3.9659985484711466,-4.805902309773952,-1.0736156243722088,0.06764041504622544,0.0006310592629030366
2.16,0.017841123254074786,1.4951897407363566,-1.0186323609167873,-0.5442036280194283,0.0020749983035223294,6.470599723551609e-05,0.15920323828583524,-0.030067888308480416,-0.05992325812332545,-0.014774846634734084,0.015874088846148764,0.0002495526225495999,-2.749738531068817,0.35248485317552936,1.0830098293940535,0.16694688800879476,-0.18239520093919026,-0.04798860051010978,0.5682250745161205,-3.929263672342451,-4.75949018811296,-1.0617488135150641,0.05685029141277816,0.00048360912157301497
2.17,0.019229900719572358,1.4949300847041787,-1.0191505388625273,-0.5443318101261222,0.002213887907733674,6.692801696998537e-05,0.1388777465497571,-0.025965603217802075,-0.05181779457399815,-0.012818210669386976,0.013888960421134477,0.00022220197344692875,-2.903875076741203,0.37683102868432344,1.1278702217684415,0.17555502077881524,-0.19870917474232286,-0.05207655048909077,0.4542074169120241,-3.8928346361242574,-4.712156886730441,-1.0497069181198533,0.04568615125128232,0.00033042140815063895
2.18,0.02040610329295935,1.4947136674237076,-1.0195847708802634,-0.5444396973711026,0.0023319953601623348,6.88628449929207e-05,0.11762025733869924,-0.021641728047113385,-0.04342320177361503,-0.01078872449804065,0.011810745242866058,0.00019348280229353302,-3.036866502931762,0.3989904055374988,1.1669584482419648,0.18326599640187524,-0.21340855376581125,-0.05591696228558485,0.3372550325092803,-3.856966898195162,-4.664149054344248,-1.0375551565275862,0.03422803809189721,0.00017261864987651245
2.19,0.02136195058569602,1.4945424558709093,-1.0199325962641004,-0.5445266659337227,0.002428541407333448,7.049889958276969e-05,0.09558472927366697,-0.017121155279833614,-0.034782538383691844,-0.008696856261998625,0.009654604717111326,0.00016360545898489752,-3.147852674944746,0.418792849504771,1.2000803152501027,0.19005164375762362,-0.22631660116461916,-0.05945812965176067,0.2181956620708066,-3.821913048852514,-4.615716869483418,-1.0253592365457567,0.02255795509468895,1.1362454692407861e-05
2.2,0.022091250295047583,1.4944181530731615,-1.0201919973067721,-0.5445921998643948,0.002502903679712662,7.182679997526848e-05,0.07292997093515632,-0.012430279774778563,-0.02594010426717789,-0.006553393067208113,0.007436227237921407,0.0001327900392498792,-3.2361336112640045,0.43608094219232413,1.2270707644183942,0.1958872883791285,-0.23727477719351597,-0.06265323404838696,0.09786929637649303,-3.787920421723167,-4.567112758370727,-1.0131849787558647,0.01075930514370685,-0.00015215643863368392
2.21,0.022589435506099566,1.4943421845737455,-1.0203614095865925,-0.5446358937652361,0.0025546208042224955,7.283944434028505e-05,0.049818521105198466,-0.007596849941614498,-0.016941227982036164,-0.0043693900841322575,0.0051717124509833585,0.0001012644365016564,-3.3011710578472093,0.4507115291223313,1.2477945477728674,0.20075168860262327,-0.24614623083719778,-0.0654615431760961,-0.022877153702858553,-3.755228781750536,-4.518590100167029,-1.00109794280375,-0.0010836743264903419,-0.00031672846190912695
2.22,0.02285359078027598,1.4943156865191871,-1.020439730084687,-0.5446574549496088,0.00258339534240013,7.353206739733732e-05,0.0264155274176414,-0.002649805455828107,-0.007832049809454891,-0.00215611843727422,0.0028774538177634584,6.92623057052273e-05,-3.342588961860784,0.46255718323857825,1.262146787017884,0.20462698493962783,-0.25281891538983636,-0.06784946156344773,-0.14319515326212612,-3.724068124883837,-4.4704019276476705,-0.9891630598283988,-0.012886479073996954,-0.0004811357598978679
2.23,0.022882467078536174,1.4943394954931883,-1.020426323095404,-0.5446567050700601,0.0025890955458970828,7.390227703812809e-05,0.00288762982601937,0.0023808974001187427,0.0013406989282943003,7.498795487046817e-05,0.000570020349695262,3.702096407907721e-05,-3.3601729624758248,0.47150756253273957,1.2700534172015752,0.20749866538600514,-0.25720822837220503,-0.06979140162335717,-0.2622397946021898,-3.6946566217660126,-4.422799631312016,-0.9774442739927408,-0.024564905791170884,-0.0006441628591538004
2.24,0.022676485622806206,1.4944141402081796,-1.020321023900442,-0.5446335812058174,0.002571755929303576,7.395006958127527e-05,-0.02059814557299682,0.0074644714991250844,0.010529919496189354,0.0023123864242701356,-0.0017339616593506665,4.779254314718071e-06,-3.353869017999664,0.47747064145556245,1.2714715147091684,0.20935554875750562,-0.2592590894756306,-0.07127044846997643,-0.37917499526148996,-3.667198734311485,-4.376031674691037,-0.9660041958257942,-0.03603561736173868,-0.0008046073462424751
2.25,0.0222377308462926,1.4945398351511248,-1.0201241401850099,-0.5445881364027043,0.002531576668101361,7.367782354528754e-05,-0.043875477651360635,0.012569494294514667,0.019688371543218702,0.004544480311311059,-0.0040179261202215365,-2.7224603598772624e-05,-3.3237812847950257,0.48037379710651573,1.2663895090977424,0.21018978750109252,-0.2589473868719132,-0.07227879766891965,-0.49317863604831963,-3.641883530179787,-4.330342328235118,-0.9549037697798545,-0.047216703195436506,-0.000961290437239337
2.2600000000000002,0.021569932622909883,1.494716476264254,-1.0198364511822908,-0.5445205396601212,0.002468921836879497,7.309027208615617e-05,-0.06677982233827158,0.017664111312919163,0.028768900271907875,0.006759674258316478,-0.0062654831221864125,-5.875514591313673e-05,-3.270169354555475,0.48016473286345074,1.2548272778475056,0.20999689076758,-0.2562807416009214,-0.07281795173970806,-0.6034476328681829,-3.61888321588401,-4.2859704286625,-0.9442019580614991,-0.05802823220188013,-0.001113067320870634
2.27,0.020678437999212138,1.4949436387241049,-1.0194592045406599,-0.5444310753615953,0.002384316509780873,7.219445450125112e-05,-0.08914946236977464,0.022716245985080475,0.037724664163096035,0.008946429852580316,-0.008460532709862382,-8.958175849050433e-05,-3.193444943194981,0.47681222409674107,1.236836122662674,0.2087757679276132,-0.251298561109337,-0.07289866845432247,-0.7092029356885631,-3.598351904718736,-4.243148170060885,-0.933955442424329,-0.06839279592043901,-0.0012588371596945302
2.2800000000000002,0.019570172680279524,1.4952205768638192,-1.018994110916528,-0.5443201421473577,0.002278442751495167,7.099964744730987e-05,-0.11082653189326133,0.02769381397142163,0.046509362413204774,0.01109332142375774,-0.010587375828570554,-0.00011948070539412526,-3.094168107703557,0.4703066728880424,1.212498625578135,0.20652879199479646,-0.2440713755304902,-0.07254066147592653,-0.809694446522553,-3.5804246309439374,-4.202099932397487,-0.9242183452285908,-0.07823603923712094,-0.001397552637321818
2.29,0.018253592545470675,1.4955462262643187,-1.0184433363043943,-0.5441882512294511,0.002152134533005104,6.951727675328667e-05,-0.131658013480885,0.03256494004994078,0.055077461213352955,0.013189091790658272,-0.012630821849006327,-0.00014823706940231848,-2.9730430478099774,0.4606604611957155,1.181928382789858,0.20326188183806781,-0.23469947310058892,-0.07177206141189485,-0.904205845917969,-3.5652166168089607,-4.16304115244359,-0.9150419706919787,-0.08748717599938031,-0.0015282289448517216
2.3000000000000003,0.01673862549240077,1.495919208020024,-1.0178094921246943,-0.5440360241520296,0.0020063716117687154,6.776081092517032e-05,-0.15149670530699044,0.03729817557054302,0.06338441797001122,0.015222707742159584,-0.014576292123638843,-0.00017564658281163563,-2.830913528257941,0.44790809465366654,1.1452696139013834,0.19898460136628948,-0.2233108733180149,-0.0706286526071831,-0.9920593142278703,-3.552822794131078,-4.126177241495862,-0.9064745668905867,-0.0960794866942767,-0.0016499521064336287
2.31,0.015036603929544414,1.4963378351644618,-1.017095623099329,-0.5438641900017653,0.0018422724211310617,6.574563763648768e-05,-0.1702021562856355,0.04186271444376809,0.07138690253651077,0.01718341502641875,-0.01640991906376536,-0.00020151732886826375,-2.66875793609336,0.4321061321016636,1.1026966441530464,0.19371027324877854,-0.21005869721669512,-0.06915290774062699,-1.0726201300713616,-3.5433175773413255,-4.091702553711546,-0.8985611087314209,-0.10395079519570037,-0.001761886552125149
2.32,0.013160188261023945,1.496800121220702,-1.016305192954382,-0.5436735820756449,0.00166108601855911,6.34889246724734e-05,-0.18764156685204694,0.046228605624026246,0.07904301449471629,0.01906079261205119,-0.01811864025719517,-0.00022567129640142894,-2.487683966708772,0.4133328989858964,1.0544132572072684,0.18745610408504465,-0.19511801265631945,-0.0673928482388606,-1.1453011240627757,-3.536754880260526,-4.059799408398233,-0.8913431018193281,-0.11104392142511704,-0.001863281855938424
2.33,0.011123281732814457,1.4973037908213866,-1.0154420679994043,-0.5434651340158969,0.0014641831468379185,6.1009466945675775e-05,-0.20369065282094873,0.0503669600684515,0.08631249549776489,0.020844805974791984,-0.019690287172119143,-0.00024794577267976193,-2.2889229135807896,0.39168798588333253,1.0006519162104035,0.180243317327625,-0.17868224814430356,-0.0654007634978997,-1.2095669613130051,-3.5331683644532053,-4.030637169232911,-0.884858406890682,-0.11730710662122698,-0.00195347856805814
2.34,0.008940937038948944,1.4978462923234104,-1.0145104986428124,-0.5432398754243605,0.00125304646670547,5.8327521324467955e-05,-0.2182344693865513,0.05425015020237174,0.09315693565918097,0.02252585915364009,-0.02111366801324486,-0.0002681945621207819,-2.0738235206449054,0.3672915365429015,0.941672851150702,0.17209728966157645,-0.16095928083699462,-0.06323182574269137,-1.264938221627427,-3.532571902910073,-4.00437138314525,-0.8791410842909171,-0.12269440779122912,-0.002031913082550939
2.35,0.006629255120240424,1.4984248123234176,-1.0135150989132906,-0.5429989269712411,0.001029260023580255,5.5464631112429044e-05,-0.23116819187085205,0.05785200000073033,0.0995399729521731,0.02409484531194124,-0.022378644312521487,-0.00028628902120389135,-1.8438453439061901,0.3402833329451541,0.8777630109863265,0.16304768600080832,-0.14216731260219895,-0.06094263993800664,-1.3109952419873265,-3.5349602391118466,-3.9811429814914794,-0.8742212578374902,-0.12716605783382212,-0.002098121495304366
2.36,0.0042052766271340886,1.4990362919624236,-1.0124608240676234,-0.5427434950159252,0.0007944980150818582,5.244344208524198e-05,-0.2423978493106336,0.061147963900604486,0.10542748456671883,0.025543195531588996,-0.023476200849839687,-0.0003021189027187062,-1.6005515608344347,0.3108216879048316,0.80923487962863,0.1531285877577231,-0.12253065212304559,-0.058589769447999096,-1.347381682051886,-3.540309818309614,-3.961077546165308,-0.8701249973363353,-0.1306887877945588,-0.002151742421235261
2.37,0.0016868665627927043,1.4996774448913417,-1.0113529463759998,-0.5424748657602967,0.0005505129299788135,4.9287512032496614e-05,-0.2518410064341384,0.064115292891803,0.11078776916236183,0.026862925562851536,-0.02439850851030446,-0.00031559300527453675,-1.3456011627749391,0.27908215862275376,0.7364251556278847,0.14237860863877838,-0.1022755209056081,-0.05622827811928732,-1.3738077702887321,-3.5485797651940962,-3.9442846434268146,-0.866874219007272,-0.13323610774889522,-0.002192518754756003
2.38,-0.000907407327731626,1.500344776754226,-1.010197029186474,-0.5421943989578112,0.0002991231330234527,4.6021115764926466e-05,-0.259427389052433,0.06673318628842675,0.11559171895258287,0.028046680248546556,-0.025138979695536086,-0.0003266396267570147,-1.0807404672425245,0.2452560972799644,0.6596932963185979,0.13084099187876896,-0.08162599680604554,-0.05391032819661812,-1.3900531861437564,-3.5597129800889276,-3.930857228457449,-0.864486603118916,-0.13478854291625297,-0.0022202983728116243
2.39,-0.003558401801876819,1.5010346060328443,-1.0089988993808419,-0.5419035212044141,4.219997383812763e-05,4.266904753392925e-05,-0.2650994474145193,0.06898292786182965,0.11981298056321366,0.029087775339710166,-0.025692315918532507,-0.00033520682309972217,-0.8077938935425183,0.20954905720499098,0.579419928221739,0.11856368263198735,-0.06080020061307723,-0.05168387104618977,-1.3959695325739703,-3.57363732444992,-3.920871123937393,-0.8629755282297533,-0.13533382179596792,-0.0022350337952009225
2.4,-0.006246530318719757,1.501743086084962,-1.0077646183446067,-0.5416037188402062,-0.00021834549842665764,3.925642277091516e-05,-0.2688128516842938,0.07084800521176961,0.12342810362350927,0.029980236420790986,-0.026054547226478528,-0.0003412624763014093,-0.5286539564526097,0.17217907528643023,0.49600512665901453,0.10559936915025059,-0.04000681967668296,-0.04959146423057276,-1.3914823534284353,-3.5902668658303587,-3.914384576253119,-0.8623500215706004,-0.13486701338631077,-0.002236780832046586
2.41,-0.008951899452953837,1.5024662281996066,-1.006500451583857,-0.5412965304935459,-0.0004805761295765462,3.5808480990672144e-05,-0.270536913423408,0.0723142114644443,0.12641667607498674,0.030718834666027352,-0.026223063114988857,-0.000344794178024301,-0.24527044826062358,0.13337485310014457,0.40986656879171796,0.09200548646369033,-0.019442048164455272,-0.04766924418133295,-1.37659265166213,-3.609503152610767,-3.91143789323408,-0.8626147252733103,-0.1333906109007922,-0.0022256962628445956
2.42,-0.011654448721298486,1.5031999254857065,-1.0052128371316515,-0.5409835393019935,-0.0007425424757957586,3.2350391617457565e-05,-0.2702549268344649,0.07336972860998076,0.12876144522053198,0.03129911915523683,-0.026196634621921233,-0.0003458089373214578,0.04036120132838177,0.09337386063576798,0.32143756562794745,0.07784417651246467,0.0007129931432348913,-0.0459460787611256,-1.3513778672440737,-3.6312364897004863,-3.9120531675429793,-0.8637698783387513,-0.1309145598282229,-0.002202034605159548
2.43,-0.01433409295685607,1.5039399774059456,-1.0039083528958013,-0.5406663648471239,-0.0010022967489974597,2.8907064387160527e-05,-0.26796442355575845,0.07400519202392301,0.13044842358501996,0.03171744548695973,-0.02597542732017012,-0.0003443327230297038,0.3262123758030865,0.052420387505159705,0.23116497992708737,0.06318219909067269,0.020294312777930923,-0.044442918573985746,-1.31599227785728,-3.6553471880844848,-3.9162340899575288,-0.8658113144295623,-0.12745622868775916,-0.002166144043404837
2.44,-0.016970866307030846,1.5046821147654783,-1.0025936831086113,-0.5403466548427249,-0.001257906798672891,2.550296585614166e-05,-0.26367733501747775,0.07421373595327367,0.13146697871899193,0.03197100043989578,-0.02556100496754314,-0.0003404098531018867,0.6102344972639906,0.01076356707164024,0.1395070383363495,0.04809078856408794,0.039156554416751366,-0.04317236017170761,-1.2706667910131357,-3.6817067634748035,-3.9239658567408195,-0.8687304757557637,-0.12304032139767206,-0.0021184615989400754
2.45,-0.019545066874815498,1.505422024965313,-1.001275584047123,-0.5400260766182255,-0.0015074700348570145,2.2161943409992904e-05,-0.25742005677846513,0.07399101998347447,0.1318099061488188,0.03205782244993375,-0.024956323618412345,-0.0003341022446148753,0.8903729658034488,-0.031344600965960215,0.046931047503199534,0.03264545207976534,0.05717394571418888,-0.04213842849410088,-1.2157081028937147,-3.7101790623699835,-3.9352151750660003,-0.8725144434799604,-0.11769873079447242,-0.002059507631650606
2.46,-0.022037400973449903,1.5061553773326541,-0.9999608491995228,-0.539706308441327,-0.0017491271954215904,1.8907058016403785e-05,-0.2492334098634405,0.07333523673412704,0.13147348476002813,0.03197681768984803,-0.0241657160564576,-0.0003254885393589121,1.1645817268193177,-0.07365120437240834,-0.04608897472644728,0.016925705946798764,0.0742407013785229,-0.04133658014203645,-1.1514972069235687,-3.740621297440758,-3.949930370011847,-0.8771459851908083,-0.11147033349287404,-0.0019898797700080703
2.47,-0.024429125922519418,1.5068778483451946,-0.9986562740595758,-0.5393890307257083,-0.0019810758601243933,1.5760426808645357e-05,-0.23917249490695144,0.07224710125403787,0.1304575139946995,0.03172777156186998,-0.023194866470280264,-0.00031466312077584296,1.430838355986133,-0.11590432423537257,-0.13907474059642094,0.0010147479438434859,0.09027090844860997,-0.040753923560937544,-1.078487243550207,-3.7728849782376677,-3.9680415959637223,-0.8826036200680001,-0.10440072695103061,-0.0019102463711659168
2.48,-0.02670219028121025,1.5075851465731571,-0.9973686207360921,-0.5390759171713108,-0.0022015836137585947,1.2743076423049255e-05,-0.22730643586908314,0.07072982279626368,0.12876533234837098,0.0313113554397581,-0.02205077536342014,-0.00030173503855961023,1.6871595292177382,-0.1578548698552841,-0.23154619257127623,-0.015000935438024277,0.10519793642978659,-0.04036964703446744,-0.9972006917437635,-3.8068167276285503,-3.9894611543381657,-0.8888617023812413,-0.09654191028297833,-0.0018213396148039503
2.49,-0.028839370393207064,1.508273037171631,-0.9961045825684328,-0.5387686258860457,-0.002409000761423654,9.87480784845767e-06,-0.2137180111996813,0.06878905984739349,0.1264038167659334,0.030729128526503106,-0.02074171476650589,-0.0002868268574591585,1.931616725260345,-0.19925832136083965,-0.3230240475561075,-0.0310320264776085,0.1189734271666385,-0.040155640652184355,-0.9082259120572856,-3.8422589789789052,-4.014083918412497,-0.8958905239250321,-0.08795191102470933,-0.001723948334158688
2.5,-0.03082440210888226,1.5089373657662193,-0.9948707489418485,-0.5384687905387838,-0.002601772500431435,7.174073381114171e-06,-0.19850317156751987,0.06643285945882836,0.12338336265843541,0.029983534726186898,-0.019277173900778134,-0.00027007344673434983,2.1623519922687287,-0.2398763608682691,-0.4130323694928467,-0.046986896650864196,0.13156592872802442,-0.040077294198419766,-0.8122130604593806,-3.879050553735435,-4.041787864712473,-0.9036564358896769,-0.07869436069599192,-0.0016189106849953212
2.5100000000000002,-0.03264210655497321,1.5095740815870013,-0.9936735704979246,-0.5381780115941495,-0.0027784504557082507,4.657866117926798e-06,-0.18177044460909475,0.06367158207820012,0.11971784439238636,0.02907789446343427,-0.01766779552768158,-0.00025162072631873734,2.377593597399282,-0.27947837548069493,-0.501101153810164,-0.06277218678375318,0.1429592439729266,-0.040094449269029386,-0.709869401306392,-3.917027123609185,-4.072434708934644,-0.9121219905099586,-0.06883802259258714,-0.0015071067483047183
2.52,-0.03427850884053296,1.5101792597190384,-0.9925193249355387,-0.5378978476799394,-0.002937703488779088,2.3416222673825295e-06,-0.1636402285559753,0.06051781320370532,0.11542455623858489,0.028016391421007,-0.015925303307083707,-0.0002316243850544268,2.5756713704976812,-0.31784281820557925,-0.5867689065917291,-0.07829344221300305,0.153150567806577,-0.04016248089279584,-0.6019540565236974,-3.956021565830069,-4.105870642811935,-0.9212461026231931,-0.05845627578048481,-0.0013894511554326864
2.5300000000000002,-0.03572094862088809,1.510749122351848,-0.9914140835964667,-0.5376298071378903,-0.00307832769453189,2.3913641332853805e-07,-0.14424397803551292,0.05698626328097109,0.11052413390720502,0.026804054204914014,-0.014062420575280217,-0.00021024858540539913,2.7550315495765623,-0.35475841589096,-0.6695852008929304,-0.09345579684173577,0.16214848751948097,-0.040233481530540516,-0.4892722361039887,-3.995864223819515,-4.141927166737318,-0.9309842310182834,-0.047626559735293506,-0.0012668858154269752
2.54,-0.03695818148861188,1.5112800589251452,-0.990363679027085,-0.5373753398080253,-0.0031992555049476104,-1.6375102652222463e-06,-0.12372328677237837,0.05309365732969497,0.10504045693816053,0.02544673298649658,-0.01209278104157203,-0.00018766466785507843,2.914250936998621,-0.3900252164798281,-0.749113192423862,-0.10816469859702194,0.1699709182594269,-0.04025751857816662,-0.3726690022277162,-4.036383088978705,-4.180422011413305,-0.9412885791799991,-0.03642978446881806,-0.0011403728139402977
2.5500000000000003,-0.03798047022175139,1.5117686450833945,-0.9893736737034958,-0.5371358290959082,-0.003299563824818922,-3.278008933068757e-06,-0.102228873313951,0.048858615824939576,0.09900053235891763,0.023951071211709658,-0.010030831987131146,-0.0001640498667846511,3.0520501809590597,-0.42345547118177834,-0.8249320767971708,-0.12232666761384658,0.1766430409478339,-0.04018393536435738,-0.2530226255303887,-4.077403922013321,-4.22116014036876,-0.9521083147430126,-0.024949711306881613,-0.0010108875414253009
2.56,-0.03877966499404434,1.5122116603670501,-0.9884493301018544,-0.5369125843708208,-0.0033784811311236133,-4.673869413579755e-06,-0.07991947722929507,0.04430152836555947,0.09243436016413423,0.022324472508735985,-0.007891730630469104,-0.00013958604805109986,3.1673060066818244,-0.45487435048680347,-0.8966394707507211,-0.13585007737451837,0.18219530325322886,-0.03996266516305802,-0.13123759719062877,-4.11875033423297,-4.263934823950546,-0.9633898066841433,-0.013272309726322038,-0.0008794120960081539
2.57,-0.03934927173865274,1.512606104583454,-0.9875955822887446,-0.5367068337411657,-0.003435393475109231,-5.818454181390589e-06,-0.05696067446083995,0.039444421640395105,0.08537478131098243,0.02057506296551139,-0.005691234398561774,-0.00011445847678108333,3.2590622352616037,-0.48412049622108827,-0.9638537001607547,-0.14864594819332133,0.1866615360513908,-0.03954552785813714,-0.008237364542365833,-4.16024385052341,-4.308528774419771,-0.9750768790145516,-0.0014850958261764388,-0.0007469289937606618
2.58,-0.039684507954809004,1.5129492128149833,-0.9868170091981548,-0.5365197172512843,-0.003469849334211447,-6.707000402562617e-06,-0.03352362161562631,0.03431082315292489,0.07785730905897577,0.018711648988131598,-0.003445585910221559,-8.885462211720282e-05,3.326539444727887,-0.511046414988768,-1.0262159782773834,-0.16062874179085895,0.19007722866227184,-0.0388874796395311,0.11504313918196199,-4.201703976167897,-4.354715331113155,-0.9871110795005391,0.01032354189777851,-0.0006144152065426986
2.59,-0.03978234535430499,1.513238469035873,-0.9861178097520362,-0.5363522805413957,-0.003481563269586569,-7.336630441028901e-06,-0.009783739949598948,0.02892562208896066,0.06991994461186529,0.016743670988863577,-0.0011713935375122137,-6.296300384662842e-05,3.369143147030752,-0.5355187212883861,-1.083392458418108,-0.1717171453100459,0.19247799657584785,-0.03794778741339577,0.23766509856123566,-4.242948289396046,-4.402259684306341,-0.9994319617544045,0.022065023778907383,-0.00048283653558344836
2.6,-0.039641538860401004,1.513471618321996,-0.9855017799706356,-0.5362054690095155,-0.0034704183541964012,-7.706351281633915e-06,0.014080649390398523,0.02331492861231491,0.061602978140062846,0.014681153188024182,0.0011144915390167592,-3.697208406050149e-05,3.3864703755594117,-0.5574182412609627,-1.1350761463336192,-0.18183483301109327,0.1938982658570616,-0.03669110147339083,0.35869347995470385,-4.283792580493711,-4.450920126456078,-1.0119773789040905,0.03365126154258925,-0.00035314231791120287
2.61,-0.039262641593845946,1.5136466776495285,-0.9849722922068994,-0.5360801225110473,-0.003436467345942748,-7.817043334508785e-06,0.03788972665550591,0.017505932753244576,0.052948776373613775,0.012534649846813559,0.003395100825365353,-1.1069205287486908e-05,3.378314599790546,-0.5766399903656285,-1.1809886586016187,-0.1909111940039363,0.1943701894049621,-0.03508840235913491,0.47720468270102434,-4.324051056571567,-4.500449319901415,-1.024683786977322,0.04499533662705098,-0.00022626045298824418
2.62,-0.038648005607599054,1.5137619452887034,-0.9845322766263331,-0.5359769706282693,-0.0033799325902072064,-7.671439084170939e-06,0.06146359862468924,0.0115267639174951,0.04400155805662379,0.010315188277794237,0.005653475573554157,1.4560425033784657e-05,3.344668906048989,-0.5930930402247105,-1.2208818146785596,-0.19888201480821444,0.19392280209756763,-0.033117800679629994,0.5922941055213795,-4.363536628737015,-4.550595570848435,-1.0374865561232522,0.05601216881070452,-0.00010309272876631172
2.63,-0.03780176826185409,1.513816008807642,-0.984184205039902,-0.5358966285382122,-0.0033012046462063097,-7.274092031332996e-06,0.08462373457449625,0.005406351893858614,0.034807158643108495,0.008034209005709256,0.00787279440008966,3.9734705283794274e-05,3.285727405517049,-0.6067002913981099,-1.2545390516365484,-0.2056901061752754,0.1925814148704088,-0.030765171960808857,0.703083557830452,-4.4020612955358684,-4.601104100507965,-1.0503202878388453,0.0666191698570368,1.5489579906137366e-05
2.64,-0.036729824262465155,1.5138077517084374,-0.983930077182997,-0.5358395935034784,-0.003200839641720755,-6.631336348108988e-06,0.1071943999388939,-0.0008257099204645492,0.025412785690507818,0.005703503473373206,0.010036500448555457,6.427556832240075e-05,3.201884852009865,-0.6173981698992818,-1.2817766521025913,-0.21128586451371234,0.19036724213292366,-0.02802461222569308,0.8087284480039286,-4.439436633230325,-4.6517183055429,-1.0631191364608732,0.07673687707810542,0.00012864987184834276
2.65,-0.03543978351731914,1.5137363587232335,-0.9837714095182984,-0.5358062420064265,-0.0030795553709019874,-5.75123763063622e-06,0.12900407451460125,-0.007139298520389369,0.01586676646985693,0.0033351497051973596,0.01212842708187677,8.800987174727683e-05,3.0937344722095794,-0.6251362658340204,-1.3024447774810486,-0.21562775936653455,0.18729725269766817,-0.024898703951328205,0.9084246835086145,-4.475474399869827,-4.702181001439084,-1.075817133316467,0.08628956192902296,0.000235590172535461
2.66,-0.0339409150951609,1.5136013198019738,-0.9837092266246953,-0.535796827542883,-0.0029382261599064634,-4.643535089907951e-06,0.14988684221582424,-0.013503892125987137,0.006218289360319946,0.0009414463543420898,0.014132921099552416,0.00011077025407282685,2.962064029700332,-0.6298769326221254,-1.3164283001502657,-0.2186827396839277,0.18338423156111006,-0.02139858622420876,1.0014152210818403,-4.5099872563072685,-4.752235643958576,-1.0883485120820142,0.0952058089737369,0.00033555491294651164
2.67,-0.03224407769854251,1.513402432825841,-0.9837440552183938,-0.5358114790871985,-0.0027778765349705265,-3.3195754748535535e-06,0.16968373966183936,-0.019888697613268298,-0.0034828593698503444,-0.0014651544315508087,0.016034962493593673,0.00013239596150543974,2.807850161090014,-0.631594864856108,-1.3236474299736116,-0.22042655304224557,0.17863703829954147,-0.01754382719440728,1.0869962087815137,-4.542789603430977,-4.801627525379594,-1.1006480340665667,0.10341906080405332,0.00042783456560691827
2.68,-0.030361637185755394,1.5131398050812606,-0.9838759208361326,-0.5358502002360649,-0.002599673737137086,-1.792238974558319e-06,0.1882440512787116,-0.026262774458052585,-0.013186561773885302,-0.003872114886638159,0.01782027978334407,0.00015273365002952346,2.6322510376798283,-0.6302766719781312,-1.3240581321019567,-0.2208439735251746,0.17306104733455996,-0.013362101282383243,1.1645226656681102,-4.573698531036273,-4.8501049436850066,-1.1126513122957304,0.11086812474803776,0.000511769165108016
2.69,-0.0283073717947535,1.5128138535287996,-0.9841043471941415,-0.5359128690341218,-0.0024049191371066855,-7.585730214467884e-08,0.20542653910018943,-0.03259515524609246,-0.02284263580089129,-0.006266879805695063,0.01947546000304006,0.000171638167241364,2.4365974196130162,-0.6259204636487996,-1.3176523346965983,-0.21992893552720272,0.16665875559532317,-0.008888677859344885,1.2334136490990526,-4.602534870057599,-4.897420344148823,-1.1242951334101785,0.11749763747124971,0.0005867517345838888
2.7,-0.026096365834241103,1.5124253038995525,-0.9844283582202871,-0.535999238480024,-0.0021950386125447565,1.8138758756640526e-06,0.22110059605123955,-0.0388549629247059,-0.03240110261455737,-0.00863694459021399,0.020988052456192903,0.00018897331778087314,2.2223821813660054,-0.6185354609781959,-1.3044579267939909,-0.2176845723873413,0.15943054384848843,-0.004165732274118872,1.293156864109129,-4.629124336423427,-4.943331433813625,-1.135517776495537,0.12325848385686577,0.000652231632337006
2.71,-0.02374489271242929,1.5119751886488069,-0.9848464827408703,-0.5361089377073716,-0.001971571958575065,3.860002029001275e-06,0.23514731218118123,-0.045011525074571734,-0.0418124520583195,-0.010969922734754863,0.022346665396969168,0.0002046126153337222,1.9912483980821407,-0.6081416457443388,-1.2845385481068776,-0.21412316030666645,0.15137557884359687,0.0007585060301429358,1.3433126741296757,-4.65329875167317,-4.987602270092585,-1.1462593280167657,0.1281081668519069,0.0007077178243399423
2.72,-0.021270288271684586,1.5114648437931806,-0.9853567617879048,-0.5362414738307568,-0.001736161410073488,6.044402259340516e-06,0.24746044407447035,-0.051034485562620684,-0.051027904703447646,-0.013253612338524788,0.0235410548501577,0.00021844002303392405,1.7449760918966402,-0.5947694573923612,-1.2579931740459709,-0.20926596956214105,0.1424928440933293,0.005830749981985406,1.3835174773898014,-4.674897322768021,-5.030004325125007,-1.1564619920327597,0.1320111252906763,0.0007527820790522013
2.73,-0.01869081548667863,1.5108959046532175,-0.9859567584775321,-0.5363962344431826,-0.0014905393616975956,8.347909086607845e-06,0.25794727850059557,-0.05689391399630409,-0.059999668962724614,-0.015476061242577232,0.024562204837589235,0.00023035068272673294,1.4854677463883073,-0.5784595450599993,-1.2249555006818063,-0.20314302642099147,0.13278228726297847,0.010993774449435056,1.413486418776985,-4.693767961304979,-5.07031752754216,-1.1660703948125466,0.13493899705758056,0.0007870620712553912
2.74,-0.01602552166400706,1.5102703005188702,-0.9866435703956272,-0.5365724907472977,-0.0012365153783005004,1.0750425406583844e-05,0.2665293822671571,-0.06256041343473163,-0.06868119180951457,-0.017625630411511932,0.025402398339709524,0.0002402516319976,1.2147327059382,-0.5592625791743892,-1.1855931357042109,-0.19579279049634302,0.12224607154054912,0.01618763472878204,1.4330154127443349,-4.709768620660317,-5.108331282959465,-1.175031882864443,0.1368708253340326,0.0008102643718157689
2.75,-0.013294089351899827,1.5095902482506431,-0.9874138444127173,-0.5367694012992947,-0.0009759625944383416,1.3231050468443283e-05,0.27314323121072315,-0.06800522682270298,-0.0770274017090023,-0.01969105519970432,0.02605527838621588,0.00024806250618594387,0.9348705853679128,-0.537239124390196,-1.1401066026858835,-0.18726175343675333,0.11088991678842941,0.021350957585498764,1.4419824590636008,-4.722768628486295,-5.1438454738217185,-1.1832968132294999,0.1377932060917116,0.0008221672908196186
2.7600000000000002,-0.010516682228914458,1.508858244824647,-0.9882637938371587,-0.5369860163409498,-0.0007108036070464186,1.576821267684148e-05,0.2777407122985369,-0.07320034259961485,-0.08499494244414403,-0.021661504165502866,0.026515898739192294,0.0002537162208398197,0.6480538239864223,-0.5124595728586209,-1.0887281671087161,-0.1776039658412758,0.0987245136555579,0.026422276848518444,1.4403482398485676,-4.732649991489013,-5.1766714382311525,-1.1908188346905977,0.13770037544946095,0.0008226235327680862
2.77,-0.00771378728970188,1.5080770588256736,-0.9891892178031807,-0.5372212826921707,-0.0004429959699857726,1.8339808959739824e-05,0.28028949392125774,-0.07811859989733741,-0.0925423966022068,-0.023526635122099744,0.0267807637060646,0.0002571596282898344,0.3565095272245122,-0.48500413410255555,-1.0317204936458175,-0.16688050014299094,0.0857669901596636,0.031341384484978585,1.4281559933049957,-4.739308649534742,-5.206632926142015,-1.197555158322195,0.13659423600430573,0.0008115626148126999
2.7800000000000002,-0.004906054683370095,1.507249720888866,-0.990185522778956,-0.5374740491735756,-0.00017451740300529923,2.092335036265698e-05,0.2807732606331785,-0.08273379368076508,-0.09963049757753514,-0.02527664814048155,0.026847856698047335,0.00025835414029171545,0.06250074840477295,-0.45496287519499723,-0.9693751451278934,-0.15515885784052408,0.07204240560376934,0.036050667595432254,1.4055306670682175,-4.742655656859016,-5.233567029884415,-1.203466815569554,0.13448432177722477,0.0007889929926708971
2.79,-0.00211413658495779,1.5063795130878284,-0.9912477460693675,-0.5377430725260519,9.264916932175685e-05,2.349611343336421e-05,0.2791918098412305,-0.08702078010375597,-0.10622232904114627,-0.026902335247631925,0.02671665723270561,0.00025727630707072293,-0.23169262722363076,-0.4224358025571655,-0.9020109344278823,-0.1425123299621358,0.05758524131674203,0.040496401838748086,1.372677361706226,-4.742618269461339,-5.2573250844691835,-1.20851890181852,0.1313877019779433,0.0007550038341447758
2.8000000000000003,0.0006414735075931542,1.5054699572652888,-0.9923705811786354,-0.538027023791968,0.0003565306309909003,2.6035296849975828e-05,0.2755610092550944,-0.09095558225396971,-0.11228351092678851,-0.02839512659160783,0.026388146166914345,0.0002539183416611618,-0.5237932244828571,-0.3875329745664987,-0.8299721411977495,-0.12901931995412896,0.04244085187112345,0.044629972430131504,1.3298790829031273,-4.73914091961394,-5.277773531616173,-1.212680803216641,0.1273288243842939,0.0007097663772825129
2.81,0.003340599660419546,1.5045248023018334,-0.9935484048894856,-0.538324495120707,0.0006151786213798477,2.851818262228137e-05,0.26991261528263916,-0.09451549634553677,-0.11778237108501692,-0.029747132873899795,0.025864799038894742,0.0002482885772305542,-0.8115455653798886,-0.3503746323445887,-0.7536266059631109,-0.11476263834088041,0.02666683453418761,0.04840899501039875,1.2774938288729993,-4.7321860607339445,-5.294794740033189,-1.2159264043518612,0.12233929974242842,0.0006535348093139166
2.82,0.005963539200209323,1.5035480103189163,-0.9947753059080915,-0.5386340069594902,0.0008666842963303025,3.09223010639467e-05,0.26229395397897776,-0.09767919829171716,-0.1226901018605848,-0.030951183878317745,0.025150567495045476,0.00024041184416653295,-1.0927353120180419,-0.3110913346183447,-0.6733637145365219,-0.09982877852395466,0.010334269195004353,0.05179831035676441,1.21595104753785,-4.721734868585285,-5.308287773241125,-1.2182342743028773,0.11645762921400214,0.0005866466036375544
2.83,0.008491213876418284,1.5025437418143743,-0.996045114917621,-0.5389540155890323,0.0011091927851171232,3.322559859528721e-05,0.252767467620896,-0.10042685045419994,-0.12698090095295778,-0.032000862954216766,0.024250848878682067,0.00023032975313405112,-1.365208168949417,-0.26982408145035036,-0.589592286048384,-0.08430718294774708,-0.006471223629231915,0.054770829049524794,1.1457475057620137,-4.707787787796196,-5.318169095272066,-1.2195878285588404,0.10972887751313012,0.0005095222553463529
2.84,0.010905315191059991,1.5015163397321234,-0.9973514358778618,-0.539282920962432,0.0013409172267475435,3.5406607296509074e-05,0.24141013146417062,-0.10274020822509165,-0.1306320960240796,-0.03289053733996739,0.02317244416304205,0.0002181008701221865,-1.626888243538084,-0.22672441093454568,-0.5027383781139088,-0.06828950862461891,-0.02364866237794594,0.05730820481440091,1.0674426202785208,-4.690364915894132,-5.324373203928578,-1.2199754643752811,0.10220429497574159,0.00042266436099519696
2.85,0.013188442658338437,1.5004703124725665,-0.9986876784040691,-0.5396190748048315,0.001560152271939909,3.744461499375697e-05,0.22831274672784466,-0.10460272595568697,-0.13362425262073502,-0.03361538423995179,0.021923504519236532,0.00020380076972479008,-1.8757956604328614,-0.1819544526668381,-0.4132430227613318,-0.05186890065315497,-0.04108117870369021,0.059401318291883554,0.9816533066708242,-4.6695062203585245,-5.326853181032321,-1.2193906672925061,0.09394089237233158,0.0003266559954177659
2.86,0.01532423383145072,1.4994103158565009,-1.0000470910548709,-0.5399607889307801,0.001765286941141552,3.931983452933396e-05,0.2135791173112284,-0.10599966160655186,-0.13594126508017085,-0.0341714125948586,0.020513466920164314,0.00018752195355769836,-2.1100632269998,-0.13568692192731674,-0.3215599067452472,-0.035139281920406606,-0.058635842631769464,0.06105055642949053,0.8890484086854562,-4.645271587455497,-5.325581149238317,-1.2178320867923067,0.085000972797124,0.00022215834721279267
2.87,0.017297485023020778,1.4983411340629014,-1.0014227953567338,-0.540306343735885,0.001954816734065583,4.101357074748603e-05,0.19732511915700568,-0.10691817935994186,-0.1375704301863055,-0.03455548051049305,0.018952979292403062,0.00016937362181520713,-2.327951951108599,-0.08810503904518176,-0.22815300976387387,-0.018194666648708835,-0.07616389136079427,0.062265876520069874,0.7903427750573866,-4.617740704731379,-5.320548625554267,-1.2153035794029032,0.07545162542788904,0.00010990758481530633
2.88,0.01909426174797459,1.497267659569785,-1.0028078203911261,-0.5406539968192309,0.0021273548924465903,4.2508383622536813e-05,0.17967767249538122,-0.10734744931163756,-0.1385025034392407,-0.034765308334582974,0.017253815838100723,0.00014948128750507842,-2.5278652214752215,-0.039402359344648,-0.13349421389830363,-0.0011285048408239406,-0.09350140812095198,0.06306664810353446,0.6862910547585894,-4.587012781895832,-5.311766762667682,-1.2118142179703726,0.06536418633770018,-9.289063422484927e-06
2.89,0.020701998032035693,1.4961948721373033,-1.0041951377700493,-0.5410019916931714,0.002281642725006653,4.378824587109791e-05,0.16077362840611034,-0.10727874324816436,-0.13873173789231696,-0.03479948739405413,0.015428783256006304,0.0001279862248561099,-2.7083614741746924,0.010217499637325718,-0.03806089729290457,0.01596693596053992,-0.1104704882324068,0.06348127047362562,0.5776812839894727,-4.553206117324769,-5.299266470510872,-1.207378266282356,0.05481367184123289,-0.00013455801929086156
2.9,0.022109583853872395,1.4951278168831028,-1.005577696826031,-0.5413485665374398,0.0024165589119354625,4.48386933284305e-05,0.14075858218367016,-0.1067055254200376,-0.13825590559817244,-0.0346574844268403,0.013491618692880937,0.00010504474573325883,-2.868165187117756,0.0605412453396339,0.05766647526876465,0.03300114594233711,-0.12688091736003848,0.06354656834442984,0.46532833921754635,-4.516457519481904,-5.283098412130377,-1.202015118738438,0.04387819006465332,-0.00026496484604850005
2.91,0.023307440122404058,1.4940715815116554,-1.0069484598439087,-0.5416919629550643,0.0025311277154488783,4.564696633420878e-05,0.11978562685316646,-0.10562353714473142,-0.1370763017877664,-0.03433964176245081,0.011456880351341556,8.082730057782816e-05,-3.006176067198669,0.11134642152343352,0.15320675269573272,0.04988590040083274,-0.14253237218608206,0.06330697329608759,0.3500673300672077,-4.476921594141418,-5.263332869802973,-1.1957492052904284,0.032638336533478196,-0.000399520498841044
2.92,0.024287580730715293,1.4930312727714885,-1.008300437163747,-0.5420304346883058,0.002624526033102639,4.6202140367774705e-05,0.09801406083112371,-0.10403087401668108,-0.13519773198382498,-0.033847173324153094,0.009339831765376068,5.5517403356592664e-05,-3.1214763222126396,0.16240205134619748,0.24808047714369705,0.06653573513838329,-0.15721713669911352,0.06281350383682804,0.23274700386785416,-4.434769909365268,-5.2400594793736825,-1.1886098624032124,0.021176579574180815,-0.0005371882987842073
2.93,0.02504366137202381,1.4920119922268134,-1.0096267219869712,-0.5423622562537326,0.002696089241382765,4.649524419963338e-05,0.07560806413085157,-0.10192805446752358,-0.13262848232243696,-0.03318215654267971,0.0071563208280126045,2.9310383185867712e-05,-3.213335941025169,0.21346941734392666,0.3418122316715236,0.08286836666617181,-0.1707233086147255,0.06212256221305923,0.11422323021488975,-4.3901900507473535,-5.213386832895416,-1.1806311712913804,0.009576641223416144,-0.0006768915823803223
2.94,0.02557101494859807,1.4910188114427214,-1.0109205247212054,-0.5426857314566008,0.0027453157885302592,4.651936388580453e-05,0.052735357657426124,-0.09931807840920184,-0.12938027342342887,-0.03234752028682479,0.004922654714749427,2.411968617114689e-06,-3.2812159401400613,0.26430298095822324,0.43393294550163175,0.09880505487812963,-0.18283845078513572,0.061294571354948424,-0.004647370917505126,-4.343384579510747,-5.1834419517372154,-1.171851765148708,-0.002077120862086508,-0.0008175219656684661
2.95,0.02586667354870459,1.490056746695659,-1.0121752067033216,-0.5429992017459018,0.0027718705074244523,4.626973102525439e-05,0.029565860010651722,-0.09620647470624541,-0.12546819821162716,-0.03134702893009756,0.002655471889419318,-2.496328605501441e-05,-3.32476957183373,0.3146514415971057,0.5239821470341307,0.114270906816766,-0.19335362264551925,0.06039248040385381,-0.12301360000933884,-4.294569905687234,-5.150369634315249,-1.1623146074897033,-0.013700325293786751,-0.0009579481511263895
2.96,0.02592937710682738,1.4891307333330412,-1.0133843131447935,-0.5433010543727492,0.0027755866314703075,4.574379382763427e-05,0.006270355812279194,-0.09260133626175515,-0.12091064414717842,-0.030185262684743763,0.00037161240458552123,-5.259371976201234e-05,-3.34384152730267,0.36425893252006614,0.6115101554441246,0.12919512111828046,-0.2020677076742743,0.059480171976710405,-0.24003559734102417,-4.243975087896414,-5.114331684413865,-1.1520667440516117,-0.025209167808392805,-0.001097025195064568
2.97,0.025759568995847994,1.4882455999174,-1.014541605148532,-0.5435897303161986,0.00275646650862246,4.4941269697694315e-05,-0.01698081109793864,-0.08851334156411407,-0.11572920037384968,-0.028867594344934022,-0.0019120122847847637,-8.025241299399525e-05,-3.3384652065617,0.41286634814337303,0.6960802023874687,0.14351117370804278,-0.20879193542621088,0.0586208085053741,-0.35489046829800497,-4.191840570267076,-5.075506027642253,-1.1411590309526232,-0.03652100670210809,-0.0012336041442556117
2.98,0.02535937892405974,1.4874060423011248,-1.0156410906519302,-0.5438637319420961,0.0027146810207390034,4.386417823187834e-05,-0.04001900717882552,-0.08395576162751699,-0.10994855033981234,-0.027400162589756173,-0.004178548788345678,-0.000107709146581598,-3.3088581638137144,0.46021279472013304,0.7772704760425204,0.15715694632688537,-0.21335448183344674,0.05787515842933777,-0.46677758050995344,-4.138416865909298,-5.034085724870346,-1.1296458419634736,-0.04755492893799568,-0.0013665419429635093
2.99,0.02473259362251716,1.4866165977874457,-1.016677054156791,-0.5441216303621351,0.002650567727197382,4.251685373875513e-05,-0.06267853015425813,-0.07894445136790554,-0.10359635048608226,-0.02578984200389329,-0.006411329354162115,-0.00013473244931232087,-3.2554158713323043,0.5060371538125714,0.8546760804143523,0.17007480045763046,-0.21560502000119364,0.05729994555889428,-0.5749235074103214,-4.0839631951583275,-4.990277892478646,-1.1175847578258378,-0.05823229354191959,-0.0014947115054730715
3.0,0.023884615907327263,1.4858816195415931,-1.0176440851131292,-0.5443620724619308,0.0025646277629360363,4.09059366343493e-05,-0.08479777151898966,-0.07349782458526351,-0.0967030956338124,-0.024044209979570713,-0.008593996426134565,-0.00016109171044058305,-3.178703975251718,0.5500797455841698,0.9279109035155813,0.18221160020662985,-0.2154190863476959,0.056946266344940266,-0.6785866015071158,-4.028746085671844,-4.94430253993061,-1.1050362405468912,-0.06847724943545411,-0.0016170118447291918
3.0100000000000002,0.022822412785518765,1.4852052514228777,-1.0185371048304634,-0.544583787568607,0.002457521531634372,3.9040343321686665e-05,-0.10622031218084972,-0.06763681187154172,-0.08930197173341578,-0.022171510667627025,-0.01071062313016639,-0.0001865593312662631,-3.07944924184741,0.5920840767426852,0.9966093886994628,0.19351868862688892,-0.21270212422955304,0.05685811995836554,-0.7770611890757225,-3.9730379404623957,-4.896391335541969,-1.0920632955241678,-0.0782172253819063,-0.00173237814480322
3.02,0.02155445334099794,1.4845914034135923,-1.0193513917971275,-0.5447855937300923,0.0023300632444550494,3.693121443601345e-05,-0.1267959444520826,-0.06138480092854045,-0.08142869666641508,-0.020180616148523352,-0.01274582871793227,-0.00021091288856732142,-2.958529411887176,0.631798655992702,1.0604282040564508,0.20395182284238356,-0.20739306950273573,0.05707109484944661,-0.8696813858506129,-3.917115579159518,-4.846786311401046,-1.0787311242199944,-0.0873833902262393,-0.0018397916636038838
3.0300000000000002,0.020090637188249025,1.4840437278239988,-1.0200826052952825,-0.5449664035800516,0.0021832143635159935,3.459184161784342e-05,-0.1463816152748913,-0.05476755895935614,-0.07312134981549932,-0.01808098499592624,-0.014684888093905574,-0.00023393728181700293,-2.816962192653002,0.6689788581487305,1.119047805372127,0.21347107411633193,-0.19946734993688864,0.05761125276097401,-0.9558245403601108,-3.861258757273816,-4.795738518224758,-1.0651067699244054,-0.09591108207487879,-0.0019382893525141485
3.04,0.018442214315836918,1.4835655964541206,-1.0207268072066826,-0.545125229764115,0.002018076016933839,3.2037573259660666e-05,-0.1648422872412107,-0.047813136987839136,-0.06442019114000552,-0.015882618406354188,-0.016513834658215445,-0.0002554268358182755,-2.6558936217610936,0.7033888166337896,1.172173888682724,0.22204069969897944,-0.1889391829469087,0.05849424698744121,-1.0349143176026794,-3.80574866800566,-4.7435066405610335,-1.0512587589341311,-0.10374020547283992,-0.0020269730814141537
3.0500000000000003,0.01662169715993342,1.4831600788925203,-1.021280481911818,-0.5452611899048004,0.0018358804588173403,2.9285699953113338e-05,-0.18205171559034988,-0.04055175616003086,-0.0553674705135315,-0.013596014068543058,-0.018219555811649874,-0.0002751873306547328,-2.4765860337476138,0.7348033229762538,1.2195387289537667,0.22962899377908208,-0.17586307339531793,0.05972470603984248,-1.1064234406295534,-3.750866431206628,-4.690355582221642,-1.0372567392480603,-0.11081559598178548,-0.002105018360782109
3.06,0.014642765751047216,1.4828299221296521,-1.0217405541928002,-0.5453735110842589,0.0016379816529551545,2.635532063632865e-05,-0.19789314088862017,-0.03301567628681889,-0.04600722809821114,-0.011232117945844416,-0.019789880586218583,-0.00029303793167846897,-2.2804058496749064,0.7630097111239706,1.2609024018118364,0.23620812529288315,-0.16033443471494202,0.061295906923775734,-1.1698761111466534,-3.696891574440832,-4.636555031202578,-1.0231711186502779,-0.11708735183513537,-0.0021716824571789196
3.0700000000000003,0.012520166766397764,1.4825775316587018,-1.0221044050582697,-0.5454615338257036,0.0014258450631390467,2.3267190700261957e-05,-0.21225989846494525,-0.025239047095044414,-0.03638508654695986,-0.008802274144475757,-0.021213658981610765,-0.00030881299360666916,-2.068811392208961,0.7878097039406636,1.2960538856178376,0.24175397047430636,-0.14248928156694518,0.0631897541466151,-1.2248501323962928,-3.644100511662925,-4.582378012674699,-1.0090727038328802,-0.12251113254020865,-0.0022263118043421987
3.08,0.01026960729785115,1.4824049542300817,-1.0223698854166832,-0.5455247155561038,0.001201036736126881,2.004355355385021e-05,-0.2250559468546613,-0.017257742862013883,-0.02654803584133838,-0.0063181730400188214,-0.02248083270121657,-0.0003223637146411748,-1.8433409045058324,0.8090211991306085,1.3248120414350135,0.24624594805345712,-0.12250296978077202,0.06537707158235051,-1.2709787582954868,-3.5927650257707304,-4.5280994379528146,-0.9950323420124972,-0.12704842441131695,-0.0022683486192635843
3.09,0.007907644113278819,1.4823138624169534,-1.0225353275325748,-0.5455626335344492,0.0009652117652470074,1.6707957365771936e-05,-0.23619631845723316,-0.009109181312816435,-0.016544211589165275,-0.00379179783454562,-0.023582497087987365,-0.0003335596188078273,-1.6056009218779324,0.8264799720604289,1.3470264686512317,0.2496668647550191,-0.10058798839931171,0.06781820476578804,-1.307952292112644,-3.5431507621318294,-4.4739946567184585,-0.9811205663246286,-0.1306667730540457,-0.0022973366409215715
3.1,0.005451569150090799,1.4823055411383723,-1.0225995542088067,-0.5455749872316232,0.0007201022236713319,1.3285058892026452e-05,-0.24560749631880197,-0.0008321278581171297,-0.006422667623189885,-0.00123536971739659,-0.024510954157567544,-0.0003422898473745483,-1.357255111875478,0.8400412735024778,1.3625782341380424,0.2520027783204286,-0.076990838199408,0.0704639213957472,-1.3355194559285608,-3.495515741049553,-4.420338019213057,-0.9674072461438653,-0.133339982785547,-0.002312925918712102
3.11,0.0029192919361507737,1.4823808762739785,-1.0225618856464114,-0.5455616001496656,0.0004675046565548301,9.800416460218678e-06,-0.2532277213940025,0.007533513560626868,0.0037668562395250012,0.0013387081957612827,-0.02525975671165018,-0.0003484642431807775,-1.100013662572487,0.8495813012060924,1.3713804729000407,0.25324288457747635,-0.05198805993913247,0.07325658819276948,-1.3534885488691675,-3.4501088979490895,-4.36740145465805,-0.9539612433785857,-0.13504828287768034,-0.0023148765879825355
3.12,0.0003292195879434287,1.4825403454897184,-1.0224221439424317,-0.5455224210699834,0.0002092672206864915,6.280274310982039e-06,-0.2590072348207345,0.015946921573975432,0.013974170397973025,0.003917907968223069,-0.02582374358683386,-0.0003520142149236639,-0.8356232620420451,0.8549985253938799,1.3733788581643858,0.25337943424862974,-0.02588150273745793,0.07613159316161111,-1.3617284077785505,-3.4071686607607408,-4.315453071810632,-0.9408500757262285,-0.13577846036138053,-0.0023030615813498323
3.13,-0.0022998650087026097,1.4827840113779922,-1.0221806551951709,-0.5454575247218797,-5.2723440838629615e-05,2.751340592743433e-06,-0.26290845966460386,0.024366588827387674,0.024148874726089904,0.0064896348103684175,-0.02619906615251211,-0.0003528933718238606,-0.5658576758218634,0.8562148497688488,1.3685519388337435,0.25240768406447245,0.0010070526075960373,0.07901897413077433,-1.3601691788220176,-3.366921574497302,-4.264755787332826,-0.9281395878483071,-0.1355239589462081,-0.0022774682365844035
3.14,-0.0049489262714511855,1.483111516998086,-1.021838249195518,-0.5453671118646445,-0.0003165555029920166,-7.594386328766861e-07,-0.26490612627485755,0.032750562009371965,0.03424059996528147,0.009041285723515856,-0.026383206215338698,-0.0003510779225620119,-0.29250889514395073,0.8531765913764714,1.3569113421461951,0.2503258855703887,0.028341779810138856,0.08184520751859717,-1.3488029027042654,-3.3295809833241767,-4.215565987532515,-0.9158936314294623,-0.1342849434050654,-0.0022381987746719137
3.15,-0.007598799720134891,1.4835220838839054,-1.0213962566925163,-0.5452515087783921,-0.0005803053581729862,-4.225106991521421e-06,-0.2649873448683705,0.04105668858195149,0.044199250300177954,0.011560308625232978,-0.026374985518096958,-0.0003465668358644734,-0.01737879824342131,0.8458552646781105,1.338501839317281,0.24713531359417473,0.055779050896371675,0.08453510591230345,-1.3276839100158673,-3.2953457804796216,-4.16813222901542,-0.9041737551175996,-0.13206832856811707,-0.002185469635118188
3.16,-0.010230316002716847,1.4840145125661353,-1.0208565042311168,-0.5451111661608607,-0.000842051028558039,-7.618924627088162e-06,-0.26315162825819566,0.04924286822299481,0.05397524613995324,0.014034261753133288,-0.026174567038505278,-0.0003393817635566742,0.25772875858941013,0.8342481574270402,1.3134012718629302,0.24284033490654622,0.0829738743540458,0.08701376944819172,-1.2969290169590624,-3.2643992362110135,-4.12269398384645,-0.8930389053965635,-0.12888777188013442,-0.0021196096695126274
3.17,-0.012824424670820787,1.4845871856351833,-1.0202213065701269,-0.5449466574295204,-0.0010998855115611232,-1.091459192941938e-05,-0.259410866810394,0.05726730690481138,0.06351976609899358,0.016450873134033973,-0.025783448300308414,-0.00032956673023312185,0.5310155233859912,0.8183786883696019,1.2817203362687872,0.23744851606446638,0.109586358385513,0.08920853431476095,-1.2567175056366953,-3.236907913462863,-4.079480434932193,-0.882545139512543,-0.12476362831960272,-0.0020410572086681737
3.18,-0.015362317238761039,1.4852380733499042,-1.0194934566987126,-0.5447586764305812,-0.001351929980631817,-1.4086467898017019e-05,-0.2537892567940252,0.06508877147208006,0.0727849871414193,0.018798099893919104,-0.02520444690706938,-0.00031718759685976373,0.8006962207639856,0.7982965393915847,1.2436022246890743,0.2309707678982429,0.13528802958847796,0.0910508620066911,-1.2072908675009184,-3.213020680407436,-4.038709327472734,-0.8727453516530861,-0.11972286637277728,-0.0019503560331423898
3.19,-0.017825549062098746,1.4859647417753628,-1.0186762134804654,-0.5445480345588641,-0.0015963467656401557,-1.7109780983810745e-05,-0.2463231823337707,0.07266684254585278,0.08172432182470567,0.0210641871717068,-0.024441678500833848,-0.0003023313085793728,1.0650058368273285,0.7740775574602099,1.1992221194498993,0.22342152261982218,0.15976784250063414,0.09247811521809712,-1.148952283725797,-3.1928678280883838,-4.000585882458528,-0.8636890136561098,-0.11379894371645273,-0.001848150291421347
3.2,-0.020196159564427822,1.4867643634110623,-1.0177732869649716,-0.5443156572949973,-0.0018313520389992423,-1.996083038074638e-05,-0.23706105023290744,0.07996216356996289,0.09029265154937692,0.02323772638667887,-0.02350052733590867,-0.00028510493969356336,1.322206938609366,0.7458234245424193,1.1487865393326537,0.2148189381040284,0.18273772586737458,0.09343517035178572,-1.0820658124443872,-3.176560300495518,-3.965301778271301,-0.8554219315975755,-0.10703164130202496,-0.0017351784242963589
3.21,-0.022456790324981084,1.4876337302493852,-1.0167888214180163,-0.5440625801690372,-0.0020552281354495852,-2.2617175892871903e-05,-0.22606307605532622,0.08693668383227668,0.09844655469553282,0.025307712596011292,-0.022387609645034296,-0.00026563455121255227,1.5705971421562792,0.7136610965744189,1.0925325359251268,0.20518512261884503,0.2039375268223873,0.09387582235170777,-1.0070552502008288,-3.1641890433544915,-3.933034206453975,-0.8479860196632593,-0.0994668546598814,-0.0016122661677402058
3.22,-0.024590800515831106,1.4885692691827466,-1.0157273761329757,-0.5437899441623809,-0.0022663354350875528,-2.5057814677569103e-05,-0.2134010190850023,0.09355389333613157,0.1061445285040523,0.027263600665622997,-0.021110729963796763,-0.00024406387846971988,1.8085168290247369,0.6777420154773797,1.0307267387757173,0.1945463721873395,0.2231392338112581,0.09376394466359073,-0.9244026337959315,-3.155824476845579,-3.903945007610493,-0.8414190927445223,-0.0911563414629773,-0.0014803187196296645
3.23,-0.026582379147441736,1.489567059657416,-1.0145939040975556,-0.5434989905627307,-0.002463123740803163,-2.72633433582923e-05,-0.19915786316106288,0.09977904746694599,0.11334720354201745,0.029095359965025703,-0.019678830571561015,-0.00022055286807231946,2.034357190838797,0.638241101124357,0.9636642486882242,0.18293341183702516,0.24015038230349006,0.09307437529324947,-0.8346463490877414,-3.1515160964032347,-3.878179893154391,-0.8357546792033113,-0.08215742470339367,-0.001340312167685489
3.24,-0.028416653546955595,1.4906228534523653,-1.0133937286017598,-0.5431910552898748,-0.0026441430828584864,-2.9216104207176795e-05,-0.18342743995138613,0.10557937949493784,0.12001754957958108,0.030793527285592377,-0.01810193420553235,-0.00019527608488844982,2.2465686565518515,0.5953555330208455,0.8916673792381804,0.17038163135676498,0.2548165732703662,0.09179350880745973,-0.7383788153279375,-3.1512922047261993,-3.855867758222126,-0.8310218552214663,-0.07253265124318083,-0.0011932842867212537
3.25,-0.030079793457006187,1.4917320964431289,-1.012132517884754,-0.5428675627131528,-0.0028080538849623426,-3.090031431562723e-05,-0.16631399100505925,0.1109242990763431,0.12612107170057685,0.032349257672196464,-0.016391080210385635,-0.00016842101084504365,2.4436697283027295,0.5493033342284233,0.8150842475061155,0.1569313057468973,0.2670230620876204,0.08991958335150763,-0.636243717291428,-3.15515977716756,-3.837120090487585,-0.8272451020784487,-0.06234940599407243,-0.0010403248224221582
3.2600000000000002,-0.031559110106337725,1.4928899521937418,-1.0108162579300244,-0.5425300189846418,-0.0029536364279663064,-3.230217689591314e-05,-0.14793166493315402,0.11578557506129157,0.1316259954729534,0.033754372851098974,-0.014558254300396374,-0.0001401862580285912,2.624256220476601,0.5003217726943437,0.734287216069629,0.14262779044523555,0.27669540396128056,0.0874626609823177,-0.528932762747138,-3.1631044617846524,-3.8220304788518353,-0.82444418758617,-0.05167948254880011,-0.0008825653861397936
3.27,-0.03284314956951993,1.4940913272045915,-1.0094512235298354,-0.542180004915314,-0.0030797995493145307,-3.3409974085316515e-05,-0.12840394631822097,0.12013750108497295,0.1365034400188919,0.035001406932782766,-0.01261631213482244,-0.00011077971894033712,2.787010864099325,0.4486655976104963,0.6496711894964483,0.12752168153545584,0.28379917013782574,0.08444430851014673,-0.41718194961457855,-3.1750907145043734,-3.81067422503976,-0.8226340727476644,-0.04059861171504216,-0.000721169090338797
3.2800000000000002,-0.0339217797039841,1.4953308976306705,-1.0080439477513419,-0.5418191684246374,-0.0031855885187202764,-3.421414085298023e-05,-0.10786301344641636,0.1239570426079007,0.14072757784935322,0.036083649067663086,-0.010578896940574588,-8.041667676637136e-05,2.930713206338141,0.39460513066834624,0.5616517698944237,0.1116689315750321,0.288338776051944,0.08089699429002328,-0.30176733528341027,-3.1910620690839333,-3.8031080600281895,-0.8218248444981942,-0.029185950073671328,-0.0005573200571540725
3.29,-0.03478626993082137,1.496603137273456,-1.0066011899476948,-0.5414492165972807,-0.003270192033306634,-3.4707319834872404e-05,-0.08644902268372756,0.12722396427856453,0.14427578036471359,0.03699518273566515,-0.008460351458635731,-4.931789818921755e-05,3.0542497039583547,0.3384242340659059,0.4706632774845919,0.09513091237238136,0.2903554872546472,0.07686322378294674,-0.1835003098136533,-3.210941540792053,-3.7993699659845768,-0.8220216751358549,-0.017523531375542967,-0.00039221293284946105
3.3000000000000003,-0.03542936311344093,1.4979023466406036,-1.0051299024679667,-0.5410719073837018,-0.003332948278721047,-3.488439714092166e-05,-0.0643093182619553,0.12992093671474841,0.14712874797280373,0.03773092135789223,-0.0062756245414413575,-1.7707730604925522e-05,3.1566238813123957,0.28041817881599923,0.37715664364978985,0.0779744169621257,0.28992469062236026,0.0723944429997685,-0.06322238480551907,-3.2346321619673772,-3.7994791030491033,-0.8232248087592715,-0.0056956842836622034,-0.00022704253870929543
3.31,-0.03584533878719487,1.499222682860955,-1.0036371962295818,-0.5406890409843991,-0.0033733500065840833,-3.474251938727462e-05,-0.041597567375394384,0.13203362203512903,0.1492706238384855,0.03828663993027444,-0.004040172786303611,1.4187775364703722e-05,3.2369663989077635,0.2208914382669691,0.2815971854295343,0.06027159418447825,0.2871525362799403,0.06754974403350422,0.05820047968599449,-3.262017646791841,-3.80343583889524,-0.8254295747109621,0.006211579362380818,-6.299378401325879e-05
3.3200000000000003,-0.03603006700502307,1.5005581902381246,-1.0021303053260318,-0.5403024509604458,-0.003391048583117916,-3.428109240287331e-05,-0.01847282178282037,0.13355073771697334,0.15068909035500713,0.038659002395328705,-0.0017698576533832708,4.614269844013067e-05,3.2945448587443713,0.16015543274404592,0.1844622719524479,0.04209981061317947,0.28217206935719474,0.062394410706850145,0.17988397705790798,-3.2929631817105287,-3.8112218776108957,-0.8286264276871431,0.018111200957545346,9.876804070895276e-05
3.33,-0.03598105209025205,1.5019028312241751,-1.000616550850866,-0.5399139951155558,-0.003385856968956424,-3.3501762240496765e-05,0.004901491477102206,0.13446409860505318,0.15137544751658405,0.038845584488995,0.0005191614161492355,7.793301623765446e-05,3.328773158155293,0.09852625182265615,0.0862388947849527,0.02354143605258452,0.27513897979584456,0.05699834487781885,0.30093194117529476,-3.327316336906613,-3.822800483118261,-0.8328010138313855,0.02991573085611869,0.0002571064818402553
3.34,-0.035697465628667255,1.503250517595648,-0.9991033041261316,-0.5395255461973072,-0.0033577515959833304,-3.240837928569394e-05,0.02835864615847908,0.13476863714729484,0.15132467247343873,0.038844891824866896,0.0028105372973093305,0.00010933829548028254,3.3392201953456824,0.036322380929559556,-0.012578844416503601,0.004683550437213094,0.26622710279309736,0.05143441523461911,0.4204431647366073,-3.364908093079349,-3.8381167911608243,-0.837934261795322,0.04153799757246602,0.00041092255607052045
3.35,-0.035180168088179184,1.5045951416174486,-0.9975979495294912,-0.5391389824672296,-0.0033068731135727633,-3.100694640062837e-05,0.051729754048806836,0.13446240218003574,0.1505354596640384,0.03865637300775781,0.005087848241056701,0.00014014328850655677,3.3256177274776566,-0.026137541281144205,-0.1114923142573202,-0.014382428400391667,0.2556238021756272,0.045776770502151454,0.5375184860412328,-3.4055539764682243,-3.8570982028959278,-0.8440024974401731,0.05289178424358025,0.0005591627168799479
3.36,-0.03443171852566553,1.505930606985707,-0.9961078471190579,-0.5387561781912081,-0.003233525983791387,-2.9305552162098018e-05,0.07484495625136553,0.13354653682584636,0.14901024104333951,0.038280427602141974,0.0073347129781376405,0.00017013942385303552,3.2878671860372735,-0.08853690902459581,-0.21000098611957035,-0.033561194916908677,0.24352536428597205,0.0400991580288208,0.6512680731824446,-3.4490552936259773,-3.8796548523993435,-0.8509775805837301,0.06389250587344175,0.0007008260875659303
3.37,-0.033456371926278886,1.5072508593486618,-0.9946402952584675,-0.5383789941030271,-0.0031381769129150134,-2.7314290352631705e-05,0.09753465993866431,0.13202523629548535,0.14675518605902863,0.037718408818098605,0.009534907087637374,0.0001991261809466312,3.2260452641577633,-0.1505632543400934,-0.3076051020155916,-0.05275408119335956,0.230132521276591,0.03447328683411399,0.7608188280672012,-3.495200455892768,-3.905680139963756,-0.8588270619829188,0.07445788073122768,0.0008349709109857525
3.38,-0.032260063819610274,1.5085499162146478,-0.9932024934467842,-0.5380092678948525,-0.0030214521149473446,-2.5045166939778883e-05,0.11963081066686129,0.12990568659859975,0.1437801811683348,0.03697262081746544,0.011672479796766898,0.00022691234128528195,3.140408106149193,-0.21191024786568385,-0.40380836019072114,-0.07185965298354025,0.21564621060868916,0.028967271520065285,0.8653218276435376,-3.5437663819063845,-3.9350513229905144,-0.8675143585942746,0.08450858924784452,0.0009607201835436271
3.39,-0.030850381928143995,1.5098218960682617,-0.9918015055584434,-0.5376488047889995,-0.002884133411618127,-2.2511995831142386e-05,0.1409681891466277,0.12719798536138333,0.14009878883408677,0.03604631058530434,0.01373187033292177,0.00025331711086364983,3.0313939501051452,-0.27227957438451533,-0.4981206003272145,-0.09077437059230942,0.20026366275708618,0.023644190139393118,0.9639597164269754,-3.5945199648556714,-3.967630156550019,-0.876998945082361,0.09396891384628138,0.0010772664584337848
3.4,-0.029236524724635834,1.5110610465294616,-0.9904442236975611,-0.5372993682454407,-0.002727153182480763,-1.9730284721476043e-05,0.16138572035081625,0.12391504612000113,0.13572818608822673,0.034943654355874494,0.015698022913736367,0.0002781711109666344,2.8996240993559987,-0.33138266447662296,-0.5900604699072405,-0.10939330728528507,0.1841748923792359,0.018560785296635185,1.0559539629213204,-3.6472195896175696,-4.003263576317587,-0.8872365595540634,0.10276735334474157,0.0011838758202382458
3.41,-0.027429246904320026,1.512261771405492,-0.9891373328685426,-0.5369626708591676,-0.002551588188110899,-1.6717112353889517e-05,0.18072778203158088,0.12007248760303726,0.13068908290185371,0.033669738627306246,0.017556499436986443,0.00030131723675865245,2.745902126823805,-0.38894226633586365,-0.6791580532190842,-0.1276109167924675,0.1675596503578749,0.013766333569884992,1.140571892821308,-3.701616683489661,-4.041784417553067,-0.8981794215847247,0.11083720587758289,0.0012798910491558305
3.42,-0.025440791912918467,1.513418656501811,-0.9878872766610339,-0.5366403655007238,-0.0023586522989040093,-1.3490998500964102e-05,0.19884549914015578,0.1156885096318969,0.12500562075086585,0.03223053584438321,0.019293588920688963,0.0003226113852925415,2.5712112470321133,-0.4446938448374994,-0.7649574446878362,-0.14532184042404728,0.1505848759422257,0.009301703902365954,1.217133413895801,-3.7574572830223407,-4.0830121650370685,-0.9097764607650849,0.11811711467483342,0.0013647340079250962
3.43,-0.023284811809872984,1.5145264940753407,-0.9867002241419011,-0.5363340367519888,-0.002149688171452137,-1.0071767934951974e-05,0.21559801030454845,0.11078375735295151,0.11870525191328175,0.030632874873506348,0.020896412745187238,0.00034192305660121276,2.3767098226114327,-0.49838679820528725,-0.8470192486390977,-0.16242174352382133,0.13340267048922172,0.005198621015852556,1.2850173510549074,-3.814483598548737,-4.126753730337984,-0.9219735542259141,0.12455157151130694,0.0014379072974654798
3.44,-0.02097627488557964,1.5155803058310195,-0.9855820381401377,-0.5360451926876155,-0.00192615792381623,-6.480409601224542e-06,0.23085369242933443,0.10538117556789603,0.1118186001763386,0.028884406437328942,0.022353024763590697,0.0003591358333727432,2.163725004596783,-0.5497854860598925,-0.9249229882585148,-0.17880817040007013,0.11614879769824071,0.0014791452145150874,1.343667315129184,-3.8724355574795286,-4.172804254377875,-0.9347137718753227,0.13009137316452726,0.0014989952380317232
3.45,-0.01853136158922565,1.516575364380506,-0.9845382451024719,-0.5357752570504348,-0.0016896328700711795,-2.738932138170037e-06,0.24449132963539896,0.09950585494863666,0.1043793037665795,0.02699356371806436,0.023652505374505063,0.0003741477463054505,1.9337445376633973,-0.5986700661599761,-0.9982694073845096,-0.1943814064783096,0.09894170032377225,-0.001844624713070564,1.3925970351261077,-3.9310523073373833,-4.220947934896747,-0.9479376283936853,0.1346940267898607,0.0015476642409723107
3.46,-0.015967349457759565,1.5175072130996075,-0.9835740066880445,-0.5355255618666601,-0.0014417823831608197,1.129783197402672e-06,0.25640121314660835,0.09318487191015282,0.09642384144273702,0.024969518377467442,0.024785048691035982,0.00038687153355727085,1.6884067917909678,-0.6448371406924758,-1.0666826498146733,-0.20904533628137845,0.08188201057783306,-0.004770623408866248,1.4313950909472217,-3.990073659898482,-4.270958879980142,-0.9615833413517096,0.13832410071491374,0.0015836626418101677
3.47,-0.013302487864364235,1.518371684338308,-0.9826940932599662,-0.5352973405438852,-0.0011843619632432023,5.102131234547741e-06,0.26648615933953307,0.08644712387005318,0.08799134280783377,0.02282213227748707,0.025742041991761735,0.00039723480371450695,1.4294891099080165,-0.6881002164489534,-1.1298123020225446,-0.22270828585603297,0.06505252109187953,-0.007306668095005464,1.459728991509207,-4.049241458715103,-4.322601990212027,-0.9755870951261874,0.14095351775815923,0.001606820068229078
3.48,-0.010555863524555918,1.5191649159537939,-0.9819028594199418,-0.5350917214917038,-0.0009192005962266115,9.153932358417416e-06,0.27466243398083173,0.07932316154859556,0.07912338400243793,0.02056190521814041,0.02651613670165908,0.00040518011238696756,1.1588945862142177,-0.7282899865573331,-1.187335286508339,-0.23528383851490364,0.0485185755233255,-0.009470091714330775,1.4773485516780662,-4.108300853721553,-4.3756338731456195,-0.9898833105630622,0.1425617887756574,0.001617046416658519
3.49,-0.007747257807955042,1.5198833661523952,-0.9812042217195964,-0.5349097223013243,-0.0006481874940013285,1.3260581987180284e-05,0.2808605716600876,0.07184501986012173,0.06986377003454401,0.01819991903795579,0.027101310222528298,0.0004106649628762868,0.8786374116305066,-0.7652544445429628,-1.2389575944352262,-0.24669161316329902,0.03232883268562636,-0.011287170947248681,1.484088530176789,-4.167001468561674,-4.42980379456481,-1.0044049205583003,0.14313618472382142,0.001614330508607642
3.5,-0.004896997002389799,1.520523826640587,-0.9806016386687708,-0.5347522445168528,-0.0003732583138830124,1.7397199400754815e-05,0.2850260805565243,0.06404604881918156,0.06025830508256182,0.015747778447147125,0.027492918011831607,0.0004136617413574532,0.5908269408972967,-0.7988588442958274,-1.2844158476809944,-0.25685799505237483,0.016516355273591188,-0.012792363859823547,1.4798704994687621,-4.225098448684908,-4.484854671370243,-1.0190836518761648,0.14267184608749897,0.001598738492903568
3.5100000000000002,-0.0020257967631142817,1.5210834340979438,-0.9800980931470104,-0.5346200690270088,-9.638095993825814e-05,2.1538775367412877e-05,0.2871200239275517,0.05596074573569203,0.05035455217604723,0.013217548984396404,0.02768773539447543,0.0004141575966658062,0.297650650100011,-0.8289855219531052,-1.3234786819524764,-0.2657168094877189,0.001099973615691141,-0.014027375489775088,1.4647039273882052,-4.282353381085243,-4.540524110823539,-1.0338503135891293,0.14117182905611236,0.0015704120528200014
3.52,0.0008453979473559141,1.5215596799960176,-0.979696077309869,-0.5345138521019619,0.00018045892688514338,2.566031810849048e-05,0.28711947104701957,0.04762458980739089,0.04020158371413376,0.010621692504685318,0.02768398868234015,0.00041215427410776033,0.0013561639039292876,-0.8555335977100598,-1.3559479441059532,-0.27320992986870696,-0.013914123968964635,-0.01504007286783074,1.4386864588593167,-4.338535079730453,-4.596545500300508,-1.048635092496021,0.13864708833406614,0.0015295664680901211
3.5300000000000002,0.0036955760645969392,1.5219504187964084,-0.9793975800666264,-0.5344341220957809,0.0004552726795824938,2.9736997225870922e-05,0.2850178117241025,0.0390738800390784,0.029849724324255752,0.007973000618094623,0.027481375269735042,0.00040766791173804434,-0.29576746127627007,-0.878418577100875,-1.3816596983033027,-0.27928781233360933,-0.028530620111124838,-0.015883273737586967,1.40200339432919,-4.393420234162248,-4.652649150649574,-1.0633678557535802,0.13511639694549504,0.0014764885713885127
3.54,0.0065038253643460026,1.5222538745687226,-0.979204077190685,-0.534381276830701,0.0007260834042621483,3.374428528889889e-05,0.2808249299749063,0.030345577231421186,0.019350287594133268,0.005284526507984453,0.02708107246796544,0.00040072880630279703,-0.5914090082281144,-0.8975718723105404,-1.400485037054776,-0.2839099502995053,-0.04276315910796935,-0.01661343553274497,1.3549263694849798,-4.446793922343618,-4.7085634947602975,-1.0779784607457938,0.13060620384033375,0.0014115346274859207
3.5500000000000003,0.00924949770310815,1.5224686460746455,-0.9791165241083988,-0.5343555816750846,0.0009909407536373707,3.765809683468272e-05,0.2745672338762148,0.02147715059227977,0.008755308228621384,0.0025695155616495867,0.026485734937522244,0.0003913811545783831,-0.8832547331445902,-0.9129402645686996,-1.4123306945599816,-0.287045243254906,-0.05663233803499068,-0.017289272944856937,1.297811248415076,-4.498449992482999,-4.764016341081463,-1.0923970719256115,0.12515043053294134,0.0013351281513948928
3.56,0.011912373103967462,1.522593710368,-0.979135351396493,-0.5343571683226083,0.0012479355603463927,4.145492457657665e-05,0.26628754008593114,0.012506429335464718,-0.0018827288094218162,-0.00015866475237441124,0.025699480670902202,0.0003796827741893928,-1.1690081735761877,-0.9244853286316133,-1.4171394610373165,-0.28867227528098205,-0.07016363302761519,-0.01797033362879108,1.2310952496163228,-4.548191322167603,-4.818736179673053,-1.1065544840105423,0.11879020841148953,0.0012477576699066256
3.5700000000000003,0.014472821233499418,1.5226284249625024,-0.9792604630026726,-0.534386034275893,0.001495214216064551,4.511197263878673e-05,0.25604481295319564,0.003471459450235276,-0.012511160617955779,-0.0028865953284733536,0.024727865571815826,0.00036570480622100793,-1.4464099437574804,-0.932182839787822,-1.4148903979292435,-0.2887794999401132,-0.08338529207113243,-0.018715562217024306,1.1552933311729505,-4.595829966581057,-4.8724535360344765,-1.120382450517343,0.1115735587518051,0.0011499744194305996
3.58,0.016911958829021165,1.5225725286190441,-0.9794912371885774,-0.5344420430335243,0.0017309926837329563,4.8607286639888614e-05,0.24391375955217484,-0.005589634345823749,-0.02307741859049397,-0.005600875763124262,0.023577846766840545,0.0003495314001101887,-1.7132573352986318,-0.9360221827503417,-1.4055988549765646,-0.28736532936170445,-0.09632622293995308,-0.01958188283228779,1.0709938680770374,-4.641187210756776,-4.924902365537305,-1.1338140162043913,0.10355501785887007,0.0010423899624235357
3.59,0.019211801662520647,1.522426140802908,-0.9798265301790225,-0.5345249249752336,0.0019535700324625673,5.191988043458053e-05,0.22998428334994797,-0.01463878161360192,-0.0335292990445115,-0.008288194170931983,0.022257734872961087,0.0003312593794691913,-1.967423546344963,-0.936005780258291,-1.3893162911829848,-0.28443812657538103,-0.10901390320539939,-0.020622829699173062,0.9788536610661226,-4.684093543626556,-4.9758214789261555,-1.1467838515783835,0.09479521014742971,0.0009256736953277741
3.6,0.02135540966808598,1.5221897598585168,-0.9802646824865339,-0.5346342789359372,0.0021613413877491256,5.502985929185136e-05,0.21436080055653328,-0.02363809443911606,-0.043815230751128156,-0.010935396070359121,0.020777135528655833,0.00031099788572708356,-2.206876367759296,-0.9321485572552579,-1.366129902643234,-0.28001610135258304,-0.12147233860693518,-0.021887254273699197,0.8795923225542864,-4.72438857396947,-5.024955987156229,-1.159228587239121,0.085360372363367,0.0008005502131737747
3.61,0.023327023913105205,1.5218642599453598,-0.980803527865647,-0.5347695744553913,0.0023528101935208806,5.791853924017612e-05,0.19716142450192217,-0.032549991315705434,-0.053884537911310745,-0.013529551945412329,0.01914688057717551,0.00028886799483247594,-2.4296961603533704,-0.9244774541941283,-1.336162061094685,-0.27412711106787047,-0.13372009658496253,-0.02341813557549388,0.7739860912473181,-4.761920910164048,-5.072058751924528,-1.1710871455059784,0.07532183254113234,0.0006677964901187877
3.62,0.02511219415950894,1.52145088677387,-0.9814404048373343,-0.5349301546864436,0.0025265996872059974,6.056856224821626e-05,0.17851702464037372,-0.04133731714896518,-0.06368769716873758,-0.016058023105230385,0.01737894936851168,0.0002650023008040138,-2.6340929624911964,-0.9130310004096376,-1.2995695678897377,-0.26680836929775076,-0.14576844330463423,-0.025251518150202656,0.6628611328567782,-4.796548026822922,-5.116891826723282,-1.1823010665120781,0.06475544768881511,0.0005282388314067186
3.63,0.026697895839467647,1.5209512521744961,-0.9821721707103469,-0.5351152399412566,0.0026814634944206323,6.296400683521218e-05,0.15857016799587054,-0.04996345993738976,-0.07317658730126342,-0.018508525481313442,0.015486380721463475,0.0002395444586995927,-2.818422572443855,-0.8978589556702298,-1.2565427288841633,-0.2581060660999501,-0.15761961486708742,-0.027415599395672174,0.5470863899313296,-4.828136141882634,-5.15922787218081,-1.1928148257836033,0.05374100458834415,0.00038274955068174114
3.64,0.028072635359804216,1.520367327527289,-0.9829952180132593,-0.5353239318514753,0.0028162952560149843,6.509049362172326e-05,0.1374739520336569,-0.05839246472070188,-0.08230473029123969,-0.020869191021866407,0.013483176159435215,0.00021264867865110836,-2.981201454757099,-0.8790220250470734,-1.2073042565068237,-0.24807490509124275,-0.16926525630609035,-0.029929984902375306,0.42756604914714436,-4.856560127485291,-5.198851528914433,-1.202576140252553,0.04236158848845021,0.0002322433273343038
3.65,0.02922654275049104,1.5197014360732914,-0.9839054932386551,-0.5355552181151181,0.0029301372070487486,6.69352852419383e-05,0.11539073906868219,-0.06658914539975451,-0.09102752253957214,-0.0231286263642815,0.011384195103376436,0.000184479162021503,-3.1211203248027366,-0.8565916491988635,-1.1521080060407627,-0.23677756357242874,-0.1806850650412155,-0.03280512707324634,0.30523169935241856,-4.881703476993418,-5.235560731134802,-1.2115362596866173,0.030702924844777175,7.767320158922578e-05
3.66,0.030151450784468098,1.5189562441231208,-0.9848985177892455,-0.5358079778000184,0.003022187634776656,6.848737994712533e-05,0.09249080339770582,-0.07451919501705924,-0.09930245505905054,-0.025275968490036063,0.009205042772790764,0.00015520947051870206,-3.2370562709345236,-0.83064986914093,-1.0912375538902575,-0.22428408304789205,-0.19184567826816945,-0.036041958692468956,0.18103425812702964,-4.903458348712921,-5.269167944814261,-1.2196502406581369,0.01885269961541694,-7.997382972510633e-05
3.67,0.03084095981806704,1.5181347511726564,-0.9859694110048356,-0.5360809871709292,0.0030918071508871585,6.973759813984286e-05,0.06895090335989423,-0.08214929504644555,-0.10708932155900638,-0.02730093709108109,0.006961951611050253,0.00012502181927175353,-3.32808327967192,-0.8012892616258523,-1.0250046263735528,-0.21067119844995208,-0.2026998458514626,-0.03963172935854642,0.0559357484568149,-4.921725704371066,-5.299501315340202,-1.2268772004079127,0.006899863940165588,-0.00023968164651696995
3.68,0.03129048773286308,1.5172402789308996,-0.9871129151389902,-0.5363729260049597,0.0031385237220295783,7.067866099436081e-05,0.044952791479604445,-0.08944722417568246,-0.11435041341546583,-0.029193883403044053,0.004671657114241987,9.410628545179517e-05,-3.393481036571738,-0.768612938471525,-0.9537473883262461,-0.19602161531214257,-0.2131859311877271,-0.043556048874187514,-0.06909898982423153,-4.93641555713766,-5.326405711165782,-1.2331805482755218,-0.005066070694043566,-0.0004004102885813652
3.69,0.03149730449996092,1.5162764592611067,-0.9883234221450745,-0.5366823843578403,0.0031620364120607944,7.130526024442542e-05,0.02068167670978385,-0.09638196697929743,-0.12105070060842539,-0.030945835288063682,0.002351269003121597,6.265992500646098e-05,-3.432741884430057,-0.7327346006068721,-0.8778286015675891,-0.18042324486266104,-0.22322778177540847,-0.04778713787988309,-0.19311056706515506,-4.9474473400455565,-5.349743651970519,-1.238528192747994,-0.016955740483041132,-0.0005611016986269917
3.7,0.03146055103552713,1.5152472210333776,-0.9895950021230776,-0.5370078697416272,0.003162217799409605,7.161411815905899e-05,-0.003675346443378129,-0.10292382277291416,-0.12715799780030462,-0.03254853837868294,1.813873488105402e-05,3.0885791463357065e-05,-3.445575831700562,-0.6937786353090898,-0.7976336640203316,-0.1639684076754646,-0.23273500849355777,-0.05228828220942772,-0.3151532015499047,-4.954750401141494,-5.369396112156586,-1.2428927226013393,-0.02868063406632233,-0.0007206859233950828
3.71,0.031181242170571066,1.514156775885195,-0.9909214332713434,-0.537347814672864,0.0031391150434549077,7.160403668429385e-05,-0.02793088649560687,-0.10904451481825765,-0.1326431148265859,-0.03399449312368241,-0.0023102755954697526,-1.0081474765134243e-06,-3.4319135179882365,-0.6518802431389294,-0.7135685410143253,-0.14675301693172482,-0.24160370754152005,-0.057014483790191584,-0.4343026804832864,-4.958264626689387,-5.385263193024222,-1.246251561050906,-0.04015378748991854,-0.0008780877583734088
3.72,0.030662253717073117,1.5130096028860662,-0.9922962331810489,-0.5377005845489322,0.0030929495847914668,7.127593470707511e-05,-0.05189884534979483,-0.11471729991287659,-0.13747999097054137,-0.03527698760682611,-0.0046165458663441,-3.2810197721874036e-05,-3.3919070605673918,-0.6071855794732998,-0.6260576009946714,-0.12887575263394346,-0.24971765144550062,-0.06191329731369555,-0.5496640383764814,-4.957941188388148,-5.397264659573704,-1.2485870922623872,-0.05129046286802705,-0.0010322338084217601
3.73,0.029908293774840923,1.5118104321035244,-0.9937126913060296,-0.5380644858093312,0.003024115475649782,7.063287240004366e-05,-0.07539599422321919,-0.11991707825417258,-0.14164581249806962,-0.03639012603990293,-0.006883410914168487,-6.430623070314575e-05,-3.325928726344862,-0.5598518943204651,-0.535541368502179,-0.11043723816636408,-0.2569499654371086,-0.06692583849733635,-0.6603788701265624,-4.953743405012559,-5.405340340453025,-1.249886759982275,-0.06200880436354981,-0.0011820599233586253
3.74,0.028925858586967515,1.5105642270703523,-0.9951639024363812,-0.5384377743379498,0.002933176348464547,6.96800616350072e-05,-0.09824351878734097,-0.1246205033172135,-0.14512111303515976,-0.03732885286185734,-0.009093912718523497,-9.528107650364554e-05,-3.2345673976589597,-0.5100476533027475,-0.4424742078660701,-0.0915392304354894,-0.2631652929418884,-0.07198794647313633,-0.7656322007386185,-4.945647703315939,-5.409450391995988,-1.2501431384040622,-0.07223046533289534,-0.0013265189546085216
3.75,0.027723173414267777,1.5092761661570144,-0.9966428010011652,-0.5388186640620084,0.002820861042552779,6.842486151044216e-05,-0.12026851726997391,-0.12880609133378362,-0.1478898564783967,-0.03808897240585701,-0.011231530591176807,-0.0001255200124565036,-3.118622827693342,-0.4579526223127222,-0.34732195152729084,-0.07228383444459041,-0.26822243913565025,-0.07703147975199132,-0.8646588398149485,-4.933644657639958,-5.409575429473444,-1.2493539756780123,-0.08188120080842548,-0.0014645887667572538
3.7600000000000002,0.026310119058172998,1.5079516228589154,-0.9981421960235362,-0.5392053357032629,0.0026880579209536313,6.687675812543416e-05,-0.1413054356094778,-0.13245432980991673,-0.14993950223709393,-0.038667164125455136,-0.013280312159914775,-0.0001548103385007993,-2.979097711824034,-0.40375789839586546,-0.25055948727173044,-0.052772752544692825,-0.27197746494457853,-0.08198572228993228,-0.9567491565755227,-4.917740082660998,-5.405716530526713,-1.2475222106865662,-0.090891419920414,-0.0015952804266669471
3.77,0.024698144814704875,1.5065961450151717,-0.9996548065506654,-0.5395959456372547,0.0025358079215654274,6.504732784934312e-05,-0.16119742434681217,-0.13554778437437512,-0.15126105271292226,-0.0390609933991812,-0.015224999938820373,-0.00018294302760910413,-2.817187634414782,-0.34766586987482295,-0.1526683188822158,-0.03310657777179293,-0.27428718603409763,-0.08677887348051616,-1.0412542201608481,-4.897956149265635,-5.397895117205583,-1.2446559638392412,-0.09919669338329523,-0.001717646482985914
3.7800000000000002,0.022900168786672045,1.5052154329840255,-1.0011732973809455,-0.5399886348168501,0.002365296398643312,6.295018348260063e-05,-0.179797602803283,-0.13807120311461613,-0.15184908302800307,-0.039268917959546755,-0.017051152292211547,-0.00020971443667424982,-2.6342689857286343,-0.2898900895931354,-0.05413411478609044,-0.013384139655963634,-0.27501301295928116,-0.09133959343134412,-1.1175902601294387,-4.874332489882451,-5.386152724057593,-1.2407685026911324,-0.10673821177882056,-0.0018307892407276732
3.79,0.020930466614455027,1.5038153168096962,-1.0026903149120863,-0.5403815377170219,0.0021778438223304455,6.0600902877964886e-05,-0.19697021722170172,-0.14001161743294296,-0.1517017531140845,-0.03929029001718366,-0.01874525763128668,-0.00023492806046357392,-2.431884979836522,-0.230655046398325,0.04455574081392389,0.006298090359866726,-0.2740250505309003,-0.09559857269679206,-1.1852424131719967,-4.846927256878487,-5.3705506603019595,-1.2358781831652315,-0.11346319104881622,-0.0019338689293144353
3.8000000000000003,0.01880454980505588,1.5024017324262295,-1.0041985229358097,-0.5407727912587552,0.0019748954150130196,5.801693979093463e-05,-0.2125916809399145,-0.1413584383466665,-0.1508208023723407,-0.03912535417332655,-0.020294840731742595,-0.00025839630870302596,-2.211729940593032,-0.17019582156965135,0.1429145801163712,0.02584652810639465,-0.27120635746725164,-0.09949009382863916,-1.2437677338507813,-4.8158180960017605,-5.3511695742885035,-1.2300083670734683,-0.11932522234685057,-0.002026111658248503
3.81,0.01653903494203066,1.5009806969555815,-1.005690638207853,-0.5411605436710929,0.0017580098137335597,5.521751694967486e-05,-0.22655148630252211,-0.14210354706481937,-0.1492115272043283,-0.03877524123376694,-0.02168856012794599,-0.0002799422841259768,-1.9756320577166653,-0.10875761879710907,0.24045885344041304,0.04517093623775015,-0.26645725246796736,-0.10295355069907974,-1.2927974593294171,-4.7811029964259015,-5.3281089282320195,-1.223187316502011,-0.12428456417350738,-0.0021068170524969707
3.8200000000000003,0.014151505143293764,1.4995582831695566,-1.007159465625839,-0.5415429632516383,0.0015288468574851497,5.222350157473884e-05,-0.23875297987368962,-0.14224137860247013,-0.14688274179859248,-0.03824195805453737,-0.02291629562484101,-0.00029940153749360217,-1.725534847451966,-0.046595158486631066,0.3367104873582827,0.06418481147382549,-0.25969954084652436,-0.10593489071362683,-1.3320385302536621,-4.742900979793458,-5.301486390689302,-1.2154480654735005,-0.1283083755145122,-0.002175365459792214
3.83,0.01166036519772962,1.4981405931981182,-1.008597932852173,-0.5419182469872755,0.0012891546067624645,4.9057263832379536e-05,-0.24911399455641436,-0.14176899714383595,-0.1438467226334103,-0.037528373563727624,-0.023969225072268507,-0.0003166237742359306,-1.4634775808825795,0.016028070435277698,0.4311991869005119,0.08280569853565711,-0.2508805276265491,-0.10838794480746738,-1.3612743818362032,-4.701352592774757,-5.271437153488915,-1.206828269144467,-0.13137088949428966,-0.0022312246243441566
3.84,0.009084691853650835,1.4967337315797322,-1.0099991242244075,-0.542284628998425,0.0010407557100952413,4.574251896701813e-05,-0.25756733440787855,-0.14068616183860558,-0.14011913722344105,-0.03663820111494396,-0.024839889666722313,-0.0003314744865361404,-1.1915749664274404,0.0788407054697877,0.5234646704464607,0.10095543138626839,-0.23997667925026978,-0.11027561067439295,-1.380365030451719,-4.656620171020942,-5.238113178921912,-1.1973700306621267,-0.13345352782924297,-0.0022739557258542446
3.85,0.006444080751498179,1.4953437777626004,-1.0113563138013686,-0.5426403887717844,0.0007855332382845882,4.230415412270385e-05,-0.26406111021526557,-0.13899538171318565,-0.13571895769611445,-0.03557597733594562,-0.025522247181065313,-0.000343836484431428,-0.911996390200211,0.14156455379086716,0.6130588269752746,0.11856030403895623,-0.22699679730204103,-0.11157085609312278,-1.3892464913423432,-4.608887846900622,-5.201682382046996,-1.1871197057109175,-0.13454495709530614,-0.002303218689085114
3.86,0.0037584914894539592,1.4939767581785948,-1.0126629973996903,-0.5429838591481955,0.0005254161115744362,3.876804112408274e-05,-0.268558926204422,-0.1367019584005597,-0.13066835983216935,-0.034347037641098636,-0.026011712671015198,-0.00035361129986211093,-0.6269450277525386,0.20391578254667117,0.6995477865371927,0.13555117464661226,-0.21198457425867723,-0.11225751159903519,-1.387929572082259,-4.558361278928606,-5.16232775204504,-1.1761276847421211,-0.13464108849501927,-0.0023187766774014087
3.87,0.0010480922841163208,1.492638618024202,-1.0139129234821294,-0.5433134340339815,0.00026236424792137084,3.516083673829421e-05,-0.27103992053376386,-0.13381401543928692,-0.12499260824389971,-0.03295748857859688,-0.02630518636530654,-0.0003607204385788533,-0.338637142489358,0.2656062521583059,0.7825138960301797,0.15186350801302195,-0.1950204133224649,-0.1123308251750752,-1.3764980940097746,-4.505267087136703,-5.120246415754482,-1.1644481529115698,-0.13374502340447963,-0.0023204996934449006
3.88,-0.0016668943600342038,1.4913351928945657,-1.0151001227660759,-0.5436275758058139,-1.6464381869691898e-06,3.15097721742023e-05,-0.27149866441505244,-0.1303425129636206,-0.11871992839464685,-0.03141417718323898,-0.026401068610834,-0.00036510645640919085,-0.04928187927793289,0.3263449857615455,0.861557593641724,0.16743736284525212,-0.1762224117138953,-0.11179775613276122,-1.3551065997167795,-4.449851985581557,-5.075648645895403,-1.1521388278572111,-0.13186694748691896,-0.002308367221203989
3.89,-0.004366343627427465,1.4900721804275439,-1.016218936427921,-0.5439248223808465,-0.0002646390572955414,2.7842433788573562e-05,-0.26994492673932613,-0.12630124670217763,-0.11188136618451772,-0.02972465750326424,-0.02629926191085722,-0.0003667338385628737,0.2389381536484451,0.3858397652073539,0.936299176570248,0.18221733106782612,-0.1557464289600775,-0.11067699092004227,-1.3239776087608006,-4.39238161048998,-5.028756816093235,-1.1392606756308827,-0.12902397656758066,-0.002282469855929811
3.9,-0.007030376756549998,1.4888551121243339,-1.017264042786331,-0.544203793925504,-0.0005246506598886161,2.418653715481625e-05,-0.2664033129122533,-0.12170683032100515,-0.10451063584100811,-0.027897154465748433,-0.026001160259307463,-0.000365589663375731,0.5238852452252739,0.443798841422141,1.006380457851,0.1961524373053658,-0.13378518802257933,-0.10899867015510234,-1.2833984859706074,-4.333139049953715,-4.97980430466819,-1.1258776053517414,-0.12523995776787508,-0.0022430098813761004
3.91,-0.009639504638216648,1.487689325521465,-1.0182304823549337,-0.5444631991779024,-0.0007797469212195384,2.056969680390336e-05,-0.260912788166665,-0.11657866028689988,-0.09664395686027194,-0.025940525239842704,-0.025509626133092225,-0.00036168403509128906,0.8034836468869572,0.49993274447042907,1.0714663092383903,0.20919600715233067,-0.11056638664141971,-0.10680382362766283,-1.2337179870563482,-4.272423088351239,-4.929034349270202,-1.1120561434622718,-0.12054522959326151,-0.0021903007674380585
3.92,-0.01217476560699561,1.4865799368955979,-1.019113681162398,-0.5447018413604143,-0.0010280364777480679,1.701919406510404e-05,-0.25352609687789635,-0.11093886258669872,-0.08831988074643103,-0.023864218251193746,-0.024828955652852952,-0.00035505027387993174,1.0757351434842708,0.5539561764021058,1.1312460881074475,0.22130551312546576,-0.08634982792505763,-0.10414351813943235,-1.1753425447776578,-4.210546185555246,-4.876698854796147,-1.0978650888267725,-0.11497634476056218,-0.0021247655751853198
3.93,-0.014617856510269598,1.4855318146874386,-1.019909472245338,-0.5449186236603618,-0.0012676848033179257,1.3561745513043342e-05,-0.24430909032739867,-0.10481222081592878,-0.07957910829398973,-0.02167822999474911,-0.02396483255698579,-0.0003457448552060699,1.3387329745151233,0.6055899679400275,1.1854349472023502,0.2324424072006268,-0.06142361173583222,-0.10107773163092859,-1.1087323557974593,-4.147832217268138,-4.82305715759537,-1.0833751502991058,-0.1085757595418865,-0.0020469342702911612
3.94,-0.016951256269487073,1.4845495538340052,-1.0206141152268735,-0.545112554258235,-0.0014969275208224458,1.0223274565299828e-05,-0.23333997592174757,-0.09822608534333481,-0.07046429815356423,-0.019393059787322774,-0.022924271750452023,-0.00033384709477435136,1.5906739982464693,0.6545630783028116,1.2337750267576721,0.24257194861818654,-0.03609946048509727,-0.09767397576865577,-1.0343973237378794,-4.084614008334407,-4.7683747497053455,-1.0686585687814967,-0.10139149330288445,-0.001957439959739388
3.95,-0.019158341280195265,1.4836374511993675,-1.0212243139010266,-0.545282750884198,-0.001714083053684412,7.028688770193305e-06,-0.2207085010708191,-0.09121026346376823,-0.06101986741530799,-0.017019662596291577,-0.021715553286196634,-0.00031945857951065225,1.8298690412828862,0.7006146159942944,1.276036529036236,0.25166303516028776,-0.01070728323324932,-0.09400569770678979,-0.9528929080868862,-4.021230695470051,-4.7129219677074685,-1.0537887261795054,-0.09347676173467967,-0.0018570140802518873
3.96,-0.0212234921278685,1.4827994822926887,-1.0217372317504172,-0.5454284448849682,-0.0019175645307929574,4.001665277641764e-06,-0.20651508476732341,-0.08379689066788852,-0.0512917849390478,-0.014569400077022374,-0.020348147710854525,-0.00030270234925515406,2.0547514263387106,0.7434958572436678,1.3120186756563454,0.25968804545588586,0.014410890778806973,-0.09015049973263123,-0.8648159217437121,-3.9580249594296473,-4.656972651692731,-1.0388397440106434,-0.08488958703604343,-0.001746480579956723
3.97,-0.023132191221970768,1.4820392794588884,-1.022150505331984,-0.5455489847844633,-0.002105890868360296,1.1644468980564784e-06,-0.19086990941022666,-0.07602028338002564,-0.041327358156679976,-0.012053989949508011,-0.018832633756733875,-0.0002837218379585286,2.2638837194574752,0.7829722379749655,1.3415505482226016,0.26662269901473845,0.0389074550095998,-0.08618822259271575,-0.7708003124276555,-3.8953401691511136,-4.600802780719242,-1.0238860747286245,-0.0756923880116949,-0.0016267491472674016
3.98,-0.024871111068065527,1.4813601117214665,-1.022462255472704,-0.5456438393229085,-0.002277696962246793,-1.4623489727403417e-06,-0.17389198460947597,-0.06791677374217478,-0.031175014072015325,-0.009485453844510734,-0.017180609388649706,-0.000262679587079682,2.4559627828268744,0.8188252947314222,1.364491812743173,0.272445939705074,0.062436072867011916,-0.08219894412559947,-0.6715129552128005,-3.8335174818678475,-4.544689091970292,-1.0090020890676081,-0.06595155273191197,-0.0014988075526490864
3.99,-0.026428193004489186,1.4807648664489756,-1.0226710962245749,-0.5457125999604235,-0.002431742934424794,-3.8599064476982926e-06,-0.15570819364236596,-0.05952452724909574,-0.02088407518708051,-0.006876063751500585,-0.015404597217800074,-0.0002397557474957951,2.6298232589610877,0.8508545298916429,1.380733328118659,0.27713984730682384,0.0846586452898066,-0.07826094909134218,-0.5676494753974123,-3.7728929435871974,-4.488907691533909,-0.9942616628806349,-0.055736996066250204,-0.0013637131798048497
4.0,-0.027792716324043083,1.4802560330063412,-1.0227761415355017,-0.5457549828324733,-0.0025669223871968403,-6.011370342458522e-06,-0.13645233195538967,-0.05088334426344629,-0.010504531092672248,-0.0042382872049711515,-0.01351794527720465,-0.00021514638947602287,2.7844396448889754,0.8788791767962726,1.3901976386599453,0.2806895806076417,0.10525220897490684,-0.07444872852603579,-0.4599301130741572,-3.713794633763093,-4.43373266528112,-0.9797377670367783,-0.045121704078584055,-0.0012225838327399722
4.01,-0.028955357780828334,1.4798356885397679,-1.0227770096002544,-0.5457708301459969,-0.0026822696283641334,-7.901986773228102e-06,-0.1162641456785252,-0.04203444665732458,-8.680647527133101e-05,-0.001584731352370403,-0.011534724116729303,-0.00018906164307695803,2.9189271399599113,0.9027398410579434,1.3928393501598886,0.2830833542933684,0.12391557645903006,-0.07083106738756229,-0.34909563342037037,-3.6565398965238254,-4.379434698691543,-0.965502063949722,-0.034181266969319606,-0.0010765879140774066
4.0200000000000005,-0.02990824154687507,1.479505486029427,-1.0226738248633793,-0.545760111006555,-0.002776965839599562,-9.519223709671284e-06,-0.0952883766046739,-0.033020251034084604,0.010318473687499765,0.00107191394419784,-0.009469621123542866,-0.00016172369364431832,3.032541467165429,0.9222999953464298,1.3886453885252532,0.284312450735535,0.14037553661307633,-0.0674692776072674,-0.2359032801388388,-3.6014326985535963,-4.326279714642779,-0.9516245142370157,-0.022993401989651996,-0.0009269340778336518
4.03,-0.030644979732371916,1.4792666447276428,-1.0224672176539302,-0.5457229216684626,-0.0028503441686958957,-1.0852870298874144e-05,-0.07367381854968452,-0.023884130178427776,0.020660720944912114,0.0037189338092352745,-0.007337832909633373,-0.00013336465892028598,3.124677875084207,0.9374473063230311,1.3776351394471082,0.2843712665425988,0.15439244756440829,-0.06441562991279381,-0.12112276387955077,-3.5487611507777843,-4.274527538138494,-0.9381729968583761,-0.01163746754617542,-0.0007748604665541157
4.04,-0.03116070361748045,1.47911994308204,-1.0221583214401748,-0.5456594852016444,-0.0029018937340527847,-1.1895114054318785e-05,-0.05157238851085326,-0.014670164560277994,0.03088962137555114,0.006343646681814847,-0.005154956535688902,-0.00010422437554446411,3.1948695257200814,0.9480947741234255,1.359860467031031,0.283257392694928,0.16576507302768384,-0.0617120320577671,-0.005532273053035196,-3.498795227477933,-4.224430596702924,-0.9252129458595834,-0.00019396957327366918,-0.0006216236481801726
4.05,-0.03145208576390942,1.479065714223283,-1.0217487677010832,-0.545570150570851,-0.002931262536695453,-1.2640595289300791e-05,-0.029138214642897134,-0.005422885875708678,0.04095537390915559,0.008933463079345744,-0.0029368802642668304,-7.454812349820059e-05,3.2427854630139556,0.9541816668446509,1.3354056088169886,0.28097172599481635,0.17433453672233057,-0.05938899358601546,0.11008550864241518,-3.4517847124714374,-4.1762326647316605,-0.912807006564785,0.011255938816046009,-0.00046848737220691846
4.0600000000000005,-0.031517353182137026,1.47910384407585,-1.0212406784204506,-0.5454553911249476,-0.0029382592812821485,-1.3086438462187274e-05,-0.006526741822760709,0.003812985256696766,0.05080892806325583,0.011475944590348341,-0.0006996744586695871,-4.458431728864824e-05,3.268228338462094,0.955674234852773,1.3043869441894163,0.2775186086382915,0.17998729701639427,-0.05746490822387429,0.2249473953123166,-3.407957397632532,-4.130167659481028,-0.9010147137245408,0.022630963378116015,-0.00031671126751488385
4.07,-0.03135629172736447,1.4792337721280082,-1.020636656218974,-0.5453158024962204,-0.0029228541129917105,-1.3232260386438719e-05,0.016106145477255748,0.012992805215834855,0.06040222014767439,0.013958862872722987,0.0015405168290438206,-1.4582192425144453e-05,3.271132045152328,0.9525661923686366,1.2669526328602159,0.27290599186234665,0.18265707411661936,-0.055945674853449034,0.33827372007700485,-3.367517554397545,-4.086458495631111,-0.8898921937512982,0.03385017937044524,-0.0001675396056440132
4.08,-0.030970241886266927,1.4794544948740478,-1.0199397721495105,-0.5451520999120515,-0.0028851782819539927,-1.3080155536813486e-05,0.03860498410975418,0.022072274603953085,0.06968840694633492,0.016370258416886434,0.003767583103771777,1.5210484962523334e-05,3.251559380986188,0.9448789566761736,1.2232821199307877,0.2671456188715311,0.18232569388672104,-0.05482466710388101,0.44929240058171116,-3.3306446940685808,-4.045316004502853,-0.8794918927699636,0.04483354548287509,-2.219025314772799e-05
4.09,-0.030362086099929058,1.4797645719181998,-1.0191535511910865,-0.5449651149238899,-0.0028255227510872657,-1.2634658950454164e-05,0.060815578633786886,0.031007704415205256,0.07862209584240347,0.018698498816158596,0.005965553086672692,4.454965863593222e-05,3.2096998274165816,0.9326616383947289,1.173585504015832,0.26025322163788633,0.17902284458229367,-0.05408305042693895,0.5572430622246978,-3.297492627777764,-4.00693792308491,-0.8698623317911116,0.05550241954268883,0.00011815606505234807
4.1,-0.029536227748691957,1.4801621347058198,-1.0182819554879745,-0.544755791561186,-0.002744335766949852,-1.1902687473865697e-05,0.08258583512371019,0.03975627876200385,0.08715957031119058,0.020932336270379843,0.00811869841374138,7.319714765884665e-05,3.1458674933514783,0.9159907795232324,1.1181027650803126,0.2522487256186814,0.17282477432034504,-0.05369043447591215,0.6613812284240204,-3.268188831962436,-3.971507957068787,-0.8610478898900074,0.06578007416630956,0.0002523660727574118
4.11,-0.028498561904697964,1.4806448978236666,-1.0173293653913031,-0.5445251819208513,-0.002642219416621577,-1.0893460340863709e-05,0.10376658439939922,0.04827631178468875,0.09525900966713699,0.023060964033468932,0.010211635032827461,0.00010092271330019881,3.060499236606798,0.8949698393516321,1.0571028489837808,0.243156456067112,0.16385198691077463,-0.053605838176500775,0.7609825819543713,-3.2428341201892508,-3.9391949211399506,-0.8530886158578685,0.07559221017990754,0.00037936370653346495
4.12,-0.02725643794030922,1.4812101727877975,-1.0163005583721203,-0.5442744412058319,-0.0025199251968313894,-9.618400279601354e-06,0.12421239643887455,0.05652749641308643,0.10288070191829515,0.025074071501941325,0.012229421979018764,0.00012750600612623547,2.95415293908998,0.8697284317972954,0.9908826062828708,0.23300533927698908,0.15226602079631135,-0.05377893540652989,0.8553472951010174,-3.2215026172078587,-3.9101519588646734,-0.8460200683936716,0.08486746524855412,0.0004981392299831918
4.13,-0.025818614067715275,1.48185488421504,-1.0152006858865636,-0.5440048222295338,-0.002378348624664612,-8.091016536473018e-06,0.14378238725939457,0.06447114272425673,0.10998724855566284,0.026961897629802903,0.014157657216677767,0.00015273837431283352,2.827505878265934,0.8404213212037568,0.919765583584495,0.22182909192916878,0.1382654194751538,-0.05415154107703213,0.9438044193293333,-3.2042420262703106,-3.8845158436823786,-0.8398731845358575,0.09353791475624203,0.0006077576000029251
4.14,-0.02419520387907343,1.4825755882525258,-1.014035248285693,-0.5437176694060724,-0.0022185229223306143,-6.3267713692168e-06,0.1623410188641845,0.0720704037485748,0.11654376008708331,0.028715282346142755,0.015982570233399745,0.00017642451672562182,2.681353107761525,0.8072271870819563,0.8441006666741971,0.2096663916229522,0.12208102121033093,-0.054659290863693144,1.0257163176203594,-3.1910741760798467,-3.862406361791662,-0.8346741757030656,0.10153956158634628,0.000707365996910181
4.15,-0.02239761495922321,1.4833684931196773,-1.0128100678745162,-0.5434144122496166,-0.002041611811747023,-4.342931699533434e-06,0.1797588919850219,0.0792904867151552,0.12251804111766913,0.030325715645568605,0.017691111058359122,0.00019838396696833654,2.5166057353489695,0.7703471716196006,0.7642605757574387,0.19656102168715783,0.10397071058432594,-0.05523346307279464,1.1004831148637384,-3.181995829297472,-3.84392577713092,-0.8304444504299944,0.10881281108377817,0.0007962004420199104
4.16,-0.02043847965574658,1.4842294815986352,-1.0115312602366953,-0.5430965584094294,-0.0018489014581772355,-2.1584077260997574e-06,0.1959135303476631,0.08609884789579912,0.12788076378209384,0.031785384018719,0.019271035356978734,0.0002184523973433676,2.334288967890952,0.7300032269725542,0.6806402144162237,0.18256198349935637,0.08421378417711445,-0.0558028882572188,1.1675471340288237,-3.176979730406204,-3.82915837822092,-0.8272005626557636,0.11530292715545293,0.0008735914393595452
4.17,-0.018331578114808796,1.4851541352926536,-1.010205203953198,-0.5427656862705219,-0.0016417916058971114,2.0641961850315034e-07,0.21069015409377867,0.09246536940184372,0.13260562834973563,0.033087213890751706,0.020710985228012416,0.00023648273446029075,2.1355397807571803,0.6864362823197174,0.5936548752867755,0.16772356978493885,0.0631050872190535,-0.05629589121082135,1.2263972785574815,-3.1759758669869567,-3.818170106368755,-0.8249541842532114,0.12096046520315128,0.0009389685925542833
4.18,-0.016091753726225795,1.4861377604577304,-1.008838508854674,-0.5424234371531201,-0.0014217859528912562,2.729880428766839e-06,0.22398243885830008,0.0983625165076858,0.13666950985237744,0.03422491174017189,0.022000565300585525,0.00025234608102636885,1.921604064056945,0.6399042533528002,0.5037383069746573,0.15210539270766166,0.04094907750504184,-0.0566422108302882,1.276573314831363,-3.178912915175407,-3.8110082646339207,-0.8237121003818865,0.12574167739852343,0.0009918641632411136
4.19,-0.013734821167484586,1.48717541520088,-1.0074379829584081,-0.542071507147332,-0.0011904818158893422,5.389204839950317e-06,0.2356932558741209,0.10376547431496574,0.140052589626594,0.03519300057882002,0.023130413700191407,0.00026593244111834777,1.6938330998131637,0.5906799192231597,0.41134064831059797,0.1357723610415773,0.018053967419843886,-0.05677484587746329,1.3176700029351598,-3.185699837326478,-3.807701307021771,-0.8234762262063245,0.1296088857173181,0.0010319155533927385
4.2,-0.011277467293433738,1.4882619378291657,-1.006010598251214,-0.5417116386224682,-0.0009495591416219543,8.16071732923938e-06,0.24573538740508485,0.10865226282856866,0.1427384707194064,0.03598685248637787,0.02409226742673879,0.00027715124892890635,1.4536792327133263,0.5390486939259924,0.3169262376847239,0.1187946012887644,-0.00527391503066621,-0.05663177872858083,1.3493410195071365,-3.196227597790826,-3.8082587075817997,-0.8242436435432136,0.13253081815901413,0.0010588667103194748
4.21,-0.008737145185051132,1.4893919761270202,-1.0045634554894507,-0.541345611453374,-0.0007007689249522904,1.1020034364913888e-05,0.2540322108382605,0.11300382978545913,0.14471427617631955,0.036602716909417694,0.024879021666966396,0.0002859317035674508,1.2026906118084661,0.4853063206195396,0.2209713068393856,0.10124731831670442,-0.028735419171171728,-0.056157534500623885,1.3713026134356603,-3.2103709612782145,-3.8126709094225952,-0.8260066560821927,0.1344829036949146,0.0010725684695007108
4.22,-0.006131961745666914,1.4905600173355729,-1.003103748196298,-0.5409752340088163,-0.00044592109945126824,1.3942263514296797e-05,0.2605183439384219,0.11680412085526533,0.14597072931525915,0.03703774445577311,0.02548478255010221,0.0002922229149382908,0.9425049008043666,0.429756518408677,0.12396157012251627,0.08321059190682534,-0.0520434087441064,-0.0553045392445507,1.3833369336734627,-3.2279903376076544,-3.8209093540770267,-0.8287528619584709,0.1354475217144963,0.0010729778663907006
4.23,-0.003480559314503831,1.4917604186066986,-1.0016387260444213,-0.5406023339494189,-0.00018687197093717644,1.690220219416113e-05,0.2651402431163083,0.12004012711257599,0.14650221518767426,0.03729000593973642,0.02590491285140918,0.00029599386798643304,0.6748418794976833,0.37270861163723495,0.026389721765235886,0.06476910653422308,-0.07492705294221391,-0.05403424789140798,1.3852949685880669,-3.24893363677094,-3.832926592117882,-0.8324652426317002,0.13541420207399746,0.001060156463546948
4.24,-0.0008019918533476926,1.492987437706299,-1.000175657819037,-0.5402287488847977,7.448873060967193e-05,1.9874534340766634e-05,0.26785674611561383,0.1227019099600415,0.14630682253841673,0.03735850646212222,0.02613607015468484,0.00029723321466055067,0.40149488742137207,0.31447517170544714,-0.07124714478453753,0.046011812753660064,-0.09713550249000047,-0.05231802006924302,1.3770990380747627,-3.273038099191412,-3.8486564763863838,-0.8371222672325853,0.13437977228644366,0.001034267753450981
4.25,0.0018844036496725716,1.4942352637458336,-0.9987217941620579,-0.5398563169413846,0.0003362511006383587,2.28340233884211e-05,0.2686395503020264,0.12478260395345835,0.1453863656979213,0.037243194341308815,0.026176237002868672,0.0002959489047654469,0.12432109175538025,0.2553697008481854,-0.16845018008962637,0.027031519684136696,-0.11844090396685802,-0.05013772948648715,1.3587447830930441,-3.3001320678487525,-3.868014439601481,-0.8426980117627223,0.13234844891828998,0.0009955737098588636
4.26,0.004559139827202632,1.4954980477282336,-0.9972843303023334,-0.5394868672939177,0.0005964985266002734,2.5755700072782927e-05,0.26747361775300604,0.1262783982400018,0.14374638597243766,0.03694496474668313,0.026024742596191464,0.00029216766843618246,-0.15476940615528847,0.19570438617394348,-0.26472146793799267,0.007924419314618764,-0.13864072755345624,-0.047486100081801236,1.3303026022530482,-3.330036671541551,-3.890897858412953,-0.8491622927589406,0.12933187086100695,0.0009444305710962714
4.2700000000000005,0.0072027148132326226,1.4967699327038715,-0.9958703689799417,-0.5391222107146768,0.0008533212829985649,2.8615043715190477e-05,0.26435749860299906,0.12718849756378503,0.1413961322391686,0.03646565792408665,0.02568227563982916,0.0002859343642407549,-0.4338255789207423,0.13578795058942772,-0.35956674294896435,-0.011210455375119888,-0.15755940448845918,-0.04436676934210193,1.2919184914258945,-3.3625673919245522,-3.9171865060957267,-0.8564808152452871,0.12534907281011295,0.0008812839471161333
4.28,0.00979575045914074,1.4980450833440153,-0.9944868837739267,-0.5387641301952422,0.00110483016297257,3.138815579408516e-05,0.2593035645908117,0.1275150640143939,0.13834852060150898,0.03580805194346229,0.025150887997400496,0.0002773112078894678,-0.7108685177050998,0.07592362504637856,-0.45249811815832275,-0.03027183516494003,-0.17504929000175462,-0.04079408593065681,1.2438142498840645,-3.397535491011209,-3.9467430960119483,-0.8646153349785303,0.12042639799132974,0.0008066633481448713
4.29,0.012319131913856387,1.4993177147529138,-0.9931406830427926,-0.5384143716958275,0.0013491700516931045,3.405192476592391e-05,0.25233814547156475,0.1272631408898369,0.1346200731134082,0.03497584994145997,0.02443398887205345,0.0002663768971838752,-0.9839054057829991,0.016407263886778507,-0.5430368035644321,-0.04915687757199172,-0.1909909847266702,-0.03679265490245387,1.18628702496236,-3.4347492804733157,-3.9794139176565504,-0.8735238351328221,0.11459734990481382,0.000721176236210695
4.3,0.014754147532613142,1.5005821203550325,-0.9918383746853993,-0.53807463507707,0.0015845333448143157,3.6584181257614374e-05,0.24350156187567548,0.12644056021186098,0.1302308357393292,0.033973661875749926,0.023536329312121133,0.00025322564916904636,-1.2509442871269496,-0.04247437801561392,-0.6307157962390288,-0.06776188210389567,-0.20529306212799092,-0.032396649216229534,1.1197081764088523,-3.4740152191741753,-4.015029566529817,-0.8831607176544483,0.10790238359475277,0.0006255017017106814
4.3100000000000005,0.017082628025577286,1.5018326987106911,-0.9905863319266451,-0.5377465652685433,0.0018091731140331857,3.896384291220133e-05,0.23284804929641434,0.12505783556586994,0.12520427587540867,0.03280698085267483,0.022463976921887,0.00023796616545869502,-1.5100094734009044,-0.10044519104892603,-0.7150825224659841,-0.08598305056356415,-0.21789126097904354,-0.027648910923386616,1.0445214511996375,-3.5151388307961797,-4.053405768239762,-0.8934770095400844,0.10038863767485254,0.0005203838654560493
4.32,0.019287083716935,1.5030639791310663,-0.9893906603274821,-0.5374317437271925,0.002021415921514454,4.117104832609587e-05,0.2204455691357715,0.12312804203751217,0.1195671599162982,0.031482154135072146,0.021224280748126843,0.00022072054138945433,-1.7591574143203954,-0.15724106802888604,-0.7957014124630803,-0.10371728399801805,-0.2287472102272048,-0.022599869276626494,0.9612404693531013,-3.557925439012004,-4.0943442961386864,-0.904420584247175,0.09210960903372932,0.0004066251024470444
4.33,0.021350838757958557,1.504270645981886,-0.988257166212394,-0.5371316802373722,0.0022196741855930817,4.318727966650588e-05,0.20637550410235553,0.12066668508197124,0.11334941150881392,0.030006348982023204,0.019825826407862773,0.0002016231340410012,-1.9964928425820034,-0.2126110650658481,-0.8721563885671412,-0.12086300682287066,-0.23784675872015626,-0.01730630605686123,0.8704455309445012,-3.6021807232353087,-4.1376339804694675,-0.9159363983327349,0.08312477279355776,0.0002850791771641557
4.34,0.023258161124955268,1.5054475615837812,-0.9871913266995336,-0.5368478051022085,0.00240245800179467,4.4995473699040346e-05,0.19073223669967093,0.11769156018951604,0.10658395128604281,0.02838751351637185,0.018278381620158803,0.00018081940325344667,-2.220184995643414,-0.26631836245360596,-0.9440532483203692,-0.13732100770441624,-0.24519798435511042,-0.011830000659530882,0.7727797638602695,-3.6477111034063623,-4.1830518054821955,-0.927966743241188,0.0734991506888944,0.00015664437169187959
4.3500000000000005,0.024994387235282883,1.5065897876358036,-0.9861982615093126,-0.5365814617736236,0.002568386325822336,4.6580121085135846e-05,0.17362261103276166,0.11422260520225143,0.09930651902210705,0.026634332858486612,0.01659283240276661,0.00015846473860955007,-2.4284837125371466,-0.31814102589002485,-1.0110219246556178,-0.15299528606284163,-0.2508289565712225,-0.0062362889456801796,0.6689446406458501,-3.6943239673590034,-4.230364089339913,-0.9404515119312169,0.06330283156167327,2.2256677850779642e-05
4.36,0.026546040031895708,1.5076926051067379,-0.9852827067164462,-0.5363338999655697,0.00271619742873254,4.792735392475403e-05,0.15516527966128257,0.11028174709342256,0.09155547928663589,0.024756180805396367,0.014781110291020423,0.00013472328396181847,-2.6197352044158286,-0.3678725722347501,-1.0727186063521772,-0.1677938924757716,-0.2547853231173729,-0.0005925705584899355,0.5596949009347463,-3.7418277589274207,-4.27932773993442,-0.953328479758145,0.05261044812764501,-0.0001171168869046682
4.37,0.027900939418946717,1.5087515325561787,-0.984448990598371,-0.5361062692918444,0.00284475853902977,4.9025021619888475e-05,0.13548993870510104,0.10589274494407493,0.08337161180752142,0.02276306737252913,0.012856111029722962,0.00010976676951344458,-2.7923973023106714,-0.41532234771033244,-1.1288277030749256,-0.18162975096831158,-0.2571277871621067,0.005033200606525234,0.44583292328330626,-3.790031948950535,-4.32969157805809,-0.9665335987272482,0.04150061455652258,-0.0002604847923340016
4.38,0.02904830397730131,1.5097623428636302,-0.9837010117196782,-0.5358996134663407,0.002953074591801708,4.986275521742708e-05,0.11473645583545936,0.1010810307451563,0.07479788786928351,0.020665582550361234,0.010831605277193804,8.377335975386018e-05,-2.945053994125333,-0.46031572987331676,-1.1790636406220534,-0.1944214510705642,-0.2579295346011321,0.010574008795755319,0.3282025967058144,-3.838746914604708,-4.381197717808162,-0.9800013039217261,0.030055329723536164,-0.00040683730218236453
4.39,0.02997884294865585,1.5107210783588279,-0.983042219377868,-0.5357148650997422,0.0030402960112289406,5.043202045497103e-05,0.0930538971354539,0.09587354951976293,0.0658792341810184,0.018474836659858156,0.008722141942723274,5.6926523754395475e-05,-3.0764290746091314,-0.5026941677363663,-1.223172473454383,-0.20609399770125947,-0.2572736643855986,0.01596521901407444,0.2076827477755291,-3.887783754953474,-4.433582992716809,-0.9936648306050105,0.01835935123690823,-0.0005551525526625814
4.4,0.0306848375493332,1.5116240643598708,-0.9824755965204545,-0.5355528411225596,0.0031057254597611195,5.072615977997627e-05,0.07059946006773506,0.09029860010430145,0.056662285741354554,0.016202397718253356,0.006542944853217884,2.9413932500524234e-05,-3.1853987462892777,-0.5423150770384028,-1.2609333031386245,-0.21657950737623466,-0.25525066735633395,0.021145939160129412,0.0851801838363418,-3.9369540721822083,-4.486580414977668,-1.0074565402181392,0.006499545529108845,-0.0007044023925394396
4.41,0.031160210758627654,1.5124679211374055,-0.9820036452273834,-0.5354142388600582,0.0031488234948706564,5.074042364126765e-05,0.047537320929445584,0.08438567775346223,0.047195129307109375,0.013860226250137542,0.004309803510953699,1.4263861291374764e-06,-3.2710030254098315,-0.5790516097786624,-1.2921594930040974,-0.22581783989447146,-0.2519559918901315,0.026060273457872984,-0.03837758330746312,-3.9860697486511922,-4.539920654341294,-1.0213082532554776,-0.005435780573842073,-0.0008535579858905785
4.42,0.03140058482056617,1.513249574332876,-0.9816283748360162,-0.5352996327800812,0.0031692130824854028,5.047199136333488e-05,0.02403740619385179,0.07816531954704695,0.03752703913672164,0.011460607997701381,0.0020389587614746533,-2.6843227793276846e-05,-3.332455824166328,-0.6127923187038016,-1.3166996710322232,-0.23375715561298716,-0.24748772803937769,0.030658441934452885,-0.16204986583307146,-4.034942749643461,-4.59333352282556,-1.0351515868193997,-0.017357561314114207,-0.0010015951885036837
4.43,0.03140332580085593,1.5139662638666964,-0.9813512927687318,-0.5352094719301002,0.0031666829248702807,4.991998190913865e-05,0.0002740980289759852,0.07166895338205198,0.02770820672843386,0.009016084998102155,-0.0002530157615121885,-5.5200945419623366e-05,-3.369153598298199,-0.6434407384368256,-1.3344385147853866,-0.2403543895507756,-0.2419444360708436,0.03489774410273094,-0.28489051078726285,-4.083384980521952,-4.646549451362831,-1.0489182945368458,-0.02917666096938979,-0.0011474997171329027
4.44,0.031167574651294473,1.5146155513780588,-0.981173398105669,-0.5351440780750487,0.0031411895697810027,4.908545481821064e-05,-0.023575114956145962,0.0649287511362475,0.017789466306286167,0.006539385505145642,-0.002549335508927818,-8.345270909280022e-05,-3.380682466877765,-0.670914905345788,-1.3452973139858302,-0.24557563493217316,-0.23542314058770586,0.03874334876470309,-0.4059557220956838,-4.1312082249857065,-4.699300944892182,-1.0625406064734448,-0.04080456480099631,-0.0012902721372225127
4.45,0.03069426435073764,1.5151953262420088,-0.9810951779274282,-0.5351036445426813,0.0030928582770593364,4.797140157585314e-05,-0.04733103005568344,0.05797748639500225,0.007822017824076828,0.004043353236732879,-0.004833129272166644,-0.00011140532423575026,-3.3668237284576508,-0.6951468380735679,-1.349234308178264,-0.24939643029382896,-0.22801750782891794,0.042168895920971394,-0.5243119213126922,-4.178224188291695,-4.751324003190662,-1.0759515667055197,-0.05215406648775015,-0.0014289326990251164
4.46,0.02998612281360194,1.5157038102114717,-0.9811166064348423,-0.5350882357783933,0.0030219826283912504,4.6582727628832155e-05,-0.07081415371357003,0.050848396946279836,-0.0021428507414115987,0.001540876428809449,-0.00708756486680861,-0.00013886739470209873,-3.3275577142800894,-0.7160819999031444,-1.3462447987175101,-0.25180194595563243,-0.2198162212753818,0.04515690101367875,-0.6390435742019629,-4.224244665770339,-4.8023594958886004,-1.089085366303023,-0.0631399466043096,-0.0015625260541850693
4.47,0.029047661382626367,1.516139560732214,-0.9812371468353546,-0.5350977876066836,0.0029290228756243676,4.4926225216031984e-05,-0.0938461430975572,0.043575052074222895,-0.01205404005122484,-0.000955182829028386,-0.009295975276688285,-0.000165650241280017,-3.2630659348249123,-0.7336787628517184,-1.3363610361155809,-0.2527870673938395,-0.2109015692177163,0.047698956122101954,-0.7492609101958585,-4.269081852810265,-4.852154481578647,-1.1018776696296095,-0.07367963677795628,-0.0016901258847961077
4.48,0.02788514885110178,1.5165014729774513,-0.9814557559682777,-0.5351321081917978,0.0028146030327634076,4.3010537132227825e-05,-0.11625125315245866,0.03619122452374656,-0.021860913292320604,-0.003432058511425328,-0.011441984286096014,-0.00019156880838041592,-3.1737314904864107,-0.747907891616821,-1.319651885528592,-0.25235637486710694,-0.20134825726593952,0.049795727122073696,-0.8541074622054231,-4.312548807834714,-4.9004634626365196,-1.1142659320676707,-0.0836938642525687,-0.0018108394747200613
4.49,0.026506571089919925,1.5167887806461586,-0.9817708916243862,-0.535190879685584,0.0026795067264621226,4.084611149269724e-05,-0.1378577761181857,0.02873076687072334,-0.0315135656108497,-0.0058771493786197,-0.013509630630128493,-0.00021644256395305855,-3.060137730695378,-0.7587520632990089,-1.2962222748611358,-0.25052402045807565,-0.19122245861531262,0.051456750153111575,-0.9527673551488228,-4.3544600747651705,-4.947049569242235,-1.1261897075117269,-0.09310727170383407,-0.0019238122486959618
4.5,0.02492157648557495,1.5170010555653353,-0.9821805224990587,-0.5352736605462862,0.002524671829444422,3.844514751911823e-05,-0.15849946043449775,0.021227491917671624,-0.04096308746724783,-0.008278086070218734,-0.015483489701770076,-0.00024009639735790076,-2.923065158483953,-0.7662054362676897,-1.2662124315961416,-0.24731350545010677,-0.180581114924534,0.052700034906252746,-1.044472272959564,-4.394632466200799,-4.991685668032536,-1.1375909442261238,-0.10184900728758525,-0.002028232298666622
4.51,0.023141407525676186,1.517138206131792,-0.9826821407026742,-0.5353798885079183,0.002351183910758428,3.5821532326306626e-05,-0.17801689598987622,0.013715056645661671,-0.05016182036155262,-0.01062279616321004,-0.017348791868599413,-0.0002623615192811602,-2.7634865895787666,-0.7702732786968618,-1.2297969160096813,-0.24275736265176828,-0.16947150054351745,0.053551486164565176,-1.1285080357735162,-4.432886003177011,-5.034155392735208,-1.148414267915185,-0.1098532800672663,-0.002123334909057511
4.5200000000000005,0.0211788189976216,1.5172004746237022,-0.983272776737286,-0.5355088841760413,0.002160268546042164,3.299076865787104e-05,-0.19625885280545888,0.006226849191016995,-0.05906360346117048,-0.01289956681229577,-0.01909153647162639,-0.0002830763668435587,-2.5825605869129715,-0.7709716642574993,-1.1871834598872373,-0.23689674983151487,-0.1579310622333061,0.05404415861495915,-1.2042207215384815,-4.469045002046476,-5.074254095940704,-1.1586072510884564,-0.11705987616185655,-0.002208407083769478
4.53,0.019047983392845396,1.5171884334065135,-0.9839490168348659,-0.5356598552222402,0.001953282540008743,2.996989349958846e-05,-0.21308356047762028,-0.0012041217188742152,-0.06762400975799648,-0.01509710461989403,-0.020698600603342086,-0.00030208751582825797,-2.3816232032962352,-0.7683272392996879,-1.1386116212160085,-0.2297809618290083,-0.1459875451095236,0.054217363149009934,-1.271022269510864,-4.502939293897867,-5.111789722771185,-1.1681206680050351,-0.12341463118746543,-0.0022827920677406265
4.54,0.016764384232465686,1.5171029800520872,-0.9847070225397254,-0.535831901146389,0.0017317041220941993,2.6777387494645276e-05,-0.2283599160379712,-0.008545335442627998,-0.07580057048595049,-0.017204592414872953,-0.022157841791454403,-0.0003192506004943184,-2.1621780772224666,-0.7623770626754588,-1.0843512665647788,-0.2214668701011231,-0.1336594130683455,0.0541156456007188,-1.3283955070746618,-4.534405557134623,-5.146583608536678,-1.176908734636157,-0.128869854840089,-0.0023458938454757597
4.55,0.014344698149139697,1.5169453313844292,-0.9855425524061481,-0.5360240185729167,0.0014971221846043629,2.343307509683772e-05,-0.2419686083325988,-0.01576486676580995,-0.08355298664226096,-0.019211742652769336,-0.023458193748983648,-0.0003344312397807557,-1.9258849397259954,-0.7531685162258736,-1.0247008939745281,-0.21201829945982897,-0.12095656820351408,0.0537876611378405,-1.3758985461028577,-4.5632887395176525,-5.178471203464748,-1.1849293331851072,-0.13338470378890951,-0.002397181588331342
4.5600000000000005,0.011806666673339074,1.5167170164603312,-0.9864509856718947,-0.53623510704477,0.0012512246406986363,1.99580154278563e-05,-0.2538031475800622,-0.022831492409798815,-0.09084332657465918,-0.021108847185330456,-0.024589754390572652,-0.00034750596689814186,-1.6745466040594064,-0.7407592809647346,-0.959985810157435,-0.2015053524951691,-0.10788136860654873,0.05328496924005166,-1.4131685007305201,-4.589443542262489,-5.207302728213604,-1.1921442207430335,-0.13692549942346485,-0.002436194011982677
4.57,0.009168958778863335,1.5164198684889145,-0.9874273477590991,-0.5364639752766016,0.0009957859871053154,1.6374383853815764e-05,-0.263770789447574,-0.029714797141661618,-0.09763620872044465,-0.022886823183168682,-0.025543865359332105,-0.00035836315740405366,-1.410094524923011,-0.7252173712077525,-0.890556176618742,-0.19000369269288786,-0.09442993742108996,0.052660775431803364,-1.4399244849500978,-4.61273593579083,-5.232943764110527,-1.1985192216381662,-0.13946598742707905,-0.0024625435957829006
4.58,0.006451025340919967,1.5160560156906573,-0.9884663374462046,-0.5367093478269175,0.0007326541635181826,1.2705344364545795e-05,-0.27179334379433673,-0.0363852798257306,-0.10389896871054564,-0.02453725503159122,-0.026313182358713272,-0.0003669039489269969,-1.134573030057772,-0.706621216388159,-0.8167849399779884,-0.1775937975180355,-0.08059374821305809,0.05196864662261813,-1.455969855867956,-4.633044674571008,-5.255275781902303,-1.2040244029590113,-0.1409875366342025,-0.0024759206070217132
4.59,0.0036729467491544874,1.5156278710941902,-0.9895623555480103,-0.5369698721474746,0.0004637368071154719,8.974912926516412e-06,-0.27780785917654793,-0.0428144596467228,-0.10960181018056869,-0.026052432055713566,-0.02689173564027107,-0.0003730431438029383,-0.8501223441468646,-0.6850597781240733,-0.7390656622626339,-0.16436019273007574,-0.06636146280465383,0.05126122711975678,-1.461193676738686,-4.650262777221891,-5.274196612287495,-1.208634232608291,-0.14147927516978995,-0.0024760968657455296
4.6000000000000005,0.0008552749962106422,1.5151381212681065,-0.9907095349356079,-0.5372441259671378,0.000190987006502832,5.207812085674479e-06,-0.2817671752943845,-0.04897498260835639,-0.11471793875975417,-0.027425381966315786,-0.02727498006126399,-0.0003767100840841933,-0.5589605429314292,-0.6606326883049051,-0.6578102672537861,-0.1503906790138081,-0.05172098800388891,0.050588982096015034,-1.4555713829405428,-4.664298937756074,-5.289620860669408,-1.2123277190871502,-0.14093816246098145,-0.0024629291801032066
4.61,-0.001981128371674215,1.5145897139853646,-0.9919017717239695,-0.5375306249666583,-8.361133546035051e-05,1.429317218324603e-06,-0.2836403367884857,-0.05484072827420707,-0.11922367883616129,-0.028649899952050552,-0.027459834196318252,-0.0003778494867349876,-0.2633645938762368,-0.6334503925835799,-0.5734467191087641,-0.13577556154728132,-0.03666170754872988,0.04999899459356505,-1.4391646437511523,-4.6750788345280565,-5.3014802674884125,-1.2150885320347826,-0.13936899634904462,-0.0024363623783725885
4.62,-0.0048152570032664885,1.5139858448196353,-0.993132757452177,-0.5378278307004201,-0.00035805841611285204,-2.3349050357105556e-06,-0.28341286315922737,-0.06038691657291916,-0.12309857282074048,-0.02972057337617712,-0.02744470806525015,-0.00037642222540351585,0.034349341857974176,-0.6036342827189121,-0.48641664943202284,-0.12060689253658285,-0.021176835520057502,0.049533841015791155,-1.4121204229673783,-4.682546305126243,-5.309724014243185,-1.2169051023757833,-0.1367843552041485,-0.0023964318620807593
4.63,-0.0076261257140538725,1.5133299426762166,-0.9943960120797051,-0.5381341587210858,-0.0006303536073611946,-6.058965475846017e-06,-0.28108687107873837,-0.06559021434186652,-0.12632546275280768,-0.03063280206657757,-0.027229519124834255,-0.0003724060440135461,0.33184615357409125,-0.5713168007262642,-0.39717294874896314,-0.10497773593432314,-0.005265828014098917,0.04923056856981961,-1.374669251888976,-4.686664358065015,-5.314318973981435,-1.217770700775469,-0.13320447564595406,-0.002343265605064858
4.64,-0.01039293618385512,1.5126256542648568,-0.9956849176217399,-0.5384479868632472,-0.0008985105700197278,-9.716927341860296e-06,-0.2766810469801248,-0.07042884113598043,-0.12889055420348297,-0.03138281421614207,-0.026815696265853308,-0.0003657961866014279,0.6267923622643521,-0.5366414977637873,-0.30617733792823426,-0.08898146267568219,0.01106321846733449,0.04911979627966634,-1.3271227387245248,-4.687415995621405,-5.315249903726528,-1.217683492991063,-0.1286570671860813,-0.0022770855259702807
4.65,-0.013095240879074804,1.5118768275280001,-0.9969927522471477,-0.5387676636426112,-0.0011605722865991055,-1.3282986615670692e-05,-0.2702304695219682,-0.07488267368567549,-0.13078346254077486,-0.03196767793640001,-0.02620617165793777,-0.0003566059273810395,0.9168768153880688,-0.4997630311012508,-0.21389793454737557,-0.07271108369430346,0.027791260079393254,0.04922495902362711,-1.26987034882856,-4.6848048264120035,-5.31251957509981,-1.2166465706508698,-0.1231770658193931,-0.00219820816651724
4.66,-0.015713103712218544,1.511087494045466,-0.9983127246643395,-0.5390915167279153,-0.0014146258905287441,-1.673165646552243e-05,-0.2617862833143741,-0.07893334825340835,-0.13199724171918717,-0.0323853085304125,-0.02540536039296388,-0.000344866984985174,1.1998312600666226,-0.4608470833676692,-0.12080682846951596,-0.0562586269363472,0.044886172729222906,0.04956171157999245,-1.2033755000768496,-4.678855451182075,-5.306148838385852,-1.214667956008205,-0.11680632928380356,-0.0021070446147841157
4.67,-0.018227255983475247,1.5102618504453067,-0.999638008622812,-0.5394178614436279,-0.001658817170451347,-2.003795451784808e-05,-0.2514152271256704,-0.08256436001593385,-0.13252839584724901,-0.0326344715712622,-0.024419127992260283,-0.000330629805232565,1.473450551538007,-0.42007018952881076,-0.02737768006467816,-0.039714563396658686,0.062300877487412976,0.05013750689494123,-1.1281710268653984,-4.669613610614872,-5.296176614543393,-1.2117605793113462,-0.10959327736651675,-0.0020040996215912503
4.68,-0.02061924619979038,1.5094042388603865,-1.0009617773614885,-0.539745009262528,-0.0018913646300748879,-2.3177591494038646e-05,-0.23919902163151327,-0.08576115849201052,-0.13237687386763838,-0.03271478189001186,-0.023254745962354082,-0.00031396369761905655,1.73561224998013,-0.37761945866655205,0.06591664646541649,-0.02316728610288199,0.07997180725135955,0.05095135973146192,-1.0448540744225396,-4.657146089580384,-5.282659809246082,-1.2079422276096847,-0.1015924812421106,-0.0018899698685994346
4.69,-0.022871582435609075,1.5085191264809266,-1.0022772378390512,-0.5400712762484452,-0.002110572987143905,-2.6127159614349884e-05,-0.22523362358186957,-0.08851123794600264,-0.1315460477562797,-0.032626698591723166,-0.021920835706901724,-0.0002949568120311237,1.9842953599862627,-0.33369217958179914,0.15860640323733502,-0.006702644780942235,0.0978177929013242,0.051993803515639536,-0.954080492116716,-4.641540377932527,-5.265673142981915,-1.2032354640786005,-0.0928642063693863,-0.0017653413586915868
4.7,-0.024967865985655903,1.507611084264637,-1.0035776645861394,-0.540394991410747,-0.0023148459994128965,-2.8864319053537726e-05,-0.20962835500468294,-0.09080422162894809,-0.13004267470881237,-0.032371516230178886,-0.020427301226899144,-0.0002737159439187844,2.2175979735096756,-0.28849530146792757,0.25022722201361014,0.00959646213191015,0.11573943906460116,0.0532470445820874,-0.8565588000243206,-4.622904093531523,-5.245308891563669,-1.197667517284834,-0.08347391393586603,-0.001630985912275921
4.71,-0.026892915162609204,1.5066847648779156,-1.0048564330244922,-0.5407145049335614,-0.002502698511063557,-3.13679806367236e-05,-0.19250491769533007,-0.09263193867215021,-0.1278768438352919,-0.03195135228144833,-0.018785251165066064,-0.00025036615831858716,2.433753589274968,-0.24224478335260924,0.34032231155517684,0.0256504375336582,0.1336190480681072,0.054685314144977015,-0.7530438070335821,-4.601364178420632,-5.221676532097302,-1.1912701402185806,-0.0734917262099483,-0.0014877567670002131
4.72,-0.028632878209768745,1.505744879953659,-1.0061070521037643,-0.5410281962441973,-0.002672767619773832,-3.361848289320726e-05,-0.17399630471595426,-0.09398849242565697,-0.1250619079272134,-0.031369131063588886,-0.017006910871027466,-0.00022505022564836604,2.631145899561304,-0.1951648086257905,0.42844458100798105,0.04138327814626985,0.15132113594421526,0.056275414212874075,-0.644329961093691,-4.577065883845599,-5.1949022904914015,-1.1840794393720897,-0.0629918614324949,-0.0013365832926515477
4.73,-0.03017533442885315,1.5047961767632987,-1.0073231961127191,-0.5413344818867454,-0.0028238228725638703,-3.559776154374604e-05,-0.15424562190844035,-0.09487031903603049,-0.12161440089548131,-0.03062856425480908,-0.015105525279003832,-0.00019792786505387725,2.808321858732013,-0.14748686370254283,0.5141586824705612,0.05672281074323471,0.16869356683160852,0.05797744937306826,-0.5312445128237258,-4.55017156391837,-5.165128587919105,-1.1761356746274991,-0.05205204404697706,-0.0011784648473880637
4.74,-0.03150938276358404,1.503843414412449,-1.0084987355277641,-0.5416318231684014,-0.0029547754075291374,-3.7289509485867484e-05,-0.13340483347308868,-0.09527623508496766,-0.11755394150449437,-0.02973412816560546,-0.013095253496526706,-0.00016917479421214453,2.964002876532296,-0.09944868265147938,0.5970429669881375,0.0716008742172749,0.18556931234306795,0.05974573194430555,-0.41464057258135883,-4.52085930107296,-5.132513385198751,-1.1674830312073705,-0.04075289612849332,-0.001014463815570822
4.75,-0.03262571722810074,1.5028913396808243,-1.0096277667682334,-0.5419187335476213,-0.0030646859685153566,-3.8679325364022197e-05,-0.1116334464516701,-0.09520747316248108,-0.11290312404693431,-0.028691037921992377,-0.010991056098621933,-0.00013898158781547147,3.0970940123579447,-0.05129306239736697,0.6766913492418739,0.08595345033083368,0.20176882113836747,0.06152984354786817,-0.29539013832701294,-4.489321388958483,-5.097229425763932,-1.1581693654173735,-0.029177315829113655,-0.0008456978810215112
4.76,-0.033516688722655744,1.501944662637576,-1.0107046407344047,-0.5421937857347939,-0.0031527717305603565,-3.97548488679717e-05,-0.08909714945550055,-0.09466770432483107,-0.10768739661711983,-0.02750521871726395,-0.008808576204499974,-0.00010755235039495084,3.206691083549682,-0.0032665558219383945,0.7527150771382735,0.09972074663582342,0.2171029618689797,0.06327583174777152,-0.17437716733210787,-4.455762700020678,-5.059463379663857,-1.1482459263501446,-0.01740984851573734,-0.0006733316022420454
4.7700000000000005,-0.03417635293447549,1.5010080321727053,-1.0117239900108945,-0.5424556184776845,-0.003218411885369048,-4.050588099404116e-05,-0.06596642118197457,-0.09366304648707843,-0.10193492764898411,-0.026183274289063002,-0.006564015480869148,-7.510321260694575e-05,3.292085640239635,0.0443819473133852,0.8247444033351087,0.11284723559048082,0.23137648073890382,0.06492751623355542,-0.05249075914814897,-4.420398965739815,-5.019414892787183,-1.1377670561030426,-0.005536056045854858,-0.0004985673677478815
4.78,-0.03460050417609359,1.500086011593491,-1.0126807546247845,-0.5427029430054561,-0.0032611519480263283,-4.09244876291696e-05,-0.042415124161809994,-0.09220205792141083,-0.09567646138898443,-0.024732452777157465,-0.004274006265728031,-4.186066351284393e-05,3.352767800129306,0.09140273926367033,0.8924301564474367,0.1252816543760149,0.244391894102872,0.06642787517515769,0.06938148949807263,-4.383454997360166,-4.9772955471566895,-1.1267898713741034,0.0063581106816315,-0.00032263581998683184
4.79,-0.03478669516388565,1.4991830544417584,-1.0135702062545413,-0.5429345491066112,-0.003280706758401709,-4.100508497559265e-05,-0.018619098779205853,-0.09029571517327994,-0.08894516297568206,-0.023160610115510544,-0.0019554810375380883,-8.059734642304752e-06,3.38842697749787,0.1375468984301277,0.955445210257797,0.1369769703092798,0.2559537177279321,0.06772047905903733,0.19035990483255497,-4.345162874041743,-4.933327739628152,-1.115373929528123,0.01818693113488843,-0.00014678584517791092
4.8,-0.03473424288312131,1.4983034806931035,-1.014387970792516,-0.5431493108177137,-0.003276962163063881,-4.074450552216883e-05,0.005245228076433805,-0.08795737486549848,-0.08177645379747939,-0.021476171110249447,0.0003744595337827972,2.6057945342381542e-05,3.398950580331811,0.18256796216274682,1.0134858497056212,0.147890317040984,0.26587291846474415,0.06875093666745435,0.309578886329593,-4.305760123794091,-4.887743487587397,-1.1035808823614661,0.029865522169907864,2.7725766302815293e-05
4.8100000000000005,-0.034444220820016636,1.4974514535027723,-1.0151300491705075,-0.5433461917012457,-0.0032499753758060907,-4.014204348368255e-05,0.02900220631046758,-0.08520271903311229,-0.07420783779914378,-0.01968808835320198,0.0026986787257790444,6.024620384862777e-05,3.3844207863601645,0.22622364998233718,1.066273032743446,0.15798290697922734,0.2739714618918718,0.06946831605511194,0.42619275079989344,-4.265487920443086,-4.840783171233719,-1.0914741208380445,0.04131042876512485,0.00019964487871258253
4.82,-0.033919437963774134,1.4966309566646108,-1.0157928363645805,-0.5435242496924357,-0.0031999740268911425,-3.919947886807789e-05,0.05247828562425022,-0.08204968381615811,-0.06627871940728756,-0.017805799119008415,0.005000134891494815,9.42564615604664e-05,3.3451095416948826,0.26827761758747865,1.1135535473384464,0.16721992552818588,0.28008682164841225,0.069826502554168,0.5393812423713717,-4.224589317374408,-4.792694222742145,-1.079118414023117,0.05244019503286996,0.0003677306746597566
4.83,-0.033164405090611755,1.4958457729493084,-1.0163731385020387,-0.5436826414963619,-0.003127353922675601,-3.792107958903929e-05,0.07550328731623807,-0.0785183715302249,-0.05803021374581162,-0.015839180392619317,0.00726201042155415,0.00012783992790385985,3.281471953544346,0.3085012209646496,1.1551010629718081,0.1755704127994493,0.28407631311710446,0.06978545612834353,0.6483546886477146,-4.183307536034986,-4.743729773005384,-1.0665795453136553,0.06317591252775677,0.0005307663072040095
4.84,-0.032185288935953175,1.4950994634859802,-1.0168681880001913,-0.5438206265180958,-0.0030326755482002875,-3.63135813127018e-05,0.09791161546585808,-0.07463094633282212,-0.04950494981525771,-0.013798502173391989,0.009467837447531342,0.00016074982763374896,3.1941382701642302,0.3466752692187787,1.1907170759423484,0.1830071384934735,0.2858211161103945,0.06931233186362551,0.7523587909677034,-4.141884324294413,-4.694147266780209,-1.0539239488656746,0.07344174330955709,0.0006875694231478766
4.8500000000000005,-0.030989854939442344,1.4943953483469439,-1.017275656673348,-0.5439375703101178,-0.002916659355494207,-3.438614500727032e-05,0.11954339965108304,-0.0704115139036248,-0.04074686731567816,-0.011694379202192986,0.011601619270608087,0.00019274363054314856,3.0839046561255037,0.38259174439962507,1.2202317476648403,0.18950647551497557,0.2852298582675079,0.06838243008367151,0.8506790435505961,-4.100558396896595,-4.644207056927488,-1.0412183488642541,0.08316541562202341,0.000837002441282317
4.86,-0.029587399309949903,1.4937364884893898,-1.0175936667513636,-0.5440329475227075,-0.0027801798896134986,-3.215029244749497e-05,0.140245562949244,-0.06588598575540677,-0.03180100780156296,-0.009537721258962756,0.013647946588070812,0.0002235852559775346,2.9517229787105848,0.4160554666146628,1.2435046349351713,0.195048277760538,0.282241642790968,0.06697994649779515,0.9426447822121105,-4.059563967473954,-4.594170988078559,-1.0285294039873756,0.0922786904081646,0.0009779824718368071
4.87,-0.027988671204479072,1.4931256691995232,-1.0178207997600623,-0.5441063443445099,-0.002624258812737209,-2.9619820206806908e-05,0.15987281054708316,-0.061081928986665104,-0.022713300869873908,-0.007339682180238795,0.015592107687628936,0.00025304722406880583,2.798689821711346,0.4468856830901279,1.2604253108810646,0.19961576721678576,0.2768284205059306,0.06509849783231125,1.027632868130739,-4.019129379035118,-4.544300979527931,-1.0159233590968102,0.10071779718826605,0.0011094907673317718
4.88,-0.026205785846575458,1.4925653851747889,-1.017956103221048,-0.5441574604220021,-0.0024500568939102886,-2.6810692943103853e-05,0.17828853579036136,-0.05602840247343193,-0.013530346098562856,-0.0051116077492191865,0.017420191882692056,0.0002809127263703053,2.6260349363017004,0.47491756055973683,1.2709138750088578,0.20319543514773653,0.26899662638400024,0.06274140447437304,1.1050710157406542,-3.9794758375304604,-4.494857616495296,-1.0034657058650125,0.10842383807390095,0.0012305816003525191
4.89,-0.024252129427671784,1.4920578273680527,-1.0179990951357791,-0.5441861102481534,-0.0022588650382357276,-2.374091704459878e-05,0.1953656418903673,-0.05075578067361454,-0.004299191473102218,-0.002864982615132134,0.0191191855674561,0.00030697758985050747,2.435109325538338,0.5000035614078671,1.2749213504368235,0.2057769616686027,0.2587880238464546,0.05992171855437656,1.1744407761852353,-3.9408162510817624,-4.446098758169384,-0.9912208537315342,0.11534315887732055,0.0013403904703747833
4.9,-0.022142256640313225,1.4916048717042565,-1.0179497662264037,-0.5441922240121934,-0.0020520944344774813,-2.0430395945113867e-05,0.21098727873585607,-0.045295566379628116,0.004932890937552741,-0.0006113764039914898,0.020677060375824622,0.0003310521099484913,2.2273731402007084,0.5220146853534651,1.272429966080721,0.20735315741120441,0.24627972540883825,0.05666199339636746,1.2352801888919276,-3.903354175743877,-4.398278170192972,-0.9792518122896591,0.12142768640188593,0.0014381415495818457
4.91,-0.019891781687275092,1.4912080697652408,-1.0178085799137355,-0.544175847904086,-0.001831265904177693,-1.6900768639525584e-05,0.22504749530381332,-0.03968019390157024,0.014118631266815698,0.0016376108107354899,0.022082853029978842,0.0003529627305588281,2.004383540158983,0.5408415601073757,1.263453321258317,0.2079199302725332,0.23158338454733673,0.05299379811170546,1.2871861137822977,-3.867282867239297,-4.351644188515741,-0.9676198859446153,0.1266352310697616,0.0015231542865312407
4.92,-0.01751726359727734,1.490868641522326,-1.0175764700209458,-0.5441371438690712,-0.0015979985385745391,-1.317523312615012e-05,0.2374518089997752,-0.033942824291485395,0.023210989278973235,0.003870403501484709,0.023326736560315385,0.0003725535513375465,1.7677826484904553,0.5563953663404521,1.248036429905513,0.20747627945083646,0.21484358000176051,0.04895698898692591,1.3298162555138926,-3.832784436949261,-4.306438420868253,-0.9563843814674567,0.13092975406494553,0.0015948490964624463
4.93,-0.015036086658510393,1.4905874701790516,-1.0172548362000629,-0.544076388809478,-0.0013539977119100227,-9.278356670755239e-06,0.24811769387669477,-0.028117134327435338,0.032163382088288645,0.0060755059593219024,0.024400082666451654,0.000389687645539488,1.519285696478525,0.5686085844329629,1.226255641394956,0.20602431803940924,0.1962354390558234,0.04459875695511761,1.3628908891032503,-3.8000291095253265,-4.2628944915230225,-0.9456023288986719,0.13428159815205465,0.0016527520778853674
4.94,-0.01246633675771981,1.4903650991684265,-1.0168455370872436,-0.5439939732329594,-0.0011010425612345055,-5.23587492434839e-06,0.2569749900790583,-0.022237101062504976,0.04092991128191893,0.008241557651852175,0.02529551506755172,0.00040424817464068484,1.2606694278385489,0.5774355528009845,1.1982184348047475,0.20356932446903908,0.17596156967063337,0.0399724774949648,1.3861942934788491,-3.7691745787677617,-4.221236834526949,-0.9353282161354632,0.13666768128552037,0.0016964987067488125
4.95,-0.00982667438727785,1.4902017313303542,-1.0163508812020026,-0.5438903993483416,-0.0008409730236503008,-1.0744820323744213e-06,0.2639662370441961,-0.016336783807245313,0.049465588524107255,0.0103573884617825,0.02600695375842047,0.0004161392891973968,0.993760801387157,0.5828528300771356,1.1640630834365766,0.20011982203430456,0.1542483918423967,0.035136395547961996,1.3995758961587241,-3.7403654578658116,-4.181679540220387,-0.9256137374660414,0.13807165206249997,0.0017258364718411934
4.96,-0.007136205057452442,1.4900972302758198,-1.0157736156151702,-0.5437662786124354,-0.0005756765221972302,3.1783860543796126e-06,0.2690469329825407,-0.010450105453444224,0.05772655868324125,0.012412073590614376,0.026529650145307053,0.00042528680867540337,0.7204260042130924,0.5848593560233492,1.1239581864390122,0.19568768462310437,0.13134197546868798,0.030152183190818915,1.4029511285592897,-3.7137328196787287,-4.144425259600943,-0.9165075562906024,0.1384840060093183,0.0017406264279934659
4.97,-0.004414347827674505,1.4900511239252003,-1.0151169124202863,-0.54362232873343,-0.0003070743913734083,7.494772817199621e-06,0.27218572297779364,-0.004610635061948126,0.06567031948839167,0.014394987900544212,0.026860213082382196,0.0004316386762820008,0.4425597633734958,0.5834764087293329,1.0781020645570423,0.1902882656774345,0.10750350480603843,0.025083411685182466,1.3963019876476266,-3.6893938224306346,-4.1096641709331205,-0.9080550822869026,0.13790216163917426,0.0017408436569919842
4.98,-0.00168070265039639,1.4900626101889274,-1.014384353053397,-0.5434593701388692,-3.7108132701902524e-05,1.1846424698050343e-05,0.2733645177278115,0.0011486263726969755,0.07325593668894825,0.01629585945607701,0.026996625867150577,0.00043516518808507225,0.16207492419819033,0.5787473583654643,1.026722017327346,0.1839405463015762,0.08300449788849962,0.019993981986823783,1.3796772959775254,-3.6674514159809553,-4.077573012930051,-0.9002982633320415,0.13633049519119347,0.0017265766397029385
4.99,0.0010450827948388273,1.4901305647399536,-1.0135799105167858,-0.543278321918715,0.00023227441011640203,1.6205014686557212e-05,0.2725785445235217,0.0067954551026158366,0.08044425366112387,0.01810482201543501,0.026938254281830453,0.0004358589988506871,-0.11910775182653546,0.5707372204683362,0.9700734394688562,0.1766672973985992,0.05812191291582236,0.01494655877006311,1.3531926488205819,-3.64799412370673,-4.048314188815254,-0.8932753925730188,0.13378033296969716,0.0016980255565793394
