time,q1,q2,q3,q4,q5,q6,dq1,dq2,dq3,dq4,dq5,dq6,ddq1,ddq2,ddq3,ddq4,ddq5,ddq6,tau1,tau2,tau3,tau4,tau5,tau6
0.0,0.0,1.5,-1.0,-0.54,0.0,0.0,0.0,0.0,0.0,0.0,0.0,0.0,0.0,0.0,0.0,0.0,0.0,0.0,-1.460892934639531,-4.192694304309474,-5.36136663877779,-1.1987306846600316,-0.14755921409742628,-0.002590657337503232
0.01,1.6801297012845608e-06,1.5000015722579814,-0.9999984080761413,-0.5399996576140926,1.8543590444177336e-07,8.552576453928273e-09,0.00016801297012845607,0.00015722579814672413,0.0001591923858684024,3.4238590739243336e-05,1.8543590444177334e-05,8.552576453928273e-07,0.02326217139803657,0.016796662559573287,0.02329824503371924,-0.0066331776910821955,0.008912405261363152,0.016529918029587243,0.0028297224005583753,-4.0150201266208265,-4.59654177333436,-1.031741832968144,0.0003091469170326384,-0.0004837601181832379
0.02,-3.1020875290956324e-05,1.4999936027543153,-0.9999913116330044,-0.5399986949701844,-3.3349710242280223e-06,-1.0621714092424959e-07,-0.0032701004992240885,-0.0007969503666206078,0.0007096443136851894,9.626439082095395e-05,-0.0003520406928669795,-1.1476971737817786e-05,-0.4790979186491171,-0.11781446690478238,0.10243928717957336,-0.04038872343975375,-0.15241950482586608,-0.20879939896950883,-0.05704014372930575,-4.055313254771781,-4.599500206181418,-1.0338622043076093,-0.005762818079281784,-0.0006015265859916415
0.03,-0.0001232249288228343,1.4999669165049987,-0.999976814536578,-0.5399969645037811,-1.3049803373074559e-05,-3.764663468542053e-07,-0.009220405353187798,-0.0026686249316597017,0.0014497096426287453,0.00017304664032770416,-0.0009714832348846536,-2.7024920592995573e-05,-0.8362820341493175,-0.22826418096554862,0.1412844950599476,-0.037505093947639345,-0.1905482654984878,-0.20931182456949493,-0.1164967838781945,-4.0953090744366225,-4.602426650475331,-1.035967005015777,-0.011793391018787994,-0.0007186029099827716
0.04,-0.0002921111787589611,1.49991391469812,-0.9999542692496137,-0.5399945448086274,-3.0653184900710946e-05,-8.235731784495978e-07,-0.01688862499361268,-0.005300180687881377,0.0022545286964354974,0.00024196951537230985,-0.0017603381527636387,-4.4710683159539244e-05,-1.0808089732231971,-0.31860412509749747,0.15979867862113237,-0.03578310215970265,-0.21393712460771575,-0.20796278529162304,-0.17514022067852536,-4.1346972962811845,-4.605269470813704,-1.0380348431900115,-0.0177428428236493,-0.0008343099643627761
0.05,-0.0005490563624423266,1.4998283098279517,-0.9999237960798393,-0.5399916524894504,-5.726562515048469e-05,-1.4612556015872895e-06,-0.02569451836833655,-0.008560487016838368,0.0030473169774417764,0.0002892319177030787,-0.0026612440249773744,-6.376824231376918e-05,-1.2428402622539962,-0.39250621437333694,0.16569246721513436,-0.03617673619654305,-0.22879286516035524,-0.20565807171352612,-0.23259227062281213,-4.173193729271203,-4.607975794396224,-1.0400445626384507,-0.0235738501180388,-0.0009480049554937395
0.06,-0.0009011509087896289,1.4997049326574603,-0.9998859633773411,-0.5399885741138237,-9.35843663487156e-05,-2.2974909876941503e-06,-0.035209454634730235,-0.012337717049131992,0.0037832702498106774,0.00030783756266329745,-0.0036318741198230913,-8.362353861068608e-05,-1.3439367493888306,-0.452657437507841,0.16379335342407636,-0.03780317469148575,-0.2374408921104818,-0.2024500313927755,-0.2884949275832065,-4.21053500640571,-4.610493543788786,-1.041975607025409,-0.02925122868887849,-0.00105907753706787
0.07,-0.0013522745614233415,1.4995395889219425,-0.9998415747946305,-0.539985620784933,-0.00013998988416215373,-3.3358795977839075e-06,-0.04511236526337126,-0.016534373551790077,0.0044388582710633605,0.0002953328890740699,-0.004640551781343812,-0.00010383886100897571,-1.3993979498148215,-0.5010233729464311,0.1573112779950295,-0.03998280080097427,-0.24148261374197144,-0.19838177816670344,-0.3425093229732382,-4.246476026946168,-4.612772593008914,-1.0438082715020136,-0.03474175332172956,-0.0011669470914155247
0.08,-0.001903862047678354,1.4993289504051097,-0.9997915289722253,-0.5399830985848112,-0.00019662166628596305,-4.576619151468004e-06,-0.05515874862550124,-0.02106385168328253,0.005004582240518004,0.0002522200121756414,-0.005663178212380931,-0.0001240739553684097,-1.420111901375004,-0.5390703097865615,0.1483802175350284,-0.04226370969449467,-0.24205879695654442,-0.19349250861894873,-0.3943153178071182,-4.2807886976501255,-4.614765442284373,-1.0455238745167523,-0.040014057085535015,-0.0012710611534040334
0.09,-0.00255545103948678,1.4990704698436452,-0.9997367282417059,-0.5399812897787081,-0.00026343238789382976,-6.017205551501552e-06,-0.06515889918084258,-0.025848056146457715,0.005480073051939142,0.00018088061031200684,-0.006681072160786672,-0.0001440586400033548,-1.4138679207620708,-0.5679197773007671,0.13840642692715027,-0.04435373501949025,-0.23998127796442947,-0.18781857522333323,-0.4436116306728684,-4.313261296560331,-4.616427622085572,-1.0471048741995836,-0.04503859439897774,-0.0013708947698705062
0.1,-0.003305077539882334,1.49876231242292,-0.9996780204577883,-0.5399804412805693,-0.00034022692484784057,-7.652941155573404e-06,-0.07496265003955543,-0.030815742072527866,0.0058707783917566455,8.484981387350585e-05,-0.007679453695401078,-0.00016357356040718518,-1.3862836478220653,-0.5884545467298197,0.12830379727974112,-0.04606905563675934,-0.2358260788552915,-0.18139436205536152,-0.49011636217153987,-4.343698139708176,-4.617717939614303,-1.0485349466202778,-0.04978765118167625,-0.0014659505632835554
0.11,-0.004149564646801484,1.4984032988853142,-0.9996161631761908,-0.5399807580041363,-0.0004266907531693192,-9.477308183262468e-06,-0.08444871069191498,-0.035901353760574586,0.006185728159749421,-3.167235669773297e-05,-0.00864638283214786,-0.00018243670276890631,-1.3414590574703378,-0.6013913730171607,0.11865360818148996,-0.04729900725713221,-0.23000022506773465,-0.17425301768301216,-0.5335677783989808,-4.371919400747394,-4.618598629759599,-1.0497990379305058,-0.054235387272859426,-0.001555759295444282
0.12,-0.0050847370781431965,1.497992856816625,-0.9995518028639124,-0.5399823994902173,-0.0005224109439878209,-1.1482247974483125e-05,-0.09351724313417129,-0.04104420686891873,0.006436031227844169,-0.00016414860810673074,-0.009572019081850177,-0.00020049397912206575,-1.2824373694480369,-0.6073310158840963,0.10981294615872204,-0.047982210775328715,-0.22278971923802793,-0.166427061702195,-0.5737252348051137,-4.397761012832222,-4.619035445384323,-1.0508833986077302,-0.058357898988671046,-0.0016398807670281535
0.13,-0.006105584245674466,1.4975309777329886,-0.9994854641864755,-0.5399854787211309,-0.000626892015684238,-1.3658374862751612e-05,-0.10208471675312689,-0.04618790836364681,0.006633867743692837,-0.00030792309135923304,-0.010448107169641709,-0.00021761268882684867,-1.2115293994089016,-0.6067927285869388,0.10198823214987845,-0.0480904053980824,-0.21439406163724506,-0.1579488840990848,-0.6103701445112253,-4.4210746182313585,-4.618997707203517,-1.051775605362319,-0.062133292316815344,-0.0017179049267825675
0.14,-0.007206387876888766,1.4970181783156407,-0.9994175460184096,-0.5399900623866456,-0.0007395682347175844,-1.5995144961019075e-05,-0.11008036312143009,-0.051279941734794485,0.006791816806596347,-0.00045836655147006203,-0.011267621903334638,-0.00023367700982674638,-1.1305413266019348,-0.6002381132090859,0.09528503832268304,-0.047617513109490694,-0.20495120434842296,-0.14885115692862094,-0.6433069166863182,-4.4417275471143896,-4.618458325521477,-1.0524645744341035,-0.06554175950649574,-0.0017894530955549618
0.15,-0.008380825380450093,1.4964554646392656,-0.9993483219107236,-0.5399961721054337,-0.0008598134824882802,-1.8480994162298806e-05,-0.11744375035613266,-0.0562713676375107,0.006922410768591995,-0.0006109718788163184,-0.012024524777069584,-0.0002485849201279732,-1.0409341335638664,-0.5880876819644457,0.08974179826169323,-0.046572252102250467,-0.194555720300154,-0.13916717584569438,-0.672363809115757,-4.4596028136403225,-4.617393801616325,-1.0529405687479054,-0.06856565364116814,-0.0018541792345101457
0.16,-0.009622056750842987,1.4958442985835563,-0.9992779434869342,-0.5400037862685008,-0.0009869494700719104,-2.110345540985784e-05,-0.12412313703928941,-0.061116605570925506,0.007037842378947386,-0.0007614163067049891,-0.01271359875836302,-0.00026224612475590325,-0.943934690503204,-0.5707324020560977,0.0853525816943248,-0.0449731558777684,-0.18327216358908682,-0.12893114596871413,-0.697393654373263,-4.474599120114195,-4.615784213973129,-1.0531952005411995,-0.07118955721798864,-0.0019117712048606723
0.17,-0.010922800400540812,1.4951865658559174,-0.9992064457393439,-0.5400128422810045,-0.0011202528451176408,-2.384926228062836e-05,-0.13007436496978253,-0.06577327276389223,0.007149774759027243,-0.0009056012503732715,-0.013330337504573044,-0.0002745806870770521,-0.8406126070351032,-0.5485417783859905,0.08208244981452766,-0.04284522130231516,-0.17114501720855468,-0.11817842320807215,-0.7182744313472059,-4.486630860964833,-4.613613193006375,-1.0532214304943859,-0.07340034186803082,-0.0019619519794898594
0.18,-0.012275401603365804,1.4944845452193645,-0.9991337535358691,-0.5400232390531707,-0.0012589615669316946,-2.6704443788442454e-05,-0.13526012028249906,-0.07020206365529554,0.007269220347487037,-0.0010396772166166078,-0.013870872181405383,-0.00028551815078140945,-0.731932843719831,-0.5218695357612586,0.07987778135181983,-0.040217658105825116,-0.15820620851925504,-0.1069457190400932,-0.7349096637590731,-4.4956281187170894,-4.610867886917406,-1.0530135639972757,-0.07518721720429059,-0.0020044807762185112
0.19,-0.013671896025979527,1.4937408786363622,-0.9990596888765756,-0.5400348396410897,-0.0014022808064829842,-2.96544137944503e-05,-0.1396494422613724,-0.07436665830021964,0.007406465929348192,-0.001160058791892613,-0.014331923955128964,-0.00029499700060078485,-0.6187911604457802,-0.49105762660145397,0.07867319371503234,-0.03712238174676985,-0.14448087645843133,-0.09527127395874868,-0.7472286352243265,-4.501536644445628,-4.607538920652217,-1.05256724491427,-0.07654176744018032,-0.0020391540891612587
0.2,-0.015104069971036835,1.492958542122103,-0.9989839785934334,-0.5400474739718256,-0.0015493885434630995,-3.2684057329533415e-05,-0.1432173945057309,-0.07823365142590746,0.0075710283142210455,-0.0012634330735925498,-0.01471077369801153,-0.00030296435350831135,-0.5020374208144104,-0.4564390614261633,0.07839616270590544,-0.033593006668303005,-0.129991864242736,-0.08319500258633472,-0.755186416751755,-4.504317815581688,-4.603620349423765,-1.0518794470247708,-0.07745797492792908,-0.002065806599414968
0.21,-0.01656351835335482,1.492140817160141,-0.9989062622905708,-0.5400609416097754,-0.0016994409725060735,-3.577781535975603e-05,-0.14594483823179863,-0.08177249619620462,0.0077716302862579426,-0.0013467637949759336,-0.015005242904297396,-0.0003093758030222619,-0.3824903188380009,-0.41833990348384337,0.0789700901446118,-0.029664175195898146,-0.11476326286450012,-0.07075861164862951,-0.7587637076813093,-4.503948564450885,-4.599109607867009,-1.0509484631875983,-0.07793223016124329,-0.0020843119498002954
0.22,-0.018041701007339057,1.4912912625765813,-0.9988261003917884,-0.5400750145361707,-0.0018515777880973262,-3.891976897063725e-05,-0.14781826539842366,-0.08495545835596256,0.008016189878234445,-0.0014072926395352794,-0.015213681559125282,-0.0003141953610881222,-0.2609460681326977,-0.3770806625461721,0.08031632798546826,-0.025371110495794658,-0.09882322643450214,-0.05800569068167061,-0.7579664951696286,-4.5004212715480945,-4.594007455564773,-1.0497738921906472,-0.07796332809755181,-0.0020945833709615116
0.23,-0.019529997628839637,1.4904136868011155,-0.9987429822083284,-0.5400894399234706,-0.0020049273875460865,-4.209372354562034e-05,-0.14882966215005813,-0.08775757754658098,0.008311818346003334,-0.0014425387299872344,-0.015334959944876004,-0.0003173954574983092,-0.13818286850672837,-0.3329772503364516,0.08235550383923274,-0.020749318057605826,-0.08220620775145016,-0.04498177437468154,-0.752825540631047,-4.493743618284776,-4.588317919397736,-1.048356623187974,-0.07755245090252567,-0.002096574148123117
0.24,-0.021019761451431064,1.4895121204674504,-0.9986563339704075,-0.5401039428927942,-0.0021586120101108556,-4.528329322372949e-05,-0.14897638225914261,-0.09015663336651263,0.008664823792085741,-0.0014502969323592432,-0.015368462256476928,-0.00031895696781091465,-0.014962451581721284,-0.2863416105139226,0.08500838162078768,-0.015834384699381476,-0.06495471235725342,-0.03173437481547205,-0.7433957041648185,-4.483938394748598,-4.582048232923071,-1.0466988175883571,-0.07670313741802053,-0.002090277919419881
0.25,-0.02250237162016127,1.4885907893244248,-0.9985655267859133,-0.5401182292466288,-0.0023117528154453456,-4.8471985709496947e-05,-0.14826101687302043,-0.092133114302555,0.00908071844943322,-0.0014286353834566676,-0.015314080533449018,-0.00031886924857674556,0.10797035681595084,-0.23748210227786462,0.08819641548877931,-0.010661840691462865,-0.04712063530640337,-0.0183129815332743,-0.729755120045543,-4.47104325886832,-4.5752087727693524,-1.0448038882370736,-0.07542123981459686,-0.0020757287981104516
0.26,-0.023969284136819632,1.4876540874439075,-0.9984698845023905,-0.5401319881715707,-0.00246347489419967,-5.164328735266663e-05,-0.14669125166583624,-0.09367018805174199,0.009564228352276776,-0.0013758924941923599,-0.01517220787543244,-0.00031713016431696855,0.2298893784944928,-0.18670369349291055,0.09184210394365576,-0.005267061890407709,-0.028766222355387172,-0.004769027099173401,-0.7120042378964643,-4.455110444254606,-4.567812991850176,-1.042676475723051,-0.07371486801872068,-0.0020530013122569807
0.27,-0.025412081196653863,1.486706550723515,-0.9983686914563722,-0.5401448949073429,-0.0026129121966125494,-5.478074830041021e-05,-0.14427970598342305,-0.0947536720392396,0.01011930460182601,-0.0012906735772188643,-0.014943730241287933,-0.000313746094774358,0.3500896347005292,-0.13430800337592344,0.0958692161165889,0.00031480361725622075,-0.00996468296705011,0.008844183893219726,-0.690264745260105,-4.436206414867155,-4.559877349045789,-1.0403224216443279,-0.07159432260782621,-0.0020222101566738267
0.28,-0.02682251870780181,1.4857528306920273,-0.9982612000988121,-0.5401566133791268,-0.002759212360372776,-5.786806743997691e-05,-0.1410437511147946,-0.09537200314877858,0.010749135756001907,-0.001171847178388872,-0.014630016376022669,-0.0003087319139566701,0.4678903463118546,-0.08059322390657672,0.10020293865616504,0.006048894639724314,0.009199525908562212,0.022471584407389333,-0.6646783879717149,-4.414411465520852,-4.55142123488238,-1.0377487386745032,-0.06907201694729642,-0.0019835097531619066
0.29,-0.02819257177465162,1.4847976686336066,-0.9981466384879547,-0.5401667987905907,-0.0029015414162755567,-6.0889176787272524e-05,-0.137005306684981,-0.09551620584207675,0.011456161085740792,-0.0010185411463939586,-0.01423290559027806,-0.00030211093472956135,0.5826381169504755,-0.02585394165860651,0.10476997557927609,0.01190068859642171,0.028630730586877373,0.0360564946537375,-0.6354057050655655,-4.389819268071714,-4.542466892652959,-1.0349635772901324,-0.06616238940470713,-0.001937093616278738
0.3,-0.029514477929869977,1.483845870053923,-0.9980242176421495,-0.5401751001750494,-0.003039088348794183,-6.382832493156492e-05,-0.13219061552183564,-0.09517985796835737,0.012242084580516524,-0.0008301384458756517,-0.01375469325186264,-0.00029391481442923964,0.6937101039479188,0.029619123386329226,0.1094986225883774,0.01783605024501067,0.04822237256201767,0.04954081291653778,-0.6026246949353872,-4.3625363639027235,-4.533039334372467,-1.031976189042955,-0.0628818065203287,-0.0018831935231615016
0.31,-0.030780777913189665,1.4829022795172686,-0.9978931387453873,-0.5401811629020608,-0.00317106948829771,-6.667015911469174e-05,-0.1266299983319689,-0.0943590536654333,0.013107889676222562,-0.0006062727011356954,-0.013198113950352686,-0.0002841834183126822,0.8005170344153993,0.08553944901251279,0.1143188299859248,0.02382128024587149,0.06785762749821034,0.0628652479016818,-0.5665294291599577,-4.332681604048725,-4.523166250941532,-1.0287968862901622,-0.059248458040411026,-0.0018220784872265126
0.32,-0.031984353815376225,1.481971755888894,-0.9977526001980331,-0.5401846311365286,-0.003296732712026459,-6.939980550226255e-05,-0.120357590218656,-0.09305236283745817,0.014053854735415367,-0.0003468234467839331,-0.012566322372874951,-0.0002729646387570808,0.9025059632522172,0.14162510133510903,0.11916226331687646,0.029823165313409783,0.08741029514746934,0.07596959225490896,-0.5273286298240507,-4.300385538950114,-4.512877915906988,-1.025436998329805,-0.055282244732474256,-0.0017540535369114034
0.33,-0.03311846443089617,1.4810591480212285,-0.9976018045045932,-0.5401851502470876,-0.003415361431905826,-7.200294719263282e-05,-0.11341106155199514,-0.09126078676655883,0.015079569343985083,-5.191105589515821e-05,-0.011862871987936697,-0.0002603141690370261,0.9991627004823298,0.19759917583808498,0.1239623674865836,0.035809030942353215,0.10674594113206393,0.08879303608005729,-0.4852442253452317,-4.265789760400485,-4.5022070822495905,-1.0219088239256187,-0.05100465990087923,-0.0016794583019997566
0.34,-0.034176777690949706,1.4801692709264307,-0.9974399649895245,-0.5401823691602262,-0.0035262783486941745,-7.446589950562531e-05,-0.10583132600535326,-0.08898770947978,0.016183951506881105,0.00027810868613617316,-0.011091691678834833,-0.00024629523129924945,1.0900138594145543,0.2531902811208278,0.1286544377891107,0.04174679723184482,0.1257232681787812,0.10127451841671875,-0.4405098987904555,-4.229046198751491,-4.491188871697296,-1.0182255802450848,-0.04643866550752202,-0.0015986654114623611
0.35000000000000003,-0.03515340007831487,1.479306882480915,-0.9972663123311893,-0.5401759426562874,-0.0036288489537114974,-7.677568209617277e-05,-0.09766223873651658,-0.08623884455156977,0.01736526583350818,0.0006426503938836864,-0.010257060501732265,-0.00023097825905474587,1.1746284965385825,0.30813305838842237,0.13317569971751403,0.04760503795040938,0.14419569091824247,0.11335311373184553,-0.3933696414660236,-4.190316378857808,-4.479860656151744,-1.0144013482752665,-0.04160856377779208,-0.001512078708153101
0.36,-0.03604290295574337,1.4784766607101434,-0.9970801009031477,-0.5401655336031814,-0.0037224847613918292,-7.892008744755917e-05,-0.08895028774284951,-0.0830221770771562,0.01862114280416314,0.0010409053106042777,-0.009363580768033187,-0.00021444053513864077,1.2526193299951038,0.3621687302675306,0.13746539834914112,0.05335304277243935,0.1620130850052286,0.12496844956607434,-0.3440763232235157,-4.1497706385884765,-4.468261930921488,-1.0104510148218275,-0.03653986513723526,-0.0014201312870980305
0.37,-0.03684034576951765,1.4776831817040958,-0.9968806149111017,-0.5401508151233715,-0.0038066462580690387,-8.088774531418138e-05,-0.07974428137742769,-0.07934790060476302,0.019948599204599946,0.001471847980989009,-0.00841614966772095,-0.00019676578666222115,1.3236435366898267,0.4150456729116654,0.1414648973538331,0.05896088244825992,0.17902367828544907,0.1360611505859266,-0.292890289476451,-4.107587314001643,-4.456434179573684,-1.0063902112366447,-0.031259153281034145,-0.0013232833655000683
0.38,-0.03754129611845829,1.4769308982154408,-0.9966671743130214,-0.5401314726894506,-0.0038808455546785873,-8.266818270424629e-05,-0.07009503489406374,-0.07522834886550235,0.02134405980802962,0.0019342433920889897,-0.007419929660954878,-0.0001780437390064912,1.3874031391826245,0.46652000562330664,0.14511778715981932,0.06439947653902856,0.19507604917480403,0.14657330345004538,-0.2400779934010546,-4.063951895483755,-4.444420730341425,-1.0022352490577422,-0.025793948127918246,-0.0012220199939356143
0.39,-0.03814184670553265,1.476224118993546,-0.9964391405092857,-0.5401072061434252,-0.003944648733381748,-8.425187901810309e-05,-0.06005505870743696,-0.070677922189455,0.022803380373574673,0.0024266546025340603,-0.006380317870316073,-0.00015836963138568004,1.443645002709115,0.5163561924100343,0.14837000144057716,0.06964066327925367,0.21002119545270048,0.1564489361297361,-0.18591067023229949,-4.01905615929742,-4.432266604152168,-0.9980030527809639,-0.020172567353974918,-0.0011168486195300014
0.4,-0.03863862921375853,1.4755669889080938,-0.9961959217891048,-0.5400777316346679,-0.003997677880445308,-8.563031598753275e-05,-0.04967825082258789,-0.06571300854523794,0.024321872018099523,0.0029474508757342454,-0.0053029147063560055,-0.00013784369694296676,1.492160470293774,0.5643276500306368,0.15116994082066487,0.07465727107060904,0.2237146353813051,0.1656345046655121,-0.13066305899510783,-3.9730972790725474,-4.420018354469756,-0.9937110900153764,-0.014423987141649573,-0.0010082965131533706
0.41000000000000003,-0.03902882516993015,1.4749634699162097,-0.9959369785190556,-0.5400427834713877,-0.004039612799996888,-8.67960220948202e-05,-0.03901959561716187,-0.06035189918841163,0.025894327004921308,0.003494816328018037,-0.0041934919551580175,-0.00011657061072874488,1.532784670022334,0.6102173571998502,0.15346860251077138,0.07942319104409679,0.23601850250226608,0.17407937980528643,-0.0746121754603856,-3.9262769218199116,-4.407723899264664,-0.989377299303234,-0.008577702716634283,-0.0008969080738652263
0.42,-0.039310173878535186,1.4744173229266953,-0.9956618280592706,-0.5400021158804102,-0.0040701924054873835,-8.774261118734287e-05,-0.028134870860503345,-0.054614698951453676,0.027515045978497604,0.004066759097737575,-0.0030579605490495643,-9.465890925226746e-05,1.5653955332414469,0.653818459716802,0.1552197144285391,0.08391345013649065,0.24680359565457088,0.18173632559463693,-0.018036138614810276,-3.878800333052388,-4.395432345541175,-0.9850200159100985,-0.002663589181996949,-0.000783242024943164
0.43,-0.03948097752389418,1.4739320906141484,-0.99537004939268,-0.5399555046700475,-0.00408921578779703,-8.846481504323318e-05,-0.017080364535899166,-0.048523231254689644,0.029177866659055408,0.004661121036273458,-0.0019023382309646306,-7.222038558903128e-05,1.5899125658061666,0.6949348663778342,0.15637987226279632,0.08810428406588233,0.2559513466986356,0.18856196178010087,0.03878694849179531,-3.8308754155738924,-4.383193806954177,-0.9806578959112258,0.0032882369035670106,-0.0006678685168485484
0.44,-0.039540103550946594,1.4735110812345142,-0.9950612874527252,-0.5399027487908804,-0.004096542960895113,-8.895850968590469e-05,-0.005912602705241465,-0.04210093796341375,0.030876193995483685,0.005275587916710931,-0.0007327173098083365,-4.9369464267150136e-05,1.6062954165536816,0.7333818306344542,0.15690867785185253,0.09197320961931243,0.26335567009829663,0.19451720186483445,0.09558006398333271,-3.782711806444601,-4.371059215139893,-0.976309838916404,0.009247554816491619,-0.0005513661533993583
0.45,-0.03948698444422487,1.4731573534919011,-0.9947352571351369,-0.5398436717893731,-0.004092095287785893,-8.922073528935524e-05,0.0053119106721727614,-0.03537277426131146,0.032603031758823495,0.005907700150735404,0.0004447673109220405,-2.6222560345056058e-05,1.6145422880015374,0.7689865130703119,0.15676887719569738,0.0954990956315811,0.26892466085427724,0.19956765883291627,0.15206828014540727,-3.7345199565590117,-4.359080125463739,-0.9719949097871853,0.015184175497287119,-0.0004343189582290344
0.46,-0.03932161503047464,1.472873702504361,-0.9943917469797116,-0.5397781231493821,-0.004075855591130905,-8.92497095616549e-05,0.016536941375022436,-0.028365098754011102,0.03435101554253027,0.006554863999097077,0.0016239696654987215,-2.8974272299653973e-06,1.6146882339159756,0.8015885199005993,0.15592649638070993,0.09866223206663616,0.27258211024115653,0.20368401092302335,0.20797972689730718,-3.686510217183655,-4.3473085179535165,-0.9677322597079235,0.02106807563755749,-0.0003173132993015606
0.47000000000000003,-0.03904454743324428,1.4726626469137718,-0.9940306225085164,-0.5397059795168238,-0.004047867954422027,-8.904483454036625e-05,0.0277067597230361,-0.02110555905892612,0.03611244711951504,0.007214363255839367,0.0027987636708878853,2.0487502128865474e-05,1.6068033869517593,0.831040412848308,0.15435097368393402,0.1014443966069134,0.27426881229067135,0.2068423204110379,0.26304650939232144,-3.638891937696596,-4.335796594237942,-0.9635410469754583,0.02686952978907304,-0.0002009347898196918
0.48,-0.03865688380779319,1.4725264171819892,-0.9936518292076171,-0.5396271458030094,-0.004008237220887242,-8.860669678032278e-05,0.03876636254510913,-0.013622973178255551,0.037879330089924064,0.007883371381434896,0.00396307335347846,4.381377600434655e-05,1.5909911571235016,0.8572081859265306,0.15201528612007964,0.10382891818832363,0.2739436379080855,0.20902429909992382,0.31700558413495666,-3.591872578652187,-4.324596571349221,-0.9594403578718957,0.03255924029531932,-8.576518429824888e-05
0.49,-0.038160266982126705,1.4724669451120809,-0.9932553951402382,-0.5395415561624587,-0.0039571281984438515,-8.793706096070402e-05,0.04966168256664828,-0.00594720699083276,0.03964340673788955,0.008558964055069264,0.005110902244339045,6.69635819618763e-05,1.567386438540553,0.8799717048561042,0.1488960687190508,0.10580073693986636,0.2715843578058319,0.2102175151449237,0.36959959857092234,-3.5456568441619076,-4.3137604732750185,-0.9554491279810097,0.03810846487384733,2.76207111284722e-05
0.5,-0.03755686912517235,1.472485854629729,-0.9928414331802363,-0.5394491748413428,-0.003894764579978136,-8.703885698421706e-05,0.06033978569543508,0.0018909517648221259,0.041396196000190844,0.009238132111591585,0.0062363618465715405,8.982039764869695e-05,1.5361538577462255,0.8992251050766272,0.1449737248583678,0.10734646001160186,0.2671881999969834,0.21041553691159764,0.42057769948934515,-3.5004458374348575,-4.303339921161124,-0.9515860643016927,0.043489141696476136,0.00013865809494234755
0.51,-0.03684937855642308,1.4725844538558255,-0.9924101428558854,-0.539349996893101,-0.003821427589036825,-8.591616068597196e-05,0.07074905687492662,0.00985992260964298,0.043129032435096165,0.009917794824175829,0.007333699094131093,0.00011226962982451007,1.4974860922812425,0.9148771445634777,0.14023252603031258,0.10845441282477486,0.2607721323179728,0.20961801074877529,0.4696963157726963,-3.4564362431576994,-4.293385923072197,-0.9478695685018574,0.048674011823555643,0.00024679517379172955
0.52,-0.036040984803170216,1.4727637284968975,-0.9919618117952279,-0.5392440487582059,-0.0037374543616779097,-8.457416831289733e-05,0.08083937532528655,0.017927464107192904,0.04483310606574839,0.010594813489522799,0.008397322735891525,0.00013419923730746268,1.4516022828834434,0.9268515079484124,0.13466069950266407,0.10911468529292323,0.2523728652456372,0.20783067084676077,0.5167199210374245,-3.413819540212117,-4.28394866421635,-0.9443176616436911,0.053636738847949124,0.00035149609427459884
0.53,-0.035135362002132534,1.4730243365753386,-0.9914968167656332,-0.5391313887055204,-0.0036432360757631477,-8.301916497589284e-05,0.09056228010376804,0.026060807844105947,0.046499502959472555,0.011266005268553909,0.00942182859147619,0.00015550033370044996,1.398746557185409,0.9350870587518526,0.1282505024185011,0.10931917263170687,0.2420465750628109,0.20506528068640595,0.5614217815291271,-3.372781248025425,-4.27507729853077,-0.9409479106964054,0.058352025594282715,0.0004522437841746797
0.54,-0.034136650732267265,1.4733666045164946,-0.9910156243017085,-0.5390121071332004,-0.003539215839400748,-8.125848731600419e-05,0.09987112698652693,0.034226794115605516,0.048119246392460235,0.011928157232004848,0.01040202363623995,0.00017606776598886448,1.3391866770279124,0.9395380368733431,0.12099828099599166,0.10906161038854245,0.22986835211779244,0.20133950693864633,0.6035846942751096,-3.3335002096255235,-4.266819742512202,-0.9377773571360615,0.06279572769975277,0.0005485426848301175
0.55,-0.03304943835523117,1.4737905246045138,-0.9905187909173228,-0.5388863267276285,-0.0034258863505842512,-7.930048066241336e-05,0.1087212377036095,0.04239200880190959,0.04968333843857223,0.012578040557186405,0.0113329488816497,0.00019580066535908336,1.2732128157113292,0.9401741988496406,0.11290451361159028,0.1083376033832737,0.21593138345356966,0.19667672802100666,0.6430017199617819,-3.2961479142225643,-4.259222472158676,-0.9348224479139046,0.06694496387506509,0.0006399213569323177
0.56,-0.031878737929744154,1.4742957538135433,-0.9900069628992066,-0.538754202479434,-0.003303787340343107,-7.715445099368344e-05,0.11707004254870187,0.05052292090294869,0.05118280181160784,0.013212424819450288,0.012209901024114445,0.0002146029668729916,1.2011364658020047,0.9369808987756459,0.10397383669162272,0.10714464828258086,0.20034588337744186,0.19110578080069596,0.6794769143050966,-3.2608878618662773,-4.252330323869344,-0.9320989690553584,0.07077822260887154,0.0007259349428290369
0.5700000000000001,-0.030629965756374188,1.4748816140153858,-0.9894808756813822,-0.5386159215562377,-0.0031735028119422833,-7.48306120442447e-05,0.12487721733699662,0.05858602018423724,0.0526087217824423,0.013828092319621517,0.013028452840082362,0.0002323838949438743,1.1232894726226839,0.9299591081896331,0.09421505248967307,0.10548214958029112,0.18323778955292447,0.18466065012973143,0.7128260608320186,-3.2278749724288773,-4.2461863001281595,-0.9296219821316483,0.07427546503756173,0.0008061674693389854
0.58,-0.029308917600366975,1.4755470935591468,-0.988941352801522,-0.5384717030323694,-0.0030356580888618867,-7.234002792534913e-05,0.1321048156007212,0.0665479543761013,0.05395228798602471,0.014421852386840822,0.013784472308039674,0.0002490584118895575,1.0400231834093034,0.9191253736490672,0.08364111799584852,0.10335142877818404,0.16474724586055522,0.17738010698218942,0.7428774070058765,-3.197255040840031,-4.240831380775784,-0.927405763825298,0.07741822365590155,0.0008802339761719829
0.59,-0.027921743632410873,1.4762908502127656,-0.9883893044422376,-0.53832179747642,-0.002890916684471211,-6.96945516534962e-05,0.13871739679561018,0.07437566536187955,0.055204835928437626,0.014990555594935565,0.014474140439067562,0.0002645476271852931,0.9517076974153544,0.9045117111603337,0.07226911439604433,0.10075572661128263,0.14502689655926115,0.16930730188049992,0.7694724045266722,-3.1691642401542115,-4.23630434065334,-0.9254637487898543,0.08018969649440436,0.000947782456283854
0.6,-0.026474922120945016,1.4771112154506483,-0.9878257255622265,-0.5381664863981238,-0.0027399770065007862,-6.690675999951181e-05,0.14468215114658556,0.08203652378826963,0.056357888001111744,0.015531107829609118,0.015093967797042484,0.0002787791653984386,0.8587311980858576,0.8861654370752146,0.06012019668321811,0.09770019819114362,0.12424001913085547,0.16048932106088198,0.7924664534401283,-3.143728673664519,-4.232641574381624,-0.9238084759833312,0.08257483633825567,0.0010084955958718814
0.61,-0.024975231905031973,1.4780062000659755,-0.9872516936241474,-0.5380060815566897,-0.0025835689096242484,-6.398988508795867e-05,0.14996902159130437,0.0894984615327199,0.057403193807902896,0.0160404841434074,0.015640809687653773,0.0002916874911553136,0.7614993448825493,0.8641489355223987,0.04721952321261849,0.09419190096149022,0.10255852558541445,0.15097671338770458,0.8117296484197112,-3.1210639768948765,-4.229876929021086,-0.9224515386344649,0.08456043451198424,0.0010620923032253731
0.62,-0.023429723674126053,1.4789735010806622,-0.9866683659280364,-0.5378409241333336,-0.002422450109699827,-6.095774318931746e-05,0.15455082309059218,0.09673010146866419,0.058332769611097325,0.016515742335609207,0.01611187999244216,0.000303214189864121,0.6604346994848669,0.838539362898909,0.033596165179917925,0.09023977540805594,0.08016086390141774,0.1408229963851586,0.8271475242696639,-3.1012749699094364,-4.2280415453408855,-0.9214035379811099,0.08613519870583393,0.001108329017275438
0.63,-0.021845690080426507,1.4800105099204566,-0.9860769765609911,-0.537671383771385,-0.002257402473496418,-5.782466115638561e-05,0.15840335936995467,0.10370088397943163,0.059138936704523956,0.01695403619486426,0.016504763620340913,0.00031330820329318517,0.5559761589631623,0.8094282904033405,0.01928299619923783,0.08585461846656273,0.05722985265395364,0.13008414991399564,0.8386217963615767,-3.0844553599797746,-4.227163708409839,-0.9206740409012681,0.0872898242759155,0.0011470007884243501
0.64,-0.020230634711012455,1.481114321817314,-0.9854788329757332,-0.5374978574879491,-0.0020892281980459822,-5.460540096161766e-05,0.1615055369414051,0.11038118968573335,0.05981435852578904,0.017352628343595338,0.016817427545043576,0.00032192601947679517,0.4485783671535343,0.7769212860394682,0.004316562341042315,0.08104904962928616,0.033950482717418407,0.1188181059551543,0.8460710903911743,-3.0706874942541225,-4.227268708207521,-0.9202715415395545,0.08801705841262566,0.0011779421260618744
0.65,-0.018592239950663038,1.4822817463960103,-0.9848753122124815,-0.5373207684617007,-0.001918745894123499,-5.1315082793727345e-05,0.16383947603494156,0.11674245786962556,0.06035207632517964,0.017708902624835196,0.017048230392248336,0.00032903181678903135,0.3387110748703919,0.7411374379583584,-0.011263066815787273,0.0758374697403259,0.010507720210141347,0.1070842427208949,0.8494316545558165,-3.060042161685535,-4.22837871093966,-0.920203427015454,0.0883117565423487,0.0012010276090747918
0.66,-0.016938333772169308,1.4835093193970061,-0.984267856780322,-0.5371405647019576,-0.0017467865887560567,-4.796910716987974e-05,0.16539061784937306,0.12275730009958717,0.06074554321594738,0.018020375974312098,0.017195930536744224,0.0003345975623847601,0.22685841977479318,0.7022088214265493,-0.027412465389993174,0.07023601252840694,-0.012915655448004215,0.09494289086145102,0.8486580460373525,-3.052578443105504,-4.2305126417270955,-0.9204759472846721,0.08817093030776932,0.0012161722576059498
0.67,-0.015276855498989399,1.4847933154828725,-0.983657970215928,-0.5369577176047259,-0.0015741896620990426,-4.458307651434228e-05,0.1661478273179908,0.12839960858663174,0.060988656439401934,0.018284709723174152,0.017259692665701404,0.0003386030655537461,0.11351809765383725,0.6602799121094745,-0.0440850357589153,0.0642624889335961,-0.03614114534544638,0.08245485893015497,0.8437237825600088,-3.0483436079841093,-4.2336860793211715,-0.9210941892111897,0.08759378646370955,0.0012233316662973227
0.68,-0.013615820595180878,1.486129762071172,-0.9830472123390438,-0.5367727204019285,-0.0014017987344823854,-4.117271664568998e-05,0.1661034903808522,0.13364465882994994,0.06107578768842774,0.01849972027974033,0.017239092761665718,0.00034103598686523043,-0.0007996014681507962,0.6155069487353136,-0.06123120940879368,0.05793632431214424,-0.05899652516304484,0.06968098451858887,0.834621948808992,-3.047373056104848,-4.237911163478519,-0.9220620548952552,0.08658175602946598,0.001222501901233266
0.6900000000000001,-0.011963284549510768,1.4875144541325935,-0.9824371942255982,-0.5365860865105078,-0.0012304575199136992,-3.7753798602761194e-05,0.165253604567011,0.1384692061421621,0.06100181134456627,0.018663389142065768,0.017134121456868604,0.0003418918042928785,-0.11557291661986915,0.5680572485502109,-0.07879866286387596,0.05127848865182072,-0.08131770989716325,0.05668171659295244,0.821365746671095,-3.049690302109684,-4.243196515603777,-0.9233822442913309,0.08513851305611186,0.001213719164759158
0.7000000000000001,-0.0103273059342965,1.488942969889379,-0.9818295729206326,-0.5363983477885392,-0.0010610056628163253,-3.434206122474873e-05,0.16359786152142686,0.1428515756785415,0.060762130496565314,0.018773872196855574,0.01694518570973738,0.0003411737378012463,-0.2302699198360587,0.5181084792903937,-0.09673254734282591,0.044311419942577146,-0.10295046206260083,0.0435167336070464,0.8039889776204651,-3.055307000644032,-4.249547173237508,-0.9250562421397418,0.0832699823987437,0.001197059234259828
0.71,-0.008715908734629622,1.490410687345691,-0.9812260459144112,-0.5362100527058958,-0.0008942745752655603,-3.095313488333215e-05,0.16113971996668763,0.1467717456312036,0.060352700622135234,0.018829508264336502,0.016673108755076507,0.000338892634141658,-0.34435001850579144,0.4658478916738719,-0.11497573067346713,0.03705894089347861,-0.12375191916581585,0.030244600941045863,0.7825464451446648,-3.064223009658189,-4.25696453892701,-0.9270843092261121,0.08098433592945482,0.0011726366828141278
0.72,-0.007137044059901461,1.4919128015785699,-0.980628345406117,-0.5360217644373652,-0.0007310832924516068,-2.7602466744878303e-05,0.15788646747281615,0.15021142328787154,0.05977005082942636,0.01882882685306672,0.016319128281395354,0.00033506681384538493,-0.45726566984002465,0.41147151665147236,-0.13346904989620526,0.029546169242191778,-0.14359191960435203,0.01692247016762577,0.7571142649086813,-3.076426489306006,-4.2654463439677945,-0.9294654779732945,0.0782919766868236,0.001140603891369198
0.73,-0.0055985513666760595,1.4934443427155204,-0.9800382323804141,-0.5358340588864327,-0.0005722343645281825,-2.430524791874951e-05,0.1538492693225401,0.15315411369504806,0.059011302570289886,0.018770555093255765,0.015884892792342425,0.00032972188261287937,-0.5684643167799737,0.35518333185481327,-0.15215157289287795,0.021799421910923766,-0.16235410987451182,0.003605821598300585,0.7277900704037953,-3.0918940338260725,-4.274986627441615,-0.9321975523609478,0.07520551053144142,0.0011011498636739458
0.74,-0.0041081193396045055,1.4950001945225888,-0.9794574905228788,-0.5356475226482128,-0.00041850980338629636,-2.1076342823972355e-05,0.14904320270715543,0.1555851807068347,0.058074185753534825,0.01865362382198179,0.015372456114188617,0.00032289050947771554,-0.6773905499626066,0.29719440182940743,-0.1709608673180432,0.013846113343344735,-0.17993681998030508,-0.0096517494546563,0.6946931021357833,-3.1105908337972794,-4.28557573090146,-0.9352771121578071,0.07173970496367217,0.0010544988566506908
0.75,-0.0026732465948887604,1.4965751135250172,-0.978887920000849,-0.5354627509202262,-0.00027066710320868177,-1.7930221081259744e-05,0.1434872744715745,0.1574919002428407,0.056957052202975415,0.018477172798656842,0.014784270017761461,0.00031461217427126097,-0.7834884954485591,0.23772199674909517,-0.18983327505886605,0.0057146483937403625,-0.1962536981475731,-0.022798703228063877,0.6579641689790826,-3.1324708662288634,-4.2972003089639506,-0.9386995214405164,0.0679114348582853,0.0010009088401440657
0.76,-0.0013012023884114027,1.4981637485812291,-0.9783313311366301,-0.5352803453698847,-0.00012943535389761497,-1.488089221098085e-05,0.13720442064773578,0.15886350562120194,0.055658886421896384,0.018240555034155947,0.014123174931106678,0.00030493288702788935,-0.8862044228981507,0.17698869437002485,-0.20870419041863278,-0.0025656898229380054,-0.2112341002796967,-0.03578568427915807,0.6177654711610031,-3.157477110072815,-4.309843355964248,-0.9424589413603839,0.06373961497939064,0.0009406698010466985
0.77,1.012472328616211e-06,1.4997606608299818,-0.9777895380002053,-0.535100911967663,4.488533385875102e-06,-1.1941843390480795e-05,0.13022148607400189,0.1596912248752685,0.05417931364247539,0.017943340222166967,0.013392388728349006,0.0002939048820500055,-0.9849895638528008,0.11522146999719052,-0.22750834021331467,-0.010964856641320797,-0.22482323394718318,-0.04856561067831888,0.5742802754377321,-3.1855417849299266,-4.32348424870784,-0.9465483471050754,0.059245119256510596,0.0008741019076453805
0.78,0.001226704297273922,1.501360343930028,-0.9772643519486504,-0.5349250587949983,0.00013044346929204928,-9.125980496507978e-06,0.12256918249453058,0.15996831000462627,0.05251860515549875,0.017585317266463407,0.012595493590617419,0.0002815862893972817,-1.0793031248377587,0.052650779208132464,-0.24618006398000786,-0.019452166600316345,-0.23698206099740293,-0.06109372649624567,0.5277124343708294,-3.2165866109537937,-4.338098805218427,-0.9509595489860605,0.054450686926733875,0.000801553550646525
0.79,0.002369524533936112,1.502957244511552,-0.976757575139328,-0.5347533938359691,0.00024780767875547154,-6.445572630753931e-06,0.11428202366621902,0.15969005815239676,0.050677680932235895,0.017166495902917887,0.011736420946342224,0.00026804078657540473,-1.1686154752419442,-0.010490361995003705,-0.2646535925245033,-0.02799641767618455,-0.2476869670112709,-0.07332762102001367,0.47828574319235884,-3.2505230882323475,-4.353659359232496,-0.9556832175642787,0.04938081577660209,0.0007233992777176284
0.8,0.003423506895639645,1.5045457827589606,-0.976270994043664,-0.534586522761768,0.00035600202386103274,-3.912200298980041e-06,0.10539823617035332,0.1588538247408468,0.04865810956640679,0.016687107420110196,0.010819434510556121,0.000253337233177389,-1.2524114854393846,-0.07396729504868087,-0.28286332308669193,-0.0365660183767712,-0.25692920973817746,-0.08522721856049653,0.42624312953655713,-3.287252794234522,-4.370134850031807,-0.9607089127061736,0.04406164284849594,0.0006400376385186315
0.81,0.004383103343935147,1.5061203730453194,-0.9758063729878677,-0.5344250467168952,0.00045449313841960747,-1.536707387217119e-06,0.09595964482955016,0.1574590286358939,0.046462105579637966,0.01614760448728534,0.009849111455857474,0.00023754929117629224,-1.3301939864743362,-0.13754463030370798,-0.3007440894655271,-0.045129117051137646,-0.26471416223254796,-0.09675474302131004,0.3718456732887469,-3.326667698240487,-4.3874909270379225,-0.9660251164401511,0.03852081310756786,0.0005518889570955533
0.8200000000000001,0.0052432186625883705,1.5076754445397973,-0.9753654477463827,-0.5342695601158636,0.0005427963560319318,6.708429476223291e-07,0.08601153186532234,0.15550714944778807,0.04409252414849268,0.015548660103158377,0.008830321761232439,0.0002207550334839448,-1.4014873189127377,-0.20098714790227276,-0.31823142553409106,-0.053653732711875346,-0.2710603696266025,-0.10787466158107706,0.3153714559261663,-3.3686504920156244,-4.405690068422062,-0.9716192694600202,0.03278733669447708,0.00045939304817521197
0.8300000000000001,0.005999243354532859,1.5092054617108954,-0.9749499192131332,-0.534120648459028,0.0006204784140198353,2.7012083804057245e-06,0.07560246919444889,0.15300171710982388,0.041552853324943344,0.014891165683565591,0.007768205798790348,0.00020303654327833955,-1.465840935226207,-0.26406068406598815,-0.33526182066674703,-0.06210788667397771,-0.2759984412525869,-0.1185536119068269,0.25711424096511726,-3.4130749363292647,-4.424691712813693,-0.97747781109769,0.026891435514175704,0.00036300689334674535
0.84,0.0066470845900284915,1.5107049446499867,-0.9745614471747843,-0.5339788861759256,0.0006871599163443618,4.546003445060596e-06,0.0647841235495632,0.1499482939091202,0.0388472038348916,0.014176228310235931,0.006668150232452653,0.00018447950646548707,-1.5228330173763214,-0.32653299905866356,-0.3517729657250002,-0.07045973424614127,-0.27956980212487803,-0.12876031727397308,0.19738198944564325,-3.4598062232467646,-4.444452403027928,-0.983586222563047,0.020864380029726244,0.0002632022923598167
0.85,0.0071831949341969945,1.5121684891417178,-0.9742016442092751,-0.5338448345042565,0.000742517539509988,6.1977314398894585e-06,0.05361103441685025,0.14635444917311222,0.035980296550922476,0.013405167166908072,0.005535762316562616,0.00016517279948288625,-1.5720740691439994,-0.3881746233613969,-0.3677039883662755,-0.07867769574096695,-0.28182532958695283,-0.13846549383299278,0.13649521673843934,-3.5087013544258463,-4.4649259405804935,-0.9899290732253919,0.01473831724075965,0.0001604635038329606
0.86,0.0076045985852664375,1.5135907864101403,-0.9738720697318171,-0.5337190394123299,0.0007862859664707265,7.64981218463991e-06,0.04214036510694434,0.14222972684225565,0.03295744774580557,0.01257950919265951,0.004376842696073857,0.00014520807447504516,-1.6132104412340915,-0.4487596788943831,-0.3829956765839576,-0.08673058603778117,-0.2828239021945169,-0.1476417540396744,0.07478519930697737,-3.559609535913207,-4.4860635496259835,-0.9964900696890764,0.008546090927046888,5.528488857413111e-05
0.87,0.007908914861359043,1.5149666424719745,-0.9735742242093947,-0.533602029572474,0.0008182595347033667,8.896605621443263e-06,0.03043162760926056,0.13758560618342727,0.029784552242235744,0.011700983985582648,0.003197356823264009,0.00012467934368033535,-1.6459277462933197,-0.5080666724301299,-0.3975906895320139,-0.09458774195500608,-0.2826308886520774,-0.15626350998076144,0.01259204235920482,-3.6123725901556107,-4.507814048846298,-1.0032521073970466,0.0023210553273745435,-5.183143250107045e-05
0.88,0.008094378683559937,1.51629099703117,-0.9733095435635758,-0.5334943143925457,0.0008382935858899065,9.93343126811494e-06,0.01854638222008947,0.1324354559195439,0.026468064581888308,0.01077151799283925,0.002003405118653982,0.0001036825646671677,-1.6699541207202229,-0.5658792586637926,-0.4114337548454803,-0.10221914668648857,-0.281316604843842,-0.16430687998318216,-0.04973737846366751,-3.6668253861008906,-4.530124029736836,-1.0101973244809117,-0.0039031164986672957,-0.00016037789517775783
0.89,0.008159857816317518,1.5175589418518598,-0.973079393780146,-0.5333963821122897,0.0008463055060484725,1.0756583546616778e-05,0.006547913275758186,0.12679448206897867,0.023014978342987033,0.009793228025596488,0.0008011920158566032,8.231522785018375e-05,-1.6850632905117806,-0.6219869707316107,-0.4244718518244559,-0.10959555060715509,-0.2789547667343326,-0.1717496015141231,-0.11185158612814611,-3.722796288362113,-4.552938039693652,-1.017307157565871,-0.010092628314099808,-0.0002698437741693777
0.9,0.00810486664290663,1.518765738549894,-0.9728850657427436,-0.5333086979708954,0.0008422754464615902,1.136334302169988e-05,-0.005499117341088962,0.12067966980343213,0.019432803740238886,0.008768414139421945,-0.0004030059586882374,6.067594750831027e-05,-1.6910773993713408,-0.6761859162964811,-0.4366543800190463,-0.11668858775404267,-0.2756209661785123,-0.17857095297206627,-0.1733967648251627,-3.7801076264467586,-4.57619876829891,-1.024562399234213,-0.016213758990747187,-0.0003797174228491741
0.91,0.007929576273641242,1.5199068357463448,-0.972727770306302,-0.5332317024516722,0.0008262467173634514,1.1751983594904148e-05,-0.017529036926538736,0.114109719645075,0.015729543644159426,0.007699551922329264,-0.0016028729098138835,3.8864057320426684e-05,-1.6878695588721064,-0.7282794376403794,-0.4479333129088488,-0.12347088737564205,-0.27139119552117474,-0.18475168655011465,-0.23401909728609688,-3.838576185009252,-4.599847235237506,-1.0319432568527196,-0.022233062039278266,-0.0004894884639498655
0.92,0.007634820807612545,1.5209778855296758,-0.9726086336247168,-0.5331658096093334,0.0007983258480538383,1.1921775707258968e-05,-0.02947554660286977,0.10710497833309693,0.011913668158516418,0.006589284233880954,-0.00279208693096131,1.6979211235482103e-05,-1.675366082599,-0.7780787345199089,-0.45826333654550255,-0.12991617994024418,-0.26634044532233503,-0.19027397393127754,-0.29336715642799277,-3.8980137159692707,-4.623822978356189,-1.0394294124776957,-0.028117564961767805,-0.000598649926028916
0.93,0.007222099594763071,1.52197475917664,-0.9725286927457679,-0.5331114054849383,0.0007586823088949428,1.1872985610321574e-05,-0.04127212128494739,0.09968736469641001,0.00799408789489632,0.005440412439500824,-0.0039643539158895486,-4.879009693739367e-06,-1.653548368843016,-0.8254034488402878,-0.4676019731735274,-0.13599939711177456,-0.26054139766654316,-0.19512136616349762,-0.35109432971879867,-3.9582274731511737,-4.648064240496991,-1.047000083566484,-0.03383496699698377,-0.0007067003217501086
0.9400000000000001,0.0066935753738561095,1.522893562085373,-0.9724888914849449,-0.5330688466130933,0.0007075478925072725,1.1606870769759353e-05,-0.052852422090696176,0.09188029087330815,0.003980126082298569,0.004255887184502825,-0.005113441638767037,-2.6611484056222158e-05,-1.6224543995517486,-0.8700822104914898,-0.4759096900093112,-0.14169676521758579,-0.25406323535100306,-0.19927876866425387,-0.40686125369025566,-4.0190207698469,-4.6725081538977715,-1.0546340842461341,-0.039353833833700384,-0.0008131456651752682
0.9500000000000001,0.006052068193089536,1.5237306478775787,-0.9724900765884723,-0.5330384586255705,0.0006452157534005503,1.1125671468719002e-05,-0.0641507180766573,0.0837085792205726,-0.00011851035273921593,0.003038798752270166,-0.006233213910672221,-4.811993010403515e-05,-1.5821798268024383,-0.9119531439552533,-0.48314999349794685,-0.14698589183225552,-0.24697058485164725,-0.20273243193519153,-0.46033823535540536,-4.080193559391553,-4.697090921149707,-1.0623098869177574,-0.044643787885477515,-0.0009175014262662664
0.96,0.005301045053425433,1.5244826316301192,-0.9725329941945082,-0.5330205349550649,0.0005720391072431288,1.043259867995428e-05,-0.07510231396641028,0.07519837525405051,-0.00429176060358986,0.0017923670505697192,-0.00731766461574215,-6.930727887647209e-05,-1.5328786220084967,-0.9508643355366737,-0.489289509506732,-0.15184584515863309,-0.23932260838353425,-0.2054699582173949,-0.5112076369210286,-4.141543038476882,-4.721747991929165,-1.0700056840081902,-0.04967569275085681,-0.0010192944216438331
0.97,0.004444605249819571,1.5251464021997225,-0.9726182866002219,-0.5330153356423731,0.00048842959297688,9.531818276357055e-06,-0.08564398036058622,0.06637705696034138,-0.008529240571368526,0.000519931269168356,-0.008360951426624876,-9.007804035972245e-05,-1.4747632673467415,-0.9866742612944358,-0.4942980500343993,-0.15625722597798752,-0.23117225765508476,-0.2074803240066787,-0.5591662001295801,-4.202864272523717,-4.746414234972178,-1.0776994497176704,-0.05442183052507681,-0.001118064641318528
0.98,0.0034874614220682066,1.5257191336078741,-0.9727464893412383,-0.5330230862498653,0.00039485530301163537,8.428431649432184e-06,-0.09571438277513644,0.05727314081515965,-0.012820274101641983,-0.0007750607492167101,-0.009357428996524468,-0.0001103386626924872,-1.4081044734470616,-1.0192521759386963,-0.4981486671305283,-0.1602022319966956,-0.22256569910386048,-0.2087539180630662,-0.6039272868220956,-4.263950842001971,-4.771024105025031,-1.085369001651925,-0.058856070682382404,-0.0012133670115874703
0.99,0.002434916364550071,1.5261982954562587,-0.9729180285887886,-0.5330439768837056,0.0002918384887718131,7.128452804671707e-06,-0.10525450575181355,0.04791618483846422,-0.017153924755026112,-0.0020890633840335965,-0.010301681423982224,-0.00012999788447604763,-1.3332304121681908,-1.0484784631318491,-0.5008176948112316,-0.16366471450380082,-0.21354191753613083,-0.2092825942994485,-0.6452230128805657,-4.3245955081394705,-4.795511804774284,-1.0929920622675666,-0.0629540293109848,-0.0013047730945711918
1.0,0.001292835682316463,1.5265816623463568,-0.9731332188688274,-0.5330781613268972,0.0001799529509056439,5.638782002027774e-06,-0.1142080682233608,0.03833668900980674,-0.02151902800388442,-0.003418444319157546,-0.011188553786616921,-0.00014896708026439334,-1.2505254582396208,-1.0742449477681117,-0.5022847798354096,-0.16663022732383936,-0.2041325022134961,-0.20905973871595074,-0.6828062535781223,-4.3845908960129565,-4.819811442023773,-1.1005463200993233,-0.06669321755488368,-0.001391872724946655
1.01,6.761641934530539e-05,1.5268673222799551,-0.9733922611063782,-0.5331257562848498,5.9821125492135586e-05,3.967176009074335e-06,-0.12252192629711577,0.02856599335983548,-0.025904223755081092,-0.004759495795263547,-0.012013182541350831,-0.00016716059929534387,-1.1604284386329855,-1.0964551709181858,-0.5025329022685738,-0.16908606811445903,-0.1943616165580977,-0.20808034935418984,-0.7164524995269806,-4.4437301925796975,-4.8438571826337125,-1.1080094907743523,-0.0700531781973035,-0.0014742755843196375
1.02,-0.001233848177110263,1.5270536840204125,-0.9736952409974465,-0.5331868407448229,-6.788912041967587e-05,2.1222150343016317e-06,-0.13014645964555682,0.018636174045748875,-0.030297989106833848,-0.006108445997305188,-0.012771024591181146,-0.00018449609747727037,-1.0634303936849596,-1.115024628210412,-0.5015483868035902,-0.17102131210896943,-0.18424614982510423,-0.20634112808433658,-0.7459615438521274,-4.501807856800688,-4.867583399957633,-1.1153593778509727,-0.07301560940865365,-0.0015516127133821667
1.03,-0.0026042075547226427,1.5271394833975125,-0.9740421277100066,-0.5332614554502654,-0.00020246796864289402,1.1326640861556208e-07,-0.13703593776123799,0.008579937709987964,-0.034688671256013444,-0.007461470544247586,-0.013457884822321813,-0.00020089486256860697,-0.9600718591845414,-1.1298809724755594,-0.49932090582878796,-0.1724268384785823,-0.1737960463253012,-0.20384058289723694,-0.7711589829147848,-4.558620338639543,-4.890924821697003,-1.1225739335448328,-0.07556447477699488,-0.001623537961534075
1.04,-0.004035696179188435,1.5271237885416409,-0.9744327729148121,-0.5333496024907693,-0.00034316738784838857,-2.049554915185668e-06,-0.14314886244657918,-0.001569485587171451,-0.039064520480552783,-0.008814704050393718,-0.014069941920549455,-0.00021628213238012296,-0.8509396838132638,-1.1409641815149214,-0.4958434752404328,-0.17329534951513548,-0.16301480510372146,-0.2005791392504891,-0.7918975148417247,-4.613966803406664,-4.913816675232019,-1.1296313194233099,-0.07768609884031623,-0.0016897293730321092
1.05,-0.005520179009844975,1.527006004035851,-0.9748669101461103,-0.5334512450080678,-0.0004892051106669092,-4.355428972136871e-06,-0.148448283065654,-0.011778450578986218,-0.04341372312981085,-0.01016425172985123,-0.014603772281852063,-0.0002305874056951203,-0.7366634014444833,-1.1482266918581565,-0.4911124439789499,-0.17362138289015583,-0.15190014040283772,-0.19655925891444903,-0.8080580222597379,-4.667649857666891,-4.936194832573856,-1.1365099671576602,-0.07936924744687232,-0.001749890507990207
1.06,-0.007049199822690443,1.5267858739771147,-0.9753441544917463,-0.5335663070182461,-0.0006397688290671115,-6.79287642656533e-06,-0.1529020812845468,-0.022013005873631405,-0.04772443456360407,-0.011506201017835477,-0.015056371840020231,-0.00024374474544284594,-0.6179111828258932,-1.1516334993629964,-0.4851274782364845,-0.17340131725860797,-0.14044479077939132,-0.19178556466618568,-0.8195504279616688,-4.719476272748781,-4.957995956113259,-1.1431886394213082,-0.08060519238182637,-0.0018037516957186781
1.07,-0.008614032045367212,1.5264634839407212,-0.9758640026116266,-0.5336946733500919,-0.0007940205854937243,-9.349807161355762e-06,-0.15648322226767694,-0.03223900363936144,-0.051984811988036186,-0.012836633184572024,-0.015425175642661281,-0.00025569307347904325,-0.4953853960442831,-1.1511622274747755,-0.4778915412296143,-0.17263337151202673,-0.12863746241655605,-0.18626496909345192,-0.8263143147114264,-4.7692577017912745,-4.979157646310764,-1.1496464910113515,-0.08138775981489527,-0.0018510712169894595
1.08,-0.010205731741146279,1.526039261844379,-0.9764258330830571,-0.5338361896992867,-0.0009511013356665726,-1.2013571722642214e-05,-0.15916996957790658,-0.0424222096342247,-0.056183047143047456,-0.014151634919478268,-0.015708075017284825,-0.00026637645612864513,-0.3698178098622912,-1.146803163911817,-0.469410869361068,-0.17131759798598178,-0.11646388999541535,-0.18000680568620647,-0.8283193029985922,-4.816811386241971,-4.999618592384223,-1.1558631302489255,-0.08171336224403498,-0.0018916364108823441
1.09,-0.011815192354606312,1.5255139777111058,-0.9770289070710838,-0.5339906627979372,-0.0011101356574729079,-1.4771015516979877e-05,-0.16094606134600326,-0.05252841332732664,-0.06030739880266798,-0.015447309865046293,-0.01590343218063352,-0.00027574437943376633,-0.24196447848029073,-1.1385592664769861,-0.4596949455104964,-0.16945586993437267,-0.10390799647487059,-0.17302296030828734,-0.825565183244902,-4.861960847782026,-5.019318726903041,-1.1618186806832618,-0.0815810137338161,-0.0019252647009376706
1.1,-0.01343320081088044,1.5248887423324664,-0.9776723693216253,-0.5341578606987509,-0.0012702365790463518,-1.760853564528571e-05,-0.1618008456274129,-0.06252353786393026,-0.06434622505414866,-0.01671979008137305,-0.016010092157344384,-0.0002837520128305834,-0.11260035046911943,-1.126446138617487,-0.4487564700921016,-0.167051863580439,-0.0909531312957167,-0.16532800105684597,-0.8180818017099583,-4.9045365617929715,-5.038199384999732,-1.1674938430850168,-0.08099232837335898,-0.0019518045344486213
1.11,-0.015050494543361919,1.5241650048361566,-0.978355249474889,-0.5343375131729865,-0.001430510497929874,-2.0512140242855323e-05,-0.16172937324814787,-0.07237374963097602,-0.06828801532637613,-0.017965247423556423,-0.016027391888352224,-0.0002903604597569611,0.01748635150558924,-1.1104919752685722,-0.4366113304075774,-0.16411103503446256,-0.07758336489955214,-0.1569393044255902,-0.8059287021057194,-4.9443766086965795,-5.056203468666215,-1.1728699576683999,-0.07995150200679546,-0.0019711362279049615
1.12,-0.016657819011894795,1.523344549164328,-0.9790764636963006,-0.5345293122211383,-0.0015900621621819282,-2.3467510177603733e-05,-0.1607324468532875,-0.08204556718284461,-0.07212142214115363,-0.019179904815178457,-0.015955166425205423,-0.00029553699347484086,0.14749993003538828,-1.0907374794243994,-0.42327856869681363,-0.16064059235790484,-0.06378481604629727,-0.14787717559347016,-0.7891945276715835,-4.981327299781992,-5.073275616323255,-1.1779290664305415,-0.07846527741835423,-0.0019831727108815464
1.1300000000000001,-0.01824598526496524,1.5224294894714345,-0.9798348166219307,-0.5347329126951564,-0.0017479996834186063,-2.6460062939440054e-05,-0.1588166253070445,-0.09150596928934572,-0.07583529256300561,-0.02036004740181261,-0.0157937521236678,-0.000299255276183632,0.27664313816916536,-1.0672357497830205,-0.40878034915853506,-0.15664946303371918,-0.04954698726854545,-0.13816496055750452,-0.7679961911467887,-5.01524377447517,-5.089362377548346,-1.1826539754426568,-0.07654289328340817,-0.0019878601600787863
1.1400000000000001,-0.019805927095445576,1.5214222644527444,-0.9806290036151717,-0.5349479330308454,-0.0019034395511048202,-2.9475018532537265e-05,-0.15599418304803345,-0.10072250186901209,-0.07941869932409237,-0.021502033568895768,-0.0155439867686214,-0.00030149555930972103,0.40412317460312475,-1.0400521397183091,-0.39314192408020493,-0.15214825705944168,-0.03486408293013299,-0.12782914772628826,-0.7424778226670014,-5.045990566391927,-5.104412392531695,-1.1870283168731084,-0.07419601732510459,-0.001985178514794482
1.1500000000000001,-0.021328757340168616,1.520325630617036,-0.9814576133311774,-0.5351739560889296,-0.0020555116169282254,-3.2497467159427486e-05,-0.152283024472304,-0.10966338357083015,-0.08286097160057275,-0.022602305808420358,-0.015207206582340529,-0.00030224486268902174,0.529157690892878,-1.009264087737185,-0.37639159906882835,-0.14714922587914447,-0.0197362838025974,-0.11689945648048305,-0.7128095080704838,-5.07344213593315,-5.118376575514747,-1.1910366104698558,-0.0714386642423552,-0.0019751418648590153
1.16,-0.02280582287911318,1.5191426545193698,-0.9823191305853312,-0.5354105301031167,-0.0022033640178245016,-3.551243846163615e-05,-0.14770655389445664,-0.11829760976661859,-0.08615172541536974,-0.02365740141870554,-0.014785240089627602,-0.00030149713022086585,0.6509807511854662,-0.9749609194939071,-0.35856069724282114,-0.14166621731721607,-0.004170951865246408,-0.10540891010544995,-0.6791858323904304,-5.0974833676143,-5.131208301163692,-1.1946643241813004,-0.06828709909770843,-0.001957798702016118
1.17,-0.024228757900292497,1.5178767039722252,-0.9832119395217289,-0.5356571697333269,-0.0023461680061845746,-3.8504972056319825e-05,-0.1422935021179317,-0.126595054714458,-0.0892808936397731,-0.02466396302102653,-0.01428039883600728,-0.0002992533594683679,0.7688486840641743,-0.9372436213533432,-0.33968352210307995,-0.13571462665973266,0.011816260798095612,-0.09339389039976975,-0.6418242453998223,-5.118010030754759,-5.142863592553483,-1.1978979335522573,-0.06475972697156329,-0.0019332320258915888
1.18,-0.025589535011524195,1.5165314382557153,-0.9841343270773563,-0.5359133572220883,-0.002483122655975144,-4.1460189082506935e-05,-0.1360777111231697,-0.13452657165098175,-0.0922387555627328,-0.02561874887614267,-0.013695464979056942,-0.0002955217026187109,0.8820457658784614,-0.8962245854243676,-0.3197973186679291,-0.12931134401631406,0.028200424544287284,-0.0808941711809405,-0.6009632679317362,-5.134929202569381,-5.1533013091971425,-1.200724979497551,-0.06087696980086157,-0.0019015592960691403
1.19,-0.0268805138000273,1.5151107973500444,-0.9850844867372776,-0.536178543651916,-0.0026134594139537058,-4.4363364444523085e-05,-0.1290978788503106,-0.1420640905671009,-0.09501596599212547,-0.026518642982767418,-0.013033675797856196,-0.000290317536201615,0.9898896754427008,-0.8520273259281544,-0.29894223233740524,-0.12247469804786126,0.04494649067684353,-0.06795292784436457,-0.5568605592927278,-5.14815965308995,-5.162483333359787,-1.2031341240309552,-0.056661131424288476,-0.0018629322223873974
1.2,-0.028094486465074404,1.5136189902158645,-0.9860605225757458,-0.5364521503013043,-0.0027364464658664865,-4.719999941452531e-05,-0.12139726650471061,-0.14918071341799163,-0.0976035838468302,-0.027360664938835523,-0.012298705191278052,-0.0002836634970002225,1.09173666127898,-0.8047861667205,-0.2771612648358862,-0.11522439615362146,0.06200861893292764,-0.05461672009763052,-0.5097908673944355,-5.15763219168255,-5.170374752754013,-1.2051152035128276,-0.052136251950601016,-0.0018175363863806447
1.21,-0.02922472017749394,1.5120604821507235,-0.987060453577668,-0.5367335700967549,-0.002851392888488322,-4.995589423131909e-05,-0.1130233712419534,-0.1558508065140989,-0.09999310019222157,-0.028141979545059634,-0.01149464226218355,-0.0002755894816793779,1.1869863646858845,-0.7546458997596348,-0.2545002264796698,-0.10758146119855683,0.07932969499305109,-0.04093544499813151,-0.4600438842280493,-5.163289975206458,-5.176944037627562,-1.2066592789762938,-0.04732795265048529,-0.0017655906877986332
1.22,-0.030264995852367263,1.5104399812523668,-0.9880822182343165,-0.5370221691580426,-0.002957652559600756,-5.261722030936291e-05,-0.10402756748733225,-0.16205008983567035,-0.10217646566485418,-0.028859906128764063,-0.01062596711124342,-0.00026613260780438216,1.2750862448658848,-0.7017614142986025,-0.23100768394071436,-0.09956816483054087,0.09684105657465825,-0.026962257475705687,-0.4079220299816717,-5.165088778069905,-5.1821632102278965,-1.2077586830991023,-0.042263272643896406,-0.0017073466113430719
1.23,-0.031209643057429046,1.5087624240222755,-0.9891236794065644,-0.5373172884336869,-0.00305462779950849,-5.5170591650666436e-05,-0.09446472050617818,-0.16775572300912556,-0.10414611722479324,-0.029511927564426426,-0.009697523990773374,-0.0002553371341303529,1.3555355561530373,-0.6462972965858602,-0.2067349025984949,-0.09120795748805133,0.11446244369360858,-0.012753455638328526,-0.3537381894411132,-5.162997224571484,-5.186008004660662,-1.208407063405821,-0.03697049871284946,-0.0016430873101313114
1.24,-0.0320535708190225,1.5070329601454797,-0.9901826294482288,-0.5376182454233442,-0.0031417727194612017,-5.7603135033750726e-05,-0.08439277615934515,-0.17294638767957948,-0.10589500416643287,-0.030095698965734823,-0.008714491995271162,-0.00024325433830842916,1.427888832050073,-0.5884273998828113,-0.18173578253757697,-0.0825253951539291,0.13210218521632555,0.0016316716538997689,-0.29781342431533736,-5.156996983968343,-5.188458015246887,-1.2085994213116988,-0.03147898961296387,-0.001573126503917957
1.25,-0.03279229412948711,1.505256936485377,-0.9912567955813377,-0.5379243359835681,-0.0032185962543700534,-5.990255853854317e-05,-0.07387233104646097,-0.1776023660102673,-0.10741661331089986,-0.03060905602239551,-0.007682353490885164,-0.00022994235047924468,1.491758836291031,-0.5283343846475939,-0.1560667872106206,-0.07354606297801847,0.1496576299079173,0.016131037190770803,-0.24047468478977874,-5.147082928684048,-5.189496831621609,-1.2083321466539516,-0.025818996284791673,-0.0014978071917467334
1.26,-0.03342195600401299,1.5034398803350102,-0.9923438455142922,-0.5382348362131021,-0.0032846648594740133,-6.205721795457701e-05,-0.06296618745258759,-0.18170561503666804,-0.1087049932954523,-0.03105002295339193,-0.0066068605103959885,-0.00021546594160338394,1.546818947455203,-0.46620922879714194,-0.1297868637911826,-0.06429649586839847,0.16701582585209795,0.030679989679773367,-0.18205254294136677,-5.133263255962949,-5.189112158997003,-1.2076030473966668,-0.020021479377393236,-0.001417500180438948
1.27,-0.033939344980681074,1.5015874819690003,-0.9934413932929705,-0.5385490044135721,-0.0033396048531040465,-6.405618061267084e-05,-0.051738897666808774,-0.18523983660099008,-0.1097547778678365,-0.031416820047002456,-0.005493999363003308,-0.00019989626580938307,1.5928049507094946,-0.4022507080391576,-0.10295735425079611,-0.054804096213268094,0.18405444743938038,0.04521159130606778,-0.12287896966208499,-5.115559573101787,-5.187295922226704,-1.2064113742400067,-0.014117925491379548,-0.0013326024321212236
1.28,-0.03434190800398069,1.499705576543085,-0.994547005373836,-0.5388660831211385,-0.003383104390392205,-6.588928617783191e-05,-0.040256302329961295,-0.1881905425915484,-0.1105612080865433,-0.031707870756637745,-0.00434995372881587,-0.0001833105565161069,1.6295162179685134,-0.3366648463643042,-0.07564189624021941,-0.04509704890068633,0.20064296416999028,0.059656939459497016,-0.06328517545275697,-5.094006946153391,-5.184044352545065,-1.2047578399109813,-0.00814016352661094,-0.0012435352358224922
1.29,-0.03462775867888359,1.4978001253909687,-0.9956582069070508,-0.5391853012043438,-0.0034149150556520127,-6.754720394384766e-05,-0.02858506749029044,-0.19054511521162637,-0.1111201533214811,-0.03192180832053311,-0.0031810665259807596,-0.00016579177660157443,1.6568162660277577,-0.269664336905977,-0.047906312911185085,-0.03520423385861482,0.2166440403915617,0.07394553283487437,-0.0035995338911736126,-5.068653911715792,-5.179358056104605,-1.2026446329597436,-0.002120182481187363,-0.001150742209997591
1.3,-0.03479568092886834,1.4958771967709303,-0.9967724882164901,-0.5395058760230692,-0.0034348530641861055,-6.902148617820501e-05,-0.016792224998475005,-0.19229286200384252,-0.11142813094393753,-0.03205748187253745,-0.001993800853409292,-0.00014742822343573558,1.6746326909178857,-0.20146793350994313,-0.019818490904427246,-0.02515513634645805,0.23191514990190498,0.08800568135666342,0.055854395220766254,-5.0395624511091395,-5.173242063686697,-1.2000754259303936,0.003910048006156599,-0.0010546871446318227
1.31,-0.03484512813643618,1.4939429461173404,-0.99788731146239,-0.5398270156431767,-0.0034428000674225135,-7.03046170798181e-05,-0.004944720756783703,-0.19342506535900233,-0.11148232458997943,-0.032113962010746955,-0.0007947003236408034,-0.0001283130901613079,1.6829564856972852,-0.1322998135062484,0.008551754175382991,-0.014979755295464248,0.2463103842181127,0.10176495851574541,0.11475972803218924,-5.006807925920816,-5.165705861204701,-1.1970553778171222,0.009918753147725697,-0.0009558516933186591
1.32,-0.03477621788795685,1.4920035958549098,-0.9990001174711679,-0.540147921101082,-0.0034387035585040876,-7.139005693165558e-05,0.006891024847932812,-0.19393502624305403,-0.11128060087779637,-0.032090545790532825,0.0004096508918426075,-0.00010854398518374869,1.6818407579771364,-0.06238891234299413,0.037132825350000884,-0.0047085100016523995,0.2596824283765935,0.11515069377297649,0.17280799131521282,-4.970478973585319,-5.156763400846418,-1.1935911307539688,0.015874523393509973,-0.0008547329273548884
1.33,-0.03458972248546978,1.4900654148360875,-1.0001083327157383,-0.5404677887121685,-0.003422576878715137,-7.227228105573268e-05,0.01864954024870709,-0.19381810188222723,-0.11082152445704659,-0.03198676110865171,0.0016126679788950546,-8.822241240771124e-05,1.67139887247474,0.008031769077646782,0.06585150534029163,0.005627854488108347,0.27188467353031953,0.12809050167900748,0.2297007191070397,-4.9306773613795745,-5.146433092906973,-1.1896908009187932,0.02174647866948957,-0.000751840765439595
1.34,-0.034287055425723086,1.488134697464539,-1.0012093764284096,-0.5407858124166247,-0.003394498828381631,-7.294681320894626e-05,0.03026670597466926,-0.1930717371548283,-0.1101043712671219,-0.03180237044562545,0.0028078050333506435,-6.745321532135766e-05,1.6518020526211508,0.07872588332768994,0.09463313139078293,0.015998362918018927,0.2827734314835828,0.1405128433114755,0.28515090317560426,-4.887517796975047,-5.1347377785386055,-1.1853639636588582,0.027504425530646515,-0.0006476952939746778
1.35,-0.03387025408069391,1.4862177425700531,-1.0023006678272246,-0.5411011861559689,-0.003354612889081117,-7.341025309464384e-05,0.04168013450291698,-0.19169548944860612,-0.10912913988149793,-0.031537373934419556,0.003988593930051342,-4.634398856975764e-05,1.6232764835087385,0.1494544804060592,0.12340178394823875,0.026371905920630212,0.29221021279315984,0.15234761456514656,0.33888429157914357,-4.841127693512772,-5.121704683786931,-1.180621632866802,0.03311900640671069,-0.0005428239942271506
1.36,-0.0333419588436,1.4843208321025014,-1.003379633435395,-0.5414131062732156,-0.003303126067100123,-7.36602977062706e-05,0.0528295237093913,-0.18969104675516246,-0.1078965608170381,-0.03119201172467025,0.005148682198099384,-2.500446116267609e-05,1.5860999660510304,0.2199767752622548,0.15208048913060887,0.03671733626532858,0.30006402729416326,0.16352675478101442,0.3906405319991024,-4.79164688707108,-5.107365355393005,-1.175476234652208,0.03856184024010381,-0.00043775889371316327
1.37,-0.03270538902956644,1.482450209714625,-1.0044437144722982,-0.5417207739293485,-0.003240307371035014,-7.369575626546402e-05,0.0636569814033559,-0.187062238787643,-0.1064081036903148,-0.030766765613286205,0.006281869606510918,-3.545855919342198e-06,1.5405981789511105,0.2900509372133922,0.1805914347448796,0.04700356486098567,0.30621366398572647,0.1739848681949987,0.44017415888384887,-4.7392273043903455,-5.091755578917297,-1.1699415753662574,0.04380565394119522,-0.0003330336600894218
1.3800000000000001,-0.03196431584032648,1.4806120593053758,-1.0054903742933754,-0.5420233975284904,-0.0031664859392037488,-7.351655856699686e-05,0.07410731892399612,-0.1838150409249387,-0.10466598210771343,-0.030262359914187117,0.0073821431831265025,1.7919769846716803e-05,1.4871406107532965,0.35943489934879685,0.2088561994356117,0.05719965611399158,0.31054990623300593,0.1836598497598716,0.48725542570646735,-4.68403257881284,-5.074915279788378,-1.164032804046225,0.048824404213501434,-0.00022918065658223172
1.3900000000000001,-0.031123032717383887,1.4788124835973269,-1.0065171058551983,-0.5423201951439125,-0.0030820488350800914,-7.312375659634036e-05,0.08412831229425966,-0.1799575708048956,-0.10267315618229728,-0.029679761542214585,0.008443710412365739,3.928019706565003e-05,1.4261362287304729,0.42788718578249424,0.23679599436467957,0.06727492226793808,0.3129776382634102,0.19249350610777527,0.5316709857755738,-4.6262376125927736,-5.056888407899302,-1.1577663693540166,0.05359338942852125,-0.00012672797854331727
1.4000000000000001,-0.03018632341782651,1.477057482823221,-1.0075214391809793,-0.542610396936801,-0.002987438531242147,-7.251951934160159e-05,0.09367092995573768,-0.17550007741057372,-0.10043333257809467,-0.029020179288856342,0.009461030383794448,6.0423725473877235e-05,1.3580289545024593,0.4951677543788286,0.26433191665018463,0.07719901636401127,0.31341779999769326,0.20043216176413403,0.5732244270093898,-4.566028084032736,-5.0377228063737745,-1.1511599710900184,0.058089351354187135,-2.6196491093746104e-05
1.41,-0.02915942815144459,1.475352933598047,-1.0085009488008951,-0.5428932475595044,-0.002883150104312219,-7.170712077938322e-05,0.10268952663819203,-0.1704549225174001,-0.09795096199158328,-0.02828506227034442,0.010428842692992777,8.123985622183661e-05,1.283293017993028,0.561038852342048,0.2913852136247773,0.08694202348139779,0.3118091493537518,0.20742724029034854,0.6117366678606015,-4.5035998983030305,-5.017470065107935,-1.1442325063714536,0.06229056666023089,7.190311199608721e-05
1.42,-0.02804800811707174,1.473704568054096,-1.0094532611408014,-0.5431680085348232,-0.0027697281650295685,-7.069092107289236e-05,0.11114200343728495,-0.16483655439510023,-0.09523123399063303,-0.027476097531874542,0.01134219392826505,0.00010161997064908608,1.202428261552342,0.6252658818266298,0.317877556803779,0.09647454998432492,0.3081097942635207,0.21343580980381693,0.6470462231379466,-4.439158581293178,-4.996185359668329,-1.1370040105745516,0.06617692823601756,0.0001670732080374845
1.43,-0.02685810877033729,1.472117953317231,-1.0103760618322306,-0.5434339606027748,-0.002647763548923253,-6.947634107953416e-05,0.11898993467344511,-0.1586614736864991,-0.09228006914292405,-0.026595206795167914,0.012196461610631575,0.00012145799933581969,1.1159554647776966,0.6876182724995313,0.3437313243127592,0.10576781049980033,0.3022984606830148,0.2184210823577004,0.6790093497903761,-4.372918616417674,-4.9739272760983875,-1.1294955931530672,0.06973001645969261,0.00025883208378364264
1.44,-0.02559612214460266,1.470598471403075,-1.0112671029160187,-0.5436904060261777,-0.002517889794027831,-6.806983032341713e-05,0.12619866257346296,-0.15194819141559543,-0.08910410837881888,-0.025644542340285275,0.012987375489542182,0.0001406510756117021,1.0244117577831071,0.747870357763389,0.36886989037228485,0.11479371243489656,0.29437546774844936,0.22235285696727836,0.707500083786845,-4.305102724937717,-4.950757622160695,-1.1217293684629528,0.07293316065012029,0.0003467166927770557
1.45,-0.02426874853215222,1.4691512996119789,-1.0121242099114955,-0.5439366708463429,-0.0023807794327071613,-6.647882864484398e-05,0.13273736124504387,-0.14471717910962034,-0.08571069954769009,-0.024626482016517376,0.013711036132066997,0.00015910016785731465,0.9283461864604732,0.805802251140608,0.39321792031937364,0.12352493785901597,0.28436338681430806,0.2252078966500668,0.732410180030093,-4.235941091049563,-4.926741225524909,-1.1137283817446488,0.07577149101359254,0.0004302853125421107
1.46,-0.02288295781420253,1.467781391501439,-1.0129452887229127,-0.5441721070801556,-0.0022371401249256075,-6.471172179317851e-05,0.13857907179496898,-0.13699081105397787,-0.08210788114170342,-0.023543623381270824,0.01436393077815539,0.00017671068516654693,0.828315487751455,0.8612007191200939,0.4167016695274591,0.13193502263393864,0.2723073672495304,0.2269702307178788,0.7536489677825174,-4.1656705337109114,-4.901945719406329,-1.1055165304408234,0.07823198146447656,0.0005091200831316475
1.47,-0.021445950706534166,1.4664934585140903,-1.0137283323546815,-0.5443960948498568,-0.0020877106602443787,-6.277779128073752e-05,0.14370071076683633,-0.12879329873488374,-0.0783043631768887,-0.02239877697011794,0.014942946468122869,0.00019339305124409925,0.7248801262532657,0.9138600465857504,0.43924928448814926,0.13999843272247148,0.25827511839133876,0.22763137470472583,0.7711431343571897,-4.094533627910149,-4.876441316170187,-1.097118481058236,0.08030348375190913,0.0005828294093275497
1.48,-0.019965120163142322,1.4652919523384702,-1.01447142740706,-0.5446080444369126,-0.0019332568554435321,-6.068715886290541e-05,0.14808305433918437,-0.12015061756200089,-0.07430950523786647,-0.02119495870557078,0.015445380480084647,0.0002090632417832107,0.6186006357919053,0.9635828907815243,0.46079110423906844,0.14769063763217982,0.24235654379679916,0.22719046170926172,0.78483644984278,-4.022777778810286,-4.850300569443998,-1.0885595818173468,0.08197675336273418,0.0006510502097169669
1.49,-0.018448013153888974,1.464181048078448,-1.0151727603241572,-0.544807398251479,-0.00177456737400434,-5.845072605293877e-05,0.15171070092533476,-0.11109042600222431,-0.07013329170970088,-0.0199353814566325,0.015868948143919228,0.00022364328099666386,0.5100343011183585,1.010181119623408,0.4812599602543852,0.15498818099297473,0.2246630306963575,0.22565428056364623,0.7946894453969964,-3.950654252902058,-4.823598125325276,-1.0798657713716209,0.08324446769378789,0.000713449996906937
1.5,-0.016902293004385057,1.4631646283054902,-1.015830623366536,-0.5449936327091365,-0.0016124494927651253,-5.608010911844669e-05,0.15457201495039172,-0.10164197729577842,-0.06578630423788988,-0.018623445765756846,0.01621178812392147,0.00023706169344920775,0.3997322058424252,1.053476630047689,0.5005914728640064,0.1618687482929504,0.2053264041758074,0.2230372180529281,0.8006790571722119,-3.8784171709615984,-4.796410463334271,-1.0710634839192834,0.08410123699437703,0.0007697287742906361
1.51,-0.015335702457904986,1.462246268065823,-1.016443420281289,-0.5451662600067814,-0.001447724839924104,-5.3587570039925846e-05,0.1566590546480071,-0.09183602396670942,-0.061279691475318976,-0.01726272976448759,0.01647246528410213,0.00024925390785208475,0.28823666335046666,1.0933021419906075,0.5187243422390564,0.16831123180083374,0.1844975619308693,0.21936110437176348,0.8027982472451484,-3.8063224682124583,-4.768815627839599,-1.0621795510725383,0.08454360857267476,0.0008196207360280084
1.52,-0.013756027590696059,1.4614292209120088,-1.0170096716432189,-0.5453248297898184,-0.0012812251272466954,-5.0985943939727476e-05,0.15796748672089275,-0.08170471538143355,-0.05662513619297291,-0.015856978303709707,0.01664997126774086,0.0002601626100198367,0.17607903800193,1.129501963525929,0.5356006319586181,0.17429579273538742,0.162344811299443,0.21465496304766551,0.8010556120286332,-3.734626827626568,-4.7408929507765025,-1.0532411008917315,0.08457006473841988,0.0008628957582424774
1.53,-0.012171062684223579,1.4607164060254993,-1.0175280198417105,-0.5454689307031098,-0.001113787897886018,-4.828856351226492e-05,0.1584964906472479,-0.0712814886509388,-0.05183481984916026,-0.014410091329130391,0.016743722936067743,0.0002697380427462557,0.0637779545974796,1.1619327226525558,0.5511660431808945,0.17980392070642726,0.1390519355754583,0.20895466864184858,0.7954749875680148,-3.663586592753647,-4.712722766580261,-1.0442754545335742,0.08418101491967644,0.0008993606708543951
1.54,-0.01058857613128089,1.460110396493357,-1.0179972336890086,-0.5455981918184823,-0.0009462523096886592,-4.550918100306273e-05,0.15824865529426888,-0.06060095321423341,-0.04692138472981766,-0.012926111537254596,0.016753558819735864,0.00027793825092021926,-0.04816211481081608,1.1904640612194268,0.5653701774527955,0.18481849047002186,0.11481602123618824,0.20230251757949408,0.7860950598905204,-3.5934566668356496,-4.684386120367214,-1.0353100210019865,0.08337878234475128,0.0009288603009623189
1.55,-0.009016277428031938,1.4596134087985335,-1.0184162126269085,-0.5457122839319997,-0.0007794549722776962,-4.266188829541756e-05,0.15722987032489524,-0.049698769482362584,-0.04189789378998238,-0.0114092113517356,0.016679733741096298,0.00028472927076451753,-0.15925190603489703,1.2149792865070201,0.5781667862299955,0.1893238159931041,0.08984508161472493,0.19474671941722957,0.7729689872063198,-3.5244894052376874,-4.655964470509836,-1.0263721905264784,0.08216758562319297,0.0009512782802366473
1.56,-0.007461785281420965,1.4592272935788992,-1.0187839905103444,-0.5458109207246448,-0.0006142258546239711,-3.976103566908574e-05,0.15544921466109723,-0.0386115219634245,-0.03677778834359194,-0.009863679264505654,0.016522911765372506,0.0002900852626331816,-0.26901808662809945,1.2353759760523193,0.5895140052272314,0.19330570180957718,0.06435551568093545,0.18634081764915622,0.7561640392802916,-3.456933508406185,-4.627539386866285,-1.0174892271251164,0.08055351549390606,0.0009665376103990229
1.57,-0.005932596841388107,1.4589535277056076,-1.019099738947997,-0.5458938597805499,-0.00045138427827444796,-3.682114979570222e-05,0.15291884400328584,-0.02737658732915667,-0.03157484376526544,-0.008293905590516217,0.01628415763495232,0.0002939885873383518,-0.3770036820017805,1.2515665314098592,0.5993745717843348,0.1967514916030808,0.03856944293470721,0.17714305074331332,0.7357612577293918,-3.3910329226499276,-4.599192246035297,-1.0086881609363139,0.07854450693584505,0.0009746009825177392
1.58,-0.0044360580503045016,1.458793207726383,-1.0193627701818315,-0.545960903457442,-0.0002917350099385917,-3.38568515308008e-05,0.1496538791083605,-0.016031997922454876,-0.026303123383462038,-0.00670436768920029,0.01596492683358562,0.0002964298264901419,-0.48276824284854164,1.2634786766868553,0.6077160235197201,0.19965011390138088,0.012711956990080875,0.16721566542562805,0.7118551393785281,-3.3270257560314507,-4.571003925110713,-0.9999956809251445,0.0761503067597424,0.0009754708475470998
1.59,-0.002979335088240515,1.4587470447139603,-1.0195725394894244,-0.5460118996045407,-0.00013606446577064997,-3.088277405262702e-05,0.14567229620639865,-0.004616301242257186,-0.0209769307592839,-0.005099614709866201,0.015567054416794176,0.00029740774781737835,-0.5858877973799766,1.2710558978742947,0.6145108766355081,0.20199212473718298,-0.012991658764584635,0.15662419525415208,0.6845533431553134,-3.265143216559944,-4.543054495503261,-0.9914380285852111,0.07338243672027317,0.0009691892372701662
1.6,-0.0015693868822794605,1.4588153605541885,-1.0197286470950147,-0.5460467421237619,1.4862961547827127e-05,-2.7913481883731433e-05,0.14099482059610546,0.006831584022815307,-0.015610760559033193,-0.0034842519221261097,0.015092742731847708,0.0002969292168895589,-0.6859546351195448,1.274257819221774,0.6197367823558436,0.20376974706377737,-0.03831870993991293,0.14543671821469678,0.6539764193487242,-3.2056085796978078,-4.515422918477482,-0.983040893265884,0.07025415210950524,0.0009558373365623745
1.61,-0.00021293864118005,1.4589980857022704,-1.0198308395774276,-0.546065371370723,0.0001603084429064314,-2.4963391312950946e-05,0.13564482410994105,0.018272514808200767,-0.01021924824129478,-0.001862924696100075,0.014544548135860426,0.0002950090570780485,-0.7825769709815701,1.2730605131685617,0.6233766601100345,0.20497690666723845,-0.06305182144254529,0.1337231074021033,0.6202575584268848,-3.1486361919385035,-4.488186744116375,-0.9748293097567854,0.06678039571700237,0.0009355348096705464
1.62,0.0010835436267122131,1.459294758429281,-1.0198790107653344,-0.5460677743927277,0.0002995621109521493,-2.2046692713196946e-05,0.1296482267892263,0.02966727270106126,-0.004817118790682504,-0.00024030220047196495,0.013925366804571787,0.00029166985997540007,-0.8753785391157632,1.2674567406474353,0.6254188062096606,0.20560926429065685,-0.08698157758733682,0.12155428881673241,0.5835423550337231,-3.0944305168915403,-4.461421815473644,-0.9668275587567237,0.06297774697214792,0.0009084388849895536
1.6300000000000001,0.0023138776543631468,1.4597045255745016,-1.0198732021127375,-0.5460539850016227,0.00043194630803068364,-1.9177275224852284e-05,0.12303340276509335,0.04097671452205211,0.0005808652597021858,0.001378939110502146,0.013238419707853435,0.0002869417488344661,-0.9639981655287228,1.257456118922512,0.6258569769366402,0.20566424360669178,-0.10990903209866776,0.10900151990304197,0.5439885812921329,-3.043185229929699,-4.43520197970113,-0.9590590708428878,0.0588643660226701,0.0008747432046080504
1.6400000000000001,0.0034721885544640807,1.4602261448122877,-1.0198136025500704,-0.5460240836801495,0.0005568186761464014,-1.6368654245919996e-05,0.11583109001009342,0.05216192377861173,0.005959956266701121,0.002990132147313327,0.012487236811571769,0.0002808620978932286,-1.048089366857897,1.2430852145007618,0.6246904451184154,0.20514105469250765,-0.1316480504031956,0.09613570170687624,0.5017659621619118,-2.995082367023272,-4.409598807946369,-0.951546334538201,0.054459932452391606,0.0008346764466750147
1.6500000000000001,0.004552931587607015,1.4608579884351711,-1.0197005478088768,-0.5459781973211807,0.0006735750816437823,-1.36339021387534e-05,0.10807430331429335,0.06318436228834809,0.011305474119367175,0.004588635896889839,0.011675640549738082,0.0002734752107166596,-1.127320019943271,1.2243875590735784,0.6219240294621975,0.20404071258432044,-0.15202744944343038,0.08302673644246639,0.45705594436321495,-2.9502915329148043,-4.384681325800546,-0.944310809050537,0.049785578303108494,0.0007885007303982097
1.6600000000000001,0.0055509140831561995,1.461598048647736,-1.0195345192206453,-0.5459164988000013,0.0007816523676082355,-1.098558252961361e-05,0.09979824955491844,0.07400602125649569,0.016602858823152718,0.006169852117939734,0.010807728596445326,0.00026483196091397896,-1.2013721431059554,1.2014235868915504,0.617568096106724,0.2023660505112499,-0.1708929035386868,0.06974294088951716,0.4100514493094283,-2.9089691732846084,-4.360515756040172,-0.9373728422272731,0.044863815042188566,0.0007365098152109356
1.67,0.006461316523911558,1.4624439443585493,-1.0193161419930339,-0.5458392063805918,0.0008805309271522298,-8.435688541827544e-06,0.09104024407553583,0.08458957108132867,0.021837722761133202,0.00772924194095021,0.009887855954399425,0.0002549893987786066,-1.269941825406734,1.174270492452846,0.6116385320579367,0.2001217273940199,-0.1881085885642637,0.05635052441323307,0.3609565996250238,-2.871257915030299,-4.3371652753460035,-0.9307515942327791,0.03971845411057224,0.0006790271073189276
1.68,0.007279712791654163,1.46339292945011,-1.0190461829693702,-0.5457465829576609,0.0009697370908152643,-5.99558526633023e-06,0.08183962677426049,0.09489850915607916,0.026995902366370922,0.00926234229308976,0.008920616366303445,0.00024401032754973144,-1.33273933474046,1.1430220078881557,0.6041566903876331,0.19731422919973607,-0.20355854086901015,0.04291313858018797,0.30998640818062556,-2.8372859782407094,-4.314689786599816,-0.9244649674152245,0.03437452069660845,0.0006164034884481739
1.69,0.008002089554900579,1.4644419024994655,-1.0187255478799646,-0.5456389351369804,0.0010488453212877723,-3.6759567352363733e-06,0.07223767632464158,0.10489730493553688,0.03206350894055503,0.010764782068056698,0.007910823047250805,0.00023196285310938565,-1.3894894295511744,1.1077880999500884,0.5951493072950282,0.1939518637660731,-0.21714771188792792,0.029491503381189554,0.2573664181834799,-2.8071666628923064,-4.293145708254009,-0.9185295427829048,0.02885816041033809,0.0005490149831378314
1.7,0.008624864763112043,1.4655874179148678,-1.0183552780963931,-0.5455166121573674,0.0011174802085962092,-1.486757625157558e-06,0.062277520821146515,0.1145515415402407,0.03702697835713866,0.012232297961296653,0.006863488730843694,0.00021891991100788153,-1.4399318923669238,1.0686945870557112,0.5846483913500902,0.19004474875308563,-0.2288027042806462,0.016143113028553646,0.20333228273816006,-2.7809979127411744,-4.2725857821409745,-0.9129605234595277,0.023196538580751054,0.0004772602823397682
1.71,0.00914490519367352,1.4668256984466792,-1.0179365469024693,-0.5453800046584476,0.0011753182587871413,5.628301223856335e-07,0.05200404305614763,0.12382805318113589,0.041873119392379844,0.013660749891977264,0.005783805019093208,0.00020495877475431917,-1.4838222963918741,1.0258826773861816,0.5726910854685743,0.1856047924071973,-0.23847218060007602,0.002922022238502464,0.14812927245750127,-2.7588619583301934,-4.25305890093973,-0.9077716854329773,0.017417731964983037,0.0004015581423760943
1.72,0.009559542979662227,1.4681526490237073,-1.0174706552981196,-0.5452295432991007,0.00122208946905018,2.464435615568097e-06,0.041463778598870675,0.13269505770280324,0.04658916043495128,0.015046135934693495,0.004677121026303862,0.00019016054931824636,-1.5209330092064866,0.9795084296070188,0.5593195023873863,0.18064566689871064,-0.2461269409012461,-0.010121288106821336,0.09201170017036518,-2.7408250404838883,-4.234609956347519,-0.9029753358533672,0.011550612742619685,0.0003223446794454463
1.73,0.00986659102826148,1.4695638718593462,-1.0169590273547786,-0.5450656972322401,0.0012575786821505308,4.210532153211357e-06,0.030704804859925203,0.14112228356388373,0.051162794334102875,0.016384606686062175,0.0035489213100350883,0.00017460965376432604,-1.5510544303587146,0.9297421383367656,0.5445805346355888,0.1751827740366929,-0.2517596712704053,-0.022939968933971544,0.035242252548733366,-2.7269372151249613,-4.217279708815912,-0.8985822790742446,0.0056247247689765805,0.0002400705808352101
1.74,0.010064357222141405,1.4710546827653368,-1.016403205143202,-0.5448889724422984,0.0012816267130277652,5.794465122060601e-06,0.019776619387992675,0.14908109059905214,0.05558222115766753,0.017672478994171115,0.002404803087723433,0.00015839329688492433,-1.5739964524312626,0.8767676470487952,0.5285256402054161,0.1692332032590369,-0.2553843708940571,-0.0354907893602181,-0.02190878043697465,-2.7172322397192543,-4.2011046795062565,-0.8946017905660448,-0.00032984782338803205,0.00015519825476741642
1.75,0.010151657279714862,1.472620128604714,-1.0158048432567577,-0.544699909952476,0.0012941312404820481,7.210474618130017e-06,0.008730005757345711,0.1565445839377271,0.059836188644433214,0.01890624898224567,0.001250452745428303,0.00014160094960694164,-1.5895901281842335,0.8207815916395983,0.5112106053381249,0.16281568185840234,-0.2570354708999325,-0.047734057802815366,-0.07916438593403069,-2.711727541140844,-4.1861170649011665,-0.8910415987640237,-0.006282619457857012,6.819894135960442e-05
1.76,0.010127826135360622,1.4742550058096187,-1.0151657029552532,-0.5444990839094572,0.0012950474570336279,8.45371279643088e-06,-0.0023831144354240167,0.1634877204904644,0.06391403015043681,0.020082604301869485,9.162165515796852e-05,0.0001243238178300863,-1.5976895197420986,0.7619925784287302,0.49269528603232854,0.1559505174861604,-0.2567666636663466,-0.05963348544433256,-0.13624182451154465,-2.7104242642464262,-4.172344674280017,-0.8879078748444632,-0.012202849027052168,-2.0450192501392846e-05
1.77,0.009992727687938924,1.475953879884163,-1.014487645956199,-0.544287099553901,0.0012843884703238333,9.520255988488096e-06,-0.013509844742169768,0.1698874074544274,0.06780569990544309,0.02119843555562751,-0.0010658986709794495,0.00010665431920572161,-1.5981736996493976,0.7006203008642666,0.47304333005953536,0.1486595330708571,-0.2546494664946719,-0.07115600071685124,-0.19285374641536895,-2.713307399958283,-4.1598108900313235,-0.8852052303538528,-0.018059692387511102,-0.00011026895151144023
1.78,0.009746762755626259,1.4777111058075045,-1.013772627902058,-0.5440645910855602,0.001262225449840534,1.0407111660389108e-05,-0.024596493231266656,0.17572259233417023,0.07150180541409641,0.022250846834078856,-0.002216302048329933,8.868556719010117e-05,-1.5909488680863235,0.6368945996885836,0.45232188143505175,0.14096599436357593,-0.2507715483422066,-0.08227152420972961,-0.24870942964126952,-2.7203459911771275,-4.148534650537343,-0.8829367225467577,-0.023822360789592184,-0.000200776980869005
1.79,0.009390875067645613,1.479520849247733,-1.0130226915335,-0.5438322194323855,0.001228687513308551,1.1112220315440855e-05,-0.03558876879806454,0.18097434402285217,0.07499363685579162,0.023237165317468274,-0.0033537936531982996,7.05108655051747e-05,-1.5759505457228307,0.5710544717657444,0.43060126943606164,0.1328945303943576,-0.24523485259455935,-0.0929527138535553,-0.30351613929414817,-2.7314934143797207,-4.138530455131582,-0.8811038672203064,-0.02946028444931628,-0.00029149658358373085
1.8,0.008926555119195344,1.4813771084931482,-1.01223995959992,-0.5435906699334003,0.0011839613477925657,1.1634452474608912e-05,-0.04643199484502694,0.18562592454152735,0.07827319335800505,0.02415494989851094,-0.004472616551598542,5.222321591680575e-05,-1.5531457976970535,0.503347033177817,0.4079546843758414,0.12447104721462265,-0.2381535525019789,-0.1031746903743318,-0.3569806051415744,-2.746687734300294,-4.129808390402581,-0.8797066587675679,-0.03494328032565798,-0.00038195546475202854
1.81,0.008355841715058215,1.4832737370040467,-1.0114266275395258,-0.5433406499455117,0.0011282905614194035,1.1973600894575189e-05,-0.05707134041371289,0.1896628510898613,0.08133320603942977,0.025001998788862282,-0.005567078637316223,3.391484199662767e-05,-1.522535441108951,0.4340264425584827,0.3844578424388393,0.1157226353671188,-0.22965187880558258,-0.11291475287799835,-0.40881061160155896,-2.7658521286501294,-4.1223741769037,-0.8787435971099262,-0.04024172303116665,-0.00047168938241213155
1.82,0.00768132103021365,1.485204466485247,-1.0105849559621103,-0.5430828863847272,0.0010619747626371505,1.2130368207307112e-05,-0.0674520684844565,0.1930729481200297,0.08416715774155055,0.025776356078447086,-0.006631579878225289,1.567673127319223e-05,-1.4841561862869976,0.36335279094392525,0.3601886419543061,0.10667747158000873,-0.21986186115335205,-0.12215209401668159,-0.45871669168432117,-2.788895379395807,-4.1162292351331615,-0.8782117211108921,-0.045326717679265105,-0.0005602446858932613
1.83,0.006906123022424337,1.4871629303773082,-1.00971726296821,-0.5428181232124911,0.0009853683650857187,1.2106350186342938e-05,-0.07751980077893127,0.19584638920610845,0.08676929939001637,0.026476317223606854,-0.007660639755143181,-2.4018020964173234e-06,-1.4380826609552264,0.2915909646770385,0.3352268135274317,0.09736471524381285,-0.20892102608722496,-0.13086752355382214,-0.5064139136966644,-2.815712426695808,-4.111370769477492,-0.8781066480220114,-0.05017027336142219,-0.000647180724128745
1.84,0.0060339150422946295,1.4891426876627423,-1.0088259163387092,-0.5425471188780215,0.0008988791174491992,1.1904014863463545e-05,-0.0872207980129707,0.19797572854341167,0.08913466295007663,0.027100433446955306,-0.00864892476365195,-2.0233532287939363e-05,-1.3844292663235398,0.2190094880997886,0.309653566462408,0.0878144002786887,-0.1969700946361188,-0.13904320830343408,-0.5516237468793775,-2.846184981188988,-4.107791868669112,-0.8784226184667551,-0.054745475854616144,-0.0007320721081897213
1.85,0.005068892500699174,1.4911372468824962,-1.0079133256290773,-0.5422706437276332,0.0008029663590835697,1.1526677734976399e-05,-0.09650225415954555,0.19945592197538298,0.0912590709631844,0.02764751503882799,-0.009591275836562949,-3.773371284871455e-05,-1.3233518150445451,0.14587935290638002,0.283551233900712,0.07805732303237911,-0.18415072186563908,-0.1466624354185575,-0.5940759896472573,-2.880182189941175,-4.105481621199836,-0.8791525464316712,-0.059026658086647164,-0.0008145108142864284
1.86,0.004015766471676067,1.493140090257588,-1.0069819342023334,-0.5419894773920614,0.0006981390037503027,1.0978473309457019e-05,-0.10531260290231073,0.20028433750919036,0.09313914267438461,0.02811663355719025,-0.010482735533326713,-5.4820442551937906e-05,-1.2550489029067282,0.0724728411044946,0.257002919060932,0.06812492686485283,-0.1706033191345595,-0.15370940488598173,-0.6335107418016481,-2.917561350991859,-4.104425244059703,-0.8802880737065983,-0.06298956683600634,-0.0008941081156443231
1.87,0.002879748130713574,1.495144697811033,-1.006034211234513,-0.5417044061627636,0.0005849532554211322,1.0264323258492869e-05,-0.11360183409624924,0.2004607553445057,0.09477229678204184,0.028507122929777175,-0.011318574832917042,-7.141500509641504e-05,-1.1797629690249745,-0.0009376514589791497,0.2300921448928061,0.05804918412362681,-0.15646499733987795,-0.1601690558859411,-0.6696804000474506,-2.958168671108188,-4.10460422313748,-0.8818196281982246,-0.06661152411570002,-0.0009704963339535116
1.8800000000000001,0.0016665299536026742,1.4971445713860576,-1.005072643725887,-0.541416220368074,0.00046401006183376727,9.38990143880761e-06,-0.12132181771109,0.19998735750245591,0.0961567508625995,0.02881857946895774,-0.012094319358736491,-8.744218196852593e-05,-1.0977810030857376,-0.07408078410544314,0.20290250937711052,0.04786247617708905,-0.14186766616863888,-0.16602693044967776,-0.7023516544261338,-3.001840061054878,-4.105996463626086,-0.8837364855342291,-0.06987158168759842,-0.0010433304034688216
1.8900000000000001,0.00038226362937803914,1.4991332584580859,-1.0040997285504556,-0.5411257117599109,0.00033595231325329216,8.361596058205958e-06,-0.1284266324224635,0.19886870720281777,0.09729151754315073,0.029050860816320724,-0.012805774858047512,-0.0001028305380601651,-1.0094348628294352,-0.14668742608355245,0.17551734857622034,0.037597472212449884,-0.12693632041648684,-0.17126907661628543,-0.7313074619227277,-3.0484019624339664,-4.1085764488229675,-0.8860268333789147,-0.0727506671758896,-0.0011122892432580836
1.9000000000000001,-0.000966465328039732,1.501104375640052,-1.003117964575321,-0.5408336709215092,0.00020146179570894058,7.186469259199972e-06,-0.1348728957417771,0.19711171819660875,0.0981763975134625,0.029204083840160735,-0.013449051754435157,-0.00011751267990059865,-0.9151011703130996,-0.21849179048025769,0.14801940941166525,0.027287007460644885,-0.11178753989127443,-0.1758819921129242,-0.7563489725588515,-3.0976721999463974,-4.11231540579992,-0.8886778378955772,-0.07523172029478851,-0.0011770769355093653
1.9100000000000001,-0.002372666251484785,1.5030516317832294,-1.0021298448804559,-0.5405408847063605,6.12559098097249e-05,5.87221439312604e-06,-0.1406200923445053,0.19472561431775492,0.09881196948652142,0.02927862151486953,-0.014020588589921569,-0.00013142548660739325,-0.8152007614882991,-0.2892325409291245,0.12049053398100532,0.01696396151725904,-0.09652822442641673,-0.17985260846022577,-0.7772973827770903,-3.149460852786321,-4.117181476535389,-0.8916757118153253,-0.07729981777594923,-0.0012374237101652908
1.92,-0.0038289752222166024,1.5049688505789391,-1.0011378491081306,-0.5402481337181942,-8.391583192636878e-05,4.427111254235229e-06,-0.14563089707318172,0.19172187957097958,0.09919957723251832,0.029275098816628136,-0.014517174173609365,-0.000144510313889081,-0.7101976701362365,-0.3586538650620355,0.09301135705833954,0.006661137381796078,-0.08125458021641707,-0.18316831439384107,-0.7939956908751018,-3.2035711388072827,-4.123139893249976,-0.8950057836059409,-0.07894228567364367,-0.0012930867384062066
1.93,-0.0053276901118182,1.506849992570169,-1.0001444359698775,-0.539956189841447,-0.00023327551448765576,2.8599795378676505e-06,-0.14987148896015973,0.1881141991229806,0.09934131382531285,0.029194387674720067,-0.014935968256128699,-0.0001567131716367579,-0.6005976341013332,-0.42650650900625287,0.06566101823174846,-0.003588858181181931,-0.0660513682026167,-0.1858170165856705,-0.8063103296703716,-3.259800305104829,-4.1301531568558545,-0.898652567276358,-0.0801487978388412,-0.0013438507396084662
1.94,-0.00686080863721322,1.5086891764862684,-0.9991520359373501,-0.539665813831225,-0.0003860207200242986,1.1801307796568763e-06,-0.15331185253950202,0.18391839160993562,0.09924000325272794,0.029037601022198385,-0.015274520553664286,-0.00016798487582107743,-0.4869461189291745,-0.49254876763280986,0.03851688993496592,-0.01375373239457156,-0.050991419705686436,-0.18778723487558824,-0.8141326524663962,-3.3179405187487374,-4.1381812176158475,-0.9025998324010318,-0.08091145948452569,-0.0013895284083175958
1.95,-0.008420069264207887,1.5104806998184286,-0.9981630441418258,-0.53937775297129,-0.0005413285995431439,-6.026809759734997e-07,-0.15592606269946668,0.17915233321602467,0.09889917955243131,0.028806085993502838,-0.015530787951884532,-0.0001782811755630376,-0.3698258613144318,-0.5565474257095773,0.011654322426718239,-0.023801621818098084,-0.036135419069060815,-0.18906822858608563,-0.8173802497348935,-3.3777797515749617,-4.147181657299018,-0.9068306740020071,-0.0812248749113019,-0.0014299606694620792
1.96,-0.009996994757889757,1.5122190585585755,-0.9971798135053894,-0.5390927388080906,-0.000698360096829099,-2.478309539673185e-06,-0.15769254936818697,0.17383587401469902,0.09832306364363902,0.028501416319933803,-0.015703149728595513,-0.00018756285636996854,-0.24985394207272155,-0.6182786455968604,-0.014853593438588261,-0.03370120480713501,-0.021531947845555344,-0.1896501499901453,-0.8159980757020578,-3.4391026532151283,-4.157109872308296,-0.9113275819829327,-0.08108619862166999,-0.0014650167714614715
1.97,-0.011582938142143884,1.5138989660295417,-0.9962046481250755,-0.5388114849683245,-0.0008562643032720379,-4.436267745885986e-06,-0.15859433842541287,0.16799074709660625,0.09751653803139616,0.028125383976609908,-0.015790420644293892,-0.0001957958206212801,-0.1276784055395544,-0.6775287976379447,-0.04093624501076147,-0.043421810657731985,-0.007217780156706377,-0.18952422063637095,-0.809959366195284,-3.501691406900248,-4.167919257432748,-0.9160725098665328,-0.08049516922024949,-0.0014945942280292124
1.98,-0.01316913079606024,1.5155153707398943,-0.9952397969294275,-0.5385346850669576,-0.0010141829208907033,-6.4657792103992055e-06,-0.15861926539163557,0.16164047103525597,0.09648511956479283,0.02767999013670041,-0.015791861761866536,-0.00020295114645132195,-0.00397444925495292,-0.7340952299349871,-0.06652569778590284,-0.052933525030737894,0.006781585655452685,-0.18868292599709005,-0.7992663316269871,-3.565326563022622,-4.179561390033866,-0.9210469426429082,-0.07945412567260426,-0.0015186186203203522
1.99,-0.014746732382665563,1.5170634732025299,-0.9942874476250957,-0.5382630107120546,-0.001171254809594147,-8.555830472491757e-06,-0.15776015866053228,0.1548102462635609,0.09523493043319052,0.027167435490292786,-0.015707188870344366,-0.00020900512620925513,0.12055978560094807,-0.7877869747542745,-0.09155687625479968,-0.062207291328002956,0.020451177983561553,-0.187120223782398,-0.7839506118129762,-3.629787845970748,-4.191986214604764,-0.9262319635886759,-0.07796800567407434,-0.0015370432716203296
2.0,-0.016306882275750046,1.518538741662043,-0.9933497209492412,-0.5379971096121916,-0.0013266205936212723,-1.0695223329280203e-05,-0.15601498930844843,0.14752684595130916,0.09377266758544765,0.026590109986297104,-0.015536578402712524,-0.00021393928567884458,0.245207786397007,-0.8384253893666928,-0.11596772562057926,-0.07121500769669753,0.03378560790541618,-0.18483176124780726,-0.7640734823874603,-3.6948549303574,-4.205142227736291,-0.9316083199642546,-0.07604432605918128,-0.0015498488070137266
2.0100000000000002,-0.01784075212406663,1.5199369266818974,-0.9924286652416776,-0.5377376037916288,-0.0014794273011627672,-1.2872627181437486e-05,-0.15338698483165833,0.13981850198543735,0.09210557075635696,0.025950582056278225,-0.0152806707541495,-0.00021774038521572841,0.36923956161925153,-0.8858447296919988,-0.1396993545176875,-0.0799296194146919,0.04678795543688752,-0.18181509689518538,-0.7397258058240274,-3.7603081834306185,-4.218976663581099,-0.9371564875372772,-0.07369314535894265,-0.0015570426104213417
2.02,-0.019339599169303393,1.5212540745485155,-0.9915262513488562,-0.5374850879178377,-0.001628833010408287,-1.507663122051639e-05,-0.14988470452367647,0.1317147866618016,0.09024138928214158,0.02525158737911262,-0.014940570924551972,-0.00022040040390789033,0.4919168065688102,-0.9298926556714172,-0.16269615903681567,-0.08832520642028152,0.05946851371488826,-0.17806992211768446,-0.7110277234379933,-3.8259293711767812,-4.2334356799225565,-0.9428567339127374,-0.0709270087852382,-0.001558658191066718
2.0300000000000002,-0.020794819915358177,1.522486539455507,-0.9906443678700255,-0.5372401277453885,-0.0017740114746846026,-1.729579629840615e-05,-0.14552207460547825,0.12324649069914373,0.08818834788306561,0.024496017244907315,-0.014517846427631563,-0.0002219165077889761,0.6124982906173697,-0.9704306678358414,-0.1849059285066042,-0.09637706579078831,0.07184342046387204,-0.17359827854782658,-0.6781280881659892,-3.8915023263785216,-4.248464544930013,-0.9486891806744255,-0.06776087608593474,-0.0015547544708538297
2.04,-0.02219800373190905,1.5236309944373405,-0.9897848167541641,-0.5370032586796313,-0.0019141566989653678,-1.9518706328772626e-05,-0.1403183816550875,0.11444549818335276,0.08595511158615003,0.023686906575730214,-0.014014522428076518,-0.00022229100303664765,0.7302454108591199,-1.0073344750584452,-0.20627993361101427,-0.1040617890210056,0.0839332072335024,-0.168404767124736,-0.641203641329782,-3.956813577660162,-4.264007824617198,-0.9546338643571028,-0.06421203286982251,-0.001545415003336529
2.05,-0.02354098596533983,1.5246844410277725,-0.988949309254616,-0.5367749844630367,-0.002048487439846254,-2.173401907849837e-05,-0.13429822334307764,0.1053446590432026,0.08355074995480292,0.022827421659457958,-0.013433074088088633,-0.0002215312749725744,0.8444278541820923,-1.0404942939772455,-0.2267729975433117,-0.1113573339461813,0.09576129745450901,-0.16249674518489504,-0.6004579399318091,-4.021652939320518,-4.280009570920686,-0.9606707962748924,-0.06029998614490209,-0.0015307471339730107
2.06,-0.024815900124942367,1.5256442176242508,-0.9881394622467652,-0.5365557759865222,-0.0021762516010949196,-2.393051621400418e-05,-0.12749141596025365,0.09597765964782931,0.08098470078507644,0.02192084765145836,-0.01277641612486656,-0.00021964971355058115,0.9543293077633019,-1.0698150810358422,-0.24634355098155702,-0.11824309121573195,0.10735248438063127,-0.1558845081895383,-0.5561200442421572,-4.085814062497489,-4.296413510186485,-0.9667800212291532,-0.056046344945881954,-0.001510881110224706
2.07,-0.02601522871210282,1.5265080065452674,-0.9873567949125611,-0.5363460702275523,-0.0022967304971064167,-2.6097152472793378e-05,-0.11993285871604521,0.08637889210165166,0.07826673342040377,0.020970575896982525,-0.012047889601149712,-0.00021666362587891984,1.0592531567862813,-1.095216698519172,-0.2649536717558354,-0.12469994520464933,0.1187314194904232,-0.14858145302183967,-0.5084429784677655,-4.149094948911357,-4.3131632317029895,-0.9729416751096969,-0.05147468704591168,-0.0014859691488207124
2.08,-0.027131852264940547,1.5272738397732137,-0.9866027257942787,-0.5361462693163017,-0.002409242957022439,-2.822310383455292e-05,-0.1116623552837727,0.07658332279463623,0.07540691182824964,0.019980091125057112,-0.011251245991602212,-0.00021259513617595394,1.1585281077851808,-1.116634016346185,-0.2825691101251901,-0.13071032929811377,0.12992114096637852,-0.14060422011070672,-0.4577019800975307,-4.211298429074907,-4.330202375756948,-0.9791360413880151,-0.04661041285292614,-0.001456184466209787
2.09,-0.02815909620058837,1.5279401033806654,-0.9858785702185457,-0.5359567397306776,-0.0025131492429069386,-3.0297814568651756e-05,-0.10272439356478234,0.06662636074516345,0.07241555757329514,0.018952958562417715,-0.010390628588449963,-0.0002074710734098837,1.251513676429724,-1.1340169517253926,-0.299159300622562,-0.136258275483375,0.1409416704809079,-0.13197281194887556,-0.40419255605076665,-4.272232607420934,-4.347474820525833,-0.98534360648187,-0.04148058768210251,-0.001421720276905307
2.1,-0.02909077505189292,1.5285055406431625,-0.9851855380904184,-0.5357778116205411,-0.002607854756209282,-3.2311043035927425e-05,-0.09316788513045492,0.05654372624971059,0.0693032128127369,0.017892811013653635,-0.009470551330234318,-0.00020132284672756657,1.3376054797582853,-1.1473304490750382,-0.3146973614478732,-0.14132945818553644,0.15180870475397423,-0.12271068588897538,-0.34822836598727713,-4.331711277265392,-4.364924866965431,-0.9915451139489624,-0.03611377367270112,-0.0013827887631367613
2.11,-0.02992123371461769,1.5289692538464479,-0.9845247320561166,-0.5356097782610284,-0.002692813507785952,-3.4252906122317854e-05,-0.08304586627247715,0.04637132032855279,0.06608060343018284,0.01680333595126766,-0.008495875157666992,-0.00019418630863904282,1.41624027481426,-1.1565544028586405,-0.3291600823851837,-0.14591123231934677,0.16253242624268527,-0.11284481938991497,-0.2901389550381867,-4.389554308884588,-4.3824974207156755,-0.997721617445374,-0.030539852680043077,-0.0013396200179938787
2.12,-0.030645385345028107,1.5293307048007494,-0.9838971460319605,-0.5354528956344597,-0.0027675313279881424,-3.611392218029639e-05,-0.07241516304104184,0.036145095430142854,0.06275860241560587,0.015688262656865203,-0.007471782020219078,-0.00018610160579785365,1.4869006883075546,-1.161683526187551,-0.34252790221316876,-0.14999266551214951,0.17311645492563343,-0.10240574616947784,-0.23026735976771132,-4.445588014227102,-4.400138169939872,-1.00385453236379,-0.024789841521805026,-0.001292460963122469
2.13,-0.03125874557574543,1.5295897140790413,-0.9833036640960604,-0.5353073821399378,-0.0028315687947492603,-3.78850523513661e-05,-0.06133602307173209,0.02590092782919083,0.05934819359001861,0.014551349452191005,-0.006403746676111783,-0.00017711301710697082,1.549119585264981,-1.1627271681945444,-0.3547848765473278,-0.15356456447417433,0.18355696049424264,-0.09142756199091695,-0.16896761236431207,-4.499645491898687,-4.41779375794037,-1.0099256860488603,-0.018895700992570322,-0.0012415742410361581
2.14,-0.031757462749636846,1.5297464590002927,-0.9827450597384099,-0.5351734184293752,-0.0028845438592158493,-3.955774013926481e-05,-0.049871717389141604,0.01567449212514279,0.055860435765057406,0.013396371056267157,-0.005297506446658901,-0.00016726877878987093,1.602484028600353,-1.159709083287976,-0.3659186370140475,-0.15661949550279175,0.19384195140198734,-0.07994789906094879,-0.10660216887895896,-4.551566956048596,-4.4354119493634325,-1.015917366473802,-0.012890140082148425,-0.0011872370812720545
2.15,-0.03213834390687382,1.5298014703824843,-0.9822219954642136,-0.5350511473683502,-0.0029261341502488875,-4.112394909926561e-05,-0.038088115723697545,0.0055011382191532485,0.05230642741962716,0.012227106102488916,-0.004159029103303835,-0.00015662089600007999,1.646638786075341,-1.1526671554564858,-0.37592034260657003,-0.1591517991135536,0.20395075418178088,-0.06800786827001026,-0.04353928777837557,-4.6012000526488706,-4.4529417888212555,-1.0218123692544172,-0.006806416842097568,-0.0011297401389615946
2.16,-0.032398876298705664,1.5297556280936757,-0.9817350227445313,-0.5349406741198779,-0.002956078941069473,-4.257619850429733e-05,-0.026053239183184418,-0.004584228880860465,0.048697271968231495,0.011047324847230158,-0.0029944790820585366,-0.0001452249405031721,1.6812893461751444,-1.1416530808107344,-0.384784624016825,-0.16115759879516922,0.21385369326575443,-0.05565196874081835,0.019849614831935185,-4.64840016639874,-4.470333750821223,-1.027594042874798,-0.0006781373417587991,-0.0010693863039254012
2.17,-0.032537244242488,1.52961015543262,-0.9812845823076447,-0.5348420663488849,-0.002974180763421987,-4.3907596843853736e-05,-0.013836794378233805,-0.014547266105575885,0.045044043688658775,0.009860777099304356,-0.001810182235251438,-0.00013313983395564076,1.7062044099282803,-1.126732011526819,-0.39250952166959174,-0.1626348039121197,0.2235119782543009,-0.042927964389821716,0.08319260722522288,-4.693030721113163,-4.4875398800005994,-1.0332463320032155,0.005460945859453246,-0.0010064894781416263
2.18,-0.03255234117557106,1.5293666123733616,-0.980871004763941,-0.5347553545449093,-0.002980306656865842,-4.511187300712531e-05,-0.0015096933083062133,-0.024354305925850247,0.04135775437037047,0.00867118039755484,-0.0006125893443854774,-0.0001204276163271575,1.7212178315927127,-1.1079821642954668,-0.3990964181175322,-0.1635831067818616,0.232877802224575,-0.029886727443744432,0.14611985582337983,-4.734963475978477,-4.504513920815071,-1.0387538187867782,0.011577134322153486,-0.000941373319383389
2.19,-0.03244377681026001,1.529026887710935,-0.9804945115565483,-0.5346805324602901,-0.0029743890431694073,-4.6183404997803294e-05,0.010856436531104924,-0.033972466242652995,0.03764932073925824,0.007482208461912217,0.0005917613696434765,-0.00010715319906779844,1.7262299873436082,-1.085494396289945,-0.40454996538500476,-0.1640039739663104,0.2418946512665574,-0.016582049093926132,0.20826618614853792,-4.774078819494619,-4.521211436016342,-1.044101762028707,0.0176369820537379,-0.0008743699489694088
2.2,-0.03221187933765974,1.52859319014771,-0.980155216229454,-0.5346175576608756,-0.002956426218250856,-4.711724602490851e-05,0.023189747260027142,-0.043369756322508474,0.033929532709432775,0.006297479941457237,0.001796282491855144,-9.338410271052144e-05,1.7212085575611968,-1.0593717515443977,-0.4088780077700637,-0.1639006318505407,0.25049782202776605,-0.0030704177245544084,0.2692735675955979,-4.810266062289629,-4.537589913469363,-1.0492761341714738,0.023607490231246114,-0.0008058186219140467
2.21,-0.03185769267424901,1.528068038362118,-0.9798531260043704,-0.5345663521860617,-0.002926482456673127,-4.7909147812118534e-05,0.035418666341073074,-0.05251517855919279,0.030209022508360567,0.005120547481390432,0.002994376157772886,-7.919017872100244e-05,1.7061887149603387,-1.0297289804900063,-0.41209150054757954,-0.16327804657493905,0.258615140660722,0.010589234592183416,0.32879350014032904,-4.843423729307461,-4.553608861094438,-1.0542636560312213,0.029456297054022935,-0.00073606435828475
2.22,-0.03138296879092879,1.527454250103474,-0.9795881436571905,-0.5345268033147687,-0.0028846877263353494,-4.855558096773033e-05,0.047472388332021984,-0.06137882586439966,0.026498234717986992,0.003954887129307586,0.004179473033777755,-6.464331556117964e-05,1.6812727175515627,-0.9966920352320794,-0.4142044249361914,-0.1621428984348139,0.2661678732438464,0.024335816359073448,0.38648928280903105,-4.873459851155831,-4.569229889962876,-1.0590518292523055,0.03515186152250498,-0.0006654565352583838
2.23,-0.030790155209495323,1.5267549303583707,-0.9793600696844762,-0.5344987644337702,-0.002831237013690818,-4.9053752258901844e-05,0.05928135814334693,-0.06993197451032729,0.02280739727142486,0.002803888099844919,0.005345071264453145,-4.9817129117151176e-05,1.6466289122004176,-0.9603975429726362,-0.41523369963157625,-0.16050355084834012,0.2730718145173068,0.03810639041343711,0.44203814565134375,-4.900292253678575,-4.584416785816298,-1.0636289664738423,0.04066364000989986,-0.0005943474401913213
2.24,-0.030082377795448558,1.525973458635715,-0.9791686047500527,-0.5344820560046147,-0.002766389262540627,-4.9401618637443156e-05,0.07077774140467652,-0.07814717226557454,0.019146493442346278,0.0016708429155492387,0.006484775115019105,-3.478663785413132e-05,1.602490161283569,-0.9209922597934901,-0.4151990891326038,-0.1583700140482298,0.2792385386805831,0.05183651560677838,0.4951332290446662,-4.92384884410869,-4.5991355695080545,-1.0679842192211824,0.045962254571180146,-0.0005230907859564218
2.25,-0.029263419018227585,1.5251134754188918,-0.9790133524014296,-0.534476466625207,-0.002690465932179752,-4.95978978704134e-05,0.08189587772209744,-0.08599832168232914,0.015525234862316776,0.0005589379407739514,0.00759233303608747,-1.9627923297024543e-05,1.5491517115424642,-0.8786325068205454,-0.41412310903421645,-0.15575390364343278,0.2845767930851011,0.06546061450590557,0.5454853963819651,-4.9440678914853935,-4.613354547070303,-1.0721076035527572,0.051019652017997845,-0.00045204019082663457
2.2600000000000002,-0.028337691889857606,1.5241788678348158,-0.9788938220454301,-0.5344817541819622,-0.0026038491833850846,-4.964207563732207e-05,0.09257271283699785,-0.0934607584075942,0.011953035599950102,-0.0005287556755190937,0.008661674879466745,-4.417776690866988e-06,1.4869685306322897,-0.8334835905946616,-0.4120309283994363,-0.1526683942217022,0.28899401295659555,0.07891236487113562,0.592824868519683,-4.960898298401333,-4.627044350283129,-1.075990023505481,0.055809252878180275,-0.0003815476262713815
2.27,-0.02731020983012125,1.5231737545907742,-0.9788094321720816,-0.534497647088292,-0.0025069797034080596,-4.953440896698105e-05,0.10274820597363551,-0.10051132440416444,0.008438987334849789,-0.001589290632980348,0.00968694799770249,1.076666703410232e-05,1.4163521429724393,-0.7857192092806566,-0.4089502692713877,-0.14912816819357344,0.29239793285535676,0.09212511230807863,0.6369026707535111,-4.974299860602551,-4.640177968754803,-1.0796232923888085,0.0603060894536601,-0.000311961837149157
2.2800000000000002,-0.02618655274029216,1.522102470230991,-0.9787595138154934,-0.5345238456050392,-0.002400354183742838,-4.9275925901095796e-05,0.11236570898290911,-0.1071284359783118,0.004991835658822332,-0.0026198516747190084,0.01066255196652215,2.584830658852566e-05,1.3377670022421941,-0.7355208461613657,-0.4049113033424311,-0.14514936007045076,0.29469826846407443,0.10503230113187279,0.6774918855115387,-4.984243510510272,-4.652730774609774,-1.0830001519780599,0.06448693229021288,-0.00024362673989953155
2.29,-0.024972829597798105,1.5209695487657833,-0.9787433142401263,-0.5345600232383387,-0.002284522466958768,-4.886842128855651e-05,0.1213723142494056,-0.1132921465207741,0.0016199575367169166,-0.0036177633299549266,0.011583171678407025,4.07504612539287e-05,1.2517264431525346,-0.6830771516880535,-0.39994654575664984,-0.14074949639009038,0.2958084405364252,0.11756792010229855,0.7143887063721973,-4.990711540382429,-4.664680540919401,-1.0861142896513936,0.06833040447539256,-0.00017687980543174356
2.3000000000000003,-0.023675637910572353,1.5197797067270253,-0.978760000840532,-0.5346058282102502,-0.0021600843812872752,-4.8314448634059324e-05,0.1297191687225753,-0.11898420387579386,-0.001668660040573481,-0.0045804971911402245,0.012443808567149274,5.53972654497186e-05,1.1587882598827441,-0.6285833151968029,-0.3940907459851282,-0.13594743151820143,0.2956473114861007,0.12966695932507488,0.7474132913948978,-4.993697800594116,-4.676007454999147,-1.0889603535021093,0.0718170832866591,-0.00011205043444886955
2.31,-0.022302020392020644,1.5185378257044273,-0.9788086652423119,-0.5346608849973762,-0.0020276862839128497,-4.761730794705758e-05,0.1373617518551708,-0.1241881022597942,-0.0048664401779878455,-0.005505678712603466,0.013239809737442541,6.971406870017455e-05,1.0595499627206564,-0.5722404272569855,-0.38738077568908574,-0.13076327954063816,0.29414090418909833,0.14126587425658121,0.7764104160618077,-4.9932078683959045,-4.686694127635944,-1.091533965439234,0.07492958881888583,-4.945833391196595e-05
2.32,-0.02085941923525333,1.5172489344178575,-0.9788883275917065,-0.5347247959325572,-0.0018880173360104856,-4.6781029561951226e-05,0.14426011567673125,-0.12888912865697744,-0.007966234939465253,-0.0063910935180950135,0.013966894790236422,8.36278385106352e-05,0.9546437679184511,-0.5142548334916266,-0.3798555134592947,-0.12521834247748664,0.29122407215267376,0.15230305241116104,0.801249928339746,-4.989259182509129,-4.696725599204435,-1.0938317322656173,0.0776526593282148,1.058809578480366e-05
2.33,-0.019355628378349823,1.5159181903816183,-0.9789979410208871,-0.5347971428646059,-0.0017418055344740092,-4.5810353927642365e-05,0.1503790856903509,-0.1330744036239024,-0.010961342918062817,-0.007234693204875508,0.01462118015364763,9.7067563430886e-05,0.8447313785070074,-0.45483748060627277,-0.3715557263043811,-0.11933503504245291,0.2868420902995039,0.16271927805953978,0.8218270104535514,-4.981881139037496,-4.706089343486161,-1.09585125469521,0.0799732131365156,6.779335260830434e-05
2.34,-0.017798744160846133,1.514550861217227,-0.9791363962756656,-0.534877488870928,-0.0015898135269689286,-4.4710707393827025e-05,0.1556884217503691,-0.1367329164391435,-0.013845525477849736,-0.00803460063220971,0.015199200750508067,0.00010996465338153391,0.7304986157418781,-0.39420325528131733,-0.36252394775013197,-0.11313680616664268,0.28095213625368043,0.17245818994280715,0.8380622538908395,-4.971115144408673,-4.714775269828674,-1.097591134241308,0.08188039704637587,0.00012187639271528914
2.35,-0.01619711477534712,1.5131523056718499,-0.979302526491981,-0.5349653800177512,-0.0014328342383995271,-4.3488174052311634e-05,0.16016293854990146,-0.13985555453770035,-0.0166130216315374,-0.008789114682318275,0.015697928856940154,0.00012225333415153905,0.6126499619388027,-0.3325703165267854,-0.3528043524037334,-0.1066480575013602,0.2735246332125554,0.18146672681189469,0.8499015559105763,-4.95701462140106,-4.722775724080488,-1.0990509778769872,0.08336562131951404,0.0001725721469138039
2.36,-0.014559288917215668,1.5117279544001188,-0.9794951121071509,-0.5350603471625713,-0.0012716863380852258,-4.214946372384053e-05,0.16378258581314495,-0.14243512717312337,-0.019258561516987793,-0.009496714482019625,0.016114790031430137,0.00013387103284711045,0.49190307566145003,-0.2701594220648415,-0.342442626839483,-0.09989405910452431,0.2645444272412516,0.18969555545178507,0.8573158473850457,-4.939644964747483,-4.73008548852175,-1.1002314003393203,0.08442258137062002,0.00021963298204386397
2.37,-0.012893964029805485,1.5102832905675825,-0.979712885891501,-0.5351619077933062,-0.001107209577880975,-4.070187621395669e-05,0.16653248874101825,-0.14446638325361805,-0.021777378435010382,-0.01015606307348278,0.016447676020425083,0.00014475875098838388,0.36898333952758167,-0.20719324930011504,-0.3314858366657023,-0.09290086251309848,0.25401177413577325,0.19709947577848347,0.8603006631508852,-4.9190834433270405,-4.736701780789531,-1.1011340239221084,0.0850472664228071,0.00026283009541596487
2.38,-0.01120993453287542,1.5088238303345636,-0.9799545380856038,-0.5352695678985334,-0.0009402600321392828,-3.915326199481668e-05,0.1684029496930065,-0.14594602330189085,-0.024165219410282646,-0.010766010522718049,0.016694954574169207,0.00015486142191400157,0.2446184992986631,-0.14389571145424107,-0.31998228964823144,-0.08569521138192515,0.24194311383739264,0.20363779760905892,0.8588755671680234,-4.895419046542157,-4.742624251579484,-1.1017614755790708,0.08523795545905288,0.00030195483046377555
2.39,-0.00951604040791104,1.5073551032796388,-0.9802187216279725,-0.5353828238630804,-0.0007717052707898556,-3.751197950314125e-05,0.16938941249643805,-0.14687270549246545,-0.02641835423686455,-0.011325596454701532,0.016855476134942718,0.00016412824916754284,0.11953345042541896,-0.0804912694836475,-0.30798139477777975,-0.07830444988891427,0.22837161370873793,0.20927468381774528,0.853083445677596,-4.868752273114785,-4.747854980701902,-1.1021173811423515,0.08499520088523707,0.00033681990195105944
2.4,-0.007821116496404636,1.5058826328223904,-0.9805040574576694,-0.5355011643831239,-0.0006024194969032048,-3.578684927709133e-05,0.16949239115064046,-0.14724704572483388,-0.028533582969689147,-0.011834052004344878,0.01692857738866509,0.00017251302260499178,-0.005554775134201032,-0.017204240465300898,-0.2955335172005276,-0.07075642906782575,0.21334746575855004,0.21397945480417674,0.8429896822068221,-4.839194861205718,-4.75239847088734,-1.1022063564506945,0.08432180039375334,0.00036726051941940734
2.41,-0.006133942846085506,1.504411916705427,-0.9808091398759061,-0.5356240723948533,-0.00043327867990778225,-3.398710518629718e-05,0.16871736503191295,-0.14707161169633448,-0.030508241823662827,-0.01229080117294731,0.016914081699542248,0.0001799744090794155,-0.1299417731736693,0.045741896778443925,-0.28268982895656014,-0.06307941125786265,0.19693792704864083,0.21772684952509908,0.8286812286905207,-4.806869459447656,-4.756261638582047,-1.102033995178662,0.08322275758141834,0.00039313539806723865
2.42,-0.004463196416074469,1.5029484075959745,-0.9811325419503326,-0.5357510270106562,-0.0002651557151514632,-3.212234303902773e-05,0.16707464300110375,-0.14635091094525535,-0.03234020744264591,-0.012695461580296543,0.016812296475631906,0.0001864762147269452,-0.25294023883420064,0.10812519793751406,-0.269502155508641,-0.055301972852080605,0.1792270969723634,0.22049723877981586,0.8102655871686083,-4.771909239168972,-4.75945380085131,-1.1016068531631718,0.08170523193086074,0.00041432764690359637
2.43,-0.002817404425427203,1.5014974938675492,-0.9814728209453496,-0.5358815054566887,-9.891563974719948e-05,-3.0202466878079386e-05,0.16457919906472662,-0.1450913728425359,-0.03402789950169946,-0.013047844603242055,0.016624007540426373,0.00019198761609483424,-0.3738841073689116,0.16972595034982502,-0.25602281809500005,-0.04745290551461406,0.160315429759186,0.22227678698588246,0.7878697164840169,-4.734457448756639,-4.7619866574236145,-1.100932429036654,0.07977847881026737,0.0004307455248125357
2.44,-0.001204899601028983,1.500064480622352,-0.9818285237614256,-0.5360149850056126,6.458906636651215e-05,-2.8237633301930233e-05,0.16125048243982198,-0.14330132451971214,-0.035570281607596815,-0.013347954892399016,0.016350470611371164,0.00019648335761491515,-0.4921323320307834,0.2303273698723155,-0.24230447197944682,-0.03956111608828258,0.14031898534362908,0.22305755934265578,0.7616388781564657,-4.694666911748846,-4.763874266861546,-1.1000191409969173,0.07745378018195336,0.00044232305608352866
2.45,0.00036622244917095784,1.4986545710150363,-0.9821981923660736,-0.5361509448982089,0.00022452306646886336,-2.6238194169631367e-05,0.1571122050199941,-0.1409909607315726,-0.03696686046480482,-0.013595989259625836,0.01599340001023512,0.0001999439132298865,-0.607072273605748,0.28971629618920686,-0.22839994074293907,-0.03165552538214239,0.11936842653494173,0.22283757203577287,0.7317354351581538,-4.652699470849621,-4.765133015837407,-1.098876299571968,0.0747443667355524,0.0004490204979969741
2.46,0.001888143542512057,1.4972728479383919,-0.9825803691988432,-0.5362888682475101,0.0003800726139892634,-2.4214638066425124e-05,0.15219210933410993,-0.13817230766444144,-0.03821768327695595,-0.013792334930120036,0.015554954752040004,0.00020235561032062415,-0.7181226829875437,0.34768388509822584,-0.21436204681383422,-0.023764966089630135,0.09760777512876473,0.22162078398465257,0.6983376166842312,-4.6087253806094814,-4.765781580521106,-1.0975140762726914,0.0716653321767258,0.0004508246541873592
2.47,0.0033533607438117185,1.4959242561312402,-0.9829736025324165,-0.5364282439190539,0.0005304498357743277,-2.217753092188229e-05,0.14652172012996612,-0.1348591807151568,-0.039323333357335524,-0.013937567154376674,0.015037722178506425,0.00020371071445428343,-0.8247362652386775,0.40402629614567204,-0.20024343851124915,-0.015918080089118103,0.07519294410962196,0.21941702955621528,0.661638261212722,-4.562922652010677,-4.765840879152434,-1.0959434680664655,0.06823354040737614,0.0004477490287246622
2.48,0.004754721570849969,1.4946135847684232,-0.9833764517716777,-0.5365685683808227,0.0006748968289582652,-2.0137456183193092e-05,0.14013608270382505,-0.13106713628169867,-0.04028492392611135,-0.014032446176876642,0.014444699318393752,0.00020400747386891974,-0.9264018206590715,0.4585453738086492,-0.1860964139482818,-0.008143215413381033,0.052290067301888676,0.21624189264477173,0.6218435492061687,-4.515476352628441,-4.7653340149656,-1.0941762576492928,0.06446752632882154,0.00043983381714151357
2.49,0.006085456481201376,1.4933454505921828,-0.9837874926724475,-0.536709347516425,0.000812689550663087,-1.810495495295448e-05,0.13307349103514074,-0.1268134176240431,-0.04110409007698206,-0.01407791356023128,0.013779272170482176,0.00020325012302386115,-1.0226459653427162,0.5110493202506083,-0.1719727422207507,-0.0004683232127612458,0.029073651633047426,0.21211652352962795,0.5791717357432282,-4.466577866408439,-4.764286208756402,-1.0922249695415998,0.06038739098583144,0.00042714573197364465
2.5,0.007339208567972042,1.4921242816434515,-0.9842053224614637,-0.5368500983950809,0.0009431414818142479,-1.6090466503264248e-05,0.12537520867706659,-0.1221168948731353,-0.04178297890162321,-0.01407508786559839,0.013045193115116087,0.0002014488449690233,-1.11303444040273,0.5613533575080475,-0.1579234823904464,0.007079144935104198,0.005724580504976373,0.20706740094349207,0.5338518922060874,-4.416424117404882,-4.76272472052625,-1.0901028220821747,0.05601469174759507,0.0004097776617583098
2.5100000000000002,0.008510060419985912,1.4909543016505833,-0.9846285648391315,-0.536990350992006,0.0010656070484854705,-1.4104269576129519e-05,0.11708518520138712,-0.11699799928682444,-0.04232423776677779,-0.014025259692504252,0.012246556667122254,0.000198619692713473,-1.1971730253472705,0.6092803768041548,-0.14399880085752612,0.014472338985768829,-0.017572000460019055,0.20112604278738055,0.4861226649131373,-4.365216762065295,-4.760678759796968,-1.0878236754444464,0.051372328192503605,0.00038784816383387625
2.52,0.009592558128046665,1.4898395151318427,-0.9850558748465921,-0.5371296498528436,0.0011794847863508394,-1.215642487416062e-05,0.10824977080607524,-0.11147865187407253,-0.04273100074605572,-0.013929886083763585,0.011387773786536892,0.0001947844701968898,-1.2747080768649817,0.6546615725353822,-0.13024778779711682,0.021685111222991882,-0.04062888187323743,0.19432866989288278,0.4362310573004036,-4.313161354829924,-4.7581793843605835,-1.0854019758483018,0.046484424328150385,0.0003615007926884179
2.5300000000000002,0.010581732442748014,1.4887836932665166,-0.9854859435787566,-0.537267555695883,0.001284220235990874,-1.0256719135359082e-05,0.0989174314701349,-0.10558218653260702,-0.043006873216459206,-0.013790584303946274,0.010473544964003462,0.00018997057388015387,-1.3453267194163354,0.6973370583390994,-0.11671827342487448,0.028692115445706934,-0.06325903830224888,0.18671582812050058,0.3844312409440394,-4.260466491940073,-4.755259387403068,-1.0828526961876228,0.041376207737365465,0.00033090326700114896
2.54,0.011473117110644722,1.487790360587814,-0.9859175027251394,-0.5374036469459111,0.001379308558941796,-8.41461117169057e-06,0.08913846678967086,-0.09933326787025781,-0.04315591463828545,-0.013609125002808958,0.009508832295092189,0.00018421079636685118,-1.4087567184277885,0.7371564625317426,-0.10345664493043112,0.03546890405045344,-0.08527788950705073,0.17833197488028485,0.3309833994036432,-4.207342938425851,-4.751953173116056,-1.08019127333786,0.03607388619668513,0.0002962464798934248
2.5500000000000003,0.012262764434220183,1.486862782548751,-0.9863493289206028,-0.5375375211936936,0.001464296866465505,-6.639180233288984e-06,0.07896473235754603,-0.09275780390630542,-0.043182619546335926,-0.013387424778243704,0.008498830752370904,0.00017754309384015874,-1.4647660704692702,0.7739795001068772,-0.0905076649986822,0.0419920225071575,-0.10650553929253803,0.16922503683428147,0.27615260757560683,-4.1540027432750435,-4.748296621080575,-1.0774335424482866,0.03060452226679412,0.00025774335824281654
2.56,0.012947258116850897,1.4860039540099907,-0.9867802478885047,-0.5376687965752595,0.0015387862550266353,-4.9390770388474325e-06,0.0684493682630713,-0.08588285387603943,-0.04309189679019296,-0.013127538156587033,0.0074489388561130385,0.0001700103194441551,-1.5131623475055935,0.8076765184065652,-0.0779142929033481,0.04823910069085291,-0.12676895661356813,0.15944594607026652,0.22020774799904513,-4.100658347776612,-4.744326939868521,-1.0745956685594678,0.024995906306557257,0.00021562757820140963
2.57,0.013523723466796167,1.4852165886960995,-0.9872091383592211,-0.5377971130653747,0.0016024335443706856,-3.3224777883392908e-06,0.05764653499452711,-0.0787365313891335,-0.04288904707163872,-0.012831649011526518,0.006364728934405033,0.00016165992505081417,-1.5537918341118453,0.8381290135278843,-0.06571750922355815,0.05418894054171952,-0.1459040647508667,0.14904816240944396,0.16342046437504537,-4.04752169199012,-4.74008251045732,-1.0716940759174687,0.019276428314705225,0.00017015214528617731
2.58,0.013989835044120904,1.4845031096638983,-0.9876349357476009,-0.537922133679838,0.001654952715885676,-1.7970414470392005e-06,0.046611157732473735,-0.07134790322011242,-0.04257973883797239,-0.012502061446330785,0.005251917151499039,0.00015254363413000902,-1.586538497417409,0.8652301145037291,-0.05395614527820666,0.05982159949571164,-0.16375770616004814,0.13808718970348255,0.10606415146245823,-3.9948033242208436,-4.735602720188886,-1.0687453753820104,0.013474948957479973,0.00012158784856428355
2.59,0.014343821841441631,1.48386564082353,-0.9880566355736101,-0.5380435455815143,0.001696116050585291,-3.6987056026715015e-07,0.035398679732072655,-0.06374688403682732,-0.0421699826009281,-0.012141190167640162,0.004116333469961508,0.00014271708867720503,-1.6113228295013078,0.8888850323024302,-0.042666718418624586,0.06511846915991537,-0.1801894529391843,0.12662009399183827,0.04841297951792675,-3.9427115182834296,-4.730927788123426,-1.0657662903460279,0.007620670097923428,7.022159952907697e-05
2.6,0.014584470093581325,1.4833059995495284,-0.9884732966112298,-0.5381610610853401,0.0017257549675645661,9.525241732330917e-07,0.024064825213969472,-0.0559641274001659,-0.04166610376197315,-0.011751550382572454,0.0029638916979275076,0.0001322394733500242,-1.6281006010340937,0.9090114707279855,-0.03188327434207065,0.07006234870488814,-0.19507323568835933,0.11470503121416131,-0.009259049429798714,-3.8914514032182637,-4.726098582741344,-1.0627735815988604,0.001743005104283637,1.635466724402674e-05
2.61,0.014711123812793197,1.4828256904155794,-0.9888840437515882,-0.5382744185578838,0.0017437605651447646,2.1642553744279675e-06,0.012665371921187149,-0.048030913394890504,-0.041074714035838227,-0.011335747254368676,0.0018005597580198509,0.00012117312011948757,-1.6368615631938523,0.9255399963719776,-0.021637237599124046,0.07463751246555939,-0.20829876679140735,0.1024007918149954,-0.06667901692663193,-3.8412241099861575,-4.721156433031228,-1.0597839715746074,-0.004128550817597732,-3.969917778625905e-05
2.62,0.014723683145382045,1.4824259000828073,-0.9892880705673389,-0.5383833832074355,0.0017500838681413435,3.26008634296925e-06,0.0012559332588847841,-0.03997903327721118,-0.04040268157507091,-0.010896464955162763,0.0006323302996578974,0.00010958309685412827,-1.6376281323460566,0.9384143648681134,-0.01195727147222754,0.07882977130386726,-0.2197727377512786,0.08976636904491042,-0.12357597911767904,-3.7922259395105797,-4.7161429340696905,-1.0568140684312815,-0.009964550049063542,-9.76155977844335e-05
2.63,0.014622600642572595,1.482107493367316,-0.9896846415664294,-0.5384877477610126,0.0017447357857610002,4.23545417622351e-06,-0.010108250280944881,-0.03184067154913741,-0.039657099909048296,-0.010436455357704565,-0.0005348082380343293,9.753678332542599e-05,-1.63045408874985,0.9475918008362457,-0.0028691483735678314,0.08262652728437914,-0.22941977409075065,0.07686055706141826,-0.17968183795339532,-3.74464755626268,-4.711099748249398,-1.0538802904054874,-0.015735721540299927,-0.00015706168601478367
2.64,0.014408875533641532,1.4818710105083908,-0.9900730941246404,-0.5385873330251216,0.0017277867855676383,5.0864885577467834e-06,-0.021372510893106395,-0.023648285892512715,-0.038845255821095374,-0.009958526410901544,-0.0016949000193361788,8.51034381523273e-05,-1.6154233167295171,0.9530432290672278,0.005604368116900654,0.08601682129950694,-0.23718313540925706,0.06374158409426167,-0.23473219736626488,-3.6986732113929404,-4.706068403346255,-1.0509987908817078,-0.021413099159044303,-0.00021769801481025632
2.65,0.014084046082967084,1.4817166656542247,-0.9904528400876104,-0.5386819883275903,0.0016993662897628367,5.810026159669556e-06,-0.032482945067444806,-0.015434485416614525,-0.03797459629699969,-0.009465530246867674,-0.002842049580480159,7.235376019227721e-05,-1.5926486094358252,0.9547534546987905,0.01344362850590533,0.08899137331670781,-0.24302515239691047,0.05046678497592594,-0.28846720932446746,-3.654479999204194,-4.701090088636756,-1.0481853846053883,-0.02696814921845074,-0.0002791807184646777
2.66,0.013650180105101654,1.4816443465773046,-0.9908233670344816,-0.5387715918382875,0.0016596618007169324,6.403620638051272e-06,-0.04338659778654296,-0.007231907692016631,-0.0370526946871276,-0.008960351069716396,-0.003970448904590415,5.9359447838171636e-05,-1.5622705566284467,0.9527212903601123,0.020632188933837087,0.09154261498574412,-0.24692739687633836,0.03709231628058207,-0.340632414615928,-3.6122371505324766,-4.696205450282892,-1.0454554754550975,-0.03237289698945941,-0.00034116359585862965
2.67,0.01310986370359744,1.4816536156267066,-0.9911842391968059,-0.5388560507670733,0.0016089177632772054,6.865548234024163e-06,-0.054031640150421494,0.0009269049402067311,-0.036087216232428526,-0.00844589287857933,-0.005074403743972709,4.6192759597289075e-05,-1.5244565289508474,0.946959628519836,0.027156888093290713,0.09366471441006174,-0.24889058520963303,0.023672916194247273,-0.39097958299158725,-3.5721053663542865,-4.691454387196781,-1.0428239861716688,-0.037600051987600164,-0.0004033002175366794
2.68,0.012466188290477243,1.481743711919518,-0.991535098027923,-0.5389353014378657,0.0015474341718864505,7.194809026145873e-06,-0.06436754131201974,0.009009629281146727,-0.03508588311171208,-0.007925067079241706,-0.006148359139075487,3.292607921217098e-05,-1.4793997670626833,0.9374954575552771,0.03300790869745779,0.09535359294455459,-0.2489342196078299,0.010261710084696452,-0.4392675569028774,-3.5342361946697607,-4.686875848581416,-1.0403052904216885,-0.042623131800439404,-0.0004652460219392678
2.69,0.011722735934306418,1.4819135547684679,-0.9918756624196591,-0.539009309238269,0.001475564930985954,7.391123910519791e-06,-0.07434523561708246,0.01698428489499227,-0.03405643917361816,-0.007400780040320766,-0.0071869240900496335,1.963148843739177e-05,-1.4273185788562985,0.924369820367756,0.03817882277924846,0.09660693396531128,-0.24709597596087285,-0.0030899384162639265,-0.48526310250985133,-3.498771453420617,-4.682507634319758,-1.0379131475495675,-0.047416584190434444,-0.0005266603856160601
2.7,0.01088356307614318,1.4821617483376368,-0.9922057285648745,-0.5390780684447797,0.001393715977569304,7.454927414653785e-06,-0.08391728581632388,0.024819356916889142,-0.033006614521551424,-0.00687592065107101,-0.008184895341665024,6.380350413399387e-06,-1.368455642925515,0.907637714697716,0.042666620227667,0.09742418360180194,-0.24343085070936432,-0.016332532123963794,-0.5287417709205494,-3.465842701888843,-4.678386199352883,-1.0356606403470299,-0.05195590716961257,-0.000587208652509395
2.71,0.00995318264456476,1.4824865875128557,-0.9925251694661091,-0.539141601924166,0.001302343175115009,7.38735647847423e-06,-0.09303804315784192,0.03248391752188652,-0.03194409012346156,-0.006353347938636361,-0.009137280245429496,-6.75709361795551e-06,-1.3030774115853574,0.8873679346391491,0.04647172009028118,0.09780654351080287,-0.2380100829596019,-0.02941850317398431,-0.5694887717595669,-3.4355707626874086,-4.67454646315097,-1.0335601161417205,-0.05621776669833818,-0.0006465641077962871
2.72,0.008936544593807015,1.4828860649681355,-0.9928339340923156,-0.539199960712195,0.0012019499884731116,7.190235361189088e-06,-0.10166380507577445,0.03994774552798473,-0.03087646262064494,-0.005835878802899087,-0.010039318664189735,-1.9712111728514153e-05,-1.2314736021614572,0.8636428532138553,0.049597964312206894,0.09775695581126831,-0.23091987144929593,-0.04230223739021455,-0.6072998601677215,-3.4080652960985027,-4.671021625339555,-1.031623131478164,-0.0601801116117609,-0.0007044098823133726
2.73,0.007839014883109525,1.4833578794042215,-0.9931320461874225,-0.5392532234714648,0.0010930849496289766,6.866056855629993e-06,-0.10975297106974909,0.04718144360859228,-0.029811209510686523,-0.005326275926970611,-0.010886503884413505,-3.241785055590954e-05,-1.1539567610688537,0.836558146237307,0.052052593720604015,0.09728008037011016,-0.2222599090590709,-0.05494006433079346,-0.6419822372214874,-3.3834244281400316,-4.667842988499426,-1.029860400634988,-0.06382228532582532,-0.0007604407742577502
2.74,0.0066663529108903965,1.4838994449301761,-0.9934196027362148,-0.5393014958306732,0.0009763389246295536,6.417960012160839e-06,-0.11726619722191284,0.05415655259547402,-0.028755654879228064,-0.004827235920843309,-0.011674602499942299,-4.480968434691537e-05,-1.070861881464897,0.8062224580857228,0.053846206210712205,0.09638226467244237,-0.2121417602921305,-0.06729021790464451,-0.6733554625497299,-3.3617344333495853,-4.6650397891123685,-1.028281748192546,-0.06712513382161744,-0.0008143649756532686
2.75,0.005424687414612037,1.4845079015538014,-0.9936967720947492,-0.5393449096082209,0.0008523421923447404,5.849704592114351e-06,-0.12416654962783603,0.06084566236253791,-0.027716935853434047,-0.004341377754768718,-0.012399673228481322,-5.682554200464885e-05,-0.9825460520642256,0.7727570103545676,0.05499269723440173,0.09507150656407815,-0.20068710946488455,-0.0793127730073625,-0.701252376638585,-3.3430694728708703,-4.662639037578035,-1.026896065835315,-0.07007110935409393,-0.0008659056919900188
2.7600000000000002,0.004120490846328729,1.4851801267417366,-0.9939637917942177,-0.5393836219235966,0.0007217613461576989,5.165642485937571e-06,-0.1304196568283307,0.06722251879352063,-0.0267019699468467,-0.0038712315375701843,-0.013058084618704145,-6.840621061767805e-05,-0.8893881121014007,0.7362951547771248,0.05550918284069563,0.09335741018133348,-0.1880259092324552,-0.09096956401013967,-0.7255200289774375,-3.327491388015098,-4.660665368180012,-1.0257112735440872,-0.07264436928068982,-0.000914802644476115
2.77,0.0027605522350734445,1.4859127480052639,-0.9942209660288257,-0.5394178142005299,0.0005852960301391409,4.370686343753529e-06,-0.13599386112552847,0.07326212635273076,-0.02571742346080344,-0.0034192276933382726,-0.013646531601855796,-7.949561421840418e-05,-0.7917882854714902,0.6969818721449512,0.055415905659961226,0.0912511354229073,-0.1742944604761174,-0.10222409114938424,-0.7460206068374716,-3.3150495490540917,-4.659140899832115,-1.024734285304363,-0.07483086935882433,-0.0009608134454757114
2.7800000000000002,0.001351948550543571,1.4867021564632374,-0.9944686628398437,-0.5394476910664081,0.00044367552176504137,3.4702756758733367e-06,-0.14086036845298736,0.0789408457973682,-0.024769681101795938,-0.0029876865878169134,-0.014162050837409948,-9.00410667880192e-05,-0.6901677658033601,0.6549732193338542,0.0547361243592064,0.08876534135256642,-0.15963345547086982,-0.11304142090407587,-0.7626323581180771,-3.3057807585898153,-4.658085108389545,-1.023970979429911,-0.07661845082072283,-0.001003714838933403
2.79,-9.798541196545728e-05,1.4875445213291616,-0.9947073110095149,-0.5394734791529412,0.0002976551737855832,2.470340687947223e-06,-0.14499339625090282,0.08423648659241459,-0.02386481696712462,-0.002578808653307224,-0.014602034797945817,-9.999349879261134e-05,-0.5849682236470675,0.6104357268876428,0.053495987235017556,0.08591412391722364,-0.1441860166159441,-0.1233880863133423,-0.775250500376415,-3.2997092084429522,-4.657514711263402,-1.0234261735743977,-0.07799692050102734,-0.0010433037988891976
2.8000000000000003,-0.0015816885977511482,1.4884358052653066,-0.9949373966799454,-0.5394954258035222,0.00014801272844337863,1.3772641199807408e-06,-0.14837031857856908,0.08912839361450349,-0.023008567043046234,-0.002194665058092067,-0.01496424453422046,-0.00010930765679664824,-0.476651207096039,0.5635457499417226,0.05172439072762092,0.08271294840617416,-0.1280957628196031,-0.1332319928974287,-0.783788106903535,-3.29684648861834,-4.657443565031157,-1.0231036044795452,-0.07895812326900767,-0.0010793984805547753
2.81,-0.0030914066725710367,1.4893717805428996,-0.9951594597134494,-0.5395137976931549,-4.4554821333276165e-06,1.9784136045110724e-07,-0.15097180748198888,0.09359752775929732,-0.022206303350406194,-0.0018371889632751966,-0.015246821057670626,-0.00011794227595296336,-0.36569740800968153,0.5144887755756612,0.04945282375870477,0.07917857706771092,-0.11150493488387614,-0.14254233540375033,-0.7881769595586664,-3.297191646545799,-4.6578825766893335,-1.0230059124857156,-0.07949600600426741,-0.0011118390198335297
2.82,-0.004619226366869602,1.4903480459438745,-0.9953740898120754,-0.5395288793672204,-0.00015893843487845843,-1.0607608936466188e-06,-0.15278196942985653,0.09762654009749273,-0.021463009862595327,-0.0015081674065483676,-0.01544829527451308,-0.0001258602254097726,-0.2526057675365041,0.46345868996670553,0.046715198897826465,0.07532899231298207,-0.0945526099354368,-0.15128953003397816,-0.7883683570537532,-3.3007312944678064,-4.658839629146873,-1.0231346308100477,-0.0796066723539277,-0.0011404881786056809
2.83,-0.006157111121277744,1.491360044336448,-0.9955819224151723,-0.5395409717057084,-0.0003146143989126829,-2.3910471626704095e-06,-0.15378847544081414,0.10119983925735906,-0.02078326030968914,-0.0012092338487984528,-0.01556759640342245,-0.00013302862690237906,-0.1378923968313416,0.41065700896947305,0.04354767145724819,0.07118331592381288,-0.07737303310192245,-0.15944516613232565,-0.784333866523748,-3.3074397625589653,-4.6603195215077,-1.0234901795784972,-0.07928842752134911,-0.0011652318345458492
2.84,-0.007696937954812537,1.4924030808539122,-0.9957836343948816,-0.539550390319865,-0.00047065498698893224,-3.785236632746994e-06,-0.15398268335347937,0.10430365174639945,-0.020171197970934543,-0.0009418614156546252,-0.015604058807624931,-0.00013941894700765842,-0.02208929166779219,0.3562920759686068,0.03998844768961517,0.06676172470308384,-0.06009409228278274,-0.1669819805574391,-0.7760660055535609,-3.317279295122424,-4.662323924637133,-1.0240718645811169,-0.07854181236224338,-0.0011859793156734468
2.85,-0.0092305354602383,1.493472341603522,-0.9959799395703363,-0.5395574638884862,-0.0006262292587118276,-5.235307270055916e-06,-0.15335975054257625,0.10692607496099242,-0.01963051754546695,-0.0007073568621240992,-0.015557427172289544,-0.00014500706373089226,0.09425717698165569,0.30057823104002473,0.03607758333607761,0.062085362972536196,-0.04283595902316961,-0.17387385714343173,-0.7635788413862997,-3.330200287022155,-4.664851352448038,-1.0248778807046008,-0.07736962610392688,-0.0012026635812353115
2.86,-0.01074972281287341,1.494562912830226,-0.9961715840621203,-0.53956253244133,-0.0007805078583061732,-6.73304035270626e-06,-0.15191873526351105,0.10905712267040733,-0.019164449178398893,-0.0005068552843809397,-0.015427859959434548,-0.00014977330826503434,0.2105880104594838,0.24373495560955089,0.03185677382244936,0.057176252332564736,-0.025709915250307636,-0.18009585280361887,-0.7469084938321768,-3.346141557381718,-4.667897149277075,-1.0259053199822332,-0.07577693705756551,-0.001215241251864248
2.87,-0.012246349660047916,1.4956698004582263,-0.9963593415091838,-0.539565945597316,-0.0009326671690587819,-8.27006518181094e-06,-0.14966268471745056,0.11068876280003646,-0.018775744706352845,-0.0003413155986008796,-0.015215931075260874,-0.00015370248291046804,0.3263335778002504,0.18598599691225298,0.027369137439162552,0.05205719909712825,-0.008817382003120766,-0.18562425097383148,-0.726113528451956,-3.3650306575145414,-4.671453493647983,-1.0271501841886612,-0.073771080761303,-0.0012236924932262448
2.88,-0.01371233673877191,1.4967879499320036,-0.9965440081709162,-0.5395680607653413,-0.0010818934659479556,-9.837903744484336e-06,-0.14659870787239945,0.11181494737773391,-0.0184666661732324,-0.0002115168025296683,-0.014922629688917355,-0.0001567838562673396,0.44091586410705763,0.1275584766362648,0.022658992873919915,0.04675169978272198,0.007750837618685225,-0.19043664224598814,-0.7012752269165583,-3.386784210048872,-4.675509418635919,-1.028607401895,-0.07136164507358245,-0.001228020758543812
2.89,-0.01513971704932588,1.497912266277468,-0.996726397937453,-0.5395692413156535,-0.001227387047419907,-1.1428015113602501e-05,-0.14273803105539706,0.11243163454643848,-0.018238976653684364,-0.00011805503123286843,-0.014549358147195122,-0.00015901113691181646,0.5537509721728205,0.06868198817355865,0.01777163246974344,0.04128384505828181,0.023915093185804537,-0.19451203123938093,-0.6724977220536895,-3.411308276274314,-4.6800508489534955,-1.0302708498883277,-0.06856044182987063,-0.001228252396445177
2.9,-0.01652067739281197,1.4990376343033227,-0.996907337271537,-0.5395698547297962,-0.0013683663267850651,-1.3031839382016871e-05,-0.1380960343486091,0.11253680258546679,-0.018093933408398166,-6.134141427358119e-05,-0.014097927936515821,-0.000160382426841437,0.6642518725357562,0.009587686904769212,0.012753092589843527,0.035678222523538805,0.03960719549940528,-0.1978309680043469,-0.6399079859852757,-3.4384987488636156,-4.68506065477456,-1.0321333788482825,-0.06538146478119936,-0.00122443613152344
2.91,-0.01784760006160155,1.5001589388625394,-0.9970876601053595,-0.5395702707371703,-0.0015040718633027486,-1.4640840942248754e-05,-0.13269226687895774,0.11213045592166067,-0.018032283382257656,-4.1600737407119174e-05,-0.01357055365176835,-0.00016090015602318835,0.7718313920312527,-0.04949262208919984,0.007649922453692504,0.0299598186926254,0.05477049940871881,-0.20037570157951795,-0.6036556609320008,-3.468241767310634,-4.690518722195641,-1.0341868431618704,-0.06184083364800773,-0.0012166424257827758
2.92,-0.019113104453476634,1.501271085094036,-0.9972682027157945,-0.5395708594462484,-0.0016337703127125645,-1.624655093626034e-05,-0.1265504391875086,0.11121462314965966,-0.01805426104350353,-5.887090780168457e-05,-0.012969844940981598,-0.00016057099940115872,0.8759054257953168,-0.10832739456469745,0.0025089527833484036,0.024153920560952502,0.06935976555271228,-0.20213035273017677,-0.5639127237029229,-3.500414153667377,-4.696402040107703,-1.036422134745494,-0.05795672424602081,-0.001204962729790219
2.93,-0.020310088363485575,1.5023690185652125,-0.9974497986012905,-0.5395719894784269,-0.0017567582767665758,-1.784060871345595e-05,-0.11969839100089419,0.1097933471176514,-0.018159588549588733,-0.00011300321784739541,-0.012298796405401121,-0.000159405777719561,0.9758963526831896,-0.16668625167903972,-0.0026229344289982574,0.01828601709435068,0.08334080978031455,-0.20308110240149269,-0.5208729765821207,-3.534883866452342,-4.702684803113238,-1.038829220730336,-0.05374928477049039,-0.0011895086328344076
2.94,-0.021431768692502243,1.5034477452369202,-0.9976332733834247,-0.5395740261124147,-0.0018723660312280762,-1.9414802148382342e-05,-0.1121680329016668,0.1078726671707601,-0.018347478213417145,-0.00020366339877438412,-0.011560775446150043,-0.00015741934349263896,1.0712366292775928,-0.2243408744925197,-0.00769903377897365,0.012381701026920156,0.09668995287474402,-0.2032163920251714,-0.4747513592477246,-3.571510470930231,-4.70933852997759,-1.0413971848535286,-0.04924053845905206,-0.0011704109217137715
2.95,-0.02247172129856212,1.5045023511737055,-0.9978194397557469,-0.5395773294469313,-0.0019799611118397767,-2.0961106682453983e-05,-0.10399526060598752,0.10546059367853289,-0.01861663723222178,-0.00033033345166017,-0.010759508061170061,-0.00015463045340716403,1.1613725331614368,-0.28106588447986147,-0.012673040721213454,0.006466571287089606,0.10939328677987792,-0.2025271315264089,-0.42578307848258334,-3.61014562431813,-4.716332196951087,-1.0441142723829786,-0.04445427298962275,-0.0011478185579361015
2.96,-0.023423919706593542,1.505528021923761,-0.9980090925020526,-0.5395822525893305,-0.002078951737933991,-2.2471722966233665e-05,-0.09521984080314219,0.10256707500554671,-0.01896527463056181,-0.0004923142399146347,-0.009899062609421444,-0.0001510616283779681,1.2457680219969804,-0.3366397063116224,-0.017499271119995087,0.0005661364257413259,0.1214457767302557,-0.20100691069238663,-0.3742225547264972,-3.6506335748437584,-4.723632385143053,-1.0469679383883805,-0.03941591710606529,-0.0011218975831139054
2.97,-0.02428277238448396,1.5065200614949092,-0.998203003605641,-0.5395891398775712,-0.002168790053666243,-2.3939112990178756e-05,-0.08588526778904185,0.09920395711481454,-0.01939111035884024,-0.0006887288240737386,-0.008983831573225218,-0.000146739002394509,1.3239086712594719,-0.39084540937276946,-0.02213287500443875,-0.005294280636716442,0.13285022147214143,-0.19865220947165463,-0.32034218693880145,-3.692811673953961,-4.731203440974222,-1.0499448991551859,-0.034152405098647885,-0.001092829962193388
2.98,-0.02504315828879908,1.5074739108551318,-0.9984019174704354,-0.539598325142738,-0.002248975167306333,-2.535603460217634e-05,-0.07603859043151222,0.09538493602225726,-0.019891386479445272,-0.0009185265166767482,-0.008018511364009015,-0.00014169216119975866,1.395305650283023,-0.44347152471401513,-0.026530043540361904,-0.01108963619988157,0.1436160960785129,-0.19546260278194172,-0.2644309397449278,-3.7365109013323474,-4.739007648584262,-1.0530311865223307,-0.02869202989655397,-0.0010608123738709055
2.99,-0.025700460382145806,1.508385165888601,-0.9986065462740767,-0.5396101300190599,-0.0023190559696205466,-2.671557431952247e-05,-0.06573020933467245,0.09112550334690578,-0.020462880364134267,-0.0011804876321920526,-0.007008080231421361,-0.0001359539717346129,1.4594996936413873,-0.4943128343733217,-0.030648208310763578,-0.016795257390629148,0.15375830367707888,-0.19144095549242202,-0.20679275938673036,-3.7815564027203674,-4.747005412931373,-1.056212204908976,-0.02306428565390399,-0.0010260549571448302
3.0,-0.026250596826329988,1.5092495947408573,-0.9988175654722633,-0.5396248623081038,-0.0023786337131271374,-2.8011178351171695e-05,-0.05501364441841817,0.08644288522562696,-0.021101919818653374,-0.0014732289043925012,-0.005957774350659103,-0.0001295604031649225,1.5160650228535328,-0.5431711302574981,-0.03444623208740465,-0.022386931474326355,0.16329586370457605,-0.18659360341395292,-0.14774482753702797,-3.8277680408320873,-4.755155452195838,-1.0594727907808303,-0.01729970082708129,-0.0009887800224406581
3.0100000000000002,-0.026690049561249252,1.510063154489687,-0.9990356094727016,-0.5396428144035166,-0.002427364334904769,-2.9236681753047414e-05,-0.0439452734919264,0.08135597488296543,-0.021804400043831364,-0.0017952095412763036,-0.0048730621777631385,-0.0001225503401875719,1.5646131720081238,-0.5898559400340603,-0.03788459036570016,-0.027840992574222234,0.17225056506322112,-0.18093051636429847,-0.08761566452661991,-3.874960959896889,-4.763414997993867,-1.0627972742934537,-0.011429662847937476,-0.0009492207351533975
3.02,-0.027015889988967753,1.5108220070813483,-0.999261267496067,-0.5396642617823724,-0.002464960506679149,-3.038633564495105e-05,-0.032584042771849994,0.07588525916614153,-0.02256580233653755,-0.002144737885580315,-0.003759617177438019,-0.00011496538919036354,1.6047966701645549,-0.6341852177476809,-0.040925543035056355,-0.0331344055014533,0.18064561278916447,-0.17446543966333006,-0.026743095920242096,-3.922946164545195,-4.771740001827245,-1.0661695428389206,-0.005486235593235607,-0.0009076197787964652
3.0300000000000002,-0.027225801495676476,1.5115225344750718,-0.9994950796403563,-0.539689461568844,-0.0024911933971041842,-3.1454832422166286e-05,-0.02099115067087233,0.07005273937235484,-0.023381214428933282,-0.002519978647164354,-0.0026232890425035103,-0.00010684967772152372,1.636312533328585,-0.6759859971381653,-0.04353329564617728,-0.03824484643968784,0.18850429655916123,-0.1672160107482099,0.034527901379265744,-3.9715311138597373,-4.78008534614168,-1.0695731062139004,0.0004980290658162878,-0.0008642280042536507
3.04,-0.027318098561224604,1.5121613529421754,-0.9997375331639603,-0.5397186511755644,-0.0025058941324867753,-3.243732889828384e-05,-0.009229706554812603,0.06388184671035063,-0.02424535236039403,-0.0029189606720351176,-0.0014700735382590939,-9.824964761175502e-05,1.658905519422222,-0.7150950058975015,-0.04567414984013338,-0.043150780226886454,0.19584870858090664,-0.15920384795967646,0.09584745526513223,-4.020520331442156,-4.78840505834636,-1.0729911631221458,0.0064902842799268315,-0.0008193030709242314
3.0500000000000003,-0.02729174222653184,1.5127353264696832,-0.9999890590016932,-0.5397520470276798,-0.0025089549436738664,-3.332946731817511e-05,0.0026356334692764216,0.057397352750777224,-0.025152583773286847,-0.003339585211537963,-0.00030608111870909717,-8.921384198912712e-05,1.6723711009642226,-0.7513592393569519,-0.04731664259509587,-0.04783153400905382,0.2026985371656247,-0.15045460895494656,0.15686313673983832,-4.069716032286393,-4.796652526161006,-1.0764066687229552,0.01245758439392778,-0.0007731080848550217
3.06,-0.027146351713318244,1.5132415792219862,-1.0002500285269078,-0.5397898433742224,-0.0025003299884202176,-3.412739418154668e-05,0.014539051321359527,0.05062527523029148,-0.026096952521465232,-0.003779634654262601,0.0008624955253648998,-7.979268633715647e-05,1.6765581121387874,-0.7846364923391315,-0.04843167404592642,-0.05226736705339219,0.20906996059854954,-0.14099801659583489,0.21722235878644677,-4.118918767104826,-4.804780712706095,-1.079802402939639,0.018367082823476464,-0.0007259102382893595
3.0700000000000003,-0.026882212018019963,1.513677507017814,-1.000520750571696,-0.5398322111910473,-0.0024800358402781615,-3.482777681827947e-05,0.026413969529828066,0.043592779582767006,-0.02707220447882365,-0.004236781682490412,0.0020294148142056233,-7.003826367327948e-05,1.6713710295338067,-0.8147958481415911,-0.04899262371712891,-0.05643953655337297,0.21497466385040287,-0.1308678505897578,0.2765748129109778,-4.1679280845207645,-4.812742369836516,-1.0831610392484565,0.024186230158713573,-0.0006779794544529434
3.08,-0.026500277332245355,1.5140407877835884,-1.0008014687160411,-0.5398792971791926,-0.0024481516368877266,-3.5427817656986225e-05,0.03819346857746071,0.03632807657745853,-0.028071814434514942,-0.004708598814524302,0.0031884203390434747,-6.000408387067542e-05,1.6567718490460444,-0.8417181238369872,-0.048975455102913165,-0.06033035926429875,0.22041899824508882,-0.12010190357080863,0.3345749195231363,-4.216543211226645,-4.820490248337253,-1.0864652136787627,0.029882971006387066,-0.0006295870408587794
3.09,-0.02600217017536334,1.5143293909480757,-1.0010923588556553,-0.5399312228621325,-0.0024048188824872508,-3.592526612812604e-05,0.04981071568820152,0.028860316448722965,-0.02908901396141368,-0.005192568293989596,0.004333275440047576,-4.9744847113981694e-05,1.6327815252449234,-0.8652962712768542,-0.048358808609405515,-0.06392326884231903,0.2254033014689778,-0.10874190072812051,0.39088426771761536,-4.2645637498170865,-4.82797730374834,-1.0896975937688314,0.03542593808623365,-0.0005810043539638469
3.1,-0.025390176160453425,1.5145415857471263,-1.0013935270571057,-0.5399880837850041,-0.0023502409015001644,-3.6318428142832975e-05,0.06119940149099136,0.021219479905058514,-0.030116820145043313,-0.005686092287163569,0.005457798098708654,-3.93162014706933e-05,1.5994809438168214,-0.8854357333699974,-0.047124082947582274,-0.06720286880106086,0.22992139231615205,-0.09683338249573392,0.44517401976710763,-4.311790393550711,-4.835156896760902,-1.092840947238499,0.04078464211670165,-0.0005325014776606951
3.11,-0.024667234352490106,1.5146759484111958,-1.0017050077077199,-0.5400499488184994,-0.0022846819421711217,-3.6606173088596375e-05,0.07229418079633174,0.013436266406950342,-0.031148065061421617,-0.006186503349541173,0.00655589593290426,-2.8774494576340086e-05,1.5570114025281532,-0.902054755375258,-0.04525550514281135,-0.07015498100100759,0.233960251362185,-0.08442555021339104,0.497127255747816,-4.358025656786453,-4.8419829873206615,-1.0958782101586069,0.04592965605900402,-0.0004843459178468946
3.12,-0.023836923216849347,1.5147313682122308,-1.00202676196666,-0.5401168595697313,-0.0022084659314111433,-3.678793828333945e-05,0.08303111356407601,0.005541980103503326,-0.032175425894024536,-0.0066910751231868525,0.007621601075997865,-1.8176519474307324e-05,1.5055745813968517,-0.9150846510940047,-0.042740189381847385,-0.07276668964386523,0.23749989538919447,-0.07157107506256,0.5464412341894626,-4.403074619293541,-4.848410321782627,-1.098792554417324,0.050832792336502876,-0.00043680131518831654
3.13,-0.02290344219654452,1.5147070523504031,-1.0023586765224828,-0.5401888299020003,-0.0021219748842528623,-3.686373083054082e-05,0.09334810203048285,-0.0024315861827570676,-0.03319145558226475,-0.007197033226906674,0.008649104715828096,-7.579254720137298e-06,1.445431988389731,-0.9244700239795058,-0.03956818497833149,-0.07502638074878609,0.24051344989960288,-0.05832587095067532,0.5928295454685847,-4.446745682066754,-4.854394612673489,-1.1015674543038054,0.055467271707895296,-0.00039012617817906555
3.14,-0.02187158899752886,1.514602529665053,-1.0027005626614471,-0.5402658455650192,-0.0020256469735982913,-3.683412682009664e-05,0.10318531990156604,-0.010452268535027839,-0.034188613896425114,-0.0077015663018891985,0.009632791065457112,2.9604010444182797e-06,1.3769038729028205,-0.930168943290059,-0.03573251378059346,-0.0769237771163076,0.24296742049414188,-0.04474883238746674,0.6360241358338465,-4.488851331706792,-4.859892710827599,-1.1041867520491457,0.059807882546803505,-0.00034457263869812544
3.15,-0.020746732702425476,1.5144176531580562,-1.0030521556498153,-0.5403478639367811,-0.0019199742682465342,-3.6700267822879696e-05,0.11248562951033834,-0.018487650699665972,-0.03515929883681362,-0.008201837176188224,0.010567270535175697,1.3385899721694532e-05,1.3003676054692344,-0.9321530755064876,-0.031229197381574758,-0.07844996881336908,0.2448221603007763,-0.03090153875084045,0.6757771814472106,-4.529208909868965,-4.864862769860676,-1.106634722182256,0.06383112936632697,-0.00030038523246255357
3.16,-0.019534782873634655,1.5141526013216653,-1.0034131144323943,-0.5404348138779033,-0.001805500149500421,-3.646385463165304e-05,0.12119498287908215,-0.026505183639088624,-0.0360958782579055,-0.008694994112213961,0.011447411874611336,2.3641319122666182e-05,1.216255528501753,-0.9304077713113491,-0.02605727451650014,-0.07959743922157836,0.24603252706884238,-0.01684792668473678,0.711862793621092,-4.5676413837596535,-4.869264403123921,-1.108896134572992,0.06751536952392156,-0.0002577997070682495
3.17,-0.018242154846385094,1.5138078782666597,-1.0037830216486077,-0.5405265956989258,-0.0016828164189508616,-3.6127138207352194e-05,0.12926280272495605,-0.03447230550056253,-0.0369907216213431,-0.009178182102249768,0.012268373054955935,3.367164243008439e-05,1.1250522893400186,-0.9249321084884506,-0.02021880904963591,-0.08036008671123751,0.24654872003127615,-0.0026539327127477197,0.7440785384998189,-4.603978113187437,-4.8730588334332055,-1.1109563160458582,0.07084093714857655,-0.00021704186067769498
3.18,-0.01687573145040521,1.513384312650411,-1.0041613839664554,-0.5406230812407046,-0.0015525601123066667,-3.569290779794444e-05,0.13664233959798847,-0.04235656162487325,-0.037836231784770864,-0.009648554177878806,0.013025630664419488,4.3423040940775436e-05,1.0272916733577364,-0.9157388911489439,-0.013718888957409553,-0.08073324200449505,0.24631728323292457,0.011612891517241097,0.7722467567402017,-4.6380556092701966,-4.876209035986816,-1.112801210454086,0.07379025344755956,-0.0001783264148422811
3.19,-0.01544282143496566,1.5128830554081847,-1.0045476327338205,-0.5407241140677054,-0.0014154100363555206,-3.516447620725121e-05,0.14329100154395522,-0.05012572422262531,-0.03862487673651431,-0.010103282700084067,0.01371500759511461,5.284315906932297e-05,0.9235529613120652,-0.9028546057253735,-0.0065656167055440084,-0.08071368131734591,0.24528225876758292,0.025883788615579717,0.7962156712528788,-4.669718279576106,-4.878679874966507,-1.1144174371055622,0.07634792267279755,-0.00014185592541576266
3.2,-0.013951114905574538,1.5123055762946869,-1.0049411249457105,-0.5408295097736816,-0.0012720830482878733,-3.454566220338445e-05,0.1491706529391122,-0.05774791134978743,-0.03934922118898964,-0.010539570597619065,0.01433269880676472,6.188140038667591e-05,0.8144568413982187,-0.8863193342018649,0.0012299085905888157,-0.08029963534104523,0.24338647031264982,0.040089226394684485,0.8158602737318874,-4.698819154246577,-4.880438234356753,-1.1157923474286187,0.07850081315598247,-0.00010781973600443979
3.21,-0.012408636111106618,1.511653659246507,-1.0053411445251743,-0.540939056398902,-0.0011233300986681675,-3.384077007085371e-05,0.15424787944679208,-0.06519170481798772,-0.04000195794637552,-0.010954662522047286,0.01487529496197058,7.048921325307366e-05,0.7006609125231352,-0.8661866250658298,0.009653616863886189,-0.07949079414578542,0.24057291453544005,0.054159346992395,0.8310829834808913,-4.725220587522241,-4.881453143515502,-1.1169140797574573,0.08023812295542142,-7.6392978887237e-05
3.22,-0.010823693947164781,1.5109293965797177,-1.0057469039148186,-0.5410525149577878,-0.0009699320612750113,-3.3054566326950077e-05,0.1584942163941837,-0.07242626667893154,-0.04057593896441676,-0.011345855888578135,0.015339803739315622,7.86203743903636e-05,0.5828548210402438,-0.8425233224793145,0.01868850032814394,-0.07828830808147336,0.23678623542905042,0.0680244304843039,0.8418140748946484,-4.748794929074432,-4.88169589798628,-1.1177716121041434,0.08155142979509329,-4.773562880342982e-05
3.23,-0.009204830564593633,1.5101351820404563,-1.006157545975041,-0.5411696200755124,-0.0008126953748313686,-3.219225364165175e-05,0.1618863382571148,-0.07942145392613435,-0.04106420602222804,-0.01171051177246056,0.01572366864436426,8.623126852983309e-05,0.46175507850396663,-0.8154093541784302,0.028314653957137365,-0.07669478471923652,0.23197425445436437,0.08161536899041716,0.8480118728267294,-4.769425159636864,-4.8811401759600015,-1.1183548127677407,0.08243472511587258,-2.1991615426529467e-05
3.24,-0.007560768490928691,1.509273702729847,-1.0065721461843162,-0.5412900807318248,-0.000652447523285278,-3.125944202090969e-05,0.1644062073664942,-0.08614793106092483,-0.04146002092753989,-0.012046065631239616,0.016024785154609065,9.328116207420583e-05,0.33809961281548406,-0.7849374786175557,0.03850932297869846,-0.0747142818859019,0.22608952757512601,0.09486414699904577,0.8496627179220464,-4.787005485632901,-4.879762150678457,-1.118654488611877,0.0828844321989394,7.119993000950656e-07
3.25,-0.005900356686862239,1.508347929928113,-1.006989715136096,-0.541413581110061,-0.0004900323827590787,-3.026211733558731e-05,0.16604118040664517,-0.09257728017339746,-0.04175689517797298,-0.012350037823621655,0.016241514052619924,9.97324685322377e-05,0.21264210935058228,-0.7512129918850804,0.04924695720707922,-0.07235229683347644,0.21909089891951383,0.1077043233568929,0.8467807067688315,-4.801441887798588,-4.877540598927476,-1.1186624308213748,0.08289940846046708,2.0265772514668117e-05
3.2600000000000002,-0.004232515969294253,1.5073611088461858,-1.0074092013261122,-0.5415397815490209,-0.00032630546453935743,-2.9206607302311173e-05,0.16678407175679857,-0.09868210819272152,-0.041948619001608664,-0.01262004389599592,0.01637269182197213,0.00010555100332761393,0.08614620219879611,-0.7143533949327886,0.06049927208810095,-0.06961575153115018,0.21094501992693937,0.12007151013311518,0.839407214384293,-4.81265261920125,-4.874457005602823,-1.11837145792766,0.08248093215318907,3.657855384571007e-05
3.27,-0.002566184237038008,1.5063167473365358,-1.0078294942231154,-0.5416683195950998,-0.00016212908451064073,-2.809954504774818e-05,0.16663317322562451,-0.10443615096500583,-0.042029289700327044,-0.012853804607881601,0.01641763800287167,0.00011070622545629932,-0.04062042158243107,-0.674488021679571,0.07223531640671027,-0.06651297410498236,0.20162780248538242,0.1319038433519737,0.8276102090485663,-4.820568648536249,-4.870495664154521,-1.1177754558729438,0.08163267384280987,4.957807417939688e-05
3.2800000000000002,-0.0009102619346635554,1.5052186035983273,-1.0082494276153067,-0.5417988111517763,1.6325097753951828e-06,-2.6947830414011638e-05,0.16559223023744526,-0.1098143738208532,-0.04199333921913054,-0.013049155667653507,0.01637615942860359,0.00011517146337365424,-0.1668919398616217,-0.6317576285786621,0.08442154665900241,-0.06305367638956705,0.19112577477393378,0.14314244041707536,0.8114833718032074,-4.825134045136068,-4.865643772534439,-1.1168694148661014,0.08036065315386416,5.9211443137662184e-05
3.29,0.0007264418157350316,1.5040706729153381,-1.0086677832239463,-0.5419308517232753,0.00016411802267342508,-2.5758589189616187e-05,0.1636703750398587,-0.11479306829892379,-0.041835560863972394,-0.013204057149893308,0.01624855128980299,0.00011892412243954506,-0.2919102696122971,-0.5863139462748886,0.09702190815756873,-0.05924892755863431,0.17943730931636037,0.15373183893126752,0.7911450349978179,-4.826306302729692,-4.859891524096221,-1.115649462769942,0.07867318139899619,6.544554879581383e-05
3.3000000000000003,0.002335261995812846,1.5028771734683746,-1.0090832945748414,-0.5420640177489315,0.0003244739726818402,-2.4539130477210016e-05,0.16088201800778146,-0.1193499446963651,-0.041551135089510485,-0.013316602565629993,0.016035595000841514,0.00012194587124061688,-0.41493083145334253,-0.5383191940251939,0.1099979230009376,-0.05511112380338523,0.1665736941536473,0.1636204115569581,0.7667369560704552,-4.8240565996283475,-4.853232192734741,-1.1141128947514143,0.07658079081624117,6.826735347422017e-05
3.31,0.003907728981914001,1.5016425312671546,-1.009494651117609,-0.5421978680244971,0.00048185950139224604,-2.3296902435735774e-05,0.15724669861011545,-0.12346422012200275,-0.04113565427676459,-0.013385027556561315,0.015738552871040583,0.00012422280414742414,-0.5352281395721429,-0.48794555761774056,0.12330878508463813,-0.05065395398484607,0.1525600200609194,0.17276075157463616,0.7384229442586613,-4.818369993667684,-4.845662211411625,-1.1122581989240508,0.0740961512393433,6.768407987322515e-05
3.3200000000000003,0.0054356179626547495,1.5003713642498162,-1.0099005025817984,-0.5423319452063387,0.0006354510975184847,-2.203944666020797e-05,0.1527888980740749,-0.12711670173384673,-0.04058514641892914,-0.01340771818415358,0.015359159612623862,0.0001257455775527804,-0.6521011540300969,-0.4353746315965936,0.13691146238759863,-0.045892361218336286,0.1374358593652416,0.18111002389428738,0.7063873591382696,-4.809245550887922,-4.8371812431006544,-1.1100850777163072,0.07123397511515792,6.372328238066422e-05
3.33,0.006910996124860677,1.4990684656013271,-1.0102994635581153,-0.5424657773941816,0.0007844472049876884,-2.0774351486428797e-05,0.14753781622059275,-0.13028986484890584,-0.03989609763168252,-0.013383218784290229,0.014899610746920368,0.00012650951737791735,-0.7648783354664871,-0.38079682668676185,0.15076080679974335,-0.0408425003234244,0.12125571514295697,0.18863027646159475,0.67083350076303,-4.796696407564967,-4.8277922431070275,-1.107594464710672,0.06801091185863342,5.643279906056731e-05
3.34,0.00832626727830474,1.4977387863451204,-1.0106901182921386,-0.5425988797877609,0.0009280726849867272,-1.9509204530176638e-05,0.14152711534440635,-0.13296792562066692,-0.03906547340232559,-0.013310239357935164,0.014362547999903887,0.0001265146956252159,-0.8729223462602075,-0.3244107434148283,0.1648096717886532,-0.03552169109522779,0.10408922336417037,0.19528870729285874,0.6319819117219614,-4.780749765801121,-4.8175015116707645,-1.1047885367165302,0.06444543259878795,4.588058062105719e-05
3.35,0.009674213621976888,1.4963874172652398,-1.0110710256770394,-0.542730756412442,0.001065583103059201,-1.82515447901845e-05,0.1347946343672148,-0.1351369079880431,-0.03809073849008956,-0.013187662468110548,0.01375104180724739,0.00012576597399921392,-0.9756343472380895,-0.2664225130363446,0.17900903821640035,-0.029948367353821226,0.0860210948391682,0.20105788276739578,0.5900686116426863,-4.761446823430435,-4.806318735758739,-1.101670720864445,0.0605577064177561,3.2154393547718994e-05
3.36,0.010948034389929109,1.495019570219147,-1.0114407244309203,-0.542860901908576,0.0011962688138312807,-1.7008814661091462e-05,0.12738207679522204,-0.13678470460926304,-0.03696987538809061,-0.013014549613408168,0.013068571077207965,0.0001242730129093039,-1.072457844978298,-0.20704510700898168,0.19330814862263088,-0.024142021757686996,0.0671507885595366,0.2059159033218001,0.545343284553069,-4.738842639479832,-4.79425701898148,-1.0982456965400853,0.056369469218849944,1.53613955624672e-05
3.37,0.012141381152507735,1.4936405589040949,-1.0117977384434784,-0.5429888033790589,0.0013194588176947632,-1.5788312216050575e-05,0.11933467625786259,-0.1379011315052192,-0.03570140125580822,-0.012790147048281035,0.012319000386348247,0.00012205024450408884,-1.1628820515576115,-0.1464976163934934,0.2076546502745662,-0.018123146380127048,0.04759191311100874,0.2098465133106049,0.49806743908238366,-4.713005936845635,-4.781332898638334,-1.094519392011725,0.05190388637840258,-4.372417387170065e-06
3.38,0.013248389588388238,1.4922557791426014,-1.0121405822757759,-0.5431139422892644,0.0014345243657733452,-1.4597144128407718e-05,0.11070084358805027,-0.13847797614933885,-0.03428438322974574,-0.012513891020544197,0.011506554807858201,0.00011911680876428577,-1.2464447261262692,-0.08500450271847641,0.22199474725932639,-0.011913169087162834,0.027471358178189575,0.2128391525409704,0.44851256075450185,-4.68401884419173,-4.767566348994168,-1.0904989756448582,0.0471854103399344,-2.690289230324462e-05
3.39,0.014263707583614102,1.4908706887550494,-1.012467766795968,-0.5432357964132332,0.0015408822917192602,-1.3442179607487843e-05,0.10153179952258642,-0.13850903875521114,-0.03271845201922892,-0.012185412396877255,0.010635792594591496,0.00011549645209198744,-1.322734475831115,-0.02279482201026225,0.236273361849872,-0.005534385787902885,0.006928163641170215,0.21488894782759949,0.39695827462217387,-4.651976579349363,-4.752980770018064,-1.0861928416399382,0.04223963429815703,-5.206852703272866e-05
3.4,0.01518251955513872,1.4894907870897582,-1.0127778049329104,-0.5433538418197101,0.0016379980513035618,-1.2330005724764398e-05,0.09188119715246183,-0.13799016652910798,-0.03100381369424058,-0.011804540647694295,0.009711575958430158,0.00011121738827234455,-1.3913925021928155,0.03989857613454609,0.25043430531424954,0.000990111341051536,-0.013887860741834679,0.21599664386001782,0.34369053524131893,-4.616987076702463,-4.737602960963677,-1.081610590273232,0.037093143095064,-7.96914022765407e-05
3.41,0.01600056693749994,1.4881215942830357,-1.0130692175286393,-0.5434675548913458,0.0017253884533419384,-1.1266884503354182e-05,0.08180473823612194,-0.1369192806722499,-0.02914125957289238,-0.011371307163568439,0.008739040203837672,0.00010631212214102147,-1.4521137879072235,0.10283987237399475,0.26442045826522786,0.007636509504546085,-0.034817746697106244,0.21616847369046255,0.28899985951885687,-4.579170561181622,-4.721463078335963,-1.0767630026650368,0.031773362411634004,-0.0001095782339371067
3.42,0.01671416481155243,1.486768630323663,-1.0133405392698165,-0.5435764143701106,0.0018026240682030281,-1.0258712135765968e-05,0.07135978740524883,-0.1352963959372693,-0.0271321741177205,-0.010885947876487565,0.0077235614861089685,0.00010081723675882143,-1.5046477280001114,0.16579112209324542,0.2781739605565847,0.014380354616815971,-0.05569518635831994,0.21541597023866277,0.23317961632189524,-4.538659071572848,-4.704594577963388,-1.071662010142906,0.026308407287535564,-0.0001415215408698034
3.43,0.017320214692998732,1.4854373939980146,-1.0135903246773421,-0.5436799034217166,0.0018693313029390748,-9.310980682121453e-06,0.060604988144630376,-0.13312363256484447,-0.024978540752551636,-0.01034890516059037,0.006670723473604657,9.477314536445141e-05,-1.5487982181239093,0.2285131180812954,0.2916364106282982,0.021196634076540377,-0.07634853053631385,0.21375572132985443,0.17652438494736802,-4.495595935884131,-4.6870341410721705,-1.0663206583089682,0.02072693093897211,-0.00017530092196779126
3.44,0.017816213535189234,1.4841333417935152,-1.0138171541324952,-0.5437775117116037,0.001925194134918805,-8.428742583738427e-06,0.04959988421905029,-0.1304052204499463,-0.022682945515317653,-0.009760828988710148,0.005586283197973019,8.822380983830262e-05,-1.5844232213485858,0.290766268772979,0.3047490740867467,0.028059862713741612,-0.0966029339215444,0.211209071915601,0.11932839265794244,-4.450135201515348,-4.668821584433657,-1.0607530659590934,0.01505797477290158,-0.00021068443541176815
3.45,0.018200259034749294,1.4828618668393898,-1.0140196399171648,-0.5438687374848342,0.001969955498687998,-7.616578305185021e-06,0.038404549956006034,-0.1271474954125406,-0.02024857846696651,-0.009122577323054016,0.004476136376919298,8.121642785534058e-05,-1.611433842872662,0.35231148922317124,0.3174531011828394,0.03494417158060825,-0.1162826112384181,0.20780177824572887,0.06188403953123591,-4.4024410229573885,-4.649999754822527,-1.054974379036896,0.009330820415960853,-0.0002474300718686157
3.46,0.018471051359547894,1.4816282779646408,-1.0141964322449906,-0.5439530896420407,0.002003418323592773,-6.878567391938352e-06,0.027079232479859904,-0.12335888747489739,-0.017679232782571636,-0.008435215720645345,0.0033462824904775413,7.380109132466691e-05,-1.6297929494746335,0.41291110178704893,0.32968975271183104,0.04182339924962086,-0.1352131655513631,0.20356361981833437,0.0044805168841375986,-4.352687009716904,-4.63061440817744,-1.0490007198368754,0.003574844490332983,-0.0002852873124371416
3.47,0.018627891445930113,1.4804377789538727,-1.0143462252595699,-0.5440300898034087,0.002025446222433557,-6.218263200947489e-06,0.015684008638221978,-0.11904990107680247,-0.01497930145792538,-0.007700016136797683,0.0022027898840783814,6.603041909908625e-05,-1.6395133770701054,0.4723297432957726,0.34140063372445073,0.0486711852182915,-0.15322394792744465,0.19852797591915716,-0.05259747644023794,-4.301055537135393,-4.6107140739942585,-1.0428491316982968,-0.0021806232216135257,-0.0003239987612252739
3.48,0.01867067603566312,1.479295448081964,-1.014467762975303,-0.5440992743525369,0.0020359638340354726,-5.638671528123501e-06,0.004278458973300444,-0.11423308719087759,-0.012153771573312289,-0.006918454912821417,0.001051761160191563,5.795916728239887e-05,-1.6406557752827045,0.5303352753371091,0.35252793429113605,0.055461065020732114,-0.17015040655247304,0.19273137441734556,-0.10907091756289278,-4.247737022755807,-4.590349905602272,-1.0365375194545627,-0.007906437674857096,-0.000363301841610248
3.49,0.01859988964244964,1.4782062180086364,-1.0145598451359608,-0.5441601964519109,0.0020349568250880856,-5.1422333205328644e-06,-0.007078639321348038,-0.10892300733275644,-0.009208216065784673,-0.006092209937398136,-0.00010070089473869373,4.9643820759063645e-05,-1.6333261423479226,0.5866996940845297,0.3630146764185921,0.06216656662302,-0.18583638320742413,0.18621302119953698,-0.16466754232355577,-4.192929170894795,-4.569575517075122,-1.030084585922108,-0.013573772065511747,-0.00040293054448865834
3.5,0.01841659365299596,1.4771748561136873,-1.0146213329656815,-0.5442124280216568,0.0020224715588924957,-4.7308116223843434e-06,-0.018329598945367783,-0.10313618949491951,-0.006148782972078218,-0.0052231569745839965,-0.0012485266195589857,4.114216981485213e-05,-1.6176731068528805,0.641200035964014,0.37280496607929065,0.06876130765120969,-0.20013631575137936,0.17901431915133137,-0.21912282852296924,-4.136836188110772,-4.548446807610322,-1.0235097647285618,-0.019154246576533175,-0.000442617216173532
3.5100000000000002,0.01812241277843048,1.4762059453530034,-1.014651154786844,-0.5442555616732085,0.0019986144407300056,-4.405682863339805e-06,-0.02941808745654803,-0.09689107606838335,-0.002982182116241459,-0.004313365155169044,-0.002385711816249015,3.251287590445379e-05,-1.593885014707275,0.6936192753092616,0.3818442491728469,0.0752190930238763,-0.21291730689583943,0.17117838592157764,-0.2721808824750495,-4.079667972320499,-4.527021774274682,-1.0168331497924579,-0.024620052089119368,-0.00048209437304601636
3.52,0.017719519078396206,1.4753038657144737,-1.0146483114791343,-0.5442892125895298,0.001963550951412745,-4.167532555837101e-06,-0.04028937000342743,-0.09020796385298198,0.00028433077096125985,-0.003365091632127853,-0.003506348931726036,2.381503075027048e-05,-1.562186880308487,0.7437472100373456,0.39007957011220873,0.08151401254752333,-0.22406102205588674,0.16274957981092242,-0.3235952331286355,-4.021639278411513,-4.50536031405975,-1.010075421776666,-0.029944068666415607,-0.0005210965296239688
3.5300000000000002,0.017210613782519663,1.4744727763515288,-1.0146118817541354,-0.5443130203435809,0.0019175043821774013,-4.016455425593573e-06,-0.0508905295876542,-0.08310893629447651,0.003642972499880364,-0.0023807754051038492,-0.004604656923534378,1.5107713024352782e-05,-1.5228372601174716,0.7913813312766984,0.39745983160787596,0.0876205380469477,-0.23346538234325553,0.15377304298115835,-0.373129539275454,-3.9629688633231046,-4.483524016223073,-1.0032577718454883,-0.03509997869203962,-0.0005593620263723629
3.54,0.016598907132408303,1.4737165984702796,-1.0145410272199227,-0.5443266506468133,0.0018607542854295785,-3.95195995685926e-06,-0.06117066501113606,-0.07561778812493315,0.007085453421284925,-0.0013630303232378765,-0.005675009674782269,6.449546873431255e-06,-1.476125104841955,0.8363276728041579,0.40393605411397016,0.0935136196284776,-0.24104602273961628,0.14429427081191548,-0.420558216421562,-3.9038786137206762,-4.461575945910442,-0.9964018230614048,-0.040062374613416454,-0.0005966348433536371
3.5500000000000003,0.01588809646214544,1.4730389990440647,-1.0144349972104636,-0.5443297970196149,0.0017936346569357078,-3.97297729189671e-06,-0.07108106702628603,-0.06775994262149321,0.010603000945918005,-0.00031463728016054623,-0.006711962849387066,-2.1017335037449975e-06,-1.4223666432046211,0.8784016360963114,0.40946163331132146,0.09916878068013268,-0.246737490038198,0.1343587156030227,-0.46566699075190215,-3.8445926595620175,-4.439580420063919,-0.989529549762348,-0.04480686129763059,-0.0006326663857017215
3.56,0.015082342726800748,1.4724433754266892,-1.014293133355093,-0.5443221823758105,0.0017165318658955264,-4.077874383135868e-06,-0.08057537353446927,-0.05956236173754111,0.014186385537058283,0.0007614643804415328,-0.007710279104018131,-1.0489709123915747e-05,-1.3619023459645385,0.9174287867766002,0.41399259392027377,0.10456221125876519,-0.25049416015194126,0.12401143197320552,-0.5082533882539626,-3.785336477041128,-4.4176027766228145,-0.982663195264303,-0.049310153054402395,-0.0006672172269031221
3.5700000000000003,0.014186245677177028,1.4719328409326982,-1.0141148738639687,-0.5443035605135543,0.0016298823499207168,-4.264471257010154e-06,-0.0896097049623721,-0.05105344939909865,0.017825949112437848,0.0018621862256193228,-0.008664951597480956,-1.86596873874286e-05,-1.2950940135943239,0.9532456182436846,0.41748783808329987,0.10967085952136069,-0.25229085972080867,0.11329677023702323,-0.5481271674825665,-3.7263359845877186,-4.395709138022788,-0.9758251882374297,-0.0535501654160464,-0.0007000587959833129
3.58,0.013204817865337908,1.471510211449721,-1.0138997575062165,-0.5442737175052285,0.0015341700923095984,-4.5300622110981706e-06,-0.09814278118391208,-0.042262948297726734,0.021511635775218776,0.0029843008325911484,-0.009571225761111841,-2.6559095408801672e-05,-1.222322024945752,0.9857002783017268,0.41990938650965176,0.1144725209116384,-0.252123182485807,0.10225812279315138,-0.5851107046424575,-3.6678166357880033,-4.373966169993693,-0.969038058106731,-0.05750610178728565,-0.0007309749949269354
3.59,0.012143457649905607,1.4711779931442308,-1.0136474272584461,-0.5442324729792841,0.0014299238991640011,-4.871440731299136e-06,-0.1061360215432302,-0.03322183054901859,0.0252330247770418,0.004124452594433791,-0.01042461931455973,-3.4137852020096554e-05,-1.1439827775387443,1.0146532546795026,0.4212226105628216,0.11894592480775668,-0.2500074964965382,0.09093772715141679,-0.6190393396413228,-3.6100025132658495,-4.3524408366521135,-0.9623243498308225,-0.061158535088326006,-0.0007597637330068087
3.6,0.011007921353203057,1.4709383713180049,-1.0133576336024503,-0.5441796812873331,0.0013177144938668786,-5.284927883728406e-06,-0.11355362967025491,-0.023962182622603863,0.028979365599585923,0.00527916919510269,-0.011220940529712262,-4.134871524292696e-05,-1.0604863429634173,1.039978015422843,0.4213964534603859,0.12307081840939382,-0.2459806437713219,0.07937652770278936,-0.6497616915286183,-3.553115427712412,-4.331200152880818,-0.9557065384143841,-0.06448948451265962,-0.0007862383651592323
3.61,0.009804294704567484,1.4707932004681534,-1.0130302374522022,-0.5441152325502094,0.0011981514462553176,-5.766403907141162e-06,-0.12036266486355734,-0.014517084985148735,0.03273961502480662,0.006444873712363133,-0.011956304761156092,-4.8147602341275604e-05,-0.9722543534798953,1.0615616002776231,0.4204036387875887,0.12682804761382105,-0.24009933941599648,0.06761409675075625,-0.6771399512933034,-3.4973740263686004,-4.310310934986092,-0.9492069435114101,-0.06748248750697909,-0.0008102290221212316
3.62,0.008538963686105508,1.4707439955988353,-1.01266521269172,-0.5440390535771804,0.0010718799535130333,-6.3113427062303215e-06,-0.1265331018461976,-0.004920486931812894,0.036502476048227636,0.007617897302902653,-0.012627149274228434,-5.4493879908916e-05,-0.8797181284242837,1.0793051593448435,0.41822086455730345,0.13019963469534623,-0.23243928233853017,0.0556886137027256,-0.7010501593576197,-3.442992915339553,-4.289839550625433,-0.9428476444772191,-0.07012266705500889,-0.0008315838207387522
3.63,0.007218584879299616,1.4707919248276982,-1.0122626483069748,-0.543951108652983,0.0009395774894000277,-6.9148489242914465e-06,-0.13203788068058914,0.004792922886290742,0.04025643847451854,0.008794492419740995,-0.013230246411300559,-6.0350621806112496e-05,-0.7833170416626231,1.0931244354885228,0.41482898111741295,0.13316885258113142,-0.2230939944872099,0.04363689973282242,-0.7213824742878856,-3.390181800147673,-4.269851669003027,-0.9366503962271578,-0.07239679431093532,-0.0008501699436624143
3.64,0.00585005539369264,1.4709378033247102,-1.011822750096772,-0.5438514001879017,0.0008019503379658355,-7.571697255641705e-06,-0.1368529485606976,0.014587849701208242,0.04398982102026881,0.009970846508134816,-0.013762715143419216,-6.568483313502584e-05,-0.6834971242484867,1.102950187208812,0.41021315128267877,0.1357202955489969,-0.2121734099194117,0.031494503705229215,-0.7380414382628917,-3.3391446489053425,-4.250412012338385,-0.9306365462588445,-0.07429334658267256,-0.0008658745785674342
3.65,0.004440482442815847,1.4711820886154006,-1.0113458419494168,-0.5437399692266768,0.000659730027386764,-8.276373643905978e-06,-0.1409572950876793,0.024428529069024,0.04769081473553259,0.011143096122494188,-0.014222031057907144,-7.046763882642733e-05,-0.5807098897909819,1.108728548958065,0.4043629911735025,0.13783994615199457,-0.1998022389344949,0.019295833750828106,-0.7509462437142391,-3.2900788824071032,-4.231584109624187,-0.9248269531924145,-0.07580256061197534,-0.000878605708064897
3.66,0.002997152617989073,1.4715248772746317,-1.0108323666739816,-0.5436168958126423,0.000513669679055125,-9.023118001878288e-06,-0.14433298248267742,0.03427886592311449,0.051347527543514467,0.01230734140344635,-0.014606034833163906,-7.467443579723091e-05,-0.4754113639707381,1.1104213261737572,0.3972726903581826,0.13951523818837952,-0.1861181359148114,0.00707432764718624,-0.7600310043014397,-3.2431745953027837,-4.213430053702206,-0.9192419071794562,-0.07691648103915857,-0.0008882927426095622
3.67,0.0015275008979601266,1.4719659030309202,-1.0102828863771132,-0.5434822992041312,0.0003645402865553361,-9.805968082122377e-06,-0.14696517200289463,0.04410257562886137,0.05494802968684418,0.013459660851111444,-0.014912939249978887,-7.828500802440884e-05,-0.3680612942671043,1.108006222629633,0.3889411100341484,0.1407351155114771,-0.17126970241464745,-0.005137345886601169,-0.7652450320302229,-3.1986138123181322,-4.196010262699967,-0.9139010525259199,-0.0776290038768941,-0.0008948869899505867
3.68,3.907942186255533e-05,1.4725045362950273,-1.0096980823785193,-0.5433363379408518,0.0002131269387103685,-1.0618804124742967e-05,-0.14884214760975711,0.05386332641070706,0.05848039985937938,0.01459612632793737,-0.015141334784496759,-8.128360426205916e-05,-0.2591225113865224,1.1014769980616477,0.3793718581348492,0.14149008646242844,-0.1554143593592172,-0.01730706368033398,-0.7665531208902102,-3.156569783240898,-4.179383246884653,-0.908823312867233,-0.07793591475239826,-0.000898361956010957
3.69,-0.0014604739551060516,1.4731397851201053,-1.0090787546605744,-0.5431792097586308,6.022500049080953e-05,-1.1455393909754403e-05,-0.1499553376968607,0.06352488250780021,0.06193277179448928,0.01571281822210654,-0.015290193821955898,-8.365897850114364e-05,-0.14906041018071445,1.0908435544080475,0.3685733404116577,0.1417722736987166,-0.1387161239901029,-0.029403011645712185,-0.7639358359042959,-3.1172063200917597,-4.163605382003428,-0.904026819225046,-0.07783492161259023,-0.0008987134735119399
3.7,-0.0029634673093721113,1.4738702975941416,-1.00842582084983,-0.5430111513516248,-9.336373473794527e-05,-1.2309437846078662e-05,-0.15029933542660595,0.07305124740361173,0.0652933810744346,0.01680584070059256,-0.01535887352287548,-8.540439363242591e-05,-0.03834251507571597,1.076131949408888,0.3565587867241228,0.1415754591549483,-0.12134332836750686,-0.04139344489781631,-0.7573898049751933,-3.0806771795575223,-4.148730690189225,-0.8995288412644578,-0.07732568152484866,-0.0008959596561719808
3.71,-0.004462186488915138,1.4746943656588216,-1.0077403147306216,-0.5428324379818303,-0.00024683490838752246,-1.317461373727379e-05,-0.1498719179543027,0.08240680646799589,0.06855061192083703,0.01787133697944292,-0.015347117364957722,-8.651758911951279e-05,0.07256190677196742,1.0573843367377882,0.34334625195848845,0.1408951238568723,-0.1034663168490258,-0.053246454022743805,-0.7469280094145719,-3.0471254933853498,-4.134810629517195,-0.8953457220582757,-0.07640982114922376,-0.0008901406778947602
3.72,-0.005948927134349271,1.4756099303422954,-1.0070233842933876,-0.542643382936452,-0.000399385462138075,-1.4044620875453853e-05,-0.14867406454341328,0.09155646834737996,0.07169304372341624,0.01890550453783329,-0.015255055375055256,-8.700071381800643e-05,0.18318222220055283,1.0346588322831973,0.3289585911893995,0.13972848231145818,-0.08525515996498922,-0.0649297467891696,-0.7325800675781838,-3.0166832490298865,-4.1218938932973055,-0.8914928166508048,-0.07509095040868304,-0.0008813183780056203
3.73,-0.007416026867367431,1.4766145883866975,-1.0062762893227553,-0.5424443368344335,-0.0005502174927039773,-1.491322312931579e-05,-0.14670997330181607,0.10046580444020894,0.07470949706322044,0.01990461020184795,-0.015083203056590229,-8.686022538619359e-05,0.2930468361123932,1.0080293066573045,0.313423408917908,0.13807451112379665,-0.06687742153271103,-0.076410454076002,-0.7143925046385371,-2.9894708224191024,-4.110026220182032,-0.8879844346979695,-0.07337466884441626,-0.0008695756952844159
3.74,-0.008855897627394096,1.4777056002447029,-1.00550039853288,-0.5422356867841945,-0.00069854208279633,-1.577429070951841e-05,-0.14398707600266655,0.10910118580053355,0.07758907898751809,0.020865005023890895,-0.014832459009235271,-8.610675802026215e-05,0.40168365925902816,0.977585104477942,0.2967729824134172,0.13593397155343645,-0.048496014680198485,-0.08765496802300621,-0.6924290002375072,-2.965596564269154,-4.099250216152753,-0.8848337874432095,-0.07126856411542448,-0.00085501593525853
3.75,-0.010261058129399443,1.4788798994129304,-1.004697186259916,-0.5420178553953541,-0.0008435830950951121,-1.6621840314624825e-05,-0.1405160502005345,0.11742991682275739,0.08032122729639185,0.021783138884041205,-0.014504101229878198,-8.475496051064159e-05,0.5086206741193217,0.9434306914467494,0.2790441594190348,0.13330942564083115,-0.030267180695313645,-0.09862881942533724,-0.666770604607274,-2.9451564409428808,-4.089605189422972,-0.8820529392696492,-0.06878220208735805,-0.0008377618769424008
3.7600000000000002,-0.011624166405595644,1.480134103063681,-1.0038682287238574,-0.5417912996479477,-0.0009845809158676212,-1.7450073383162913e-05,-0.1363108276196201,0.1254203650750503,0.08289575360586729,0.02265557474063226,-0.014099782077250917,-8.282330685380878e-05,0.6133866304111808,0.9056852307215472,0.26027823068083805,0.13020524559778934,-0.012338622296610424,-0.10929660022573362,-0.6375159127608155,-2.9282337304208186,-4.081126999259262,-0.8796527640484791,-0.06592710795633723,-0.0008179547269174233
3.77,-0.012938052381407767,1.4814645239303585,-1.0030151998742662,-0.5415565096233597,-0.001120796134641739,-1.8253412201803472e-05,-0.13138859758121224,0.13304208666775708,0.08530288495911723,0.02347900245879881,-0.013621521877411792,-8.03338818640558e-05,0.7155118981717947,0.8644820905561789,0.24052077798563581,0.12662761612426987,0.005152179945031143,-0.11962193564652868,-0.6047811855630176,-2.9148987735461223,-4.073847919670222,-0.8776429064812865,-0.06271673787040363,-0.0007957529303142237
3.7800000000000002,-0.014195750421976802,1.4828671833960205,-1.0021398668366077,-0.5413140071018823,-0.0012515131460794876,-1.9026533645908208e-05,-0.12576980405690358,0.14026594656619362,0.08753330376586266,0.024250252147736576,-0.013071701143774846,-7.731214441047346e-05,0.8145295020540225,0.8199682856460598,0.2198214985984035,0.12258452935021191,0.02207944268457185,-0.12956750908562698,-0.5687004059281177,-2.905208780324119,-4.067796518848662,-0.8760317486101994,-0.05916644054502591,-0.0007713308498620171
3.79,-0.015390531769843186,1.4843378257288646,-1.0012440849780029,-0.5410643440324828,-0.0013760436599170925,-1.9764400356451966e-05,-0.11947813478663846,0.14706423328440021,0.08957818586048322,0.02496630693994284,-0.012453051383760497,-7.378667105437583e-05,0.9099763556155821,0.7723038550705158,0.19823400719439976,0.11808577213213978,0.0383303248798339,-0.13909514142789658,-0.5294252580734707,-2.899207690710427,-4.062997555171205,-0.8748263816440442,-0.055293408420006206,-0.0007448773256799567
3.8000000000000003,-0.01651593677774376,1.48587193340314,-1.000329792613188,-0.5408081008809954,-0.0014937301045622668,-2.0462289186254263e-05,-0.11254050079005744,0.15341076742753645,0.09142923648148661,0.025624315148737246,-0.011768644464517433,-6.97888829802297e-05,1.0013947090318416,0.7216611801581609,0.17581561658061354,0.11314290546211803,0.05380592562488129,-0.1481659249362831,-0.4871250177140697,-2.89692608901402,-4.059471890461893,-0.8740325832211975,-0.05111661797300882,-0.0007165941298749046
3.81,-0.017565806823031424,1.4874647434389945,-0.9993990053733004,-0.5405458848635564,-0.0016039489096881213,-2.111581677823011e-05,-0.10498700452876622,0.159281003585438,0.09307872398875713,0.026221601743897732,-0.011021880512585451,-6.535275919758458e-05,1.088333817957765,0.6682242460136834,0.1526270986839953,0.10776923580605668,0.0684220220964935,-0.1567404104271436,-0.44198634132270137,-2.8983811707777525,-4.057236421111213,-0.8736548002002678,-0.046656758889105414,-0.0006866943312507983
3.8200000000000003,-0.0185343157725148,1.489111264690176,-0.9984538102617975,-0.5402783280726638,-0.0017061136529563704,-2.1720962168648895e-05,-0.09685089494833785,0.1646521251181504,0.09451951115029805,0.026755679089256374,-0.010216474326824912,-6.0514539041878594e-05,1.170351835320169,0.612187850829989,0.1287324274586721,0.101979778239361,0.08210953982564817,-0.16477884505099705,-0.3942129431173356,-2.903576760780891,-4.056304027509513,-0.8736961370381693,-0.04193615188508957,-0.0006554005864995596
3.83,-0.01941600084895005,1.4908062960043331,-0.9974963594233289,-0.5400060855037582,-0.0017996780558599866,-2.2274086338825392e-05,-0.08816850764352471,0.16950313141569912,0.09574508384685196,0.02722425689056502,-0.009356440290361636,-5.5312417017649824e-05,1.2470179217632096,0.5537567674621622,0.1041985055190362,0.09579121132264223,0.09481475252191363,-0.17224145672372992,-0.344025149274114,-2.9125033806369593,-4.0566835421041185,-0.8741583497814154,-0.036978655100288416,-0.0006229433751063062
3.84,-0.020205792733439778,1.4925444451769192,-0.9965288636527221,-0.53972983299069,-0.001884138813615638,-2.277194866890911e-05,-0.07897918844897305,0.17381491725861817,0.09674957706068563,0.027625251306812662,-0.008446075775565137,-4.978623300837183e-05,1.3179145644237336,0.49314486205832764,0.07909487645116053,0.08922182371340326,0.10649921375263904,-0.1790887801160289,-0.29165931999810546,-2.9251383643342024,-4.058379736223712,-0.875041845660622,-0.031809559090208314,-0.0005895591958389489
3.85,-0.02089904472204524,1.4943201486164437,-0.9955535856723844,-0.5394502650588555,-0.0019590382440759176,-2.3211720277141142e-05,-0.06932519886054629,0.17757034395244986,0.09752779803376631,0.027956793183448955,-0.0074899430460279555,-4.3977160823202977e-05,1.382640087800818,0.4305741748184976,0.05349342486592718,0.08229145262590754,0.11713942779722242,-0.18528201814461598,-0.23736713150489425,-2.9414460199826595,-4.061393325633351,-0.8763456882403524,-0.02645547059329049,-0.0005554887430842001
3.86,-0.021491560740426945,1.4961276916360253,-0.9945728332073808,-0.5391680927051401,-0.0020239667407852967,-2.3590994256770237e-05,-0.05925160183817042,0.18075430195815284,0.09807524650035936,0.02821723537154104,-0.0064928496709378836,-3.792739796290954e-05,1.4408113348267386,0.36627396818904284,0.02746806636791039,0.07502141428218034,0.12672627185313345,-0.1907834321269355,-0.1814147116564051,-2.961377835986394,-4.06572099459157,-0.8780676080368286,-0.020944185381671938,-0.0005209750814222584
3.87,-0.02197962200770767,1.497961229283932,-0.9935889518881854,-0.5388840411141124,-0.0020785650155842835,-2.3907792850432842e-05,-0.04880612672807228,0.18335376479066914,0.09838813191953226,0.028405159102778202,-0.00545982747989867,-3.1679859366260424e-05,1.4920664909595942,0.30047974798734794,0.0010944296791125588,0.06743442663276589,0.13526418634257276,-0.19555675318176613,-0.12408162492942752,-2.984872729845824,-4.071355437980122,-0.8802040184749303,-0.015304550651297464,-0.0004862618366898409
3.88,-0.02236001213038519,1.4998148076240254,-0.9926043180116461,-0.5385988473201492,-0.0021225261165832747,-2.4160571627890858e-05,-0.0380390122677522,0.18535783400934985,0.09846338765393384,0.028519379396322625,-0.004396110099899118,-2.5277877745801354e-05,1.5360680193019027,0.23343226309236959,-0.025550466784514295,0.059554524669566566,0.1427701542647375,-0.19956760708061472,-0.06565970454370933,-3.0118573378067475,-4.078285420871864,-0.8827500370140027,-0.009566317552036368,-0.00045159142136048187
3.89,-0.022630040399360993,1.501682385375786,-0.9916213311910228,-0.5383132578253514,-0.0021555972078881134,-2.4348220757294224e-05,-0.027002826897580066,0.18675777517606024,0.09829868206232126,0.028558949479769866,-0.0033071091304838667,-1.876491294033671e-05,1.5725056705030234,0.16537648942692942,-0.05238854156374046,0.05140696875985873,0.14927249424683975,-0.20278394458579707,-0.006451731900072718,-3.0422463436006986,-4.08649585469701,-0.8856995112297433,-0.0037599846015497532,-0.00041720331137231514
3.9,-0.022787563058304785,1.5035578558228768,-0.9906424069260791,-0.5380280261832231,-0.002177581098167713,-2.447006348232333e-05,-0.01575226589437906,0.18754704470908942,0.0978924264943757,0.028523164212837168,-0.0021983890279599835,-1.2184272502910582e-05,1.6010995276060618,0.0965606039966169,-0.07934097771502722,0.04301814650073715,0.15480949509684105,-0.2051764693290148,0.053230034065665,-3.075942844558145,-4.095967888968726,-0.8890450495979149,0.002083367135490987,-0.00038333239056399505
3.91,-0.022831002309904605,1.5054350688990068,-0.9896699691241073,-0.5377439105581353,-0.0021883375060117484,-2.452585193743249e-05,-0.004343925159981991,0.18772130761299946,0.09724378019718043,0.028411562508777168,-0.0010756407844035244,-5.578845510915877e-06,1.6216030431177353,0.027234954738089553,-0.10632854898024127,0.034415468651430275,0.15942792217696677,-0.20671905549265546,0.11306547246784823,-3.112838753412996,-4.106679017341134,-0.8927780566856215,0.007932246091499654,-0.00035020737765280405
3.92,-0.02275936282826615,1.5073078533601647,-0.9887064426024768,-0.5374616712705866,-0.0021877840510321073,-2.45157604507555e-05,0.00716394816384581,0.1872784461157859,0.0963526521630562,0.028223928754868267,5.5345497964110315e-05,1.0091486676990104e-06,1.6338060234670742,-0.04234896813466139,-0.13327194233373774,0.02562725979645547,0.16318142775242173,-0.20738914792134966,0.17272835327823843,-3.1528152341454305,-4.118603196602852,-0.8968887724186174,0.013754928333165143,-0.00031804934922530513
3.93,-0.022572245550972855,1.509170038953112,-0.987754245602796,-0.537182068338191,-0.0021758969608116994,-2.444037649888187e-05,0.01871172772932942,0.18621855929472023,0.09521969996807567,0.027960293239555272,0.0011887090220407996,7.538395187363112e-06,1.637537514710057,-0.11193955371030938,-0.160092074742261,0.016682644409890868,0.16612889859711988,-0.20716813780193233,0.23188821708721702,-3.195743170223656,-4.13171097706328,-0.9013663150597032,0.019519640555912286,-0.00028707037053662894
3.94,-0.022269858533188677,1.5110154784913175,-0.9868157823461035,-0.5369058590221922,-0.002152711485092001,-2.4300689489542403e-05,0.03023870177841781,0.1845439538205478,0.09384632566925748,0.027620931599876112,0.00231854757196983,1.3968700933946578e-05,1.6326685428502277,-0.18128607947481826,-0.1867104020882437,0.007611429073681286,0.1683327745470855,-0.20604170767636631,0.2902123690738446,-3.2414836635969424,-4.145969642673211,-0.9061987275049453,0.02519474660955985,-0.0002574722440622149
3.95,-0.021853024658703184,1.5128380697512767,-0.9858934356576436,-0.5366337953891063,-0.0021183220100078953,-2.4098077557173993e-05,0.04168338744854939,0.18225912599591157,0.0922346688459836,0.02720636330859947,0.003438947508410576,2.0261193236841074e-05,1.6191146624838562,-0.2501397027156118,-0.2130492183274197,-0.001556018401364323,0.16985737139405543,-0.20400014027012991,0.3473679720900691,-3.289888562757731,-4.16134335914122,-0.9113730264823694,0.030748936155930814,-0.0002294453837526198
3.96,-0.021323186018944406,1.514631777104352,-0.9849895596887698,-0.5363666218968464,-0.002072881866714375,-2.3834292562328868e-05,0.052983863975877704,0.17937073530754444,0.09038759688738601,0.026717349225996202,0.004544014329352002,2.637849948451246e-05,1.5968382686289075,-0.318254429285173,-0.23903194311202028,-0.01078889214139478,0.1707672405378,-0.2010385864027162,0.4030242215926207,-3.340801018127241,-4.177793328267977,-0.9168752542230886,0.03615141400435662,-0.00020316782084944248
3.97,-0.02068240479061522,1.516390652801878,-0.9841064727623482,-0.5361050730143837,-0.002016602830392306,-2.351144348896501e-05,0.06407812283291853,0.17588756975259354,0.0883086926421539,0.026154888246265984,0.005627903632206917,3.228490733638594e-05,1.5658506285267786,-0.38538805506256507,-0.26458339627265803,-0.0200560728811483,0.17112559621478773,-0.1971572880740906,0.4568545832087287,-3.3940560629247063,-4.19527794672482,-0.9226905321683148,0.04137208863535474,-0.0001788043449734294
3.98,-0.01993336046557837,1.5181088578342485,-0.9832464503667457,-0.5358498708836504,-0.001949754307355943,-2.3131978433856203e-05,0.07490443250368506,0.17182050323705222,0.08600223956025067,0.025520213073327053,0.006684852303636302,3.794650551088083e-05,1.5262135928777403,-0.45130307578214374,-0.2896300577488178,-0.029326253328747054,0.1709928389504496,-0.1923617536562522,0.5085390720412127,-3.4494812175578264,-4.213752967553868,-0.9288031162782444,0.0463817584066725,-0.00015650578204029882
3.99,-0.019079343312698727,1.519780682288033,-0.9824117183220727,-0.5356017230320017,-0.0018726622097984176,-2.26986653797995e-05,0.08540171528796435,0.16718244537844515,0.0834732044672948,0.02481478516487382,0.007709209755752541,4.3331305405670035e-05,1.4780409493221938,-0.5157675612549515,-0.31410031175608827,-0.03856806344306474,0.17042520122204685,-0.18666288296547184,0.5577665514401189,-3.5068971154223987,-4.2331716627641,-0.9351964535206139,0.05115229393924918,-0.00013640840844351021
4.0,-0.01812424398026885,1.521400565128787,-0.9816044461408553,-0.535361320143129,-0.00178570751958713,-2.2214571939117975e-05,0.09550993324298772,0.16198828407538726,0.08072721812174169,0.024040288887277526,0.008695469021128768,4.840934406815256e-05,1.4214993849483981,-0.5785559903939488,-0.3379246741907065,-0.04775019487608079,0.16947353824750078,-0.18007704079029607,0.6042370279214091,-3.5661181478292425,-4.253484985540834,-0.9418532391380231,0.05565681520299852,-0.0001186334989117474
4.01,-0.017072539179065063,1.5229631133411197,-0.9808267406037309,-0.5351293338938585,-0.001689324544442518,-2.1683044246354128e-05,0.10517048012037888,0.15625482123326345,0.07777055371243943,0.02319862492704425,0.00963829751446119,5.31527692763846e-05,1.3568090291161035,-0.639450043860304,-0.361036002501501,-0.05684152383430474,0.16818228341900632,-0.17262607824012444,0.6476639182199248,-3.6269531255918186,-4.274641730771023,-0.9487554743234942,0.05986986186276396,-0.00010328700354680372
4.0200000000000005,-0.015929273419631705,1.524463120361699,-0.980080639569135,-0.5349064148637878,-0.0015839988717842276,-2.1107685169250424e-05,0.11432657594333573,0.1500007020579294,0.0746101034595874,0.022291903007080918,0.010532567265829044,5.7535907710370454e-05,1.2842435528498046,-0.6982393515676774,-0.383369687475251,-0.06581123170159042,0.16658858427237355,-0.16433730198658547,0.6877762641376672,-3.689205954617461,-4.296588692809202,-0.9558845239725586,0.0637675555021254,-9.045934781563495e-05
4.03,-0.014700036812658898,1.5258955837451784,-0.9793681060342792,-0.5346931905242078,-0.0014702650274913734,-2.0492331995388933e-05,0.12292366069728075,0.14324633834795758,0.07125335348558962,0.021322433957989457,0.011373384429285403,6.15353173861492e-05,1.204129806390479,-0.7547221927125792,-0.4048638266165349,-0.07462892278242483,0.16472163110661242,-0.15524339214232463,0.7243208708956761,-3.7526763226577358,-4.3192708196616,-0.9632211742263029,0.06732775241546975,-8.022534774465296e-05
4.04,-0.01339093897786146,1.5272557220074838,-0.9786910224630411,-0.534490263312248,-0.0013487038487815415,-1.9841033738509747e-05,0.1309097834797438,0.13601382623053215,0.06770835712380519,0.020292721195978122,0.0121561178709832,6.512982568791877e-05,1.116846982109483,-0.8087061464335357,-0.42545937902120384,-0.08326473860118311,0.16260218653213077,-0.14538227011089533,0.7570643451166829,-3.817160394199536,-4.342631363040527,-0.9707456895718577,0.07053018574517884,-7.264423127564427e-05
4.05,-0.012008579144118518,1.5285389905954507,-0.9780511853947131,-0.5342982087956504,-0.0012199395823499011,-1.9158028193874114e-05,0.1382359833742943,0.12832685879668793,0.0639837068327958,0.019205451659763628,0.012876426643164037,6.830055446356342e-05,1.0228252957899027,-0.8600086916337334,-0.44510030186162564,-0.0916894682523961,0.1602423204040404,-0.13479691826602713,0.7857950093469097,-3.8824515103279196,-4.366612024028034,-0.978437869322993,0.0733565958390638,-6.775975571539307e-05
4.0600000000000005,-0.010560012561314003,1.5297410969364336,-0.9774503003458985,-0.5341175739330598,-0.001084636720809205,-1.8447718856433013e-05,0.14485665828045147,0.12021063409828425,0.060088504881459434,0.01806348625906034,0.013530286154069617,7.103093374411014e-05,0.922544185182181,-0.9084577549281312,-0.4637336688080195,-0.09987465435864884,0.15764535086853915,-0.12353515377853591,0.8103246711532592,-3.948340890274872,-4.391153094376156,-0.9862771033618083,0.07579084781140177,-6.560041046222982e-05
4.07,-0.009052713381839855,1.530858014526154,-0.9768899770162333,-0.5339488754341905,-0.0009434965923180589,-1.7714651799366095e-05,0.15072991794741483,0.11169175897205275,0.05603233296653169,0.01686984988693329,0.014114012849114612,7.330670570669168e-05,0.8165300306541522,-0.9538922060890229,-0.48130977090246474,-0.10779269426258686,0.15480598866194129,-0.11164935928623893,0.8304902262842957,-4.014618331293968,-4.416193593749653,-0.9942424270807483,0.07781903540713397,-6.617969373217368e-05
4.08,-0.007494534206598186,1.5318859960177087,-0.9763717248070486,-0.5337925982237158,-0.0007972537200638876,-1.6963492594145307e-05,0.1558179175241669,0.10279814915545442,0.05182522091846474,0.01562772104746505,0.014624287225417134,7.511592052207885e-05,0.7053534085964198,-0.9961623007596951,-0.49778220057932665,-0.1154169361480859,0.15171067842660602,-0.0991961734302762,0.8461550771324047,-4.081072903477905,-4.4416714034753,-1.0023125755202311,0.07942957039107525,-6.949645183741942e-05
4.09,-0.005893662526085339,1.5328215852792602,-0.9758969486606001,-0.5336491940122268,-0.0006466719699645169,-1.6199003337026136e-05,0.1600871680512847,0.09355892615515446,0.047477614644849016,0.01434042114890463,0.015058175009937063,7.64489257119172e-05,0.5896258939382808,-1.0351300705806514,-0.5131079196814895,-0.12272176984641092,0.14833812766637555,-0.0862361445365285,0.8572103497484772,-4.147493636170054,-4.467523397588041,-1.0104660367486267,0.08061325681055379,-7.553526968510688e-05
4.1,-0.00425857432129286,1.5336616283924795,-0.9754669452260754,-0.533519079977119,-0.0004925405065551176,-1.542601983114976e-05,0.16350882047924797,0.08400431132194554,0.04300034345247317,0.013011403510773567,0.015413146340939939,7.72983505876374e-05,0.4699964336046774,-1.0706696612210358,-0.5272473124620982,-0.1296827121383961,0.14466001110482285,-0.07283335092820378,0.863575894903992,-4.213670192717864,-4.49368557215021,-1.0186811045763866,0.0813633496090712,-8.426690155212912e-05
4.11,-0.002597985121271743,1.5344032835682417,-0.9750828993572747,-0.5334026375558055,-0.0003356695785231601,-1.4649428958611685e-05,0.1660589200021117,0.07416551757621581,0.038404586880069015,0.011644242131352102,0.015687092803195746,7.765908725380758e-05,0.3471473179375053,-1.1026676191274953,-0.5401642246672732,-0.1362764864354622,0.14064183564843602,-0.059054991511414835,0.865201061130384,-4.279393530477,-4.520093173956424,-1.026935930732762,0.08167559719882111,-9.564873183291072e-05
4.12,-0.0009207988438566016,1.5350440299604007,-0.9747458809456353,-0.5333002113532092,-0.00017688615673167496,-1.387414626325983e-05,0.1677186277415141,0.06407463921589585,0.03370184116393227,0.010242620259634017,0.015878342179148516,7.752826953518552e-05,0.22178978196080903,-1.1310231280899263,-0.5518259898910921,-0.14248109674964482,0.13624394890779357,-0.044970950391439946,0.8620652302526257,-4.344456543200878,-4.546680829818366,-1.0352085766604522,0.08154826772990377,-0.00010962525632621472
4.13,0.0007639452271535,1.5355816753626463,-0.9744568420911532,-0.5332121081650765,-1.7029448820012625e-05,-1.3105093752946057e-05,0.16847440710101017,0.05376454022455704,0.028903885448203034,0.00881031881326504,0.015985670791166234,7.690525103137727e-05,0.09465927284006445,-1.1556481969771923,-0.5622034444498327,-0.14827589592664303,0.13142267230367694,-0.030653339357026216,0.8541781086325719,-4.408654683238623,-4.5733826776461814,-1.0434770650996126,0.08098215892267766,-0.00012612857569353569
4.14,0.002447126951464512,1.5360143627774596,-0.974216614612745,-0.533138596118264,0.00014305368441814182,-1.2347177919756951e-05,0.16831817243110123,0.04326874148133677,0.02402274784082742,0.007351204681250447,0.016008313323815443,7.579158331891054e-05,-0.03348957606925157,-1.1764678002127558,-0.5712709320645665,-0.153641648136154,0.12613153818083783,-0.01617602212056446,0.8415797701073806,-4.471786561310176,-4.600132500505616,-1.0517194316373881,0.07998059145593675,-0.00014507889395087034
4.15,0.004119600931436042,1.5363405758500295,-0.9740259078986915,-0.53307990392879,0.0003025133847163364,-1.1605267968643484e-05,0.16724739799715296,0.032621307256980224,0.01907067140535483,0.0058692189473939635,0.015945970029819456,7.419099511134678e-05,-0.1618882206018069,-1.1934199727411772,-0.5790062996500712,-0.15856058564158815,0.12032260906710446,-0.0016141242297926794,0.8243404494095081,-4.533654522023438,-4.626863864733232,-1.059913776392467,0.07854938602671636,-0.00016638501620948917
4.16,0.0057722527876503445,1.5365591431636483,-0.973885307097012,-0.5330362202781145,0.00046050149710509097,-1.0884174239062983e-05,0.16526518562143025,0.021856731361870572,0.014060080167946042,0.004368365067556712,0.015798811238875457,7.210937295805006e-05,-0.28975968350617565,-1.2064558613791583,-0.5853908854908818,-0.163016459913762,0.1139478562385341,0.012956467425497664,0.8025600876488305,-4.594065193735825,-4.653510263040414,-1.0680383159866138,0.07669682431689,-0.0001899448413198268
4.17,0.007396055685372818,1.5366692413965766,-0.973795271644927,-0.5330076933078044,0.000616176288152617,-1.0188626800901863e-05,0.16238028977224736,0.011009823292822355,0.009003545208507685,0.0028526970310124144,0.015567479104752606,6.955474381611202e-05,-0.4163241848295155,-1.2155397345522723,-0.5904095010546032,-0.1669945871222085,0.10696057408293402,0.02745961159248539,0.776367634187389,-4.652830011829467,-4.680005263336399,-1.076071435927652,0.07443359421683196,-0.00021564584655472366
4.18,0.008982126678303627,1.5366703973436362,-0.973756134135978,-0.5329944302324703,0.0007687071535826218,-9.523254205173116e-06,0.1586070992930809,0.00011559470596188282,0.003913750894906885,0.001326307533414971,0.015253086543000477,6.653725957287473e-05,-0.5408048731995754,-1.2206489524881194,-0.5940504076214634,-0.17048188809521392,0.09931680636682039,0.041819422218907,0.7459201119083751,-4.709765714953724,-4.706282663759972,-1.0839917434924815,0.07177271976690214,-0.00024336556295299916
4.19,0.010521782432279728,1.5365624888088716,-0.9737680995228786,-0.5329964970706073,0.000917279286873642,-8.892562371833542e-06,0.1539655753976101,-0.010790853476453853,-0.00119653869005866,-0.0002066838136974725,0.014857213329102031,6.306918333395743e-05,-0.6624336046902646,-1.2217738999728578,-0.5963052888359839,-0.17346692279828257,0.090976760414478,0.05596077672347233,0.7114014554404665,-4.764694814275553,-4.732276654139121,-1.0917781211561082,0.06872947638304111,-0.0002729720413921005
4.2,0.01200659389226122,1.5363457443785051,-0.9738312446537555,-0.5330139184927508,0.0010610982803230759,-8.300913601538585e-06,0.14848114599814907,-0.021674443036641663,-0.006314513087693616,-0.0017421422143525556,0.014381899344943374,5.91648770294956e-05,-0.7804567149402155,-1.2189178837815964,-0.5971692201818688,-0.17593991939286013,0.08190618537284378,0.06980981912916207,0.6730211343165453,-4.817446036253712,-4.757921983809435,-1.0994097805655918,0.06532129203307249,-0.0003043243108314989
4.21,0.01342843946105996,1.5360207420861116,-0.973945518139102,-0.5330466777861531,0.001199394630122904,-7.75250570518651e-06,0.14218455687987397,-0.0325002292393496,-0.011427348534659168,-0.003275929340231074,0.013829634979982821,5.484078963520751e-05,-0.8941407297155535,-1.2120969968647493,-0.5966406362635348,-0.1778927979360887,0.07207769116746565,0.08329445425092585,0.6310125752946077,-4.867854739901161,-4.783154135427971,-1.106866317008451,0.061567635125133045,-0.0003372728314320802
4.22,0.014779556267826535,1.5355884069844588,-0.9741107405464924,-0.5330947169350031,0.0013314281172470941,-7.251351254575498e-06,0.13511168067665744,-0.04323351016528869,-0.016522240739037783,-0.004803914884993904,0.013203348712419,5.011544506110124e-05,-1.00277795917016,-1.2013399513184995,-0.5947212966520773,-0.17931918875070352,0.061471985439308874,0.0963448291775637,0.5856314001233215,-4.915763309906817,-4.80790950413226,-1.1141277642758238,0.057489889958690726,-0.00037165994637996364
4.23,0.016052589118239174,1.5350500076408111,-0.9743266049198823,-0.5331579368150441,0.0014564920363962282,-6.8012569692283004e-06,0.12730328504126415,-0.053839934364755204,-0.021586437338993132,-0.0063219880040957625,0.012506391914913406,4.500942853471976e-05,-1.1056919216563827,-1.1866878820866962,-0.591416250909099,-0.18021444549949717,0.05007900668466014,0.10889379833468793,0.5371534968733387,-4.961021527338685,-4.832125581126365,-1.1211746497737434,0.05311122067156264,-0.00040732033719926273
4.24,0.017240636736521448,1.5344071515746913,-0.9745926776201401,-0.5332361975012908,0.0015739172458856423,-6.40580326818939e-06,0.11880476182822751,-0.06428560661198196,-0.02660727002577879,-0.007826068624670694,0.011742520948941404,3.9545370103891024e-05,-1.2022425440768738,-1.1681941232402033,-0.5867338032573997,-0.180575652975679,0.03789893300228098,0.1208773684815897,0.4858729445586118,-5.003486919932531,-4.85574114053878,-1.1279880496934636,0.04845642469281992,-0.0004440814881055298
4.25,0.018337294931692217,1.5336617796591396,-0.9749083994832956,-0.5333293186874019,0.0016830760122010387,-6.068324031078514e-06,0.10966581951707675,-0.07453719155516512,-0.03157218631554658,-0.009312118611101485,0.010915876631539645,3.374792371108767e-05,-1.2918310874404872,-1.145923958560467,-0.5806854772140978,-0.18040162961131045,0.02494304727463703,0.132235120062135,0.4320998121230955,-5.043025094172633,-4.8786964282000165,-1.1345496440155158,0.04355177678101573,-0.00048176416551330177
4.26,0.019336696346612055,1.5328161595084389,-0.975273087292854,-0.5334370802151279,0.0017833856239809229,-5.791886629547387e-06,0.09994014149198394,-0.08456201507008206,-0.03646878095584523,-0.010776152772605732,0.010030961177988407,2.7643740153112742e-05,-1.3739047484867737,-1.1199543480183298,-0.5732859803495722,-0.17969292470141784,0.011234441276532614,0.142910601421683,0.3761578539539174,-5.079510051483954,-4.900933350838862,-1.140841771093591,0.03842486478930586,-0.000520182919155841
4.2700000000000005,0.020233546478179324,1.531872877877072,-0.9756859355623829,-0.5335592227121237,0.0018743117514179264,-5.579272308145536e-06,0.08968501315672678,-0.09432816313668724,-0.04128482695288972,-0.012214249699583252,0.009092612743700348,2.1261432140185037e-05,-1.4479608909713877,-1.0903736315948462,-0.5645531691854094,-0.17845181032964064,-0.003191456881902255,0.1528516925038692,0.3183821248915632,-5.112824490872913,-4.922395664100832,-1.1468474815443552,0.03310441835316888,-0.0005591466113970176
4.28,0.02102315569014587,1.5308348320963923,-0.9761460186244297,-0.5336954483362797,0.0019553715284993892,-5.432957012029023e-06,0.07896092119665463,-0.10380457806798157,-0.04600830620467597,-0.013622562415590516,0.008105977708146304,1.463152961165131e-05,-1.5135508634495451,-1.0572812117362007,-0.5545080140994891,-0.1766822679792428,-0.018286545424505363,0.1620109347705614,0.25911653823333813,-5.142860100271484,-4.943029157752939,-1.152550591158314,0.027620131741951808,-0.0005984589812137477
4.29,0.0217014669761242,1.5297052205771042,-0.9766522930216586,-0.5338454216245964,0.0020261363371282285,-5.355092777481889e-06,0.06783112859783327,-0.11296115192880056,-0.05062743972288046,-0.014997328831665825,0.007076480862883927,7.78642345471346e-06,-1.570283364147409,-1.0207872155776447,-0.543174563965408,-0.1743899698286988,-0.03398991274381924,0.1703458242448883,0.1987113904640773,-5.1695178386574145,-4.9627818364558935,-1.1579357325448787,0.02200248215174539,-0.0006379192490070492
4.3,0.022265079269061187,1.5284875324072147,-0.9772036001958917,-0.5340087704444897,0.0020862342739731187,-5.347489819382735e-06,0.05636122929369838,-0.12176881698896452,-0.05513071742331529,-0.016334881989332424,0.006009793684488999,7.602958099153873e-07,-1.6178273177572826,-0.9810121379126268,-0.5305799101294043,-0.1715822547245498,-0.050227910836883716,0.17781906476189557,0.13752087639669414,-5.1927082107430484,-4.981604094555356,-1.1629884052312012,0.016282544743467308,-0.0006773227678700665
4.3100000000000005,0.022711266134337264,1.5271855360766093,-0.9777986694704978,-0.5341850870452697,0.002135352282885386,-5.411599467039712e-06,0.04461868652760761,-0.13019963306053423,-0.05950692746060633,-0.01763166007799786,0.004911800891226747,-6.410964765697753e-06,-1.655914233715978,-0.9380864657272263,-0.5167541492102834,-0.16826809884478466,-0.06691444393215917,0.1843987787390593,0.07590061806694376,-5.212351535653381,-4.999448883463056,-1.1676950239481838,0.010491805745870365,-0.0007164617262167203
4.32,0.023037989726259832,1.5258032673608815,-0.9784361213212764,-0.5343739292073866,0.002173237937879622,-5.548498115735941e-06,0.032672359192256716,-0.13822687157277988,-0.06374518507786263,-0.018884216211686157,0.0037885654994235436,-1.3689864869622866e-05,-1.6843400206979895,-0.8921502849676959,-0.5017303441050742,-0.16445808109802762,-0.08395147485275345,0.1900586730431395,0.014205230108045874,-5.228378210558642,-5.016271870359075,-1.1720429648569302,0.00466197494795505,-0.0007551259057725757
4.33,0.0232439099315699,1.5243450163984713,-0.9791144709306417,-0.5345748214868775,0.0021997008639943376,-5.758872375379139e-06,0.020592020531006908,-0.14582509624101403,-0.06783496093652792,-0.020089227949092847,0.0026462926114715667,-2.103742596431981e-05,-1.7029662376487618,-0.8433528700678643,-0.4855444825017953,-0.16016434330247797,-0.10122974842653143,0.19477815784332964,-0.04721405655907386,-5.2407289697004,-5.032031587139265,-1.1760206094930483,-0.0011752011015517452,-0.0007931034978721665
4.34,0.02332838866816223,1.5228153139966036,-0.9798321320194969,-0.5347872565522767,0.0022146137858139936,-6.043005609356357e-06,0.008447873659232908,-0.15297024018675692,-0.07176610888551449,-0.021243506539916565,0.001491292181965612,-2.8413323397721814e-05,-1.711720767656903,-0.7918522566286741,-0.4682354321278055,-0.15540054524505287,-0.11862972786890147,0.19854241670668626,-0.10801169203185994,-5.249355138667231,-5.046689568746386,-1.179617386232854,-0.006988123888749842,-0.000830181979818882
4.3500000000000005,0.023291489352001028,1.521218917202934,-0.9805874209507194,-0.5350106966110696,0.002217913196027666,-6.400766065610908e-06,-0.0036899316161199906,-0.15963967936695214,-0.07552889312224803,-0.022344005879298807,0.00032994102136723637,-3.5776045625455146e-05,-1.710597907266817,-0.7378147975241297,-0.449844891914431,-0.15018181473393222,-0.1360227365604274,0.20134242660344204,-0.1678500064286686,-5.254218883153493,-5.060210480248885,-1.1828238091126235,-0.012745524455137446,-0.0008661490517713699
4.36,0.023133971589652632,1.5195607941812412,-0.9813785610976351,-0.5352445749225802,0.002209599639103095,-6.8315968076738375e-06,-0.0157517762348394,-0.16581230216927542,-0.07911401469156745,-0.02338783115105628,-0.0008313556924570977,-4.308307420629298e-05,-1.6996578704072827,-0.6814147026029913,-0.4304173382241205,-0.14452469280537628,-0.15327229406757947,0.203174926969947,-0.2264012928962537,-5.2552934507917595,-5.07256223225613,-1.1856315138578104,-0.01841664041926459,-0.0009007936332530754
4.37,0.022857281197403392,1.5178461084309498,-0.9822036874702519,-0.5354882973939725,0.002189737607945645,-7.334507655542626e-06,-0.027669039224924086,-0.1714685750291471,-0.08251263726167503,-0.024372247139240598,-0.001986203115745012,-5.029108478687893e-05,-1.6790257128857706,-0.6228335620678107,-0.4099999652741536,-0.13844707427460134,-0.17023563166520006,0.2040423374979703,-0.2833497587349917,-5.252563404005452,-5.083716084472491,-1.18803329100178,-0.023971387329632835,-0.0009339069169687702
4.38,0.022463535690036934,1.5160802023917292,-0.9830608515913485,-0.535741244255837,0.00215845505426496,-7.908069344608837e-06,-0.03937455073664576,-0.17659060392205833,-0.08571641210965883,-0.025294686186446758,-0.003128255368068515,-5.735616890662105e-05,-1.6488896902890904,-0.5622598535444762,-0.3886426188926009,-0.13196814386006528,-0.18676536907550645,0.2039526249077932,-0.3383933307274208,-5.2460248412047426,-5.093646737384966,-1.1900231159917047,-0.02938052324573384,-0.0009652834761833869
4.39,0.02195550542247105,1.514268580475905,-0.9839480266137753,-0.5360027718135995,0.00211594251626045,-8.55041010507069e-06,-0.0508030267565884,-0.18116219158242836,-0.08871750224268424,-0.026152755776247785,-0.004251253800450947,-6.423407604618525e-05,-1.6094990690468685,-0.499888432805172,-0.3663977227674175,-0.12510830814159535,-0.20271133071376912,0.20291911959593967,-0.39124530286692677,-5.235685603065686,-5.1023324122421965,-1.1915961761918208,-0.03461580552189689,-0.0009947224205043275
4.4,0.021336590605080127,1.5124168915729288,-0.9848631126695241,-0.5362722142707613,0.0020624518701305274,-9.259214854283723e-06,-0.06189148173909241,-0.18516889029763578,-0.09150860557487268,-0.026944245716190248,-0.0053490646129922895,-7.088047492130345e-05,-1.561161417253375,-0.4359200080794836,-0.34332019638193595,-0.11788912365800419,-0.21792247649840224,0.20096028372359953,-0.4416358169006384,-5.221565460109847,-5.109754919609327,-1.1927488947003964,-0.03965013885662362,-0.0010220285935374504
4.41,0.02061079444816196,1.5105309110716958,-0.9858039424402673,-0.5365488856197309,0.0019982947147781493,-1.0031727180241486e-05,-0.07257961569181651,-0.18859805012329703,-0.0940829770743142,-0.02766713489695481,-0.006415715535237813,-7.725123259577628e-05,-1.5042394084886808,-0.37056059788080015,-0.31946736389039104,-0.11033322145745084,-0.23224891932794467,0.19809943303719524,-0.48931316838888483,-5.203696277357796,-5.115899716869883,-1.1934789508965737,-0.04445771376724931,-0.001047013804586205
4.42,0.01978269272219219,1.5086165224480605,-0.9867682869381642,-0.536832081595757,0.0019238404018936924,-1.0864754275875968e-05,-0.08281017259697707,-0.19143886236352167,-0.09643444978969924,-0.028319597602615588,-0.0074454312884457,-8.330270956344833e-05,-1.4391471782195686,-0.3040209722902207,-0.29489885325058257,-0.10246422845895031,-0.24554399873083632,0.19436441544341987,-0.5340449333077644,-5.182122151480609,-5.120755955089994,-1.1937852976267997,-0.04901413475489239,-0.0010694980853590955
4.43,0.018857400047836547,1.5066796984664812,-0.9877538614847822,-0.5371210816892212,0.0018395137263113896,-1.1754674961246941e-05,-0.09252926743556417,-0.19368239815794305,-0.09855745466179644,-0.028900009346417357,-0.008432667558230278,-8.899206853709725e-05,-1.3663462782641413,-0.2365160776764082,-0.2696764850125322,-0.09430668599022174,-0.2576663780382171,0.18978725012833753,-0.5756189125444695,-5.156899515632015,-5.124316515662237,-1.1936681749286544,-0.053296537536248044,-0.001089310961564859
4.44,0.017840533252807267,1.5047264820463209,-0.9887583318749977,-0.5374151512112828,0.0017457922941232539,-1.2697450904176609e-05,-0.10168667950292806,-0.19532164201602775,-0.1004470390215608,-0.029406952206161505,-0.009372143218813564,-9.42775942929667e-05,-1.2863412801505159,-0.16826444488981707,-0.24386415025536198,-0.08588596588146524,-0.26848213079940386,0.18440373174672964,-0.6138438939210791,-5.12809720702054,-5.1265780371092005,-1.1931291201736762,-0.057283694835292935,-0.001106292728328366
4.45,0.01673817215126526,1.5027629668449338,-0.9897793207117387,-0.5377135434076143,0.0016432035884605411,-1.3688641119792358e-05,-0.11023611015420089,-0.1963515201386937,-0.10209888367409682,-0.029839219633159313,-0.010258870566271278,-9.9119021561575e-05,-1.199675082866467,-0.09948758104986627,-0.21752767726666775,-0.07722818449900981,-0.2778667811191271,0.17825300494524188,-0.6485502335960726,-5.095796492281749,-5.127540932354459,-1.192170974491653,-0.06095611034767314,-0.0011202957175700393
4.46,0.015556818115366107,1.5007952776112556,-0.9908144138963995,-0.5380155016147022,0.001532321755084561,-1.4723419796171172e-05,-0.11813540358991526,-0.1967689233678244,-0.10350931846607403,-0.030195820708790587,-0.011088183337598012,-0.00010347786763788142,-1.1069239843616827,-0.030409345146528533,-0.19073468666406415,-0.06836011511231888,-0.28570726221842424,0.17137711515716925,-0.6795902607995021,-5.060091045838305,-5.1272093966679755,-1.1907978853185768,-0.06429610061160254,-0.001131185544870877
4.47,0.014303350817584376,1.4988295503651952,-0.9918611672587353,-0.5383202614529321,0.0014137641319350712,-1.5796597457318193e-05,-0.1253467297781731,-0.19657272460604108,-0.10467533623358491,-0.030475983822989397,-0.011855762314948979,-0.00010731776611470202,-1.0086925791275438,0.03874469219859219,-0.16355443478371887,-0.05930909895297054,-0.2919037578451187,0.16382054222613018,-0.7068385118265293,-5.021086876688352,-5.125591406371279,-1.1890153048908145,-0.06728786463969519,-0.001138842322904636
4.48,0.012984983526568834,1.4968719124596725,-0.9929171133090138,-0.5386270530504272,0.0012881875485373634,-1.690264543661691e-05,-0.13183672910155422,-0.19576379055226376,-0.10559460502784511,-0.03067915974951007,-0.01255765833977078,-0.0001106047979298715,-0.9056085461414514,0.10774790432546667,-0.1360576452697743,-0.050102955352470585,-0.2963713922278921,0.15562972393926577,-0.7301918010155953,-4.9789021994355185,-5.122698708253688,-1.1868299844909205,-0.0699175412843777,-0.0011431618282645361
4.49,0.011609217338507883,1.4949284625836392,-0.9939797680941901,-0.5389351032913628,0.0011562844226437742,-1.8035723594276978e-05,-0.1375766188060951,-0.19434498760333782,-0.10626547851763324,-0.030805024093557728,-0.01319031258935893,-0.00011330781576600687,-0.7983173923517702,0.1763732788337573,-0.10831632893814841,-0.04076989127121736,-0.2990417360866777,0.1468525769638479,-0.7495691380467536,-4.933667245858075,-5.118546799513501,-1.184249964237737,-0.07217325442354244,-0.0011440566084468047
4.5,0.010183794720433164,1.4930052507658544,-0.9950466381388893,-0.5392436380822465,0.001018778682661257,-1.918971117184393e-05,-0.14254226180747182,-0.19232118177847676,-0.106687004469924,-0.030853479088370776,-0.013750573998251706,-0.00011539875775669537,-0.6874772166437777,0.2443941017604444,-0.08040359209776607,-0.03133841057034836,-0.2998640987775154,0.13753802295773832,-0.7649115022915302,-4.885524013897613,-5.113154897905628,-1.1812845582064604,-0.07404514616116578,-0.0011414570158775595
4.51,0.008716652731758973,1.4911082584405382,-0.9961152274510277,-0.5395518846294319,0.0008764215452783198,-2.0358240636220366e-05,-0.14671419886741904,-0.1896992325316187,-0.10685893121384214,-0.030824654718547288,-0.014235713738293724,-0.00011685294643764337,-0.5737535578367426,0.3115846546168524,-0.052393433658493804,-0.021837223282980656,-0.2988065799287525,0.12773552774548824,-0.7761814861109435,-4.83462595161566,-5.1065459016587615,-1.1779443346647487,-0.0755253983380418,-0.0011353121561786786
4.5200000000000005,0.007215876275927416,1.4892433786372667,-0.9971830445710057,-0.5398590737209259,0.0007299871782420232,-2.1534734325594364e-05,-0.1500776455831557,-0.18648798032714406,-0.1067817119978042,-0.03071890914939158,-0.014643436703629659,-0.00011764936893740004,-0.4578143877179882,0.37772092306044475,-0.024360531465423857,-0.012295155175304995,-0.29585685786807625,0.11749466140237613,-0.7833628199207612,-4.781137574401851,-5.09874633862703,-1.1742410912194559,-0.07660824273906872,-0.0011255907383557117
4.53,0.005689651715662966,1.4874163963585982,-0.9982476096425612,-0.5401644420053585,0.0005802682784447773,-2.2712443670891166e-05,-0.152622456026445,-0.18269822786685982,-0.1064565071555531,-0.030536828443256173,-0.01497188997972459,-0.00011777093452968002,-0.3403253064530917,0.44258131575830617,0.003619981560063913,-0.002741057803230751,-0.2910226966647296,0.10686468684940295,-0.7864597925153312,-4.72523401450267,-5.089786304070222,-1.17018782468605,-0.07728996046436017,-0.0011122818152474135
4.54,0.004146221163464087,1.4856329692098902,-0.999306461482598,-0.5404672342608168,0.00042807159536346353,-2.388449072955244e-05,-0.1543430552198879,-0.17834271487080658,-0.10588518400368288,-0.030279225545828486,-0.015219668308131375,-0.00011720470586612736,-0.2219449929796845,0.5059473917751686,0.031472750778410746,0.006796280715263059,-0.28433215862781425,0.09589418413434467,-0.7854965805604899,-4.667100502756004,-5.079699386416934,-1.1657986955192583,-0.07756887100070003,-0.0010953954033898704
4.55,0.0025938377340636353,1.4838986083465766,-1.0003571646266098,-0.5407667056460919,0.0002742134294584283,-2.5043911734264682e-05,-0.15523834294004518,-0.17343608633135074,-0.10507031440118458,-0.02994713852751173,-0.015385816590503521,-0.00011594210047122433,-0.10332095728470975,0.5676045945867337,0.05912244186541414,0.016288224056493883,-0.27583351449264254,0.0846307169447246,-0.7805165013340041,-4.606931783245398,-5.0685225803594305,-1.1610889866788454,-0.07744531158663057,-0.0010749629724047774
4.5600000000000005,0.0010407220182134173,1.4822186598047844,-1.0013973163257146,-0.5410621239267671,0.00011951513440183371,-2.6183702328313596e-05,-0.1553115715850218,-0.1679948541792196,-0.10401516991048466,-0.029541828067520003,-0.015469829505659458,-0.00011397905940489149,0.014914365098402747,0.6273429905858863,0.08649399058692941,0.025706375012323646,-0.26559484916022047,0.07312054707938791,-0.7715812027153189,-4.544931462410936,-5.0562961866589715,-1.156075056848093,-0.0769216075081392,-0.001051037795105902
4.57,-0.000504979992131003,1.480598286281568,-1.0024245534708083,-0.5413527716684773,-3.520134901559746e-05,-2.7296864132079803e-05,-0.15457020103444202,-0.16203735232162292,-0.10272371450936749,-0.02906477417101223,-0.015471648341743117,-0.00011131618037662091,0.1321471433171665,0.684958009715448,0.11351285926020918,0.035022661657570175,-0.2537033666001907,0.06140840160615149,-0.7587698041152761,-4.481311294954406,-5.043063698105345,-1.1507742879736056,-0.07600203399209654,-0.0010236951507134112
4.58,-0.002035237327729517,1.4790424494312044,-1.0034365594189483,-0.5416379483896028,-0.00018911790072703702,-2.8376452262282052e-05,-0.1530257335598514,-0.15558368503636566,-0.1012005948140004,-0.02851767211254605,-0.015391655171143956,-0.00010795881302022478,0.24778528092837593,0.740251185630365,0.14010529874575112,0.04420942224302937,-0.24026440323306764,0.049537296266443875,-0.7421780015053026,-4.416290409639687,-5.028871671172135,-1.1452050271521874,-0.0746927703812084,-0.0009930323748553048
4.59,-0.0035421726468538163,1.4775558927438863,-1.0044310706967983,-0.5419169726656261,-0.0003414245459105313,-2.941562340729906e-05,-0.1506935319124299,-0.14865566873182223,-0.0994511277850029,-0.02790242760232835,-0.015230664518349427,-0.00010391711450170052,0.3612611281069522,0.7930308925692514,0.16619861470622502,0.05323948871021189,-0.22540016463514334,0.03754841738649917,-0.7219171489717855,-4.35009447880271,-5.01376958303729,-1.139386522952521,-0.07300184727745009,-0.0009591687514010496
4.6000000000000005,-0.00501809888408202,1.476143125072779,-1.0054058835558084,-0.5421891841773777,-0.0004913236728095046,-3.0407684048549753e-05,-0.14759262372282034,-0.14127676711073123,-0.09748128590101945,-0.02722115117516513,-0.014989912689897335,-9.920606412506943e-05,0.4720337676989733,0.8431130759010753,0.19172143677755224,0.06208626872209244,-0.20924820562250823,0.025481063142867744,-0.6981133283050848,-4.282954836037653,-4.997809673791773,-1.1333388563243647,-0.07093908733118862,-0.0009222452425968755
4.61,-0.00645555383704778,1.4748084048747205,-1.0063588603537836,-0.5424539456954344,-0.0006380341223171178,-3.1346138409675425e-05,-0.14374549529657604,-0.13347201980585616,-0.09529767979751831,-0.026476151805662467,-0.014671044950761313,-9.384543611256717e-05,0.5795908748484783,0.8903219731125835,0.21660398921104604,0.07072382609487216,-0.19195967854048668,0.013372643548025587,-0.670906417056542,-4.2151075471100485,-4.981046773833071,-1.1270828663145949,-0.06851604033119696,-0.0008824240554377959
4.62,-0.007847332614859932,1.4735557252288458,-1.0072879357376083,-0.5427106449930051,-0.0007807951297434457,-3.222473571223913e-05,-0.13917787778121524,-0.1252679645874722,-0.09290753838247987,-0.025669929757076344,-0.014276100742632792,-8.785973025637069e-05,0.6834501580822819,0.934490821819003,0.24077836146172235,0.07912695952155557,-0.17369737880820413,0.001258737009589006,-0.6404491642849593,-4.1467924396568066,-4.963538116629227,-1.1206400708758348,-0.06574591321747006,-0.0008398880437015176
4.63,-0.009186517900073432,1.4723887996960838,-1.0081911226021596,-0.5429586966797577,-0.0009188701012090478,-3.3037516318833935e-05,-0.13391852852135,-0.11669255327619972,-0.09031868645512935,-0.02480516867525199,-0.013807497146560202,-8.127806065948032e-05,0.7831603974896016,0.9754625512174324,0.2641787771396671,0.08727127943527968,-0.15463362034782202,-0.010826800183100116,-0.6069062818918698,-4.078252097664933,-4.94534313723704,-1.114032583118097,-0.06264349559537968,-0.0007948399465679592
4.64,-0.010466508002194553,1.471311049080787,-1.0090665178008482,-0.5431975439491905,-0.0010515502091619589,-3.377885635177486e-05,-0.12799901021211207,-0.1077750615296751,-0.087539519868861,-0.023884726943281163,-0.013268010795291111,-7.413400329409233e-05,0.878302102807102,1.0130904532624652,0.2867418596737241,0.09513328287252065,-0.13494797640066292,-0.02285167653024167,-0.5704535580388754,-4.00973082707389,-4.9265232571596815,-1.1072830234154332,-0.059225081277684444,-0.0007475014662405486
4.65,-0.011681042704337365,1.4703255891537104,-1.0099123075837966,-0.543426660232359,-0.0011781577935576428,-3.444351038775745e-05,-0.12145347021428128,-0.09854599270767346,-0.08457897829484205,-0.02291162831684214,-0.0126607584395684,-6.646540359825926e-05,0.9684878206599697,1.0472388297311095,0.3084068930014998,0.10269042614252921,-0.1148249233567542,-0.03478496657232388,-0.531276997676712,-3.941473599121326,-4.907141656328429,-1.1004144278366181,-0.05550838632183747,-0.0006981121884576577
4.66,-0.01282422692547756,1.4694352193931375,-1.0107267727403804,-0.5436455507510051,-0.001298049557235616,-3.502665184573713e-05,-0.11431842211401953,-0.08903697605728034,-0.08144651565837645,-0.02188905186461025,-0.011989176367797326,-5.831414579796771e-05,1.0533621257761476,1.0777836112606416,0.3291160755635585,0.10992119510465415,-0.09445142656822281,-0.04659687832795567,-0.4895719937213241,-3.8737249782508116,-4.88726303318553,-1.0934501534203673,-0.05151246396570023,-0.0006469283512221804
4.67,-0.013890552238510755,1.468642412798165,-1.0115082934237385,-0.5438537539634313,-0.0014106195459383315,-3.5523910706490606e-05,-0.10663253130331952,-0.07928065949723843,-0.07815206833581885,-0.020820321242620874,-0.011256998870271559,-4.972588607534781e-05,1.132601335575407,1.1046129443920105,0.34881476586531984,0.11680517281768754,-0.07401450770176421,-0.05825849552638429,-0.4455425309134963,-3.806728041526707,-4.866953354026089,-1.0864137808605883,-0.047257616797108035,-0.0005942214684732155
4.68,-0.0148749162988296,1.4679493068249818,-1.0122553536358936,-0.5440508428967911,-0.0015153019052177878,-3.593140822747868e-05,-0.09843640603188449,-0.06931059731832294,-0.07470602121550715,-0.019708893335973806,-0.010468235927945617,-4.0749752098807304e-05,1.2059129910560933,1.1276277426351138,0.3674517178687655,0.12332310430993942,-0.05369883300926315,-0.06974150401838708,-0.39940042292087663,-3.7407232965590542,-4.846279592922174,-1.0793290152049753,-0.04276530642370254,-0.000540276816765355
4.69,-0.015772640249279594,1.4673576954934402,-1.0129665453533105,-0.5442364263598487,-0.0016115734081385213,-3.6245788345308436e-05,-0.0897723950449994,-0.05916113315416417,-0.07111917174169172,-0.018558346305760573,-0.009627150292073354,-3.143801178297543e-05,1.273035149305159,1.1467421975931191,0.3849793044934955,0.12945695818522918,-0.03368436102469907,-0.0810179122709147,-0.3513645818100147,-3.6759476049354745,-4.825309463699047,-1.0722195852003862,-0.038058060841171144,-0.00048539179429988655
4.7,-0.016579484175107344,1.4668690227073007,-1.0136405722740667,-0.5444101500306838,-0.0016989557491929792,-3.646424548983099e-05,-0.0806843925827748,-0.048867278613959196,-0.0674026920756145,-0.01737236708350885,-0.00873823410544578,-2.1845714452254836e-05,1.3337355342202808,1.1618842462416041,0.40135372753867016,0.13518998477263544,-0.014144086660758504,-0.09205977610561455,-0.30166031765497836,-3.612633118092126,-4.804111145559258,-1.0651091419406662,-0.03315937963253659,-0.0004298741628595017
4.71,-0.017291660686922086,1.4664843768272546,-1.0142762531692926,-0.5445716974142811,-0.0017770176011834486,-3.6584548568222396e-05,-0.07121765118147426,-0.038464588004601036,-0.06356808952258167,-0.01615473835973566,-0.007806185199046932,-1.2030307839140995e-05,1.387810592157591,1.1729959905573877,0.41653521238931546,0.14050677050811,0.004758083443356043,-0.10283893780440057,-0.25051866478172785,-3.5510062324364866,-4.782753004053146,-1.0580211574866605,-0.028093637070517014,-0.0003740401843272459
4.72,-0.0179058467108679,1.4662044865312096,-1.0148725248231716,-0.5447207906654543,-0.001845376432986477,-3.660506091378565e-05,-0.06141860239458136,-0.02798902960450613,-0.05962716538790589,-0.01490932511732316,-0.006835883180302855,-2.0512345563253474e-06,1.435084498242271,1.1800340658312942,0.43048818593988525,0.1453932882327882,0.022869292115876405,-0.1133267893853489,-0.19817572999506866,-3.4912865703656,-4.761303309173389,-1.0509788241342355,-0.022885983141134863,-0.0003182126645140667
4.73,-0.018419193563332322,1.4660297179913653,-1.0154284445475497,-0.5448571912730976,-0.0019037000870996998,-3.652475603218195e-05,-0.05133468524644247,-0.017476853984438295,-0.05559197243780801,-0.013640060764334338,-0.0058323654113222705,8.03048816036997e-06,1.475408157052906,1.1829699541793606,0.4431814362581776,0.14983694308411,0.04004950028076948,-0.12349406924593409,-0.14487205711868031,-3.4336859936085826,-4.739829952405594,-1.0440049550042596,-0.017562242461558023,-0.00026271891797162667
4.74,-0.018829335382839662,1.4659600733923501,-1.0159431922590858,-0.5449807006023427,-0.0019517081166816046,-3.634322901686071e-05,-0.041014181950733856,-0.006964459901510706,-0.051474771153606824,-0.012350932924504272,-0.004800802958190474,1.815270153212363e-05,1.5086582383934921,1.1817902399877005,0.4545882526139212,0.15382661368189865,0.05617303739303736,-0.1333107005022398,-0.09085200131760822,-3.378407655064915,-4.718400164596858,-1.0371218866189849,-0.012148811030261891,-0.00020788866832209936
4.75,-0.01913439598458886,1.465995190809141,-1.016416072108872,-0.5450911602918123,-0.001989172882441675,-3.6060703545129805e-05,-0.030506060174919913,0.0035117416790937522,-0.04728798497862597,-0.01104596894695344,-0.003746476576007039,2.8252547173091003e-05,1.5347362849977328,1.1764968042882544,0.4646865446263705,0.15735268829862914,0.07112991185459183,-0.14274567823218698,-0.0363631059839831,-3.3256450950137184,-4.697080236509866,-1.0303513841124388,-0.006672550724387056,-0.00015405189938791776
4.76,-0.019332994193737203,1.4661343454576878,-1.0168465136565425,-0.5451884525038082,-0.0020159204102359295,-3.567803440613532e-05,-0.019859820914834174,0.013915464854678022,-0.043044154767059035,-0.009729221199592039,-0.002674752779425475,3.826691389944823e-05,1.5535679243769098,1.1671069553613156,0.4734589394203421,0.1604070957515651,0.08482686364142378,-0.15176701151230154,0.018344525533214695,-3.2755813872359814,-4.6759352439121304,-1.0237145496986408,-0.0011606814488188976,-0.0001015366730463752
4.7700000000000005,-0.01942424770237996,1.4663764523251444,-1.0172340725830669,-0.5452725000259402,-0.002031831010589548,-3.5196705551565956e-05,-0.00912535086427563,0.024210686745646397,-0.03875589265243153,-0.008404752213202547,-0.001591060035361828,4.81328854569364e-05,1.565102211747152,1.1536534931986093,0.48089285583790575,0.16298333076829685,0.09718814563144118,-0.16034172462907836,0.0730188713709253,-3.2283883402238343,-4.655028779009684,-1.0172317349911955,0.0043593291551295345,-5.0666930260359405e-05
4.78,-0.019407775482639653,1.4667200701803977,-1.0175784309386682,-0.5453432662233928,-0.002036839661625633,-3.46188236987553e-05,0.0016472219740305775,0.03436178552533104,-0.03443583556013833,-0.007076619745256656,-0.0005008651036085333,5.778818528106585e-05,1.5693111251898784,1.1361847058320478,0.48698055492621406,0.16507647360232625,0.10815602453383555,-0.16843592022719922,0.12740665386765124,-3.184225758250041,-4.634422689972859,-1.0109224577315337,0.009859878516050875,-1.7602921402200115e-06
4.79,-0.01928369877478472,1.467163406959232,-1.0178793969246056,-0.5454007548417337,-0.002030936157051208,-3.394710755364403e-05,0.012407670785493246,0.044333677883432634,-0.03009659859373293,-0.005748861834085211,0.0005903504574424939,6.717161451112716e-05,1.5661892280424765,1.1147642959367543,0.49171916609530325,0.16668320374596224,0.11769099683206719,-0.17601490543957543,0.18125403151317557,-3.143240766638221,-4.614176830220542,-1.0048053234412648,0.015313344496618612,4.48741218333574e-05
4.8,-0.019052640655287154,1.4677043265120007,-1.0181369042098865,-0.5454450096608846,-0.002014165020963699,-3.318487275743506e-05,0.023105811949756673,0.05409195527686696,-0.02575072852808574,-0.004425481915088951,0.0016771136087508766,7.622347962089666e-05,1.5557535071237418,1.0894712365493053,0.49511068854170537,0.16780180759254648,0.12577171972440837,-0.18304338031074674,0.2343073277257152,-3.105567205111538,-4.594348819030079,-0.9988979524674187,0.020692203312626212,8.893784115651356e-05
4.8100000000000005,-0.018715724175647708,1.4683403566951563,-1.018351010786328,-0.5454761140015966,-0.001986625191319481,-3.233601269540789e-05,0.03369164796394451,0.06360301831557147,-0.02141065764416855,-0.00311043407119301,0.002753982964421796,8.488600620271696e-05,1.5380433889145237,1.0603995551992356,0.4971619677256388,0.1684321799729318,0.1323946616211602,-0.18948568610505978,0.2863138034514242,-3.0713250926054894,-4.574993814924731,-0.9932169128382508,0.025969149944833767,0.00013014513995471754
4.82,-0.018274569049108014,1.4690686987814476,-1.018521897367728,-0.5454941900864937,-0.001948469473976238,-3.140497533896504e-05,0.04411551265396924,0.07283420862913363,-0.017088658139993093,-0.0018076084897158692,0.0038155717343243247,9.310373564428479e-05,1.5131209293696484,1.0276580462293288,0.49788464689822154,0.16857581952681056,0.13757348129635094,-0.19530610944446547,0.337022479753245,-3.040620166410992,-4.5561643031613945,-0.9877776592925009,0.03111722091026139,0.00016822506382983447
4.83,-0.017731286849463394,1.4698862381570785,-1.0186498653412293,-0.545499398258466,-0.0018999037693076275,-3.0396736322305335e-05,0.054328219964462084,0.08175393756309349,-0.012796797350128043,-0.0005208171972313112,0.004856570466861063,0.00010082390166597053,1.4810711667671144,0.9913699115741874,0.49729509388100746,0.16823581791678066,0.1413381492266934,-0.20046923669207706,0.3861850155046055,-3.0135434979685978,-4.5379098985006046,-0.9825944787871657,0.036109919177517186,0.00020292337110072056
4.84,-0.017088474674501895,1.4707895562676938,-1.0187353342812515,-0.5454919360598945,-0.0018411860735148228,-2.9316768482928496e-05,0.06428121749614998,0.09033181106152952,-0.008546894002231083,0.0007462198571554681,0.005871769579280461,0.00010799678393768408,1.4420026210348227,0.9516723307711286,0.4954143035065264,0.16741684294361114,0.14373382893330877,-0.2049403516342876,0.4335566440393457,-2.99017118706577,-4.52027716429087,-0.9776804427286775,0.04092134091983774,0.00023400437210819544
4.8500000000000005,-0.016349207216512635,1.4717749437687446,-1.0187788390385835,-0.5454720371768805,-0.0017726252569453533,-2.817100812027465e-05,0.07392674579892593,0.09853875010509247,-0.0043504757331852195,0.001989888301404317,0.006856081656946947,0.00011457603626538464,1.3960479174494975,0.9087159614884971,0.4922677763345179,0.16612511565677313,0.1448195401901362,-0.20868586834259406,0.4788971711476479,-2.9705641355995476,-4.503309448742948,-0.9730473661106717,0.045526303701870455,0.0002612526508928465
4.86,-0.015517027174186524,1.4728384148296545,-1.0187810264193813,-0.545439970253315,-0.0016945796219927083,-2.6965818249025e-05,0.08321800423261118,0.10634710609098401,-0.00021873807978887733,0.003206692356547136,0.007804563495264504,0.00012051898712496494,1.343364507586417,0.8626643723675677,0.4878853744527048,0.16436838160313672,0.14466662971971278,-0.21167379016282317,0.521972035169372,-2.954767901459859,-4.487046739109568,-0.9687057736791012,0.04990047559429116,0.0002844746543602606
4.87,-0.014595933934393134,1.4739757225352885,-1.0187426514708768,-0.5453960375802609,-0.0016074552435044905,-2.5707949142799444e-05,0.0921093239793389,0.11373077056341055,0.003837494850436723,0.004393267305417273,0.008712437848821777,0.00012578691062255562,1.2841354560163656,0.8136934104802274,0.48230115536227397,0.1621558763931703,0.1433570783687026,-0.21387418509305545,0.5625534281474229,-2.9428126324688173,-4.471525534324803,-0.9646648731831329,0.05402050460682346,0.00030350013502406393
4.88,-0.01359037044903313,1.475182375322585,-1.018664573392539,-0.5453405736667242,-0.0015117040950829478,-2.4404496480078134e-05,0.10055634853600043,0.12066527872964992,0.007807807833772943,0.00554639135366882,0.009575114842154267,0.00013034526627213097,1.2185702575788726,0.7619905062007533,0.4755531851278133,0.1594982857832692,0.1409816766773302,-0.21525966739176683,0.6004214750953021,-2.934713079683233,-4.456778736498174,-0.9609325357089797,0.05786414772788219,0.00031818343456022536
4.89,-0.012505208231660812,1.4764536543848636,-1.0185477510932577,-0.5452739436984604,-0.0014078219652261677,-2.3062857417073427e-05,0.10851622173723169,0.1271279062278606,0.01168222992813928,0.006662996826376674,0.01038821298567801,0.0001341639063004707,1.1469056471831227,0.7077539187682849,0.46768333213167496,0.15640770051679542,0.13763810314111247,-0.21580587511025295,0.6353654664408716,-2.9304686887378995,-4.442835561504107,-0.9575152830345028,0.06141039876079475,0.00032840459671160094
4.9,-0.011345730401016703,1.4777846319713428,-1.0183932384167962,-0.5451965418919839,-0.0012963461679339427,-2.1690684921946542e-05,0.11594778306441095,0.1330977586479162,0.01545126764613955,0.007740180647653084,0.011147579729222512,0.0001372172495126887,1.0694063620597938,0.651191926274387,0.4587370429234185,0.15289756618894446,0.1334289412452856,-0.2154919333685016,0.6671851366732666,-2.930063767281758,-4.429721468760107,-0.9544182818858409,0.06463961405527703,0.0003340702995423803
4.91,-0.010117612704117708,1.4791701905047985,-1.0182021790592926,-0.5451087897514316,-0.0011778530531884384,-2.0295840711189363e-05,0.1228117696898994,0.13855585334556458,0.019105935750355463,0.008775214055218581,0.011849311474550431,0.00013948442107571783,0.9863658152476671,0.592521964240198,0.44876310178823164,0.1489826283976181,0.12845967246087664,-0.2143008935635068,0.695691980185667,-2.9334677259470627,-4.4174581101501715,-0.9516453449246192,0.06753363515132253,0.00033511459864569385
4.92,-0.008826902460173716,1.4806050424361263,-1.0179758012039513,-0.5450111342363645,-0.0010529553236118929,-1.8886347132203243e-05,0.1290710243943993,0.14348519313277616,0.022637785534138734,0.009765551506713512,0.012489772957654544,0.00014094935789861192,0.8981066388708766,0.5319697173451172,0.43781337576714496,0.14467887348155672,0.12283668278915183,-0.21222013931895822,0.7207105933201965,-2.9406353896998585,-4.406063297924507,-0.9491989382459518,0.07007590728354388,0.00033149947463947455
4.93,-0.0074799953783217885,1.482083750750855,-1.0177154118992688,-0.544904045848968,-0.0009222991645938982,-1.747033833616157e-05,0.1346907081851928,0.14787083147287125,0.026038930468240587,0.010708838739652667,0.013065615901799468,0.00014160087960416714,0.804981056458287,0.46976816922890197,0.4259425469536741,0.1400034651495612,0.11666532007940944,-0.2092417508077563,0.7420800297317065,-2.951507375859242,-4.395550991295608,-0.9470801951245562,0.07225159263970748,0.00032321518012718017
4.94,-0.006083610216915837,1.4836007500394301,-1.0174223912081548,-0.5447880166494454,-0.0007865611962586556,-1.605601108223287e-05,0.13963851614059516,0.15169992885751346,0.02930206911140725,0.01160291995225447,0.013573796833524266,0.00014143272539287005,0.7073710451578908,0.4061566156094598,0.41320783396584754,0.13497467729660428,0.11004803822228615,-0.2053628200792379,0.7596551544435495,-2.966010534551229,-4.385931301354302,-0.9452889357092065,0.07404767722976822,0.00031028038322867277
4.95,-0.004644761269739298,1.4851503680403648,-1.017098186156141,-0.5446635582086665,-0.000646445256794623,-1.4651575508292332e-05,0.14388489471765392,0.1549618000934597,0.03242050520137344,0.012445844077887165,0.014011593946403252,0.00014044355739405363,0.605688251179437,0.34137964623014033,0.39966870453853043,0.12961182332840115,0.10308266244126241,-0.200585711171979,0.7733079804193583,-2.9840584468912317,-4.3772105138485164,-0.9438236923350865,0.07545307020285869,0.00029274210677705304
4.96,-0.0031707286848164803,1.486726847563161,-1.0167443045075282,-0.5445311995073517,-0.0005026790278796867,-1.3265206194517868e-05,0.14740325849228172,0.15764795227962294,0.03538816486128861,0.013235870131482115,0.014376622891493628,0.0001386369313774464,0.5003736251127849,0.2756861013766815,0.38538658121032177,0.12393518230060452,0.09586080728878832,-0.19491826003952706,0.7829289701669095,-3.0055519757767013,-4.369391129302586,-0.9426817400996726,0.07645869445069627,0.00027067546430150345
4.97,-0.001669026644219711,1.4883243686962513,-1.0163623083987747,-0.5443914847912324,-0.0003560105141871084,-1.190499383493942e-05,0.1501702040596769,0.1597521133090303,0.03819961087534651,0.013971471611932542,0.014666851369257838,0.00013602123595784482,0.39189674784921413,0.20932800887661857,0.37042454208716774,0.1179659221831535,0.08846647567344434,-0.18837391063243292,0.7884282838658001,-3.030379863827371,-4.362471919904072,-0.9418591323305938,0.07705756735752656,0.00024418319594330545
4.98,-0.00014736945808210616,1.4899370712041027,-1.0159538078587143,-0.5442449713917308,-0.00020720439023247974,-1.0578897818302462e-05,0.1521657186137605,0.16127025078514692,0.04085005400604978,0.014651339950167253,0.014880612395462864,0.00013260960166369578,0.28075482260523327,0.1425595076133747,0.35484701864915913,0.11172602056472924,0.08097486334361625,-0.18097178481861792,0.7897369548079404,-3.058419372744376,-4.356448002548103,-0.9413507405635504,0.07724487059933591,0.000213395009450176
4.99,0.0013863643474441134,1.4915590770170755,-1.0155204542452747,-0.5440922275217488,-5.70382291002805e-05,-9.294700003757912e-06,0.15337338055262195,0.16220058129728787,0.04333536134394793,0.015274386998199654,0.015016616113219925,0.00012841978145445494,0.16747131391587344,0.07563576365334526,0.3387194925357928,0.10523818309880428,0.07345138885770786,-0.1727366851505817,0.7868079725899428,-3.089536958177738,-4.351310927402917,-0.9411502986443768,0.07701800795844482,0.00017846673332993362
