time,q1,q2,q3,q4,q5,q6,dq1,dq2,dq3,dq4,dq5,dq6,ddq1,ddq2,ddq3,ddq4,ddq5,ddq6,tau1,tau2,tau3,tau4,tau5,tau6
0.0,0.0,1.5,-1.0,-0.54,0.0,0.0,0.0,0.0,0.0,0.0,0.0,0.0,0.0,0.0,0.0,0.0,0.0,0.0,1.3170300343215746,-3.6310958949941265,-4.0220349455810585,-0.8870209311379942,0.1302699002580814,0.0016554995472656754
0.01,1.2893176166760878e-06,1.5000010460293636,-0.9999978688990222,-0.5399995696176437,1.4753745390879113e-07,8.41771689642463e-09,0.00012893176166760877,0.00010460293634726054,0.00021311009777979798,4.303823563602451e-05,1.4753745390879112e-05,8.417716896424629e-07,0.017674939915335777,0.009997547493904014,0.03234228396824907,-0.008282381658813134,0.008617445643753455,0.01738839600862946,0.0021725113077632023,-4.016578280345045,-4.596015917478197,-1.0316782291709632,0.000244512177249042,-0.0004844050382378742
0.02,-2.1450650077897746e-06,1.5000086685208227,-1.0000200622107838,-0.5400039208745544,-5.281826551610357e-07,-9.78894074190501e-08,-0.0003434382624465862,0.000762249145920175,-0.0022193311761510544,-0.0004351256910669608,-6.757201090698268e-05,-1.0630712431547473e-05,-0.05545300354437617,0.10594275408289792,-0.3776464645368896,0.02926350236106101,-0.12669622437085157,-0.28004407193151437,-0.007354978929059299,-4.022345556115721,-4.641743156928926,-1.0421740024213533,-0.0008771342013555078,-0.0005556860168997104
0.03,-1.4533131317052899e-05,1.5000255552914699,-1.000084627004919,-0.5400171472317913,-2.4519977370414463e-06,-3.266626529215541e-07,-0.0012388066309263123,0.0016886770647061566,-0.006456479413528336,-0.0013226357236927676,-0.00019238150818804106,-2.28773245502504e-05,-0.11530031644207733,0.16095051971166247,-0.6395289648652872,-0.022786325826851028,-0.1358450686270003,-0.28005871678682104,-0.016843095121162048,-4.028014154829659,-4.687133555228758,-1.0525832117504115,-0.001994060820118932,-0.0006266380402523076
0.04,-3.880086732883333e-05,1.5000525893579435,-1.0002037975419666,-0.5400420877876754,-5.908315177860478e-06,-6.822797905566906e-07,-0.0024267736011780432,0.002703406647357194,-0.011917053704754377,-0.002494055588409835,-0.0003456317440819032,-3.556171376351364e-05,-0.1570061261568248,0.18735124308546525,-0.8147668721880541,-0.06357813801212586,-0.13894172447823205,-0.27763235857169816,-0.026249503536798863,-4.033425784757424,-4.731851650971953,-1.0628193021482917,-0.003101185253661943,-0.0006969157515034249
0.05,-7.693352362924873e-05,1.500089565480831,-1.0003856657088177,-0.5400806518058375,-1.1087117130658035e-05,-1.1669084090879433e-06,-0.0038132656300415404,0.003697612288744959,-0.018186816685114016,-0.0038564018162147162,-0.0005178801952797557,-4.846286185312529e-05,-0.18539757557073025,0.19556252715016068,-0.9294784858595909,-0.0917669249621329,-0.14003921044298173,-0.27389945222275763,-0.035536151296734104,-4.038408621979241,-4.775578338149096,-1.0728005937307148,-0.004193842442663937,-0.0007661849022262917
0.06,-0.0001302336990804088,1.500135675865777,-1.0006353146009435,-0.5401340661446402,-1.8109574410757012e-05,-1.7809858075346892e-06,-0.005330017545116006,0.004611038494574633,-0.024964889212586237,-0.0053414338802632395,-0.0007022457280098978,-6.140773984467458e-05,-0.20413450709549463,0.19277256205803725,-1.0005010102601486,-0.11060595017136876,-0.13960079910210266,-0.268891455981977,-0.044667879296668156,-4.0427845188738205,-4.818009196550846,-1.0824496847621647,-0.005267667260167439,-0.0008341208665902165
0.07,-0.0001995043110320805,1.5001898377752496,-1.000955593737097,-0.5402030462917051,-2.7046030781740172e-05,-2.5235582611846735e-06,-0.006927061195167171,0.005416190947281076,-0.03202791361536804,-0.006898014706486077,-0.0008936456370983161,-7.425724536499844e-05,-0.21581799533748514,0.1838507279839275,-1.0392874278461421,-0.12257677342322193,-0.13789169061085949,-0.26263829503579933,-0.05361164654162825,-4.046374456628606,-4.858853713262468,-1.091693154035429,-0.006318528462449028,-0.0009004083219041908
0.08,-0.000285178402067985,1.5002509132309205,-1.0013476519462476,-0.5402879142019198,-3.7928786571660215e-05,-3.392524432401063e-06,-0.008567409103590447,0.006107545567085984,-0.03920582091504832,-0.00848679102147027,-0.001088275578992004,-8.689661712163898e-05,-0.22229314267998962,0.17207905732010695,-1.0536998203063124,-0.12939801558681063,-0.135105826736724,-0.2551734821758807,-0.06233609240142307,-4.049002637796818,-4.897835167604014,-1.1004614696721484,-0.007342491625711017,-0.0009647415718459208
0.09,-0.000387411355871654,1.5003178549686447,-1.001811306455925,-0.5403886801093151,-5.0761210438405705e-05,-4.384812415517025e-06,-0.010223295380366901,0.006694173772417241,-0.04636545096775144,-0.010076590739523193,-0.001283242386674549,-9.922879831159625e-05,-0.22487022850223798,0.15965652594303753,-1.0491751616439953,-0.13225789337373817,-0.13138915154707342,-0.2465344657885724,-0.07081129390184066,-4.050499571833656,-4.934690974493513,-1.1086890348060796,-0.008335799147322737,-0.0010268252199095891
0.1,-0.000506146558022187,1.5003898018730601,-1.002345301504732,-0.5405051000606929,-6.552425698150363e-05,-5.496511046704031e-06,-0.0118735202150533,0.007194690441552828,-0.05339950488068341,-0.011641995137776022,-0.0014763046543097916,-0.00011116986311870058,-0.22448163843671382,0.14804228331300412,-1.0295140253124375,-0.1319859828539598,-0.12685400515847867,-0.23676284398277897,-0.07900864040635022,-4.050704436368736,-4.9691733257313855,-1.1163143204446067,-0.0092948607176353,-0.0010863750333344993
0.11,-0.0006411623207459296,1.5004661396820356,-1.002947492679829,-0.5406367171502009,-8.21811537917409e-05,-6.72296989042932e-06,-0.01350157627237426,0.0076337808975421445,-0.06021911750970255,-0.01316170895080249,-0.001665689681023728,-0.0001226458843725289,-0.22179307227047096,0.13818897100632063,-0.9974159161131598,-0.12917055479028772,-0.12158922183428367,-0.22590447358372956,-0.08690078141140493,-4.0494669281101485,-5.001050010045944,-1.1232800505135887,-0.010216250421047091,-0.0011431189063370291
0.12,-0.0007921056095904904,1.5005465376961202,-1.0036149815387903,-0.5407828918665893,-0.0001006807990101983,-8.058877956596178e-06,-0.015094328884456071,0.008039801408466635,-0.06674888589612202,-0.014617471638843886,-0.0018499645218457402,-0.00013359080661668588,-0.21728231928017314,0.13070130506529803,-0.9548424968418646,-0.12423813388640248,-0.11566728201987564,-0.21400948844562084,-0.09446162080635047,-4.046648759064749,-5.030105325560455,-1.1295334145359848,-0.011096708100362729,-0.0011967978677777814
0.13,-0.0009585164924193609,1.5006309687924249,-1.0043442171585355,-0.5409428252185532,-0.0001209602526375933,-9.498328150479762e-06,-0.016641088282887052,0.00844310963045633,-0.07292356197451509,-0.01599333519638159,-0.0020279453627394988,-0.0001439450193883584,-0.21129503103137506,0.12594386040375846,-0.9032637920101168,-0.11750733657231249,-0.10914938755553905,-0.20113224372583322,-0.1016663406604583,-4.042124907825435,-5.056141022711889,-1.1350262906597395,-0.011933143447271801,-0.0012471670982154301
0.14,-0.001139846084149505,1.5007197177073837,-1.0051310758690553,-0.5411155771155683,-0.00014294659286068293,-1.1034872319264157e-05,-0.0181329591730144,0.008874891495871323,-0.07868587105197605,-0.017275189701520755,-0.002198634022308964,-0.0001536544168784395,-0.2040841817518764,0.1241143294147457,-0.843824800307585,-0.10922521418504338,-0.10208906225681025,-0.18733120097044048,-0.1084914432240365,-4.035784700742469,-5.078977233145493,-1.1397154667543488,-0.012722641773066787,-0.0012939969325146928
0.15,-0.0013354699474555174,1.5008133809661515,-1.0059709267655066,-0.5413000816731681,-0.000166558329220416,-1.2661570260063857e-05,-0.019562386330601235,0.009366325876781215,-0.08398508964512524,-0.01845045575997508,-0.002361173635973307,-0.00016266979407997004,-0.195837962340774,0.12529331484551892,-0.7774579573773165,-0.09959169222508701,-0.0945347016338165,-0.1726687660170234,-0.11491480326940563,-4.027532771785184,-5.098453352465875,-1.1435628507349413,-0.013462470721543003,-0.0013370738307905564
0.16,-0.0015446983331653785,1.5009128607585067,-1.0068586880980515,-0.5414951605612015,-0.00019170650808929854,-1.4371035002882154e-05,-0.020922838570986115,0.009947979235535137,-0.08877613325448092,-0.019507888803337533,-0.002514817886888251,-0.00017094647428182974,-0.18669947427052128,0.12947817586798901,-0.7049587431445348,-0.08877590703547611,-0.08653137254209964,-0.15721108896568986,-0.12091572511629278,-4.01728993077956,-5.11442885341482,-1.146535663648235,-0.014150087389126938,-0.0013762013045538713
0.17,-0.0017667842353924343,1.5010193543294164,-1.0077888779402555,-0.5416995351387557,-0.00021829560594861027,-1.6155475943764594e-05,-0.022208590222705576,0.010649357090959637,-0.09301898422039828,-0.02043745775541356,-0.0026589097859311727,-0.00017844409408824402,-0.17678061032411382,0.13660604104531238,-0.6270361927342629,-0.07692702741218183,-0.07812207732013221,-0.1410278331842431,-0.12647500019107014,-4.004993955772119,-5.126784012189277,-1.1486066107151296,-0.01478314545742529,-0.001411200787570964
0.18,-0.0020009299467215573,1.5011343399564008,-1.0087556613796613,-0.5419118378640384,-0.0002462242776001776,-1.800674088451302e-05,-0.0234145711329123,0.01149856269845081,-0.09667834394057243,-0.02123027252827717,-0.0027928671651567347,-0.00018512649407484284,-0.1661718142288133,0.14656946835177975,-0.5443463097159141,-0.06418132464529402,-0.06934863579648409,-0.12419191854954953,-0.13157496203689587,-3.990600315193769,-5.135420535019276,-1.1497540267086355,-0.015359502043782974,-0.0014419124427600695
0.19,-0.0022462925933440917,1.5012595602504835,-1.0097528956855288,-0.5421306232935179,-0.0002753860063337521,-1.99163576700147e-05,-0.02453626466225343,0.012522029408257973,-0.09972343058674439,-0.02187854294795051,-0.002916172873357449,-0.00019096167855016792,-0.15494891840435754,0.15922712290725105,-0.457513825761776,-0.05066669469801699,-0.06025229482520822,-0.10677924282818552,-0.13619953648093222,-3.9740828182881063,-5.140262075362485,-1.1499619929147358,-0.015877224049687094,-0.0014681958977577477
0.2,-0.002501988984357405,1.5013970032918238,-1.0107741743712626,-0.5423543788661,-0.00030566968880199456,-2.187557585653643e-05,-0.025569639101331358,0.013744304134023473,-0.10212786857338096,-0.02237555725821525,-0.003028368246824242,-0.0001959218186521731,-0.14317790968399807,0.17441108936883626,-0.3671460149935463,-0.03650545557750373,-0.05087414360005138,-0.08886838417406304,-0.1403342852710305,-3.955434187206671,-5.141254634528487,-1.1492204235857952,-0.01633459384335925,-0.001489930902796571
0.21,-0.002767100006114373,1.5015488819604805,-1.0118128707028977,-0.5425815355874865,-0.00033696017722984335,-2.3875408662077567e-05,-0.026511102175696785,0.015187866865670786,-0.10386963316350471,-0.022715672138639814,-0.0031290488427848802,-0.00019998328055411373,-0.13091822537000383,0.19193192369151313,-0.2738410915954881,-0.021815983842194686,-0.04125539035963466,-0.07054028707662509,-0.14396644197765543,-3.9346665407437307,-5.138366840485401,-1.1475251203233225,-0.016730114157064525,-0.001507017905360862
0.22,-0.0030406747192106664,1.5017176117235265,-1.0128621809559004,-0.5428104786751089,-0.0003691387943978755,-2.5906675320581657e-05,-0.027357471309629317,0.01687297630459167,-0.10493102530026752,-0.022894308762240263,-0.0032178617168032177,-0.00020312666585040913,-0.11822500676689897,0.21158220060521588,-0.1781929172759733,-0.006713577530692488,-0.03143753974459573,-0.05187793366094809,-0.1470849393561005,-3.9118117775207404,-5.131590101199556,-1.1448777932667937,-0.0170625121151423,-0.0015193785368045666
0.23,-0.0033217342637205964,1.5019057870758852,-1.0139151675535216,-0.5430395581870255,-0.0004020838317358289,-2.7960043869754553e-05,-0.028105954450992978,0.018817535235880537,-0.10529865976210999,-0.022907951191661117,-0.0032945037337953364,-0.00020533685491728963,-0.10515061337299897,0.23313907595779368,-0.08079319969905782,0.008689187835055512,-0.02146249824041785,-0.032966001956592175,-0.14968042770440546,-3.8869218452779606,-5.120938630231841,-1.1412860483489742,-0.01733074233796471,-0.0015269560067716682
0.24,-0.0036092756414751216,1.502116156792797,-1.0149648021058515,-0.5432670996333265,-0.0004356710372378549,-3.0026074336444806e-05,-0.028754137775452524,0.021036971691174702,-0.10496345523299688,-0.022754144630096874,-0.003358720550202599,-0.0002066030466690254,-0.09174561326880705,0.2563662212519652,0.017768008178698655,0.024282426212355435,-0.011372626586223955,-0.01389051257838863,-0.1517452840498957,-3.8600688826034184,-5.106449343536341,-1.1367633402255441,-0.017533989091592164,-0.0015297154018846272
0.25,-0.003902275418164969,1.5023515981292097,-1.0160040082924324,-0.5434914145521363,-0.0004697740973373189,-3.209526223634215e-05,-0.02929997766898473,0.02354413364128212,-0.10392061865809345,-0.02243149188098364,-0.003410306009946398,-0.00020691878998973414,-0.07805940331387726,0.28101537697423784,0.1169029507540626,0.03995910378823053,-0.001210751852797065,0.005261534837285423,-0.15327361226165162,-3.8313452197935676,-5.0881816275255245,-1.1313288908103203,-0.017671667473895588,-0.0015276438857786704
0.26,-0.004199693369771818,1.5026150900904454,-1.017025704481068,-0.5437108110216236,-0.0005042651150534547,-3.4158082270794175e-05,-0.02974179516068495,0.026349196123557832,-0.10216961886355451,-0.021939646948723995,-0.003449101771613584,-0.00020628200344520274,-0.06414056902206768,0.30682769518360314,0.21602756967543485,0.05561530966278272,0.008979852542361999,0.0244025341392203,-0.15426123442275078,-3.8008632264931483,-5.066216979509329,-1.125007573654232,-0.01774342364603514,-0.001520750798169916
0.27,-0.004500476085107537,1.5029096858955724,-1.0180228459433354,-0.5439236040727535,-0.0005390150854310892,-3.6205032079105685e-05,-0.030078271533571916,0.02945958051271299,-0.0997141462267468,-0.02127930511300236,-0.0034749970377634496,-0.00020469498083115106,-0.0500370630849956,0.3335349891199715,0.31456339401213096,0.07115057395968716,0.019155513767293325,0.04344465281247224,-0.1547056740069165,-3.7687549952217134,-5.040658522599047,-1.1178297647002458,-0.017749134133820635,-0.0015090676512585302
0.28,-0.004803560527537709,1.5032384847574929,-1.0189884665077524,-0.5441281259636249,-0.0005738943683869584,-3.822667588718073e-05,-0.030308444243017162,0.032879886192056396,-0.09656205644170612,-0.020452189087136054,-0.003487928295586927,-0.00020216438080750457,-0.035796259663067584,0.36086097073058054,0.41193973434055986,0.08646819206376133,0.02927223053163025,0.062300218446765636,-0.15460613158919218,-3.7351718517898815,-5.011630398097978,-1.1098311602292894,-0.017688904236833856,-0.0014926480223857149
0.29,-0.005107877553190397,1.5036046031099644,-1.019915719480803,-0.5443227362742667,-0.0006087731584451719,-4.02136878809996e-05,-0.03043170256526886,0.036611835247151,-0.09272529730506208,-0.019461031064177667,-0.0034878790058213436,-0.00019870119938188665,-0.021464926073656673,0.38852253086656524,0.5075960497753295,0.10147552739301391,0.039285766609515216,0.08088211014198947,-0.15396345397801753,-3.7002836858745063,-4.979277039281362,-1.1010525630837045,-0.01756306559434041,-0.0014715673424840433
0.3,-0.005412355379326625,1.5040111454203076,-1.0207979176614685,-0.5445058317801565,-0.0006435219504147286,-4.2156895124950854e-05,-0.03044778261362269,0.04065423103432986,-0.08821981806653728,-0.018309550588982294,-0.0034748791969556694,-0.00019432072439512496,-0.007089142470889635,0.4162310980161822,0.6009843952193586,0.11608427493694107,0.04915176638054571,0.09910415339811571,-0.1527800977844246,-3.6642780975946465,-4.943762331296467,-1.091539638513982,-0.01737217296595838,-0.001445922580481377
0.31,-0.0057159229945163035,1.5044611747363639,-1.021628572274718,-0.5446758560630345,-0.0006780119997802084,-4.40473198396076e-05,-0.03035676151896787,0.04500293160564159,-0.08306546132494078,-0.017002428287796374,-0.003449004936547992,-0.0001890424714656744,0.007285807817647117,0.44369409748152244,0.6915718826639321,0.13021067504191075,0.05882589231578089,0.11688151694654775,-0.15106008854056097,-3.6273593587464132,-4.905268662686579,-1.081342641239692,-0.017117000291743432,-0.0014158318244351447
0.32,-0.006017513501415042,1.5049576831265876,-1.0224014306523148,-0.5448313088185472,-0.0007121157764047839,-4.587622085056042e-05,-0.030159050689873797,0.04965083902236472,-0.07728583775967647,-0.015545275551276973,-0.003410377662457545,-0.00018289010109528224,0.021615560408206603,0.47061652231571816,0.7788431089849851,0.14377567226871957,0.06826398446910636,0.13413110987587765,-0.1488089765420752,-3.589747190348868,-4.863995874755194,-1.0705161155446712,-0.016798536100754706,-0.00138143376078133
0.33,-0.006316067382970584,1.5055035621823591,-1.0231105124943802,-0.544970754821653,-0.0007457074100551727,-4.763513401899402e-05,-0.029855388155554205,0.05458790557714818,-0.07090818420654954,-0.01394460031058099,-0.003359163365038882,-0.00017589131684336016,0.035856791835697024,0.49670261907757324,0.8623025158464097,0.15670501821495897,0.07742224190261496,0.1507719772899298,-0.14603379061525293,-3.551675361259108,-4.820160115634764,-1.0591185704374617,-0.01641797833926121,-0.0013428870536762653
0.34,-0.006610535683571979,1.5061015737611743,-1.0237501445517896,-0.5450928325124047,-0.0007786631262311548,-4.931591146554423e-05,-0.029446830060139564,0.059801157881511004,-0.0639632057409414,-0.012207769075163,-0.003295571617598214,-0.00016807774465502068,0.049967332067028185,0.5216576848474676,0.9414766567549228,0.16892932025966623,0.0862574256341169,0.16672569261198927,-0.14274299099900498,-3.513390115764517,-4.773992606503179,-1.047212132098546,-0.015976728689550784,-0.0013003696269844778
0.35000000000000003,-0.0068998830978082215,1.5067543211578682,-1.0243149935771827,-0.5451962621665981,-0.0008108616708029715,-5.091075940140385e-05,-0.028934741423624198,0.06527473966939784,-0.056484902539320585,-0.010342965419335505,-0.0032198544571816704,-0.0001594847935859615,0.0639062608192466,0.5451899665356262,1.0159163531508857,0.18038404053960821,0.09472708219980813,0.18191674452229908,-0.13894642248363726,-3.4751484411853952,-4.725738327897215,-1.0348621760040475,-0.015476386447881444,-0.0012540778520182868
0.36,-0.007183090960978286,1.5074642208981228,-1.0248000974008267,-0.545279853617753,-0.0008421847220169768,-5.241227438452301e-05,-0.02832078631700651,0.07098997402546109,-0.04851038236440546,-0.008359145115487347,-0.003132305121400522,-0.000150151498311916,0.07763398306143797,0.5670126490171397,1.085198726443714,0.1910094512333158,0.1027897863219216,0.19627291638869532,-0.13465526886345955,-3.437216189554093,-4.675654634502858,-1.022136941259439,-0.014918742025589632,-0.001204225644660924
0.37,-0.007459160137166864,1.5082334753538664,-1.0252008939965207,-0.5453425134989265,-0.0008725172885143425,-5.381347782396945e-05,-0.027606917618857828,0.07692544557435507,-0.04007965956941364,-0.006265988117352803,-0.0030332566497365755,-0.0001401203439446443,0.09111228086457955,0.5868459148694768,1.1489290966230143,0.20075055352483062,0.11040540050133468,0.20972565593106424,-0.12988200964046484,-3.3998660703106465,-4.624009807155833,-1.0091071297948788,-0.014305770130929285,-0.0011510434760020239
0.38,-0.007727113802462187,1.5090640463835623,-1.0255132484120166,-0.5453832519749121,-0.0009017480921120709,-5.5107848561994684e-05,-0.02679536652953231,0.08305710296958049,-0.031235441549585748,-0.00407384759856251,-0.0029230803597728367,-0.00012943707380252343,0.10430434031266417,0.6044190553592859,1.2067427408549078,0.20955696850807648,0.11753534866203408,0.22221043275202246,-0.12464037976430202,-3.3633755336058515,-4.571081551061245,-0.9958454931648633,-0.013639622681101048,-0.0010947773010803806
0.39,-0.007986000122649892,1.509957630201582,-1.025733477447915,-0.5454011889374242,-0.0009297699342137903,-5.6289353371021134e-05,-0.025888632018770535,0.08935838180197214,-0.02202290358983884,-0.0017936962512052662,-0.0028021842101719485,-0.00011815048090264518,0.11717475355513851,0.6194726097643152,1.2583065075284816,0.21738280884481043,0.12414290029508412,0.23366708128014618,-0.11894533301335894,-3.328024566171229,-4.5171554494399375,-0.9824264097581388,-0.012922621484444424,-0.001035687410762915
0.4,-0.00823489482638636,1.510915633679715,-1.0258583719786156,-0.5453955596378978,-0.000956480044844376,-5.735247521155625e-05,-0.024889470373646805,0.09580034781328098,-0.01248945307006036,0.0005629299526358216,-0.0026710110630585766,-0.000106312184053512,0.12968949729252113,0.6317605080894331,1.3033202827303727,0.22418654018635298,0.13019346091908524,0.24404012660818425,-0.11281300941765751,-3.294093423746092,-4.462523381932002,-0.9689254552587943,-0.012157250722253609,-0.0009740472121905306
0.41000000000000003,-0.00847290367636314,1.511939152280254,-1.0258852168185906,-0.5453657197345417,-0.000981780413432515,-5.829223910688283e-05,-0.023800884997677928,0.10235186005391676,-0.0026844839974981723,0.0029839903356062487,-0.002530036858813887,-9.397638953265785e-05,0.14181589005240997,0.6410521907251103,1.3415183071797778,0.22993084133468766,0.13565486412817673,0.25327909068290566,-0.1062607069020135,-3.2618603256969703,-4.407481917138206,-0.955418969206202,-0.011346149248530118,-0.0009101419435913918
0.42,-0.008699164842257724,1.5130289498139562,-1.0258118080470062,-0.54531114973227,-0.001005578100594663,-5.910423550120069e-05,-0.022626116589458393,0.10897975337021103,0.007340877158437752,0.005457000227176795,-0.0023797687162148,-8.119963943178593e-05,0.15352253153026832,0.6471346775944247,1.3726703423654827,0.2345824717588032,0.14049766006190245,0.26133877631009994,-0.09930685709377335,-3.2315991386826264,-4.3523306886607935,-0.9419836204803456,-0.010492102714619903,-0.0008442673296010791
0.43,-0.00891285118027239,1.514185440207456,-1.0256364677135292,-0.5452314587961177,-0.0010277855302986457,-5.978464097962737e-05,-0.021368633801466558,0.1156490393499843,0.017534033347691973,0.007969093615238013,-0.0022207429703982665,-6.804054784266794e-05,0.1647792280293229,0.6498145588368428,1.396582685021311,0.238112154533745,0.14469539483115723,0.26817952649358834,-0.09197100500021722,-3.203577076975861,-4.297370763920801,-0.9286959744909359,-0.0095980355145313,-0.0007767281835383835
0.44,-0.009113172424750581,1.5154086714534576,-1.0253580558580455,-0.5451263879207281,-0.0010483207619021828,-6.033023624102549e-05,-0.020032124447819148,0.12232312460016107,0.027841185548368418,0.010507087538956942,-0.0020535231603537006,-5.455952613981187e-05,0.17555690862520063,0.6489198790777001,1.4130990292349621,0.24049448196159418,0.14822487528703943,0.27376745672560365,-0.08427379202366973,-3.1780524473276777,-4.242903014884372,-0.9156320647748137,-0.008667002536234845,-0.0007078369633667299
0.45,-0.009299377297699819,1.5166983119032682,-1.0249759797870168,-0.5449958124405022,-0.0010671077416681777,-6.0738421227928176e-05,-0.018620487294923778,0.12896404498106306,0.038207607102875726,0.013057548022590787,-0.001878697976599493,-4.081849869026905e-05,0.18582753709271727,0.6443018878256923,1.4221011754311232,0.24170785017592689,0.15106641353882455,0.27807465799396913,-0.0762369415548994,-3.1552724660359397,-4.189226499630435,-0.9028669716080087,-0.007702180694830415,-0.0006379122883257305
0.46,-0.009470755542024157,1.5180536390450996,-1.0244902005593526,-0.5448397438670434,-0.001084076533452587,-6.100722733179432e-05,-0.0171378244324339,0.13553271418312957,0.04857792276641314,0.015606857345882628,-0.0016968791784409364,-2.6880610386614733e-05,0.19556402485613344,0.6358366295178356,1.4235095852654718,0.24173442786760901,0.1532040458175301,0.2810793684675882,-0.06788324617500273,-3.135471175155373,-4.136636863442311,-0.8904744101185488,-0.006706860215536457,-0.0005672774234464627
0.47000000000000003,-0.009626639883873392,1.519473530893173,-1.0239012366450226,-0.5446583310426388,-0.001099163528340571,-6.113532660635254e-05,-0.015588434184923538,0.1419891848073364,0.05889639143300053,0.018141282440452395,-0.001508699488798402,-1.2809927455822195e-05,0.20474015025592052,0.6234263481745309,1.4172837811423606,0.24056016299566707,0.1546257206430932,0.2827661120633183,-0.05923655530994366,-3.118867483565378,-4.085424767811209,-0.8785263302458134,-0.005684435628373155,-0.0004962587393684445
0.48,-0.00976640792875887,1.5209564600922185,-1.0232101647302283,-0.544451860600707,-0.0011123116330715697,-6.112203793679622e-05,-0.013976804488547786,0.14829291990453888,0.0691071914794275,0.020647044193173317,-0.0013148104730998824,1.3288669556311859e-06,0.21333048926583761,0.6070006835207475,1.4034225886707108,0.23817482995868122,0.15532345177751194,0.28312580237878693,-0.05032176202712707,-3.105663356913272,-4.035874355405909,-0.8670925307345829,-0.004638396432486357,-0.00042518415505611313
0.49,-0.00988948399498774,1.5225004908196698,-1.022418617653851,-0.5442207567264378,-0.0011234704371437204,-6.0967330127979106e-05,-0.012307606622887152,0.15440307274513299,0.07915470763772724,0.02311038742692435,-0.001115880407215078,1.5470780881711194e-05,0.2213103624506923,0.5865176377453416,1.3819642199509492,0.23457211822187674,0.15529343211917812,0.28215581079578467,-0.04116478754607714,-3.096042178300987,-3.9882617586948665,-0.8562402891796028,-0.00357231738653716,-0.0003543815711673092
0.5,-0.009995340886561429,1.5241032785439932,-1.0215287794711263,-0.5439655802132729,-0.0011325963585230366,-6.0671821890441415e-05,-0.010585689157368766,0.16027877243234614,0.08898381827246354,0.025517651316487273,-0.0009125921379316252,2.9550823753769068e-05,0.2286558024403609,0.5619642947800636,1.3529861951681623,0.22974976190072827,0.1545361054950518,0.27985999790117283,-0.03179256196083462,-3.0901672990199023,-3.9428536595096535,-0.8460340099524309,-0.0024898483826293213,-0.0002841773019543695
0.51,-0.010083501606013371,1.5257620726724266,-1.0205433776521162,-0.5436870268134436,-0.0011396527679040024,-6.023677871897937e-05,-0.008816071945194296,0.16587941284333446,0.09854018190099692,0.027855339982931875,-0.000705640938096592,4.3504317146204307e-05,0.23534354552767633,0.5333572770472934,1.3166050996125636,0.2237097082668713,0.15305619421262873,0.276248707738488,-0.022232999644366935,-3.0881807957085687,-3.8999059064161425,-0.8365348916495915,-0.0013947038649422554,-0.00021489451367761464
0.52,-0.010153541005778616,1.5274737220952757,-1.0194656724345765,-0.5433859248835043,-0.0011446100914772209,-5.966410667446731e-05,-0.007003939976524463,0.17116494228491322,0.10777052175396651,0.03011019299393023,-0.0004957323573218432,5.726720445120581e-05,0.24135105020044806,0.5007429280105625,1.2729761729816376,0.21645832164259993,0.15086268121173085,0.2713387247747656,-0.012514967828040647,-3.0902024470667757,-3.8596621963165303,-0.827800615502706,-0.00029065176056474433,-0.00014685167757808677
0.53,-0.010205087374654136,1.5292346836071515,-1.0182994433632684,-0.5430632323286995,-0.001147445892158485,-5.8956343095664234e-05,-0.005154636887552022,0.1760961511875869,0.11662290713081595,0.03226925548048516,-0.0002835800681264286,7.077635788030783e-05,0.2466565445183775,0.46419721251645196,1.2222927276851687,0.20800661771871454,0.14796874667662152,0.2651531938386921,-0.002668246923499134,-3.0963289397699083,-3.8223528262444,-0.8198850559903665,0.0008184981011314426,-8.036104548733442e-05
0.54,-0.010237823953790389,1.5310410331584967,-1.0170489730606405,-0.5427200328530694,-0.001148144929224492,-5.811664428369963e-05,-0.0032736579136253014,0.1806349551345108,0.12504703026278532,0.03431994756300901,-6.99037066007051e-05,8.396988119646032e-05,0.2512391032752967,0.4238253307921291,1.164785392900634,0.198370521973124,0.14439165999587433,0.2577215036473535,0.007276518720128637,-3.1066333095594505,-3.7881935208402164,-0.812838014691089,0.001928906093095417,-1.5727156142210375e-05
0.55,-0.010251490374521803,1.5328884798638218,-1.0157190282870892,-0.5423575315254483,-0.0011466991962860282,-5.7148770217752495e-05,-0.0013666420731414566,0.18474467053251725,0.13299447735514092,0.03625013276210469,0.00014457329384640156,9.67874065947137e-05,0.25507875487870885,0.37976104600089955,1.1007211813466466,0.18757114463979363,0.14015262895678493,0.24907913488010042,0.01728788075589264,-3.1211646197129514,-3.7573843405085356,-0.8067049782195825,0.0030367154185660266,4.675461978307033e-05
0.56,-0.010245884008268485,1.534772382666634,-1.0143148383626557,-0.5419770496749245,-0.001143107937512668,-5.605706637602915e-05,0.0005606366253318369,0.18839028028121999,0.1404189924433467,0.03804818505237448,0.000359125877336029,0.00010917038417233416,0.25815661686603025,0.3321657293994693,1.0304023761659968,0.17563506361237957,0.13527660899955984,0.23926747407134286,0.027333658387457018,-3.1399478752978984,-3.730108674763694,-0.8015269008975178,0.004138065247081317,0.00010679948802226895
0.5700000000000001,-0.010220861216794502,1.536687769535471,-1.0128420710359922,-0.5415800191329071,-0.0011373776420067338,-5.4846442751427124e-05,0.00250227914739826,0.19153868688370357,0.14727673266634778,0.03970305420174476,0.0005730295505934131,0.00012106236246020291,0.26045505799385865,0.2812271313196126,0.9541652359591448,0.16259460578431684,0.12979207620212518,0.2283335948760179,0.03738102217811306,-3.162984167867828,-3.706532324770181,-0.7973400126273789,0.005229104327393059,0.0001641345846978672
0.58,-0.010176338489357794,1.5386293590411508,-1.0113068059006312,-0.5411679758426593,-0.0011295220162113263,-5.352235016616152e-05,0.004452272743670789,0.19415895056798904,0.15352651353611407,0.041204329024780155,0.0007855625795407428,0.0001324092585265605,0.2619578839151494,0.22715789034502262,0.8723785168931184,0.1484881166317411,0.12373076839139707,0.21633000850187695,0.04739659047965025,-3.19025104164482,-3.686802678579837,-0.7941756522660801,0.006306005029785442,0.00021850026841975718
0.59,-0.010112293451795916,1.5405915841426634,-1.0097155054729512,-0.5407425528609898,-0.0011195619342303919,-5.209075400404398e-05,0.006404503756187687,0.1962225101512659,0.15913004276799816,0.04254229816694266,0.000996008198093441,0.00014315961621175403,0.26265054262904847,0.17019379710003602,0.7854418119094141,0.13336020742735855,0.11712739935888639,0.20331438530748575,0.05734653852426484,-3.2217030688268866,-3.671047982062612,-0.7920601266356035,0.007364977753966413,0.00026965134327422197
0.6,-0.010028765731416226,1.5425686179884333,-1.0080749840606196,-0.5403054727807065,-0.0011075253659405318,-5.0558105492959237e-05,0.00835277203796905,0.19770338457698947,0.16405214123317208,0.04370800802833336,0.0012036568289859992,0.00015326485110847435,0.2625203451754777,0.11059183293542638,0.6937837083865247,0.11726196925357879,0.110019351579427,0.18934924972348116,0.06719671989307613,-3.2572726185344654,-3.65937670802351,-0.7910145951625134,0.008402285623012033,0.00031735820583349164
0.61,-0.009925857660745298,1.5445544015212922,-1.0063923745645789,-0.5398585396063991,-0.0010934472827867617,-4.89313106832962e-05,0.010290807067092712,0.1985783532858976,0.1682609496040794,0.04469331743074789,0.001407808315377007,0.00016267948096630367,0.26155669647352475,0.04862800741586445,0.5978597671298992,0.10025114306466487,0.10244635308031214,0.1745016507780941,0.07691279974265676,-3.2968708011332275,-3.651877025497751,-0.7910549800079051,0.009414259369403,0.0003614079097437854
0.62,-0.009803734802776527,1.5465426726597182,-1.004675093371699,-0.539403630120085,-0.0010773695411794852,-4.721769728057411e-05,0.012212285796877068,0.1988271138425959,0.17172811928797524,0.04549094863140931,0.001607774160727634,0.0001713613402722086,0.25975133078600626,-0.015404978194790009,0.49815032726324304,0.08239223537290186,0.09445014418124109,0.1588428105924149,0.08646039884760945,-3.340388567299848,-3.6486163707219146,-0.7921919014349226,0.010397312306568119,0.0004016051419468115
0.63,-0.009662626280361152,1.5485269968149757,-1.0029308035088647,-0.5389426847771751,-0.0010593407434489018,-4.5424979502175086e-05,0.014110852241537634,0.1984324155257513,0.17442898628342624,0.04609453429098069,0.0018028797730583388,0.00017927177783990278,0.25709854604443694,-0.08120021135935705,0.3951581434327764,0.06375656973860189,0.08607413972333133,0.14244775326010434,0.0958052472139854,-3.3876979392814195,-3.64964112079331,-0.7944306380626799,0.011347955269058274,0.0004377731051541803
0.64,-0.009502824892828237,1.5505007984939518,-1.0011673762423545,-0.5384776981770474,-0.0010394160763667556,-4.356122113886539e-05,0.015980138753291448,0.1973801678976173,0.17634272665100484,0.04649866001277746,0.0019924667082146155,0.0001863758363309699,0.2535954311945856,-0.14843916008706853,0.2894058636782128,0.04442226510897712,0.07736309213962711,0.12539491655405474,0.10491334574596917,-3.4386533503766206,-3.6549763705559557,-0.7977711115732328,0.012262811396944557,0.00046975430182190673
0.65,-0.009324687003792062,1.552457393730877,-0.9993928513187257,-0.5380107091561998,-0.0010176571273140902,-4.163479701157625e-05,0.017813788903617477,0.19565952369252168,0.1774524923628802,0.04669890208476647,0.0021758949052665404,0.00019264241272891377,0.24924208082359198,-0.2167943417342196,0.1814333583243325,0.02447413317069625,0.06836276030347754,0.1077657488987864,0.1137511342164934,-3.493093067762919,-3.664625812791976,-0.8022078953716815,0.01313863063559627,0.0004974112155570657
0.66,-0.009128632185396706,1.554390023087862,-0.9976153960548582,-0.5375437905554388,-0.0009941316782572656,-3.965435302263647e-05,0.01960548183953565,0.19326293569849973,0.17774552638675073,0.04669186007609468,0.0023525449056824694,0.000198044398893978,0.2440417915995201,-0.2859320330649917,0.07179491226611216,0.004003488209565753,0.05911958854657895,0.0896442940353086,0.12228566360944486,-3.550840673422805,-3.6785717213545666,-0.8077302466476706,0.01397230382085148,0.0005206268866225347
0.67,-0.008915142605930824,1.5562918849643168,-0.9958432634951848,-0.5370790387157829,-0.0009689134777921857,-3.7628765008225475e-05,0.021348957946588202,0.1901861876454728,0.17721325596733398,0.046475183965583165,0.002521820046507993,0.00020255880144109942,0.23800123548257665,-0.355514985179322,-0.03894370500697929,-0.01689213545629209,0.04968039959008874,0.07111676577386122,0.13048477077315354,-3.6117065780833895,-3.6967750364554606,-0.8143221612483922,0.01476087622182056,0.0005393053789787704
0.68,-0.008684762149782343,1.5581561689588268,-0.9940847498632569,-0.5366185627606757,-0.0009420819916271968,-3.556709660517162e-05,0.02303804561484807,0.18642839945099132,0.17585136319278716,0.04604759551072246,0.0026831486164988877,0.00020616684030538499,0.23113060523777612,-0.42520510691024627,-0.15020827540498344,-0.03810936169899137,0.0400921044098399,0.05227111519544095,0.1383172532558852,-3.6754895437646375,-3.7191755509181386,-0.8219624507471471,0.015501560419094843,0.0005533721371022058
0.6900000000000001,-0.008438095261044718,1.5599760890338683,-0.9923481515425275,-0.5361644737246557,-0.0009137221319967069,-3.3478556350288234e-05,0.024666688873762502,0.1819920075041423,0.17365983207293806,0.04540890360199404,0.0028359859630489865,0.00020885402548833908,0.22344372847149344,-0.49466608098312825,-0.26141925625058776,-0.059539447816870705,0.03040143128830186,0.033196592623252835,0.14575304218562873,-3.7419781917072745,-3.7456921958296654,-0.8306248410759017,0.016191748404768027,0.0005627742316356238
0.7000000000000001,-0.008175805504676534,1.5617449162437018,-0.9906417218274312,-0.5357188735907713,-0.0008839239666280669,-3.137245423416002e-05,0.02622897563681837,0.1768827209833452,0.17064297150963353,0.04456001338843852,0.0029798165368639996,0.0002106102116128213,0.21495814720427953,-0.5635658786144577,-0.37199497272952603,-0.08106885620109816,0.02065467552640632,0.013983306642596352,0.1527633711075436,-3.8109524740842593,-3.7762234236701238,-0.8402780920831123,0.016829022802087642,0.0005674804937433953
0.71,-0.00789861384189111,1.563456010798683,-0.9889736276903801,-0.5352838443007131,-0.0008527824080211016,-2.925815793361537e-05,0.027719166278542425,0.17110945549811682,0.1668094137051013,0.04350292900582583,0.003114155860696528,0.00021142963005446515,0.2056951608525889,-0.6315791403057192,-0.4813548578396313,-0.1025799198277757,0.010897470525225272,-0.005278217592604016,0.1593209387994942,-3.8821850899429347,-3.8106476866698022,-0.850886137377319,0.01741116711629638,0.000567481538850197
0.72,-0.007607296619344555,1.5651028532548081,-0.9873519068130813,-0.5348614368028337,-0.0008203968839400554,-2.7145048948007884e-05,0.02913172225465545,0.16468424561251124,0.162172087729884,0.04224074978793535,0.003238552408104612,0.00021131089856074874,0.19567983139287848,-0.6983893933237604,-0.5889227177941785,-0.12395159697481706,0.0011745802316580622,-0.02449747857012574,0.16540006424329115,-3.9554428282213023,-3.848824007840474,-0.8624082438204181,0.017936174943763532,0.0005627896812224372
0.73,-0.007302683274629787,1.5666790746352413,-0.9857844251315278,-0.5344536602038973,-0.0007868709901585973,-2.5042478863860723e-05,0.030461334471476826,0.15762213804332284,0.15674816815534695,0.04077765989364312,0.003352589378145815,0.000210257008414716,0.1849409503926907,-0.7636910797137664,-0.694130000011423,-0.1450603085997848,-0.008470287702088242,-0.04358443499247224,0.17097683212875683,-4.030487823368261,-3.8905926418471104,-0.8747991900398966,0.018402258083247188,0.0005534387415945103
0.74,-0.006985653763501063,1.5681784853104854,-0.9842788351430832,-0.5340624710905276,-0.0007523121266367833,-2.2959725970390507e-05,0.03170295111287235,0.1499410675244105,0.1505589988444563,0.0391189113369666,0.0034558863521813987,0.00020827528934702153,0.1735109684837073,-0.8271913725987584,-0.7964190403067889,-0.1657808499354827,-0.017994649244304828,-0.062449936601890306,0.17602922750003358,-4.107078712004909,-3.935775822629033,-0.8880094633344419,0.01880785351042855,0.0005394837507356803
0.75,-0.006657135717082435,1.5695951024853412,-0.9828425352212247,-0.5336897630858966,-0.0007168311184413841,-2.0905952444931843e-05,0.03285180464186281,0.1416617174855783,0.1436299921858531,0.037270800463109564,0.003548100819539915,0.00020537735254586636,0.16142588869268704,-0.8886117629019905,-0.895246265703048,-0.18598736611528643,-0.027357393434238486,-0.08100614719455965,0.18053725840814433,-4.184971682119966,-3.9841785944418895,-0.9019854743500964,0.01915162919407755,0.0005210005524881121
0.76,-0.006318101339993022,1.5709231761634128,-0.9814826301787491,-0.5333373567061965,-0.000680541822844721,-1.8890162322354418e-05,0.0339034377089413,0.13280736780716673,0.1359905042475467,0.035240637969996574,0.003628929559666309,0.00020157901225774247,0.1487251258092245,-0.9476894033889515,-0.9900853293813835,-0.20555438010941174,-0.03651891591171097,-0.09916695781686431,0.1844830656994798,-4.2639214094238795,-4.035589722771296,-0.9166697889025475,0.01943248874871984,0.0004980853103741454
0.77,-0.005969564062798416,1.57215721348319,-0.9802058933135976,-0.533006989579887,-0.0006435607241493206,-1.6921160456243516e-05,0.03485372771946061,0.12340373197772718,0.12767368651514735,0.033036712630953466,0.003698109869540037,0.00019690018661108996,0.13545133463122452,-1.004178201959862,-1.0804301547328559,-0.22435785987139578,-0.04544123866903449,-0.11684838819879972,0.18785101933552792,-4.343681878620818,-4.089782681361756,-0.9320013763134073,0.019649574933909765,0.0004708539223656344
0.78,-0.005612574964425949,1.5732920013431986,-0.9790187301629686,-0.5327003070905952,-0.0006060065178837896,-1.500751267196252e-05,0.0356989098372467,0.11347878600085395,0.1187163150629009,0.030668248929179846,0.003755420626553097,0.0001913647784280996,0.12165021046877049,-1.0578496613069095,-1.1657978661890478,-0.2422763105218202,-0.05408811822666604,-0.1339689745566586,0.19062780089406745,-4.424007090425297,-4.146516711406687,-0.9479158736129337,0.01980227202367403,0.0004394413488261848
0.79,-0.005248218982127602,1.5743226272568842,-0.9779271441811539,-0.5324188535019186,-0.000567999686097224,-1.3157507302807861e-05,0.03643559822983474,0.10306259136856367,0.10915859818147108,0.028145358867659512,0.0038006831786565613,0.00018500053691546597,0.10737026568977238,-1.1084934672623412,-1.2457315855104352,-0.25919187657526965,-0.06242514436863056,-0.15045014198278564,0.19280247213662818,-4.5046516580855185,-4.205537948752739,-0.9643458649372559,0.01989020708097824,0.0004040008589770176
0.8,-0.004877610928214792,1.5752444984003229,-0.9769367045446319,-0.5321640636192345,-0.0005296620655435727,-1.1379118290395935e-05,0.03706080539128107,0.09218711434385729,0.09904396365220433,0.02547898826840758,0.003833762055365129,0.00017783890124119266,0.092662586346275,-1.155917833272366,-1.3198030734690156,-0.2749914386595762,-0.07041983139376584,-0.1662165597445697,0.19436652973308088,-4.585371299918289,-4.266580614780153,-0.9812211754138851,0.019913250180894883,0.00036470320149961286
0.81,-0.004501891334112765,1.5760533588370904,-0.976052516274516,-0.5319372550400172,-0.0004911164105925712,-9.679970019293264e-06,0.037571959410202645,0.08088604367675153,0.08841882701158846,0.02268085792173285,0.0038545654951001465,0.0001699148271102671,0.07758057302428085,-1.1999496133077747,-1.3876151983185336,-0.2895676889765548,-0.07804170355905976,-0.18119647792968802,0.19531394640535446,-4.665923236857674,-4.32936826642661,-0.998469178784476,0.01987151363234702,0.0003217357050758102
0.8200000000000001,-0.0041222221432891445,1.5767453049242874,-0.9752791928516152,-0.5317396210401282,-0.0004524859527296122,-8.067304043834396e-06,0.037966919082362126,0.06919460871969584,0.07733234229007142,0.01976339998890734,0.0038630457862959045,0.00016126659754588676,0.06217967001400092,-1.2404342000428572,-1.448804214095539,-0.30282016982183446,-0.08526237602770673,-0.19532204400525383,0.19564119888410061,-4.746066506225121,-4.39361510062131,-1.0160151179581807,0.019765350251823174,0.0002753013147830705
0.8300000000000001,-0.0037397822753128186,1.5773167989214323,-0.9746208314832653,-0.5315722241391304,-0.000413893958513286,-6.547947852195124e-06,0.03824398679763257,0.0571493997144787,0.06583613683499472,0.016739690099774517,0.003859199421632615,0.00015193561916392723,0.04651708670945975,-1.2772352291833742,-1.503041833582271,-0.3146562598525051,-0.09205563221000648,-0.2085295980012397,0.19534728316242184,-4.825562204805538,-4.459027308186272,-1.0337824376226346,0.019595350743380705,0.00022561757031485676
0.84,-0.003355763083717655,1.5777646808394217,-0.9740809911638948,-0.5314359903829309,-0.00037546328784694293,-5.128285799237553e-06,0.038401919159516344,0.04478819179893913,0.05398403193704797,0.013623375619957412,0.0038430670666343065,0.00014196620529575705,0.03065151482903431,-1.3102341142970904,-1.550037082647158,-0.32499209349305325,-0.09839749791931499,-0.2207599451803145,0.19443371757945657,-4.904173675831375,-4.52530447204067,-1.0516931279630457,0.019362340237765032,0.00017291553199053641
0.85,-0.0029713637305109116,1.578086178579764,-0.9736626736531685,-0.5313317043770291,-0.00033731595439069216,-3.814232325559339e-06,0.03843993532067436,0.03214977403421954,0.04183175107262789,0.01042860059017255,0.003814733345625075,0.00013140534736782143,0.014642844619996978,-1.3393294393124442,-1.589537924636674,-0.3337533998086002,-0.10426631228238276,-0.23195860521582762,0.19290453427568396,-4.981666655614561,-4.592141004310628,-1.069668078453845,0.01906737403985771,0.00011743866046347361
0.86,-0.0025877865001165826,1.5782789164246507,-0.9733683074766651,-0.5312600050984041,-0.00029957268989447294,-2.611207565705524e-06,0.03835772303943289,0.019273784488678846,0.029436617650334923,0.0071699278625066195,0.0037743264496219245,0.00012030247598538151,-0.0014481173072114141,-1.3644362379302315,-1.6213326454772976,-0.3408762483869232,-0.10964279486600445,-0.24207603706324654,0.190766259535199,-5.05780939631,-4.659227616701027,-1.0876274405929829,0.018711732628299536,5.944165593828668e-05
0.87,-0.002206232075321915,1.578340921946051,-0.9731997350345812,-0.5312213825086514,-0.0002623525141733456,-1.5241154337807045e-06,0.03815544247946675,0.006200552140019666,0.01685724420838905,0.0038622589752752698,0.003722017572112735,0.00010870921319248197,-0.017559926449912437,-1.3854851904944365,-1.645250992131756,-0.346307691208791,-0.11451010803217439,-0.25106783887252637,0.18802788347347024,-5.132372781638952,-4.726252818228683,-1.1054909983476437,0.018296915944450837,-8.107374230448966e-07
0.88,-0.0018278947974467374,1.5782706314068502,-0.9731582028840706,-0.5312161749854588,-0.00022577231237546426,-5.573242598722317e-07,0.03783372778751778,-0.0070290539200676076,0.004153215051061832,0.0005207523192519979,0.0036580201797881337,9.667911739084727e-05,-0.03363077374052435,-1.4024217693645509,-1.66116505901124,-0.35000629112726855,-0.11885391313180793,-0.2588949224490112,0.18470081944912242,-5.2051304523470145,-4.792904434150106,-1.123178544973563,0.017824637000329224,-6.304495638322831e-05
0.89,-0.0014539579325263756,1.5780668937291786,-0.9732443552407047,-0.5312445675839215,-0.00018994642111405915,2.853499641029288e-07,0.03739368649203618,-0.02037376776716167,-0.00861523566341012,-0.0028392598462663467,0.003582589126140511,8.426742239751605e-05,-0.04959875290413744,-1.4152053635205555,-1.6689899188611377,-0.35194252934767967,-0.12266241881157613,-0.2655236619226231,0.18079885348298602,-5.275858957727223,-4.858871139644943,-1.1406102647601064,0.01729681482730956,-0.00012697986745088146
0.9,-0.001085588964834432,1.5777289731045694,-0.9734582307243357,-0.5313065911336092,-0.0001549862249500884,1.0006576851559016e-06,0.036836896769194376,-0.03379206246093029,-0.02138754836309969,-0.006202354968775703,0.0034960196163970766,7.153077210529729e-05,-0.06540212162039868,-1.4238084120338634,-1.6686839964819238,-0.3520990862396616,-0.12592641945464672,-0.27092601642691727,0.17633808386549485,-5.344337948718379,-4.923844001543105,-1.1577071181419414,0.01671556677968586,-0.0001923280344759113
0.91,-0.0007239349386123923,1.5772565503176654,-0.9737992623545213,-0.5314021221717621,-0.00012099976462495528,1.5859272069803214e-06,0.036165402622203954,-0.04724227869039587,-0.034103163018557855,-0.00955310381528881,0.0033986460325133114,5.852695218244196e-05,-0.080979556813841,-1.4282155741924627,-1.6602491854223456,-0.3504709918065245,-0.1286393216159304,-0.27507962671943725,0.17133685103316715,-5.410350426910607,-4.987518021114258,-1.1743912285076097,0.01608320020016753,-0.00025879700004095716
0.92,-0.0003701178684538835,1.576649722850067,-0.9742662807807796,-0.5315308837075436,-8.809135835569507e-05,2.039073409073294e-06,0.03538170701585088,-0.060682746759826996,-0.04670184262583191,-0.012876153578152489,0.003290840626926021,4.531462020929724e-05,-0.09627040487084527,-1.4284229615423372,-1.6437307094796334,-0.34706564417086483,-0.13079715625634275,-0.2779678857900086,0.16581565770488754,-5.473683062279657,-5.0495936706795925,-1.190586268927941,0.015402203448464016,-0.0003260905758546371
0.93,-2.523023843978826e-05,1.575909003823891,-0.9748575207134295,-0.5316924468069824,-5.636123742098828e-05,2.3586037650857064e-06,0.034488763001409524,-0.07407190261762006,-0.059123993264986165,-0.01615630994387479,0.003173012093470679,3.195303560124124e-05,-0.1112149279574508,-1.4244374539722382,-1.6192167324487665,-0.34190269651993965,-0.13239857463210458,-0.27957998360399616,0.15979707919692387,-5.5341265906563795,-5.1097784165640014,-1.2062178469253464,0.01467523628969946,-0.00039391013752761205
0.9400000000000001,0.000309669390145218,1.5750353198360176,-0.9755706305017704,-0.5318862329831154,-2.5905197187637804e-05,2.543621671186775e-06,0.03348996285850062,-0.08736839878733035,-0.07131097883409492,-0.01937861761330891,0.003045604023335048,1.8501790610106847e-05,-0.12575454787144996,-1.4162761183272234,-1.5868377210994182,-0.33501381495534766,-0.13344482585782758,-0.2799109262132533,0.15330566378910823,-5.591476299852384,-5.167788220689652,-1.2212138853109433,0.013905119636823489,-0.00046195591927470557
0.9500000000000001,0.0006335606428554266,1.5740300077242169,-0.9764026847879983,-0.5321115173709539,3.1857353442535307e-06,2.5938271075050246e-06,0.032389125271020856,-0.10053121118007358,-0.08320542862278474,-0.02252843878384401,0.0029090932531891335,5.020543631824962e-06,-0.13983208899138877,-1.4039657439862083,-1.5467655678128933,-0.3264423116689361,-0.13393971443249386,-0.2789615295394329,0.1463678229991597,-5.645532611043166,-5.2233490129269295,-1.235504997032519,0.013094824640695857,-0.000529928304231773
0.96,0.000945465448305929,1.5728948102957314,-0.9773502001476525,-0.5323674326622543,3.082561646172309e-05,2.50951466727935e-06,0.031190480545050234,-0.11351974284854938,-0.09475153596541686,-0.02559152913004275,0.002763988111746956,-8.431244022567465e-06,-0.15339202187527606,-1.3875425054983586,-1.4992124806945846,-0.3162426597241872,-0.13388953639166223,-0.2767383881946567,0.13901171164208237,-5.696101759497131,-5.276198126173673,-1.2490248519047789,0.012247461123285487,-0.0005975291062018892
0.97,0.0012444519869930257,1.5716318710378945,-0.978409153610663,-0.532652973770735,5.6933882162041954e-05,2.2915689991712587e-06,0.02989865386870966,-0.1262939257836871,-0.10589534630105846,-0.028554110848071912,0.0026108265700318864,-2.1794566810809112e-05,-0.16638070891052206,-1.367051757858266,-1.4444296502944738,-0.30447989745698756,-0.1333029932161448,-0.273253819755523,0.1312670976095352,-5.742996576076557,-5.326085686036109,-1.2617105330363299,0.011366265353505654,-0.0006644628387498562
0.98,0.0015296384530763677,1.5702437278193426,-0.9795750039413088,-0.5329670031943441,8.143562515796113e-05,1.9414577182173577e-06,0.0285186466083342,-0.1388143218551863,-0.11658503306457199,-0.031402942360910416,0.0024501742995919184,-3.501112809539012e-05,-0.17874665312609708,-1.3425479654302424,-1.3827057033157395,-0.2912289320920962,-0.13219108317725936,-0.2685257849521439,0.12316522140086732,-5.786037368171499,-5.372775946942237,-1.2735028807273747,0.010454587171577632,-0.0007304379676459743
0.99,0.0018001966094064626,1.568733305579764,-0.9808427155407045,-0.5333082570374971,0.00010426185157701365,1.4612218501170453e-06,0.027055815633009486,-0.151042223957853,-0.12677115993956498,-0.034125384315293564,0.0022826226419052527,-4.802358681003124e-05,-0.19044075085682213,-1.3140947610247575,-1.3143649548861462,-0.2765737535483854,-0.13056697041317733,-0.26257778427659473,0.11473864557200947,-5.82505289590926,-5.416048566537337,-1.28434682159007,0.009515876476347138,-0.000795168142719506
1.0,0.0020553551160197693,1.5671039079962799,-0.9822067848218905,-0.53367535165287,0.00012534971648992427,8.53463881943893e-07,0.025515850661330688,-0.16293975834841798,-0.13640692811860933,-0.03670946153729031,0.0021087864912910626,-6.077579681731523e-05,-0.20141654841147374,-1.2817651272949948,-1.2397654720853963,-0.26060657061594394,-0.12844583269416465,-0.25543873155979874,0.10602109443759168,-5.859881436661961,-5.455699810298011,-1.2941916806415126,0.008553669100448639,-0.0008583734052201898
1.01,0.0022944026123284276,1.565359208105828,-0.9836612688952713,-0.5340667908593789,0.00014464273741848056,1.2133349994252032e-07,0.023904749630865817,-0.17446998904516764,-0.14544840733807538,-0.039143920650897654,0.0019293020928556296,-7.321303820013726e-05,-0.21163050225998042,-1.2456416885642925,-1.1592969624820748,-0.2434268826406596,-0.12584468952404815,-0.24714280511463138,0.09704728456063211,-5.890371928105835,-5.491543678460558,-1.302991474138803,0.007571572110308951,-0.0009197813668043868
1.02,0.002516690533355644,1.563503237855641,-0.9851998163911021,-0.5344809736904057,0.00016209098498265212,-7.314888981602403e-07,0.022228792102721648,-0.18559702501870778,-0.15385474958308068,-0.04141828310267848,0.0017448247564171577,-8.528223981027606e-05,-0.22104224154372976,-1.2058170975068452,-1.0733785024179405,-0.22514050057547852,-0.12278221291852343,-0.23772927710099162,0.08785274678633204,-5.91638517742212,-5.52341294759602,-1.310705180967784,0.006573248581312806,-0.0009791283562639126
1.03,0.0027216356406664505,1.561540376548334,-0.9868157002360152,-0.5349162026241545,0.00017765124985280286,-1.7008108229145615e-06,0.020494510731080617,-0.19628613073070686,-0.16158838449130142,-0.04352289337488171,0.001556026487015073,-9.693219247543212e-05,-0.2296148309540771,-1.1623944978657184,-0.982456120668259,-0.2058585317681727,-0.119278523873944,-0.227242321834978,0.07847364081388288,-5.937795121724835,-5.551160119480414,-1.3172969904626686,0.005562401912559021,-0.0010361605301039967
1.04,0.0029087222491725483,1.5594753381445015,-0.9885018521922305,-0.5353706922462467,0.00019128718517846387,-2.7819483463189835e-06,0.018708660850609803,-0.20650384038325745,-0.16861519562153826,-0.04544896220921271,0.0013635935325661008,-0.0001081137523404422,-0.23731503124831335,-1.1154880416721928,-0.8870002539132179,-0.18569634304670135,-0.1153549781662011,-0.21573080384490861,0.06894656354348991,-5.954490122508081,-5.574658270306265,-1.322736524623457,0.004542759760004931,-0.0010906349430569028
1.05,0.0030775041318024227,1.557313157384204,-0.9902508989611578,-0.5358425782932777,0.00020296942367361586,-3.969748685198581e-06,0.016878188262987447,-0.2162180760297444,-0.17490467689272374,-0.047188604703104736,0.0011682238495151986,-0.00011878003388795968,-0.244113553912118,-1.0652234372797529,-0.7875030911367794,-0.16477251667286552,-0.11103394567358715,-0.20324804656820283,0.05930835267505853,-5.966374274876461,-5.593801793760626,-1.3269990328120074,0.003518057680885921,-0.0011423205745948678
1.06,0.00322760608517168,1.5550591746894613,-0.9920551996475592,-0.536329927025073,0.00021267566855330905,-5.2586146076754275e-06,0.015010195336925733,-0.22539826947426697,-0.1804300686401341,-0.0487348731795229,0.0009706244879693177,-0.0001288865922476847,-0.2499853057675479,-1.011738502982011,-0.6844758246269433,-0.14320781344367273,-0.10633858787285577,-0.18985158268769703,0.04959588725970607,-5.973368710604149,-5.608507032053668,-1.3300655571456452,0.0024920225955457963,-0.0011909993074863672
1.07,0.003358725140903732,1.5527190198128975,-0.9939068843763248,-0.536830744872769,0.00022039075754138807,-6.642530552278585e-06,0.013111905573205207,-0.23401548765638747,-0.18516847287655838,-0.05008178476961156,0.0007715088988079012,-0.00013839159446031577,-0.25490961870009626,-0.9551837000715571,-0.5784458256658305,-0.12112415669550725,-0.10129263849158865,-0.17560288722043615,0.03984588710513763,-5.975412872705639,-5.61871278961797,-1.3319230669688338,0.0014683561846744304,-0.0012364668544297998
1.08,0.0034706314091671156,1.5502985942030283,-0.995797893851181,-0.5373429883096138,0.0002261066992077344,-8.115090346398066e-06,0.01119062682633836,-0.24204256098691593,-0.18910094748561818,-0.05122434368447026,0.0005715941666346321,-0.0001472559794119481,-0.2588704591712709,-0.8957226189181388,-0.469953763244374,-0.0986436502255632,-0.09592019248866057,-0.160567094593157,0.030094713101119205,-5.972465738232312,-5.62438072490694,-1.332564560967652,0.00045071834990221394,-0.001278533628805373
1.09,0.003563168543329956,1.5478040520642866,-0.9977200196432897,-0.5378645738914899,0.00022982268094926924,-9.669526408358225e-06,0.009253713416284013,-0.24945421387417333,-0.19221257921087215,-0.05215855818760599,0.0003715981741534843,-0.0001554436061960159,-0.2618566118259442,-0.8335323919985055,-0.35955068421421793,-0.07588764216396493,-0.09024550856092972,-0.1448127010638976,0.02037817065300016,-5.964506965465695,-5.625495616495356,-1.331989135697384,-0.0005572891267179288,-0.0013170255556160556
1.1,0.0036362538173868074,1.545241780099646,-0.9996649449976529,-0.5383933884146178,0.0002315450480051351,-1.1298740315284105e-05,0.00730852740568516,-0.2562271964640533,-0.19449253543632414,-0.052881452312796846,0.00017223670558658602,-0.000162921390692588,-0.2638618313247794,-0.7688040087711053,-0.2477950731773937,-0.05297584567015523,-0.08429283022250433,-0.12841125397220166,0.010731318482105458,-5.951537941585508,-5.622065500518334,-1.3302020195186592,-0.0015521385839920813,-0.0013517848187485915
1.11,0.0036898778109747997,1.5426183759354835,-1.0016242859464537,-0.5389272991386463,0.000231287252995669,-1.2995334617070153e-05,0.005362399358799229,-0.26234041641626066,-0.19593409488008,-0.05339107240285586,-2.5779500946609144e-05,-0.00016965943017860485,-0.2648849565549455,-0.7017425088267996,-0.1352499101148048,-0.030025525972493305,-0.07808623016564331,-0.11143702941538025,0.0011882850662867156,-5.933582707263517,-5.614121677367933,-1.3272145711801802,-0.0025303920015249696,-0.0013826705407817218
1.12,0.00372410370033422,1.539940625241904,-1.003589632520872,-0.5394641640243746,0.00022906977559903434,-1.4751645775045219e-05,0.003422588935942027,-0.2677750693579612,-0.19653465744183038,-0.05368648857281878,-0.0002217477396634675,-0.0001756311157975066,-0.264929981614404,-0.6325670318154883,-0.022479743252125137,-0.007150761804121997,-0.07164948208594657,-0.09396670004952279,-0.00821790505138503,-5.910688735480424,-5.601718586489245,-1.3230442425437485,-0.003488715897704388,-0.0014095593917061357
1.1300000000000001,0.003739066157435772,1.5372154775769153,-1.0055525898564257,-0.5400018419366357,0.00022492001212994086,-1.6559778102274848e-05,0.0014962457101551842,-0.27251476649884776,-0.19629573355537444,-0.053767791226107024,-0.00041497634690934766,-0.00018081323272296285,-0.26400607843703006,-0.5615107051964552,0.08995220602077017,0.015538212340436619,-0.06500596344471243,-0.07607899479558972,-0.017455492963992195,-5.882927543178692,-5.58493354906879,-1.317714505217169,-0.004423895469933174,-0.0014323461231033744
1.1400000000000001,0.0037349698636283584,1.5344500209992966,-1.0075048189914106,-0.5405382027643763,0.00021887213496208844,-1.8411638580771646e-05,-0.0004096293807413715,-0.27654565776186213,-0.19522291349848941,-0.05363608277406099,-0.0006047877167852413,-0.0001851860478496798,-0.26212756662935016,-0.4888203538231312,0.20148689023537572,0.03793557837114214,-0.05817859176045892,-0.05785435228526631,-0.026494133156077283,-5.8503951161371806,-5.563866379375825,-1.311254741139742,-0.005332847849395205,-0.0014509440245616882
1.1500000000000001,0.0037120876484774204,1.5316514555124523,-1.009438077163443,-0.5410711374116537,0.0002109669219391235,-2.0298972429126735e-05,-0.002288221515093815,-0.27985654868443377,-0.19332581720323497,-0.05329346472773975,-0.0007905213022964935,-0.00018873338483550906,-0.2593138270178964,-0.4147560186844264,0.31157222002828033,0.05994041818218318,-0.05118979599117823,-0.039374569904553514,-0.03530502557813415,-5.813212129659728,-5.538638866489023,-1.3037000974500201,-0.0062126343538206775,-0.0014652852993869364
1.16,0.0036707582688710145,1.5288270654196685,-1.0113442574153393,-0.5415985676151135,0.00020125155614620578,-2.2213399292173353e-05,-0.004132937960640591,-0.2824390092783794,-0.1906180251896273,-0.05274302034597772,-0.0009715365792917711,-0.00019144268630466162,-0.2555891565420188,-0.33959027571147565,0.4196657717015083,0.08145710738410977,-0.04406152341727987,-0.020722450281714405,-0.0438610305765726,-5.7715239502776,-5.509394129104763,-1.295091306252989,-0.007060471635695072,-0.0014753213569955888
1.17,0.0036113838478643305,1.5259841906896272,-1.0132154273284808,-0.5421184555454673,0.0001897793966628115,-2.4146449922206776e-05,-0.005937442100668416,-0.2842874730041331,-0.1871169913141439,-0.051988793035380725,-0.0011472159483394268,-0.00019330506300334238,-0.2509825634437047,-0.2636073493438813,0.525237405742288,0.10239561965613164,-0.03681528120027977,-0.001981447015233617,-0.05213676552811688,-5.725500406631856,-5.47629584706613,-1.2854744701901382,-0.007873741639740193,-0.0014810230197527382
1.18,0.003534426997000947,1.5231301974494509,-1.015043866709297,-0.5426288131525304,0.00017660972118308703,-2.6089603218992237e-05,-0.007695685086338379,-0.28539932401764007,-0.18284393808161298,-0.051035760706304494,-0.0013169675479724468,-0.00019431532967854594,-0.2455275031669411,-0.18710201945686175,0.6277717852787358,0.12267174386895041,-0.029472210516696462,0.016764688650998477,-0.06010868237222542,-5.675335320976418,-5.439527374161933,-1.2749008149974668,-0.00865000030179939,-0.0014823806424369534
1.19,0.003440407649874679,1.5202724477405882,-1.0168221040624457,-0.543127711215471,0.00016180744166778744,-2.8034323493295315e-05,-0.009401934712626783,-0.2857749708862639,-0.17782373531486417,-0.04988980629405543,-0.0014802279515299577,-0.00019447202743030784,-0.23926155693905868,-0.11037832420271486,0.7267707849018072,0.1422072177062892,-0.02205318989954197,0.0354322586229881,-0.06775512560086619,-5.621245796267422,-5.399290737610951,-1.2634264105097606,-0.009386984940933941,-0.0014794041429706873
1.2,0.0033298996383637276,1.5174182686901585,-1.0185429516925606,-0.543613288062039,0.00014544279447550732,-2.997209781599216e-05,-0.011050801151095132,-0.28541790504297243,-0.17208476301150377,-0.048557684656801325,-0.0016364647192280135,-0.00019377743226968466,-0.2322260566120364,-0.03374806524148405,0.8217557817554333,0.16092978299046035,-0.014578963213702778,0.053937964800018064,-0.0750563706403032,-5.563471257515087,-5.355805530457837,-1.2511118618308674,-0.010082620316992027,-0.0014721229435431674
1.21,0.003203527046168316,1.5145749212666106,-1.0201995392849812,-0.544083757922652,0.00012759100670367655,-3.1894473312008744e-05,-0.012637259219541183,-0.28433474235478656,-0.16565875924205964,-0.047046986061291915,-0.001785178777183078,-0.00019223754960165845,-0.224465660934247,0.04247087434696601,0.9122698222525126,0.1787731692318255,-0.007070286598708564,0.07219925072833298,-0.0819946429327713,-5.502272249901813,-5.309307703854664,-1.2380219726360402,-0.010735023346542572,-0.0014605858217647829
1.22,0.003061960376912981,1.5117495688034073,-1.0217853458245756,-0.5445374188873,0.00010833194074423226,-3.379309425547252e-05,-0.014156666925533478,-0.2825352463203309,-0.1585806539594491,-0.04536609646480759,-0.0019259065959444284,-0.0001898620943463778,-0.21602788994007785,0.11795638552935223,0.9978796591766113,0.19567701308351948,0.00045191221466789333,0.09013463703229943,-0.08855411838569013,-5.437929000041687,-5.260048266877371,-1.2242253828003995,-0.011342506490278802,-0.001444860672019526
1.23,0.002905912576047941,1.5089492454876066,-1.0232942297205503,-0.5449726604352721,8.774971931727008e-05,-3.565973881963197e-05,-0.015604780086503988,-0.28003233158007157,-0.15088838959746262,-0.04352415479721318,-0.002058222142696217,-0.00018666445641594517,-0.2069626255233312,0.19238414481201033,1.0781776552445943,0.21158672232859077,0.007966369522129813,0.10766404980342471,-0.09472090619189548,-5.370739750598123,-5.2082919021239515,-1.2097941827545258,-0.011903579844236198,-0.0014250341777165348
1.24,0.002736134947031146,1.5061808250214188,-1.0247204570139212,-0.5453879705096825,6.593233348061348e-05,-3.7486355332425376e-05,-0.016977762901679502,-0.2768420466187683,-0.1426227293370877,-0.041531007441029166,-0.0021817385836656613,-0.00018266165127934047,-0.1973215874394989,0.26542976128608353,1.152783550395167,0.22645329378910128,0.015451323968256547,0.12470914133798791,-0.10048301532695904,-5.301018882213176,-5.1543155058555525,-1.19480350715154,-0.012416951984935762,-0.0014012113956743876
1.25,0.0025534130027456275,1.5034509896738222,-1.0260587275530764,-0.5457819421106878,4.29712363167274e-05,-3.9265097886191554e-05,-0.018272194428551873,-0.27298353475965254,-0.13382705391552277,-0.03939716010053413,-0.0022961097163886075,-0.0001778742553766179,-0.1871577949067458,0.3367710359686565,1.2213460911118925,0.24023309508019697,0.02288436552293316,0.14119360281086438,-0.10583030629131858,-5.229094840261521,-5.098406661870092,-1.179331110587647,-0.01288152963443502,-0.001373515254394355
1.26,0.002358562292781131,1.5007661999459183,-1.027304199031529,-0.5461532793831237,1.896092516400252e-05,-4.0988361148055554e-05,-0.01948507099644963,-0.26847897279037747,-0.12454714784527307,-0.03713372724359367,-0.0024010311152724883,-0.00017232632618639998,-0.17652502459910796,0.40609030778580124,1.2835445209616851,0.25288762042174184,0.030242302939484156,0.1570434686434061,-0.11075442987969586,-5.155307887253993,-5.040862058639086,-1.1634569282483174,-0.0132964162249086,-0.0013420859684835152
1.27,0.0021524242460855708,1.4981326650777376,-1.0284525087905432,-0.5465008031760501,-6.001484618633755e-06,-4.264881421614024e-05,-0.020613804669556042,-0.2633534868180779,-0.1148309759014192,-0.034752379292640585,-0.0024962409782636275,-0.00016604530680846847,-0.16547727611272278,0.4730768585609847,1.339089932203368,0.2643832308312559,0.037501057093804024,0.17218741245616942,-0.11524875492409889,-5.08000770471498,-4.981985859492248,-1.1472626244537487,-0.013660909453547927,-0.001307080371968923
1.28,0.0019358620665970165,1.4955563146255286,-1.0294997932977996,-0.5468234560533956,-3.18166912910988e-05,-4.4239433366099226e-05,-0.021656217948855423,-0.2576350452209039,-0.10472845072564689,-0.03226528773454902,-0.0025815206672465045,-0.00015906191499589885,-0.15406825591541964,0.5374293478375052,1.3877264788111705,0.2746908888285793,0.044635586879590794,0.18655703458503337,-0.11930828706743138,-5.003550870984762,-4.92208803580276,-1.1308311321491324,-0.013974497927118109,-0.0012686711736941607
1.29,0.0017097567168521681,1.4930427713371088,-1.0304427052216747,-0.5471203067365301,-5.8383640690392964e-05,-4.575353353267957e-05,-0.022610534974484838,-0.2513543288419866,-0.09429119238750454,-0.02968506831345876,-0.002656694939929416,-0.00015141001665803475,-0.1423508903555369,0.5988582472891778,1.4292324515262262,0.28378589745828986,0.05161985333795094,0.20008714117232698,-0.12292958068206106,-4.926298243600481,-4.86148267321206,-1.1142461864271838,-0.014236857001387038,-0.0012270461384054675
1.3,0.0014750030213070942,1.490597325548562,-1.0312784280290554,-0.5473905539611941,-8.559995945278681e-05,-4.7184798372233525e-05,-0.02347536955450739,-0.2445445788546791,-0.0835722807380799,-0.027024722466393,-0.0027216318762393844,-0.0001431264839553956,-0.130376877517353,0.6570882438772156,1.4634212156360404,0.2916476528196217,0.05842682646742148,0.21271601482168262,-0.12611064605296868,-4.848612276643028,-4.8004862609407,-1.0975918551824333,-0.014447843923877074,-0.0011824071975131945
1.31,0.0012325059172953292,1.488224911318454,-1.032004688042957,-0.5476335297327851,-0.00011336238452763292,-4.8527308754418725e-05,-0.02424971040117651,-0.23724142301080234,-0.07262600139015354,-0.024297577159105792,-0.0027762425074846116,-0.00013425103821851977,-0.11819628659431194,0.7118605807920279,1.4901420120694067,0.2982594185448919,0.0650285377434856,0.2243856767232915,-0.12885085390113113,-4.770854304667011,-4.739415974166376,-1.0809520699794204,-0.014607492389086681,-0.00113496949385409
1.32,0.0009831768772986388,1.4859300845058316,-1.0326197639045869,-0.5478487019655784,-0.0001415671861433287,-4.977556953484333e-05,-0.024932903999669045,-0.22948268126223945,-0.061507586162999305,-0.021517223279336774,-0.0028204801615695774,-0.0001248260780424607,-0.10585721204806127,0.7629353055775189,1.5092806221219799,0.30360812969319895,0.07139617983182411,0.23504214002055776,-0.13115083923357082,-4.69338182553155,-4.678587959317605,-1.0644101601711182,-0.014716006613651007,-0.0010849603650804592
1.33,0.000727930521640518,1.4837170029856679,-1.033122493392989,-0.5480356764930461,-0.00017011058156530092,-5.0924534465188926e-05,-0.025524635565812085,-0.22130815201638335,-0.05027294884021072,-0.018697452746757878,-0.002854339542197222,-0.00011489649303455981,-0.09340548818561926,0.8100933956602808,1.5207598957045472,0.30768423242885845,0.07750025337275923,0.24463565400251627,-0.13301240637699008,-4.616545814606023,-4.618315631938012,-1.048048393230995,-0.014773755035068014,-0.0010326182705645427
1.34,0.0004676814359627058,1.4815894091802317,-1.033512277564047,-0.5481941984380816,-0.0001988891372064075,-5.196962910341145e-05,-0.02602490856778122,-0.21275938054360882,-0.03897841710580881,-0.01585219450355019,-0.002877855564110658,-0.00010450946382225263,-0.0808844679828082,0.8531387327827579,1.524540142476995,0.3104815645886694,0.0833107591121438,0.2531209384836016,-0.13443843688768464,-4.540688102432469,-4.5589079965283,-1.0319475241637708,-0.01478126373185197,-0.0009781916669321133
1.35,0.00020334120304390732,1.4795506150672693,-1.0337890821795244,-0.5483241529336497,-0.0002278001569052299,-5.2906771593983e-05,-0.026434023291879848,-0.20387941129624298,-0.02768046154773353,-0.012995449556806437,-0.0028911019698822397,-9.371424905715494e-05,-0.06833486808093579,0.8918998995464406,1.5206193846125018,0.3119972809006315,0.08879743212267108,0.26045740747881374,-0.13543280183753817,-4.466138846991283,-4.500667997477602,-1.0161863567382226,-0.01473920965555706,-0.0009219378375311359
1.36,-6.418434620198218e-05,1.477603489806071,-1.0339534364060101,-0.5484255651861879,-0.0002567420544697032,-5.37323911967678e-05,-0.026752554924588952,-0.19471252611983073,-0.016435422648583106,-0.010141225253821126,-0.0028941897564473277,-8.256196027848017e-05,-0.05579467995967837,0.92623177338162,1.5090334692883267,0.31223182515607917,0.0939300134605697,0.2666093810199804,-0.13600027976053305,-4.39321413025597,-4.443890909858997,-1.0008413191425902,-0.014648413756315114,-0.00086412168130213
1.37,-0.0003339976622303954,1.4757504501007164,-1.0340064287732182,-0.5484985998760249,-0.00028561470888403877,-5.4443444452971124e-05,-0.026981331602841323,-0.18530397053547146,-0.005299236720823027,-0.007303468983693785,-0.002887265441433557,-7.110532562033239e-05,-0.04329914541603223,0.9560168957434982,1.4898560383416048,0.311188950144218,0.0986785533888739,0.2715462836956434,-0.13614648131262308,-4.322213706763314,-4.38886277849231,-0.9859860565019334,-0.014509834073638782,-0.0008050144666504678
1.3800000000000001,-0.0006052117907611267,1.4739934533962804,-1.033949700391088,-0.5485435598911582,-0.00031431980088722283,-5.503742888758162e-05,-0.027121412853073137,-0.17569967044359344,0.005672838213031573,-0.004496001513333608,-0.0028705092003184053,-5.939844346104926e-05,-0.03088079272636183,0.9811665971555269,1.4631983519118354,0.3088757846409056,0.10301373931411598,0.27524282825463686,-0.13587778145610296,-4.253418929504044,-4.335858913275766,-0.9716910425197754,-0.014324558853536064,-0.0007448925560303574
1.3900000000000001,-0.000876952478746446,1.47233399397886,-1.0337854354356228,-0.5485608843929847,-0.00034276112994281434,-5.5512394159747227e-05,-0.02717406879853193,-0.16594594174205116,0.016426495546512015,-0.0017324501826495348,-0.0028441329055591503,-4.749652721656041e-05,-0.018569528297254542,1.0016218618386556,1.4292089623598767,0.30530294521105983,0.1069072408572051,0.2776791824019147,-0.1352012597336292,-4.187090875602763,-4.285142448362067,-0.9580232123165683,-0.01409379974174441,-0.0006840361070396025
1.4000000000000001,-0.0011483600833997287,1.4707731020242345,-1.0335163489244144,-0.5485511462150053,-0.00037084491092395904,-5.586695058546686e-05,-0.027140760465328272,-0.15608919546255337,0.026908651120843827,0.0009738177979368508,-0.0028083780981144704,-3.545564257196317e-05,-0.006392777272438663,1.0173539190395238,1.3880732343337085,0.3004846891073196,0.11033206403090914,0.2788411167518887,-0.13412464895235304,-4.123468691058654,-4.2369629723083895,-0.9450456183378476,-0.013818885091396949,-0.0006227277558962169
1.41,-0.0014185912980270972,1.469311345613162,-1.0331456718143421,-0.5485150485981558,-0.00039848005012678217,-5.6100274970718024e-05,-0.027023121462736853,-0.14617564110727085,0.03706771100722012,0.0036097616849477205,-0.002763513920282311,-2.333243852511652e-05,0.005624334504093991,1.0283645517525297,1.3400127065897327,0.29443910313295163,0.11326290632753053,0.2787201317960656,-0.13265629236038065,-4.062768170322836,-4.191555235866724,-0.9328171109983387,-0.013501253411950445,-0.0005612512892258109
1.42,-0.0016868207105700396,1.467948835704056,-1.0326771334660416,-0.548453421269243,-0.0004255784004928475,-5.6212113707540294e-05,-0.026822941254294238,-0.13625099091058873,0.04685383483005186,0.0061627328912830705,-0.0027098350366065323,-1.1183873682226922e-05,0.01745876553893661,1.0346861172723432,1.2852842911006674,0.2871883220167133,0.11567650462510837,0.27731356170039756,-0.13080510917074398,-4.005180582762514,-4.149137943604611,-0.9213920455177846,-0.013142446974995023,-0.0004998903101342592
1.43,-0.0019522422123231975,1.4666852340264722,-1.0321149415323594,-0.5483672158720009,-0.0004520549961615414,-5.620278310051965e-05,-0.0265421501753158,-0.12636016775838158,0.05621919336821401,0.008620539724215713,-0.00264765956686939,9.33060702064092e-07,0.029089319586827787,1.0363812778634727,1.22417930511819,0.2787587686549218,0.11755196817549274,0.2746246527743642,-0.12858056807655008,-3.9508717541790483,-4.109912635058043,-0.9108200161925728,-0.012744105581885545,-0.0004389269045754973
1.44,-0.002214070275238172,1.4655197638317878,-1.0314637593411458,-0.5482575007635151,-0.00047782826668170056,-5.607316690643304e-05,-0.026182806291497444,-0.11654701946844727,0.0651182191213579,0.010971510848577577,-0.002577327052015913,1.2961619408661259e-05,0.040496391384011336,1.0335424437352623,1.1570223322214555,0.26918140754797637,0.11887108951772371,0.2706626145525709,-0.1259926682088214,-3.899981407584401,-4.074062660620693,-0.9011456191372246,-0.01230796048822436,-0.0003786403140500212
1.45,-0.0024715411165788606,1.464451223411079,-1.0307286808563065,-0.5481254551921857,-0.0005028202313855683,-5.582471108538423e-05,-0.025747084134068846,-0.10685404207089207,0.07350784848392602,0.013204557132935855,-0.0024991964703867725,2.484558210488103e-05,0.05166170607098361,1.0262909344101143,1.0841699089958363,0.25849200190782007,0.11961862692546565,0.2654426415959646,-0.12305192681909478,-3.8526227634755528,-4.0417522568670226,-0.8924082443237361,-0.011835828471316073,-0.00031930562068617323
1.46,-0.002723913769490034,1.4634780022648097,-1.0299152033149797,-0.5479723628769907,-0.000526956674565629,-5.5459415777465414e-05,-0.02523726529111731,-0.09732211462692181,0.08134775413268922,0.015309231519501969,-0.002413644318006067,3.652953079188196e-05,0.06256806075544066,1.0147758684108958,1.0060090348489181,0.24673136425983344,0.11978255290979412,0.25898590435104807,-0.11976937282488719,-3.808882395959033,-4.013125725492686,-0.8846418975470388,-0.011329606019010579,-0.0002611924507627585
1.47,-0.0029704710773256933,1.4625980997849113,-1.0290291976529145,-0.5477996050115514,-0.0005501673021957672,-5.49798245346951e-05,-0.024655730783565918,-0.08799024798984009,0.08860056620651752,0.017275786543921576,-0.002321062763013815,4.795912427703143e-05,0.07319907602886969,0.9991727949091309,0.922955503575705,0.2339455899663303,0.11935426431467377,0.2513195076912105,-0.11615654523991761,-3.7688203373442946,-3.9883067195342514,-0.8778750527533379,-0.010791263612035015,-0.0002045637027267641
1.48,-0.0032105206284153576,1.4618091462874632,-1.0280768768444974,-0.5476086527203556,-0.0005723858810035108,-5.4389010853601814e-05,-0.02400495510896642,-0.07889534974480131,0.09523208084169626,0.01909522911958179,-0.0022218578807743643,5.908136810932864e-05,0.08353896441782416,0.979682084513465,0.835452056639331,0.22018626289815924,0.11832875061870096,0.24247641609735643,-0.11222549542406038,-3.7324704203190833,-3.9673976400020807,-0.8721305349863951,-0.010222840067131925,-0.0001496743057415009
1.49,-0.003443395646391245,1.4611084262137999,-1.0270647622982552,-0.5474010589984227,-0.0005935503607319324,-5.3690562069241975e-05,-0.023287501797588716,-0.07007200736632782,0.10121145462423904,0.020759372193291457,-0.002116447972842155,6.984487843598422e-05,0.09357232176582234,0.9565270996724861,0.7439663596953494,0.2055106225893999,0.11670471815437428,0.23249534480148332,-0.10798879203137021,-3.699840843611024,-3.950479145525856,-0.867425434036323,-0.009626436905177236,-9.67700147658161e-05
1.5,-0.0036684558493293943,1.4604929032997238,-1.0259996484629155,-0.5471784501696659,-0.0006136029804311273,-5.288856068656424e-05,-0.022506020293814946,-0.06155229140761592,0.10651138353396751,0.02226088287568289,-0.0020052619699194975,8.020013826777319e-05,0.10328394644931334,0.9299521681645317,0.6489888056544224,0.18998168253768632,0.114484669035406,0.22142061660779483,-0.10345952750835563,-3.6709149441887714,-3.9376097770720855,-0.8637710487169462,-0.009004212707004246,-4.6086248110301705e-05
1.51,-0.0038850882888481915,1.4599592474968577,-1.0248885658130655,-0.5469425169031563,-0.0006324903595938452,-5.198756323977257e-05,-0.021663243951879727,-0.053365580286613305,0.11110826498499461,0.023593326650957383,-0.001888737916271795,9.009974467916658e-05,0.11265869017477266,0.9002203857895588,0.5510301495043758,0.17366828991856575,0.11167493461437772,0.2093019845062244,-0.09865132499853263,-3.645652156617147,-3.928825699248009,-0.8611728615520114,-0.008358377419914709,2.153026661909569e-06
1.52,-0.004092708178034144,1.4595038634172115,-1.0237387423969182,-0.5466950048303856,-0.000650163574902136,-5.09925767846123e-05,-0.020761988918595296,-0.04553840796462726,0.11498234161473167,0.024751207277074524,-0.00176732153082908,9.949864551602739e-05,0.12168134292693067,0.8676112766131255,0.45061898216275276,0.15664511785354707,0.10828566424614927,0.19619442059373332,-0.09357834454188718,-3.6239891381968183,-3.924140559157318,-0.8596305435174912,-0.007691186579764147,4.773635272875776e-05
1.53,-0.004290759714701146,1.45912292006193,-1.0225575641415248,-0.5464377048103909,-0.0006665782232864631,-4.9909033142227826e-05,-0.019805153666700187,-0.03809433552814254,0.11811782553935414,0.02573000199946774,-0.00164146483843271,0.00010835436423844732,0.1303365534785244,0.8324183408926955,0.3482990527674451,0.13899258246429502,0.10433077098976606,0.1821578722076711,-0.08825528751728638,-3.605841037023773,-3.923545463221939,-0.8591379883670556,-0.007004935416959255,9.046578427514832e-05
1.54,-0.004478716904106296,1.458812381588047,-1.0213525341227432,-0.5461724428932001,-0.0006816944719204411,-4.87427610263392e-05,-0.018795718940514967,-0.031053847388297924,0.12050300187815463,0.0265261917190769,-0.0015116248633978055,0.00011662721158886299,0.13860878576514393,0.7949465220989189,0.24462645098263364,0.12079667828308915,0.09982783662297989,0.1672569865440976,-0.08269739835943532,-3.5911028791171256,-3.9270090718317325,-0.8596833759598036,-0.0063019528195406,0.00013015782158483103
1.55,-0.004656084382907869,1.4585680388629458,-1.02013123101822,-0.5459010700354101,-0.0006954770956879564,-4.749995619788134e-05,-0.01773674788015736,-0.02443427251011461,0.12213031045232206,0.027137285779004712,-0.0013782623767515181,0.00012428048284578587,0.14648231040373616,0.7555096251950085,0.14016666305396358,0.10214872712363077,0.09479797896238418,0.15156080537498856,-0.07692046268641661,-3.57965105029562,-3.9344778111330996,-0.8612492639130238,-0.005584595132533204,0.00016664427572849903
1.56,-0.00482239824391791,1.4583855415551428,-1.0189012669713704,-0.5456254516247763,-0.0007078955025695061,-4.618714980286941e-05,-0.01663138610100404,-0.018249730780313576,0.12299640468495134,0.02756184106338423,-0.0012418406881549782,0.00013128063950119286,0.15394122971457633,0.7144277185320195,0.0354915174430919,0.08314503721426192,0.0892656849700113,0.13514243178405613,-0.07094080109537781,-3.5713448485285095,-3.945876200719673,-0.863812706816995,-0.004855239779682338,0.00019977305787930116
1.57,-0.004977226859124161,1.4582604305119051,-1.017670245102694,-0.545347456873407,-0.0007189237473053907,-4.481117506002022e-05,-0.015482861520625148,-0.012511104323754269,0.12310218686763165,0.027799475136919775,-0.0011028244735884587,0.0001375974742849194,0.16096953381207696,0.6720245513409757,-0.0688239621451485,0.06388647123064262,0.08325861348630836,0.11807867111212253,-0.06477525801834923,-3.5660280830300737,-3.9611072954464714,-0.8673454021725381,-0.004116278701269557,0.0002294088885950896
1.58,-0.005120171696576384,1.45818817017901,-1.0164457169115588,-0.5450689481414697,-0.00072854053360869,-4.337913247449917e-05,-0.01429448374522227,-0.007226033289518716,0.12245281911350825,0.027850873193736175,-0.0009616786303299267,0.00014320425855210482,0.16755118467269886,0.6286250178513428,-0.1722047767079512,0.04447792380125115,0.07680737166022777,0.10044964853020019,-0.058441185173035974,-3.5635306973802923,-3.9800532390551573,-0.8718138621437901,-0.00337011160962867,0.00025543392276379957
1.59,-0.0052508681250842465,1.4581641808254733,-1.0152351398167025,-0.5447917702551777,-0.0007367292051240121,-4.1898353763000066e-05,-0.01306964285078626,-0.0023989353536760932,0.12105770948562691,0.027717788629205084,-0.0008188671515322052,0.00014807787114991047,0.17367022457546014,0.5845526975499468,-0.2740792236037788,0.02502771102889767,0.06994526925922628,0.08233840584911259,-0.05195641929018889,-3.5636703953983955,-4.002575926775282,-0.8771796101571193,-0.002619139071947182,0.00027774828631528547
1.6,-0.005368986199282791,1.4581838703461556,-1.0140458350869959,-0.5445177398841998,-0.0007434777252614472,-4.037636468312904e-05,-0.011811807419854407,0.001968952068233898,0.11893047297065987,0.027403037097780074,-0.0006748520137435212,0.00015219890798710248,0.1793109049445902,0.540127499036745,-0.37388219729286354,0.005646876568183468,0.06270805504256316,0.0638304803215394,-0.04533925394534796,-3.5662542503222103,-4.0285177735566835,-0.8833994013206253,-0.0018657554376537112,0.00029627052125915385
1.61,-0.00547423141650271,1.4582426654275094,-1.0128849464154008,-0.544248635044471,-0.0007487786459810114,-3.882084696668463e-05,-0.01052452172199192,0.005879508135375178,0.11608886715951311,0.026910483972889067,-0.0005300920719564157,0.00015555177164444116,0.18445783140159303,0.49566343237281746,-0.4710584954170728,-0.013551579287205774,0.05513363928514958,0.04501346830370703,-0.03860840546418864,-3.571080279997459,-4.057702584094014,-0.8904254655858691,-0.001112341634884219,0.00031093793611186994
1.62,-0.00556634543604357,1.4583360418761049,-1.0117593993884477,-0.543986184792662,-0.0007526290655624776,-3.723959956183745e-05,-0.00921140195408595,0.009337644859560977,0.11255470269530161,0.026245025180890835,-0.0003850419581466214,0.00015812474048471843,0.1890961207492116,0.45146653179818047,-0.5650661056824229,-0.03245353917930943,0.04726180635739452,0.025976576717538696,-0.03178297300355772,-3.577938973193383,-4.089936520327586,-0.8982057725227536,-0.00036125786695240345,0.00032170685932455146
1.6300000000000001,-0.005645106750887706,1.4584595539256318,-1.010675862100917,-0.5437320591782706,-0.0007550305753696093,-3.564049939335593e-05,-0.007876131484413592,0.012351204952685421,0.10835372875306626,0.025412561439146747,-0.00024015098071316772,0.00015991001684815157,0.1932115656511966,0.4078329472902674,-0.6553794485187527,-0.05094466691753574,0.039133921017429074,0.00681016529599926,-0.024882393031362807,-3.5866147547661695,-4.125009161647019,-0.9066843165285736,0.00038516375476947733,0.00032855279391092666
1.6400000000000001,-0.005710331301602652,1.4586088623554625,-1.0096407071607012,-0.5434878595183951,-0.000755989195606553,-3.403146185284687e-05,-0.006522455071494587,0.014930842983072647,0.10351549402157852,0.02441996598755387,-9.586202369436559e-05,0.00016090375405090597,0.19679080292620238,0.365047219708375,-0.7414925503461421,-0.06891135280697491,0.030792631769052337,-0.012394717395490584,-0.017926388535204934,-3.596887380117817,-4.162694652586895,-0.9158014212417745,0.001124626600763312,0.00033147047209722757
1.6500000000000001,-0.005761873022145888,1.4587797612722335,-1.0086599753220735,-0.5432551090587702,-0.0007555153000671207,-3.242040123243763e-05,-0.005154172054323641,0.017089891677097444,0.09807318386277342,0.023275045962485433,4.738955394323078e-05,0.0001611060620409233,0.19982148162499486,0.32338075031600627,-0.8229221224540273,-0.08624169323789754,0.02228157430045541,-0.03154680118202058,-0.010934913380223408,-3.6085332521733746,-4.202752932387746,-0.9254940618789642,0.0018548768920616681,0.0003304738094654674
1.6600000000000001,-0.0057996243074875,1.4589682034248486,-1.0077393409768143,-0.543035244082559,-0.0007536235298940037,-3.081519131538972e-05,-0.0037751285341611025,0.018844215261500607,0.09206343452593475,0.02198649762111588,0.000189177017311697,0.00016052099170479125,0.2022924273896389,0.28309047137797283,-0.8992105210151909,-0.10282649061508575,0.013645077659330762,-0.05055506180768802,-0.003928092310057175,-3.6213266568528115,-4.244931040401898,-0.9356962041592352,0.002573711001705661,0.0003255957587309145
1.67,-0.0058235163933797645,1.459170323942478,-1.0068840797219247,-0.5428296055257428,-0.0007503326963933281,-2.9223626335780212e-05,-0.0023892085892264834,0.020212051762949615,0.0855261254889554,0.02056385568161844,0.00032908335006755907,0.0001591564979609508,0.20419379998184753,0.24441772040089071,-0.9699285645759396,-0.1185602589687802,0.004927875456835706,-0.06932918588834111,0.003073842859071689,-3.6350409156765133,-4.288964490952198,-0.946339158422276,0.003278982642099884,0.00031688806397506774
1.68,-0.005833519639200656,1.4593824624041318,-1.0060990382100727,-0.5426394311547439,-0.0007456656729887938,-2.7653382516613627e-05,-0.001000324582089078,0.021213846165389162,0.0785041511851943,0.019017437099886503,0.00046670234045343274,0.00015702438191665837,0.20551724129611879,0.2075873165167341,-1.0346781864928551,-0.1333422200820853,-0.0038251759619424286,-0.08778003048602362,0.01005062026184768,-3.6494494566522917,-4.334578710902948,-0.9573519474857229,0.003968609891650704,0.00030442091683822526
1.69,-0.005829643705551783,1.4596011831668756,-1.0053886064745805,-0.54246584835819,-0.0007396492764471155,-2.6111980391539982e-05,0.0003875933648872722,0.02187207627436524,0.07104317354921962,0.017358279655385004,0.000601639654167826,0.00015414021250736445,0.2062560116215154,0.17280683361020194,-1.0930949011734117,-0.14707727483945687,-0.012569370775230682,-0.10582007459490865,0.016981997611852546,-3.6643268068887895,-4.381490532876132,-0.9686616867225872,0.004640582015290356,0.0002882825168514957
1.7,-0.005811937619171124,1.4598232938974098,-1.004756692904822,-0.5423098676005224,-0.0007323141375606607,-2.4606748109780404e-05,0.0017706086380658852,0.022211073053425942,0.06319135697586675,0.015598075766759896,0.0007335138886454729,0.000150523228175958,0.2064051123661431,0.14026606115365645,-1.144850064616349,-0.15967693464411026,-0.021260417064245196,-0.12336385993649594,0.023847833810984844,-3.6794495124146804,-4.429409736742718,-0.9801939747715711,0.005292966035515967,0.00026857853874783823
1.71,-0.005780489718698095,1.4600458622682537,-1.0042067020304957,-0.5421723765805099,-0.0007236945615320676,-2.3144785916939465e-05,0.0031447900473028966,0.02225683708438405,0.05499908743263582,0.013749102001244766,0.0008619576028593157,0.00014619621928409397,0.20596139389312412,0.11013664043567878,-1.189652911589668,-0.17106019823062013,-0.029854689269484536,-0.14032841858126352,0.030628161918767462,-3.694596992412756,-4.478040631738305,-0.9918732932221401,0.0059239130132283145,0.0002454315102264625
1.72,-0.005735427475875999,1.4602662307949021,-1.003741515254557,-0.5420541351327085,-0.0007138283783672841,-2.173293199616976e-05,0.004506224282209621,0.02203685266484503,0.04651867759386518,0.011824144780133114,0.0009866183164783401,0.00014118539207697063,0.20492364752170292,0.08257186102971331,-1.2272523538035311,-0.18115435997463125,-0.03830946889207687,-0.1566336850451124,0.03730326287059276,-3.709552336469055,-4.527083671295432,-1.0036234135430515,0.006531664000748812,0.00021898010424641957
1.73,-0.005676917187869887,1.4604820298038796,-1.0033634746548066,-0.5419557709045568,-0.0007027567836460738,-2.0377729844720824e-05,0.005851028800611149,0.021579900897756483,0.03780405997505125,0.009836422815169431,0.001107159472121033,0.00013552021514489347,0.20329268110967041,0.05770660002069365,-1.2574385255896983,-0.189895736864357,-0.04658317277451629,-0.17220289065044814,0.043853739351019105,-3.7241030544648717,-4.576237092451921,-1.0153678094486467,0.0071145556327339675,0.00018937835048578094
1.74,-0.005605163537494813,1.4606911885334204,-1.0030743699534452,-0.541877775836184,-0.0006905241701009324,-1.9085397350337578e-05,0.00717536503750739,0.02091587295406789,0.028910470136123953,0.007799506837283354,0.0012232613545141429,0.0001292332494383246,0.20107137794462948,0.03565738474532539,-1.2800440658572902,-0.19723030263187358,-0.05463556841273065,-0.18696293809099096,0.05026058924927205,-3.7380417893888365,-4.625198571487117,-1.027030072822856,0.0076710253241164305,0.0001567947711158625
1.75,-0.0055204090192723,1.460891944378485,-1.0028754287325177,-0.5418205034641898,-0.0006771779504951607,-1.7861797720372778e-05,0.008475451822251259,0.020075584506446753,0.019894122092757597,0.005727237199425462,0.0013346219605771712,0.0001223599629964801,0.19826473892572785,0.016522558642588427,-1.2949451274271353,-0.2031142190731381,-0.062427975824208226,-0.20084475429807022,0.05650527814681115,-3.751167003610874,-4.673666887257384,-1.0385343312479371,0.008199616047521965,0.00012141144649961081
1.76,-0.005422933230347397,1.4610828502999356,-1.0027673099512724,-0.5417841670646979,-0.0006627683723473821,-1.671241240395598e-05,0.00974757889249031,0.019090592145075753,0.010811878124518715,0.0036336399491885803,0.0014409578147778625,0.00011493853164167951,0.19487990821206103,0.0003825292806683836,-1.3020621072055634,-0.20751425636363718,-0.06992345552918844,-0.2137836198712568,0.06256981030929087,-3.763283649043059,-4.721343583550899,-1.0498056651151666,0.00869898066571791,8.342301682528997e-05
1.77,-0.005313052026394475,1.4612627804239506,-1.0027501007992952,-0.5417688386449538,-0.0006473483251022458,-1.5642316134240263e-05,0.010988120395292228,0.017993012401509148,0.0017209151977288974,0.0015328419744100913,0.0015420047245136368,0.00010700962697157187,0.19092618264968717,-0.012699922276671013,-1.3013600930346811,-0.2104080960677126,-0.07708698220209897,-0.2257194735065119,0.06843679767596754,-3.7742038311254467,-4.767934621662503,-1.0607705222297583,0.009167885797446353,4.3035626027343975e-05
1.78,-0.005191116543710131,1.4614309338622393,-1.002823316897,-0.5417744487866927,-0.0006309731403948554,-1.4656154203758507e-05,0.012193548268434412,0.016815343828865632,-0.0073216097704733515,-0.0005610141738868783,0.0016375184707390286,9.861619304817564e-05,0.18641500537039316,-0.02267929089026175,-1.2928490254128844,-0.21178451255007014,-0.08388560352678953,-0.23659719003144242,0.07408952635767647,-3.7837474757373504,-4.813152014304961,-1.07135712776406,0.009605215197435919,4.6581462392512266e-07
1.79,-0.005057512089732454,1.461586836786453,-1.0029859058329182,-0.5418007873385118,-0.0006137003860993422,-1.375812207140122e-05,0.013360445397767654,0.01559029242138309,-0.016258893591835917,-0.00263385518190904,0.0017272754295513193,8.980321323572866e-05,0.18135994398878794,-0.029526974387101904,-1.2765835745867953,-0.21164343061863455,-0.09028858375205018,-0.24636683083654162,0.07951202016955433,-3.7917430069736153,-4.8567154319276336,-1.081495887363639,0.010009972633458705,-4.40606316860881e-05
1.8,-0.0049126569052363915,1.461730342791535,-1.0032362540053812,-0.5418475049485972,-0.0005955896548899458,-1.2951947384618295e-05,0.014485518449606303,0.014350600508180102,-0.025034817246297407,-0.0046717610085464075,0.0018110731209396433,8.061746867829243e-05,0.17577665381937485,-0.033230895238332996,-1.2526627357768323,-0.2099958593111224,-0.096267531404571,-0.2549838656729894,0.0846891007369323,-3.7980280422740798,-4.898353772510598,-1.0911197811720141,0.010381284245032636,-9.030987067424305e-05
1.81,-0.004757000802435708,1.4618616315828243,-1.0035721967148432,-0.541914115423439,-0.0005767023480761975,-1.2240874485292215e-05,0.015565610280068375,0.01312887912894359,-0.03359427094619229,-0.006661047484178265,0.0018887306813748265,7.110728993260814e-05,0.1696828265033088,-0.03379513160340301,-1.2212291474708712,-0.20686370385476227,-0.10179651058541739,-0.26240936497240464,0.08960644372306788,-3.8024501096926557,-4.937806685946228,-1.1001647465136086,0.010718400369833484,-0.00013804122240267943
1.82,-0.004591023684174865,1.4619812060207888,-1.0039910314324203,-0.5419999988926694,-0.0005571014555026893,-1.162765145247179e-05,0.016597711826084365,0.01195744379646078,-0.04188347175771817,-0.008588346923036434,0.0019600892573508185,6.13223032820426e-05,0.16309812438778812,-0.031239569797359583,-1.182468139805459,-0.20227945986855778,-0.1068521352634133,-0.26861016202600846,0.0942506307368503,-3.804867390184136,-4.974826044215221,-1.1085700469628137,0.011020696825171063,-0.0001870084111075264
1.83,-0.004415233950320918,1.4620898875555377,-1.0044895341503757,-0.5421044057549297,-0.0005368513323289685,-1.111451971993484e-05,0.017578973385394756,0.010868153474886082,-0.049850271795544604,-0.010440686226033148,0.0020250123173720883,5.131317325369494e-05,0.15604410095272786,-0.025599587266533816,-1.1366065220390698,-0.19628579580237693,-0.11141364599430581,-0.2735589845471185,0.0986091964889749,-3.80514948572099,-5.009177348713976,-1.116278625531551,0.011287675633125594,-0.00023696082307032878
1.84,-0.004230166798367625,1.4621888100810876,-1.0050639787014268,-0.5422264613747497,-0.0005160174735268742,-1.0703206291499507e-05,0.018506715195329225,0.009892252554982007,-0.0574444551051205,-0.012205561981999319,0.0020833858802094254,4.113134284353348e-05,0.1485441075421682,-0.016925771979331674,-1.0839111199862683,-0.18893503140876033,-0.11546296854518068,-0.27723455532099334,0.1026706707782459,-3.8031782118804376,-5.0406410662991,-1.1232374397301208,0.01151896517927138,-0.0002876447734859611
1.85,-0.0040363824261411396,1.4622794122369775,-1.005710158916024,-0.5423651714958511,-0.0004946662869516749,-1.039491856225592e-05,0.01937843722264856,0.00906021558899811,-0.06461802145971195,-0.013871012110137117,0.002135118657519927,3.082877292435867e-05,0.1406231866437226,-0.005283680853538542,-1.0246870760267803,-0.18028852166732756,-0.11898475399540759,-0.27962166182846004,0.10642461490767764,-3.7988484113183576,-5.069013885885731,-1.1293977762976806,0.011714319796480849,-0.0003388047754679875
1.86,-0.0038344641453466827,1.4623634281825595,-1.0064234134702634,-0.5425194283320972,-0.0004728648658601463,-1.0190341739561773e-05,0.020191828079445685,0.008401594558184285,-0.07132545542394533,-0.015425683624611356,0.00218014210915286,2.0457682269414743e-05,0.13230795197869508,0.009246363452643656,-0.9592759259086677,-0.1704159570033168,-0.1219664000207597,-0.28071119490753693,0.10986165215498299,-3.7920687823264125,-5.094109887772074,-1.1347155434606404,0.011873618767248307,-0.00039018480450850833
1.87,-0.0036250164155135953,1.462442876867401,-1.0071986532619743,-0.5426880172935273,-0.0004506807617636056,-1.0089638843845332e-05,0.020944772983308754,0.007944868484137552,-0.07752397917109041,-0.016858896143009346,0.0022184104096540716,1.0070289571644127e-05,0.12362645572642866,0.026569441263694978,-0.888053468034834,-0.15939459181476945,-0.12439805324787889,-0.2805001566935487,0.11297349195573055,-3.782762714507903,-5.115761618264868,-1.139151538660385,0.011996864740427824,-0.0004415295519243395
1.8800000000000001,-0.003408662808674126,1.462520049819995,-1.0080303911388324,-0.5428696243015605,-0.000428181758517049,-1.0092453256083998e-05,0.021635360683946905,0.007717295259404445,-0.08317378768580688,-0.018160700803319354,0.002249900324655659,-2.8144122386663636e-07,0.1146080433145783,0.046576177025820266,-0.8114274422256779,-0.14730841428368535,-0.12627259278853986,-0.2789916382501019,0.11575294750152543,-3.7708691215617347,-5.133821062650245,-1.1426716897966283,0.012084181561355862,-0.0004925856610691586
1.8900000000000001,-0.0031860439158383196,1.4625974974765994,-1.0089127737901913,-0.5430628436445454,-0.0004054356485568885,-1.0197913766358495e-05,0.022261889283580673,0.007744765660441148,-0.08823826513589247,-0.019321934298492147,0.0022746109960160516,-1.0546051027449661e-05,0.10528319636480345,0.06914286252234073,-0.7298350361030504,-0.1342472710965894,-0.1275855953233504,-0.2761947674736769,0.11819394651118101,-3.75634325928528,-5.148160510091422,-1.145247268159522,0.01213581151810589,-0.0005431029403670717
1.9000000000000001,-0.002957815206989235,1.4626780140727387,-1.0098396156037304,-0.5432661863223752,-0.000382510012209061,-1.0404642066190226e-05,0.02282287088490846,0.008051659613930088,-0.09268418135390825,-0.020334267782983594,0.0022925636347827516,-2.0672829983173123e-05,0.09568336458991182,0.09413157424179278,-0.6437402382053706,-0.12030596111824154,-0.12833528239414238,-0.2721246280183076,0.12029153500063862,-3.7391575152472725,-5.158673304637377,-1.1468550713722734,0.012152112011144012,-0.0005928355475213709
1.9100000000000001,-0.0027246448569027194,1.4627646211218568,-1.0108044342790365,-0.5434780888268883,-0.0003594720009959515,-1.0710762616505697e-05,0.02331703500865157,0.008660704911813047,-0.09648186753061401,-0.02119025045131137,0.002303801121310949,-3.061205503154707e-05,0.08584078768976364,0.12139029898540048,-0.5536310577340164,-0.10558331216008776,-0.12852245087411887,-0.26680215014882713,0.12204187395740926,-3.719302155187075,-5.165274477192368,-1.1474775748358848,0.01213355165892758,-0.0006415431395684855
1.92,-0.002487211549575007,1.462860549508927,-1.0118004879828872,-0.5436969223032286,-0.00033638812587384663,-1.1113914813074341e-05,0.023743330732771243,0.009592838707026825,-0.09960537038508052,-0.021883347634037282,0.0023083875122104874,-4.031521965686444e-05,0.07578830858146027,0.15075308335274543,-0.46001663141779586,-0.09018125484205408,-0.1281503879033292,-0.2602539745847178,0.12344222891691647,-3.696786010109514,-5.167901254021079,-1.1471030503578528,0.012080705857969708,-0.0006889919837764902
1.93,-0.00224620227439912,1.4629692202315905,-1.0128208138252803,-0.5439210020362399,-0.00031332405133150645,-1.1611267362156782e-05,0.024100927517588706,0.010867072266331398,-0.10203258423930624,-0.022407973301130812,0.002306407454234017,-4.973525490824404e-05,0.0655591796140308,0.1820402238002224,-0.36342423836795484,-0.07420390711253155,-0.12722477188985845,-0.252512290545535,0.12449095254005772,-3.6716370873001685,-5.1665134381424735,-1.1457256508558782,0.01199425182250174,-0.000734956024726259
1.94,-0.002002310127446359,1.4630942238276317,-1.0138582674311438,-0.5441485972052984,-0.00029034439627371946,-1.2199534770885744e-05,0.024389214695276093,0.012500359604123245,-0.10374536058635149,-0.022759516905844247,0.002297965505778697,-5.882674087289635e-05,0.05518686374556646,0.21505851450075317,-0.26439624397419476,-0.05775668229498454,-0.1257535614726089,-0.24361464934776003,0.12518746040161965,-3.643903088114598,-5.161093660791379,-1.1433454602542688,0.011874963135969968,-0.0007792179032576894
1.95,-0.0017562321312616154,1.4632392985353018,-1.0149055633801303,-0.544377940850734,-0.0002675125426000571,-1.2874995849573622e-05,0.02460779961847434,0.014507470767006514,-0.10472959489863812,-0.022934364543554443,0.002283185367366237,-6.754610786878772e-05,0.044704832986136554,0.24960157023686486,-0.1634869938466319,-0.040945432626326606,-0.12374687460280291,-0.23360375503251246,0.125532200315408,-3.613651815417539,-5.15164750099186,-1.139968507932608,0.011723703854040726,-0.0008215699233107449
1.96,-0.0015086670864519255,1.4634083072420867,-1.015955316285885,-0.5446072399951242,-0.00024489045236708465,-1.3633514116676841e-05,0.024756504480969006,0.016900870678489888,-0.10497529057546634,-0.02292991443901633,0.002262209023297245,-7.58518267103219e-05,0.03414636671570129,0.28545024103271405,-0.061259678557138306,-0.023875639086734957,-0.12121686011785796,-0.22252723361947302,0.1255266156410267,-3.5809714539785844,-5.138203472182608,-1.1356067473411915,0.011541422206349681,-0.0008618149630387645
1.97,-0.0012603134680205196,1.463605213287907,-1.017000082286629,-0.5448346858632417,-0.00022253849439063465,-1.4470559991513735e-05,0.02483536184314059,0.019690604582015544,-0.10447660007440313,-0.02274458681175597,0.0022351957976449992,-8.370458748368942e-05,0.02354435275521494,0.32237313419399055,0.04171681054172236,-0.006651657014092427,-0.1181775643379663,-0.21043738268374063,0.12517310313582117,-3.5459707079733835,-5.120812875751709,-1.1302779986628706,0.011329143951694496,-0.0008997673269181191
1.98,-0.0010118673788614124,1.4638340552002511,-1.0180324007207147,-0.545058464145267,-0.00020051528110213125,-1.5381234654984246e-05,0.02484460891591071,0.022884191234409684,-0.10323184340857539,-0.022377828202536813,0.0022023213288503395,-9.106746634705121e-05,0.012931094283492789,0.36012725790215516,0.1448710148143983,0.010623974508813694,-0.11464479530508577,-0.19739090303529852,0.12447496602988639,-3.508778780990342,-5.0995495222666225,-1.1240058556735597,0.01108796544847805,-0.0009352535359223976
1.99,-0.0007640205720750411,1.464098920451221,-1.0190448357639128,-0.545276765249004,-0.0001788775164182799,-1.6360295454422933e-05,0.024784680678637122,0.026486525096969683,-0.10124350431980816,-0.021830110373703738,0.0021637764683851333,-9.790607994386875e-05,0.0023381258358534463,0.398458798544505,0.2476320124250424,0.027851153104366144,-0.11063598729541804,-0.1834486143436133,0.1234363631085171,-3.4695451855874215,-5.074509322113721,-1.1168195572304314,0.010819046508709924,-0.0009681130531703737
2.0,-0.0005174585527921768,1.464403918339665,-1.0200300178094623,-0.5454877944882294,-0.00015767985531589296,-1.7402182725270672e-05,0.024656201928286436,0.030499788844417106,-0.09851820455495058,-0.021102923922533642,0.0021197661102386953,-0.00010418872708477387,-0.008203958321469503,0.43710404160046457,0.3494324753212338,0.04493275869821156,-0.10617006816749106,-0.16867515658873605,0.12206225468129561,-3.428439371460205,-5.045809748180076,-1.108753824094609,0.010523603109503014,-0.000998198942794481
2.0100000000000002,-0.00027285876900633757,1.4647531521152652,-1.0209806843772506,-0.5456897821559231,-0.00013697477572275322,-1.8501047899410737e-05,0.02445997837858392,0.03492337756001952,-0.09506665677882602,-0.02019876676937146,0.0020705079593139725,-0.00010988651741400637,-0.01866566018625138,0.4757904432042502,0.44971166263946527,0.061775121327689586,-0.10126733195578082,-0.15313867923556668,0.12035834639667956,-3.3856501636385117,-5.013589174106923,-1.099848662070466,0.010202900040515075,-0.001025378460110578
2.02,-3.088889952623512e-05,1.465150690475326,-1.0218897203447657,-0.5458809934329358,-0.00011681246324119804,-1.9650782767714545e-05,0.024196986948010243,0.03975383600607963,-0.09090359675149132,-0.019121127701275716,0.0020162312481555185,-0.00011497348683038088,-0.029018715274164556,0.5142378565304143,0.5479183353903797,0.07828840996843311,-0.095949318886289,-0.136910520014425,0.11833103192225644,-3.3413850047848914,-4.978006092509393,-1.0901491327130932,0.009858243568953354,-0.0010495335715002985
2.0300000000000002,0.00020779475441150578,1.4656005385788367,-1.0227501972995618,-0.5460597380846074,-9.724070911399277e-05,-2.0845049762515612e-05,0.02386836539377409,0.0449848103510609,-0.08604769547962114,-0.017874465167159053,0.001957175412720527,-0.00011942669948010682,-0.03923620827518892,0.5521599139654957,0.6435135787146192,0.09438694293283989,-0.0902387046820742,-0.12006487515251046,0.11598733555103495,-3.295868998576734,-4.9392382183802885,-1.079705093115653,0.009490974205385675,-0.0010705614027446669
2.04,0.0004425487690569072,1.4661066087358054,-1.0235554118207804,-0.5462243798999287,-7.83048217230374e-05,-2.207731312431374e-05,0.02347540146454014,0.050607015696873175,-0.08052145212185842,-0.016464181532130067,0.0018935887390955368,-0.0001232263361798128,-0.049292664618869046,0.5892655627114871,0.7359735195075666,0.1099894220421258,-0.084159200651657,-0.10267846283329113,0.11333485581107074,-3.249343754260194,-4.897481483667833,-1.068570906535872,0.009102459653525824,-0.001088374614871844
2.05,0.0006727439866276776,1.4666726909426246,-1.0242989225056425,-0.5463733458299996,-6.0047551782023206e-05,-2.334087081594731e-05,0.02301952175707704,0.05660822068190956,-0.07435106848620113,-0.014896593007101283,0.0018257269941014183,-0.000126355769163357,-0.05916411592162554,0.625260748082884,0.824791928740261,0.12501909436422132,-0.0777354656224119,-0.08483018156892899,0.11038171114777558,-3.202066035709231,-4.852948929730309,-1.0568051258526996,0.00869408802526775,-0.0011029017069029798
2.06,0.0008977667913329596,1.4673024234460004,-1.024974585565687,-0.5465051347847499,-4.250903124636845e-05,-2.4628887046708715e-05,0.022502280470528196,0.06297325033758082,-0.06756630600447351,-0.013178895475031009,0.0017538520535654756,-0.00012880162307614065,-0.06882813784976947,0.6598502353843371,0.9094826993441383,0.13940384671338535,-0.0709930303104866,-0.0666007650548001,0.10713648871458585,-3.1543062216424196,-4.805869505016883,-1.0444701520571373,0.008267261398471486,-0.00111408724519784
2.07,0.0011170202738950892,1.4679992635284926,-1.0255765888267423,-0.5466183260491272,-2.5726725820133733e-05,-2.5934425268374033e-05,0.021925348256212944,0.0696840082492166,-0.06020032610552023,-0.011319126437721547,0.001678230542623472,-0.00013055382216653187,-0.0782638595722228,0.6927395579568452,0.9895821920073677,0.1530762394193239,-0.06395823422250652,-0.048072434940363735,0.10360819724802883,-3.1063465869772293,-4.7564867758982725,-1.0316318701728069,0.00782338978934081,-0.0011218920194155761
2.08,0.0013299252874988362,1.4687664587176703,-1.0260994839761022,-0.5467115872822006,-9.735400793093732e-06,-2.7250481504840453e-05,0.021290501360374702,0.07671951891776019,-0.05228951493598559,-0.009326123307340731,0.0015991325027040002,-0.00013160562364664222,-0.08745194467846318,0.7236370758274954,1.064651442655437,0.16597348693300074,-0.056658174679960704,-0.0293285528004803,0.09980622491815314,-3.058479418567289,-4.705057559068254,-1.018359265169441,0.007363885603730102,-0.0011262931254147593
2.09,0.001535921400017643,1.4696070186280572,-1.026538216910069,-0.5467836820648525,5.4329002049977044e-06,-2.8570017876991702e-05,0.020599611251880676,0.08405599103867989,-0.043873293396687864,-0.00720947826519225,0.0015168300998091436,-0.00013195363721512477,-0.09637454417848994,0.7522561264505484,1.1342782266905223,0.17803739373992578,-0.04912066706278001,-0.010453272432541794,0.09574030293593405,-3.011004981704743,-4.651850484354888,-1.004724020574285,0.0068901586224767025,-0.0011272839757193094
2.1,0.0017344677491823762,1.4705236876501717,-1.0268881560448195,-0.5468334769639248,1.9748864088163883e-05,-2.9885996184531156e-05,0.019854634916473334,0.09166690221145771,-0.03499391347506449,-0.0049794899072311775,0.0014315963883166178,-0.00013159783075394543,-0.10501522295872597,0.7783172463458784,1.1980789762390869,0.18921425470605246,-0.041374214898854844,0.00846880655686083,0.09142047556744341,-2.964229356709507,-4.597144497116491,-0.9908001026005383,0.006403611565040962,-0.001124874238471373
2.11,0.00192504380902099,1.4715189187038702,-1.0271451184634344,-0.5468599480828439,3.318590552595324e-05,-3.1191411406834056e-05,0.019057605983861373,0.09952310536984148,-0.02569624186148937,-0.002647111891903189,0.001343704143778936,-0.00013054152223028985,-0.11335886181521662,0.8015504400751572,1.2557005476670795,0.19945472941865106,-0.03344798799931881,0.027352983068795786,0.08685707705266456,-2.9184621676061013,-4.541227309652094,-0.9766633326973797,0.005905636263560427,-0.0011190897060765986
2.12,0.0021071500773606113,1.472594848273701,-1.0273053937818446,-0.5468621870708599,4.572015329683715e-05,-3.247932498538269e-05,0.01821062683396213,0.10759295698308419,-0.016027531841031208,-0.00022389880160289316,0.0012534247770883908,-0.0001287913578548638,-0.12139153789750405,0.8216974709921937,1.3068218374595606,0.20871370026507918,-0.025371806467035518,0.04611479607174154,0.08206071575778101,-2.874014227246691,-4.484393811229972,-0.9623909514818767,0.005397610466156656,-0.0011099720950190693
2.13,0.002280308695404233,1.473753272941954,-1.027365765626385,-0.5468394065651088,5.733042670613654e-05,-3.374289775107996e-05,0.01731586180436215,0.11584246682529285,-0.00603718445403984,0.0022780505751130464,0.0011610273409299393,-0.00012635727656972652,-0.12910038704822913,0.8385141465980381,1.351155245202706,0.2169501239622056,-0.017176128100987453,0.06467036287058253,0.07704226570693741,-2.8311951252214644,-4.426944446433375,-0.9480611770389297,0.004880895274279431,-0.001097578778579937
2.14,0.0024440640113350775,1.4749956276304308,-1.0273235306255888,-0.5467909450417392,6.799820308302094e-05,-3.497542236071177e-05,0.01637553159308445,0.12423546884768219,0.00422350007962783,0.0048461523369524966,0.0010667776376884403,-0.00012325246096318073,-0.13647345209122697,0.8517725701572854,1.3884479828612108,0.22412688594894714,-0.008892036491728872,0.08293671365519095,0.07181286544669346,-2.790310786457179,-4.369183571543014,-0.933752760571411,0.004356833204382961,-0.0010819824544327184
2.15,0.0025979831005320587,1.4763229657546417,-1.0271765148288343,-0.5467162710543609,7.770757744258417e-05,-3.617035510807891e-05,0.0153919089196981,0.1327338124210838,0.014701579675441109,0.007467398737821981,0.0009709374359563234,-0.00011949327473671405,-0.1434995215843732,0.8612633295104908,1.4184832298028778,0.23021066655510314,-0.000551226957853812,0.10083212197259986,0.06638392399780706,-2.7516610295009336,-4.311417798624909,-0.9195445423493591,0.0038267468496795496,-0.0010632707493066535
2.16,0.0027416562552764695,1.4777359414841191,-1.0269230874744752,-0.5466149868400696,8.644521544815673e-05,-3.732134697687826e-05,0.014367315474441091,0.14129757294773138,0.02534273543590505,0.01012842142913917,0.0008737638005572554,-0.00011509918687993507,-0.1501679638950944,0.8667975937651045,1.4410811331020503,0.23517182712823104,0.00781401258203962,0.11827643080767009,0.0607671334490481,-2.7155371540894775,-4.25395433687538,-0.905515010845564,0.003291938103504049,-0.001041545763104881
2.17,0.002874697456778392,1.4792347942898836,-1.0265621720401896,-0.5464868312753135,9.42003008344104e-05,-3.842227380431917e-05,0.013304120150192222,0.14988528057645462,0.036091543428568226,0.012815556475604548,0.0007755085386253678,-0.00011009268274409131,-0.15646856166368905,0.86820908877438,1.4560996525664693,0.238984323387065,0.016170828674964444,0.13519137396212982,0.05497448755113599,-2.682219587691267,-4.197099340596739,-0.89174186785643,0.0027536878923568333,-0.0010169235550343426
2.18,0.0029967448419455905,1.4808193359448665,-1.0260932545185202,-0.5463316821659071,0.00010096447845269344,-3.9467265426750484e-05,0.012204738516719878,0.15845416549828056,0.046891752166952544,0.015514910940644335,0.0006764177618283042,-0.00010449916224313137,-0.1623913517835162,0.8653559230199644,1.4634352497109153,0.24162565214860443,0.024485840086542754,0.1515008923911561,0.04901830548045641,-2.651975620269734,-4.141156272943776,-0.8783016022935685,0.002213256354378251,-0.000989533574447415
2.19,0.0031074611765613863,1.48248894012541,-1.0255163888709884,-0.5461495578575807,0.00010673179407639666,-4.045073368128302e-05,0.011071633461579602,0.16696041805434353,0.057686564753176246,0.01821243083263937,0.0005767315623703212,-9.834682545325333e-05,-0.167926475944284,0.8581222366945488,1.46302341955279,0.24307683635494914,0.03272518878243558,0.16713144509039712,0.04291125976688101,-2.6250572555497573,-4.0864242942977915,-0.8652690751951649,0.0016718833882373254,-0.0009595180392102511
2.2,0.003206534345443958,1.4842425347420012,-1.0248321996248102,-0.5459406181556248,0.00011149863205673008,-4.1367399140555045e-05,0.009907316888257182,0.17535946165911745,0.06841892461782864,0.020893970195593466,0.00047668379803334334,-9.166654592720264e-05,-0.1730640465560408,0.8464196484265653,1.4548390636968616,0.24332245190868207,0.040854606387446424,0.18201231402893234,0.036666407222716586,-2.601699205586146,-4.033196683797258,-0.8527171183493866,0.0011307894885557459,-0.0009270312644992736
2.21,0.0032936778687495984,1.4860785971053343,-1.0240418815871701,-0.5457051645444437,0.0001152636518495473,-4.2212316461433706e-05,0.00871435233056402,0.1836062363333055,0.07903180376401393,0.023545361118105658,0.0003765019792817219,-8.449173208786609e-05,-0.17779403250306483,0.8301884761769861,1.4388967027067268,0.2423506983774022,0.04883949800485465,0.1960759024981491,0.030297221575369838,-2.5821170534543976,-3.981759302187938,-0.8407161487476273,0.0005911767773604972,-0.0008922389449857173
2.22,0.003368631451887045,1.4879951520098949,-1.0231471966632828,-0.5454436397002191,0.00011802772434391833,-4.298089823259817e-05,0.007495358313744695,0.19165549045605162,0.08946849238872909,0.026152484422463085,0.0002764072494371021,-7.68581771164465e-05,-0.18210616867880666,0.8093987113493057,1.4152505253020953,0.24015351406765628,0.05664504484372457,0.20925802610143546,0.023817626399318916,-2.566505606441379,-3.932389103755175,-0.8293338008961967,5.42301369349477e-05,-0.0008553173934000876
2.23,0.00343116157456746,1.4899897727917848,-1.0221504677761182,-0.5451566262924035,0.00011979386881574162,-4.366893721063038e-05,0.00625301226804146,0.19946207818898815,0.09967288871646561,0.028701340781568153,0.0001766144471823297,-6.880389780322107e-05,-0.1859898926395758,0.7840507280542958,1.383994271493254,0.23672673439722658,0.06423632660974021,0.22149819544892263,0.017242026867655136,-2.5550374592496823,-3.8853527046719503,-0.8186345788142375,-0.00047888165197504146,-0.0008164527384763343
2.24,0.003481062122370191,1.4920595853907668,-1.0210545698977378,-0.5448448450724481,0.00012056719120800486,-4.427262683945966e-05,0.004990054780273114,0.20698125989819466,0.10958978783803429,0.031178121995529023,7.733223922632421e-05,-6.036896288292782e-05,-0.1894343110035883,0.7541757127268854,1.345260946416246,0.2320702909110013,0.07157846407603385,0.23273988945799098,0.010585338803442933,-2.547861783496277,-3.840905014642708,-0.8086795293365234,-0.0010070048612233731,-0.0007758400852630505
2.25,0.0035181550619093403,1.494201275418839,-1.0198629182147045,-0.5445091522510234,0.0001203548243069302,-4.478857995377645e-05,0.003709293953914925,0.2141690028072191,0.11916516830331914,0.03356928214247177,-2.1236690107466288e-05,-5.1595311431678883e-05,-0.19242819743369244,0.7198358028600962,1.2992223613974618,0.22618844676334948,0.07863678167828458,0.2429308179972589,0.003863013509410479,-2.545103356243929,-3.7992879382481437,-0.7995259381254317,-0.001528999945923581,-0.0007336826407606079
2.2600000000000002,0.0035422911582960867,1.4964110982094119,-1.0185794534629906,-0.5441505361680243,0.00011916587024399254,-4.521384557334992e-05,0.0024136096386746415,0.2209822790572882,0.12834647517140238,0.03586160829990101,-0.00011889540629376654,-4.2526561957347185e-05,-0.19496002319919206,0.6811239274573007,1.246088498696687,0.2190900630003263,0.08537698938672234,0.2520231724625214,-0.0029089431069308095,-2.546861836521839,-3.7607291519042887,-0.7912270495802207,-0.0020437409379261994,-0.0006901908078043564
2.27,0.0035533507311657814,1.4986848917927278,-1.0172086244812208,-0.5437701132628814,0.00011701134561160724,-4.5545923702050577e-05,0.0011059572869694676,0.22737935833158385,0.1370828981769705,0.038042290514297826,-0.00021545246323852917,-3.320781287006585e-05,-0.19701802043896097,0.6381633458517219,1.1861066964777092,0.21078888862084355,0.09176538251238475,0.2599738627426609,-0.009713958515778356,-2.5532112948445116,-3.7254409618426445,-0.7838318116167821,-0.0025501151755673614,-0.0006455812500709408
2.2800000000000002,0.003551244443137729,1.5010180927149313,-1.0157553680449214,-0.5433691233560995,0.00011390412933905737,-4.57827780527836e-05,-0.00021062880280521448,0.23332009222034905,0.14532564362993666,0.04009899067818711,-0.0003107216272549871,-2.3685435073302517e-05,-0.19859027736903623,0.5911068857480153,1.1195606508570806,0.20130386618563634,0.09776905752308018,0.26674473892982603,-0.016534889937277298,-2.56419999670479,-3.6936192480001075,-0.7773846460803533,-0.0030470234309734317,-0.0006000759310443418
2.29,0.0035359141122602417,1.503405754590565,-1.0142250860586433,-0.5429489242565371,0.00010985891333873059,-4.5922846627468075e-05,-0.0015330330877487534,0.23876618756337137,0.15302819862780404,0.042019909956242586,-0.00040452160003267705,-1.4006857468447386e-05,-0.1996648638182802,0.5401358856416966,1.046769232422767,0.190659443656509,0.10335614139263949,0.272302796057944,-0.023354030225356117,-2.5798504369812805,-3.665442498180124,-0.7719252453500474,-0.003533380481992543,-0.0005539011297473809
2.3000000000000003,0.0035073335378234117,1.505842569251627,-1.0126236201973486,-0.5425109857126786,0.00010489215580446487,-4.596505008963318e-05,-0.0028580574436830007,0.2436814661062131,0.16014658612947225,0.04379385438584162,-0.0004966757534265728,-4.220346216510354e-06,-0.20022998465940642,0.4854588510995054,0.9680851153727718,0.1788858823395305,0.10849603150318343,0.276620360119719,-0.030153124188364362,-2.6001596182455895,-3.6410709363125444,-0.7674883955000273,-0.004008116160002352,-0.0005072864360301182
2.31,0.0034655093269534798,1.508322890331086,-1.0109572241031783,-0.5420568827300442,9.902203692689819e-05,-4.590879787612313e-05,-0.00418242108699319,0.24803210794589356,0.16663960941702713,0.0454102982634531,-0.0005870118877566685,5.6252213510045604e-06,-0.20027415795270478,0.42730983867212036,0.883893218445637,0.16601955012321712,0.11315964268110434,0.27967525361900103,-0.03691339604324045,-2.625099562164346,-3.6206457481012415,-0.7641038261999737,-0.004470176887932107,-0.0004604637282156396
2.32,0.003410481707687304,1.5108407590952795,-1.009232533258573,-0.5415882882808732,9.226841668787582e-05,-4.575399200378213e-05,-0.005502761926617551,0.25178687641935016,0.17246908446053222,0.046859444917091014,-0.0006753620239022374,1.548058723409955e-05,-0.19978641395690724,0.3659465853795926,0.7946089580440233,0.15210318888686825,0.11731965758830554,0.2814509389613906,-0.043615588445522,-2.6546180396450723,-3.6042884068081555,-0.7617960873690285,-0.004918527705409175,-0.0004136661359419391
2.33,0.0033423253128088185,1.5133899323182993,-1.0074565326715543,-0.5411069654362997,8.465279430937065e-05,-4.550102853679949e-05,-0.006815639487848538,0.2549173223019759,0.17760005870186268,0.04813228445736306,-0.000761562237850517,2.5296346698264403e-05,-0.1987565106043302,0.3016484056912803,0.7006763154353876,0.1371861447688696,0.12095077642562446,0.2819366380738073,-0.050240013264324014,-2.688639502148649,-3.5921001013826364,-0.7605844524442391,-0.005352154760605687,-0.0003671269911108857
2.34,0.00326114991764944,1.5159639119726112,-1.0056365225236659,-0.5406147589553391,7.619826886364882e-05,-4.515079669060093e-05,-0.008117539515937858,0.25739796543118576,0.18200101478885272,0.049220648096063926,-0.0008454525445721825,3.5023184619855685e-05,-0.19717516060067575,0.23471388163234347,0.6025657215676715,0.12132455019180144,0.12402996174576686,0.2811274267663351,-0.05676661398763547,-2.727066193752766,-3.584161268608387,-0.7604828479877158,-0.0057700682317390764,-0.0003210787699651006
2.35,0.0031671011143404285,1.5185559764940904,-1.0037800819454463,-0.5401135863691161,6.692950050160695e-05,-4.470467555873912e-05,-0.009404880330901162,0.25920645214791754,0.18564405782194518,0.050117258622300695,-0.0009268768362041868,4.4612113186180825e-05,-0.1950342650057254,0.1654583750155654,0.5007717648839152,0.10458144694647054,0.12653667412540848,0.279024302506898,-0.06317503935791706,-2.769779421159761,-3.580531230409923,-0.7614998092370134,-0.006171305625882764,-0.0002757520294626166
2.36,0.003060360904676823,1.5211592133666219,-1.0018950310982135,-0.5396054286027933,5.687267172577763e-05,-4.416452846012491e-05,-0.010674020966360569,0.26032368725314387,0.188505084723268,0.050815776632283496,-0.001005682877582932,5.4014709861421355e-05,-0.19232714798721876,0.09421139374320937,0.39581072948519563,0.08702684037688391,0.12845309451532394,0.2756342244644795,-0.06944472756034357,-2.8166409569471123,-3.581247936939434,-0.7636384611009603,-0.006554935389332102,-0.0002313743413072454
2.37,0.002941148193819051,1.523766552761643,-0.9999893917541792,-0.5390923201815885,4.605544812332513e-05,-4.353269491510935e-05,-0.0119212710857772,0.2607339395021253,0.19056393440343491,0.05131084212048287,-0.0010817223602452497,6.318335450155547e-05,-0.1890487874203548,0.021313846579769317,0.28821797306496677,0.06873767564998845,0.12976432927189518,0.27097012488312333,-0.07555500002549732,-2.8674945499967452,-3.586327815556292,-0.766896524018102,-0.00692006075274712,-0.0001881692272173676
2.38,0.002809719167518253,1.5263708019616524,-0.9980713465793313,-0.538576339071017,3.450693798175727e-05,-4.2811980270328784e-05,-0.013142902630079768,0.2604249200009374,0.1918045174847962,0.05159811105715057,-0.0011548510141567857,7.207146447805675e-05,-0.18519603612886018,-0.052884777306684914,0.17854515613548322,0.04979772838541763,0.13045859416737382,0.2650508910715206,-0.08148516367380189,-2.9221675162337455,-3.5957657253187625,-0.7712663440266506,-0.00726582372606677,-0.00014635509927286942
2.39,0.002666367536392667,1.5289646802938714,-0.9961491973349177,-0.5380595962050143,2.2257650234880175e-05,-4.200564300381202e-05,-0.0143351631125586,0.25938783322191067,0.1922149244413542,0.05167428660026343,-0.0012249287746877095,8.063372665167611e-05,-0.18076782882564357,-0.12802926645183388,0.06735733618232695,0.03029740333292885,0.13052737407263826,0.25790131752551326,-0.08721462022851373,-2.980472382566168,-3.6095350161338757,-0.7767349463424275,-0.007591409153051846,-0.00010614420946253062
2.4,0.0025114246319826207,1.5315408543009792,-0.9942313222235707,-0.5375442247588261,9.33945022707333e-06,-4.1117379753567865e-05,-0.015494290441004638,0.25761740071077516,0.19178751113470446,0.05153714461882375,-0.0012918200007806845,8.882632502441586e-05,-0.17576537020242364,-0.20376154464868135,-0.044770057577850485,0.010333436494193382,0.12996555548798272,0.24955202793547737,-0.09272298106446972,-3.0422085572415014,-3.6275876912598983,-0.7832841117034557,-0.007896048733441019,-6.774161285390105e-05
2.41,0.002345259340838651,1.5340919728800988,-0.9923261326149576,-0.5370323692264368,-4.214487161773648e-06,-4.015130812466515e-05,-0.016616529114397004,0.25511185791195545,0.19051896086130274,0.05118555323893097,-0.0013553937388846979,9.66071628902719e-05,-0.17019230012534486,-0.27972348982174033,-0.15725435122119052,-0.009991502097531635,0.12877152965121008,0.24003936706420942,-0.09799018594613826,-3.107164000704114,-3.6498546714295395,-0.790890474715165,-0.008179024922125914,-3.13441491141513e-05
2.42,0.0021682778647102055,1.536610702128928,-0.9904420293931792,-0.5365261743647983,-1.8369727422704794e-05,-3.9111947341627066e-05,-0.01769814761284455,0.25187292488291446,0.1884103221778404,0.05061948616384682,-0.0014155240260931147,0.00010393607830380809,-0.16405483250050643,-0.3555596768943812,-0.26950883553075683,-0.030569305756039666,0.1269472645558457,0.2294052627065535,-0.10299662394409256,-3.175116872420925,-3.676246158462967,-0.7995256434167173,-0.00843967461936433,2.860552587896593e-06
2.43,0.0019809232969532336,1.539089759648898,-0.9885873591738105,-0.5360277740691587,-3.309062967319929e-05,-3.800419682472117e-05,-0.018735456775697202,0.2479057519970115,0.18546702193687437,0.049840029563966,-0.0014720902250494497,0.00011077505169058936,-0.1573618650599159,-0.4309200088449483,-0.38094603683848216,-0.05128702745258895,0.12449834484584632,0.2176970581590385,-0.10772325480499663,-3.245837130996191,-3.7066520958698703,-0.8091563392847895,-0.008677392573617429,3.4695039984121976e-05
2.44,0.0017836750075099468,1.5415219480693028,-0.9867703706423896,-0.5355392802453425,-4.834040349905721e-05,-3.683331278036866e-05,-0.019724828944328664,0.24321884204048186,0.1816988531420903,0.04884938238161819,-0.0015249773825857917,0.0001170884044352513,-0.1501250580618313,-0.5054622023862865,-0.49098102701238056,-0.07202757174401997,0.12143397919333598,0.20496731582978314,-0.11215172908556047,-3.319088067167277,-3.74094272360016,-0.8197445568941042,-0.008891634428753582,6.399296984534002e-05
2.45,0.0015770478311755523,1.5439001875731697,-0.9849991712681959,-0.5350627717458597,-6.408116953649347e-05,-3.560488290734878e-05,-0.02066271763343945,0.23782395038669918,0.17711993741937318,0.04765084994828283,-0.0015740766037436267,0.00012284298730198814,-0.1423588806759983,-0.5788540976245654,-0.5990347492653403,-0.09267047694519093,0.11776697539238934,0.19127359280865786,-0.11626450544263255,-3.394627751898119,-3.7789692237938013,-0.8312477424617847,-0.009081919359642185,9.060000007619776e-05
2.46,0.0013615910562952908,1.5462175472249113,-0.9832816846472594,-0.5346002834371865,-8.027402386442798e-05,-3.4324799331660566e-05,-0.021545677488026146,0.23173596517416284,0.17174866209365114,0.04624883086732269,-0.0016192854327934509,0.00012800835756882114,-0.13408062460852554,-0.6507757646123259,-0.7045373357341205,-0.11309278017130753,0.11351368399260531,0.17667818939194796,-0.12004496359464371,-3.4722103846965324,-3.8205644541009396,-0.8436189905129949,-0.009247832254013887,0.00011437463583217368
2.47,0.001137887213471347,1.5484672749210981,-0.9816256087266639,-0.5341537954654574,-9.687910619550511e-05,-3.299922989374536e-05,-0.022370384282394386,0.2249727696186802,0.16560759205954143,0.044648797172905395,-0.0016605082331077126,0.00013255694379152053,-0.1253103852880747,-0.7209213838384082,-0.8069313923827092,-0.13316995596407644,0.10869391183356159,0.1612478717156095,-0.12347751162736156,-3.5515875304004427,-3.865543764892772,-0.8568072579160577,-0.009389025413283798,0.00013518902363540968
2.48,0.0009065506662459368,1.5506428258086065,-0.9800383751583306,-0.533725222787113,-0.00011385567177782977,-3.163458792218756e-05,-0.023133654722541006,0.21755508875084162,0.15872335683333422,0.04285726783444469,-0.0016976565582324666,0.00013646419715578002,-0.11607101166015787,-0.7890008823073328,-0.9056752267147209,-0.1527769175217184,0.10333080730963168,0.14505356979903844,-0.12654768650138795,-3.6325092359290028,-3.91370589645861,-0.8707575945440578,-0.009505219760184347,0.00015292968745352694
2.49,0.0006682260080110678,1.5527378890384458,-0.9785271100246112,-0.5333164050297652,-0.00013116216685003204,-3.0237500637913262e-05,-0.023832465823486894,0.20950632298392244,0.15112651337193256,0.040881775734774965,-0.0017306495072202256,0.00013970872842742986,-0.10638802629729345,-0.854741311857932,-1.0002459940668038,-0.17178906798179217,0.09745071958177282,0.128170052436869,-0.12924224682126095,-3.7147250218003034,-3.964833952082982,-0.8854113898250378,-0.009596205555906855,0.0001674982007767589
2.5,0.0004235862715298599,1.5547464127482729,-0.9770985961702289,-0.5329290967466811,-0.00014875630743199522,-2.881477634221073e-05,-0.02446397364812079,0.2008523709827171,0.1428513854382335,0.03873082830840589,-0.0017594140581963186,0.00014227242957025294,-0.09628951810917886,-0.9178879616342316,-1.0901427388565734,-0.1900833879326056,0.09108303425065017,0.11067558050249532,-0.13154925713713128,-3.797984746500758,-4.0186964427137415,-0.9007066344421737,-0.009661842643401055,0.00017881178888898275
2.5100000000000002,0.00017333095939901403,1.5566626271914685,-0.9757592373654349,-0.5325649581258541,-0.00016659516118393595,-2.7373370550516507e-05,-0.025025531213084585,0.1916214443195694,0.1339358804793963,0.03641386208269302,-0.001783885375194072,0.00014414057916942245,-0.08580601041264642,-0.9782052020326226,-1.1748893080764404,-0.20753954430214971,0.0842599882100718,0.09265154034562015,-0.13345816326065707,-3.8820393449808916,-4.075048398764576,-0.9165781964375062,-0.00970206024599198,0.0001868038557804729
2.52,-8.181609449439014e-05,1.5584810659551718,-0.9745150245138148,-0.5322255462116666,-0.00018463523202859908,-2.59203512417601e-05,-0.025514705389340416,0.18184387637031946,0.12442128516201337,0.03394119141874791,-0.001804007084466313,0.00014530193087564094,-0.0749703074828113,-1.035477062871744,-1.2540371155282382,-0.2240410050330519,0.0770164665101703,0.07418205907766537,-0.1349598582782999,-3.966641445580078,-4.133632544437865,-0.932958110956381,-0.009716856361079638,0.0001914244304948399
2.5300000000000002,-0.00034110902098816686,1.5601965852333872,-0.9733715041050737,-0.5319123066936706,-0.00020283254720574424,-2.4462863400054293e-05,-0.02592929264937767,0.17155192782154835,0.1143520408741133,0.031323951799598536,-0.0018197315177145162,0.00014574878417058054,-0.0638173229465391,-1.0895075538334253,-1.3271677367510488,-0.23947614352304125,0.06938978408065488,0.05535360364547656,-0.13604673912988874,-4.051545872488774,-4.194180529802435,-0.9497758828439373,-0.009706296797028184,0.00019264052813750682
2.54,-0.0006037823563738617,1.561804381143728,-0.9723337490985112,-0.5316265663130728,-0.00022114274641498005,-2.3008093031575547e-05,-0.026267333538569484,0.16077959103408704,0.10377550065624704,0.028574038059778935,-0.0018310199209235802,0.00014547703684787445,-0.05238389349350959,-1.1401207402684836,-1.3938953162604875,-0.2537393167185389,0.061419455101929255,0.03625456569510177,-0.1367127537816529,-4.136510043387896,-4.256414215710499,-0.9669588012690438,-0.009670513907177585,0.0001904364212937798
2.5500000000000003,-0.0008690536141138305,1.5633000050971293,-0.9714063324069016,-0.5313695259331469,-0.0002395211727019883,-2.1563230844522758e-05,-0.026527125773996876,0.1495623953401214,0.09274166916096975,0.02570403799258922,-0.0018378426287008224,0.00014448621870527878,-0.040708581369987354,-1.1871605921234905,-1.4538687705710238,-0.266731900934432,0.053146952675999004,0.016974834323856824,-0.1369534391559243,-4.22129427411705,-4.320047006485386,-0.9844322655048333,-0.009609705078088539,0.000184813818204445
2.56,-0.0011361259731057045,1.5646793772486016,-0.970593303133296,-0.5311422543150649,-0.0002579229647534414,-2.013543578400181e-05,-0.02670723589918741,0.13793721514724328,0.08130292736055998,0.022727161808198407,-0.0018401792051453113,0.0001427795060520949,-0.028831468992272617,-1.2304906279040047,-1.5067737724458516,-0.27836327001596306,0.044615461252682134,-0.002394641090589622,-0.1367659500810992,-4.305662004080829,-4.384785225152786,-1.0021201209385253,-0.009524131029648455,0.00017579194471730982
2.57,-0.0014041910675737295,1.5659387980734842,-0.9698981656950375,-0.5309456826355928,-0.0002763031502861929,-1.873179861649369e-05,-0.0268065094468025,0.12594208248825264,0.06951374382584216,0.019657167947202073,-0.001838018553275144,0.00014036371675081211,-0.016793948780831687,-1.269993379141252,-1.5523345038932719,-0.288551701260503,0.035869624021047285,-0.0217622957118071,-0.1361490795936782,-4.389379957578925,-4.450329525820853,-1.0199450043169822,-0.009414113982624189,0.0001634075277641738
2.58,-0.0016724318633997612,1.5670749581274532,-0.9693238619501986,-0.5307805997777937,-0.0002946167402449636,-1.7359305760170446e-05,-0.026824079582603178,0.11361600539690328,0.057430374483893085,0.01650828577991709,-0.001831358995877074,0.00013724928563232445,-0.004638510987489273,-1.3055697036849632,-1.5903151675479612,-0.29722519561724603,0.026955287199941613,-0.041036399369885235,-0.13510327095952107,-4.4722182573236156,-4.516376337636764,-1.037828697159255,-0.00928003574485144,0.00014771467889301197
2.59,-0.0019400256056239208,1.5680849460595947,-0.9688727564219094,-0.5306476484203791,-0.0003128188235578073,-1.6024803557680486e-05,-0.026759374222415956,0.1009987932141464,0.04511055282892342,0.01329513574145372,-0.0018202083312843678,0.0001334502202489958,0.007591468116055252,-1.337137978237233,-1.6205212482102107,-0.3043222000231456,0.017919242864350475,-0.060125509579776526,-0.13363062178570428,-4.553950507078268,-4.582619334559095,-1.0556924861843973,-0.00912233576080188,0.00012878467720251353
2.6,-0.0022061468219125076,1.5689662549560361,-0.9685466246958221,-0.5305473219457151,-0.0003308646622379141,-1.4734963187098364e-05,-0.026612121628858707,0.08813088964414219,0.0326131726087342,0.010032647466401803,-0.0018045838680106783,0.00012898403705821214,0.01985193577839057,-1.3646332018235166,-1.642800518428702,-0.30979222130705075,0.008808971646703051,-0.07893892499113958,-0.13173488057095392,-4.634353860611398,-4.648750924986698,-1.0734575295133526,-0.008941509161139618,0.00010670565186792164
2.61,-0.002469970366972459,1.5697167870969548,-0.968346645045431,-0.5304799621807662,-0.00034870978666147283,-1.349624640450191e-05,-0.02638235450599514,0.07505321409187608,0.019997965039111092,0.006735976494887648,-0.0017845124423558744,0.0001238716782596455,0.032098368618340645,-1.3880060423471672,-1.6570437840858405,-0.31359632281309047,-0.00032761363765629326,-0.09738713677370875,-0.1294214359961271,-4.713209094018423,-4.714463755078184,-1.0910452273095697,-0.008738104839499498,8.158216530043335e-05
2.62,-0.00273067449315022,1.5703348572122753,-0.9682733933193228,-0.5304457579795271,-0.00036631009089195727,-1.2314872308091766e-05,-0.02607041261777608,0.06180701153204239,0.007325172610816071,0.0034204201239097817,-0.0017600304230484451,0.00011813740964101428,0.04428597386572572,-1.40722185799134,-1.6631853679359623,-0.3157074968212559,-0.009442422656806948,-0.115382275423977,-0.126697299192316,-4.790300697930413,-4.779452219384112,-1.1083775954259134,-0.008512723573562059,5.353469883454041e-05
2.63,-0.0029874439327520707,1.570819194321166,-0.9683268411038315,-0.530444744649782,-0.0003836219279589812,-1.1196785308908418e-05,-0.025676943960185043,0.04843371088906247,-0.00534477845086689,0.0001013329745094267,-0.0017311837067023924,0.00011180869991833484,0.05636988556072679,-1.4222597240443435,-1.6612033309632044,-0.31611090781984075,-0.018487439968906283,-0.13283855048117016,-0.12357107914909642,-4.865417005223895,-4.843413972200711,-1.125377640527522,-0.008266016197044306,2.2699043676259597e-05
2.64,-0.003239472977929076,1.571168942237739,-0.9685063571541814,-0.5304768042214145,-0.00040060220503255984,-1.014762448704678e-05,-0.02520290451770053,0.03497479165730179,-0.017951605034996845,-0.003205957163253513,-0.0016980277073578643,0.00010491608218616371,0.06830535573066084,-1.4331114937783398,-1.651119433243845,-0.3148040037472093,-0.027414974806950987,-0.14967268066332934,-0.12005295134599504,-4.9383503685922605,-4.906051432844837,-1.1419697350636464,-0.007998681818959734,-1.077439934169162e-05
2.65,-0.003485968544253493,1.5713836588203862,-0.968810712067176,-0.5305416665480049,-0.0004172084784592231,-9.172694504848697e-06,-0.024649556632441703,0.02147165826472208,-0.030435491299449335,-0.00648623265903783,-0.0016606273426663276,9.749299821980836e-05,0.08004794095864981,-1.4397809193711262,-1.632998837708711,-0.31179649442766966,-0.03617790801936133,-0.16580431197776035,-0.11615461961314211,-5.008897400765215,-4.9670732778501465,-1.158079990368418,-0.007711466076885082,-4.672140687495062e-05
2.66,-0.0037261532043508685,1.5714633140352612,-0.9692380861489638,-0.5306389112281469,-0.0004333990486432502,-8.276938239912866e-06,-0.024018466009737553,0.007965521487496149,-0.042737408178781966,-0.009724468014197418,-0.0016190570184027079,8.957562649358312e-05,0.09155368508140603,-1.442282855616408,-1.6069495618147995,-0.30711019849585597,-0.044729936028799544,-0.18115642142640054,-0.11188927115883505,-5.076859288301197,-5.02619591290128,-1.1736366260832,-0.007405159402430156,-8.496480199996219e-05
2.67,-0.003959268178126123,1.571408286895879,-0.969786080412536,-0.5307679703278334,-0.00044913305476300863,-7.464911290956287e-06,-0.023311497377525487,-0.005502713938230852,-0.0547994263572196,-0.012905909968647824,-0.0015734006119758467,8.120269489565789e-05,0.1027792989890627,-1.4406425654155246,-1.573121683649026,-0.30077876212306087,-0.05302581170017523,-0.19565570401316695,-0.1072715246483874,-5.142042187764039,-5.083144917162722,-1.1885703340139329,-0.007080595270016314,-0.00012531539923663906
2.68,-0.004184576266223065,1.571219361331029,-0.9704517306214836,-0.5309281318804345,-0.00046437056930807483,-6.740758498659731e-06,-0.022530808809694183,-0.018892556485005624,-0.06656502089476146,-0.016016155260117175,-0.0015237514545066201,7.241527922965561e-05,0.11368233863815429,-1.4348951418945124,-1.531706310399091,-0.29284725481324614,-0.06102158197820523,-0.20923294086704824,-0.10231737118535808,-5.204257710769151,-5.137656452529457,-1.202814634467851,-0.006738648394733417,-0.00016757301932366194
2.69,-0.0044013647133834335,1.5708977210225816,-0.9712315242793036,-0.5311185441362585,-0.00047907269240704515,-6.108192611712075e-06,-0.02167884471603682,-0.032164030844740815,-0.07797936578199587,-0.019041225582399467,-0.001470212309897031,6.325658869476563e-05,0.1242213824233511,-1.4250850575645173,-1.4829343184533408,-0.2833716493499576,-0.06867482207066877,-0.22182334641972365,-0.09704410803727262,-5.2633235018882,-5.1894786302346185,-1.2163062230572657,-0.006380232841702933,-0.00021152756686928348
2.7,-0.004608947988330291,1.57044494324372,-0.9721214204472743,-0.5313382205294707,-0.0004932016458887584,-5.570475215425163e-06,-0.02075832749468575,-0.04527777788616829,-0.0889896167970701,-0.02196763932121498,-0.001412895348171325,5.377173962869122e-05,0.13435620898176764,-1.4112658463598464,-1.4270748756307268,-0.2724181946521975,-0.0759448658146481,-0.23336689271786332,-0.0914702649662694,-5.319063910779238,-5.238372827202286,-1.2289853059157387,-0.006006300008175976,-0.0002569601635375666
2.71,-0.004806670466705735,1.569862991717058,-0.9731168722587283,-0.5315860453262776,-0.0005067208669815728,-5.130400026621535e-06,-0.019772247837544346,-0.05819515266620966,-0.09954518114539436,-0.024782479680698334,-0.001351922109281445,4.4007518880362824e-05,0.14404797632863997,-1.393499919771486,-1.3644337572079444,-0.26006269177968644,-0.08279303168049756,-0.24380860910326763,-0.08561552307236334,-5.371310757208663,-5.28411494453818,-1.2407959212457345,-0.0056178364406056875,-0.0003036443290481004
2.72,-0.004993909003466221,1.569154208501408,-0.9742128519835083,-0.5318607799147774,-0.0005195951015073921,-4.790278644110941e-06,-0.018723853676048636,-0.07087832156498891,-0.10959797247799533,-0.027473458849979215,-0.0012874234525819298,3.4012138251059396e-05,0.15325940295037993,-1.3718585137599582,-1.2953514684862815,-0.2463896846548641,-0.08918284364577778,-0.2530988556602699,-0.07950062613352643,-5.419904184900837,-5.326496600612996,-1.2516862451083661,-0.00521586145213597,-0.0003513472019698775
2.73,-0.005170075381008411,1.5683213049060178,-0.9754038784835779,-0.5321610696937508,-0.0005317904963707833,-4.551928829082652e-06,-0.017616637754219067,-0.08329035953903108,-0.11910265000696099,-0.0300289778973366,-0.0012195394863391174,2.3834981502828898e-05,0.16195495112178054,-1.346421758795791,-1.2202011876592163,-0.2314915781089768,-0.09508024592010333,-0.2611935690002232,-0.07314728453124743,-5.464693597440945,-5.365326251318576,-1.2616088793765905,-0.004801424511227883,-0.00039983079207876477
2.74,-0.005334618619197652,1.5673673514222464,-0.9766840468892284,-0.532485451514937,-0.000543274691080666,-4.416665374271384e-06,-0.01645432381892407,-0.09539534837714302,-0.12801684056504423,-0.032438182118626306,-0.0011484194709882667,1.3526345481126743e-05,0.17010101228215163,-1.3172788613376463,-1.1393865436626838,-0.2154676967435245,-0.10045381023347599,-0.2680544791304662,-0.06657807198005308,-5.505538666817598,-5.400430230269807,-1.2705211198043052,-0.004375602379315822,-0.0004488532559238167
2.75,-0.005487027133437151,1.566295766655224,-0.9780470603151294,-0.5328323616310034,-0.0005540169079749212,-4.385293604931103e-06,-0.015240851423950005,-0.10715847670223697,-0.13630134259010424,-0.0346910116066509,-0.00107422168942553,3.1371769340280476e-06,0.17766609381771026,-1.2845283814127606,-1.0533392445388743,-0.19842329867816844,-0.1052749341246374,-0.2736492963323649,-0.05981631543061066,-5.542310402674941,-5.431653701988998,-1.2783852022162026,-0.003939495984175074,-0.0004981701872095491
2.7600000000000002,-0.0056268307269878364,1.5651103052322812,-0.9794862634266546,-0.5332001440994881,-0.0005639880407494166,-4.45810553860347e-06,-0.013980359355068537,-0.11854614229427815,-0.14392031115251616,-0.03677824684847,-0.0009971132774495388,-7.281193367236667e-06,0.18462100607516208,-1.2482785877878615,-0.9625165725960273,-0.18046855861253785,-0.10951802839909897,-0.277951867151223,-0.05288597868323249,-5.574892268000249,-5.458861521446425,-1.2851685248975617,-0.00349422702575584,-0.0005475359136473004
2.77,-0.005753602403966305,1.5638150446610863,-0.9809946776594921,-0.5335870595914675,-0.0005731607408251276,-4.634878714528357e-06,-0.01267716769784688,-0.12952605711948673,-0.15084142328375108,-0.03869154919792838,-0.0009172700075710962,-1.7677317592488746e-05,0.1909390478957389,-1.2086478695758005,-0.8673987632933992,-0.1617175347321096,-0.11316069167947451,-0.28094229877413507,-0.04581154042561076,-5.603181324851184,-5.481938993741794,-1.2908438453597275,-0.0030409343222046023,-0.0005967047920553658
2.7800000000000002,-0.005866959989849336,1.5624143711086447,-0.9825650378895497,-0.5339912945525724,-0.0005815095010231521,-4.91487768744711e-06,-0.011335758588303107,-0.1400673552441739,-0.1570360230057607,-0.04042349611049492,-0.0008348760198024613,-2.799989729187525e-05,0.19659618843381838,-1.1657651810635639,-0.7684862853131866,-0.14228713382744917,-0.11618386975975936,-0.28260705124435054,-0.03861786758835982,-5.627089391874059,-5.500792528196192,-1.2953894497758522,-0.0025807699152191436,-0.0006454324936903486
2.79,-0.005966567546932547,1.560912964072708,-0.9841898303455725,-0.5344109706632371,-0.0005890107359603862,-5.296858164627762e-06,-0.009960755708321119,-0.15014070359367193,-0.16247924560227872,-0.041967611066463295,-0.000750123493723411,-3.8198047718065226e-05,0.2015712425339001,-1.1197704951036245,-0.6662970396817288,-0.12229608859516361,-0.11857199731295831,-0.2829389971235768,-0.031330085086840105,-5.646544193823677,-5.515350181680573,-1.2987892935221994,-0.002114894965306163,-0.0006934772720648635
2.8000000000000003,-0.0060521365730573096,1.5593157799197743,-0.9858613315537058,-0.5348441545446998,-0.000595642858531326,-5.779073749328554e-06,-0.008556902612476266,-0.15971841529337077,-0.16715012081332714,-0.04331838814627038,-0.0006632122570939714,-4.822155847007919e-05,0.20584603650800032,-1.070815239599812,-0.5613634960593561,-0.10186396045090707,-0.12031311940236611,-0.2819374483766728,-0.023973443180073842,-5.661490482105605,-5.525562086631882,-1.3010331114222433,-0.0016444754784671661,-0.0007406012058428942
2.81,-0.006123426973056062,1.5576280342687188,-0.987571648101423,-0.5352888676572775,-0.0006013863518065922,-6.359285238740674e-06,-0.007129039999875278,-0.16877456510555242,-0.17103165477171203,-0.04447131125777006,-0.0005743493275266242,-5.802114894121201e-05,0.20940556080564024,-1.0190626914458252,-0.4542297844145838,-0.08111018033473893,-0.12139899022094669,-0.2796081504073746,-0.0165731838197152,-5.671891104556851,-5.5314007598968145,-1.302116496472905,-0.001170677915865762,-0.0007865714097956877
2.82,-0.006180247793785269,1.5558551832061387,-0.9893127570077603,-0.5357430963377712,-0.0006062238356587705,-7.034772409838598e-06,-0.00568208207292069,-0.1772851062580025,-0.17411089063373833,-0.04542286804937352,-0.0004837483852178346,-6.754871710979243e-05,0.21223810582182015,-0.9646883027252204,-0.34544876023401044,-0.060153138900671976,-0.12182514654301124,-0.275963243326438,-0.00915440747693739,-5.677728002286964,-5.532861289289597,-1.3020409460331195,-0.000694664746700616,-0.0008311612072397417
2.83,-0.006222457715321065,1.5540029033286031,-0.9910765464876047,-0.5362048019235186,-0.0006101401274231015,-7.802348212636291e-06,-0.004220992153579598,-0.18522798775354765,-0.17637894798443182,-0.0461705585747383,-0.0003916291764330982,-7.675758027976933e-05,0.21433537696294136,-0.9078799350322124,-0.23557906116750507,-0.039109336269438355,-0.12159095352319482,-0.2710211906838546,-0.0017419420165218512,-5.679003111439167,-5.529961395547157,-1.3008138746728088,-0.00021759001143747289,-0.0008741512578551275
2.84,-0.006249965292877866,1.5520770706180171,-0.992854856899794,-0.5366719309115567,-0.0006131222959160545,-8.658375277211752e-06,-0.002750757755680038,-0.1925832710585932,-0.1778310412189351,-0.04671289880381863,-0.0002982168492952996,-8.560270645754613e-05,0.2156925851017975,-0.8488379793857914,-0.12518217258543285,-0.018092600100901635,-0.12069962072531337,-0.26480667604659375,0.005639784769737876,-5.675739148210445,-5.522741368203516,-1.2984485931131151,0.0002594050325838014,-0.000915330635288136
2.85,-0.006262728946256174,1.5500837381690384,-0.9946395216719468,-0.5371424251025702,-0.0006151597081699377,-9.598784628623528e-06,-0.0012763653378307699,-0.1993332448978782,-0.17846647721527356,-0.04704941910133752,-0.00020374122538832087,-9.404093514117758e-05,0.21630850871086368,-0.7877753413376187,-0.014819518919983773,0.002786620785300453,-0.11915818660873656,-0.2573504679542152,0.012966867357619689,-5.667980256393966,-5.511263874776232,-1.2949642529340983,0.0007351961086008678,-0.0009544978494675487
2.86,-0.00626075669610219,1.548029112801679,-0.9964224079991297,-0.5376142316807392,-0.00061624406829688,-1.0619096492593219e-05,0.00019722501539833157,-0.20546253673594417,-0.17828863271829787,-0.04718065781690743,-0.00010843601269422626,-0.00010203118639696908,0.21618552427371765,-0.7249172734596482,0.09495040312323899,0.02342188161678771,-0.11697747013910731,-0.2486892539408353,0.02021603784407602,-5.655792498069607,-5.4956136435503655,-1.290385756981278,0.0012086798862954318,-0.0009914618091001848
2.87,-0.006244105648927045,1.5459195306076134,-0.998195457118624,-0.5380853131822485,-0.0006163694479705279,-1.1714443064646544e-05,0.0016651047175145345,-0.21095821940655826,-0.1773049119494287,-0.047108150150932386,-1.2537967364792415e-05,-0.00010953465720533258,0.21532960203743554,-0.6605010403767306,0.20357483433360835,0.04371128179231065,-0.1141719887165199,-0.2388654444714463,0.02736477297925996,-5.639264169852605,-5.475897021149188,-1.2847436356645856,0.0016787776438934613,-0.001026042720350214
2.88,-0.006212881235635465,1.5437614314949908,-0.9999507239690356,-0.5385536573070187,-0.0006155323081076743,-1.2879593106357157e-05,0.0031224413291579545,-0.2158099112622568,-0.17552668504116092,-0.046834412477010826,8.371398628537209e-05,-0.00011651500417106123,0.2137502647779701,-0.5947754048120744,0.31050949168965913,0.06355791770396191,-0.11075984221593538,-0.2279269478072093,0.03439139152792996,-5.618505929291413,-5.4522414069842124,-1.2780738896093136,0.002144438559287913,-0.001058072918240567
2.89,-0.0061672362111913695,1.5415613328133977,-1.0016804160487223,-0.5390172865301665,-0.0006137315114430749,-1.4108978224471554e-05,0.004564502444409556,-0.2200098681593029,-0.1729692079686653,-0.046362922314778045,0.0001800796664599341,-0.0001229385118114397,0.21146050799321606,-0.5279999266657915,0.4152212231345494,0.08287024777160137,-0.10676256359579672,-0.21592691698939312,0.04127514078271023,-5.593650718548799,-5.424794567568745,-1.2704177993853618,0.0026046425703205936,-0.0010873976278369633
2.9,-0.006107369425932594,1.5393258021576972,-1.0033769312958525,-0.539474267471737,-0.0006109683258165021,-1.5396720682041686e-05,0.005986678525877553,-0.22355306557004953,-0.16965152471303063,-0.0456980941570514,0.0002763185626572888,-0.00012877424575701314,0.2084766807961712,-0.46044407087177286,0.517190566906932,0.10156237085679098,-0.10220493723139179,-0.20292347031066682,0.047996271258402244,-5.5648534753626615,-5.393723834547675,-1.2618217033050783,0.003058402753868119,-0.001113875652780208
2.91,-0.0060335243818650675,1.5370614294664409,-1.0050328948202703,-0.5399227199853558,-0.0006072464181285104,-1.6736662585268495e-05,0.007384504406752671,-0.22643726912562398,-0.1655963524417846,-0.04484525136187716,0.00037219076879916447,-0.00013399419032268092,0.2048183277284131,-0.39238612359920133,0.6159142052761322,0.1195542208415814,-0.09711478684723951,-0.18897938683010915,0.0545360988322155,-5.532290624414241,-5.359215191131229,-1.2523367445380988,0.003504767184739008,-0.001137379989215977
2.92,-0.005945987589941801,1.5347747985470708,-1.006641194325596,-0.5403608259285941,-0.0006025718390667511,-1.8122396285559533e-05,0.008753679192326665,-0.22866309193700862,-0.1608299505325682,-0.0438105943238346,0.00046745790617593757,-0.00013857337002910392,0.20050799272210104,-0.3241119202057153,0.7109073039588906,0.1367716816283695,-0.09152273563062174,-0.1741617786759778,0.06087705385211928,-5.496159345574522,-5.321472252411124,-1.2420185890403548,0.003942820248236007,-0.0011577983636304452
2.93,-0.005845086746787794,1.5324724581758575,-1.0081950140685545,-0.5407868375799938,-0.0005969529988537127,-1.9547295833304008e-05,0.010090084315400722,-0.23023403712131926,-0.15538197429585404,-0.042601165139964134,0.0005618840213038352,-0.00014248995477444753,0.19557098747273374,-0.2559133921358733,0.8017057298987507,0.1531466282236944,-0.085461941781248,-0.15854174207183733,0.06700271700638538,-5.456676618992067,-5.280715145775521,-1.2309271160308768,0.004371683394143198,-0.0011750336935327723
2.94,-0.00573118875149514,1.5301608929351465,-1.0096878672112857,-0.541199085669837,-0.0005904006344149057,-2.100454931802712e-05,0.011389799529265384,-0.2311565240711126,-0.14928531427312727,-0.04122480898431839,0.0006552364438806948,-0.00014572534847231107,0.19003512750696713,-0.1880869436188812,0.8878681414901947,0.16861690072646374,-0.07896781336097702,-0.1421939892043197,0.07289784202322255,-5.4140780505607005,-5.237179298315509,-1.2191260829709738,0.004790515334397982,-0.001189004470331041
2.95,-0.005604697584915964,1.527846493963686,-1.0111136264312766,-0.5415959869938541,-0.0005829277685088904,-2.2487191928843854e-05,0.012649116657917599,-0.23143989714604354,-0.14257592199908717,-0.03969013240172007,0.0007472865906015345,-0.00014826426108167345,0.18393044020149954,-0.12093167249112903,0.9689779466336812,0.18312621911119464,-0.07207770682776249,-0.12519646322773964,0.07854836554164697,-5.368616484894892,-5.191114138724424,-1.2066827672032598,0.005198511701332059,-0.0011996450641268495
2.96,-0.005466052075265828,1.5255355298073283,-1.0124665526624903,-0.5419760515811172,-0.0005745496614923208,-2.3988139569416545e-05,0.013864550965013636,-0.23109641563577185,-0.1352926231213653,-0.03800645872630244,0.0008378107016569637,-0.00015009476405726923,0.17728884989042487,-0.05474745268752263,1.0446451252314797,0.19662404750610296,-0.0648306140452134,-0.10762993886039596,0.08394140475500732,-5.320560416473098,-5.142781721726071,-1.1936675865901576,0.005594904197631794,-0.0012069059505066917
2.97,-0.005315723574769741,1.5232341175669497,-1.0137413218501945,-0.5423378893893597,-0.0005652837565096072,-2.550022286284342e-05,0.015032850049608727,-0.2301412240378694,-0.12747691877040856,-0.036183780824245323,0.0009265904982713598,-0.0001512083293426877,0.17014384595282825,0.010167101138753177,1.114507913817131,0.20906541730197237,-0.05726684283445649,-0.08957761116631668,0.08906524366926366,-5.270192213016397,-5.092455283525467,-1.1801537016509114,0.005978959282627599,-0.0012107538597370634
2.98,-0.005154213572503134,1.520948194547836,-1.0149330496108646,-0.5426802165028926,-0.0005551496189935161,-2.7016221383969916e-05,0.0161510002266607,-0.2285923019113623,-0.11917277606701791,-0.034232711353291305,0.0010134137516091143,-0.0001515998521126495,0.16253014036610694,0.07351676384681219,1.1782343509502093,0.22041071881643193,-0.04942769626280308,-0.07112467522686983,0.09390930903246007,-5.217806168382448,-5.040417737153025,-1.1662166018308842,0.006349976451760683,-0.0012111718490771402
2.99,-0.004982051268482513,1.5186834906198168,-1.0160373136973362,-0.5430018608101386,-0.0005441688714362023,-2.852889795941704e-05,0.01721623040206209,-0.22647039280191836,-0.11042640864716534,-0.032164430724602164,0.0010980747557313788,-0.00015126765754471243,0.15448332161485234,0.13501189969362826,1.2355236827635092,0.2306254714376781,-0.04135515583651017,-0.05235789948546307,0.09846413717413854,-5.163706405210189,-4.9869601168699385,-1.1519336786457008,0.006707286176721263,-0.0012081592992103452
3.0,-0.004799791133442478,1.5164455014999698,-1.017050174178083,-0.5433017671395965,-0.000532365124436695,-3.0031032879054518e-05,0.018226013504003463,-0.22379891198470706,-0.10128604807468138,-0.02999063294579274,0.001180374699950724,-0.00015021349196374793,0.14603951203987647,0.1943707049317106,1.2861076286334634,0.23968008210678704,-0.03309157357979253,-0.03336519558775786,0.10272133313951229,-5.108204650188073,-4.932379981018479,-1.1373837885244824,0.007050247582515161,-0.0012017318360663313
3.0100000000000002,-0.004608010477611436,1.5142394631696536,-1.017968191248121,-0.5435790018347765,-0.0005197639050485078,-3.151545786660422e-05,0.019178065583104253,-0.22060383303161343,-0.0918017070037938,-0.027723469517997725,0.0012601219388187156,-0.00014844249875497052,0.1372350356831684,0.2513214648708431,1.3297515073238624,0.24754960175564644,-0.024679377644742484,-0.014235187537500582,0.10667352360997827,-5.0516179070859595,-4.876979782838779,-1.1226468082305958,0.007378245944351262,-0.0011919211795602478
3.02,-0.004407307050197826,1.5120703276348875,-1.0187884405975887,-0.5438327567503267,-0.0005063925834385896,-3.297508966143998e-05,0.020070342741361005,-0.21691355347660596,-0.08202493494675536,-0.025375491555027954,0.0013371321609918303,-0.00014596317948357534,0.12810610342956788,0.30560479631604465,1.3662552241490722,0.25421348883913897,-0.016160795618649137,0.004943217057863714,0.1103143051675766,-4.994266054541075,-4.8210652188355,-1.1078031857647217,0.007690690091603777,-0.0011787749210183673
3.0300000000000002,-0.004198296689267479,1.5099427402336631,-1.0195085262725712,-0.5440623526532211,-0.0004922802988261277,-3.440296306835845e-05,0.020901036093034692,-0.21275874012242535,-0.0720085674982412,-0.02295959028944267,0.001411228461246189,-0.0001427873406918467,0.1186885217696652,0.35697584592340753,1.3954541197199966,0.25965538841491664,-0.007577599094296561,0.024081250970797274,0.11363818948600583,-4.936469396984371,-4.7649435642682185,-1.0929334896540057,0.007987009808099441,-0.0011623562312896923
3.04,-0.003981611039289726,1.5078610186856718,-1.0201265909712613,-0.5442672420145112,-0.0004774578855977265,-3.579226333704967e-05,0.02166856499777524,-0.20817215479913717,-0.06180646986901372,-0.020488936129007956,0.0014822413228401201,-0.0001389300268691219,0.10901743082658245,0.4052064151175448,1.4172196806693182,0.2638629344033099,0.001029127631433313,0.04309070401944798,0.11664054701586195,-4.878546198006043,-4.708922005263032,-1.0781179595032508,0.00826665331760459,-0.0011427435017630138
3.0500000000000003,-0.0037578953509254318,1.5058291340692087,-1.0206413237271357,-0.5444470111787894,-0.0004619578003962658,-3.713635773812428e-05,0.02237156883642946,-0.20318846164630522,-0.05147327558743484,-0.017976916427823605,0.0015500085201460684,-0.00013440944010746075,0.0991270764261458,0.4500869827834068,1.4314601124583648,0.2668275816107313,0.009619192636247387,0.06188433004696675,0.11931755067905764,-4.820810225868581,-4.653305976904858,-1.0634360606305862,0.008529084940700296,-0.0011200299207182762
3.06,-0.003527806374703171,1.5038506938967935,-1.0210519649395304,-0.5446013819001847,-0.0004458140508573908,-3.8428826207803e-05,0.02300889762222609,-0.197844017241526,-0.04106412123947592,-0.01543707213953986,0.0016143749538875018,-0.00012924684696787215,0.08905061997647322,0.49142859796741833,1.4381207739338642,0.2685444729683466,0.018153473947266296,0.08037624205686567,0.12166612099990641,-4.763568340773594,-4.598397516476787,-1.0489660455323506,0.008773783004351807,-0.001094322987640109
3.0700000000000003,-0.0032920103571650833,1.5019289274454444,-1.0213583087208937,-0.5447302122354415,-0.00042906212652407596,-3.966349093870303e-05,0.023579601753808785,-0.1921766451349096,-0.030634378136318696,-0.012883033525683098,0.001675192433331481,-0.00012346647309000337,0.07881998879823222,0.529064616282334,1.4371844727915561,0.2690123461436338,0.026594069152545807,0.09848229359003463,0.12368387398206174,-4.707118152874866,-4.5444936407696215,-1.0347845248216707,0.009000238078585887,-0.0010657439683091061
3.08,-0.0030511811449487657,1.5000666734797634,-1.0215607025391296,-0.5448334967864432,-0.0004117389323107878,-4.0834444799542544e-05,0.024082921221631776,-0.18622539656810438,-0.02023938182358849,-0.010328455100168835,0.0017323194213288164,-0.00011709538608395132,0.06846576835186519,0.5628522555807446,1.4286716205257226,0.2682334823346384,0.034904417391235676,0.11612044469204996,0.12536907289569552,-4.651745778916931,-4.491884756098454,-1.0209660501646534,0.009207951606003259,-0.0010344272936621173
3.09,-0.0028059983991927627,1.4982663704862214,-1.0216600441429047,-0.5449113662864589,-0.00039388272471972826,-4.193607847202058e-05,0.02451827457560031,-0.1800302993542111,-0.009934160377517437,-0.00778695000156223,0.001785620759105952,-0.00011016336724780398,0.058017136588274336,0.5926739487162597,1.4126402448573492,0.26621369860465194,0.04304939481493031,0.13321111109630035,0.12672058497285763,-4.597723723785946,-4.440853109338725,-1.0075827115993494,0.00939643497964258,-0.0010005199055749532
3.1,-0.0025571459196939155,1.4965300495155387,-1.0216577757676089,-0.5449640865264326,-0.0003755330508381028,-4.296310619862089e-05,0.024885247949884712,-0.17363209706826777,0.0002268375295780469,-0.0052720239973749,0.0018349673881625451,-0.00010270277266003046,0.04750183944886386,0.6184384738143541,1.3891858570565119,0.26296238366972524,0.05099538528820616,0.14967749552839488,0.12773784382588094,-4.5453089112197596,-4.391671287937842,-0.994703751468353,0.0095652091132698,-0.0009641805528680521
3.11,-0.0023053100754819693,1.4948593297070973,-1.0215558756299088,-0.5449920566198271,-0.0003567306899730473,-4.3910590040651786e-05,0.025183584421194595,-0.16707198084412692,0.010190013769999038,-0.0027970093394467086,0.0018802360865055525,-9.474838420308973e-05,0.03694620540200058,0.6400818453885603,1.35844117106444,0.25849257556737637,0.0587103286751407,0.16544590031113032,0.12842081820909754,-4.494740885476314,-4.344600776474771,-0.9823951970286233,0.009713804535807936,-0.0009255790409663611
3.12,-0.0020511783359785547,1.4932554165451968,-1.0213568467295395,-0.5449958066068863,-0.00033751759761537604,-4.4773962551496516e-05,0.02541317395034147,-0.16039131619005578,0.019902890036933414,-0.0003749987059176096,0.001921309235767129,-8.633725108447321e-05,0.026375195865065895,0.6575679528210152,1.3205756708991803,0.2528210782024578,0.06616374952451048,0.180446020709,0.12876998754315827,-4.446240202952413,-4.29989057693373,-0.9707195136246065,0.009841762028684186,-0.0008848954387572874
3.13,-0.0017954378947314992,1.491719102871994,-1.0210637029881702,-0.5449759944017171,-0.00031793685126993453,-4.554904777584121e-05,0.025574044124705556,-0.15363136732027804,0.029314374136931415,0.0019812205169265572,0.001958074634544153,-7.750852243446943e-05,0.015812487456724672,0.6708889361316541,1.2757950225482118,0.24596861235517942,0.07332676931045008,0.19461121868768774,0.1287863244187901,-4.400007029634967,-4.257775899433049,-0.9597352801257766,0.009948633811686518,-0.0008423192462840047
3.14,-0.0015387743759068392,1.4902507726564804,-1.0206799527668766,-0.5449334020883067,-0.00029803259755377853,-4.623208049160643e-05,0.025666351882465986,-0.14683302155137,0.038375022129345224,0.004259231341045599,0.001990425371615598,-6.830327157652148e-05,0.0052805812803698605,0.6800652925398607,1.2243403264166652,0.23795999546747382,0.0801721056008621,0.20787877697050527,0.1284712840977107,-4.356219956915895,-4.218476929710014,-0.9494968881400548,0.010033985269835006,-0.0007980485269845879
3.15,-0.0012818706123123706,1.4888504074931819,-1.020209579815934,-0.5448689315745022,-0.0002778499998476704,-4.681972361746791e-05,0.025690376359446866,-0.14003651632984884,0.04703729509424914,0.006447051380440303,0.0020182597706108123,-5.87643125861481e-05,-0.005199066124954571,0.685145711024139,1.1664872064742262,0.22882434330451318,0.0866740616156921,0.2201901334461746,0.12782680083704362,-4.315035044777978,-4.182197679209244,-0.9400542663228123,0.010097397201108247,-0.0007522890082399076
3.16,-0.0010254054827372734,1.4875175957787832,-1.0196570217232983,-0.5447835996160739,-0.0002574351856946708,-4.730908371524524e-05,0.025646512957509703,-0.1332811714398592,0.05525580926358551,0.008533195842830556,0.0020414814152999606,-4.893600977773341e-05,-0.01560589590350685,0.6862066358542499,1.1025447325117677,0.21859528556261854,0.09280850960432357,0.2314910961165192,0.12685529068409981,-4.276585097733259,-4.1491249231587615,-0.9314526309099298,0.010138468552939081,-0.000705253154024946
3.17,-0.000770052795828234,1.4862515444899078,-1.0190271459412183,-0.5446785322262553,-0.000236835193074179,-4.769772452309118e-05,0.02553526869090394,-0.126605128887529,0.0629875782079892,0.010506738981866137,0.0020599992620491834,-3.886408078459402e-05,-0.02592008998892099,0.6833515638489307,1.0328541724224198,0.20731118661951964,0.09855287132736403,0.2417320388658591,0.12555966022449497,-4.240979175241771,-4.119427231545396,-0.923732263414957,0.010156819604492249,-0.0006571592134696686
3.18,-0.0005164802075769008,1.4850510934611898,-1.0183252234838593,-0.5445549584895936,-0.00021609791464195034,-4.798367846235e-05,0.025357258825133313,-0.1200451028718099,0.07019224573589879,0.012357373666168077,0.002073727843222867,-2.8595393925881565e-05,-0.03612241010430175,0.6767100838446125,0.9577875721537183,0.19501536193764935,0.10388609868346958,0.2508680783891515,0.12394332062152454,-4.208302334730613,-4.093254097421308,-0.9169283162469556,0.010152095542118121,-0.0006082302491280782
3.19,-0.00026534815974820733,1.483914732039875,-1.0175569004025173,-0.5444142038025209,-0.0001952720390167538,-4.816545606818269e-05,0.025113204782869346,-0.11363614213149391,0.07683230813419195,0.014075468707269367,0.002082587562519653,-1.8177760583268972e-05,-0.04619403837383513,0.6664366704842765,0.8777461619462152,0.1817562801692043,0.10878865719370319,0.2588592326328023,0.1220102061612516,-4.178615601845001,-4.070735166486864,-0.9110706468289651,0.010123970367256752,-0.0005586931487290925
3.2,-1.7308827205422762e-05,1.4828406179718128,-1.0167281671588915,-0.5442576825667507,-0.00017440698821186962,-4.8242053301583955e-05,0.024803933254278456,-0.10741140680621995,0.08287332436259358,0.015652123577031194,0.0020865050804884174,-7.659723340126485e-06,-0.056116424911021534,0.6527092478921506,0.7931585886696599,0.16758774077040872,0.11324251465788127,0.2656705610846073,0.11976479641806295,-4.151956159264287,-4.051979571402668,-0.9061836806287893,0.010072151069615468,-0.000508777624143054
3.21,0.00022699493695164182,1.4818265983541345,-1.0158453260307985,-0.544086890365381,-0.00015355285035317172,-4.821295670823473e-05,0.02443037641570646,-0.10140196176781752,0.08828411280929943,0.017079220136960734,0.0020854137858697915,2.9096593349230715e-06,-0.06587114725475755,0.6357275420299543,0.7044789754742371,0.15256901694721048,0.1172311368498827,0.27127228720337676,0.1172121410810906,-4.12833774237312,-4.037075373785975,-0.902286303355167,0.009996381993780798,-0.00045871520124557386
3.22,0.0004669306682685679,1.4808702324724345,-1.0149149566985558,-0.5439033956554051,-0.0001327603068929614,-4.8078146397730306e-05,0.023993573131692605,-0.09563658817000281,0.09303693322425872,0.018349470997588553,0.0020792543460210317,1.3481031050442067e-05,-0.07543978591367946,0.6157112434752356,0.6121848115776692,0.1367649539984619,0.12073949163656078,0.2756399032090717,0.11435788643378134,-4.107751227350876,-4.026089116344444,-0.8993917824243545,0.009896449324610498,-0.00040873820429946186
3.23,0.0007018773781815365,1.4799688163251097,-1.0139438801738483,-0.5437088310141432,-0.0001120805536172788,-4.7838096825075266e-05,0.02349467099129686,-0.09014161473249716,0.09710765247075395,0.019456464126185635,0.0020679753275682604,2.4004957265504233e-05,-0.0848038195780604,0.5928980049645998,0.516774676771547,0.12024601364106013,0.12375406240569414,0.27875425736720594,0.11120830245729615,-4.0901653948839884,-4.019065487093867,-0.8975077176651897,0.00977218561578943,-0.00035907873840927386
3.24,0.0009312266682921812,1.4791194086248718,-1.012939121246084,-0.543504883980883,-9.156521485090459e-05,-4.749377536491235e-05,0.022934929011064475,-0.08494077002379417,0.1004758927764142,0.02039470332601846,0.0020515338766374214,3.443214601629156e-05,-0.0939445427958021,0.5675413002557013,0.4187658071257644,0.10308825565107371,0.126262871189053,0.2806016238039776,0.10777030953282359,-4.07552785075888,-4.016027097097144,-0.8966360211051309,0.009623474286762917,-0.0003099676735353639
3.25,0.0011543838765300943,1.4783188580574793,-1.0119078696338601,-0.5432932875386791,-7.126625038514188e-05,-4.7046638677718185e-05,0.02231572082379131,-0.08005505673925763,0.10312516122239906,0.021159644220387772,0.0020298964465762705,4.4713668719417016e-05,-0.10284300811211078,0.5399081726291226,0.3186915103564631,0.08537324914799393,0.12825551138092178,0.28117375478783363,0.10405150374718213,-4.063766083092325,-4.016974372649972,-0.8967729255654651,0.00945025401577262,-0.00026163363348887707
3.2600000000000002,0.0013707692581759624,1.4775638315705542,-1.0108574400410137,-0.5430758102847781,-5.1235854785019845e-05,-4.6498626876113506e-05,0.021638538164586815,-0.07550264869251723,0.10504295928464873,0.02174772539010274,0.0020030395600122036,5.480118016046755e-05,-0.11147999386912558,0.5102769026379053,0.21709844135834894,0.06718790706610411,0.12972318949464784,0.2804679153135087,0.10006017985837692,-4.0547886349231,-4.021885562325752,-0.8979090216903882,0.009252522960740433,-0.00021430199326984823
3.27,0.0015798192028099337,1.476850843461023,-1.0097952313276748,-0.542854246341439,-3.152634887103155e-05,-4.5852155508457146e-05,0.020904994463397136,-0.07129881095310797,0.10622087133388422,0.022156394333914815,0.0019709505913988296,6.464713676563631e-05,-0.11983599807727559,0.4789346254825055,0.1145437504428365,0.048624238762610794,0.13065877498186967,0.2784868997344415,0.09580535105062966,-4.0484863703357,-4.030716858779389,-0.9000293229413828,0.009030342745064155,-0.00016819388806043597
3.2800000000000002,0.001780987486368368,1.4761762850282527,-1.008728685016563,-0.542630405061961,-1.2190063312238726e-05,-4.5110105385975676e-05,0.02011682835584343,-0.06745584327703308,0.10665463111116165,0.022384127947795575,0.0019336285558792822,7.420501224814683e-05,-0.12789125802750945,0.4461749286168878,0.011592118814237481,0.02977901732396404,0.13105685677160434,0.27523903011064665,0.09129676469880943,-4.044733812213348,-4.043402634698383,-0.9031133580042792,0.008783842151755495,-0.00012352523714733712
3.29,0.001973746555683547,1.4755364545613068,-1.0076652433633375,-0.5424061005894548,6.7207855909194785e-06,-4.42758102887805e-05,0.01927590693151792,-0.06398304669459276,0.10634416532255901,0.022430447250619812,0.0018910848903158203,8.342950971951713e-05,-0.1356257946332799,0.4122954598671355,-0.09118730226409699,0.010753359805980245,0.13091380487703813,0.2707381358788538,0.086544913466654,-4.043390530110844,-4.059855791781238,-0.907135289980388,0.008513220476483964,-8.050578602353123e-05
3.3000000000000003,0.00215758884118586,1.474927587432841,-1.0066123072269482,-0.5421831413282485,2.5154227717661754e-05,-4.3353042595195596e-05,0.01838422855023127,-0.060886712846591105,0.10529361363892718,0.0222959261206327,0.0018433442126742274,9.22767693584909e-05,-0.14301947988935024,0.3775955754575514,-0.19322403040236408,-0.008347779468652228,0.13022783517463465,0.2650035144085862,0.08156104117797718,-4.0443025575758975,-4.079968221119709,-0.9120640616639497,0.008218750497708488,-3.9338169911065396e-05
3.31,0.0023320280919009026,1.4743458860788312,-1.0055771939815166,-0.5419633193897624,4.305867818336471e-05,-4.234599688782002e-05,0.017443925071504284,-0.058170135400964926,0.10351132454316776,0.021982193848607775,0.0017904450465702952,0.00010070457073755747,-0.15005212532455714,0.342374055907732,-0.29394944929520217,-0.027416200590472034,0.1289990752859823,0.2580598719896397,0.07635714302120625,-4.047303819495873,-4.103611372864031,-0.9178635661443435,0.007900781029885317,-2.1700195357537803e-07
3.3200000000000003,0.002496600725502644,1.4737875496524133,-1.004567095715152,-0.5417484000761684,6.038308316978292e-05,-4.125927159863884e-05,0.016457263360174126,-0.05583364264178351,0.10100982663646144,0.021491931359399377,0.001732440498641821,0.00010867252891811808,-0.1567035889164611,0.3069269158049044,-0.3928000430080671,-0.0463411308405855,0.12722962939085947,0.24993724479796103,0.07094595977114597,-4.05221755166267,-4.130636932560736,-0.9244928419115637,0.0075597390334626235,3.667201065075433e-05
3.33,0.0026508671850090514,1.4732488031513544,-1.0035890379632095,-0.5415401114661377,7.707707194435471e-05,-4.009784876423533e-05,0.01542664595064074,-0.05387465010589724,0.09780577519423775,0.020828861003080422,0.0016693988774571786,0.00011614228344035063,-0.16295389763204293,0.2715453310058787,-0.4892206449987754,-0.06500997279789278,0.12492363976991228,0.24067089941307798,0.0653409658340403,-4.058857696680777,-4.160877601072343,-0.9319062915859896,0.0071961312627613,7.115291927040004e-05
3.34,0.0027944132927420606,1.4727259258318222,-1.0026498392237078,-0.5413401341674442,9.309111438298586e-05,-3.8867071970711555e-05,0.014354610773300937,-0.052287731953219216,0.09391987395017685,0.019997729869348616,0.0016014042438631149,0.00012307767935237758,-0.168783382562108,0.23651370393301685,-0.5826676786648916,-0.0833091202188665,0.1220873429152819,0.23030121250830027,0.05955635103923207,-4.0670302625338115,-4.19414797451843,-0.940053923336871,0.0068105454396775325,0.00010306035186574832
3.35,0.0029268515914262255,1.4722152787358416,-1.0017560715009104,-0.5411500913011077,0.00010837668322261552,-3.75726225762593e-05,0.013243829868416497,-0.05106470959806823,0.08937677227974421,0.019004286633653063,0.001528556883962966,0.00012944493944522497,-0.17417282352420319,0.20210788435754887,-0.6726123656281201,-0.10112483244731596,0.11872911815148568,0.2188735294037193,0.05360699621001191,-4.076534632511157,-4.230245520219222,-0.9488816139969554,0.0064036509472629516,0.00013224029301770076
3.36,0.003047822661770082,1.4717133311758033,-1.0009140221193997,-0.5409715387811104,0.00012288642019519212,-3.622049430740894e-05,0.012097107034385613,-0.0501947560038309,0.08420493815105762,0.01785525199973636,0.001450973697257661,0.0001352128268850362,-0.17910360001412404,0.16859355948646226,-0.7585438776994936,-0.11834415657858788,0.11485952687282541,0.20643800126000864,0.04750844264508565,-4.087164817711846,-4.2689516441770445,-0.9583313928220016,0.005976199042524857,0.00015855082250731207
3.37,0.003156996405555482,1.4712166860362705,-1.0001296570453229,-0.5408059559525087,0.00013657430513353003,-3.481696633278935e-05,0.01091737437854003,-0.04966451395328458,0.07843650740769077,0.01655828286016891,0.0013687884938337902,0.00014035279746195896,-0.18355784548002785,0.13622482336734082,-0.839972408496081,-0.13485588528836256,0.11049134071570432,0.19304940079780913,0.04127685572861038,-4.098710645920673,-4.310032845198046,-0.9683417447824968,0.005529022592175404,0.00018186280894724
3.38,0.0032540732831421045,1.4707221037707379,-0.9994085859438966,-0.5406547366489773,0.00014939582709163019,-3.336857492573062e-05,0.009707687758662247,-0.04945822655326304,0.07210711014262454,0.015121930353134515,0.001282152195810017,0.00014483914070587283,-0.18751860206322465,0.10524293169065672,-0.9164321410289163,-0.15055153711578573,0.10563955723719598,0.17876691654679294,0.034928982959924984,-4.110958883224605,-4.353241950337491,-0.9788479322098995,0.005063035338548964,0.0002020605549296169
3.39,0.003338785494361917,1.4702265249885873,-0.9987560291927723,-0.5405191807284839,0.00016130815648687067,-3.188208383420377e-05,0.00847122112198121,-0.04955787821506038,0.06525567511242755,0.013555592049335898,0.0011912329395240486,0.00014864910915268553,-0.19096997318284023,0.07587524409800336,-0.9874840882063168,-0.16532634518806155,0.10032140195222317,0.1636539257631395,0.028482106753432077,-4.123694287240647,-4.398319425946505,-0.9897823335505023,0.0045792307055361955,0.00021904239013623313
3.4,0.0034108980920133547,1.4697270915448848,-0.9981767870595387,-0.5404004861429175,0.00017227031724820183,-3.0364453483390826e-05,0.007211259765143796,-0.04994334437024608,0.057924213323353825,0.011869458556643155,0.0010962160761331169,0.00015176303508129455,-0.19389727162092113,0.04833435219505223,-1.0527187841238639,-0.17908023977615928,0.09455631587827207,0.1477777462971965,0.021953992405002377,-4.136700593198434,-4.444994758207205,-1.0010747979061962,0.00407868015625587,0.0002327212088621348
3.41,0.003470210017546945,1.4692211660625476,-0.9976752112385977,-0.5402997415941057,0.00018224335794214268,-2.882280914258494e-05,0.005931192553359015,-0.05059254823371209,0.05015758209409686,0.010074454881181137,0.0009973040693940845,0.0001541644340805883,-0.19628716107476574,0.022817387720896434,-1.1117588051763485,-0.19171880984950596,0.08836592803811905,0.13120936784580495,0.015362831654674673,-4.1497614363055835,-4.492987896667014,-1.0126530139630285,0.0035625311154290386,0.00024302494843940166
3.42,0.003516555049041614,1.4687063498324555,-0.9972551789279848,-0.5402179198247931,0.00019119052084587946,-2.726440819410337e-05,0.004634503149466883,-0.0514816230092096,0.042003231061288816,0.008182176931264114,0.0008947162903736796,0.00015584009484815705,-0.19812778946756354,-0.0004944981644341893,-1.1642611014433968,-0.20315422880538447,0.08177401266343909,0.11402316318017386,0.008727182297830295,-4.162661215770675,-4.542010753921777,-1.024442891825494,0.0030320044701956156,0.000249897005119894
3.43,0.0035498026521826056,1.4681804990520153,-0.9969200696105688,-0.5401558715888506,0.0001990774079429924,-2.569660664742386e-05,0.003324760314099188,-0.052585078044011906,0.03351093174159769,0.0062048235942518334,0.0007886887097112955,0.00015678015466795124,-0.19940891263042257,-0.021436496655112144,-1.2099191204083866,-0.21330612991612607,0.07480643111579799,0.0962965801028196,0.002065904310443743,-4.175185907525284,-4.591768754252653,-1.0363689561877503,0.002488391663608489,0.00025329658408972415
3.44,0.0035698587256472883,1.4676417393762695,-0.9966727446866007,-0.5401143203402959,0.00020587214283116975,-2.4126825046792813e-05,0.0020056073464682646,-0.05387596757457948,0.02473249239680652,0.004155124855470332,0.0006794734888177342,0.00015697816006310456,-0.2001220072751216,-0.03986035903161241,-1.2484647068611203,-0.22210241766910732,0.06749105878597617,0.07810981504852349,-0.0046019070394369,-4.187123834036737,-4.6419624236939265,-1.0483547491829002,0.0019330513954288018,0.0002531989804483171
3.45,0.003576666233065581,1.467088478767674,-0.9965155300859586,-0.5400938576756726,0.00021154552755167955,-2.2562513925064423e-05,0.0006807507418292798,-0.055326060859562626,0.015721460064208402,0.002046266462332198,0.0005673384720509811,0.00015643111217283898,-0.20026037245335282,-0.05563448746189907,-1.2796697647637703,-0.2294800020996246,0.05985769743969871,0.059545469407535356,-0.011256990619668835,-4.198266400610812,-4.69228901370008,-1.0603232411594241,0.0013674059453194964,0.00024959578819495887
3.46,0.003570205714531148,1.4665194186410235,-0.9964502019688295,-0.5400949395590194,0.00021607119337644056,-2.1011118960474842e-05,-0.0006460518534433218,-0.056906012665037815,0.006532811712912253,-0.00010818833467720647,0.00045256658247610137,0.00015513949645895822,-0.1998192189360143,-0.06864391764823329,-1.3033476689050703,-0.2353854443974237,0.051937973642304014,0.04068818980826605,-0.017879990927199996,-4.208408808229544,-4.742444150292395,-1.0721972475409025,0.0007929371342406887,0.00024249503452767923
3.47,0.0035504956714847327,1.4659335633085822,-0.9964779756031652,-0.5401178833531164,0.00021942574461950333,-1.9480045996393238e-05,-0.001971004304641556,-0.05858553324413126,-0.002777363433564996,-0.002294379409699801,0.000335455124306277,0.0001531072964081603,-0.1987957461366197,-0.07879021317020823,-1.3193544162890338,-0.2397755035007787,0.04376522401281224,0.021624293752922852,-0.024451531172259445,-4.21735075324417,-4.792123500300674,-1.0838998498329768,0.0002111819409327795,0.00023192123707430046
3.48,0.0035175928196621974,1.4653302277372464,-0.9965994974862381,-0.5401628656749822,0.00022158889457503728,-1.797662608677933e-05,-0.003290285182253529,-0.06033355713358254,-0.01215218830729005,-0.004498232186577877,0.00021631499555339501,0.00015034199096139082,-0.1971892063426944,-0.08599129183717279,-1.327589509387371,-0.24261757499683068,0.03537436812885797,0.0024413821481760745,-0.030952287477689234,-4.224897124145563,-4.84102444607759,-1.0953548187517514,-0.00037627220808070195,0.0002179153820430073
3.49,0.003471592205690374,1.4647090436345684,-0.9968148407561972,-0.5402299210877738,0.0002225435927231175,-1.6508080732070902e-05,-0.0046000613971823295,-0.06211841026779009,-0.021534326995912602,-0.006705541279156281,9.546981480802428e-05,0.0001468545354708427,-0.1950009561069761,-0.0901812042064951,-1.3279965655862236,-0.24389001546607814,0.02680176992954253,-0.016772059584682197,-0.037363063712853,-4.230858705170926,-4.888847759855134,-1.1064870373623612,-0.0009677924544762725,0.00020053482169806174
3.5,0.0034126271838203245,1.4640699638837573,-0.9971235039178772,-0.5403189416353722,0.00022227614238750653,-1.508148747148118e-05,-0.0058965021870049355,-0.06390797508111543,-0.03086631616799781,-0.008902054759839618,-2.6745033561099255e-05,0.00014265932605897212,-0.19223449468813333,-0.09130988366876205,-1.32056364937487,-0.2435823473068357,0.018085088448074216,-0.03592707000494011,-0.04366486647298605,-4.235052895691539,-4.935299268739193,-1.1172229220373737,-0.0015617058070175696,0.0001798530900321201
3.5100000000000002,0.003340869250209358,1.4634132653494907,-0.9975244128854379,-0.5404296772200776,0.00022077630807618525,-1.3703745998161073e-05,-0.00717579336109667,-0.0656698534266602,-0.04009089675607505,-0.011073558470545607,-0.00014998343113212817,0.0001377741473320108,-0.18889548942493664,-0.0893428861717535,-1.3053233260130674,-0.2416953411158862,0.00926311865654017,-0.054934627816342674,-0.04983897970233434,-4.237304453183311,-4.980091501203369,-1.1274908389739573,-0.002156304697204553,0.0001559596360154919
3.52,0.0032565277331016752,1.4627395500766924,-0.9980159263228943,-0.5405617368180483,0.00021803741178570972,-1.238154496333401e-05,-0.008434151710768247,-0.06737152727981506,-0.049151343745637205,-0.013205959797069504,-0.0002738896290475516,0.00013222010348270624,-0.1849917878855869,-0.08426113580395334,-1.2823524375818864,-0.23824097474782313,0.00037562312989991575,-0.07370607365579707,-0.0558670384433283,-4.237446266139571,-5.022945305852525,-1.1372215139486517,-0.0027498527620940703,0.00012895947434885533
3.5300000000000002,0.003159849338215838,1.4620497449035559,-0.9985958442424181,-0.5407145905214511,0.00021405641760476475,-1.1121329634302497e-05,-0.009667839488583716,-0.0689805173136599,-0.05799179195238278,-0.015285370340284215,-0.00039809941809449903,0.0001260215329031513,-0.18053341656644503,-0.07606069014671663,-1.251771604434269,-0.2332422702537995,-0.008536844854635461,-0.09215353536886883,-0.06173110117546183,-4.235320161578879,-5.06359143318439,-1.1463484329410838,-0.0033405908210037507,9.897275422265331e-05
3.54,0.003051117549628987,1.4613450995082808,-0.9992614197996335,-0.5408875723908034,0.00020883400401083222,-9.929270569120998e-06,-0.010873178858685073,-0.0704645395275058,-0.06655755572153535,-0.017298186935237454,-0.0005222413593932519,0.00011920590651814991,-0.17553256583416207,-0.064752536606019,-1.2137444571172709,-0.22673301192319784,-0.01743312626199167,-0.11019035455568732,-0.06741372018812149,-4.230777749870552,-5.10177207108974,-1.1548082312252341,-0.003926743009037938,6.613424718568948e-05
3.5500000000000003,0.0029306518874563496,1.4606271829065105,-1.0000093742051457,-0.5410798840957208,0.00020237462331698614,-8.811233467699933e-06,-0.012046566217263742,-0.07179166017704153,-0.07479544055122078,-0.01923117049173868,-0.0006459380693846067,0.00011180371014210641,-0.17000356072496578,-0.05036242793445989,-1.16847660581345,-0.21875735063227308,-0.026271648855253793,-0.1277315121074572,-0.0728980094133384,-4.223681307492797,-5.137242324902658,-1.1625410685108246,-0.004506523026719563,3.059275583905158e-05
3.56,0.0027988070246622466,1.45989787841358,-1.0008359146524017,-0.541290599317291,0.00019468654779372164,-7.77275035512704e-06,-0.013184486279410278,-0.07293044929304769,-0.08265404472561091,-0.02107152215701303,-0.0007688075523264519,0.00010384831125728927,-0.1639628171497424,-0.0329307619462743,-1.1162143562525702,-0.2093693015104381,-0.03501062700158042,-0.14469405040725658,-0.07816770912984652,-4.21390469610258,-5.169771632947262,-1.169490987719862,-0.005078140461704665,-7.489554310025678e-06
3.5700000000000003,0.0026559717664058364,1.4591593770827331,-1.0017367551438188,-0.5415186688806114,0.0001857819020635935,-6.818992248049748e-06,-0.014283525825640997,-0.07385013308470408,-0.0900840491417111,-0.022806956332040076,-0.000890464573012815,9.537581070772914e-05,-0.1574287830161543,-0.012512507104292659,-1.0572431828383095,-0.19863214366639692,-0.043608268407938744,-0.16099748983869294,-0.08320724694145427,-4.2013343139854955,-5.199145108729902,-1.1756062550059603,-0.005639807135813284,-4.7937896885526525e-05
3.58,0.002502567896418578,1.4584141696277007,-1.002707140080069,-0.5417629265816891,0.00017567668144430202,-5.95474344904798e-06,-0.015340386998725837,-0.07452074550325301,-0.09703849362501431,-0.024425770107767433,-0.0010105220619291465,8.642487990017683e-05,-0.15042186378244604,0.010822827679348042,-0.9918859714368375,-0.18661773219804578,-0.05202298747102929,-0.1765642372311737,-0.0880017944333002,-4.185870073623048,-5.225164801200003,-1.1808396786682216,-0.006189743428658617,-9.056567702225328e-05
3.59,0.0023390488960248444,1.457665036835769,-1.003741870461593,-0.5420220956689392,0.0001643907559985546,-5.184377607043124e-06,-0.01635190003937338,-0.07491327919315316,-0.10347303815240388,-0.025916908725007935,-0.0011285925445747417,7.703658420048554e-05,-0.14296433201288963,0.03699118394532566,-0.9205010458525362,-0.1734057340208639,-0.060213624884702166,-0.19131998387226057,-0.09253731892164346,-4.167426396820659,-5.24765086485085,-1.1851489046782118,-0.006726184528201294,-0.0001351753699618728
3.6,0.002165898542542302,1.4569150384759426,-1.0048353325369348,-0.5422947959359588,0.00015194786013615773,-4.511835673948216e-06,-0.01731503534825424,-0.07499983598263757,-0.10934620753417057,-0.027270026701953085,-0.001244289586239687,6.725419330949077e-05,-0.13508022061921313,0.06589391329386665,-0.8434799934641722,-0.15908280012203901,-0.06813967305850754,-0.20519409073381137,-0.09680062973862259,-4.145933216638994,-5.266442631855481,-1.1884966866288034,-0.007247386558765152,-0.00018155946119536573
3.61,0.0019836293949204464,1.4561675007062798,-1.0059815287194274,-0.5425795513791117,0.0001383755677047011,-3.940605878989277e-06,-0.01822691476218559,-0.07475377696628897,-0.11461961824926674,-0.028475544315299844,-0.0013572292431456622,5.71229794958939e-05,-0.12679519965279062,0.09741771652494807,-0.7612453068084447,-0.14374168764620188,-0.07576150675867999,-0.21811995858825262,-0.10077941853486781,-4.121336973320022,-5.281399578932817,-1.1908511280277887,-0.007751632538573351,-0.00022950144297857278
3.62,0.0017927811755757569,1.4554260019851595,-1.0071741105822,-0.5428747983707561,0.00012370525259895328,-3.473705832452769e-06,-0.01908482193446894,-0.07414987211203843,-0.11925818627727774,-0.029524699164438985,-0.0014670315105747825,4.669000465365081e-05,-0.11813643675882146,0.1314345756335295,-0.6742478590471727,-0.12748034577846212,-0.08304061819129921,-0.23003538073461635,-0.10446229314108986,-4.093601589551757,-5.292402182214494,-1.1921858949973398,-0.008237238121773734,-0.0002787768615929865
3.63,0.0015939190584380923,1.4546943574932834,-1.0084064137314535,-0.5431788942966802,0.00010797203501449123,-3.1136668600846686e-06,-0.01988621171376645,-0.07316444918760805,-0.12323031492533361,-0.030409592592405537,-0.0015733217584462053,3.6003897236810023e-05,-0.10913244171580337,0.16780169407319137,-0.5829642322412841,-0.11040097965404527,-0.08993985550781897,-0.24088287610881431,-0.107838804605477,-4.062709408822873,-5.299352654031187,-1.192480397602225,-0.008702557084261183,-0.00032915440932477884
3.64,0.001387631874209532,1.4539766020767728,-1.0096714943495184,-0.5434901266044979,9.121471356665667e-05,-2.8625206580398663e-06,-0.020628718422856015,-0.07177554165104601,-0.1265080618065042,-0.031123230781774192,-0.0016757321447834557,2.5114620204480214e-05,-0.09981289585434272,0.2063614623371872,-0.4878939181524508,-0.09260910652214138,-0.09642366343584152,-0.25061000061861904,-0.11089946711665762,-4.02866207932764,-5.302175556255179,-1.1917199382145867,-0.009145986518339448,-0.0003803970547968875
3.65,0.00117453024472567,1.4532769717268614,-1.0109621671923816,-0.5438067222083762,7.347568358996122e-05,-2.721788346224631e-06,-0.0213101629483862,-0.0699630349911418,-0.1290672842863141,-0.03165956038782599,-0.0017739029976695452,1.407323118152355e-05,-0.09020846756942062,0.2469414670465039,-0.38955641190007767,-0.07421261810654417,-0.10245832442954933,-0.25916963462055964,-0.11363577063113671,-3.991481364933955,-5.300818285618135,-1.1898958255298475,-0.009565971708301464,-0.0004322632050157917
3.66,0.0009552446590704302,1.4525998836184524,-1.0122710448211216,-0.5441268571945218,5.4800842023643875e-05,-2.6924719851690893e-06,-0.02192855856552399,-0.0677088108408995,-0.13088776287400483,-0.03201349861456347,-0.001867484156631734,2.931636105554128e-06,-0.08035061559619451,0.28935456234874674,-0.2884882191938632,-0.055320862562367755,-0.1080121984097619,-0.26652024454382894,-0.11604018614771831,-3.951209864158488,-5.295251427263376,-1.1870054530754497,-0.009961010667196006,-0.0004845078922895374
3.67,0.000730423504698457,1.4519499147381956,-1.0135905778430543,-0.5444486667713316,3.523947937418246e-05,-2.7750486082998694e-06,-0.022482115437197324,-0.06499688802567996,-0.1319533021932553,-0.032180957680984355,-0.0019561362649461417,-8.25766231307799e-06,-0.07027138219432735,0.3333990225092857,-0.18523979804181148,-0.03604375863037074,-0.11305595883572828,-0.272626116764088,-0.1181061637068847,-3.90791161793063,-5.285468973682328,-1.1830523412997433,-0.010329658324171999,-0.0005368839790374838
3.68,0.0005007310672345029,1.4513317791426767,-1.0149130959362687,-0.544770255407981,1.4844159323080925e-05,-2.9694668077536485e-06,-0.022969243746395408,-0.06181355955188572,-0.13225180932143948,-0.032158863664930024,-0.0020395320051101533,-1.944181994537791e-05,-0.060003178860676756,0.3788587941125502,-0.08037245579066538,-0.016490953545323372,-0.11756282253540895,-0.27745756194121013,-0.11982812333720042,-3.8616725871908404,-5.271488407116511,-1.1780461425900894,-0.010670530361586631,-0.0005891433734453337
3.69,0.00026684551281973084,1.450750303898709,-1.0162308494306231,-0.5450897071054748,-6.329413383870222e-06,-3.275145897786417e-06,-0.02338855544147721,-0.05814752439676196,-0.13177534943545366,-0.0319451697493764,-0.0021173572706951146,-3.056790900327683e-05,-0.049578567643404646,0.42550386530446743,0.02554477791938735,0.003228964962001868,-0.12150877043545255,-0.28099108815825946,-0.12120143931972842,-3.812600982069753,-5.253350644469184,-1.1720026088445092,-0.010982306711220285,-0.0006410382489194548
3.7,2.9456866836887423e-05,1.450210403770415,-1.0175360512190639,-0.5454050957447827,-2.8222536073376033e-05,-3.690977665503126e-06,-0.02373886459828434,-0.053990012829407026,-0.13052017884407713,-0.031538863930795136,-0.002189312268950581,-4.1583176771670894e-05,-0.03903004154019204,0.4730907680150105,0.13193828219182052,0.02300919367833143,-0.12487275609042964,-0.2832095413388211,-0.12222241829095778,-3.7608274255336127,-5.231119844753863,-1.1649435215070219,-0.011263734729115864,-0.0006923222603593443
3.71,-0.00021073499744865508,1.449717054731601,-1.018820918775267,-0.5457144954575914,-5.077366157200404e-05,-4.2153307041750035e-06,-0.02401918642855425,-0.049334903881417314,-0.1284867556203209,-0.030939971280872385,-0.0022551125498628003,-5.243530386718778e-05,-0.02838980780679943,0.5213632271464871,0.23823296051815507,0.04274536860006295,-0.12763689873096515,-0.2841022115754087,-0.12288827185037071,-3.7065049359504156,-5.204883080098755,-1.156896584269946,-0.011513632078392481,-0.0007427517503921178
3.72,-0.000453022347359189,1.4492752663966377,-1.020077716056977,-0.5460159909664029,-7.391856116042486e-05,-4.846057309947288e-06,-0.024228734991053394,-0.0441788334963216,-0.12567972817098483,-0.030149550881146184,-0.0023144899588420816,-6.307266057722845e-05,-0.017689578258581123,0.5700529683383954,0.34385532255807016,0.06233614364669027,-0.12978665744372087,-0.2836649041795446,-0.12319708447594423,-3.649808715011676,-5.174749872314853,-1.1478952789434562,-0.011730889358501827,-0.0007920869388929846
3.73,-0.0006966915442518125,1.4488900534784062,-1.0212987950789139,-0.5463076878421509,-9.759049627827688e-05,-5.5805029083883995e-06,-0.024366919689262346,-0.03852129182314712,-0.12210790219368717,-0.029169687574804128,-0.002367193511785202,-7.344455984411114e-05,-0.006960370797762773,0.6188806931806674,0.4482365146693672,0.0816836895211921,-0.1313109830745732,-0.28189997446175663,-0.12314777767512668,-3.5909357298091216,-5.140851598009114,-1.1379786852899976,-0.011914472527438616,-0.0008400930893444536
3.74,-0.0009410249509170945,1.4485664063975703,-1.0224766369446454,-0.5465877226291598,-0.00012172039820708831,-6.415517963212054e-06,-0.0244333406665282,-0.032364708083596976,-0.1177841865731463,-0.028003478700891357,-0.002412990192881144,-8.350150548236546e-05,0.00376767357299904,0.6675572277073933,0.5508152830650256,0.10069411060036204,-0.13220244451971663,-0.27881632547349827,-0.12274007140591645,-3.530104080576462,-5.10334076617082,-1.1271912659150667,-0.0120634251700434,-0.00088654164585809
3.75,-0.0011853027832719424,1.4483092611832074,-1.0236038921332253,-0.5468542727890942,-0.0001462370549785412,-7.347472305731665e-06,-0.024427783235484793,-0.025714521436304018,-0.11272551885799947,-0.02665501599343368,-0.00245166567714529,-9.319543425196112e-05,0.014465454096629148,0.7157848467242094,0.6510408548460217,0.1192777795824358,-0.13245732624096634,-0.27442936819224584,-0.12197444388879886,-3.4675521486185312,-5.062390173067708,-1.1155826175926855,-0.012176870670439459,-0.0009312113349887979
3.7600000000000002,-0.0014288048982953514,1.4481234688203402,-1.0246734198435925,-0.5471055664175102,-0.00017106730479072668,-8.372271810291431e-06,-0.02435021150234089,-0.018579236286714686,-0.10695277103671193,-0.025129362841601974,-0.002483024981218548,-0.00010247995045597675,0.02510505006064196,0.7632587730812146,0.7483757236528776,0.1373495913215148,-0.13207569411354536,-0.2687609439062161,-0.12085209099218447,-3.403537522209993,-5.0181919401481085,-1.1032071906799676,-0.012254014349565048,-0.0009738892268058093
3.77,-0.0016708125119701289,1.4480137642148605,-1.025678326207555,-0.5473398916886814,-0.00019613623526464763,-9.485377328162864e-06,-0.024200761367477758,-0.010970460547958173,-0.1004906363962495,-0.023432527117113106,-0.0025068930473920946,-0.00011131055178714316,0.03565983353342933,0.8096688474662076,0.8422983282136223,0.15482913900041684,-0.13106142708734247,-0.26183920885718714,-0.11937488640896793,-3.3383357016935262,-4.9709564414462655,-1.090123978536909,-0.012294145629495044,-0.0010143717500397836
3.7800000000000002,-0.0019106098429787438,1.447984734960395,-1.0266120011905606,-0.5475556059864999,-0.00022136738793518485,-1.0681825780292208e-05,-0.023979733100861496,-0.0029029254465504153,-0.09336749830054616,-0.021571429781855007,-0.0025231152670537227,-0.00011964484521293435,0.04610455205160355,0.8547013607366353,0.9323056136408796,0.17164081732809677,-0.12942221260684109,-0.25369848152635277,-0.11754534384793576,-3.272238588577849,-4.920911127722082,-1.0763961791116443,-0.012296640284651172,-0.0010524656564953137
3.79,-0.0021474856800120083,1.448040790104532,-1.027468154008241,-0.547751144681425,-0.000246682967442599,-1.1956253297915442e-05,-0.023687583703326433,0.005605514413699279,-0.08561528176805078,-0.019553869492517698,-0.002531557950741412,-0.00012744275176232344,0.056415378931034384,0.8980410373033467,1.0179154668853185,0.18771385887123593,-0.12716950428647625,-0.24437905329445872,-0.11536658243973776,-3.2055527670594754,-4.868299255226126,-1.0620908310746622,-0.01226096283601153,-0.0010879889302964955
3.8000000000000003,-0.002380734872734073,1.448186129123201,-1.0282408468958384,-0.5479250295156267,-0.00027200405496942615,-1.3302920289494107e-05,-0.02332491927220647,0.014533901866908144,-0.07726928875972666,-0.017388483420167813,-0.002532108752682716,-0.00013466669915786648,0.06656992964642389,0.9393731546910675,1.0986690192490733,0.2029823109011275,-0.12431844096185729,-0.233926963572406,-0.11284229650249572,-3.1385975899975023,-4.813378527560652,-1.04727842708515,-0.01218666913805286,-0.001120771637915234
3.81,-0.002609659748650119,1.4484247113215964,-1.028924527076958,-0.5480758765606437,-0.00029725082554997066,-1.471573830272563e-05,-0.02289248759160458,0.02385821983954888,-0.06836801811195883,-0.015084704501696923,-0.0025246770580544483,-0.00014128180132315222,0.07654724358964951,0.9783857812015223,1.1741328102867854,0.2173849611374692,-0.12088772692278596,-0.22239374087014907,-0.10997673072703887,-3.0717030848841533,-4.756419659603004,-1.0320325069461465,-0.012073409199476182,-0.0011506567153132309
3.8200000000000003,-0.0028335714602849738,1.4487602258876093,-1.0295140567876009,-0.5482024037140169,-0.00032234276896184053,-1.6188298541592324e-05,-0.02239117116348546,0.033551456601299115,-0.05895297106427547,-0.01265271533731751,-0.0025091943411869855,-0.0001472560238866694,0.08632773144997727,1.0147721106459884,1.243900808700383,0.2308652216547875,-0.1168994738626774,-0.20983611164824567,-0.10677466172713537,-3.0052076987041887,-4.697704872866937,-1.0164292335505225,-0.011920930267936976,-0.0011775006889061313
3.83,-0.0030517912691411246,1.449196062829048,-1.030004741221012,-0.5483034377034602,-0.0003471989139873091,-1.7713901890567953e-05,-0.021821980885615083,0.043583694143852526,-0.049068443341114584,-0.010103398944344132,-0.0024856145025468537,-0.00015256033489756293,0.09589308943155621,1.0482328704591892,1.3075962869829878,0.24337098077419572,-0.11237900583609955,-0.19631567916309678,-0.10324138675741666,-2.93945590369185,-4.637526331998806,-1.000546954635238,-0.011729080196252574,-0.001201174327429872
3.84,-0.0032636517748031715,1.4497352850287875,-1.030392354268529,-0.5483779205691889,-0.00037173805590292,-1.928559029122273e-05,-0.021186050566204668,0.053922219973964375,-0.03876130475169845,-0.007448286572869736,-0.002453914191561096,-0.00015716884006547788,0.10522618250349759,1.0784787771956734,1.3648735475262868,0.2548544331433762,-0.10735462928194317,-0.18189857486808492,-0.09938272023313745,-2.874795688809603,-4.576184532340012,-0.9844657534456939,-0.01149781109319498,-0.0012215632221541017
3.85,-0.0034684980992349505,1.4503806016522447,-1.03067316194127,-0.5484249155970307,-0.0003958789871150607,-2.089617931056908e-05,-0.020484632443177917,0.06453166234572733,-0.02808076727408683,-0.004699502784177663,-0.0024140931212140704,-0.0001610589019346349,0.11431089983329863,1.1052330114912665,1.415419498678035,0.26527189831568965,-0.10185737092569558,-0.1666550852539266,-0.09520499849411938,-2.8115759642250975,-4.513986648636082,-0.9682669914644856,-0.011227183246352778,-0.0012385682932453416
3.86,-0.0036656890377217625,1.4511343431390809,-1.0308439433671732,-0.5484436126769141,-0.00041954073090390954,-2.2538291735575178e-05,-0.01971909384868122,0.0753741486836242,-0.017078142590331837,-0.0018697079883446847,-0.0023661743788848844,-0.00016421124250060978,0.12313198645294036,1.128233683074732,1.458955079808307,0.27458363799454677,-0.09592068710212986,-0.1506592572952327,-0.09071509304339696,-2.750143908097537,-4.451244855039921,-0.9520328463793124,-0.010917369288076647,-0.0012521062204345155
3.87,-0.0038545981889955457,1.4519984380057447,-1.0309020092675827,-0.5484333330632538,-0.000442642778265399,-2.4204392024337113e-05,-0.01889091512737829,0.08640948666639316,-0.005806590040955751,0.0010279613660305006,-0.0023102047361489445,-0.00016661002887619352,0.131674856016601,1.1472362553697604,1.495236534805965,0.28275368174378546,-0.08958014871714504,-0.1339884859038319,-0.0859204322629639,-2.6908422865523685,-4.388274626545576,-0.9358458484532775,-0.010568658558668956,-0.001262109796491122
3.88,-0.00403461507780494,1.4529743916773086,-1.0308452178272849,-0.5483935335156616,-0.0004651053278484103,-2.5886821441433062e-05,-0.018001688880939382,0.09759536715639977,0.005679144029783069,0.003979954759226851,-0.0022462549583011325,-0.000168242941709595,0.13992539020180322,1.1620158986510245,1.5240565335926175,0.2897496703496838,-0.08287310667916947,-0.11672308696453515,-0.08082903136872706,-2.6340067787856922,-4.325393031904949,-0.9197884184181687,-0.010181461604227159,-0.0012685282023519786
3.89,-0.004205146283523066,1.4540632675560528,-1.0306719878816863,-0.548323809800315,-0.0004868495289708259,-2.7577833702969766e-05,-0.01705312057181263,0.10888758787440807,0.01732299455986107,0.006972371534650847,-0.0021744201122415553,-0.00016910122615367031,0.14786973085484917,1.1723697406250766,1.5452451412165513,0.2955427252055278,-0.07583834315206694,-0.0989458596384824,-0.07544953011906834,-2.579963339765673,-4.2629170279283475,-0.9039424099385455,-0.009756314730422466,-0.001271327203098765
3.9,-0.004365616588301181,1.4552656705204505,-1.0303813093547078,-0.5482238995342344,-0.0005077977276625914,-2.9269630955754536e-05,-0.0160470304778115,0.12024029643977344,0.029067852697840877,0.009991026608059795,-0.0020948198691765453,-0.0001691797252784772,0.15549407136682825,1.1781189837020687,1.5586706339029237,0.3001073510495207,-0.06851571439932724,-0.08074164165640824,-0.06979123754133991,-2.5290256329683447,-4.2011617648569315,-0.8883886595932734,-0.009293884518507526,-0.0012704892643283742
3.91,-0.00451547015776431,1.456581733031706,-1.0299727508910217,-0.5480936843566746,-0.0005278737156266889,-3.095439991486519e-05,-0.014985356946312853,0.13160625112553587,0.0408558463686245,0.013021517755984294,-0.0020075987964097495,-0.00016847689591106558,0.16278445397098554,1.1791108591056136,1.564240161098369,0.3034213782106061,-0.06094579128164479,-0.062196861287494076,-0.0638641826938185,-2.4814925649896544,-4.140438912226836,-0.8732065471934041,-0.008794972196521096,-0.0012660135888158868
3.92,-0.0046541717663046095,1.4580111040059158,-1.0294464646365247,-0.5479331914138628,-0.000547002981930826,-3.262434798462395e-05,-0.013870160854029975,0.1429370974209843,0.05262862544971289,0.016049294281183506,-0.0019129266304137138,-0.0001669948069758764,0.16972657966582266,1.175220389328941,1.5619002521134784,0.30546594913902325,-0.05316950362340678,-0.043399089556982295,-0.05767917024308986,-2.4376459527168213,-4.081055014327505,-0.8584735691034581,-0.008260517747491898,-0.0012579160737343422
3.93,-0.004781208077669831,1.4595529405884677,-1.0288031881314939,-0.5477425941454225,-0.0005651129671454322,-3.427173918958784e-05,-0.012703631136522151,0.15418365825520142,0.06432765050308435,0.019059726844028946,-0.0018109985214606222,-0.0001647391204963893,0.17630563728677928,1.1663519322719844,1.5516371654465357,0.30622555253925654,-0.045227794663508014,-0.0244365961025394,-0.05124783941481827,-2.3977483520325995,-4.023309883996117,-0.8442649270598095,-0.007691603627894743,-0.0012462291890698199
3.94,-0.004896088989789309,1.4612059029436466,-1.0280442432917556,-0.54752221236305,-0.0005821333195296811,-3.588892974462441e-05,-0.011488091211947802,0.1652962355178881,0.07589448397383279,0.022038178237246433,-0.001702035238424895,-0.0001617190555036569,0.18250615787354535,1.1524404826641212,1.5334770783266802,0.30568810685312897,-0.03716129164205484,-0.005397911809439937,-0.04458272467603774,-2.3620410747912244,-3.967495043091943,-0.830653134787986,-0.007089457964098583,-0.0012310017782558183
3.95,-0.004998349050660746,1.4629681521468687,-1.0271715324644841,-0.5472725116143744,-0.0005979961527398122,-3.746840309642495e-05,-0.010226006087143646,0.17622492032220807,0.08727108272713746,0.024970074867559353,-0.0015862833210131067,-0.00015794733518005396,0.18831189991926847,1.1334527090687014,1.5074861134791837,0.30384509319168274,-0.029009998241486534,0.01362859894230295,-0.03769731633603745,-2.3307424180798826,-3.913892217563741,-0.8177076445134298,-0.006455457092396923,-0.0012122987824470857
3.96,-0.005087548949680245,1.4648373512397888,-1.0261875315569768,-0.5469941018274571,-0.0006126363043966086,-3.900280427289331e-05,-0.008919989901949942,0.18691990929200475,0.09840009075071801,0.027840978691727015,-0.0014640151656796364,-0.0001534401176468364,0.19370577035483053,1.1093877078443812,1.4737701996248802,0.30069173618376244,-0.020813014097202154,0.03255515393823788,-0.030606119117283424,-2.304046126610864,-3.8627718945648866,-0.8054944952409187,-0.005791127309692981,-0.001190200890258695
3.97,-0.005163277086087681,1.4668106694800458,-1.0250952802489597,-0.5466877352340916,-0.0006259915947054779,-4.0484973381711815e-05,-0.007572813640743645,0.1973318240256931,0.10922513080170922,0.03063665933654633,-0.0013355290308869373,-0.0001482169108818507,0.19866978523642798,1.0802774588695603,1.4324747618391878,0.2962272295362727,-0.012608285924975315,0.05129495460109168,-0.023324706653798818,-2.2821201055342124,-3.8143919485886313,-0.7940759844498693,-0.005098145707174201,-0.0011648041152085256
3.98,-0.00522515121327988,1.4688847897879882,-1.0238983693116974,-0.5463543035729614,-0.0006380030841773762,-4.19079781049986e-05,-0.006187412719219815,0.20741203079423004,0.11969109372622878,0.03334316611302499,-0.001201148947189828,-0.0001423004723286786,0.20318507309235306,1.0461869715774421,1.3837842376379426,0.29045500150937187,-0.004432393992370165,0.06976257158028015,-0.0158697698276546,-2.2651053970837065,-3.7689963430933613,-0.7835103646195655,-0.004378339968397704,-0.0011362193035163136
3.99,-0.005272820154682667,1.47105591936272,-1.0226009250704133,-0.5459948345768152,-0.0006486153293560931,-4.326514504330265e-05,-0.004766894140278756,0.2171129574731802,0.12974442412841491,0.03594689961462299,-0.0010612245178716925,-0.00013571669383040472,0.20723192277346453,1.0072141138545105,1.32792141457297,0.28338301397685584,0.0036796232911138205,0.0878743131700429,-0.008259156859485303,-2.2531154303442813,-3.7268139135679306,-0.773851565763402,-0.0036336870260473583,-0.001104571575324813
4.0,-0.005305965583742362,1.4733198034096289,-1.0212075910602612,-0.5456104877511273,-0.0006577766353213876,-4.455008976919952e-05,-0.003314542905969508,0.22638840469090166,0.13933340101522546,0.038434682568790395,-0.0009161305965294448,-0.00012849447258968691,0.2107898764746925,0.9634891205708659,1.2651465852343018,0.27502408735182104,0.011694404948802362,0.10554857565637682,-0.0005119031296393039,-2.2462355491369177,-3.6880572374527225,-0.7651489449178409,-0.002866310487997891,-0.0010699997028116995
4.01,-0.005324303857474126,1.475671741891605,-1.0197235069403028,-0.5452025494552212,-0.0006654393036121193,-4.5756745458413674e-05,-0.0018338273731764079,0.2351938481976195,0.1484084119958369,0.04079382959061076,-0.0007662668290731657,-0.00012066556892141544,0.21383786738565616,0.9151737828820492,1.1957565159079424,0.26539624237307,0.019580362591204548,0.12270617505680226,0.00735175117524583,-2.2445228186424844,-3.6529215957851733,-0.7574470633031041,-0.0020784767629042885,-0.0010326554290470743
4.0200000000000005,-0.005327587889966947,1.478106609186849,-1.0181542847445808,-0.5447724273005421,-0.0006715598741025453,-4.687938997465903e-05,-0.00032840324928209985,0.24348672952440445,0.15692221957219146,0.043012215467910016,-0.0006120570490426067,-0.00011226445162453553,0.2163544002237598,0.8624603239050457,1.1200832257241322,0.25452304870053855,0.027307735729490745,0.1392706600370201,0.015310357319703727,-2.2480061070177233,-3.6215840308814737,-0.7507854916516835,-0.0012725898378560321,-0.0009927027318125555
4.03,-0.005315609049370533,1.4806188765079187,-1.0165059825643576,-0.5443216438846481,-0.0006760993592715772,-4.791267129320889e-05,0.0011978840596415022,0.2512267321069487,0.16483021802232437,0.04507834158940319,-0.0004539485169031913,-0.00010332813185498675,0.21831777173890712,0.8055699708606993,1.0384925739836683,0.2424339693967994,0.034848608984302754,0.15516860605966848,0.02334126967896929,-2.2566864339838286,-3.594202503800487,-0.7451986439901166,-0.0004511846851147993,-0.0009503170369250104
4.04,-0.005288199059253291,1.4832026369098787,-1.01478507577083,-0.5438518298835275,-0.0006790234692317593,-4.88516311575259e-05,0.002740999011724202,0.25837604019600263,0.17209067935275546,0.04698140011205722,-0.00029241099601820726,-9.389598643170073e-05,0.21970632718977104,0.7447512382211584,0.951382654459214,0.22916468974763582,0.0421768940296382,0.1703298910307186,0.03142067401553907,-2.2705375742796567,-3.5709151547642706,-0.7407156399616827,0.00038308069908736775,-0.00090568438589246
4.05,-0.005245231882893362,1.4858516326905102,-1.0129984259030045,-0.5433647165290117,-0.0006803028258342063,-4.969172687304143e-05,0.004296717635992911,0.2648995780631564,0.17866498678257253,0.04871133545157726,-0.00012793566024470057,-8.400957155155298e-05,0.2204987478106548,0.6802779407284165,0.8591819968266513,0.21475741852819752,0.04926828011859419,0.18468795285890116,0.03952363325934329,-2.289506900052954,-3.5518396691336465,-0.7373601955946061,0.0012274345940442252,-0.0008590005629631475
4.0600000000000005,-0.005186625567110003,1.4885592849628637,-1.0111532473607858,-0.5428621275022972,-0.0006799131641392911,-5.042885115230814e-05,0.005860631578335897,0.27076522723534907,0.18451785422187034,0.05025890267145338,3.896616949152054e-05,-7.371242792667084e-05,0.2206743634440556,0.6124469592846256,0.7623475769827841,0.19926114972895714,0.0561001579066841,0.19818002942670293,0.04762415131279514,-2.3135164427938966,-3.537072750959747,-0.7351505422537021,0.002079002136154865,-0.0008104701868036516
4.07,-0.005112344020715486,1.4913187251603772,-1.0092570720585587,-0.5423459702788773,-0.0006778355195414618,-5.105934993618774e-05,0.007428154639451731,0.2759440197513594,0.18961753022271108,0.05161572234198979,0.00020776445978293076,-6.304987838795997e-05,0.2202134838324836,0.5415757865764504,0.6613626398123591,0.18273187297804272,0.06265152198356827,0.21074738149671152,0.05569525501012243,-2.3424641523687493,-3.526689705556113,-0.7340993733643948,0.002934817100759012,-0.0007603057721524047
4.08,-0.005022398701612365,1.4941228282176284,-1.0073177122094261,-0.54181822696446,-0.0006740563988605436,-5.158003812640573e-05,0.008994531910312112,0.2804103057251242,0.19393598491326206,0.05277433144173248,0.0003779120680918296,-5.206881902179922e-05,0.21909774156290288,0.4679998828082022,0.5567343399606057,0.16523272138328515,0.0689028580157185,0.22233549904468036,0.0637090939538443,-2.3762253281498547,-3.5207441319638537,-0.7342138183673983,0.0037918347785548773,-0.0007087267668364663
4.09,-0.004916850186009864,1.496964247155827,-1.0053432214246618,-0.5412809446656578,-0.0006685679337610061,-5.1988213175627396e-05,0.010554851560250149,0.28414189381987315,0.19744907847643442,0.053728229880218956,0.0005488465099537484,-4.0817504922166434e-05,0.21731043935269617,0.392069875002014,0.44899120829193434,0.1468340463362936,0.07483602067196993,0.23289429143253887,0.07163705754316492,-2.414654195213993,-3.5192677256181444,-0.7354954432505514,0.0046469458196442765,-0.0006559585695098177
4.1,-0.00479580959320533,1.4998354487916163,-1.0033418543266217,-0.5407362254433244,-0.0006613680149341758,-5.228166649210545e-05,0.012104059280453355,0.2871201635789237,0.2001367098040067,0.05447192223333559,0.0007199918826830339,-2.9345331647805916e-05,0.21483689426406233,0.3141486359090738,0.33868045394336693,0.1276134098721029,0.08043410853955413,0.24237826171902122,0.07944990811297521,-2.457585597131967,-3.522270190971626,-0.737940276911119,0.005496990900222743,-0.000602231533370865
4.11,-0.004659439839877468,1.5027287502807969,-1.001322024886159,-0.5401862159003139,-0.0006524604055749506,-5.245869262683831e-05,0.013636975332786197,0.2893301489180648,0.20198294404627032,0.05500095430105454,0.0008907609359225211,-1.7702613473285173e-05,0.21166477153526547,0.23460828059026032,0.22636511414401636,0.10765548653240642,0.08568134204248568,0.2507466652650956,0.08711792873170453,-2.504836776023944,-3.5297392632931714,-0.7415388625269743,0.006338776052751786,-0.0005477799609480746
4.12,-0.004507956698858352,1.5056363562053445,-0.9992922637073027,-0.5396330964590935,-0.000641854832802508,-5.251809622197746e-05,0.015148314101911626,0.29076059245476626,0.20297611788562184,0.055311944122038235,0.0010605572772442542,-5.9403595139153105e-06,0.20778440101653378,0.15382712011075914,0.11262106622142043,0.08705186826949163,0.0905629499569306,0.257963652637615,0.09461108387432768,-2.5562092103166547,-3.5416408383431595,-0.7462763330574987,0.007169088490557197,-0.0004928410948107185
4.13,-0.004341629638868131,1.5085503959125897,-0.997261174492405,-0.5390790703879886,-0.0006295670558116512,-5.2459196709854386e-05,0.01663270599902212,0.29140397072452057,0.20310892148976523,0.05540260711048675,0.0012287776990856745,5.88995121230743e-06,0.20318906968288283,0.07218661249827281,-0.0019660815915443714,0.06590076768758515,0.09506506950184401,0.26399839665956304,0.10189919090486993,-2.611490481005381,-3.5579192081326365,-0.7521325099535953,0.007984712752462009,-0.0004376541087746382
4.14,-0.0041607824236735095,1.5114629608196666,-0.9952373899299523,-0.5385263526378136,-0.0006156189096953649,-5.228183076238361e-05,0.01808472151946211,0.2912564907076905,0.20237845624528117,0.05527177501750825,0.001394814611628629,1.773659474707723e-05,0.19787528434850674,-0.009931648899237077,-0.11680420188419867,0.044306616908643126,0.09917466419736298,0.2688252033089832,0.108952100080398,-2.670456138175081,-3.578497400507562,-0.7590820241293278,0.00878244699238641,-0.00038245910384024915
4.15,-0.003965793451520124,1.51436614140421,-0.9932295272546136,-0.5379771585531952,-0.0006000383240471353,-5.198635250066828e-05,0.019498897215338575,0.29031805845434233,0.20078626753387363,0.054919408461845017,0.001558058564822965,2.9547826171532998e-05,0.19184299950381914,-0.09214887027919692,-0.2312979417762273,0.02237956141094377,0.10287946276466142,0.2724236060414563,0.11573988063277198,-2.7328715410374684,-3.6032776198639977,-0.767094458233601,0.009559119242729699,-0.0003274961127337404
4.16,-0.0037570958184308294,1.5172520636136373,-0.991246143734716,-0.53743369252497,-0.000582859315630711,-5.157363148431964e-05,0.020869763308929458,0.28859222094272635,0.19833835198975852,0.05434660282251902,0.0017179008416424175,4.1272101634864235e-05,0.1850958061093623,-0.17409187760643344,-0.34485207640304294,0.0002348503629407972,0.1061679213325053,0.27477844301043974,0.1222330103996419,-2.798493646746254,-3.632141785898374,-0.7761345092569272,0.010311603488518414,-0.00027300411653543146
4.17,-0.003535177091989147,1.5201129244399625,-0.9892956923460638,-0.5368981366515875,-0.0005641219545922013,-5.104504850924406e-05,0.022191872644168248,0.2860860826325166,0.19504513886521574,0.053555587338247175,0.0018737361038509703,5.2858297507557484e-05,0.17764107818002586,-0.25539578657839573,-0.4568748985918104,-0.02200787283619854,0.10902921016094858,0.2758799165883939,0.12840256646352144,-2.8670727257024233,-3.664952166930755,-0.7861621705134548,0.01103683540131481,-0.0002192200764854991
4.18,-0.003300578785465847,1.5229410264246641,-0.9873864778927666,-0.5363726394784418,-0.0005438723038816121,-5.0402489251398925e-05,0.02345983065232997,0.28281019847015393,0.19092144532973324,0.052549717314569075,0.0020249650710589206,6.425592578451403e-05,0.16949007504442423,-0.3357064896885959,-0.5667816200699766,-0.044225373936722434,0.1114532250366479,0.2757236345562539,0.13422041431525655,-2.938353983886839,-3.7015521040095445,-0.7971329320498275,0.011731827597128314,-0.0001663779836705949
4.19,-0.0030538955255193785,1.5257288108783111,-0.9855266138354303,-0.5358593048844549,-0.0005221623317450138,-4.964833580223064e-05,0.024668325994646856,0.2787784453646933,0.18598640573362707,0.05133345939869086,0.002170997213659828,7.541534491682798e-05,0.16065799823432306,-0.41468293137794376,-0.6739977588176562,-0.06629171717168436,0.1134306224824595,0.27431063232631325,0.1396593931810161,-3.012079075882218,-3.7417668217133264,-0.8089979985476826,0.012393684300357114,-0.00011470792892896145
4.2,-0.0027957739101289124,1.5284688896220426,-0.9837239800846647,-0.5353601811850234,-0.0004990497973414707,-4.878545614915424e-05,0.025812161539046592,0.2740078743731566,0.1802633750765583,0.04991236994315274,0.0023112534403543043,8.628796530764088e-05,0.15116400301270833,-0.4919991464990337,-0.7779624868007994,-0.08807923061184608,0.11495287699169354,0.27164737559404345,0.14469349533232453,-3.087987495589937,-3.7854043213085484,-0.8217045238033972,0.013019615315295536,-6.443519497869536e-05
4.21,-0.0025269110568251108,1.5311540750821437,-0.9819861820133458,-0.5348772505196077,-0.00047459810972775614,-4.781719166149333e-05,0.02688628533038016,0.26851854601011943,0.17377980713189228,0.048293066541575995,0.002445168761371462,9.68264487660904e-05,0.1410311655541568,-0.5673460420655891,-0.8781319123110797,-0.1094595358473498,0.11601235768349849,0.26774574287548925,0.14929803742687095,-3.16581783512472,-3.832256351698523,-0.8351958608847863,0.013606949227147475,-1.5779372484664423e-05
4.22,-0.0022480528445953597,1.5337774085943807,-0.9803205109344832,-0.534412418590788,-0.0004488761606360265,-4.67473426487659e-05,0.027885821222975095,0.2623333512236872,0.16656710788625131,0.046483192881963446,0.0025721949091729616,0.00010698490127274338,0.13028640771647612,-0.6404329074209388,-0.9739822715070678,-0.13030462870245962,0.1166024211032517,0.26262298747094454,0.153449822192177,-3.2453089058988684,-3.882099453406928,-0.8494118270777328,0.014153145774929229,3.1046498457156695e-05
4.23,-0.0019599918559906958,1.5363321868009492,-0.9787339062829145,-0.5339675048195454,-0.00042195813164260464,-4.558015206407673e-05,0.02880609886046639,0.2554778206568477,0.1586604651568791,0.04449137712426213,0.0026918028993421854,0.00011671905846891694,0.11896038216144288,-0.7109886434114401,-1.0650130044564146,-0.15048799642464772,0.11671751638309535,0.2563016785009376,0.15712728905209772,-3.3262007194044436,-3.9346960706735414,-0.8642889827442709,0.014655807358324318,7.583676011727915e-05
4.24,-0.00166356502889302,1.5388119860493326,-0.9772329197284679,-0.5335442329788632,-0.00039392327648770037,-4.432028743067844e-05,0.029642682709767568,0.2479799248383286,0.15009865544464712,0.04232718406820845,0.002803485515490429,0.0001259864633398291,0.10708732127227256,-0.7787627067720925,-1.1507496920388924,-0.16988575573826825,0.11635329864280952,0.24880962077851881,0.1603106525945104,-3.4082353285900493,-3.989795726597182,-0.8797609232157813,0.01511268965873024,0.00011839394102781552
4.25,-0.0013596510300657792,1.5412106847285396,-0.9758236814358178,-0.5331442223645242,-0.00036485567945453753,-4.2972821074513536e-05,0.03039139988272408,0.23986986792070752,0.14092382926501512,0.04000106143389891,0.0029067597033162825,0.00013474663561649085,0.09470485385857917,-0.843525771579648,-1.2307468314225327,-0.1883777954761845,0.11550674635343317,0.2401797534079439,0.16298202807462914,-3.491157533936326,-4.047136256135648,-0.8957585828393133,0.015521711370778185,0.00015852953084400886
4.26,-0.0010491673649728334,1.5435224835036105,-0.9745118686721117,-0.5327689795582218,-0.00033484399085059946,-4.154320874978603e-05,0.031048366509294587,0.23117987750709024,0.13118127637060645,0.037524280630237015,0.0030011688603938046,0.00014296123247275076,0.08185379402447202,-0.9050701151661578,-1.3045904294568598,-0.20584890711272497,0.1141762784032056,0.2304500271281169,0.16512554343034497,-3.574715461297165,-4.106445091659603,-0.9122105502805067,0.015880963054015325,0.00019606472503385828
4.2700000000000005,-0.0007330672403847314,1.5457419234334493,-0.9733026769477598,-0.5324198908338755,-0.00030398114075264136,-4.003726674837489e-05,0.03161001245881019,0.2219439929838689,0.12091917243518058,0.03490887243462273,0.0030862850097958102,0.0001505942001411137,0.06857790679673981,-0.9632097411741807,-1.3719003951847755,-0.22218988649410942,0.1123618667827147,0.21966326054631446,0.16672743754341657,-3.6586610212372905,-4.167440595652125,-0.9290433941625245,0.016188715124857533,0.00023083113819400921
4.28,-0.0004123361979875037,1.5478639019795475,-0.9722007938586803,-0.5320982152533721,-0.00027236403228027674,-3.8461147587242384e-05,0.032073104239722774,0.21219785460982296,0.11018830890795614,0.032167558050344894,0.0031617108472364623,0.0001576119161132505,0.05492365516823777,-1.0177802573364836,-1.4323327147213165,-0.23729859034732304,0.11006514112981702,0.20786697552828137,0.1677761447047392,-3.7427502619147566,-4.229833435042741,-0.9461819980863826,0.016443425016155054,0.00026267148467724085
4.29,-8.7988538566983e-05,1.5498836869336083,-0.9712103757799991,-0.5318050784929164,-0.00024009321575030107,-3.682131437096193e-05,0.032434765942052066,0.20197849540607607,0.09904180786811934,0.029313676045574957,0.003227081652997567,0.00016398332162804506,0.040939933113447693,-1.06863852995808,-1.4855813939280293,-0.25108093177784685,0.1072894818212822,0.1951132121240715,0.16826236542700612,-3.8267436294943784,-4.293327991560558,-0.9635499040341825,0.016643743535725872,0.00029144022506319954
4.3,0.00023893644262639184,1.5517969283101396,-0.9703350275418894,-0.5315414674358239,-0.00020727254513587794,-3.5124513929147954e-05,0.032692498119337485,0.19132413765312328,0.08753482381097574,0.026361105709253083,0.003282067061442313,0.00016968004418139806,0.026677788891552676,-1.1156621408503706,-1.5313801565870253,-0.2634517998966235,0.10404009884117675,0.18145832351356814,0.16817912389000064,-3.9104061516084605,-4.357623802381562,-0.9810696631033253,0.016788520456117888,0.00031700417681976235
4.3100000000000005,0.0005673783879991182,1.553599668265509,-0.9695777851980993,-0.5313082255619812,-0.00017400881831209362,-3.33777488309705e-05,0.03284419453727263,0.1802739955369394,0.07572423437899975,0.02332418738426378,0.003326372682378434,0.00017467650981774506,0.012190142584346728,-1.1587486755317562,-1.5695038881053953,-0.2743358899027726,0.10032409426900626,0.16696275154920992,0.16752181240105316,-3.993507560489636,-4.422417025228518,-0.998663192457669,0.016876809365911526,0.0003392430872982686
4.32,0.0008962599554340028,1.5552883491175429,-0.9689411019769716,-0.5311060491584119,-0.0001404114026133498,-3.1588248381134375e-05,0.03288815674348846,0.16886808520337204,0.06366832211277143,0.020217640356939723,0.0033597415698743797,0.00017895004498361263,-0.002468498655524237,-1.1978148737821046,-1.5997698171011945,-0.2836684314548714,0.09615050688418529,0.15169078356135035,0.16628822330688212,-4.075822373079463,-4.487401921956274,-1.0162521373117532,0.01690787180844837,0.00035805016699366635
4.33,0.0012244910197988176,1.5568598195494048,-0.9684268374835857,-0.5309354843694702,-0.00010659184726008208,-2.97634387037457e-05,0.032823106436481474,0.15714704318618541,0.0514264493385861,0.017056478894160114,0.0033819555353267737,0.0001824809677388676,-0.017242324721459073,-1.2327956750848046,-1.622038429528902,-0.2913958047972782,0.0915303380488748,0.13571029116975394,0.16447856880619177,-4.157129945668661,-4.5522723545210155,-1.0337582366881317,0.0168811807274327,0.0003733325807916717
4.34,0.001550972976108771,1.558311339088175,-0.9680362502002681,-0.5307969250992185,-7.266348423405982e-05,-2.791091202242356e-05,0.03264819563099532,0.1451519538770284,0.03905872833176749,0.013855927025169301,0.0033928363026022247,0.00018525266813221384,-0.032074503712377744,-1.26364319207295,-1.6362141122305212,-0.2974760360048059,0.08647655868166945,0.11909245192042534,0.16209548909013932,-4.237214520459821,-4.616723287090065,-1.0511036916071006,0.016796423230947814,0.00038501189473067105
4.3500000000000005,0.0018746031224289553,1.5596405809523042,-0.9677699933112875,-0.5306906117725688,-3.874101919490037e-05,-2.6038395246876807e-05,0.03236301463201844,0.13292418641290504,0.026625688898056755,0.010631332664963111,0.0033922465039159457,0.00018725167755467555,-0.04690745843693709,-1.2903256448231986,-1.6422455249495638,-0.30187916469555454,0.08100409774531386,0.10191145463898227,0.15914404918667863,-4.3158652808780005,-4.680452287901652,-1.068211534284609,0.016653502676638718,0.0003930244756367168
4.36,0.002194279100828358,1.560845633363062,-0.9676281138562802,-0.5306166309558693,-4.94011403733899e-06,-2.4153717977985595e-05,0.0319675978399403,0.1205052410757853,0.0141879455007335,0.007398081669954596,0.003380090515756138,0.00018846772688912105,-0.061683137183229535,-1.3128262877350731,-1.6401257018884239,-0.30458747965093913,0.07512981322012596,0.08424418946398787,0.15563172481262086,-4.392876431512136,-4.743161024335295,-1.0850059968298436,0.016452540071738676,0.00039732184085513277
4.37,0.0025089033749835276,1.5619249994134288,-0.9676100551959869,-0.5305749158318195,2.8623037308839612e-05,-2.2264780045222953e-05,0.031462427415516955,0.10793660503666477,0.0018058660293398636,0.0041715124049815245,0.00335631513461786,0.00018889379327626432,-0.0763432782598191,-1.3311423588419078,-1.6298918858139229,-0.30559561993275075,0.06887244700353606,0.06616992359793394,0.151568377452499,-4.468047317278553,-4.804556744507681,-1.1014128778511552,0.01619387477284858,0.0003978709552101427
4.38,0.0028173877233388517,1.562877595583817,-0.9677146627534053,-0.53056524751798,6.18321382346623e-05,-2.0379518692032758e-05,0.030848434835532422,0.09525961703882956,-0.010460755741847749,0.0009668313839519284,0.003320910092582269,0.00018852613531901956,-0.09082966834039,-1.345284078793521,-1.6116250995077852,-0.30491054126729544,0.06225256555066089,0.047769963891692135,0.1469662187947582,-4.5411825947899995,-4.864353738571439,-1.1173599052997207,0.01587806446247075,0.0003946544722816147
4.39,0.003118657727028672,1.5637027489878934,-0.967940192973605,-0.5305872572127297,9.457122236349678e-05,-1.850587552654686e-05,0.030127000368982047,0.08251534040764597,-0.022553022019972096,-0.0022009694749738694,0.0032739084128834486,0.00018736431654858983,-0.10508439509017127,-1.3552737235177446,-1.5854494610430634,-0.30255134954476226,0.055292488340972834,0.029127307460030727,0.1418397645720077,-4.612092467026187,-4.922274772771633,-1.1327770938069943,0.015505884372749535,0.0003876709171008125
4.4,0.0034116572320283685,1.5644001934239058,-0.968284325426353,-0.5306404291473736,0.0001267250884191913,-1.6651763356764813e-05,0.02929995049996966,0.06974444360123852,-0.03441324527480547,-0.005317193464388298,0.0032153866055694503,0.0001854112169782047,-0.11905009489922176,-1.3611447908098118,-1.551531250899651,-0.2985490053948139,0.04801620641649701,0.010326281613288413,0.136205777781198,-4.6805929902745405,-4.978052489213251,-1.1475970947066971,0.015078325722109515,0.0003769348074390249
4.41,0.003695352765209648,1.5649700642977187,-0.9687441779574913,-0.5307241043182422,0.00015817973545135188,-1.4825033031015053e-05,0.028369553318127957,0.056987087381282144,-0.045985253113837415,-0.008367517086855498,0.0031454647032160576,0.00018267303257497603,-0.13267019678288416,-1.3629412769314886,-1.5100777403675707,-0.29294590571048573,0.04044929328625824,-0.008547825518259389,0.1300832012087128,-4.746506459985282,-5.03143076421988,-1.161755536877054,0.014596593327838374,0.00036247671099649587
4.42,0.003968737884121072,1.5654128924735988,-0.9693163247777867,-0.5308374849680912,0.0001888227968156068,-1.3033440406137865e-05,0.027338511891142427,0.044282817588025866,-0.05721468202953925,-0.011338064984902259,0.0030643061364254913,0.0001791592624877188,-0.1458891636238549,-1.360717074847764,-1.4613357919943686,-0.2857953498220853,0.03261881043191861,-0.02740914219732632,0.12349307916054664,-4.809661879707951,-5.08216601812572,-1.1751913564961982,0.014062102357381503,0.00034434323599524276
4.43,0.004230837440399119,1.5657295970980958,-0.9699968173618513,-0.5309796397819273,0.00021854397130135767,-1.1284613567341354e-05,0.026209955627804725,0.031670462449701536,-0.06804925840645587,-0.014215481383600927,0.0029721174485750883,0.00017488268387965108,-0.15865273192112783,-1.3545355011117903,-1.4055902440362904,-0.27716089967120716,0.02455320948823614,-0.04617159656341785,0.11645846830336255,-4.8698955146934155,-5.1300284693470255,-1.187847113775014,0.013476474183323778,0.00032259695293761616
4.44,0.004480711736747666,1.5659214774315322,-0.9707812080147892,-0.5311495097585779,0.0002472354497914791,-9.586020425039111e-06,0.02498742963485466,0.01918803334363909,-0.07843906529379482,-0.01698699766506105,0.0028691478490121386,0.00016985931423022438,-0.1709081510796197,-1.3444689537572474,-1.3431620919798433,-0.2671156447669807,0.016282232917873007,-0.06474930472945306,0.10900433756121032,-4.927051529104532,-5.174803325631316,-1.1996692947189354,0.012841531311762203,0.00029731624561106474
4.45,0.004717460557423125,1.5659902037110687,-0.9716645759505361,-0.5313459147159122,0.000274792335828079,-7.944936815132857e-06,0.023674882067545786,0.00687262795364235,-0.08833679357469063,-0.019640495733435036,0.0027556886036599914,0.00016410836099062535,-0.18260442302815955,-1.3305986989898295,-1.2744064812033977,-0.25574138396516766,0.007836814667084746,-0.08305696174229799,0.10115745708605402,-4.980982703128678,-5.216291905489011,-1.2106085959747712,0.012159291360935392,0.0002685950897953899
4.46,0.004940227052154619,1.5659378070594028,-0.9726415557134872,-0.5315675603846085,0.00030111305844653303,-6.368415230102213e-06,0.022276649473149474,-0.00523966516659192,-0.09769797629510832,-0.022164566869632172,0.002632072261845404,0.00015765215850306445,-0.19369254260445257,-1.313014780104568,-1.1997105257617706,-0.2431277370986722,-0.0007510181078865807,-0.10101023357926903,0.09294627642724129,-5.031551223676118,-5.254312682977315,-1.22062019084182,0.011431960076385852,0.00023654275855746376
4.47,0.005148201453445978,1.5657666684442633,-0.9737063677640098,-0.5318130460427725,0.0003260997756276707,-4.863254308849472e-06,0.020797440129135866,-0.017113861513961583,-0.10648120505226118,-0.02454856581639841,0.0024986717181137686,0.00015051609212527408,-0.20412573870904285,-1.2918160379943275,-1.1194909690953656,-0.22937120025564983,-0.009448241596808349,-0.11852614828136954,0.08440079216317466,-5.078629539828826,-5.2887022492345475,-1.2296639745693427,0.01066192338031576,0.00020128345349451344
4.48,0.0053406246072861185,1.5654795066862757,-0.974852851038842,-0.5320808726415355,0.00034965876670665984,-3.4359692134610805e-06,0.01924231538401412,-0.02871617579876344,-0.11464832748322079,-0.026782659876298028,0.0023558991078989158,0.0001427285095388391,-0.21385971572681378,-1.267110228954522,-1.034191703186378,-0.21457415899419185,-0.018220929996233703,-0.1355234842689953,0.07555240542337309,-5.122101271824189,-5.319316184457097,-1.237704787125549,0.009851738465783487,0.0001629558618041479
4.49,0.005516791297476968,1.5650793655067774,-0.9760744972892209,-0.5323694513700057,0.00037170081206850666,-2.092763020828938e-06,0.017616669019084878,-0.04001411794981716,-0.1221646250378873,-0.0288578728470233,0.0022042045361846847,0.00013432061926321425,-0.22285289416578108,-1.2390142223040854,-0.9442811632973462,-0.1988438740494054,-0.027034348573352407,-0.1519231538466666,0.06643376991518814,-5.161862160164162,-5.346029834373046,-1.244712611707137,0.009004123960552396,0.00012171263960984854
4.5,0.005676053344114581,1.5645695996029616,-0.977364486992875,-0.5326771126066049,0.00039214155845607743,-8.394992563628581e-07,0.015926204663761316,-0.05097659038158333,-0.12899897036540842,-0.030766123659920812,0.002044074638757076,0.00012532637644660798,-0.23106664889414202,-1.207654257701006,-0.8502496159346569,-0.18229145406515013,-0.035853045892846325,-0.16764857988255916,0.057078631269566055,-5.1978210394788045,-5.368738985696029,-1.2506627473631073,0.008121949200253121,7.771982254652435e-05
4.51,0.005817822457270123,1.5639538597355014,-0.9787157266307572,-0.5330021152028875,0.00041090186821920267,3.183243042389593e-07,0.014176911315554194,-0.06157398674602971,-0.13512396378821728,-0.03250025962826196,0.0018760309763125216,0.00011578235606018173,-0.2384655427938958,-1.173166239978472,-0.7526063580633994,-0.16503082961797055,-0.04464094639304328,-0.18262606365005102,0.04752165872637798,-5.22990082008598,-5.387360435539885,-1.2555359542319062,0.007208222665531896,3.11561652028893e-05
4.5200000000000005,0.00594157282765005,1.5632360768136608,-0.9801208871155751,-0.5333426560453997,0.0004279081508448646,1.3756004410707478e-06,0.01237503703799268,-0.0717782921840441,-0.1405160484817853,-0.03405408425121652,0.0017006282625661947,0.00010572761368317884,-0.24501755311855525,-1.13569604789551,-0.6518768458447122,-0.14717774231022585,-0.05336144486979677,-0.19678514183732282,0.03779827038337065,-5.2580394588151576,-5.401832450336034,-1.2593185700363465,0.006266079652497792,-1.7787588383328832e-05
4.53,0.006046843437001657,1.562420444964882,-0.9815724431567717,-0.5336968798409729,0.0004430926751307897,2.3276357824032774e-06,0.010527060935160669,-0.08156318487787825,-0.1451556041196623,-0.035422379557324066,0.001518452428592511,9.520353413325297e-05,-0.25069428737058624,-1.095399832402452,-0.5485997712769276,-0.12884876196044903,-0.061977504725368116,-0.21005893077538534,0.02794445342465404,-5.282190899636743,-5.412115110418325,-1.2620025966453539,0.005298769259506525,-6.89095003850378e-05
4.54,0.006133240072296505,1.5615114035799513,-0.9830627133455825,-0.5340628890710444,0.0004563938603999742,3.170172465085488e-06,0.008639663529484802,-0.0909041384930578,-0.14902701888107492,-0.03660092300714772,0.0013301185269184463,8.425366826822108e-05,-0.2554711851246368,-1.0524442798643678,-0.44332410507242737,-0.11016034397008934,-0.07045176204943693,-0.22238445599407825,0.017996580916133237,-5.302325963987436,-5.418190537118927,-1.2635857556941368,0.004309640785628792,-0.00012199729762408997
4.55,0.006200437029287113,1.5605136183310426,-0.9845839007440924,-0.5344387540611286,0.00046775654520358014,3.899408048707026e-06,0.006719695699060871,-0.09977852489088027,-0.15211873985099145,-0.03758649900842029,0.0011362684803605946,7.292355836215379e-05,-0.2593277019384505,-1.007006816150749,-0.3366061238893322,-0.09122793781798855,-0.07874663770645074,-0.2337029652960686,0.007991226898037707,-5.31843317042837,-5.420062999947613,-1.264071512453366,0.0033021296465753055,-0.00017682928885059544
4.5600000000000005,0.00624817849289872,1.5594319611680802,-0.9861281337637814,-0.534822523112409,0.0004771322320258034,4.512013574103337e-06,0.0047741463611606985,-0.10816571629624053,-0.15442330196889958,-0.03837690512803053,0.0009375686822223284,6.126055253963112e-05,-0.2622474713333703,-0.9592757285614809,-0.2290064396654084,-0.07216515629945297,-0.08682445959834584,-0.24396022363373865,-0.0020350183886571438,-5.330519463431146,-5.417758902198202,-1.2634690673515214,0.0022797429219901053,-0.00023317533639578033
4.57,0.006276279584084052,1.5582714893088314,-0.9876875071217955,-0.5352122326435432,0.00048447930658794373,5.005149662467889e-06,0.0028101091185332118,-0.116047185924877,-0.15593733580141808,-0.03897095311342289,0.00073470745621403,4.9313608836455197e-05,-0.2642184408053065,-0.9094501841736221,-0.12108704824970497,-0.05308301370490209,-0.09464759714697046,-0.25310678818074706,-0.012045731240618762,-5.3386108316635,-5.4113266441315035,-1.2617933147805398,0.0012460446535653754,-0.00029079787724145165
4.58,0.00628462706521949,1.5570374232496957,-0.9892541226670377,-0.5356059172921547,0.0004897632304507925,5.376480557891418e-06,0.0008347481135437336,-0.12340660591356724,-0.1566615545242211,-0.039368464861147354,0.0005283923862848743,3.713308954235294e-05,-0.26523297795612844,-0.8577401253147676,-0.013408413820747894,-0.03408923954823795,-0.10217860979614568,-0.261098262106105,-0.022004833276331934,-5.3427527971396245,-5.400836363714673,-1.2590647690509227,0.00020464101613921866,-0.0003494529881079714
4.59,0.006273179698828643,1.5557351238370947,-0.9908201298730347,-0.5360016199270773,0.0004929567057349093,5.624186023593652e-06,-0.001144736639084667,-0.13022994126010715,-0.1566007205996989,-0.03957026349226169,0.00031934752841168,2.4770546570223327e-05,-0.26528794311892184,-0.8043660254331836,0.09347339528975826,-0.01528767282699195,-0.1093804109704184,-0.2678955256818623,-0.03187676437867875,-5.3430107579996795,-5.386379555742679,-1.2553094576058768,-0.0008408345162951812,-0.00040889148877655795
4.6000000000000005,0.006241968257345642,1.5543700684533919,-0.9923777658003101,-0.5363974015242067,0.0004940398109171653,5.746971010456995e-06,-0.0031211441483000577,-0.13650553837028542,-0.15576359272754742,-0.039578159712938064,0.00010831051822559349,1.2278498686334408e-05,-0.264384725288363,-0.7495584915798577,0.1990095047661719,0.003222259886743073,-0.11621644845520662,-0.2734649434777782,-0.041626647990394686,-5.33947016946942,-5.36806857101799,-1.2505587818520179,-0.0018867358909321823,-0.0004688600775360866
4.61,0.0061910951847261,1.5529478263861014,-0.9939193943375658,-0.5367913508607458,0.000493000106818307,5.744073025709355e-06,-0.0050873072619542,-0.14222420672904815,-0.15416285372557123,-0.03939493365391898,-0.00010397040988582566,-2.8979847476401306e-07,-0.26252923875288103,-0.6935577029681959,0.30266095300570806,0.02134598093230866,-0.12265090159369008,-0.2777785465216518,-0.05122044708766635,-5.332236549696549,-5.346035998109565,-1.2448493462137804,-0.0029294189701586917,-0.0005291024923836676
4.62,0.006120733913920108,1.5514740334644561,-0.9954375445382363,-0.5371815939846901,0.0004898327120688759,5.615267139717724e-06,-0.007036127080599177,-0.14737929216452686,-0.15181502006704842,-0.03902431239442796,-0.00031673947494310244,-1.2880588599163096e-05,-0.259731878544924,-0.6366126785615703,0.4039013181279908,0.038994112702006145,-0.12864889504621968,-0.2808141884214651,-0.060625109333564534,-5.3214352996294085,-5.320433931040848,-1.2382227562668253,-0.003965255695217992,-0.0005893606914143515
4.63,0.00603112784747229,1.5499543660628787,-0.9969249478768263,-0.5375663034185388,0.00048454034752765134,5.360868579812497e-06,-0.008960606644781766,-0.15196674015773826,-0.14874033385899574,-0.03847094338487135,-0.0005292364541224556,-2.5439855990522643e-05,-0.25600743366167183,-0.5789803702745442,0.5022192424082135,0.056082745125944786,-0.13417672815150805,-0.2825556745625709,-0.06980870013010704,-5.307211328852084,-5.2914331270587,-1.2307253870493764,-0.004990647826555594,-0.0006493760457094987
4.64,0.005922589011736769,1.548394514586198,-0.9983745742577537,-0.5379437070584219,0.00047713334932537817,4.981732871818458e-06,-0.01085388357355207,-0.15598514766808586,-0.14496263809274235,-0.03774036398830507,-0.0007406998202273178,-3.79135707994039e-05,-0.25137495793545156,-0.5209245820912436,0.5971208446164042,0.0725336227430875,-0.13920211818863182,-0.28299286359857456,-0.07874052253866247,-5.289728482268588,-5.259222059401437,-1.2224081228864998,-0.006002040180826861,-0.0007088905379746742
4.65,0.005795496398314502,1.5468001565662468,-0.9997796666181017,-0.5383120967320563,0.0004676296504138794,4.479253502457682e-06,-0.012709261342226786,-0.15943580199511237,-0.14050923603480198,-0.03683896736344421,-0.0009503698911498789,-5.0247936936077586e-05,-0.2458575994226427,-0.4627147191188647,0.6881320121429338,0.088274255991313,-0.14369445509582945,-0.2821217405583558,-0.08739122331524248,-5.269168765680364,-5.224005870705152,-1.2133260702878694,-0.006995933298979904,-0.0007676479601845248
4.66,0.0056502940092608015,1.545176929513452,-1.0011337739746295,-0.5386698363811785,0.00045605473071330216,3.8553570889333004e-06,-0.014520238905369999,-0.16232270527946954,-0.13541073565278433,-0.03577396491221907,-0.0011574919700577206,-6.238964135243812e-05,-0.23948239019775222,-0.40462437423968745,0.7748005661635543,0.10323796264628116,-0.14762506448358526,-0.27994446098694614,-0.09573288460084452,-5.24573137156668,-5.186005233355411,-1.2035382456917258,-0.007968895495208605,-0.0008253951035599368
4.67,0.005487488625298199,1.5435304036798583,-1.0024307827745185,-0.5390153698363075,0.0004424415361644282,3.112496055705287e-06,-0.016280538396260216,-0.16465258335937638,-0.12970087998889923,-0.034553345512901255,-0.0013613194548873946,-7.428610332280134e-05,-0.23227999945005515,-0.34692976352776583,0.8566982944307123,0.11736384642690068,-0.15096747511840447,-0.27646936563075875,-0.10373910110789177,-5.219631509691825,-5.145455123699131,-1.1931072400238676,-0.008917574252361936,-0.0008818829343274421
4.68,0.005307647318635186,1.5418660549014487,-1.003664946418554,-0.5393472281538675,0.0004268303672046956,2.2536388326194764e-06,-0.017984130666301276,-0.16643487784094982,-0.12341636440356617,-0.03318583175600326,-0.0015611168959732606,-8.588572230858107e-05,-0.22428445374592818,-0.289908024893694,0.9334228475247003,0.1305967207254075,-0.15369768647780147,-0.2717109652694816,-0.11138504294218857,-5.191099050461696,-5.102603517573318,-1.1820988622182584,-0.009838706945042451,-0.0009368677488864211
4.69,0.005111394733973849,1.5401892376973563,-1.0048309128347042,-0.5396640364878169,0.00040926873739174636,1.2822576030236081e-06,-0.019625258466133756,-0.16768172040924678,-0.11659664161501174,-0.03168083339494724,-0.0017561629812949196,-9.713812295958684e-05,-0.21553282920286315,-0.23383539745386675,1.004599495543454,0.14288698612314032,-0.15579443151556827,-0.2656898953920026,-0.11864750448611804,-5.160376992168766,-5.0577100150787215,-1.1705817640029992,-0.010729130886591033,-0.000990112302229788
4.7,0.00489941016283791,1.538505158811369,-1.0059237499892932,-0.5399645204699902,0.00038981120309290116,2.0231364516294288e-07,-0.021198457113593937,-0.16840788859873185,-0.1092837154589045,-0.030048398217332278,-0.0019457534298845205,-0.00010799439578606653,-0.20606492108607258,-0.17898530183830513,1.0698827432136144,0.15419047088270244,-0.15723942945187408,-0.2584328405127829,-0.12550494003424592,-5.127719766334321,-5.0110444029246475,-1.1586270483903096,-0.011585792709946339,-0.001041386903721782
4.71,0.004672424437428812,1.5368188513868302,-1.0069389692321584,-0.5402475120753502,0.0003685191653391476,-9.81759675154657e-07,-0.022698572540909807,-0.16863074245388598,-0.10152192428651324,-0.028299160535999308,-0.002129203775375358,-0.00011840733203175999,-0.19592289695230958,-0.12562634400765146,1.1289578022648306,0.16446824387449732,-0.15801762323562984,-0.24997242803709485,-0.13193748710905004,-5.0933913982172765,-4.962885162993942,-1.1463078644202738,-0.012405757104539094,-0.0010904704746255173
4.72,0.004431216670796683,1.5351351499694383,-1.0078725463812794,-0.5405119549502745,0.00034546064510454884,-2.265076188051561e-06,-0.024120776663212874,-0.16837014173918693,-0.09335771491211133,-0.026444287492435214,-0.0023058520234598744,-0.00012833165128969042,-0.1851509399013276,-0.07402026711046271,1.1815419205856017,0.1736864094963435,-0.1581173963290402,-0.2403470917070193,-0.13792697858556183,-5.057663542151897,-4.913517936024725,-1.1336989907943908,-0.013186214941572811,-0.0011371515620862125
4.73,0.004176610870186114,1.5334586665334498,-1.0087209404613982,-0.5407569091838631,0.0003207100334134593,-3.642318392348252e-06,-0.025460580061056882,-0.16764834359886852,-0.08483940801187922,-0.02449542335885959,-0.0024750611691089523,-0.0001377242204296691,-0.17379488873197751,-0.0244198774446993,1.2273855681904595,0.18181589397346887,-0.1575307636440133,-0.22960090480146478,-0.1434569449140369,-5.020813413648443,-4.863233949478193,-1.1208764110957943,-0.013924490827971732,-0.0011812293046077234
4.74,0.0039094724499902245,1.531793767725283,-1.0094811100200867,-0.5409815555040632,0.0002943478177962313,-5.107761016843284e-06,-0.026713842019588978,-0.16648988081667299,-0.07601695586885127,-0.02246463202001124,-0.0026362215617227987,-0.00014654426244950313,-0.16190188182385631,0.022933028326235755,1.266273480347727,0.18883223207877498,-0.15625353181496104,-0.21778338342323036,-0.14851260784570652,-4.983121642094677,-4.812328418762337,-1.1079168833280892,-0.014618050134753681,-0.0012225143444045124
4.75,0.0036307046698427683,1.530144553514482,-1.010150526953615,-0.5411851988821791,0.0002664602867075801,-6.655296556047082e-06,-0.027876778014745647,-0.16492142108010882,-0.06694169335284127,-0.02036433781158412,-0.002788753108865124,-0.0001547535539203798,-0.14952001137208135,0.06780970692706915,1.2980255583611906,0.19471536276662116,-0.1542854245165487,-0.20494926038735672,-0.1530808671362672,-4.9448700693918735,-4.761098931012156,-1.0948975065141657,-0.01526450554852791,-0.0012608296823639637
4.76,0.0033412450220343297,1.5285148374353987,-1.0107271877838349,-0.5413672715310773,0.00023713921358961302,-8.278462653748709e-06,-0.02894596478084386,-0.1629716079083277,-0.057666083021972264,-0.01820726488982398,-0.0029321073117967067,-0.00016231660977016277,-0.13669799419590037,0.10999645526060015,1.3224976284822965,0.19944944144304877,-0.15163016920981554,-0.19115823042476732,-0.15715028172462425,-4.906339520915502,-4.7098438205925195,-1.081895287080705,-0.01586162319522533,-0.0012960114717117071
4.7700000000000005,0.003042061590705904,1.526908128593864,-1.0112096223361793,-0.5415273352841397,0.00020648152230372084,-9.970471196101967e-06,-0.029918343132842563,-0.16067088415347913,-0.048243455234444975,-0.01600637530623525,-0.003065769128589218,-0.00016920085423532583,-0.12348486473443104,0.14929651260661908,1.339582059248516,0.20302267571447086,-0.14829554250727928,-0.17647466763392017,-0.16071104686174575,-4.867807575785315,-4.658860545394371,-1.0689867077142352,-0.016407328383147075,-0.0013279097468322178
4.78,0.0027341494032140437,1.525327615601582,-1.011596899777842,-0.5416650833437688,0.00017458893567290213,-1.1724238965219735e-05,-0.030791218749186007,-0.15805129922819214,-0.0387277441662696,-0.013774805962915769,-0.00318925866308187,-0.00017537677691177668,-0.10992969505638879,0.18553185136766023,1.3492082372508902,0.20542719036339996,-0.1442933722571042,-0.16096731634908268,-0.16375496859891614,-4.829546363548394,-4.608444072843698,-1.0562473013117215,-0.01689971100815024,-0.0013563890840577624
4.79,0.0024185267917483503,1.5237761525871547,-1.0118886319842761,-0.5417803413900473,0.00014156760887028044,-1.3532419694671152e-05,-0.03156226114656933,-0.15514630144272962,-0.029173220643411657,-0.011525804627841542,-0.0033021326802621697,-0.00018081807294514172,-0.09608134577412301,0.2185448307041076,1.3513429009238334,0.20665892614101633,-0.13963949542600934,-0.14470895683722773,-0.16627543694005587,-4.791820414019146,-4.5588852843410805,-1.0437512325644058,-0.017337030657533416,-0.001381329191599146
4.8,0.002096231780793111,1.522256247416649,-1.0120849742114302,-0.5418730680420029,0.00010752774936291824,-1.5387437359877383e-05,-0.032229501095523895,-0.15199051705058197,-0.019634222715406352,-0.009272665195553328,-0.00340398595073622,-0.00018550176652062301,-0.08198825070074661,0.24819968902944586,1.3459903314826,0.20671757565948035,-0.13435367187844183,-0.1277760474878256,-0.16826739882402017,-4.754884586187686,-4.510469406603196,-1.0315708896097802,-0.01771772144126498,-0.001402625426152875
4.8100000000000005,0.0017683185134427432,1.520770052238676,-1.0121866230606498,-0.541943354665874,7.258322507550929e-05,-1.7281520529270396e-05,-0.032791326735036784,-0.14861951779730315,-0.010164884921952874,-0.007028662387112571,-0.0034944524287408942,-0.0001894083169393011,-0.067698236963062,0.27438385335659093,1.333192399624553,0.2056065583125246,-0.12845945516397195,-0.1102483454093008,-0.1697273319356363,-4.7189821008191695,-4.46347447809167,-1.0197764880652,-0.018040396569975664,-0.0014201892340814887
4.82,0.0014358537269884165,1.5193193564492662,-1.0121948117329898,-0.5419914245268118,3.685116237958873e-05,-1.9206737596268303e-05,-0.03324647864543267,-0.14506957894098535,-0.0008188672339894607,-0.004806986093791099,-0.003573206269592056,-0.00019252170669979072,-0.05325838112452075,0.29700904587042903,1.3130284661024234,0.20333303474832132,-0.12198402240499512,-0.09220850758579216,-0.17065322015500894,-4.684342699646644,-4.418169858394717,-1.0084356896200848,-0.01830385268901661,-0.0014339485154284647
4.83,0.0010999132856714217,1.517905582150656,-1.0121113025798465,-0.5420176312826273,4.5153544432468813e-07,-2.1155032707664258e-05,-0.033594044131699474,-0.14137742986102195,0.008350915314328213,-0.002620675581546051,-0.003639962693526404,-0.00019482951113959556,-0.03871490072592497,0.3160121708097019,1.2856151338053898,0.19990796000043431,-0.11495796628503982,-0.07374167497529582,-0.1710445312500633,-4.651180951943905,-4.37481478807787,-0.9976132372142973,-0.01850707396728233,-0.0014438479093980363
4.84,0.0007615787761228623,1.5165297821557344,-1.0119383769673727,-0.5420224568205037,-3.649325159130092e-05,-2.311826220093758e-05,-0.033833450954855945,-0.13757999949216546,0.0172925612473731,-0.0004825537876418126,-0.0036944787035625604,-0.00019632294932733202,-0.024113079559035022,0.33135596773541764,1.2511058485911963,0.19534617296203027,-0.10741505294386819,-0.054935042130445214,-0.1709021972042263,-4.619694726795013,-4.33365700614628,-0.987370608670653,-0.018649235928828386,-0.001449849000304549
4.8500000000000005,0.0004219341688466306,1.515192640566622,-1.01167882248311,-0.5420065084400681,-7.38587882441077e-05,-2.5088231361272772e-05,-0.03396446072762317,-0.13371415891122776,0.02595544842627512,0.0015948380435463821,-0.003736553665280678,-0.0001969969160335193,-0.00949722398929994,0.34302942049393437,1.2096903458168842,0.18966651854041228,-0.09939195026514669,-0.03587741509708885,-0.1702285973564338,-4.590063846604956,-4.2949314318669005,-0.9777656904822161,-0.018729709004989475,-0.0014519304433774582
4.86,8.206254721090825e-05,1.513894475931998,-1.0113359175246799,-0.5419705153888492,-0.00011151908580725797,-2.7056731308694466e-05,-0.03398716216357223,-0.12981646346239184,0.03429049584299364,0.003599305121888429,-0.0037660297563150264,-0.00019684999474216936,0.005089353226611974,0.3510479146056561,1.1615939393669816,0.18289199753531538,-0.09092793157126199,-0.01665876048258827,-0.16902754432084674,-4.562448934377683,-4.258858917287642,-0.9688524732825798,-0.018748061775099707,-0.0014500880101972922
4.87,-0.000256957096161567,1.5126352469636701,-1.0109134133222177,-0.5419153247589567,-0.00014934700873629303,-2.9015575826659486e-05,-0.03390196433724752,-0.12592289683280627,0.042250420246218376,0.005519062989254786,-0.0037827922929035062,-0.00019588445179650197,0.019604325896536417,0.35545313936982,1.1070766499936504,0.175049938091826,-0.08206456010837937,0.0026302513174955855,-0.16730427245498405,-4.536990464086541,-4.225645076365591,-0.9606807703522985,-0.018704063855385714,-0.0014443345539353254
4.88,-0.0005940529969395438,1.5114145607688483,-1.0104155134584833,-0.5418418967567978,-0.00018721470813715232,-3.0956637945644695e-05,-0.033709590077797676,-0.122068619482189,0.04978998637343566,0.0073428002158759925,-0.00378676994008593,-0.00019410621189852107,0.034006328925512114,0.35631273461980106,1.046432169981992,0.16617218154025437,-0.07284535990110784,0.021898705690367448,-0.16506542846298725,-4.513808020143866,-4.195479196180004,-0.9532959603393438,-0.0185976883884341,-0.0014346998949749065
4.89,-0.0009281636927569196,1.5102316835309642,-1.0098468509632292,-0.5417512993607869,-0.0002249940562486106,-3.287188609867293e-05,-0.03341106958173758,-0.11828772378841221,0.05686624952540467,0.009059739601088914,-0.0037779348111458286,-0.00019152481530282316,0.048254919573273165,0.35371968573195783,0.9799866615647518,0.15629527452275438,-0.06331547858446868,0.041055903121177406,-0.16231906356041767,-4.492999768610802,-4.168533235260272,-0.946738755198215,-0.018429114080081434,-0.0014212306279040364
4.9,-0.0012582410356866912,1.509085553549006,-1.0092124630713628,-0.5416447023852965,-0.0002625570808557188,-3.47534196702632e-05,-0.03300773429297716,-0.11461299819581924,0.06343878918663187,0.010659697549047433,-0.0037563024607108206,-0.00018815335715902684,0.06231053073177667,0.3477914741285119,0.9080973871325915,0.14546065859404278,-0.053521347682469134,0.06001181523192911,-0.1590746264923802,-4.474642139444791,-4.144960913605864,-0.9410449941831052,-0.018198726726809288,-0.0014039898512847914
4.91,-0.0015832531463017539,1.5079747965235533,-1.008517763747662,-0.5415233709725306,-0.0002997763986020454,-3.6593503765902176e-05,-0.032501211061506254,-0.11107570254527442,0.0694699323700766,0.012133141276592034,-0.0037219317746326587,-0.00018400840956389757,0.07613442147168366,0.33866899405765616,0.8311511701211045,0.13371484798408373,-0.04351034551416205,0.07867753459941168,-0.15534295659110492,-4.4587897158306715,-4.124896898516005,-0.9362454645671672,-0.017907120174871175,-0.0013830568220223956
4.92,-0.0019021873118752475,1.5068977429572918,-1.0077685140941808,-0.5413886585375357,-0.00033652564618633324,-3.838460303573329e-05,-0.03189341655734937,-0.10770535662614647,0.07492496534812644,0.013471243499480572,-0.0036749247584287824,-0.0001791099269831115,0.08968862987705524,0.3265152498253111,0.7495626865179632,0.12110958588418841,-0.03333046748456808,0.0969657155210969,-0.15113627598456936,-4.445475323548918,-4.108456089882368,-0.9323657496039037,-0.01755509665247652,-0.001358526536571471
4.93,-0.002214052830722225,1.5058524475190656,-1.0069707907699152,-0.5412419991951838,-0.0003726799084338292,-4.0119414393665256e-05,-0.031186551884697766,-0.1045295438226253,0.07977233242655862,0.01466593423518848,-0.0036154262247495954,-0.00017348113579319623,0.10293593279159875,0.3115138508291772,0.6637725881836932,0.10770196958025346,-0.023030007981122924,0.11479100304664858,-0.14646818002548406,-4.434710310464975,-4.095733008129404,-0.9294261040992807,-0.017143666418386532,-0.0013305092416242728
4.94,-0.0025178838038564526,1.5048367102037399,-1.0061309525656619,-0.5410848997016238,-0.00040811614222485904,-4.179089848142826e-05,-0.030383097313422758,-0.10157373153256476,0.0839838204253438,0.015709949355999453,-0.0035436233791029848,-0.00016714840877630002,0.11583981656071236,0.2938673246508716,0.5742454606255684,0.09355453491562393,-0.012657257473747685,0.1320704477686901,-0.14135362500009596,-4.426485003634785,-4.086801287514785,-0.9274413578252008,-0.016674046674152242,-0.0012991298773207711
4.95,-0.002812741874078582,1.5038480991055443,-1.0052556052901507,-0.5409189309463676,-0.0004427135952446096,-4.3392309736166335e-05,-0.029485807022212963,-0.09886110981954965,0.08753472755112772,0.016596875525618157,-0.003459745301975055,-0.00016014112547380765,0.12836446219861727,0.2737952710383336,0.4814676194692943,0.07873529097842358,-0.002260217732935721,0.14872390406668445,-0.13580891219781407,-4.420769329265121,-4.081713277027532,-0.9264208468770918,-0.016147659692790087,-0.0012645274563971064
4.96,-0.0030977189113775344,1.5028839746103273,-1.004351565136329,-0.5407457190348028,-0.00047635421849041956,-4.491722492985981e-05,-0.028497703729895223,-0.09641244952170434,0.0904040153821646,0.017321191156469348,-0.0033640623245810002,-0.0001524915193693477,0.14047474766912027,0.25153238180625254,0.38594475160386177,0.06331769657979014,0.008113662634528618,0.1646744097132621,-0.1298516674737349,-4.417513578885849,-4.080499750644539,-0.9263683729607541,-0.0155661301237449,-0.001226854383041914
4.97,-0.0033719396421716267,1.5019415148024478,-1.0034258207089468,-0.5405669360044677,-0.0005089230714384065,-4.635957005913304e-05,-0.02742207307940922,-0.09424598078794563,0.09257444273821726,0.017878303033513898,-0.0032568852947986895,-0.00014423451292732293,0.1521362691744987,0.2273263534489765,0.2881994088100896,0.047380570957285206,0.018417730851943315,0.1798485449787957,-0.12350081551381227,-4.416649303619592,-4.083169728228064,-0.9272821904862981,-0.014931281442273856,-0.001186275715553043
4.98,-0.003634564218496741,1.5010177418749644,-1.0024854939061867,-0.540384290221827,-0.0005403087187324656,-4.771364547472956e-05,-0.026262457632511442,-0.09237729274833946,0.09403268027601858,0.018264578264073416,-0.003138564729405902,-0.00013540754155965228,0.1633153825317899,0.20143572055772252,0.18876836357123905,0.031007932252862913,0.028606350056034846,0.1941767696017284,-0.11677654811303394,-4.418090317395176,-4.089710407868156,-0.929155021249479,-0.014245131520613451,-0.0011429683771749363
4.99,-0.0038847907218215474,1.5001095493274175,-1.001537799858832,-0.5401995165095077,-0.0005704036172182036,-4.8974149151039646e-05,-0.02502265033248064,-0.09081925475468265,0.09476940473546477,0.018477371231933784,-0.003009489848573801,-0.00012605036763100843,0.17397926491029425,0.17412763892653113,0.08819983866766945,0.014288758612584607,0.03863509666237641,0.20759373622080504,-0.10970028589621357,-4.421733789359082,-4.100087209995924,-0.9319740963925266,-0.013509887308150401,-0.0010971203197445826
