time,q1,q2,q3,q4,q5,q6,dq1,dq2,dq3,dq4,dq5,dq6,ddq1,ddq2,ddq3,ddq4,ddq5,ddq6,tau1,tau2,tau3,tau4,tau5,tau6
0.0,0.0,1.5,-1.0,-0.54,0.0,0.0,0.0,0.0,0.0,0.0,0.0,0.0,0.0,0.0,0.0,0.0,0.0,0.0,0.2539114006229491,-5.336090340470123,-5.081790136050202,-1.1868204505281397,0.0210184409999651,-1.5673696431698725e-05
0.01,2.1378739655206968e-06,1.5000019885542075,-0.9999977782729965,-0.5399995241157052,2.2813941148851406e-07,1.1766682668713955e-08,0.00021378739655206967,0.00019885542076184155,0.0002221727003471238,4.7588429490637505e-05,2.2813941148851404e-05,1.1766682668713955e-06,0.029850975340789045,0.020999379453864094,0.03262607974406417,-0.008609147560947439,0.008647293369790449,0.02363007065031304,0.0035998636029867027,-4.012641187463523,-4.594866178277111,-1.0312910947266298,0.0003838950266275844,-0.0004812463914372118
0.02,-9.492196620050161e-05,1.4999587875108866,-1.0000259143743149,-0.5400066139609573,-9.337066902288363e-06,-5.092318556203927e-07,-0.00970598401660223,-0.004320104332079467,-0.0028136101318459697,-0.0007089845252136152,-0.0009565206313776879,-5.209985382891067e-05,-1.4110443460810953,-0.49676686089696026,-0.40683232186771445,0.03765147960755888,-0.12843662016168356,-1.101441019260002,-0.16584612826830689,-4.239289401935752,-4.706984521555511,-1.0639647696890986,-0.016345652221746658,-0.0009174356502463991
0.03,-0.00036135600733378144,1.499827806714949,-1.0001105941525235,-0.540028635600169,-3.5625326358809266e-05,-1.6549786305530784e-06,-0.026643404113327985,-0.0130980795937558,-0.008467977820854023,-0.0022021639211677224,-0.00262882594565209,-0.00011457467749326858,-2.409479588293205,-0.9643939639663042,-0.7295699326539788,-0.042623073700087666,-0.22798260619173405,-1.0977174081679668,-0.3335035906093155,-4.463849431005713,-4.818299907753974,-1.0963810679088204,-0.03290105750111479,-0.0013495965673311551
0.04,-0.0008444230480953722,1.4995712242771921,-1.0002730387262802,-0.5400717129829169,-8.331085162834694e-05,-3.4827969654401855e-06,-0.04830670407615907,-0.02565824377568454,-0.016244457375673572,-0.004307738274785863,-0.004768552526953768,-0.0001827818334887107,-3.0819098100835163,-1.3820346408888888,-0.985384260173729,-0.11597439640157248,-0.29677290139848544,-1.0803715419344764,-0.49758003367114034,-4.684366141227468,-4.9280031051087425,-1.12828776694748,-0.049111667757697146,-0.0017738607401148474
0.05,-0.0015742874884626858,1.4991560476501968,-1.0005303865581028,-0.5401408757646879,-0.00015539269856793355,-6.024602240464885e-06,-0.07298644403673138,-0.0415176626995353,-0.02573478318225633,-0.0069162781771011615,-0.0072081846939586625,-0.00025418052750246994,-3.511174296597602,-1.748065594121106,-1.1887252322243425,-0.17672254004439836,-0.3443570843233328,-1.0539934140273557,-0.6563120760301463,-4.8990357143085514,-5.035306779637298,-1.159444427952049,-0.0648125751988582,-0.0021865543182612713
0.06,-0.002568140947006096,1.4985540798337529,-1.0008963180795531,-0.5402402020126833,-0.0002536061264936726,-9.292512710530067e-06,-0.09938534585434099,-0.06019678164438885,-0.0365931521450332,-0.009932624799530295,-0.009821342792573903,-0.00032679104700651814,-3.7558853672691046,-2.062076494833891,-1.348566581803281,-0.2263244304435883,-0.3777284678598001,-1.0191586128859997,-0.8079943877297662,-5.106169116031944,-5.139454251632497,-1.1896222520712147,-0.07984628977796161,-0.0025841840005885993
0.07,-0.0038331339166881176,1.497741821286561,-1.0013815122222904,-0.540372926955253,-0.00037871530128076955,-1.328289407652837e-05,-0.12649929696820214,-0.0812258547191979,-0.04851941427372495,-0.013272494256960725,-0.012510917478709693,-0.0003990381365998303,-3.857692716885091,-2.3246206402256044,-1.4713047683460554,-0.2661866025820938,-0.40200882266413984,-0.9764378024465459,-0.95100560398333,-5.304175744292951,-5.239725183008806,-1.2186043510346336,-0.09406419222488296,-0.0029634342137939192
0.08,-0.005368480729925268,1.4967003291351906,-1.001993989039961,-0.5405415267640414,-0.000530722826735934,-1.7979299520407146e-05,-0.15353468132371503,-0.10414921513704933,-0.06124768176704481,-0.01685998087885186,-0.015200752545516451,-0.00046964054438787767,-3.846457287777021,-2.5369050424203214,-1.5616550195572807,-0.2973816026326084,-0.4208559942181793,-0.926398005454208,-1.0838320324580497,-5.491556396118365,-5.335439539812021,-1.2461861649481158,-0.10732785200061987,-0.003321170668759397
0.09,-0.007166994866096187,1.4954150483434328,-1.0027393749068563,-0.5407477852661923,-0.0007090213342987575,-2.3354634407018753e-05,-0.17985141361709195,-0.12852807917578063,-0.07453858668953997,-0.020625850215087543,-0.017829850756282347,-0.0005375334886611608,-3.7439130780600283,-2.700571626014544,-1.6231945882577532,-0.3207407159313451,-0.4367780321698831,-0.8695986313770141,-1.2050893890411145,-5.666900640484769,-5.425960446202971,-1.2721758997293533,-0.1195102479534436,-0.0036544477426374684
0.1,-0.00921623578320584,1.4938756247492835,-1.0036211151041687,-0.5409928490700123,-0.0009125050229796517,-2.9372780999279564e-05,-0.20492409171096526,-0.15394235941492362,-0.08817401973124465,-0.024506380382008756,-0.020348368868089422,-0.000601814659226081,-3.5662488883321806,-2.8175485322770975,-1.6587283648392135,-0.33693447020964484,-0.4513780302508792,-0.8065916880180009,-1.3135424197162378,-5.828886483778298,-5.510696238395015,-1.296394931864281,-0.13049689777224255,-0.003960518337744776
0.11,-0.011499394359286347,1.4920757066425558,-1.0046406506741365,-0.5412772748385172,-0.0011396537977414268,-3.598985095004527e-05,-0.22831585760805073,-0.17999181067276512,-0.1019535569967766,-0.028442576850485887,-0.022714877476177512,-0.0006617069950765707,-3.3259201764327955,-2.8899495554282093,-1.6705373493140083,-0.3465280862534943,-0.4655458310096616,-0.737923672071648,-1.408122071918834,-5.976281478346835,-5.589101902675443,-1.3186781668885457,-0.14018688405899218,-0.004236845470498004
0.12,-0.013996005455735885,1.490012739355246,-1.0057975710227258,-0.5416010712470001,-0.0013885989145118747,-4.315518501208883e-05,-0.24966110964495392,-0.20629672873097504,-0.1156920348589233,-0.03237964084828956,-0.024894511677044786,-0.0007165334062043562,-3.032912491903483,-2.920006332242199,-1.6605475912134535,-0.3500187652516171,-0.47960993242513617,-0.6641379066149171,-1.487939815386162,-6.107944951750186,-5.660680034881935,-1.3388743567593413,-0.14849375617227806,-0.004481115130952898
0.13,-0.01668254859099095,1.4876877558350967,-1.0070897500754796,-0.5419637373440228,-0.0016571763747438872,-5.0812184996375045e-05,-0.26865431352550645,-0.23249835201493993,-0.12921790527538382,-0.036266609702278754,-0.02685774602320124,-0.0007656999984286216,-2.6956141219376732,-2.9100228409984643,-1.630445005015737,-0.3478604774350096,-0.4934602860979318,-0.5857767984465054,-1.5522987336946723,-6.22283121927329,-5.724981441617356,-1.3568463891797538,-0.15534628446580237,-0.00469125007242082
0.14,-0.019532978045308375,1.4851051651443195,-1.0085134712894466,-0.5423642984790207,-0.0019429724123225937,-5.8899038545955815e-05,-0.28504294543174263,-0.25825906907772733,-0.1423721213966908,-0.04005611349978564,-0.028579603757870654,-0.000808685354958077,-2.3214099133219452,-2.8623451367546995,-1.5817533556392787,-0.3404801816413716,-0.5066502597167464,-0.5033838545544311,-1.600701079380315,-6.31999367694396,-5.781605494727332,-1.372471563825851,-0.16068904466971923,-0.004865424219438428
0.15,-0.02251920963708225,1.4822725401180916,-1.0100635451221627,-0.542801340581193,-0.002243364058519607,-6.734937988180151e-05,-0.29862315917738763,-0.28326250262278596,-0.15500738327161626,-0.04370421021723778,-0.03003916461970134,-0.0008450341335845691,-1.9170757386204098,-2.7793415268616393,-1.5158871888844219,-0.3282881723552933,-0.518483947007276,-0.4175054760607999,-1.632852085109536,-6.398589648537699,-5.830200341085776,-1.385641868882674,-0.16448281336225626,-0.0050020773650373525
0.16,-0.025611581312991835,1.4792004049293321,-1.011733421401142,-0.5432730433169719,-0.0025555567980993584,-7.609291722095085e-05,-0.30923716759095843,-0.3072135188759516,-0.16698762789792532,-0.04717027357789183,-0.031219273957975118,-0.0008743537339149338,-1.4890300615081078,-2.66338992194988,-1.4341877196934325,-0.31168440918060547,-0.5280932661041753,-0.32869262439772107,-1.648659936440778,-6.457885820685199,-5.870463056222452,-1.3962642677269785,-0.16670475984451347,-0.0050999297909221095
0.17,-0.028779297447691463,1.4759020229694406,-1.0135152982500455,-0.5437772124784986,-0.0028766206290753915,-8.505604856123455e-05,-0.31677161346996285,-0.3298381959891522,-0.1781876848903583,-0.05041691615266842,-0.032106383097603296,-0.0008963131340283698,-1.0434828337921518,-2.516870123757821,-1.3379471266898144,-0.2910621099589097,-0.5345078658241018,-0.23750247456156637,-1.648231929257252,-6.497264064297708,-5.902139812218679,-1.4042610008463698,-0.1673484247713976,-0.005157996403137397
0.18,-0.0319908615604925,1.4723931852239789,-1.0154002286918111,-0.544311311836798,-0.0032035253305730937,-9.416248089864129e-05,-0.32115641128010425,-0.35088377454616293,-0.1884930441765642,-0.053409935829935994,-0.032690470149770216,-0.0009106432337406732,-0.5865105761547192,-2.342159496605698,-1.2284249531384757,-0.2668094962669372,-0.5367197129744925,-0.14450015872196953,-1.6318669510187578,-6.516227415776165,-5.925026108397006,-1.409569902750208,-0.1664234813426544,-0.005175599941596004
0.19,-0.03521449847232971,1.4686919991677596,-1.017378225683373,-0.5448724946126433,-0.003533175372082891,-0.00010333386293698703,-0.32236369118372044,-0.3701186056219278,-0.19779969915619136,-0.05611827758452281,-0.03296500415097971,-0.0009171382038345739,-0.12407855282711575,-2.1416309261626454,-1.1068591221962154,-0.2393103104247274,-0.5337433148348755,-0.0502606728023377,-1.6000445352214991,-6.514405980128811,-5.9389670891470745,-1.4121447281995592,-0.16395528055458686,-0.005152382801131765
0.2,-0.03841856436038156,1.464818678105634,-1.019438366085777,-0.5454576346630612,-0.003862444624351393,-0.00011249043743816462,-0.32040658880518563,-0.3873321062125632,-0.2060140402404204,-0.058514005041784924,-0.032926925226850236,-0.0009156574501177593,0.33797455960851797,-1.9176522735890342,-0.9744732610725743,-0.20894353680524702,-0.524671798773333,0.04462902484783801,-1.553410839236153,-6.491562519836614,-5.943857948607578,-1.4119554770068907,-0.15998418781091342,-0.0050883169984454035
0.21,-0.04157194145182106,1.4607953308302115,-1.0215688938996277,-0.5460633574435441,-0.004188210830622958,-0.0001215517161849585,-0.3153377091439501,-0.4023347275422636,-0.2130527813850657,-0.06057227804828894,-0.0325766206271565,-0.0009061278746793882,0.7939779094466238,-1.6725867367705194,-0.832481473947979,-0.17608263066122287,-0.5087284963144754,0.13956774655681076,-1.4927619836878847,-6.447597506423624,-5.939644398785347,-1.4089887023335725,-0.15456472392752868,-0.004983711835137155
0.22,-0.044644413045316356,1.4566457514468198,-1.0237573229730381,-0.5466860707794793,-0.004507389648872823,-0.00013043717784897587,-0.3072471593495298,-0.414957938339163,-0.2188429073410484,-0.062271333593517254,-0.031917881824986526,-0.000888546166401737,1.2384866232323788,-1.4087936680039546,-0.6820913252080862,-0.1410944668514862,-0.4853132442639767,0.2339377241171119,-1.4190252636373144,-6.382553433873722,-5.926323157827859,-1.4032477841824078,-0.14776452904698212,-0.004839218841874884
0.23,-0.04760701402699452,1.4523952092229733,-1.025990539299985,-0.5473219954610876,-0.00481696796909046,-0.00013906698672457127,-0.2962600981678163,-0.4250542223846582,-0.22332163269469044,-0.06359246816082846,-0.030957832021763686,-0.0008629808875595408,1.6663496804220856,-1.1286294925088902,-0.5245055369383416,-0.10433815663230384,-0.45404231325697353,0.3271023215266855,-1.3332387952392082,-6.296618221588496,-5.9039424000477885,-1.3947531478869002,-0.13966317298475522,-0.004655833641041635
0.24,-0.050432351960404694,1.4480702383498387,-1.0282549029592112,-0.5479671956615678,-0.005114036136813767,-0.00014736272822201655,-0.282533793341017,-0.43249708731344794,-0.22643636592260372,-0.0645200200480147,-0.02970681677233065,-0.0008295741497445285,2.072781568070624,-0.8344484400729386,-0.36092272967701433,-0.06616383497744316,-0.4147807041023146,0.41840402498608986,-1.2365301940703297,-6.1901275666683455,-5.872602099935225,-1.3835424069612143,-0.13035083983147608,-0.004434894432166394
0.25,-0.05309489410343937,1.4436984275530764,-1.0305363496895323,-0.5486176091663357,-0.005395818670051894,-0.00015524815517354537,-0.26625421430346785,-0.43718107967622694,-0.22814467303210662,-0.06504135047679213,-0.02817825332381272,-0.000788542695152882,2.4534326871567647,-0.5286028532589246,-0.1925374172993028,-0.02691148807888588,-0.3676655179591659,0.5071629842873042,-1.130094891509577,-6.063566138154831,-5.832454199227183,-1.3696704106814424,-0.11992691801500445,-0.004178076882424957
0.26,-0.0555712162773018,1.439308209556889,-1.032820492051216,-0.5492690773910219,-0.005659703038331873,-0.0001626499373921453,-0.24763221738624244,-0.4390217996187483,-0.22841423616836248,-0.0651468224686226,-0.026388436827997873,-0.0007401782218599918,2.804454201829961,-0.21344287656540528,-0.020539387948093284,0.01309013288869032,-0.3131192107851284,0.5926764303834791,-1.0151746830293185,-5.917567537009107,-5.783702528974531,-1.353209179070997,-0.10849852929947,-0.0038873852893434174
0.27,-0.057840210326957055,1.4349286504853684,-1.0350927200815365,-0.5499173751564747,-0.005903266077720577,-0.00016949840555564803,-0.2268994049655257,-0.4379559071520616,-0.22722280303204156,-0.06482977654527661,-0.024356303938870436,-0.0006848468163502726,3.1225536566064798,0.1086846340142618,0.15388744886984984,0.053524482618306446,-0.2518517845333257,0.6742193276751118,-0.8930370677919504,-5.75291297301716,-5.726602426725547,-1.334247711294878,-0.09617903123398067,-0.003565139970219088
0.28,-0.05988324791359141,1.4305892393765955,-1.0373383013135182,-0.550558240179952,-0.006124297642542035,-0.00017572827940147867,-0.20430375866343584,-0.43394111087729875,-0.224558123198167,-0.06408650234773774,-0.02210315648214577,-0.0006229873845830635,3.405038309439913,0.43543810983331205,0.32956670178038794,0.09408806006825987,-0.18485133835737422,0.7510466294794247,-0.7649558845167043,-5.570528632169479,-5.661460001237485,-1.3128916574800433,-0.08308652729896879,-0.0032139609185476746
0.29,-0.061684299510564575,1.4263196780847849,-1.0395424799890272,-0.5511874022327384,-0.006320821141266933,-0.00018127936944871688,-0.1801051596973163,-0.4269561291810718,-0.2204178675508981,-0.06291620527864557,-0.01965234987248976,-0.0005551090047238203,3.649843788528651,0.7644842756375282,0.505331595988402,0.13449110579171863,-0.11336288351978041,0.8223974851285956,-0.632193677275462,-5.37148172480473,-5.588631012027242,-1.2892628482839776,-0.06934241744554372,-0.0028367478482500884
0.3,-0.06323000867625242,1.4221496719514393,-1.0416905752601893,-0.5518006119055113,-0.006491110668397191,-0.000186097241049368,-0.15457091656878486,-0.417000613334554,-0.2148095271161999,-0.06132096727728868,-0.017028952713025847,-0.00048178716006511244,3.8555464015170675,1.093502232566401,0.6800275132795441,0.17445815529887643,-0.038855885078818986,0.8875016926325805,-0.49598614068319413,-5.156975216197764,-5.50851934695379,-1.2634986807531314,-0.05507001896991749,-0.002436656818793108
0.31,-0.0645097228898102,1.4181087217353272,-1.0437680781365022,-0.5523936689139435,-0.006633704523158834,-0.0001901338295359897,-0.12797142135577805,-0.40409502161119615,-0.20775028763130107,-0.059305700843211386,-0.01425938547616421,-0.00040365884866216966,4.021358209609024,1.4201886593796247,0.8525149598322573,0.21372844927611023,0.037018409934560736,0.945588600041344,-0.3575289014593428,-4.928341248332995,-5.421575096339179,-1.235751362825331,-0.040393283864148734,-0.0020170736963377543
0.32,-0.06551548339955302,1.4142259174004905,-1.0457607468991958,-0.5529624498683653,-0.006747414995777697,-0.00019334799558945483,-0.10057605097428177,-0.3882804334836573,-0.1992668762693608,-0.05687809544218288,-0.011371047261886251,-0.00032141660534651433,4.147104809228043,1.7422641451999308,1.0216729471209463,0.2520562038035852,0.11247821452171536,0.9958985330848575,-0.2179667973788439,-4.68703326595417,-5.3282922355843745,-1.2061870220056308,-0.025435634140128425,-0.0015815847567033344
0.33,-0.06624197759184462,1.4105297344688308,-1.047654700669819,-0.5535029354229772,-0.006831334398685663,-0.00019570601069169636,-0.07264941922916138,-0.36961829316598227,-0.1893953770623098,-0.05404855546119533,-0.00839194029079662,-0.00023580151022415332,4.233186607747798,2.0574806396823107,1.1864027670749508,0.289210745082892,0.1856688544270142,1.0376966719543805,-0.07838571989028921,-4.434616863600743,-5.229205938904704,-1.174984686165459,-0.010318931371311972,-0.0011339447749670064
0.34,-0.06668645829078429,1.4070478337465808,-1.0494365107873087,-0.5540112367122736,-0.006884837418304421,-0.00019718196362675952,-0.04444806989396717,-0.348190072224996,-0.1781810117489754,-0.0508301289296383,-0.005350301961875777,-0.00014759529350631624,4.28052519376445,2.3636299799390526,1.3456321364993886,0.32497651411705064,0.25472427607565606,1.0702891256238383,0.060193002657696885,-4.172759375283464,-5.124889554230084,-1.142335146077186,0.004837408917940172,-0.0006780429744521546
0.35000000000000003,-0.06684863510441644,1.4038068653297362,-1.0510932896175853,-0.5544836209751981,-0.006907579957925936,-0.00019775808040267405,-0.016217681363215004,-0.3240968416844689,-0.16567788302766137,-0.04723842629245283,-0.002274253962151471,-5.7611677591452e-05,4.290497136922278,2.658553428019824,1.4983196784530617,0.3591529476160389,0.3178296225871051,1.0930407708228422,0.1968157847661241,-3.903218236553146,-5.015951273469362,-1.1084397102969987,0.019917153125304142,-0.0002178672257921776
0.36,-0.06673054341217254,1.4008322778800104,-1.052612776392741,-0.5549165362612695,-0.0068994947285628,-0.00019742495162269677,0.01180916922439039,-0.2974587449725874,-0.15194867751558602,-0.043291528607139404,0.0008085229363135622,3.331287799772697e-05,4.2648581584358105,2.940152128539457,1.6434597005050218,0.3915542425013019,0.37328205246779333,1.105394249735836,0.3305976993762124,-3.6278281613379173,-4.903030533596223,-1.0735088635165635,0.03480783646712834,0.00024253310384964824
0.37,-0.06633639682472159,1.3981481342380069,-1.053983419653853,-0.5553066351076524,-0.006860783917813427,-0.00019618166316075447,0.03941465874509499,-0.26841436420036396,-0.13706432611118158,-0.039009884638292705,0.003871081074937308,0.00012432884619422926,4.205661048947441,3.2063983734371817,1.7800872221105386,0.4220090129551455,0.41954713964867807,1.1068893716110617,0.46072135882060544,-3.348487193768402,-4.786794183028156,-1.0377608397220495,0.04940120704276847,0.0006990852488497971
0.38,-0.06567242893940647,1.3957769345021471,-1.0551944558530042,-0.5556507970720376,-0.006791909322897689,-0.00019403582790891887,0.06639678853151176,-0.23711997358596557,-0.12110361991512483,-0.034416196438509274,0.006887459491573815,0.00021458352518356083,4.115170945378128,3.455347540099799,1.907283196166306,0.45035985124100186,0.45530854578072777,1.0971820534203696,0.5864340343252806,-3.0671417182346623,-4.667932445342642,-1.0014201216293281,0.06359353817835589,0.0011477316907681527
0.39,-0.06474672997369849,1.3937394477487919,-1.0562359836568593,-0.5559461500033426,-0.006693580370282622,-0.00019100351828062656,0.09256989657079934,-0.20374867533551605,-0.10415278038550647,-0.02953529313049856,0.009832895261506791,0.0003032309628292314,3.995781599628148,3.6851505504359836,2.0241798634477597,0.4764628064282128,0.47950915955207485,1.0760618753174525,0.7070433184753836,-2.785770538351352,-4.547154709327744,-0.9647158780738083,0.07728582459951747,0.0015844689585228881
0.4,-0.06356908340944165,1.392054553599481,-1.0570990334865928,-0.5561900899307365,-0.006566740459265761,-0.0001871091009944523,0.11776465642568353,-0.16848941493107578,-0.08630498297335201,-0.02439399273938679,0.012683991101686094,0.0003894417286174258,3.8499360844453543,3.894066682165208,2.129966173269976,0.5001867987185911,0.491382498199167,1.0434673253865148,0.8219116550673036,-2.5063681659571047,-4.425185171425843,-0.9278803514324745,0.09038388179787801,0.002005386199269717
0.41000000000000003,-0.062150807155539334,1.3907390948541185,-1.0577756318275653,-0.5563802994513781,-0.006412552060472037,-0.0001823849773637751,0.1418276253902312,-0.1315458745362501,-0.06765983409723805,-0.019020952064169046,0.01541883987937235,0.0004724123630677214,3.6800550084184267,4.080476549780411,2.2238931994665254,0.5214129909999414,0.4904737969812487,0.9994978672045542,0.9304500712479234,-2.230927492907287,-4.302758354354178,-0.8911472077865257,0.10279837106905156,0.002406703146828103
0.42,-0.0605046029761447,1.3898077424032858,-1.0582588598471643,-0.5565147644985884,-0.006232380973815961,-0.0001768712338279123,0.16462041793946358,-0.0931352450832803,-0.0483228019598995,-0.013446504721025775,0.018017108665607604,0.0005513743535862797,3.4884747905702724,4.242895061522438,2.3052794776681163,0.5400341432672846,0.4766508048079938,0.9444220798728851,1.0321114496615171,-1.9614220491762817,-4.1806145244154145,-0.8547498633714223,0.11444477503380046,0.002784807125712784
0.43,-0.05864441707852684,1.389272873608028,-1.0585429058709175,-0.5565917893749605,-0.006027780106724531,-0.00017061520874878688,0.18601858976178584,-0.05348687952577124,-0.028404602375310912,-0.007702487637211219,0.02046008670914304,0.0006256025079125409,3.2773979228844374,4.379984150403438,2.373516187861538,0.5559539792666008,0.4501047980126369,0.87868128535152,1.1263836752894578,-1.6997880785958213,-4.059495029871015,-0.8189198018278405,0.12524334993044728,0.0031362887398402907
0.44,-0.05658531385275337,1.3891444652910185,-1.0586231112854358,-0.556610009939174,-0.005800473075979369,-0.00016367098255088387,0.2059103225773472,-0.01284083170094684,-0.008020541451836526,-0.0018220564213535916,0.022730703074516242,0.0006944226197903012,3.0488564773898594,4.490565071951058,2.4280721052706187,0.5690865976729143,0.4113426759571883,0.8028882804568434,1.212782984289241,-1.4479066865287757,-3.9401375836766723,-0.7838848977455191,0.1351190815039164,0.003457975905181271
0.45,-0.05434336384457629,1.3894300024188546,-1.058496009461998,-0.5565684048410097,-0.005552337869803322,-0.0001560987991046397,0.22419500081770832,0.028553712783606015,0.012710182343781736,0.004160509816433577,0.024813520617604654,0.0007572183446244186,2.8046894416908836,4.573630058999347,2.468498242666051,0.5793559619100677,0.36117119151444044,0.7178210169349972,1.2908478314542475,-1.2075863303430359,-3.8232715156680586,-0.7498677628489728,0.14400167083523477,0.0037469658945749524
0.46,-0.0519355461591087,1.390134403471556,-1.0581593573265529,-0.556466304706273,-0.0052853907355245935,-0.00014796442686114243,0.24078176854675887,0.07044010527013325,0.03366521354449969,0.010210013473669784,0.026694713427872867,0.0008134372243497258,2.546533833800084,4.628353124600656,2.4944321082295318,0.5866955029657959,0.3006744022030592,0.6244113081016192,1.360133579362143,-0.9805459325453314,-3.709613021646577,-0.7170841317790433,0.15182557488666082,0.00400065507037615
0.47000000000000003,-0.04937966466580552,1.3912599633925815,-1.0576121592404633,-0.5563033991820169,-0.005001770387026726,-0.00013933846866450374,0.2555881493303176,0.11255599210254984,0.05471980860896843,0.01629055242561318,0.02836203484978678,0.000862595819663869,2.2758289833047383,4.65409980802878,2.505601505048116,0.5910478679373092,0.23118533386759843,0.5237288709457197,1.4202082956380357,-0.7683988971348623,-3.5998604394252216,-0.6857413046658061,0.15853012383791937,0.00421676598661555
0.48,-0.04669427662843866,1.3928063148916299,-1.0568546829011864,-0.5560797417626027,-0.004703722559615289,-0.00013029562942698343,0.2685388037366856,0.1546351499048316,0.0757476339276733,0.022365741941424676,0.029804782741143697,0.0009042839237520322,1.9938328882715735,4.650435665933773,2.501827801185175,0.5923648434101771,0.15425267694671874,0.41696122601771446,1.4706499241660242,-0.5726383018419807,-3.4946895844433916,-0.656036663485255,0.16405973345296365,0.004393371547337839
0.49,-0.04389863173482851,1.3947704087342159,-1.0558884670229947,-0.5557957523287442,-0.004393584881655023,-0.00012091395098009365,0.27956448936101513,0.1964093842586012,0.09662158781917804,0.028398943385843138,0.03101376779602653,0.0009381678446889788,1.7016491713060267,4.617133321030639,2.4830286030844153,0.5906074770496623,0.07160314416325164,0.30539016361365734,1.5110450701272313,-0.3946235225088257,-3.3947491797800673,-0.6281562784996938,0.16836422579064275,0.004528915912599939
0.5,-0.041012618962664504,1.3971465134979024,-1.0547163206143584,-0.5554522173447233,-0.0040737719852746036,-0.00011127402343785374,0.28860127721640033,0.23761047636865806,0.11721464086363176,0.03435349840209355,0.03198128963804192,0.0009639927542239909,1.4002628604035712,4.554177894280572,2.4492197698274123,0.5857464131313286,-0.014900033918030964,0.190365635303948,1.5409896056348176,-0.23556852135222917,-3.3006564170869086,-0.6022736198935461,0.1713992656649554,0.00462223184960771
0.51,-0.03805671829846846,1.3999262351068085,-1.0533423137303015,-0.5550502876734122,-0.003746760744562998,-0.00010145818234532533,0.2955900664196046,0.2779721608906156,0.13740068840568154,0.04019296713110566,0.03270112407116056,0.0009815841092528422,1.0905830020497247,4.461770663368321,2.4005167115264006,0.5777624483361627,-0.10330206493946292,0.07327803808343103,1.5600912605572081,-0.09653199889374697,-3.212992686000507,-0.5785483880623137,0.1731269135470963,0.0046725542354615485
0.52,-0.03505195403238758,1.4030985562756089,-1.051771759644297,-0.5545914739845488,-0.003415075509956529,-9.154970074855623e-05,0.30047642660808793,0.31723211688003483,0.15705540860043854,0.04588136888634702,0.03316852346064693,0.000990848159676909,0.7734899654912886,4.3403308103698155,2.337134921886348,0.5666473035080699,-0.1916045426366355,-0.044470080741189744,1.5679743101275816,0.021590429165407876,-3.1322995099273383,-0.5571254739554085,0.17351628832576785,0.004679529432179996
0.53,-0.03201984618577169,1.40664989580398,-1.0500111884544636,-0.5540776397487995,-0.003081273201941381,-8.163198511617146e-05,0.30321078466158957,0.355133952837101,0.17605711898334706,0.05138342357492505,0.03338023080151477,0.0009917715632384763,0.4498852100611729,4.190495144790293,2.259389702747426,0.5524045956109909,-0.2778157575170126,-0.16149185984884173,1.5642864059096298,0.11807191283750385,-3.0590747257474478,-0.5381340585035186,0.17254432580968618,0.004643220276533984
0.54,-0.028982356593559983,1.4105641874649104,-1.048068312212191,-0.5535109918284298,-0.002747928134912119,-7.178778376742441e-05,0.3037489592211703,0.39142916609305806,0.19428762422727158,0.05666479203697505,0.03333450670292621,0.0009844201348747053,0.12074125747529157,4.013115714518947,2.167695047189115,0.5350509825499401,-0.36000247203672525,-0.2764425057031241,1.5487075192761222,0.1923578374656736,-2.9937689440366384,-0.5216868575891394,0.17019661142269352,0.0045641064592427715
0.55,-0.025961826260074008,1.4148229780283115,-1.0459519817370144,-0.5528940686947289,-0.002417616461459165,-6.209841611216571e-05,0.3020530333485974,0.42587905634011314,0.2116330475176518,0.06169231337008338,0.03303116734529536,0.0009689367655258707,-0.2128503621709422,3.809255246511023,2.0625616575296184,0.5146174424170056,-0.4363419341743593,-0.38804331794273067,1.520960877587251,0.2440670641324414,-2.936782324992191,-0.507879516370883,0.16646825859688993,0.004443080112516046
0.56,-0.022980900833807823,1.4194055437579924,-1.0436721353586247,-0.5522297263225545,-0.0020929001564018125,-5.264303057900533e-05,0.2980925426266184,0.4582565729681072,0.22798463783896372,0.06643423721743456,0.03247163050573527,0.0009455385533160378,-0.5496353355298244,3.5801803909001575,1.9445940852340584,0.49115063880226195,-0.5051725728803067,-0.49510259743017915,1.4808256749680955,0.2729909753709343,-2.888461703521501,-0.49679015418079786,0.16136479831470657,0.0042814364835118204
0.5700000000000001,-0.020062441400793912,1.4242890245185695,-1.041239739904301,-0.5515211218332382,-0.0017763104960970806,-4.34978985937789e-05,0.29184594330139124,0.4883480760577177,0.2432395454323677,0.07086044893163418,0.03165896603047318,0.0009145131985226426,-0.8881589569538044,3.3273527763927033,1.8144869913033856,0.46471431561312926,-0.5650415467107845,-0.5965328565507345,1.428151235724239,0.27909041279466207,-2.8490980950795617,-0.4884790588108727,0.15490304047671744,0.004080859644937129
0.58,-0.017229418270604674,1.4294485744326217,-1.0386667243266618,-0.5507716949783875,-0.001470331029356111,-3.473575136873036e-05,0.2833023130189237,0.5159549914052214,0.2573015577639202,0.07494268548507325,0.030597946674096967,0.0008762147225048538,-1.2267364633374638,3.0524179207160977,1.6730205380536014,0.43539065896698936,-0.6147471587958568,-0.6913639601886903,1.3628722041926384,0.26249064323466165,-2.8189246119582805,-0.48298852691019256,0.14711186462928322,0.0038434032825912993
0.59,-0.014504786013775882,1.4348575278408815,-1.0359659064412383,-0.5499851475785226,-0.0011773800791424925,-2.6425165574971152e-05,0.2724632256828791,0.5408953408259785,0.27008178854235054,0.07865473998649121,0.029295095021361843,0.0008310585793759212,-1.5634328083273292,2.7571920769939346,1.5210549362160863,0.4032815604498605,-0.6533741484734961,-0.7787520488060793,1.2850242365907427,0.22347453595070998,-2.798114817921513,-0.48034284552593765,0.13803289635998506,0.0035714667017065446
0.6,-0.011911338689915455,1.4404875791429226,-1.0331509133147325,-0.5491654210516621,-0.0008997928567509652,-1.8630003202750967e-05,0.2593447323860427,0.5630051302041139,0.2814993126505685,0.08197265268604641,0.027758722239152732,0.0007795162372220184,-1.8960530282956605,2.44364713449317,1.3595241848336423,0.36850971563100643,-0.6803200429591314,-0.857984316257909,1.194759585359853,0.1624741735985702,-2.786781547341259,-0.48054840860411896,0.12772102655279874,0.0032677663066652575
0.61,-0.00947154496306778,1.4463089749361027,-1.0302360959116448,-0.5483166721875505,-0.0006398033103107952,-1.1408910076479078e-05,0.24397937268476752,0.5821395793180144,0.29148174030877355,0.0848748864111606,0.025998954644016997,0.0007221093126271889,-2.2221439597733905,2.113893729425964,1.189429055294708,0.3312194942194573,-0.6953110978677017,-0.9284799182919916,1.0923619019411122,0.0800611521145922,-2.784976213207147,-0.48359396154037804,0.11624473376929056,0.0029353029278895364
0.62,-0.007207363611901415,1.4522907167297079,-1.0272364386679513,-0.5474432473427974,-0.00039952586554165513,-4.814876598958347e-06,0.22641813511663653,0.5981741793605225,0.299965724369344,0.08734248447531935,0.024027744476914005,0.0006594033477520732,-2.5390076414945577,1.770162757500588,1.0118293847890838,0.2915775234990372,-0.6984068469712224,-0.9897874585840931,0.9782595467061354,-0.02306415203750589,-2.792688626310346,-0.48945096660634435,0.10368617523794724,0.00257732549001107
0.63,-0.005140040780239077,1.458400772392362,-1.0241674647144392,-0.5465496552503625,-0.0001809372474380759,1.1051366302122698e-06,0.2067322831662338,0.6110055662654112,0.30689739535120797,0.08935920924349003,0.021858861810357923,0.0005920013229170617,-2.843726293147665,1.4147855137450744,0.8278357581536445,0.2497729344184325,-0.6899928744980866,-1.0415796264350141,0.8530366904815463,-0.14608405594166252,-2.8098473451793002,-0.4980740821874996,0.09014101910604193,0.002197291630511863
0.64,-0.0032898911490157716,1.4646062943965112,-1.021045137517969,-0.5456405386531503,1.4141403889996574e-05,6.3105066237914015e-06,0.18501496312233054,0.6205522004149352,0.31223271964701765,0.09091165972121495,0.019507865132807247,0.0005205369993579132,-3.133198328352644,1.0501727157830834,0.638600670134852,0.2060172295411382,-0.670762061340767,-1.0836456371560965,0.7174415244311421,-0.2880754925920983,-2.8363205725072613,-0.5094017491174462,0.07571799941904568,0.0017988259810278562
0.65,-0.001676066013293339,1.4708738428564594,-1.0178857597452795,-0.5447206449855639,0.00018406189211659087,1.0767188488520518e-05,0.16138251357224326,0.6267548459948142,0.3159377772689437,0.09198936675864108,0.01699204882265943,0.00044566818647291163,-3.4041844519196136,0.6787926932302294,0.4453092720825364,0.16054374350818001,-0.6416851801990013,-1.1158821510494823,0.5723909652043933,-0.44802209810124793,-2.8719176083568247,-0.5233568778042919,0.06053818530463509,0.001385676907562358
0.66,-0.000316311987020158,1.4771696113177781,-1.014705870180049,-0.5437947963383329,0.00032736555617777444,1.4447888743461035e-05,0.1359754026273181,0.6295768461318842,0.31798895652304116,0.09258486472309474,0.014330366406118355,0.0003680700254940517,-3.6533625295613454,0.30314904723870456,0.24916981755066786,0.11360667920783474,-0.6039722688623037,-1.138283323096716,0.41897134865225377,-0.6248262007130414,-2.9163908628859057,-0.5398476301200856,0.044733966521754424,0.0009616725646402686
0.67,0.0007732752949252551,1.4834596532471462,-1.0115221395390626,-0.5428678589504327,0.0004427988477993183,1.7332172515559322e-05,0.10895872819454132,0.6290041929368158,0.3183730640986575,0.0926937387900255,0.011543329162154389,0.0002884283772098287,-3.877389616845168,-0.07424190043709973,0.05140392973152243,0.06547971596721809,-0.5590266513333404,-1.1509305705346353,0.2584347436359926,-0.8173204786195227,-2.9694384213708274,-0.5587682899712081,0.02844776830194346,0.0005306771467328258
0.68,0.001578497578750193,1.4897101071932854,-1.0083512660370084,-0.541944712477169,0.0005293276505275796,1.9406506468835512e-05,0.08052222838249379,0.6250453946139211,0.3170873502054166,0.0923146473263644,0.008652880272826126,0.00020743339532761887,-4.072969303854456,-0.4508735409214851,-0.14676318035197894,0.01645419923291369,-0.5083937740886526,-1.1539825499840508,0.09219068049549697,-1.0242790914497713,-3.0307071417889535,-0.5800002159280634,0.011830518656621805,9.654821449510496e-05
0.6900000000000001,0.0020872952088019986,1.4958874186414985,-1.0052098715414082,-0.5410302192853161,0.0005861501035626842,2.0664240063975366e-05,0.05087976300518054,0.617731144821307,0.3141394495600219,0.0914493191852861,0.005682245303510452,0.0001257733595139854,-4.2369223787571615,-0.8242709651452726,-0.3441124128321274,-0.033163066050423406,-0.4537071668723627,-1.1476657217271624,-0.07820673249812057,-1.244428133683877,-3.099796250359068,-0.6034128681712994,-0.004960099523429299,-0.00033690406810116426
0.7000000000000001,0.0022899776345301796,1.5019585566654352,-1.0021143991395056,-0.540129194024431,0.0006127077068175015,2.110552839732197e-05,0.02026824257281809,0.6071138023936703,0.309547240190259,0.09010252608850672,0.0026557603254817354,4.4128833334660495e-05,-4.366258738830321,-1.1920121817536389,-0.5394402631270911,-0.08305238428076489,-0.3966338272930976,-1.1322657582061257,-0.2510761473353818,-1.4764553044772435,-3.1762613837830846,-0.6288649003015161,-0.02176157169068467,-0.0007659550261203212
0.71,0.0021794376096783514,1.5078912235884614,-0.9990810129079593,-0.5392463737181098,0.0006086945013909203,2.073720042212628e-05,-0.011054002485182818,0.59326669230262,0.3033386231546365,0.08828203063213003,-0.0004013205426581191,-3.683279751956875e-05,-4.45824847916399,-1.5517482581226365,-0.7315679625742865,-0.1328840555608819,-0.33882118278097195,-1.1081199376479685,-0.42463043327117656,-1.719018734665033,-3.2596190094275617,-0.6562053043539047,-0.03840860471930444,-0.0011870002443738563
0.72,0.0017513435798448978,1.5136540560009963,-0.9961255006345267,-0.5383863886100634,0.0005740641413868566,1.9572576802665826e-05,-0.04280940298334536,0.5762832412534953,0.295551227343262,0.08599851080464661,-0.0034630360004063677,-0.00011646236194604536,-4.510490161774789,-1.901222099066448,-0.9193501537494801,-0.18232152584726613,-0.2818475284137918,-1.0756105606089355,-0.5970017542799443,-1.970754955358299,-3.349351137605396,-0.6852745948546913,-0.05473526101461775,-0.0015965865007462265
0.73,0.0010043050110995415,1.5192168156363586,-0.993263180189527,-0.537553733987655,0.0005090346980639607,1.7631241988098137e-05,-0.07470385687453562,0.5562759635362249,0.28623204449997236,0.08326546224083047,-0.006502944332289599,-0.00019413348145676896,-4.520974403230171,-2.2382856077329873,-1.1016829888315234,-0.23102473993228756,-0.22717750650116741,-1.0351593431539143,-0.7662696310101613,-2.2302860311720547,-3.4449102249833636,-0.7159060152365015,-0.07057712377668032,-0.001991438501705115
0.74,-5.9994178032636656e-05,1.5245505687823748,-0.99050881018492,-0.5367527431902246,0.0004140910650049226,1.4938775314641952e-05,-0.1064299189132178,0.5333753146016164,0.2754370004606978,0.08009907974304815,-0.00949436330590381,-0.0002692466673456185,-4.488141107367402,-2.5609150098695643,-1.277511552659005,-0.2786536311663319,-0.17612381693230716,-0.9872226785261549,-0.930491245502076,-2.496225912885775,-3.545724156558438,-0.7479267477374041,-0.08577344471787858,-0.0023684812265140896
0.75,-0.0014366983711709062,1.529627853095122,-0.9878765054917685,-0.535987561991497,0.00028998486270212184,1.1526446051190717e-05,-0.13767041931382695,0.5077284312747219,0.2632304693151446,0.07651811987276086,-0.012410620230280075,-0.00034123292634512356,-4.410928900357853,-2.867224165118523,-1.4458365281595695,-0.3248716788240298,-0.12981595763696063,-0.9322876201358126,-1.0877331772730592,-2.7671860880186534,-3.6512011871326124,-0.7811591064033675,-0.10016922871459716,-0.0027248578562227023
0.76,-0.003117722818682873,1.5344228308801953,-0.9853796581142773,-0.5352621245250795,0.00013773177203978232,7.430877296513722e-06,-0.1681024447511967,0.4794977785073274,0.24968473774912558,0.07254374664174894,-0.01522530906623395,-0.00040955687546769947,-4.288815586639353,-3.155475736037208,-1.605720040100225,-0.3693494632534442,-0.08917641927419595,-0.8708684209027284,-1.2361037273713888,-3.0417806229034197,-3.760734723009379,-0.8154216923268189,-0.1136172147060139,-0.0030579434265713204
0.77,-0.005091738872951233,1.538911428111097,-0.9830308638422819,-0.5345801308999958,-4.139374199363334e-05,2.6936835200685822e-06,-0.197401605426836,0.44885972309015654,0.23487942719954055,0.0681993625083663,-0.017912551403341567,-0.00047371937764451396,-4.121848724358382,-3.424090135679667,-1.7562906329991905,-0.41176815037149517,-0.05490441882936281,-0.8035034643778323,-1.3737849914880627,-3.318630696555463,-3.8737078315129985,-0.8505304910385053,-0.12597971820000584,-0.003365354491973773
0.78,-0.007344203920572718,1.5430714586589518,-0.9808418550258282,-0.5339450266299525,-0.0002458663229810098,-2.638913679934276e-06,-0.22524650476214853,0.41600305478548383,0.21890088164536525,0.06351042700433006,-0.020447258098737646,-0.0005332597200002859,-3.910665706408553,-3.671652226222893,-1.8967473598674354,-0.4518228405689797,-0.027466968024118188,-0.730752437515136,-1.4990638806723515,-3.5963687257631465,-3.9894973800799725,-0.8862998941627775,-0.13713030751962987,-0.003644955213323818
0.79,-0.009857437157181938,1.5468827334080688,-0.9788234397371818,-0.533359983976156,-0.0004739202070522465,-8.516487338573775e-06,-0.25132332366092186,0.38112747491171106,0.20184152886464773,0.05850426537964725,-0.02280538840712367,-0.0005877573658639499,-3.6565030170358903,-3.8969157925765003,-2.026362979486619,-0.48922572244230267,-0.007096842816025628,-0.6531936191199263,-1.6103613532661525,-3.8736421736546243,-4.107477727610405,-0.9225436310404673,-0.14695529293090379,-0.0038948603796943484
0.8,-0.01261074144895848,1.5503271541234465,-0.976985447509036,-0.5328278852795871,-0.0007235622421929073,-1.4884820534997253e-05,-0.2753304291776542,0.344442071537769,0.18379922281457087,0.05320986965689062,-0.024964203514066086,-0.0006368333196423478,-3.361194604435819,-4.098805864480005,-2.144486280403577,-0.5237089788078251,0.0062031475592743135,-0.5714211875426711,-1.706259207824056,-4.149117122122909,-4.2270239173500235,-0.959075600857524,-0.15535501457558742,-0.004113435939140576
0.81,-0.015580570625986903,1.5533887921151073,-0.9753366817645319,-0.5323513083352563,-0.0009925873572865116,-2.1686332037181433e-05,-0.2969829177028424,0.3061637991660791,0.1648765744504079,0.047657694433083216,-0.02690251150936044,-0.000680151150218418,-3.0271595582905535,-4.276419006640704,-2.2505435690720175,-0.5550274006427252,0.012650301671977005,-0.4860424823721634,-1.7855238870052925,-4.4214816736498435,-4.347514351070389,-0.9957106015855226,-0.16224492130208593,-0.004299297644899808
0.8200000000000001,-0.01874074067813123,1.5560539519066086,-0.9738848789864631,-0.5319325138386379,-0.0012785963672474945,-2.8860509270607237e-05,-0.3160170052144329,0.26651597915012015,0.14518027780687376,0.04187944966184,-0.02860090099609827,-0.0007174177233425803,-2.65737950098171,-4.42902173750999,-2.344039376867468,-0.5829606737900868,0.012667341011455946,-0.39767518465611307,-1.8471268498651465,-4.68944923197003,-4.468332956551935,-1.0322649583179495,-0.16755643774843584,-0.004451308420445051
0.8300000000000001,-0.02206268249279755,1.5583112202582958,-0.9726366746110232,-0.5315734349136776,-0.001579015974398793,-3.634434623431553e-05,-0.33219418146663177,0.22572683516872952,0.12482043754399355,0.03590789249602927,-0.030041960715129847,-0.0007483836963708293,-2.2553662873983806,-4.556047272074928,-2.4245564555348635,-0.60731531286741,0.006863671672313387,-0.3069444063766711,-1.890261178514358,-4.951761695207907,-4.588870891935706,-1.0685570598735905,-0.17123762119777103,-0.0045685750121096415
0.84,-0.02551573300153863,1.5601515010176383,-0.97159757557667,-0.5312756687128822,-0.0018911208020405156,-4.4072784529521263e-05,-0.3453050508741081,0.18402807593425385,0.10390990343532175,0.029776620079536208,-0.03121048276417225,-0.0007728438295205735,-1.8251207581061468,-4.657090811560738,-2.4917551425110624,-0.627926226473086,-0.003986662074874303,-0.21447970117863058,-1.9143541897644196,-5.207192580897367,-4.708527858958002,-1.1044078183090709,-0.17325361272665477,-0.004650444434967639
0.85,-0.029067460901204052,1.5615680363678435,-0.9707719394118894,-0.5310404700633381,-0.0022120572740005817,-5.197915619435197e-05,-0.3551727899665423,0.14165353502051375,0.08256361647806174,0.023519864954408675,-0.03209364719600658,-0.0007906371664830709,-1.3710834035968664,-4.731903622511948,-2.5453721861755616,-0.6446579071263692,-0.01896963987630773,-0.12091202415117741,-1.9190759195159743,-5.454550090635736,-4.826713120189078,-1.139641070738792,-0.1735868890363097,-0.004696500631199158
0.86,-0.0326840224942814,1.5625564151212032,-0.9701629597072609,-0.5308687471182755,-0.0025388691338175604,-5.999562753170807e-05,-0.3616561593077346,0.09883787533597035,0.06089797046285997,0.017172294506266443,-0.03268118598169784,-0.0008016471337356097,-0.8980778749923904,-4.78038615899999,-2.5852191262420994,-0.6574052480043733,-0.03705791908584377,-0.026870678860710262,-1.9043434351052437,-5.692680113687184,-4.942846331346261,-1.1740839461827706,-0.17223732222652638,-0.004706561656036448
0.87,-0.03633054265822718,1.563114568755333,-0.9697726577873952,-0.5307610589621128,-0.002868524378962142,-6.805364355467699e-05,-0.364652016394578,0.05581536341296609,0.03903019198656815,0.010768815616274187,-0.032965524514458173,-0.0008058016022968914,-0.4112483224794408,-4.8025804846769615,-2.6111803261770232,-0.6660939961265946,-0.057138931162139306,0.06701970462974294,-1.8703210077972179,-5.920469163976335,-5.056358307302779,-1.207567221752457,-0.1692220548464375,-0.004680677590813727
0.88,-0.03997151550840098,1.563242755919402,-0.969601880376856,-0.5307176151077928,-0.0031979433689772593,-7.608437303565914e-05,-0.3640972850173799,0.012818716406910957,0.017077741053913062,0.0043443854320027965,-0.03294189900151175,-0.0008030729480982145,0.08400843785950148,-4.798662246364962,-2.6232107527939688,-0.6706808580506269,-0.07804394468391049,0.16014211550852608,-1.8174162444717437,-6.1368472436642305,-5.166691839007708,-1.239925692192557,-0.16457519708995033,-0.004619129262002538
0.89,-0.043571218965133454,1.56294353614505,-0.9696503030406413,-0.530738276818578,-0.0035240278513927414,-8.40191544136902e-05,-0.3599703456732474,-0.029921977435188596,-0.004842266378522191,-0.002066171078514748,-0.03260844824154822,-0.0007934781378031063,0.582114928784035,-4.768932438432718,-2.621333593280077,-0.6711532791440185,-0.09857768354679086,0.25188998808595525,-1.7462723355399925,-6.340790628702946,-5.273302668335899,-1.2709985746377135,-0.158347352275198,-0.004522427725594451
0.9,-0.04709413717253272,1.5622217334849213,-0.969916439173498,-0.5308225601821462,-0.0038436906355285125,-9.178994297435645e-05,-0.3522918207399263,-0.07218026601288557,-0.026613613285673465,-0.008428336356824148,-0.03196627841357713,-0.0007770788560666248,1.0773882015082057,-4.713809178208527,-2.605637792173689,-0.6675289210843367,-0.11754813948454679,0.3416698679116128,-1.657756627053426,-6.531324577055192,-5.375660709768717,-1.3006299665929515,-0.1506049760346058,-0.0043913143635432635
0.91,-0.05050538454416915,1.5610843907730922,-0.9703976543123711,-0.5309696408625801,-0.0041538856316496115,-9.93297597564126e-05,-0.34112473716364294,-0.11373427118290597,-0.04812151388731533,-0.014708068043391156,-0.031019499612109872,-0.0007539816782056154,1.5641172419879656,-4.633819688133508,-2.576275580672089,-0.6598548644520008,-0.13379625074486068,0.42890388349219427,-1.5529457708267067,-6.707525968112936,-5.473251583258939,-1.3286693699269592,-0.14142957419863644,-0.0042267613383036385
0.92,-0.053771125127924556,1.5595407151589284,-0.9710901855515752,-0.5311783604553781,-0.00445163796124929,-0.00010657314255066785,-0.3265740583755407,-0.15436756141638042,-0.06925312392040758,-0.020871959279799634,-0.0297752329599678,-0.0007243382794255251,2.0366416420775053,-4.529592651440543,-2.533460058591091,-0.6482065641942931,-0.14622513105436852,0.5130319951036534,-1.4331077490674387,-6.868525891588737,-5.5655784936403805,-1.3549722875133372,-0.13091674439178808,-0.0040299720671157545
0.93,-0.05685898098853973,1.5576020155121335,-0.9719891658496577,-0.5314472343715972,-0.004734073833483134,-0.00011345659913597169,-0.30878558606151796,-0.1938699646795037,-0.0898980298082431,-0.026887391621914197,-0.028243587223384423,-0.0006883456585303841,2.489430591661283,-4.4018510760785645,-2.477462875860261,-0.6326865855850023,-0.15382852394780677,0.5935139990284091,-1.2996811109623225,-7.0135122149925495,-5.652164460814978,-1.379400892577948,-0.11917506702488813,-0.0038023813130038586
0.9400000000000001,-0.05973842340193762,1.5552816322351513,-0.9730886530291437,-0.5317744611792998,-0.004998449873054966,-0.00011991906254473677,-0.28794424133978874,-0.2320383276982213,-0.10994871794860546,-0.0327226807702532,-0.026437603957183173,-0.0006462463408765083,2.917161242330989,-4.251405767636254,-2.408612046177339,-0.6134231472601925,-0.15571812761875847,0.6698312731034779,-1.154251798765116,-7.141732169833599,-5.732554874132647,-1.4018247643507011,-0.1063248527448184,-0.0035456544469381454
0.9500000000000001,-0.06238114084131204,1.5525948599528496,-0.9743816632841615,-0.5321579333332462,-0.0052421815764135855,-0.00012590234767163023,-0.264271743937442,-0.2686772282301574,-0.12930102550178318,-0.03834721539463669,-0.02437317033586192,-0.0005983285126893473,3.31479547111545,-4.079149477363923,-2.327289910906604,-0.5905684962880002,-0.15114938678486745,0.7414882580442841,-0.9985279802648616,-7.252495006878609,-5.806320316255005,-1.422121677799148,-0.09249675549881514,-0.003261685416713054
0.96,-0.06476137801318507,1.5495588634816895,-0.9758602090251141,-0.5325952492268898,-0.005462870566376037,-0.00013135160794403377,-0.23802371718730364,-0.30359964711600684,-0.14785457409525388,-0.043731589364357774,-0.02206889899624518,-0.0005449260272403534,3.677654033413643,-3.886051757168181,-2.2339312570285648,-0.5642971382756201,-0.13954528446051384,0.8080136790492864,-0.8343133423747303,-7.345174779036286,-5.873059578490443,-1.4401784304951417,-0.07783026311833169,-0.0029525929632674523
0.97,-0.06685624057469175,1.5461925874143454,-0.9775153409029387,-0.5330837265038381,-0.005658330310840494,-0.00013621579007687634,-0.20948625615066802,-0.33662760673440917,-0.16551318778246313,-0.048847727694824934,-0.019545974446445666,-0.00048641821328425676,4.001487039452439,-3.673154520673254,-2.129021579415029,-0.5348039435072423,-0.12051759351221847,0.8689615242378719,-0.6634793354926353,-7.419213315546983,-5.932402772803574,-1.4558916863842732,-0.06247208059048006,-0.0026207146538506816
0.98,-0.06864596063393885,1.5425166595937174,-0.9793371938670332,-0.5336204165687409,-0.005826609969851607,-0.00014044808415790067,-0.17897200592471008,-0.3675927820627876,-0.18218529640944917,-0.05366900649028527,-0.016827965901111314,-0.0004232294081024318,4.28253962288788,-3.4415682789700086,-2.0130954653594446,-0.5023021482997514,-0.09388497280771091,0.9239118109960334,-0.4879368881134078,-7.474123451959647,-5.984014436567517,-1.4691688146017128,-0.04657442476678623,-0.0022685983520821353
0.99,-0.07011411870557485,1.5385532886949003,-0.9813150371197256,-0.5342021202397845,-0.005966016037843926,-0.00014400636547789504,-0.14681580716359963,-0.3963370898817138,-0.1977843252692367,-0.05817036710435457,-0.013940606799231925,-0.0003558281319994379,4.517611600974028,-3.19246899221882,-1.886735068515422,-0.4670212693507949,-0.05968722470478838,0.9724711885546342,-0.3096081333282569,-7.509492575781809,-6.027596525108514,-1.4799287015598173,-0.03029325291656364,-0.001898990815093131
1.0,-0.07124781846451285,1.5343261560870338,-0.9834373278354901,-0.5348254044863938,-0.006075131455438875,-0.00014685362366445077,-0.1133699758937991,-0.42271326078664034,-0.2122290715764546,-0.062328424660927126,-0.010911541759494936,-0.0002847258186555732,4.704109863032299,-2.9270954543855874,-1.7505686304924497,-0.4292049479896658,-0.01819498012563514,1.014273445034655,-0.13039870053422054,-7.524986536795419,-6.06289119394946,-1.488102516210591,-0.013786450993728352,-0.0015148231942739708
1.01,-0.0720378114105693,1.5298603021107728,-0.985691768514408,-0.5354866201962282,-0.006152831878793019,-0.00014895837383258105,-0.07899929460564417,-0.4465853976261037,-0.2254440678917905,-0.06612157098342987,-0.007770042335414391,-0.00021047501681302805,4.84009217998203,-2.6467471084568976,-1.6052690015708182,-0.38910874102326964,0.03008594389796926,1.048980009152984,0.04782887581352867,-7.520353953261072,-6.089683286465879,-1.4936344113941518,0.0027879895298680585,-0.0011191933146615894
1.02,-0.07247856942080864,1.525182006882679,-0.9880653678362761,-0.5361819209149916,-0.006198298815266414,-0.00015029504367029147,-0.04407580102393513,-0.4678295228093947,-0.2373599321868047,-0.06953007187634432,-0.004546693647339461,-0.0001336669837710419,4.92430111627013,-2.3527821737415255,-1.4515521074685829,-0.3469978753223728,0.08441624958314264,1.0762805595816696,0.22328009555233128,-7.495430920455086,-6.107802461893371,-1.4964821481296064,0.01927377517395786,-0.0007153447141387192
1.03,-0.07256830411553859,1.5203186657260839,-0.9905445048741136,-0.5369072825009458,-0.006211029363081238,-0.00015084432967426678,-0.008973469472995294,-0.4863341156594946,-0.24791370378375804,-0.07253615859541178,-0.0012730547814823472,-5.492860039753025e-05,4.956186761193456,-2.0466159554207475,-1.2901753069226323,-0.3031449843293377,0.14383158992857048,1.09589387668907,0.394251279493995,-7.450146096628823,-6.117124921276416,-1.4966176341070765,0.035518061956860074,-0.00030664253249402564
1.04,-0.07230893298401989,1.5152986593293978,-0.9931149965136276,-0.5376585236333221,-0.0061908423304589755,-0.0001505935151843701,0.02593711315187088,-0.5020006396686076,-0.25704916395139166,-0.07512411323763102,0.0020187032622262222,2.508144898966706e-05,4.935917093468861,-1.7297191993412078,-1.1219355850011812,-0.2578278462374186,0.20715825578833602,1.1075690894452248,0.5591497545179647,-7.38452610462083,-6.117574712759575,-1.4940273719835075,0.05137312246588959,0.00010345355294568543
1.05,-0.07170599328723394,1.5101512187475747,-0.9957621679086668,-0.5384313271101634,-0.006137880556940711,-0.00014953674247979523,0.060293969678595016,-0.5147440581823053,-0.26471713950391773,-0.0772803476841269,0.0052961773518264785,0.00010567727045748769,4.864374963286183,-1.4036163520325176,-0.9476675294812249,-0.2113271454536898,0.27303644607755473,1.111087481504494,0.7165110573021082,-7.298701146730844,-6.109124620283588,-1.4887128168770114,0.06669789724772794,0.0005114190487161284
1.06,-0.07076850585184938,1.5049062853902706,-0.998470925782197,-0.5392212618665888,-0.006052609316274019,-0.00014767523103646155,0.09374874353845669,-0.5244933357304116,-0.2708757873530204,-0.07899347564254294,0.008527124066669157,0.00018615114433336827,4.743140928965551,-1.069883586877801,-0.768241042124243,-0.1639242809287742,0.33995117778724904,1.1062650212487082,0.8650128616579246,-7.192910688441481,-6.091796659140919,-1.4806906452805055,0.0813594017769607,0.0009136966388367585
1.07,-0.06950879196063782,1.4995943661805529,-1.0012258343583509,-0.5400238056392304,-0.005935810745933828,-0.0001450174341417984,0.12597138912115607,-0.5311919209717803,-0.2754908576153927,-0.08025437726415996,0.011679857034019065,0.0002657796894663141,4.574461524759584,-0.7301464620034666,-0.5845587430292414,-0.115899246723556,0.40627055742393736,1.0929557673383452,1.0034854318642412,-7.067509026003643,-6.065662216261187,-1.469992939189751,0.09523396401770648,0.0013067299922426903
1.08,-0.06794224759404809,1.4942463841199893,-1.0040111936842773,-0.5408343681967988,-0.005788574321966697,-0.00014157912644895886,0.15665443665897308,-0.5347982060563508,-0.2785359325926478,-0.08105625575684479,0.014723642396713196,0.0003438307692839558,4.361202959837238,-0.3860770834778376,-0.39755303412250126,-0.0675286115538487,0.4702907486244854,1.0710562708440179,1.130918510536998,-6.922970516928972,-6.030841881421925,-1.4566672894419823,0.10820827246276996,0.0016869988694410494
1.09,-0.06608708024612445,1.4888935245584085,-1.0068111200715253,-0.5416483150505931,-0.005612283477677849,-0.00013738341574659553,0.1855167347923645,-0.5352859561580787,-0.2799926387247981,-0.08139468537943496,0.017629084428884778,0.0004195710702363324,4.106790745875185,-0.03939065847215483,-0.2081827968998466,-0.019083624674303912,0.530286552200554,1.040511045049672,1.2464646596552806,-6.7598942242161115,-5.987505017405641,-1.4407768211470358,0.12018022029722472,0.0020510549765520927
1.1,-0.06396401438469174,1.4835670775382117,-1.0096096283563085,-0.5424609915524582,-0.005408598548314024,-0.00013246067322797057,0.21230658614327053,-0.532644702019669,-0.2798508284783226,-0.08126765018651279,0.020368492936382473,0.0004922742518624963,3.8151363032957053,0.30815866321651847,-0.017429709361864797,0.029171524861623,0.5845660924512579,1.0013191038333429,1.3494391821485219,-6.579007707544378,-5.9358691127784295,-1.422400141893552,0.13105953770692216,0.002395557996899555
1.11,-0.061595972310967306,1.4782982766622723,-1.0123907156469834,-0.543267747281398,-0.005179436308302514,-0.00012684837785384412,0.23680420737244284,-0.5268800875939298,-0.27810872906748313,-0.08067557289398991,0.022916224001151033,0.0005612295374126441,3.4905521768745165,0.6547827448288299,0.1737058227493376,0.0769812700066419,0.6315277110791762,0.9535414804010962,1.4393168536513437,-6.381169689958283,-5.87619895145485,-1.4016312105012279,0.14076821101487333,0.002717311230781819
1.12,-0.059007737661479195,1.4731181350194436,-1.0151384461962079,-0.5440639606139376,-0.004926946449243607,-0.00012059087198938148,0.2588234649488114,-0.518014164282875,-0.2747730549224419,-0.07962133325395576,0.02524898590589062,0.0006257505864462638,3.1376580654771122,0.9986652830548037,0.36420911519259025,0.12410002585131741,0.6697168449828812,0.8973095338561561,1.5157257847423846,-6.167371338121448,-5.808805620080781,-1.3785791209320521,0.1492406939421492,0.003013296291186759
1.1300000000000001,-0.056225609055962945,1.4680572787906756,-1.017837037005275,-0.5448450633675355,-0.004653485421841926,-0.00011373902731055947,0.2782128605516253,-0.5060856228768043,-0.26985908090670846,-0.07811027535978295,0.027346102740168198,0.0006851844678822005,2.761280397769775,1.3379685412172706,0.5530560200920155,0.17029332941311903,0.6978804440797539,0.832833737976979,1.5784388090675316,-5.938735918347674,-5.734045359382467,-1.3533677930664707,0.15642392252821188,0.0032807063344213873
1.1400000000000001,-0.05327705140868043,1.4631457792497693,-1.0204709437397168,-0.5456065654010056,-0.004361588129331542,-0.00010634982195788265,0.2948557647282517,-0.4911499540906363,-0.26339067344419476,-0.0761502033470185,0.02918972925103844,0.0007389205352676819,2.366348623042937,1.6708410225258314,0.7392180826928181,0.21533874584567325,0.7150164034200053,0.7604125333890952,1.6273628491696015,-5.696516628479602,-5.652318250952788,-1.3261355598573,0.16227715081735883,0.003516977346811637
1.1500000000000001,-0.05019035217884162,1.4584129839638713,-1.0230249465090748,-0.546344079051102,-0.0040539380099276654,-9.848583198822758e-05,0.30866992298388035,-0.4732795285898014,-0.25540027693579914,-0.07375136500963919,0.03076501194038764,0.0007863989969655073,1.9577916923054626,1.9954260891638465,0.9216680084565895,0.2590265342905198,0.7204155643121481,0.6804407217634489,1.6625267478757517,-5.4420924553398375,-5.564066718274896,-1.2970346392638992,0.16677162908762763,0.003719817058473648
1.16,-0.04699428934312369,1.4538873480879089,-1.0254842350402666,-0.5470533432802264,-0.0037333360781628697,-9.021464225307246e-05,0.3196062835717933,-0.4525635875962435,-0.2459288531191776,-0.0709264229124264,0.03206019317647958,0.0008271189735155125,1.5404383439127636,2.3098715109781374,1.0993854023056917,0.30116007392659405,0.713694092799738,0.5934168003038252,1.6840680683845988,-5.1769619660654795,-5.469773811547694,-1.2662304795709776,0.1698901499994459,0.0038872311094379384
1.17,-0.04371781714798092,1.4495962667322388,-1.0278344927537177,-0.547730247406692,-0.0034026695071975076,-8.16081838226439e-05,0.3276472195142774,-0.42910813556699146,-0.23502577134512026,-0.06769041264655393,0.03306665709653621,0.0008606458430428562,1.1189247548381207,2.61233990544839,1.2713627364433084,0.34155605855834814,0.6948144646491343,0.49994858793810315,1.692219361719107,-4.902735005662833,-5.369961240990171,-1.2339009682763216,0.17162649048094378,0.004017546149232398
1.18,-0.040389774773003956,1.445565909461827,-1.0300619792347383,-0.5483708542861474,-0.0030648803249798033,-7.274200689205282e-05,0.332804237497696,-0.40303572704118645,-0.22274864810206396,-0.06406068794554147,0.033778918221770426,0.0008866176930591071,0.6976128621229342,2.9010200087609364,1.4366114989917955,0.38004447594095403,0.6640938499748592,0.4007564908443966,1.6872943780674128,-4.6211223388186795,-5.265187123090558,-1.2002354975918388,0.17198477842372867,0.004109429606036593
1.19,-0.03703862195199799,1.441821058056311,-1.0321536105798372,-0.5489714228106647,-0.0027229347664013796,-6.369449966735673e-05,0.3351152821005969,-0.3744851405516135,-0.20916313450988813,-0.06005685245172423,0.03419455585784235,0.000904750722469609,0.2805222046661407,3.174138696535386,1.5941684726038639,0.4164683954508934,0.6221993565627342,0.29667380064536963,1.6696746616560116,-4.333923337708391,-5.156043408493125,-1.1654338835030023,0.17097881337648285,0.004161905913973023
1.2,-0.033692204407487,1.4383849487214484,-1.0340970370890346,-0.5495284295906558,-0.002379793772652869,-5.4546064971488316e-05,0.33464175445109884,-0.3436109334862565,-0.19434265091973532,-0.0557006779991181,0.03431409937485107,0.0009148434695868411,-0.1287224934402839,3.429973652367067,1.743102089984655,0.45068359434767125,0.5701303040393468,0.18864351589463657,1.6397969206094196,-4.043011876018613,-5.04315296817026,-1.129705139932324,0.16863136947895258,0.004174369035908634
1.21,-0.030377550714097302,1.435279119991908,-1.0358807177709743,-0.5500385896842306,-0.002038385060479033,-4.5378267186625e-05,0.3314653693389696,-0.3105828729540389,-0.1783680681939713,-0.05101600935747398,0.0341408712173836,0.0009167797784863311,-0.5269265408769958,3.6668665631631714,1.8825188117421845,0.48255805817596453,0.5091883989948576,0.07771132342122539,1.598141507293367,-3.750320640116751,-4.927166325175046,-1.0932661144607276,0.16497350698881083,0.004146591163793025
1.22,-0.02712070097516462,1.43252326760147,-1.0374939911279422,-0.5504988762388826,-0.0017015771017974233,-3.627296263811385e-05,0.32568497389326834,-0.2755852390437777,-0.16132733569677893,-0.0460286554652017,0.03368079586816098,0.0009105304548511153,-0.9113426880900637,3.8832367025503887,2.011569470893302,0.5119713946811046,0.4409373017115268,-0.03498543729668968,1.545222284252254,-3.4578241095591737,-4.808758031423859,-1.0563399968853255,0.16004391604288493,0.004078727519021677
1.23,-0.0239465665307487,1.4301351076179634,-1.0389271416929384,-0.5509065389115511,-0.0013721552629275522,-2.731142662647427e-05,0.31741344444159186,-0.23881599835066925,-0.14331505649962334,-0.040766267266843625,0.0329421838869871,0.0008961536011639576,-1.2796709869357603,4.077594747691598,2.1294555275244633,0.538814202617715,0.3671535643813737,-0.14823278881570895,1.4815780888964614,-3.1675204901175813,-4.688622701453565,-1.0191547162880243,0.15388831288513502,0.0039713172118831675
1.24,-0.020878818863580728,1.4281302491453467,-1.0401714618008986,-0.5512591209352015,-0.0010528002577806345,-1.8573490051492936e-05,0.3067747667167972,-0.2004858472616617,-0.12443201079601605,-0.035258202365039695,0.03193550051469178,0.0008737936574981333,-1.6300421925432995,4.248556660923484,2.2354351763838025,0.5629874370154546,0.28977124047198455,-0.260758844382706,1.4077659487716936,-2.8814129031934668,-4.5674707269269845,-0.9819412459906839,0.1465589048001947,0.0038252801523387015
1.25,-0.017939804972734088,1.426522077883163,-1.041219308091159,-0.5515544747031867,-0.000746068976224931,-1.0136697987950928e-05,0.29390138908466407,-0.16081712621835845,-0.10478462902602313,-0.029535376798524877,0.030673128155570353,0.0008436792063542007,-1.9609865372993582,4.394857455954732,2.328829249488405,0.5844018108164626,0.21082259813606008,-0.37125576320437115,1.3243561400059394,-2.601490146492108,-4.44602370607419,-0.9449318386104018,0.1381139355166462,0.0036419100348078605
1.26,-0.015150485772400921,1.425321651803268,-1.042064152258478,-0.5517907757468604,-0.0004543776626285263,-2.0755017216060195e-06,0.2789319200333166,-0.12004260798950059,-0.08448441673190041,-0.023630104367364124,0.029169131359640464,0.0008061196266344908,-2.2713903069962633,4.515364659164448,2.4090268551458927,0.6029772695485036,0.13237732349393028,-0.47840424458260866,1.2319291250963655,-2.3297073431708317,-4.325009630804312,-0.9083582153328971,0.12861731798627052,0.003422863447965182
1.27,-0.012530393562677234,1.4245376101546883,-1.042700625595482,-0.5519665349873081,-0.000179987344781948,5.539505300278061e-06,0.2620092209723687,-0.07840416485797083,-0.06364733370041903,-0.017575924044763394,0.02743903178465783,0.000761500702188408,-2.560443081571764,4.609091270024115,2.475490694197661,0.6186425709512164,0.05648240023124629,-0.5808997096158766,1.1310743526369127,-2.0679667916014948,-4.205157880744071,-0.8724497345108903,0.11813835630525997,0.0031701451874877147
1.28,-0.010097604316806084,1.4241760969393789,-1.0431245569004024,-0.5520806091487198,7.500864647126438e-05,1.2642298342960217e-05,0.24327892458711486,-0.036151321530946384,-0.04239313049202771,-0.011407416141170912,0.025499599125321237,0.0007102793042682156,-2.8275787547619564,4.6752080210091735,2.527761993861481,0.6313349957265615,-0.014895454947721376,-0.6774792040227293,1.0223908504739954,-1.8180993166571922,-4.087194078042071,-0.8374315648538263,0.10675155323561206,0.002886089875980333
1.29,-0.007868720430700988,1.4242406999145212,-1.0433330033604784,-0.5521322092289234,0.00030869526919831056,1.917207109428928e-05,0.22288838861050975,0.00646029751422942,-0.020844646007610376,-0.005160008020358027,0.023368662272704618,0.0006529772751329064,-3.0724135218597306,4.713054736744412,2.565464999485979,0.641000208958225,-0.0799232818834934,-0.7669479961565304,0.9064894943975326,-1.5818464071941605,-3.971834859683508,-0.8035228879349208,0.09453649444784701,0.0025733400207568046
1.3,-0.005858859673116994,1.4247324060711568,-1.043324274063421,-0.5521209069319976,0.0005193447005947098,2.5073817522123994e-05,0.20098607575839947,0.04917061566356996,0.0008729297057340074,0.0011302296925863198,0.021064943139639917,0.0005901746427834713,-3.2946839395409224,4.722150594673957,2.588310964955461,0.6475922847737543,-0.1369501322069837,-0.8482048433319167,0.7839967860524942,-1.3608434041055135,-3.859782625643885,-0.7709351536508057,0.08157779540797121,0.002234820667667827
1.31,-0.00408164633962018,1.4256495744150235,-1.043097945836767,-0.552046638978731,0.0007054238384420776,3.0298840477465698e-05,0.17772133334968138,0.0917168343866587,0.022632822665400114,0.0074267953266637715,0.018607913784736786,0.0005225022955341703,-3.4941879426314872,4.702203095383019,2.596101583621162,0.6510738996466436,-0.1845492445086485,-0.9202649557475242,0.6555599256914694,-1.1566039797157441,-3.7517203218456228,-0.7398704107766236,0.06796509197148637,0.001873710838703562
1.32,-0.002549201027490254,1.426987926734433,-1.04265487116767,-0.5519097092230091,0.0008656005964835376,3.480518288790573e-05,0.15324453121299256,0.1338352319409584,0.0443074669097116,0.013692975572187752,0.01601767580414599,0.0004506342410440032,-3.6707313805231814,4.653115559903505,2.5887318036273776,0.6514166927582892,-0.22155353102950848,-0.9822797956436875,0.5218529174817005,-0.9705061229200611,-3.648306316893464,-0.7105197329972813,0.053793051450950126,0.0014934119736252104
1.33,-0.0012721259866610851,1.4287405568832252,-1.0419971780133666,-0.5517107885159899,0.0009987491917948543,3.855797857499389e-05,0.1277075040829169,0.1752630148792202,0.06576931543034051,0.019892070701921578,0.01331485953113167,0.00037527956870881567,-3.824082241580186,4.574992983958718,2.5661919745206805,0.6486017852031161,-0.24708391815201658,-1.0335530021267294,0.3835833977254673,-0.8037798157791167,-3.550169431186731,-0.6830617588697472,0.03916137743279834,0.00109751363226512
1.34,-0.0002594836378595291,1.4308979589358786,-1.041128261374859,-0.551450912275133,0.0011039545863805963,4.152972085413783e-05,0.1012642348801556,0.215740205265345,0.0868916638507738,0.025987624085692,0.010520539458574205,0.0002971742279143945,-3.9539342948638896,4.468146095147128,2.5285692761967167,0.6426204437312606,-0.2605701564819043,-1.0735519195408298,0.24149983068108238,-0.6574965566245523,-3.4579041763529403,-0.6576613621568508,0.024174779175797342,0.0006897567549985537
1.35,0.0004812334423648617,1.433448074388755,-1.0400527665727428,-0.5511314757317056,0.0011805162015823582,4.370044813683731e-05,0.07407170802243908,0.25501154528765224,0.107549480211618,0.03194365434273605,0.007656161520176186,0.00021707272826994767,-4.059881417065106,4.333093478493205,2.476048386653173,0.6334748692783698,-0.2617637389420153,-1.1019144181937963,0.09639867461946919,-0.5325608524805925,-3.372066262006342,-0.6344684669138928,0.00894287525104022,0.00027399482444349915
1.36,0.0009441420138496016,1.4363763583884608,-1.0387765642339672,-0.5507542268481882,0.0012279509760417756,4.5057846756564624e-05,0.04629085714847399,0.2928283999705857,0.12762023387754573,0.03772488835174673,0.004743477445941747,0.0001357398619727316,-4.1414034051549855,4.170561658507228,2.4089113517220873,0.6211790858707111,-0.2507425739857361,-1.1184509185793994,-0.05086891496446772,-0.4297037701728428,-3.2931684254768188,-0.6136170196205223,-0.0064199986339617075,-0.0001458466786817662
1.37,0.001125017306540994,1.4396658647680187,-1.0373067170708654,-0.5503212569158967,0.001245995789386308,4.5597272186622644e-05,0.01808752926913925,0.3289506379557931,0.14698471631018603,0.04329699322915121,0.0018044813344532352,5.394254300580226e-05,-4.197863613516148,3.981483051749852,2.327536627994342,0.6057599015257438,-0.22790709559673417,-1.1231417514435336,-0.19939130407637526,-0.34947860134996933,-3.2216766381529505,-0.5952241285224511,-0.02179510582187086,-0.000565812079505985
1.3800000000000001,0.001021351179710414,1.4432973494667996,-1.0356514386081872,-0.5498349888629407,0.0012346092276381288,4.532169071478411e-05,-0.010366612683057996,0.36314846987808874,0.16552784626781597,0.048626805295608796,-0.001138656174817918,-2.7558147183853575e-05,-4.228518306508129,3.766991732669404,2.2323972794506415,0.5872579096811457,-0.19396758671844694,-1.1161301935811991,-0.34819199249711785,-0.29225866231766284,-3.1580067391457707,-0.5793893781524572,-0.03705977360693764,-0.0009819580722663552
1.3900000000000001,0.0006324179326846016,1.4472493917040452,-1.033820044089118,-0.5492981633231117,0.0011939726252278666,4.424154448653546e-05,-0.03889332470258124,0.3952042237245629,0.18313945190691486,0.05368255398290487,-0.004063660241026218,-0.00010801462282486487,-4.232537190524755,3.5284169868846247,2.1240583188385287,0.5657284972866314,-0.14992267059674802,-1.097711701198929,-0.4962270864140172,-0.2582372156372701,-3.102521542789332,-0.5661943246979597,-0.05208802647969983,-0.0013903964892996294
1.4000000000000001,-4.0654320114912436e-05,1.4514985320715994,-1.031822893866302,-0.5487138225371907,0.0011244902844675404,4.237454362381593e-05,-0.0673072252799514,0.4249140367554232,0.19971502228160837,0.05843407859209775,-0.006948234076032626,-0.00018670008627195294,-4.209034190828141,3.267274659750235,2.0031731964110264,0.5412428241114622,-0.09702919105118468,-1.0683200084373032,-0.6423850725917855,-0.24742946742498928,-3.0555284607518014,-0.5557021754293268,-0.06675140082443584,-0.0017873366738827578
1.41,-0.0009948094435069537,1.4560194265125728,-1.0296713296575815,-0.5480852921791675,0.0010267887477964572,3.974538986319869e-05,-0.09541551233920413,0.4520894440973311,0.2151564208720591,0.06285303580232014,-0.009770153667108324,-0.0002629153760617237,-4.1571071762242395,2.985256343506758,1.8704794510976395,0.5138887369730174,-0.03676404577594994,-1.0285108598379726,-0.7854892861777681,-0.25967656270086925,-3.0172776720072063,-0.5479576527606922,-0.08091994645863322,-0.002169126815547045
1.42,-0.002224989537400166,1.4607850149625956,-1.0273776041173113,-0.5474161612206581,0.000901714981814566,3.6385436827554304e-05,-0.12301800938932123,0.47655884500227796,0.22937255402700865,0.06691309585093509,-0.012507376598189113,-0.00033599530356443835,-4.075885018746368,2.6842164830216775,1.726793552264315,0.4837715824846036,0.029221071816898814,-0.978944196839548,-0.9243033903316027,-0.2946514713930313,-2.9879608645016447,-0.542987040660577,-0.09446341181846535,-0.0025322935800865774
1.43,-0.003724065396776815,1.4657667032525827,-1.0249548042414973,-0.5467102599670375,0.0007503333252223889,3.2332292637621534e-05,-0.1499075859376649,0.49816882899871034,0.24227998758139696,0.07059012536206062,-0.01513816565921771,-0.000405314418993277,-3.964580116423465,2.366157517416517,1.573004973634633,0.4510148826025233,0.09915066666497907,-0.9203656181943671,-1.0575400874967091,-0.3518666300075317,-2.9677105610929484,-0.5407984080665311,-0.1072526005599585,-0.0028735793574120013
1.44,-0.005482775243124846,1.4709345567099832,-1.022416769187429,-0.545971636418105,0.0005739210549478372,2.7629371073326464e-05,-0.17587098463480316,0.5167853457400429,0.25380350540683116,0.07386235489324958,-0.01764122702745517,-0.000470292156429507,-3.8225443150057834,2.033213211982104,1.4100695543673214,0.4157608387132541,0.17118045255153902,-0.8535878850105676,-1.1838731616120475,-0.43068317873176243,-2.9566000295033206,-0.5413820007258426,-0.11916087833626973,-0.0031899764624577064
1.45,-0.0074896759788206,1.4762575037526202,-1.0197780031447592,-0.5452045311241062,0.00037396243520365294,2.232539789864735e-05,-0.20069007356957538,0.5322947042637073,0.26387660426698945,0.07671052939988005,-0.019995861974418428,-0.0005303973174679114,-3.6493260475101654,1.687630370855017,1.2390022153376297,0.3781706323271514,0.24345437452176988,-0.7794731493036497,-1.3019528122871318,-0.5303216109753763,-2.9546437620759725,-0.5447107895664457,-0.1300658000305017,-0.0034787576604627204
1.46,-0.009731111248987734,1.4817035476484917,-1.017053583944011,-0.5444133507242759,0.00015214113193526984,1.6473879259667675e-05,-0.2241435270167134,0.5446043895871355,0.2724419200748214,0.07911803998302362,-0.022182130326838308,-0.0005851518638979674,-3.44472647395323,1.3317491550257672,1.060869110989918,0.33842449359743476,0.31416146707590187,-0.6989164602611262,-1.4104240922721039,-0.6498736321624321,-2.961798496760034,-0.5507411604283874,-0.1398508202694658,-0.0037375024497921364
1.47,-0.012191200471478918,1.4872399845190105,-1.0142590681292794,-0.5436026403693999,-8.966910114730078e-05,1.0132539247195458e-05,-0.24600892224911833,0.5536436870518896,0.27945158147315885,0.0810710354875964,-0.02418102330825706,-0.0006341340012472218,-3.2088524491405774,0.9679822613762716,0.8767793083067144,0.2967215129763101,0.3815903353333585,-0.6128309568169885,-1.5079481063932945,-0.788315007095461,-2.9779647368383864,-0.5594137269306139,-0.14840704407441618,-0.0039641186231530855
1.48,-0.01485185271468415,1.492833625594416,-1.0114103932535676,-0.5427770552418938,-0.0003494155303290271,3.362733780056654e-06,-0.2660652243205233,0.5593641075405478,0.28486748757118313,0.08255851275060731,-0.025974642918172634,-0.0006769805467138803,-2.942164271140037,0.5987932455809153,0.6878760941258486,0.253279176230798,0.4441791508977033,-0.5221350015957937,-1.5932254824896026,-0.9445191606267178,-3.002988714455398,-0.5706542456178798,-0.15563497040071214,-0.00415685873991216
1.49,-0.017692808870633497,1.4984510216902283,-1.0085237781770782,-0.5419413313962904,-0.000624879377011673,-3.7711520867407655e-06,-0.2840956155949346,0.5617396095812363,0.2886615076489535,0.08357238456033597,-0.02754638466826459,-0.0007133885866797419,-2.6455163603095517,0.2266742938475838,0.4953280198641006,0.20833260878223392,0.5005592908278036,-0.42774136231382354,-1.6650214921079787,-1.1172712850381767,-3.0366647330179806,-0.5843746105514602,-0.16144617935154534,-0.00431433127471762
1.5,-0.020691714999044646,1.5040586878638507,-1.0056156221603703,-0.5411002561495786,-0.0009136905798530979,-1.1202316489824842e-05,-0.299890612841115,0.5607666173622514,0.29081560167079107,0.08410752467118766,-0.028881120284142487,-0.0007431164403084077,-2.3201892782279705,-0.14587623532304092,0.3003197983697667,0.16213352173742945,0.5495910947756553,-0.3305484132029304,-1.7221920896568148,-1.305282699949756,-3.0787378169694426,-0.6004739033892602,-0.16576491415974723,-0.004435506355499514
1.51,-0.023824229023870668,1.5096233262312306,-1.002702403545338,-0.5402586382543813,-0.0012133443487118986,-1.8862156053948677e-05,-0.3132514024826023,0.5564638367379883,0.2913218615032135,0.084161789519729,-0.029965376885880066,-0.0007659839564123836,-1.9679118047435087,-0.5163761687477865,0.1040431708588693,0.11494885892713014,0.5903906403682253,-0.23143321917959825,-1.763710060955221,-1.5072052073860025,-3.1289065949967463,-0.6188394749224244,-0.16852951160721652,-0.004519716160413819
1.52,-0.027064162169735843,1.5151120449746964,-0.9998005788074384,-0.5394212780884007,-0.0015212194403970306,-2.66808778596551e-05,-0.3239933145865173,0.5488718743465737,0.29018247378995715,0.08373601659805838,-0.030787509168513184,-0.0007818721805706422,-1.5908721351606785,-0.8823814429274711,-0.09231213749749419,0.06705915146902397,0.6223469037744334,-0.13124628441002706,-1.7886904312421728,-1.7216451865675944,-3.1868263448292664,-0.639348035106468,-0.1696936392350332,-0.004566650200606669
1.53,-0.03038365565753581,1.5204925716537543,-0.9969264827427382,-0.5385929380908633,-0.0018345980524062597,-3.458810224157129e-05,-0.33194934877999666,0.5380526679057968,0.287409606470027,0.08283399975374078,-0.0313378612009229,-0.0007907224381916185,-1.1917176232428937,-1.2415072684425872,-0.28756725691387597,0.018756593683411538,0.6451291441220963,-0.030807696463807765,-1.7964142817829731,-1.9471771807920564,-3.252112134407465,-0.6618667308632773,-0.16922730419171308,-0.0045763458654820436
1.54,-0.033753392265278334,1.5257334590390903,-0.9940962305236472,-0.5377783136709319,-0.0021506871987512026,-4.25134511083583e-05,-0.3369736607742525,0.5240887385336082,0.28302522190911084,0.08146244199314238,-0.03160891463449429,-0.0007925348866787007,-0.773542864356367,-1.5914482216177848,-0.4805626957617847,-0.029657138763304225,0.6586847934733187,0.06909562379833523,-1.786350163475223,-2.1823567430574693,-3.3243420048695604,-0.6862541942460371,-0.16711760646003954,-0.004549174741246443
1.55,-0.03714284143220966,1.5308042818239058,-0.9913256223183939,-0.5369820048043391,-0.002466641402239599,-5.038711706768477e-05,-0.33894491669313226,0.5070822784815594,0.27706082052532377,0.07963088665927427,-0.03159542034883965,-0.0007873665959326468,-0.33986627277999043,-1.929996972657488,-0.6701664429402343,-0.07787330097705603,0.6632285212704042,0.1677118516251872,-1.758172372727857,-2.4257323282662764,-3.4030601545973536,-0.7123615477503018,-0.16336921800044504,-0.0044858253243967834
1.56,-0.040520535671700254,1.5356758227229876,-0.9886300511223526,-0.5362084885230536,-0.0027795865107295265,-5.814040927777733e-05,-0.3377694239490597,0.4871540899081894,0.26955711960413464,0.0773516281285555,-0.03129451084899275,-0.0007753292210092557,0.10540435454455674,-2.2550613890199376,-0.8552815562488305,-0.12557868779316017,0.659223454369076,0.26432562666269127,-1.7117754642208662,-2.675856047987847,-3.487780099169523,-0.7400333583179806,-0.1580045785156846,-0.004387282833350578
1.57,-0.043854375190258046,1.5403202466449526,-0.9860244143954102,-0.5354620924888915,-0.00308664442129106,-6.570627261531723e-05,-0.3333839518557793,0.46444239219649114,0.2605636726942346,0.07463960341620375,-0.030705791056153352,-0.0007565863337539902,0.5580164894442238,-2.564679789267278,-1.0348531557207705,-0.1724584011204513,0.6473557604415787,0.3582590798092707,-1.647284509757033,-2.931293138502224,-3.5779877979234054,-0.7691085365381409,-0.15106380754396076,-0.004254806869223222
1.58,-0.04711195681292054,1.5447112618128263,-0.983523030040016,-0.5347469698259804,-0.0033849584762156207,-7.301977743122693e-05,-0.3257581622662491,0.4391015167873725,0.25013843553942905,0.07151226629112056,-0.02983140549245605,-0.0007313504815909702,1.013426675442583,-2.857034165018487,-1.2078747553923121,-0.21819873322139394,0.6285039412105187,0.4488726901455502,-1.5650607637383105,-3.190630033377741,-3.673144752265334,-0.7994211822826007,-0.14260434093566718,-0.004089907688590339
1.59,-0.05026092261218658,1.5488242669080658,-0.9811395571908248,-0.5340670753692486,-0.003671719278616181,-8.001857784428203e-05,-0.3148965799266035,0.41130050952395425,0.23834728491911972,0.06798944567317709,-0.028676080240055996,-0.0006998800413055108,1.466862200438186,-3.1304612356945873,-1.3733938830260137,-0.2624901206025818,0.603704237230307,0.5355660927789095,-1.4657025547114646,-3.452480976887976,-3.7726910923350387,-0.8308013821159694,-0.13270030705201963,-0.0038943218269560753
1.6,-0.05326932304736358,1.552636483518646,-0.9788869222204819,-0.5334261434670975,-0.003944190663086958,-8.664333718037068e-05,-0.3008400435176998,0.3812216610580005,0.22526349703429335,0.06409319021510988,-0.027247138447077737,-0.0006624759336088641,1.9133891907638096,-3.383461251022585,-1.530516954346004,-0.3050301214947133,0.5741135275526563,0.6177789100678437,-1.3500413800150948,-3.7154931625011676,-3.876048675849285,-0.8630759669348599,-0.12144166393854976,-0.0036699877538303024
1.61,-0.05610598895774893,1.5561270733781762,-0.9767772502986312,-0.5328276674565404,-0.0041997355485751285,-9.283811978562388e-05,-0.2836665910385353,0.34905898595303697,0.2109671921850695,0.059847601055712,-0.025554488548817065,-0.0006194782605253198,2.34798556495323,-3.6147045081499822,-1.6784133858234276,-0.34552636936436265,0.5409710290691745,0.6949916362468362,-1.2191333288277475,-3.978350429554501,-3.982624225100689,-0.8960692401627173,-0.10893312309256115,-0.0034190221530531525
1.62,-0.05874090642547327,1.559277240085549,-0.9748218027742004,-0.5322748809088388,-0.004435841396208955,-9.855074900815378e-05,-0.26349174677243387,0.31501667073728473,0.19554475244307631,0.055278654770165955,-0.02361058476338267,-0.0005712629222529909,2.7656172252182816,-3.823035602028838,-1.8163189473709647,-0.38369945546139306,0.50555997675791,0.7667265712565152,-1.0742460913432428,-4.239775598997972,-4.091812524904647,-0.9296036873279218,-0.09529288820889445,-0.003143697311188339
1.6300000000000001,-0.061145588336209235,1.5620703151889177,-0.9730309205858438,-0.531770740723456,-0.004650144994193488,-0.00010373313164041796,-0.24046819107359657,0.27930751033687146,0.17908821883565912,0.0504140185382817,-0.021430359798453286,-0.0005182382632264175,3.161315854806953,-4.007475477763457,-1.9435383728673847,-0.41928569502104907,0.4691703130144056,0.8325487747249103,-0.916841923700905,-4.498531573714043,-4.202999696109751,-0.9635006770028249,-0.08065123852144115,-0.0028464199694944415
1.6400000000000001,-0.06329343641774816,1.5644918286998495,-0.9714139738434201,-0.5313179121284093,-0.0048404562948183094,-0.00010834154952854432,-0.21478480815389314,0.24215135109318844,0.1616946742423699,0.04528285950466641,-0.01903113006248216,-0.00046084178881263574,3.530256725667061,-4.167221400265935,-2.059447261675312,-0.45203973427985034,0.43306324625075376,0.8920669955676663,-0.748557026976387,-4.753421368509232,-4.315566547031259,-0.9975811610449973,-0.06514898623174471,-0.0025297118588683476
1.6500000000000001,-0.06516008762298305,1.566529564269723,-0.9699793176656742,-0.5309187556262053,-0.005004781034849699,-0.00011233691937474021,-0.18666512052348838,0.20377355698735727,0.14346561777458502,0.03991565022039718,-0.016432474003138953,-0.00039953698461959005,3.8678349970981394,-4.301644998357106,-2.163493317737713,-0.48173695879926726,0.39843836877454564,0.9449345258097481,-0.5711778632266892,-5.003287267834418,-4.4288919902310795,-1.031666379151269,-0.04893583628385965,-0.002196192000028714
1.6600000000000001,-0.06672373893694762,1.5681735994079158,-0.9687342543068042,-0.5305753159068192,-0.005141341879782743,-0.00011568502197532992,-0.1563651313964582,0.16440351381928192,0.12450633588700359,0.03434397193860849,-0.013656084493304327,-0.00033481026005897154,4.169739094974349,-4.410288576130674,-2.2551969839925814,-0.5081756676827283,0.36640386199137254,0.9908499276042058,-0.38661497321566346,-5.24700933439645,-4.5423564961801715,-1.0655785692962094,-0.0321686747108287,-0.0018485607204643943
1.67,-0.06796544501638545,1.569416331247776,-0.9676850015580246,-0.5302893127328943,-0.005248597844261056,-0.00011835670224437852,-0.12417060794378301,0.124273183986015,0.10492527487795467,0.02860031739248921,-0.010725596447831255,-0.00026716802690485966,4.432019894413332,-4.492859912974927,-2.334151538451283,-0.5311789828588296,0.33795017104461067,1.029557588397025,-0.19687488130643402,-5.483503508266528,-4.655345540372706,-1.0991416821154105,-0.015009809268323307,-0.001489585221894618
1.68,-0.068869383502117,1.5702524884702387,-0.9668366673700449,-0.530062133787695,-0.0053252617550833435,-0.00012032804136923665,-0.09039384857315395,0.08361572224627212,0.08483341879797483,0.02271789451992759,-0.007666391082228791,-0.00019713391248581244,4.651154577835402,-4.549225794425882,-2.4000227240921617,-0.5505964677418476,0.3139274062919917,1.0608480689806905,-0.004030676290707419,-5.7117195434848105,-4.767252988229312,-1.1321820941471195,0.0023748165971348195,-0.0011220864326210328
1.69,-0.0694230833654321,1.5706791300754277,-0.9661932306087727,-0.5298948294634828,-0.00537031553927906,-0.00012158050233151879,-0.0553699863315099,0.04266416051890814,0.06434367612721648,0.016730432421214123,-0.004505378419571713,-0.0001252460962282135,4.8241041967069265,-4.5794045286433125,-2.4525479876970584,-0.5663054349881094,0.29502662833406745,1.0845582211844351,0.1898081537104942,-5.930639027512907,-4.877484354192113,-1.1645293124525902,0.019817417939988695,-0.0007489268023043247
1.7,-0.06961761224574198,1.5706956317495888,-0.9657575278295187,-0.529788109556968,-0.005383023137468227,-0.00012210104981086762,-0.019452888030988144,0.0016501674161165936,0.0435702779253945,0.010671990651476101,-0.0012707598189166816,-5.205474793488335e-05,4.948364121033725,-4.583557707708097,-2.4915354029059107,-0.5782119287786429,0.2817650972689911,1.1005710647135203,0.38252607500371033,-6.139273718540778,-4.985459868925173,-1.196016661795368,0.037150154347058165,-0.00037299864503949657
1.71,-0.06944771939399179,1.5703036606088547,-0.9655312459342699,-0.529742341829325,-0.005362940861909375,-0.0001218822451792084,0.01698928517501838,-0.03919711407340277,0.02262818952488538,0.004576772764293772,0.002008227555885201,2.1880463165922255e-05,5.022006709124834,-4.561981469401098,-2.5168623502805145,-0.5862513728508141,0.27447551430174144,1.1088154251489182,0.5720315212006299,-6.336664417226544,-5.090617292106164,-1.2264819454504756,0.05420689315242868,2.7873886346222853e-06
1.72,-0.06891193154189834,1.5695071391138913,-0.9655149205617943,-0.5297575523808942,-0.005309925039156187,-0.00012092231690376727,0.05357878520934427,-0.07965214949634222,0.001632537247548093,-0.001521055156915206,0.005301582275318774,9.599282754411278e-05,5.043715666053427,-4.515097504182687,-2.528474022294462,-0.5903888813438165,0.2732992521325812,1.1092653465441495,0.756286067533606,-6.521880563754726,-5.192414417948566,-1.2557680718742799,0.07082493623439977,0.0003755141290986304
1.73,-0.06801259975911805,1.568312198942233,-0.9657079400508433,-0.5298334277850193,-0.005224136799055265,-0.00011922520622517245,0.08993317827802833,-0.11949401716582411,-0.01930194890489186,-0.007587540412515653,0.008578824010092152,0.00016971106785948202,5.012811679210643,-4.443444034524767,-2.5263818142491026,-0.5906192352994353,0.27818355592323485,1.1019393020782422,0.933332302934239,-6.69402071910061,-5.290331235746906,-1.2837236417891384,0.0868466972248941,0.0007422703866860578
1.74,-0.06675589612842514,1.5667271255803668,-0.9661085548118001,-0.5299693189213452,-0.005106043894990895,-0.0001168005874829002,0.12567036306929155,-0.1585073361866277,-0.040061476095691065,-0.013589113632589689,0.011809290406437079,0.00024246187422722546,4.929269022026396,-4.347666970524136,-2.5106616535844246,-0.5869665332065424,0.2888826944122336,1.086899234658668,1.101319971248398,-6.852214052149709,-5.3838717272596845,-1.3102034934860207,0.10212131582822447,0.0011001644761066947
1.75,-0.06515175985357133,1.564762294358009,-0.9667138919409931,-0.5301642464461338,-0.0049564194649766875,-0.00011366386194724252,0.16041362748538113,-0.19648312223577966,-0.06053371291930129,-0.019492752478853244,0.01496244300142072,0.0003136725535657684,4.793722903069896,-4.228511417940402,-2.4814523103289217,-0.5794835292667173,0.3049630456475363,1.064249466364648,1.2585299887616308,-6.995622912982581,-5.472565305053883,-1.3350692079760815,0.11650619536620607,0.001446339042063809
1.76,-0.06321379320738717,1.562430098595462,-0.9675199749136488,-0.5304169078355535,-0.004776337669644881,-0.0001098361235100105,0.19379666461841627,-0.23321957625470768,-0.08060829726557228,-0.025266138941975238,0.018008179533180672,0.0003827738437232019,4.607467410152602,-4.08681368363018,-2.438953720982592,-0.5682506779561827,0.32581210808185546,1.0341355213627517,1.4033959821887352,-7.123446528411477,-5.555967919138884,-1.358189579607221,0.1298684488074908,0.0017779873784929384
1.77,-0.06095910852117942,1.559744870474489,-0.9685217481952509,-0.5307256859372269,-0.00456716617168072,-0.00010534409411193641,0.22546846862077535,-0.2685228120973051,-0.10017732816020594,-0.03087781016733717,0.020917149796416012,0.0004492029398074093,4.37244396239527,-3.923493889987373,-2.383425347421234,-0.5533749077964316,0.3506514294706733,0.9967429115984898,1.5345230304034443,-7.234925810038613,-5.633662881278645,-1.3794410614488575,0.1420862376004218,0.002092371339340966
1.78,-0.058408128203037216,1.5567227951769504,-0.9697131066159872,-0.5310886589653587,-0.0043305554521000066,-0.00010022002637049226,0.25509803181422,-0.30220752975386134,-0.11913584207362227,-0.03629730281317699,0.023661071958071343,0.0005124067741444148,4.091220243669636,-3.7395492756150164,-2.315184581823233,-0.5349881510897383,0.378553437141651,0.9522959383812548,1.6507033357249947,-7.329349219076723,-5.70526147528353,-1.3987081976936424,0.1530499868258833,0.0023868408377565133
1.79,-0.05558434054434835,1.5533818187665747,-0.9710869293581927,-0.531503611875292,-0.004068424992258879,-9.45015705448598e-05,0.28237876586888666,-0.3340976410375848,-0.13738227422055588,-0.04149529099333491,0.02621304598411269,0.0005718455825632452,3.766959655631192,-3.5360482251544627,-2.234605198579282,-0.5132456594383168,0.4084621280067573,0.9010565657964786,1.7509285978799645,-7.406059587401337,-5.770403435554181,-1.4158840571405142,0.16266345973277033,0.002658854827659754
1.8,-0.05251401482177903,1.5497415502206697,-0.9726351184114469,-0.5319680490541252,-0.003782946386833724,-8.823160276142494e-05,0.3070325722569313,-0.36402685459050427,-0.15481890532542072,-0.046443717883310386,0.02854786054251555,0.0006269967783434864,3.403381405467426,-3.314125037983355,-2.1421158449232838,-0.4883241372429854,0.4392175300186594,0.8433234234770741,1.8343989169793713,-7.464461752339409,-5.828757383759052,-1.430870682216895,0.17084467480821586,0.0029060035615082035
1.81,-0.04922587991589667,1.5458231579530868,-0.974348641353566,-0.5324792082648692,-0.003476523492312855,-8.145801134798056e-05,0.32881349058823617,-0.3918392267582942,-0.17135229421191486,-0.05111592107439358,0.030642289452086885,0.0006773591413444384,3.004711440066683,-3.0749754142461643,-2.0381985538860414,-0.46041972693821975,0.46958377444362576,0.7794309960495533,1.9005281117373178,-7.504030825130712,-5.880021313865485,-1.443579566804912,0.17752664932750578,0.003126031825040204
1.82,-0.04575077133543219,1.5416492611098414,-0.9762175783175557,-0.5330340757823495,-0.0031517697577245897,-7.423343820955816e-05,0.3475108580464476,-0.4173896843245515,-0.18689369639897055,-0.05548675174803543,0.032475373458826534,0.0007224573138422391,2.575624561227751,-2.819852608145513,-1.923387256293752,-0.4297458804475731,0.4982805176922884,0.7097490536574682,1.948945405848205,-7.52432088139507,-5.923923208507151,-1.453932173342677,0.18265795493703044,0.0033168627678309102
1.83,-0.04212125214382014,1.537243815866695,-0.9782311730041491,-0.5336294026594841,-0.0028114829290886395,-6.661497244131642e-05,0.3629519191612048,-0.4405445243146237,-0.20135946865933416,-0.05953268771346075,0.03402868286359501,0.000761846576824175,2.1211782107531514,-2.5500641731966556,-1.798266263026134,-0.3965311512067071,0.5240173219101028,0.6346823713096226,1.9794935083345855,-7.524973837756324,-5.96022185520719,-1.4618604954199217,0.18620307330216812,0.003476621881058448
1.84,-0.03837121381610935,1.5326319969155817,-0.9803778875964745,-0.534261722062566,-0.002458617365850518,-5.866379382698557e-05,0.37500383277107907,-0.4611818951113309,-0.2146714592325354,-0.06323194030818284,0.03528655632381216,0.0007951178614330852,1.6467386022846353,-2.266969202685002,-1.6634686846317488,-0.36101694021690633,0.5455304471342624,0.5546707731187306,1.9922231913702775,-7.50572826324203,-5.988707910276473,-1.4673076666708025,0.18814254319058027,0.003603660623685944
1.85,-0.03453546349196768,1.5278400742955172,-0.9826454614273903,-0.5349273676136258,-0.002096254255468729,-5.0444764521516895e-05,0.38357503241416685,-0.47919226200645904,-0.22675738309157836,-0.06656455510599066,0.03623631103817887,0.0008219029305468673,1.1579000978268765,-1.9719759511872545,-1.519674752686401,-0.32345522787619174,0.5616213297782711,0.47018951957974564,1.987384549377143,-7.466427868077547,-6.00920523283337,-1.4702286106063094,0.18847289448318272,0.0036965791672418508
1.86,-0.0306493044156653,1.522895285704708,-0.98502097324092,-0.5356224926767534,-0.001727570060175178,-4.202596806285077e-05,0.38861590763023773,-0.49447885908092337,-0.23755118135296854,-0.06951250631276276,0.036868419529355094,0.0008418796458666123,0.6603989765030893,-1.6665397099029053,-1.3676100058991278,-0.28410632096621136,0.5711958312442431,0.3817500308693861,1.9654152031983505,-7.40702941643472,-6.021572483354043,-1.4705907196359147,0.18720636936853471,0.003754247718543869
1.87,-0.02674811654788328,1.5178257044246894,-0.9874909068769477,-0.5363430905233513,-0.00135580357620141,-3.347819589053614e-05,0.39011878677820216,-0.5069581280018528,-0.24699336360277865,-0.07205978465978517,0.03717664839737682,0.0008547772172314635,0.16002301238573147,-1.352160799767385,-1.208043303814298,-0.24323664126793698,0.5733031489308427,0.2899009061707369,1.926925789460332,-7.3276098234250995,-6.025704952739116,-1.4683745454570885,0.18437043618258256,0.0037758258891167074
1.8800000000000001,-0.022866944379351006,1.5126601029948372,-0.9900412201929175,-0.5370850153086493,-0.0009842220286427176,-2.4874382749246122e-05,0.3881172168532274,-0.516560142985217,-0.25503133159697644,-0.0741924785297953,0.03715815475586923,0.0008603813141290019,-0.3374814459682786,-1.0303825418440145,-1.0417846319450408,-0.2011165788982474,0.5671731055635165,0.1952291583623814,1.8726831441711336,-7.22837221936933,-6.021536561413518,-1.4635744777838564,0.18000710675981668,0.003760779608787752
1.8900000000000001,-0.019040098857611498,1.5074278127964786,-0.9926574170178293,-0.5378440037884044,-0.0006160866625668617,-1.6288993693896346e-05,0.3826845521739508,-0.5232290198358672,-0.2616196824911797,-0.07589884797551229,0.036813536607585594,0.0008585389055349776,-0.8265029367405106,-0.7027890641942433,-0.8696826641631741,-0.15801842984587733,0.5522503899982354,0.09836153619696153,1.8035916475063851,-7.109650794735998,-6.009041945636813,-1.4561993845153371,0.17417207348924096,0.0037088951271779694
1.9000000000000001,-0.015300780044707168,1.5021585797396846,-0.9953246219125469,-0.5386156977005717,-0.000254618320764649,-7.797366850785938e-06,0.3739318812904328,-0.52692330567941,-0.26672048947175864,-0.07716939121673286,0.036146834180221264,0.0008491626843110409,-1.30165669611062,-0.37100280810281167,-0.6926220510556893,-0.1142144334940447,0.5282242332616613,-3.4245437680047175e-05,1.7206732402801754,-6.9719142751856165,-5.9882385317899365,-1.4462731842670293,0.16693368723344904,0.0036202897079065165
1.9100000000000001,-0.011680726650018427,1.4968824162919185,-0.9980276574865937,-0.5393956667319014,9.70364815380823e-05,5.24982422946185e-07,0.3620053394688741,-0.5276163447766009,-0.2703035574046867,-0.07799690313296538,0.03516548023027313,0.0008322349273732123,-1.7578724505040484,-0.03668160391811855,-0.5115204066577939,-0.06997492229223168,0.49505198707696696,-0.09924859892020765,1.6250466490973865,-6.815767915535961,-5.959188490162399,-1.4338353218994586,0.1583718015956582,0.0034954186930322363
1.92,-0.008209897930745034,1.4916294501449896,-1.000751123995575,-0.5401794319839703,0.00043583846672976337,8.603088858384715e-06,0.3470828719273394,-0.5252966146929015,-0.272346650898134,-0.07837652520688876,0.033880198519168105,0.000807810643543853,-2.1904757210288603,0.2984848024614229,-0.3273249703814399,-0.025566592463211107,0.45297514543438844,-0.19852976114459664,1.5179063648441709,-6.641953941639384,-5.922000458254743,-1.4189411193001693,0.14857651246243198,0.003335078695890271
1.93,-0.004916192632721682,1.4864297698838644,-1.0034794809155405,-0.540962489847194,0.0007588869771480143,1.636328753863964e-05,0.3293705298023352,-0.5199680261125174,-0.2728356919965528,-0.07830578632236161,0.032304851041825094,0.0007760198680254924,-2.595260172305565,0.6327788776276293,-0.14100892606035043,0.018749098284437604,0.40252652489328433,-0.2970844136627184,1.4005019072853644,-6.451350407630475,-5.876830929671741,-1.401661977046738,0.13764682411294243,0.003140406765215455
1.94,-0.0018252086754468504,1.481313268096231,-1.0061971301614856,-0.5417403361850136,0.001063449338095905,2.373397729958837e-05,0.30909839572748316,-0.5116501787633422,-0.27176492459450413,-0.07778463378196344,0.030456236094789074,0.0007370689760948731,-2.96854865781351,0.9644601719762708,0.04643263426186582,0.06271740230291378,0.3445276008328193,-0.39407956782640774,1.274117877568936,-6.2449684705635145,-5.8238852174593365,-1.3820854073833657,0.1256892743372422,0.0029128754485464757
1.95,0.0010399538046163268,1.476309482443444,-1.0088885005873252,-0.5425084907238683,0.0013469877465257705,3.064638638803718e-05,0.2865162480063177,-0.5003785652787239,-0.2691370425839458,-0.07681545388547466,0.028353840842986543,0.0006912409088448804,-3.307240864338857,1.2917710044027053,0.23398710784587143,0.1060916207439293,0.28007537991302733,-0.4886460581322414,1.1400552520110336,-6.023948113448521,-5.763417918803465,-1.3603148847461857,0.11281655088800871,0.00265428376499875
1.96,0.003658844612934897,1.4714474352996263,-1.0115381333746727,-0.5432625215379123,0.001607183282524504,3.7035328689130994e-05,0.261889080831857,-0.4862047143817652,-0.2649632787347463,-0.0754030814044002,0.026019553599873357,0.0006388942301093815,-3.6088458418622307,1.6129430100705389,0.42062913924992024,0.14863430834219216,0.21051865798232683,-0.5798839608059874,0.9996143073017166,-5.789552370163175,-5.695732829535129,-1.3364695063724827,0.09914613022107016,0.0023667441737541092
1.97,0.00601377063452411,1.4667554726541117,-1.01413076788827,-0.5439980695109143,0.00184195670736176,4.28399383406896e-05,0.23549260215892134,-0.4691962645514678,-0.25926345135973994,-0.07355479730020109,0.023477342483725593,0.0005804609651558606,-3.871498214370326,1.9262045791927493,0.6053257305926857,0.1901183434119078,0.13742404106781692,-0.666870197597345,0.854079492682257,-5.5431601215227895,-5.62118227986995,-1.3106834618210514,0.08479896695049263,0.0020526656929191643
1.98,0.00808985893650575,1.4622611030608479,-1.0166514275476357,-0.5447108726515776,0.0020494857909376524,4.800437041034128e-05,0.2076088301981639,-0.4494369593263704,-0.25206596593656944,-0.07128031406631913,0.020752908357589233,0.0005164432069651674,-4.093957482199179,2.2297891921188544,0.7870416880658666,0.23032786204498557,0.06253265888666348,-0.7486684956589675,0.7047064826537583,-5.286257541588694,-5.540165885301396,-1.2831053160617747,0.06989825890669368,0.0017147333823960428
1.99,0.00987507797524127,1.4579908375046018,-1.0190855052381507,-0.5453967901328447,0.002228219000042535,5.247845554260329e-05,0.17852190387355202,-0.42702655562460357,-0.24340776905149888,-0.06859174812670912,0.017873320910488256,0.0004474085132262012,-4.2755905169987125,2.5219446329250736,0.9647453805646509,0.26905905498633054,-0.012290967257275298,-0.8243417552225609,0.5527115585041479,-5.020428278427261,-5.4531287268775035,-1.2538971158082473,0.054568308339673556,0.0013558844534985947
2.0,0.011360220096031071,1.4539700311355124,-1.0214188477611137,-0.5460518259208046,0.0023768854731832057,5.621829708866877e-05,0.14851421207898022,-0.40208063690895157,-0.2333342522963004,-0.06550357879598825,0.014866647314067076,0.00037398415460654876,-4.416338076124017,2.8009430405848783,1.1374147780467627,0.3061208251093497,-0.08511597253521686,-0.8929667329620337,0.39926338233724956,-4.74734245581655,-5.360558991957632,-1.2232333327442337,0.038933494880180476,0.0009792813073256133
2.0100000000000002,0.012538849412214417,1.4502227278985484,-1.0236378388019873,-0.5466721518547775,0.0024945013035244782,5.918680019248458e-05,0.11786293161833448,-0.3747303236963916,-0.22189910408736382,-0.06203259339728513,0.011761583034127256,0.00029685031038158066,-4.516666877571294,3.065091734072279,1.3040437290267635,0.3413353031059714,-0.1540058224079246,-0.9536507891770705,0.24547714684186225,-4.4687445838672275,-5.262985119223837,-1.1912996601497314,0.023117370594252572,0.0005882818340174283
2.02,0.013407219862734354,1.4467715091506075,-1.0257294798798209,-0.5472541300371929,0.002580372244133089,6.135412358411897e-05,0.08683704505199374,-0.34512187479409007,-0.20916410778335504,-0.05819781824154418,0.008587094060861068,0.0002167323391634395,-4.577509430504623,3.3127447258181753,1.4636484287157163,0.3745382191668707,-0.2170801030886409,-1.005550282755606,0.09241101054747888,-4.186440469134474,-5.160972500002108,-1.1582916812135116,0.007241882067318938,0.00018640732700687208
2.0300000000000002,0.013964168745612187,1.4436373474133641,-1.0276814687293105,-0.5477943343901316,0.0026340930346158194,6.269804636991045e-05,0.055694888287783295,-0.3134161737243338,-0.1951988849489597,-0.054020435293866104,0.005372079048273054,0.00013439227857914803,-4.600194363396165,3.542314817175649,1.6152740219471238,0.40557912942343677,-0.2725748636687797,-1.047890042560824,-0.05893533624931351,-3.902283220160156,-5.0551197921096325,-1.124413428179326,-0.008573280861933805,-0.0002226916185101757
2.04,0.014210991293670781,1.4408394664527433,-1.0294822745607128,-0.5482895712349868,0.0026555436212180056,6.320424384022367e-05,0.024682254805859356,-0.27978809606208277,-0.18008058314023134,-0.0495236844855166,0.0021450586602186294,5.0619747031323056e-05,-4.586370392565326,3.752286150307327,1.7580012784773582,0.434321497802852,-0.3188990568370862,-1.0799832111867098,-0.2076201842262256,-3.6181584535571565,-4.946054903139301,-1.0898758516327443,-0.024211215154022272,-0.0006352708440925362
2.05,0.014151301895010281,1.4383952089044398,-1.0311212096423397,-0.5487368987526995,0.0026448826000019477,6.286646816418041e-05,-0.00596893986605004,-0.24442575483035556,-0.1638935081626854,-0.044732751771266226,-0.0010661021216057964,-3.377756760432545e-05,-4.537927300653005,3.941227073506796,1.890953272719781,0.4606426368864973,-0.35468489172906104,-1.101250659580335,-0.3527576499537575,-3.3359688191112014,-4.83443069821331,-1.0548952189408296,-0.03955822349364584,-0.0010475296194638673
2.06,0.013790887373089705,1.4363199126778652,-1.0325884966559982,-0.5491336451844742,0.00260253825234883,6.168663172929717e-05,-0.036041452192057635,-0.20752962265747407,-0.14672870136586066,-0.03967464317746724,-0.0042344347653117875,-0.00011798364348832442,-4.456917333964261,4.107803161699811,2.0133019956723635,0.48443351526452716,-0.3788303039914105,-1.1112391190807784,-0.493514140676982,-3.0576179796062255,-4.72092048376134,-1.0196914603398632,-0.05450413629789318,-0.0014556485005242869
2.07,0.013137557349691673,1.4346267973671534,-1.0338753312877562,-0.5494774256368102,0.002529197562388696,5.96747927395995e-05,-0.06533300233980327,-0.16931153107117364,-0.1286834631758032,-0.03437804523360404,-0.007334068996013381,-0.00020118389896976727,-4.345480281904066,4.250790220998847,2.124274823875542,0.5055984435653578,-0.3905322220842642,-1.1096371774503067,-0.6291037516601533,-2.784994201215409,-4.60621331473254,-0.9844864806145427,-0.06894255451800516,-0.0018558276675838927
2.08,0.012200996147422453,1.4333268618765438,-1.0349739395349307,-0.549766157360072,0.0024257936069907,5.684904444479283e-05,-0.093656120226922,-0.12999354906095031,-0.10986082471745395,-0.02887317232617483,-0.010340395539799572,-0.0002825748294806674,-4.205775188040942,4.369087095928753,2.2231607687711072,0.5240546565005069,-0.38930981569268397,-1.0962883396596794,-0.758782925729528,-2.519953731884831,-4.491009168607216,-0.9495024538493841,-0.08277103373323856,-0.002244325358620788
2.09,0.010992619982074282,1.4324287944280065,-1.0358776292352292,-0.549998073376635,0.0022934916918126097,5.3235310984735184e-05,-0.12083761653481717,-0.0898067448537288,-0.09036897002985474,-0.023191601656299368,-0.013230191517809037,-0.00036137334600576404,-4.039921190058113,4.461728090493224,2.3093164298339923,0.5397318135385127,-0.37501740254437266,-1.0712004601185612,-0.881844714622822,-2.264304166404045,-4.376014026185782,-0.9149601184124533,-0.09589123203166874,-0.0026174960141359693
2.1,0.009525442388222834,1.4319388960611061,-1.0365808353553938,-0.5501717343428308,0.0021336745739015906,4.886705426216029e-05,-0.14671775938514472,-0.04898983669004665,-0.07032061201645692,-0.017366096619586328,-0.01598171179110193,-0.00043682567225748986,-3.849949432745264,4.527894809763889,2.382171576295541,0.5525714456750848,-0.34784712181139277,-1.0345510041095594,-0.9976129857059407,-2.019788015938556,-4.2619348967083015,-0.8810770891407613,-0.10820904529949567,-0.002971827752003756
2.11,0.007813949953972032,1.4318610186588177,-1.0370791586142893,-0.550286038538403,0.0019479270656430254,4.3784897482185106e-05,-0.17114924342508026,-0.007787740228837513,-0.0498323258895628,-0.011430419557210154,-0.01857475082585652,-0.0005082156779975184,-3.6377673856826425,4.566927227270333,2.441234285059357,0.5625263797840319,-0.3083218264425316,-0.986687782436201,-1.1054369161504505,-1.7880667149094251,-4.149474823477107,-0.848066203571494,-0.11963475372325043,-0.0033039787922233893
2.12,0.005873989551631516,1.4321965184386325,-1.0373693970588103,-0.5503402298879031,0.0017380202602734205,3.803617201369635e-05,-0.19399604023405162,0.03354997798149475,-0.029023844452089744,-0.005419134950014612,-0.02099068053696049,-0.0005748725468488758,-3.4051362659150577,4.578333785238061,2.486095566410608,0.5695601747470782,-0.2572788906510439,-0.9281250123783553,-1.2046861099298436,-1.5707053077036317,-4.039327905707826,-0.8161339189064125,-0.13008320248273453,-0.0036108124524834983
2.13,0.0037226673760731703,1.4329442257364324,-1.037449570259838,-0.5503339039303264,0.0015058955598143081,3.167439504105978e-05,-0.21513221755583456,0.07477072978000095,-0.008017320102779075,0.0006325957576673695,-0.023212470045911246,-0.0006361776972636565,-3.1536616514994136,4.561800339725816,2.5164334141774916,0.5736466046182613,-0.1958457769607147,-0.859534776584288,-1.2947466606384495,-1.369158060593394,-3.932174372577691,-0.7854787760982912,-0.1394740377286775,-0.003889430336015534
2.14,0.0013782592730400374,1.434100431782196,-1.0373189358492911,-0.5502670116662156,0.0012536486262424915,2.4758686098990554e-05,-0.2344408103033133,0.11562060457634091,0.01306344105468783,0.006689226411081171,-0.025224693357181662,-0.0006915708942069228,-2.884796802840602,4.517197770987571,2.532016222961716,0.5747692232162365,-0.12540827914938824,-0.7817341659236194,-1.3750184643344607,-1.184755239647921,-3.828675746059008,-0.7562899469038107,-0.14773201597945468,-0.004137203333705282
2.15,-0.001139868917604401,1.4356588930228407,-1.0369779981775051,-0.5501398612253843,0.0009835133197851672,1.7353131037950484e-05,-0.2518128190644438,0.15584612406448312,0.03409376717860663,0.0127150440831285,-0.027013530645732423,-0.0007405555061040072,-2.599857705323926,4.444588090931537,2.532705521746019,0.5729210416681383,-0.04757238264486219,-0.6956685899563149,-1.4449140601396364,-1.0186912829737103,-3.7294701297906783,-0.7287458788738556,-0.1547874010586352,-0.004351800063594618
2.16,-0.0038113329420965494,1.437610853389933,-1.0364285089321805,-0.5499531173132303,0.0006978456376768407,9.526102272674672e-06,-0.26714640244921484,0.19519603670924407,0.0549489245324579,0.01867439121540352,-0.028566768210832653,-0.0007827028765275812,-2.3000484210128267,4.344228894346493,2.518457980469188,0.5681043455754136,0.035879304547412616,-0.602391908263568,-1.5038592407479203,-0.8720145753521606,-3.635167661653191,-0.7030130519974851,-0.16057645770479195,-0.0045312123738899795
2.17,-0.006614796127306394,1.4399450847404007,-1.035673459625288,-0.5497077984092454,0.00039910762508918983,1.349544341659567e-06,-0.2803463185209844,0.2334231350467637,0.07550493068925856,0.024531890398486855,-0.029873801258765088,-0.0008176557931015104,-1.9864949946157506,4.2165760185524395,2.489326653898494,0.5603306718259589,0.1230355696555101,-0.5030441682348692,-1.551295628855597,-0.7456190056501404,-3.546346167643221,-0.6792448590655646,-0.16504204515230902,-0.0046737775419672745
2.18,-0.009528032708956193,1.4426479455188743,-1.0347170659219411,-0.5494052717076939,8.985119898540845e-05,-7.101766133226096e-06,-0.29132365816497985,0.27028607784736375,0.09563937033466981,0.030252670155148837,-0.030925642610378137,-0.0008451310474885663,-1.6602859004602635,4.062284297209751,2.445461435240237,0.5496209569088748,0.2119080167235845,-0.39882782303632247,-1.5866853576452888,-0.6402374529588575,-3.4635470539503137,-0.6575806197976899,-0.1681343075056782,-0.0047781968135518675
2.19,-0.012527991708202806,1.4457034575031853,-1.033564743854632,-0.5490472458074207,-0.00022729819374208197,-1.5750977038430392e-05,-0.29999589992466125,0.3055511984311075,0.11523220673091092,0.03580259002731889,-0.03171493927274904,-0.0008649210905204295,-1.3225168412275334,3.882206318031967,2.3871087003084375,0.5360058594062416,0.30048473895112604,-0.29098334301511564,-1.6095179232159325,-0.556437307232664,-3.387271472777333,-0.6381447364426078,-0.1698114508703185,-0.004843549945434506
2.2,-0.01559086472726447,1.44909340030245,-1.0322230780366015,-0.5486357611752617,-0.0005496581702197432,-2.4519924997805904e-05,-0.3062873019061664,0.33899427992646364,0.1341665818030528,0.04114846321589644,-0.03223599764776612,-0.0008768947959375511,-0.9743376131791572,3.6773891208854055,2.314610131711049,0.5195262494919675,0.3867849444954854,-0.18076512319226257,-1.6193191944829604,-0.4946180854334705,-3.3179767954681387,-0.6210459960100365,-0.17004059027409837,-0.004869305444012215
2.21,-0.018692161048416155,1.452797423082865,-1.03069978205873,-0.5481731784254283,-0.0008745063406755721,-3.332989854960783e-05,-0.3101296321151686,0.3704022780415043,0.1523295977871533,0.046258274983336595,-0.03248481704558289,-0.000880997355180193,-0.6169987340816019,3.449068801937227,2.228400721352986,0.5002338484239068,0.4689130787850102,-0.06941853021828721,-1.6156624729102993,-0.4550111562132795,-3.256073424043726,-0.6063770216384625,-0.16879864276933843,-0.004855326232722092
2.22,-0.021806793291951447,1.4567931728027865,-1.0290036513243388,-0.5476621644753847,-0.0011990976425367602,-4.210239189400868e-05,-0.31146322435352924,0.39957497199215275,0.169613073439131,0.0511013950043549,-0.03245913018611881,-0.0008772493344400841,-0.2518955867450501,3.19866302077625,2.1290059586123364,0.47819199160298353,0.5451108415484136,0.04184117117573083,-1.5981813930800302,-0.4376815365259028,-3.2019219694926866,-0.5942138729827775,-0.16607323712013033,-0.0048018705357604574
2.23,-0.024909176620841612,1.4610564380489457,-1.0271445086448667,-0.5471056766569616,-0.001520682128039774,-5.075984123235545e-05,-0.3102383328890164,0.4263265246159071,0.18591426794721705,0.05564878184230618,-0.03215844855030139,-0.0008657449338346774,0.11939203942714084,2.9277614403321843,2.0170382208052375,0.4534764803664064,0.6138054007445769,0.15184741201082852,-1.5665843494815044,-0.442531673931021,-3.1558308223332387,-0.5846157930570082,-0.16186360552770948,-0.004709587834366829
2.24,-0.02797334407958142,1.4655613073829448,-1.0251331429856487,-0.5465069448795599,-0.0018365232261571066,-5.922633620293225e-05,-0.30641674587398066,0.45048693339990475,0.20113656592180437,0.059873177740173214,-0.031584109811733235,-0.00084664949705768,0.4950669277808211,2.6381141634326286,1.8931923920261715,0.4261764806481043,0.673652089772788,0.2594979990035333,-1.5206700301655245,-0.4693070805302546,-3.118054138272986,-0.5776250968240139,-0.15618141927348492,-0.004579509835485477
2.25,-0.030973080132705673,1.470280340934656,-1.0229812418140853,-0.5458694519600787,-0.0021439164676629874,-6.742829948325275e-05,-0.29997360531242545,0.47190335517112353,0.21519011715632796,0.0637492919481153,-0.030739324150588082,-0.0008201963280320499,0.8730895911099233,2.331618264351219,1.7582407460865306,0.3963954214252894,0.7235699619620548,0.36376762661417117,-1.4603435401999654,-0.5176036403104489,-3.088790259399677,-0.5732671950996602,-0.14905152825754336,-0.004413036489745812
2.2600000000000002,-0.0338820738393409,1.4751847538199505,-1.020701317561463,-0.5451969122514141,-0.002440208627889511,-7.52951282703552e-05,-0.2908993706635231,0.49044128852945273,0.22799242526223903,0.06725397086646168,-0.029629216022652345,-0.0007866828787102451,1.251162944110178,2.0103025480257024,1.6130271390425324,0.36425184264456334,0.7627687780751709,0.4637171484464415,-1.3856325138979186,-0.5868763730157154,-3.068180589312087,-0.5715507461149887,-0.14051256439328205,-0.0042119172041138265
2.27,-0.03667409238261825,1.4802446098173498,-1.0183066287636675,-0.5444932487177552,-0.0027228172070303974,-8.275979205996441e-05,-0.2792018543277348,0.5059855997399254,0.2394688797795391,0.07036635336588956,-0.028260857914088635,-0.0007464663789609214,1.6267274672546248,1.6763107030135838,1.458460566593608,0.3298801412568455,0.7907663146375414,0.5584997048218132,-1.2967025513296973,-0.6764494062840924,-3.056308938890105,-0.5724679263930106,-0.13061737079867358,-0.00397822751066707
2.2800000000000002,-0.03932317488929693,1.4854290236145473,-1.0158110964941747,-0.5437625686201869,-0.0029892501343796113,-8.975938191181208e-05,-0.2649082506678682,0.5184413797197484,0.24955322694927537,0.07306800975682305,-0.026643292734921373,-0.0006999589851847672,1.9969674439315965,1.3318830458992517,1.2955081512824853,0.2934311651490926,0.8073952854326976,0.6473639499816506,-1.1938712778643168,-0.7855268852247002,-3.053201357806592,-0.5759948124301018,-0.1194332226969812,-0.0037143415719619543
2.29,-0.041803845651249324,1.490706369833872,-1.013229216744161,-0.5430091379900005,-0.003237125552023564,-9.623560719864454e-05,-0.2480670761952391,0.5277346219324777,0.2581879750013651,0.0753430630186434,-0.02478754176439527,-0.0006476225286832467,2.3588284432629094,0.9793370839465467,1.125187633751987,0.25507260799312004,0.8127996360657903,0.7296547373320448,-1.0776203203908237,-0.9132045361078016,-3.058826465050535,-0.5820918649505357,-0.10704181177486537,-0.003422901019668622
2.3000000000000003,-0.04409134502466107,1.4960444969678885,-1.0105759694386292,-0.5422373550793395,-0.0034641915063221055,-0.00010213523667553858,-0.22874993734117427,0.5338127134016493,0.26532473055319533,0.07717829106609987,-0.022706595429854134,-0.0005899629476894036,2.7090458124183296,0.6210471484670754,0.9485594510388694,0.21498916319961214,0.8074204652619361,0.8048116989828227,-0.9486045236258798,-1.0584815991809045,-3.0730962891860383,-0.590704508095632,-0.09353897319049236,-0.003106780730219798
2.31,-0.046161875464363435,1.5014109443042671,-1.0078667248034074,-0.5414517229890954,-0.003668345352805893,-0.00010741048155806934,-0.20705304397023672,0.536644733637861,0.27092446352216804,0.07856320902440296,-0.02041538464837873,-0.0005275244882530768,3.0441835507078565,0.25942337283724826,0.7667184927027885,0.1733824020554211,0.7919723072564064,0.8723661947752559,-0.8076577954470019,-1.220272855042169,-3.0958676252622466,-0.601763796639484,-0.07903414311302931,-0.0027690522326719066
2.32,-0.04799285937920855,1.50677315989415,-1.0051171478152408,-0.5406568216820575,-0.0038476526624049204,-0.00011201931914623715,-0.1830983914845117,0.5362215589882948,0.27495769881667076,0.07949013070378531,-0.017930730959902764,-0.00046088375881677985,3.3606825782632215,-0.10310969441236596,0.5807856321977011,0.13047034931825907,0.7674109403439591,0.9319371077620557,-0.655795069908492,-1.3974204891062016,-3.1269439096618257,-0.6151871649863705,-0.0636495441521144,-0.0024129455136812756
2.33,-0.04956320479819024,1.512098717621265,-1.0023431014755386,-0.5398572795950003,-0.00400036540448476,-0.00011592575635970912,-0.15703454189816918,0.5325557727115047,0.27740463397021514,0.07995420870571979,-0.015271274207983895,-0.00039064372134719734,3.654917097610956,-0.4641345401725731,0.3918991359272618,0.08648673881494534,0.7348942369685503,0.983225932470174,-0.49421000635965695,-1.5887055684423381,-3.1660776062703317,-0.6308792520927067,-0.04751910578589869,-0.0020418100272057613
2.34,-0.05085357424198954,1.517355531460202,-0.999560549647481,-0.5390577450664779,-0.004124939175083407,-0.00011910003334344852,-0.1290369443799297,0.5256813838937059,0.2782551828057698,0.07995345285223876,-0.012457377059864754,-0.00031742769837393996,3.923257487072268,-0.8212618951006009,0.20120605559088367,0.04167994147678278,0.6957378194919812,1.0260115462662425,-0.3242681964341705,-1.792858942984838,-3.212973086899992,-0.6487327963862448,-0.030787136380567456,-0.0016590757283701226
2.35,-0.05184665172301315,1.5225120650711337,-0.9967854601860533,-0.5382628577974612,-0.004220049236932904,-0.00012151876804687897,-0.09930774810236141,0.5156533610931627,0.27750894614276417,0.0794887269016699,-0.009511006184949631,-0.00024187347034304493,4.1621379678585315,-1.1721513958311582,0.009853710441879882,-0.0036884316057652633,0.6513674224169179,1.0601449809897039,-0.14749581930440864,-2.0085714266163155,-3.2672899759332994,-0.668629594100465,-0.01360677209139235,-0.0012682149297701753
2.36,-0.052527402466387256,1.5275375349637585,-0.9940337090713779,-0.5374772205595361,-0.004284605141113536,-0.00012316504336140556,-0.06807507433741086,0.5025469892624796,0.2751751114675405,0.0785637237925092,-0.006455590418063189,-0.00016462753145266034,4.368127156030956,-1.514531405995897,-0.18101863528043077,-0.04934523845818628,0.6032698862525194,1.0855444303082997,0.03443614000588794,-2.234503160337965,-3.3286469140465265,-0.6904415131569215,0.003861764619551457,-0.0008727057242576502
2.37,-0.05288331976699528,1.5324021055736687,-0.9913209862277965,-0.5367053713601831,-0.00431776370823017,-0.00012402843900895325,-0.035591730060802095,0.4864570609910248,0.2712722843581423,0.07718491993529525,-0.0033158567116634333,-8.633956475477008e-05,4.537999547250417,-1.8462177167289004,-0.37028779832059266,-0.09500780563311562,0.5529446294727265,1.1021906459267257,0.2197318241883623,-2.4692921069113996,-3.396625679401133,-0.71403155286577,0.02145305829405331,-0.0004759976330061686
2.38,-0.05290465337993423,1.5370770747273734,-0.988662703675145,-0.5359517562667524,-0.00431894015945788,-0.00012410501089838902,-0.0021333612938954707,0.4674969153704657,0.2658282552651565,0.07536150934307925,-0.00011764512277103985,-7.657188943576413e-06,4.668805984858442,-2.165130869767323,-0.5568543107275902,-0.14038618677745784,0.5018572792533789,1.110122799553642,0.4064941473850156,-2.7115616712678845,-3.470775587988575,-0.7392549374313951,0.03899850312188381,-8.148002552095594e-05
2.39,-0.05258461398421011,1.541535048124968,-0.9860739066153293,-0.5352207030802818,-0.004287817204265059,-0.00012339722109922074,0.03200393957241198,0.4457973397594614,0.258879705981562,0.07310531864706096,0.003112295519282094,7.077897991682804e-05,4.757941226315851,-2.4693118749614733,-0.7396495762889231,-0.18518564172839547,0.4513969095683379,1.1094348224124033,0.5927515726545203,-2.959927481166783,-3.5506180793058078,-0.7659602287971062,0.05632837048233795,0.0003075462748688974
2.4,-0.051919548556846974,1.5457501016385686,-0.983569188007654,-0.5345163960375013,-0.004224351911635938,-0.00012191382191664191,0.06650654273631401,0.4215053513600554,0.25047186076753636,0.07043070427805061,0.006346529262912112,0.00014833991825788416,4.803206843397148,-2.756936128331246,-0.9176424739159169,-0.2291092912177728,0.4028380594826828,1.1002721832164863,0.7764873404196551,-3.2130033960255338,-3.6356513808093616,-0.7939904420620209,0.07327389698429236,0.0006878939333207629
2.41,-0.05090908193629808,1.549697930406353,-0.9811626071315073,-0.5338428517045017,-0.004128780214700702,-0.00011966969778469225,0.10104666205488934,0.39478287677842505,0.2406580876146723,0.06735443329996536,0.009557169693523625,0.00022441241319496572,4.802867860169177,-3.0263253758675854,-1.0898453458706248,-0.27186089753357834,0.3573084075588788,1.0828290302295027,0.9556703914858158,-3.4694068371072695,-3.725355136220739,-0.8231841449107241,0.08966935046814933,0.0010565104792627307
2.42,-0.04955622042496337,1.553355983892326,-0.9788676125762568,-0.5332038962089745,-0.004001618924337854,-0.00011668566882314353,0.13528615113347162,0.36580534859732317,0.22949945552505308,0.0638955495527259,0.01271612903628485,0.0002984028961548718,4.7557017408060185,-3.2759576110062962,-1.2553193233642266,-0.3131477184648759,0.31576268057080625,1.0573456030270956,1.1282871890149726,-3.727763548582834,-3.8191948801151563,-0.8533765215586656,0.10535403485432342,0.001410496150880151
2.43,-0.04786741396184493,1.5567035862765246,-0.9766969700369077,-0.5326031439400354,-0.003843665155023283,-0.00011298825992925982,0.1688806463118438,0.3347602384198476,0.2170642539349044,0.06007522689390879,0.015795376931457113,0.0003697408893883709,4.661038576974906,-3.504474838857415,-1.4131789578320573,-0.35268338060677884,0.2789630932628455,1.0241058133316305,1.2923736384930042,-3.986711906312215,-3.9166262453218383,-0.8844003819239011,0.12017419935148523,0.0017471183822134536
2.44,-0.04585257416628464,1.5597220417350244,-0.9746626952316555,-0.5320439778258567,-0.00365599309544162,-0.00010860943920104847,0.201483979556029,0.30184554584998097,0.20342748052521992,0.05591661141787667,0.01876720595816627,0.00043788207282113465,4.518791581671697,-3.710688686512148,-1.5625961425783945,-0.39019071862755617,0.2474663636814185,0.9834348993798971,1.4460463305145481,-4.24490689008869,-4.017098800971185,-0.9160870982809938,0.13398482296996556,0.0020638232274257746
2.45,-0.04352504638901732,1.562394724359662,-0.9727759921953296,-0.5315295312800979,-0.003439948086632171,-0.00010358632932004445,0.23275277772673136,0.2672682624637658,0.18867030363258658,0.05144465457587693,0.02160450088094488,0.0005023109881004021,4.32947726275367,-3.8935838846525734,-1.7028033259363764,-0.42540452933381623,0.2216171343645179,0.9356970718400204,1.5875323837096047,-4.501023826660104,-4.12005943738594,-0.94826745459712,0.1466512511021224,0.002358244113615961
2.46,-0.04090153478350277,1.5647071526498413,-0.9710471971422605,-0.5310626718888934,-0.0031971380012182212,-9.796089526798947e-05,0.2623511605514548,0.23124282901792573,0.17287950530691357,0.04668593912044484,0.024281008541394988,0.0005625434052054991,4.0942249151361745,-4.052319689854902,-1.8330960330562107,-0.45807419310018105,0.20154745799289842,0.8812930883103265,1.715197238782213,-4.753761996585127,-4.224955238613484,-0.9807723980080525,0.1580506667313573,0.002628208382405485
2.47,-0.03800198030508957,1.5666470486795834,-0.9694857280345803,-0.5306459868913574,-0.0029294219481036878,-9.177961142478358e-05,0.2899554478413203,0.19398960297420362,0.15614691076801535,0.04166849975359834,0.026771605311453364,0.0006181283843205891,3.8147753266116644,-4.1862293580434065,-1.95283472834768,-0.48796612037485687,0.1871818779524439,0.820657715059546,1.8275698432984815,-5.001848179623774,-4.331235812793835,-1.0134336872290775,0.168073384263535,0.0028717421191370354
2.48,-0.03484939243566123,1.5682043821989058,-0.9681000399385459,-0.5302817704886202,-0.0026388963575033164,-8.509311070931084e-05,0.31525878694283394,0.15573335193223498,0.13856880960344845,0.03642164027372173,0.02905255906003713,0.0006686500715472739,3.4934688305999773,-4.29481781630022,-2.0614460640015597,-0.5148659870599097,0.17824754758651729,0.7542570565165749,1.9233647644292622,-5.244040192703304,-4.438355082802072,-1.0460844387503505,0.17662395876037595,0.003087073776479071
2.49,-0.03146963629660833,1.569371400067055,-0.9668975862031169,-0.5299720129996701,-0.0023278785309527525,-7.795581799711873e-05,0.33797561390528974,0.11670178681490889,0.12024537354289164,0.030975748895013117,0.03110178265505639,0.0007137292712192117,3.1332230534608607,-4.377757711594942,-2.1584235714183926,-0.5385807294723115,0.1742887824068493,0.6825857530857034,2.0015008676990242,-5.479130453271472,-4.545772572397165,-1.0785595779783597,0.1836221073040321,0.0032726370778890334
2.5,-0.027891177635314436,1.570142641534035,-0.9658847854525162,-0.529718391867054,-0.001998887769745854,-7.042556959838618e-05,0.35784586612938946,0.07712414669800052,0.10128007506006981,0.02536211326160374,0.03289907612068985,0.0007530248398732552,2.7375008896720257,-4.434884040136407,-2.24332786144753,-0.5589402768493343,0.1746854213493627,0.6061640648961795,2.061116299162292,-5.705949580600033,-4.652954254016364,-1.1106962085444985,0.1890034422405418,0.003427073638635629
2.5100000000000002,-0.024144788934686887,1.5705149399848841,-0.9650669943483722,-0.5295222645020278,-0.001654624222868677,-6.256322012653299e-05,0.37463887006275476,0.03722984508490739,0.08177911041440641,0.019612736502630793,0.03442635468771769,0.0007862349471853187,2.310269392526025,-4.466187579363779,-2.3157864058177475,-0.5757990066681096,0.17867437952421916,0.5255348721902493,2.101579602672918,-5.923370029620356,-4.759373051021353,-1.142333918296747,0.1927200181351545,0.0035492356720366876
2.52,-0.02026322058936854,1.570487411837523,-0.9644484860476185,-0.5293846629472068,-0.001297945621818591,-5.443223765337032e-05,0.38815683453183475,-0.002752814736112587,0.061850830075374605,0.013760155482104752,0.03566786010500861,0.0008130982473162666,1.8559503903475627,-4.471807355765141,-2.3754929758494177,-0.5890369150796744,0.18537379883272997,0.4412606320183958,2.122496890583482,-6.130309737150945,-4.864509107571596,-1.1733150445600264,0.19474069550623588,0.0036381890612324688
2.5300000000000002,-0.016280841706742256,1.5700614333396732,-0.9640324342596442,-0.5293062903252447,-0.0009318420946573284,-4.6098287652131855e-05,0.3982378882626282,-0.04259784978498041,0.041605178797424015,0.007837262196204257,0.03661035271612626,0.0008333950001238464,1.3793637298336798,-4.452022385678739,-2.4222068154369603,-0.5985605012070749,0.19380923736418865,0.353920335760301,2.1237150640360736,-6.325735749588114,-4.967849951792592,-1.2034849237294878,0.1950513249363232,0.003693216977702346
2.54,-0.01223325561890724,1.5692406060438733,-0.9638209027900793,-0.5292875190345585,-0.0005594092752469217,-3.762880589564939e-05,0.40475860878350167,-0.08208272957999088,0.02115314695649975,0.0018771290686161075,0.037243281941040665,0.000846948175648247,0.8856641119605604,-4.407242923204498,-2.4557516234253622,-0.604303369650129,0.20294137730054373,0.26410651316259237,2.105321147738685,-6.508667794650254,-5.068890681559524,-1.2326921509148943,0.19365475518753275,0.003713824122539201
2.5500000000000003,-0.008156895628930311,1.5680307117531511,-0.9638148404486471,-0.5293283906475649,-0.00018381994588996406,-2.909256022251942e-05,0.40763599899769287,-0.12098942907221885,0.0006062341432184169,-0.0040871613006396666,0.03755893293569576,0.0008536245673129964,0.380272526417084,-4.338001439776497,-2.476014416020655,-0.6062265601648349,0.2116947684876902,0.17242232661382642,2.067637864337269,-6.678181757688911,-5.1671342967635265,-1.2607888741032018,0.19057066869998437,0.003699741560784432
2.56,-0.004088606858110631,1.5664396577250883,-0.9640140811941146,-0.5294286174631515,0.00019170552741785702,-2.0559200926378472e-05,0.4068288770819681,-0.15910540280628543,-0.019924074546747737,-0.010022681558663076,0.03755254733078211,0.0008533359296140951,-0.13119668680561028,-4.24494354447731,-2.4829443330261807,-0.6043186169408408,0.2189871561722027,0.07947879485990572,2.0112156263214764,-6.833413025252321,-5.262092287814539,-1.2876311442312773,0.18583524755811745,0.003650932018079967
2.57,-6.522030928743545e-05,1.564477412900923,-0.9644173493897145,-0.5295875856629733,0.0005639296881918836,-1.2098799476562175e-05,0.40233865488231957,-0.19622448241654877,-0.04032681955999333,-0.015896819982172582,0.03722241607740266,0.0008460401449816296,-0.6430121091595637,-4.128819033634641,-2.4765514427879687,-0.5985954122393018,0.22375896296652487,-0.014107821126738695,1.936821170249329,-6.973559664637407,-5.353285568477953,-1.3130793378960608,0.17950067288821503,0.003567595417117867
2.58,0.0038768745862893675,1.5621559358913988,-0.96502227004659,-0.5298043600203876,0.0009296291137545251,-3.7813753532177796e-06,0.39420948955768026,-0.23214770095241014,-0.06049206568755783,-0.021677435741430693,0.03656994255626414,0.0008317424123344395,-1.1494038038997036,-3.9904732335784456,-2.456905590157458,-0.5890997403393712,0.2250025043390691,-0.10771844543744602,1.8454231003615633,-7.097885417523113,-5.440245813627942,-1.336998663541523,0.1716344608865235,0.003450174352752601
2.59,0.007702152614612175,1.5594890954049572,-0.965825383939768,-0.530077690111131,0.0012856258562177643,4.323589016880806e-06,0.3825278028322807,-0.2666840486441659,-0.08031138931779473,-0.027333009074347922,0.035599674246323924,0.0008104964370098586,-1.6446431151359369,-3.8308387726727977,-2.4241353199450537,-0.5759006979844408,0.22179051248265402,-0.2007334122517157,1.7381746475787672,-7.205722497694337,-5.522517231243956,-1.3592597553159682,0.16231863941026137,0.0032993591422712035
2.6,0.011376364333154608,1.55649258374939,-0.9668221674898148,-0.5304060179758718,0.0016288188703057773,1.214764490372128e-05,0.3674211718542433,-0.2996511655567182,-0.0996783550046677,-0.03283278647407933,0.034319301408801295,0.0007824055886840474,-2.123122645797374,-3.650927888928495,-2.378426895722582,-0.5590928668590749,0.2133035252549167,-0.2925344835636583,1.6163939862294365,-7.296474196428147,-5.599658765344647,-1.379739351912013,0.1516487703765032,0.0031160920434253466
2.61,0.01486693038655894,1.5531838239781206,-0.9680070573125477,-0.5307874871862236,0.0019562150846607973,1.9623884714627498e-05,0.34905660534043315,-0.3308759771269286,-0.11848898227329191,-0.038146921035176855,0.03273962143550199,0.0007476239810906217,-2.5794353370106005,-3.4518253486882515,-2.3200234208719257,-0.5387953124452984,0.1988556663534098,-0.38250666612189255,1.4815424849165877,-7.3696173132659055,-5.671246694974014,-1.3983210511190542,0.13973282512747146,0.0029015702087830156
2.62,0.018143312670935826,1.5495818711896736,-0.9693734793478663,-0.5312199532673498,0.002264959762162721,2.6687458867757113e-05,0.3276382284376887,-0.36019527884470687,-0.13664220353186582,-0.04324660811262686,0.03087446775019236,0.0007063574153129616,-3.0084515444899096,-3.234682021047442,-2.249224055959673,-0.5151504120119519,0.17791830284476973,-0.47003984694925904,1.3352012993889153,-7.424704443456264,-5.736877566119618,-1.4148961250324208,0.1266899223932901,0.002657246941268023
2.63,0.021177356766502994,1.5457073084263795,-0.9709138824858935,-0.5317009954316164,0.002552365786685891,3.327610004483247e-05,0.3034044095567169,-0.38745627632942037,-0.15404031380271913,-0.04810421642666186,0.02874060245231699,0.000658864117707536,-3.4053929723129017,-3.000709122741788,-2.1663833142716427,-0.48832252284823596,0.15014102101040372,-0.5545302811218491,1.17904674326946,-7.461366165066293,-5.7961713705276265,-1.4293643762937926,0.11264894141306313,0.0023848308321091144
2.64,0.023943600489638457,1.5415821375584773,-0.9726197766132398,-0.5322279295785872,0.0028159415093547196,3.933065199142507e-05,0.2766243723135464,-0.4125170867902187,-0.17058941273463848,-0.05269341469707849,0.02635757226688289,0.0006054551946592598,-3.7659022841503775,-2.7511731199995837,-2.0719104060938958,-0.45849650036726075,0.11536931716117138,-0.635381981403413,1.0148248956538102,-7.479313177337243,-5.84877486928365,-1.4416350126869464,0.09774702600808838,0.002086282397726873
2.65,0.02641954394535874,1.53722966548482,-0.9744817750035065,-0.5327978225167675,0.003053416787593707,4.479559919062928e-05,0.24759434557202817,-0.4352472073657259,-0.1861998390266679,-0.05698929381802949,0.023747527823898752,0.0005464947199204208,-4.086107172276213,-2.4873912480071145,-1.9662685924375576,-0.42587607467130084,0.07365836402638593,-0.7120080767276384,0.8443259212133248,-7.4783384460830105,-5.894364950658813,-1.4516275160421863,0.08212799874156237,0.0017638078845447645
2.66,0.028585877088199426,1.5326743859333773,-0.9764896409734635,-0.533407507361696,0.0032627668560220114,4.9619592858265376e-05,0.2166333142840687,-0.4555279551442776,-0.20078659699568985,-0.060968484492841826,0.020935006842830436,0.0004823993667636097,-4.362677633406443,-2.2107275857202424,-1.8499745007250128,-0.3906820937216917,0.025282194126866386,-0.7838322250823082,0.6693585866454133,-7.458319410720396,-5.932651911322765,-1.4592724817171225,0.06594070752410312,0.0014198499778882152
2.67,0.030426661519843645,1.5279418571053465,-0.9786323387192009,-0.5340536000631357,0.0034422336804670636,5.375596782891936e-05,0.18407844316442176,-0.4732528828030851,-0.21426977457374344,-0.06460927014397595,0.017946682444505244,0.0004136374970653983,-4.592875187396311,-1.922589604195314,-1.7235973487248606,-0.35315064161445164,-0.02926235147580769,-0.850290185254746,0.4917254552587821,-7.419220300077736,-5.963382557170776,-1.4645124067717368,0.049337329899526126,0.0010570752300773302
2.68,0.03192946405914968,1.523058575377263,-0.9808980882346527,-0.5347325170111534,0.0035903444659731117,5.7163244060302785e-05,0.15028025393060376,-0.48832817280834645,-0.22657495154518725,-0.06789169480176886,0.01481107855060483,0.0003407276231383429,-4.77459279117972,-1.6244250906948206,-1.5877580189627531,-0.3135310416732118,-0.0892575181282318,-0.9108316698987267,0.31319922757851243,-7.361094590027633,-5.986343033646582,-1.467302408055187,0.032471662542318584,0.0006783581101636636
2.69,0.03308544050446172,1.5180518452570169,-0.9832744241981345,-0.535440493666785,0.0037059270174463906,5.980560571977523e-05,0.11559764453120397,-0.5006730120246197,-0.23763359634817313,-0.0707976655631659,0.011558255147327893,0.00026423616594724466,-4.9063842576802195,-1.3177193387180284,-1.443127924079992,-0.27208375611867286,-0.15377289867339172,-0.9649226177106893,0.13550066898550273,-7.284087615292856,-6.001361313991431,-1.467610855377146,0.015497425012860888,0.00028676166989509536
2.7,0.03388936895510469,1.512949645782745,-0.9857482586910266,-0.5361736041578269,0.0037881216880877406,6.165335017424302e-05,0.08039284506429728,-0.5102199474271913,-0.24738344928920697,-0.07331104910418602,0.008219467064134994,0.00018477444544677893,-4.987482098866569,-1.003992485867561,-1.290427604193928,-0.22907819698550558,-0.22168044578757318,-1.0120480328176145,-0.03972147490217724,-7.1884393211052675,-6.008309295373746,-1.4654199092896294,-0.001433392615665613,-0.00011448508629643788
2.71,0.03433963305012342,1.50778049355843,-0.9883059475867565,-0.5369277817741549,0.0038363896962931945,6.26832987257251e-05,0.04502640950187306,-0.5169152224314976,-0.2557688895729983,-0.07541776163280571,0.0048268008205453765,0.0001029948551482075,-5.017802883066423,-0.6847968770518041,-1.1304250002445042,-0.1847904664595692,-0.2916764291102929,-1.0517155421731106,-0.2109082278284664,-7.074487108975307,-6.007104475241982,-1.4607259572837448,-0.018172109133876412,-0.0005220129488355714
2.72,0.03443815649442326,1.502573302636598,-0.990933360418258,-0.5376988402900257,0.0038505176461375713,6.287916066011774e-05,0.009852344429983888,-0.5207190921831985,-0.2627412831501445,-0.07710585158707768,0.0014127949844376735,1.958619343926432e-05,-4.99793943546097,-0.36171432981325297,-0.9639333524549462,-0.13950104878643677,-0.362310285712244,-1.0834598139342102,-0.37660551559149186,-6.942668696447173,-5.9977112014232326,-1.4535399459744278,-0.034574831043866175,-0.000932341104904735
2.73,0.03419029124805305,1.497357241486363,-0.9936159534987412,-0.5384824960332307,0.0038306181493057605,6.223184214190024e-05,-0.024786524637020947,-0.5216061150235005,-0.26825930804832965,-0.07836557432050101,-0.0019899496831810846,-6.473185182175089e-05,-4.929139519437683,-0.036353181375718024,-0.7918086802112221,-0.09349248005190924,-0.4320200200666733,-1.1068479587544653,-0.5354764752922568,-6.793524875651741,-5.980141507634745,-1.4438876097553575,-0.05050380601837441,-0.0013419082557195867
2.74,0.03360466272248677,1.4921615873235001,-0.9963388460346617,-0.5392743906129878,0.0037771265162769704,6.0739691721287646e-05,-0.058562852556627826,-0.5195654162862913,-0.2722892535920486,-0.07918945797570633,-0.00534916330287899,-0.0001492150420612591,-4.813271011753223,0.28965499693069807,-0.6149468086371941,-0.04704702604215705,-0.4991734819499918,-1.12148599945951,-0.6863108171695491,-6.627702022339532,-5.954455559782321,-1.4318095982300167,-0.06582862977320102,-0.0017471058456772065
2.75,0.03269297622513413,1.4870155781272685,-0.9990868989320791,-0.5400701142102892,0.0036907935600101983,5.840867474145037e-05,-0.0911686497352643,-0.5146009196231693,-0.2748052897417373,-0.07957235973013642,-0.008633295626677192,-0.00023310169798372793,-4.652774016506408,0.6146591231641204,-0.43427991752941075,-0.0004444018707409625,-0.5621145056429917,-1.127026441418622,-0.8280312015106386,-6.445954178621873,-5.920761746840954,-1.4173615053846198,-0.08042728964989997,-0.0021443129484050626
2.7600000000000002,0.03146978968595054,1.481948262725141,-1.0018447959591064,-0.5408652293263292,0.0035726746340823253,5.5252469748571346e-05,-0.12231865391835979,-0.5067315402127535,-0.2757897027027155,-0.0795115116040074,-0.011811892592787294,-0.0003156204992879025,-4.450600835252349,0.9369928597790912,-0.2507725997898325,0.046040430465460025,-0.619212554859029,-1.1231769061725707,-0.9596966798107146,-6.249144511493112,-5.879216453021609,-1.400613803037761,-0.09418703332845053,-0.0025299323173249575
2.77,0.029952258355146325,1.4769883493900253,-1.004597126888817,-0.5416552948768376,0.0034241151064564198,5.129248110942876e-05,-0.15175313308042113,-0.49599133351156655,-0.275233092971054,-0.0790065550508454,-0.014855952762590562,-0.00039599886391425854,-4.210145200251553,1.2549794797215177,-0.06541742857638462,0.09213934909057864,-0.6689142123678238,-1.1097097064564263,-1.080503332515396,-6.0382459376013475,-5.8300235457103255,-1.3816516797920377,-0.10700505659719484,-0.0029004270852676936
2.7800000000000002,0.028159857649193397,1.4721640534634084,-1.007328472209791,-0.5424358905128633,0.003246732546686026,4.655776340758512e-05,-0.17924007059529282,-0.48242959266168417,-0.27313453209739835,-0.07805956360257603,-0.017738255977039385,-0.00047347177018436436,-3.935162656416383,1.566937407193119,0.12076995531379997,0.13759300657237716,-0.7097946102865968,-1.0864721454668667,-1.18978231177935,-5.814340704319514,-5.773433607241064,-1.3605747848428318,-0.11878900973936767,-0.0032523575885129606
2.79,0.02611409061970744,1.4675029445904268,-1.0100234889563664,-0.5432026410419841,0.0030423959750487863,4.108485478273114e-05,-0.2045767029485955,-0.4661108872981552,-0.2695016746575312,-0.07667505291207438,-0.020433657163723976,-0.0005472908624853984,-3.6296844128909154,1.8711864790741761,0.3067562122907466,0.1821525761934497,-0.7406067441043831,-1.0533972229838922,-1.28699556363903,-5.578618728788486,-5.709742929245955,-1.3374968739495743,-0.12945732759264375,-0.003582417794364098
2.8000000000000003,0.02383818661000052,1.4630317942273612,-1.0126669971785025,-0.5439512408182149,0.002813202583491581,3.491751814685761e-05,-0.22759040097069214,-0.4471150363065667,-0.2643508222136013,-0.07485997762307257,-0.02291933915572055,-0.0006167336635873523,-3.297927344146668,2.166054954154531,0.4914960941172331,0.22558127860676436,-0.7603265735471076,-1.0105143333755553,-1.3717295574467685,-5.332374520200956,-5.639292277642323,-1.312545353036209,-0.1389393934600191,-0.0038874708265012317
2.81,0.021356797539979034,1.4587764241566163,-1.0152440665427374,-0.544677477964185,0.002561452387222581,2.810639109257715e-05,-0.2481389070021487,-0.4255370070744942,-0.257706936423478,-0.0726237145970083,-0.02517501962689999,-0.000681112705428046,-2.94420307167951,2.4498872776065146,0.6739386100719309,0.2676556627653017,-0.7681919011045419,-0.9579594545074648,-1.4436873897989284,-5.077002545197191,-5.56246542581008,-1.285860713611584,-0.1471755515902885,-0.004164583107065474
2.82,0.018695697924663163,1.454761556816983,-1.0177401025317037,-0.5453772582855367,0.0022896212996349847,2.0708547231714196e-05,-0.26610996153158695,-0.4014867339633433,-0.24960359889662792,-0.06997803213517263,-0.027183108758759632,-0.0007397843860862955,-2.5728291747739895,2.7210525878951626,0.8530335147725187,0.308166622204638,-0.7637332381938968,-0.8959842614408982,-1.502679654864068,-4.813990940046816,-5.479687444563965,-1.2575958537547784,-0.15411698674163307,-0.004411056666723472
2.83,0.01588149419854483,1.4510106683259856,-1.0201409316906138,-0.5460466287350279,0.0020003331400280044,1.2786973590989669e-05,-0.2814203726118333,-0.3750888490997446,-0.24008291589101308,-0.0669370449491127,-0.028928815960698028,-0.0007921573640724527,-2.1880455446401794,2.9779539329190863,1.027738055758262,0.34692013613140027,-0.7467952105684343,-0.8249635633253865,-1.5486144832005433,-4.544913523835546,-5.391422731197801,-1.227915278950097,-0.15972549227813143,-0.004624459211838912
2.84,0.012941348210988652,1.4475458451345267,-1.0224328853554536,-0.5466818002825243,0.001696331082238101,4.409970472096144e-06,-0.29401459875561775,-0.3464823191458865,-0.22919536648398073,-0.06351715474964882,-0.030400205778990344,-0.0008377003118893525,-1.793938703695016,3.2190381419489267,1.197023912995904,0.3837377341194088,-0.7175474968380895,-0.7454004632291231,-1.5814871478346308,-4.271420121284565,-5.2981727568302865,-1.1969941786108795,-0.16397315026030815,-0.0048026515794431755
2.85,0.009902718909429828,1.4443876453100182,-1.0246028812896368,-0.5472791700469514,0.0013804490327772958,-4.349518212330479e-06,-0.30386293015588245,-0.31581998245084336,-0.2169995934183185,-0.05973697644270199,-0.03158820494608053,-0.0008759488684426623,-1.3943765663970813,3.4428062802203874,1.3598842582018211,0.4184566928915494,-0.6764848036046445,-0.6579286833259261,-1.6013696211284985,-3.995225259077894,-5.200473511732332,-1.1650173766089598,-0.16684194805392888,-0.004943812254262304
2.86,0.006793125276571562,1.4415549654909956,-1.0266385026537437,-0.5478353425473176,0.001055583390453931,-1.341463474467353e-05,-0.3109593632858266,-0.28326798190226876,-0.20356213641068266,-0.05561725003662054,-0.03248656423233648,-0.000906511653234305,-0.9929556379114697,3.647824594161795,1.5153408592103719,0.4509299831596554,-0.6244159165083927,-0.5633115829984128,-1.608400440757712,-3.7180953527588043,-5.0988926320739,-1.1321781573357699,-0.1683233561077179,-0.005046458666201625
2.87,0.003639932578777195,1.439064914592204,-1.0285280737367715,-0.5483471499321146,0.0007246655878338414,-2.2705387073827953e-05,-0.31531926977943675,-0.2490050898791537,-0.18895710830278875,-0.05118073847970923,-0.033091780262008964,-0.0009290752329154424,-0.5929620612406867,3.8327358375055702,1.6624511534501751,0.48102599325927464,-0.5624423839624191,-0.46243752237249747,-1.6027752100439094,-3.4418345498278695,-4.994026198069182,-1.0986769725005145,-0.16841789077737582,-0.0051094650302847735
2.88,0.0004701629605418072,1.4369326953628203,-1.030260731887041,-0.5488116710496918,0.00039063575131753967,-3.213946668413801e-05,-0.31697696182353874,-0.21322192293836822,-0.17326581502695376,-0.04645211175770765,-0.03340298365163017,-0.0009434079610310054,-0.19734727006530767,3.996270852239371,1.8003152147621013,0.5086280637874729,-0.4919278473910198,-0.3563113821126394,-1.5847380189838842,-3.1682694366062196,-4.886495202077516,-1.064720037727304,-0.16713468445357935,-0.005132076533260506
2.89,-0.0026896695718272336,1.4351714949104775,-1.0318264950964335,-0.5492262492265817,5.641774480296812e-05,-4.1633093113183985e-05,-0.31598325323690407,-0.17612004523427582,-0.1565763209392655,-0.0414578176889962,-0.033421800651457154,-0.0009493626429045974,0.19128167410209299,4.1372602637771365,1.9280825391169152,0.5336338732563988,-0.41445939410108923,-0.24604223231461186,-1.554574029364005,-2.89923285030021,-4.77694169498621,-1.0305178317570525,-0.16449108284893127,-0.005113919711379047
2.9,-0.0058137006553687694,1.4337923852989471,-1.0332163247128332,-0.5495885086261887,-0.00027510421394853963,-5.110187319242918e-05,-0.3124031083541535,-0.13791096115303547,-0.1389829616399605,-0.036225939960699505,-0.033152195875150774,-0.0009468780079245199,0.5706576427665799,4.254646137131479,2.0449585770732965,0.555954718558695,-0.331802554591047,-0.13282733697719007,-1.5126034217480702,-2.6365470627329426,-4.666024629328916,-0.9962835144369921,-0.1605122861833705,-0.0050550089019165
2.91,-0.008876835258970548,1.432804235306749,-1.0344221827823032,-0.5498963690667102,-0.0006011072507178232,-6.046166318807105e-05,-0.3063134603601778,-0.09881499921981621,-0.12058580694701473,-0.03078604405215057,-0.03260030367692835,-0.0009359789995641871,0.9388360855868909,4.347493430497024,2.150210943869209,0.5755147356804038,-0.24585168829306125,-0.0179328725936021,-1.459176854824386,-2.382006618179519,-4.554415427353045,-0.9622312824931049,-0.1552310472569649,-0.004955748686854821
2.92,-0.011854847934592724,1.4322136343969067,-1.0354370835544244,-0.55014805918465,-0.0009188498036936702,-6.962942237017937e-05,-0.29780126756221775,-0.05906009098421012,-0.10149007721212588,-0.025169011793979863,-0.03177425529758471,-0.0009167759182108318,1.2941664611115336,4.415001074727903,2.243175241686583,0.5922501055906544,-0.15857750909934687,0.09732808330569975,-1.3946725390826353,-2.1373611149231566,-4.442793311085528,-0.9285746841999974,-0.14868743510184576,-0.004816932280908706
2.93,-0.014724466544967578,1.4320248298941012,-1.0362551387210799,-0.5503421278387693,-0.0012256898846793717,-7.852404709617384e-05,-0.28696186103748533,-0.018880450280562087,-0.08180551666554468,-0.01940686541193511,-0.030684008098570154,-0.000889462472599448,1.6352545581340965,4.456512501925184,2.3232604327416726,0.6061082876740151,-0.07197341659456935,0.21161958725447638,-1.319494977150284,-1.904298219151085,-4.331840438995336,-0.8955249154301151,-0.1409286681664469,-0.004639735848265633
2.94,-0.01746344275446676,1.4322396782944227,-1.0368715960005332,-0.5504774536588163,-0.0015191017057595527,-8.70671752170366e-05,-0.27389762094991804,0.02148484003215475,-0.0616457279453463,-0.01353258200469374,-0.029341182108018102,-0.0008543128120862765,1.9609180931719639,4.471525443913609,2.389953706292687,0.617047318812979,0.011997848132375921,0.32360806814531173,-1.2340753721487119,-1.6844271914745652,-4.222236899943552,-0.8632891201849906,-0.1320090159328945,-0.004425708763632625
2.95,-0.02005061277775207,1.4328576115449356,-1.0372828707245874,-0.5505532526538607,-0.0017966907837818837,-9.518395145963153e-05,-0.2587170023285311,0.0617933250512981,-0.04112747240540436,-0.007579899504445057,-0.027758907802233085,-0.0008116776242594936,2.2701381249203263,4.459700821940515,2.4428247873835045,0.6250352104871446,0.09145587719273784,0.43198787779676673,-1.1388736527929282,-1.4792631916384948,-4.11465561973913,-0.832068718641831,-0.12198976265756625,-0.004176759864332456
2.96,-0.022465951926574714,1.4338756190257465,-1.0374865701366072,-0.5505690838065358,-0.0020562076601551966,-0.00010280374536851155,-0.24153391488226456,0.10180074808109166,-0.020369941201987287,-0.0015831152675129592,-0.025951687637331272,-0.0007619793908880026,2.5620088630958304,4.4208705525856855,2.4815296400795868,0.6300494695580134,0.16465142510565656,0.535506239959552,-1.0343820093672396,-1.2902126068693822,-4.009757238892026,-0.8020577850815335,-0.11093922174023585,-0.003895139772300338
2.97,-0.02469062638671642,1.4352882458469889,-1.0374815101618913,-0.5505248525919261,-0.0022955603844109656,-0.00010986081437415425,-0.2224674460141706,0.14126268212424153,0.000505997471587985,0.004423121460968286,-0.02393527242557692,-0.0007057069005642701,2.8356883790345027,4.355044101713529,2.505813523115118,0.632076761083507,0.23001135643460202,0.6329867095231823,-0.9211297781236384,-1.1185596247585168,-3.908185022253253,-0.7734414969112626,-0.0989327842815895,-0.0035834193990365686
2.98,-0.026707045406645813,1.4370876079381334,-1.0372677244688593,-0.5504208123732214,-0.0025128259075062266,-0.00011629490556719933,-0.20164190199293916,0.1799362091144613,0.021378569303194133,0.01040402187046446,-0.02172655230952611,-0.0006434091193045087,3.090352564104336,4.2624136283613625,2.5155133612722613,0.6311127239744323,0.2861787748862916,0.7233503257924938,-0.7996894534724596,-0.9654542435119762,-3.8105598623503427,-0.7463946744736912,-0.08605298091695698,-0.003244464784007567
2.99,-0.028498916702017475,1.4392634242586777,-1.036846465699372,-0.5502575636405289,-0.00270626051651787,-0.00012205179078231566,-0.1791871295371661,0.2175816320544316,0.04212587694870809,0.01632487326924389,-0.01934346090116435,-0.000575688521511632,3.3251544456086037,4.143357573730633,2.510559401504119,0.6271619428954232,0.33204745692790105,0.8056337577977302,-0.6706835485761901,-0.8319018816962056,-3.717475438537309,-0.7210804295565332,-0.0723895322623272,-0.0028814084586589435
3.0,-0.03005130739281233,1.4418030662992254,-1.0362201988086996,-0.5500360510743394,-0.002874309418337191,-0.00012708373061899917,-0.15523906907948568,0.2539642040547796,0.06262668906724664,0.022151256618957227,-0.016804890181932125,-0.0005031939836683511,3.539190673696841,3.998442566868835,2.490976128848497,0.6202380728420245,0.36678974817384,0.8790038887622007,-0.534791967351564,-0.7187547171091682,-3.629493593692347,-0.6976489385746588,-0.05803936052159519,-0.0024976175748265632
3.0100000000000002,-0.03135071221141139,1.4446916248721826,-1.0353925865196612,-0.549757558430994,-0.0030156155487553104,-0.00013134986404239233,-0.12994048185990606,0.2888558572957116,0.08276122890384384,0.02784926433453442,-0.014130613041811934,-0.0004266133423393163,3.73147665046568,3.8284235380839164,2.456882423648046,0.6103641064336252,0.389877114706092,0.9427684623011494,-0.3927594969325043,-0.6267048509325486,-3.547139989146257,-0.6762363543652388,-0.04310653320717169,-0.0020966590881682013
3.02,-0.03238513007016846,1.4479119940139902,-1.0343684669606747,-0.549423701263988,-0.0031290276476523536,-0.00013481652121016897,-0.10344178587570686,0.32203691418076774,0.10241195589863336,0.033385716700610524,-0.011341209889704301,-0.0003466657167776647,3.900931395760465,3.6342419534516575,2.408490948542806,0.5975727683483818,0.40109260178892114,0.9963826042328332,-0.2454029825679193,-0.5562793596708238,-3.4709000967525157,-0.6569638684601418,-0.02770210970868102,-0.0016822623439514731
3.0300000000000002,-0.03314414937717977,1.4514449716384517,-1.0331538236231905,-0.5490364175119332,-0.0032136076035697908,-0.00013745745815755105,-0.07590193070113108,0.35329776244615224,0.12146433374843124,0.03872837520547773,-0.008457995591743732,-0.000264093694738208,4.046372843860014,3.4170221087324077,2.3461067611920683,0.5819070165461362,0.40053456512057295,1.039451229610311,-0.09361771051084859,-0.5078372643332028,-3.401215584373657,-0.6399369335985288,-0.011943862740823964,-0.001258279473055325
3.04,-0.033619041761085114,1.4552693763959579,-1.0317557478395316,-0.5485979560013383,-0.003268637034275157,-0.00013925401293700716,-0.04748923839053443,0.3824404757506124,0.13980757836589572,0.04384615105949123,-0.005502943070536636,-0.00017965547794561118,4.166523851581841,3.1780654483275033,2.270125156741113,0.5634206259568089,0.3886112236675423,1.0717275327654399,0.061617497202521486,-0.481568414589276,-3.338481147346041,-0.6252446541098033,0.004044150424867497,-0.0008286440685083652
3.0500000000000003,-0.03380286313300529,1.459362180009134,-1.0301823940467492,-0.5481108629298426,-0.0032936230362207606,-0.0001401951837460767,-0.018382137192017832,0.40928036131762874,0.15733537927824484,0.048709307149574145,-0.002498600194560355,-9.411708090695387e-05,4.260028782239817,2.918842904232931,2.181028752634078,0.5421788272270209,0.36602584568318264,1.0931079272335067,0.21923697503087766,-0.4774942558693036,-3.2830418334412874,-0.6129593496046113,0.020132187609397785,-0.0003973286746284707
3.06,-0.03369056030003283,1.463698654174606,-1.0284429281648888,-0.5475779664129685,-0.0032883030068382385,-0.00014027763047817467,0.011230283297245573,0.43364741654718153,0.17394658818603007,0.053289651687407305,0.0005320029382521979,-8.244673209796378e-06,4.325480123152405,2.6409852808868415,2.079383837433401,0.5182589708248972,0.3337527146783188,1.1036239420104366,0.3780871726579832,-0.4954704200999336,-3.2351909022085152,-0.6031362951161213,0.036185607048190446,3.169832154397106e-05
3.0700000000000003,-0.03327908067434298,1.4682525309462762,-1.0265474694782324,-0.5470023591945864,-0.003252648420718754,-0.00013950560198750818,0.04114796256898503,0.4553876771670177,0.18954586866565068,0.057560721838216346,0.0035654586119484594,7.720284906664994e-05,4.3614542098776345,2.3462717438899032,1.9658360147116019,0.4917511852916281,0.2930044105442846,1.103431682456339,0.5369283149634746,-0.5351910563149702,-3.1951682511386386,-0.5958136383858521,0.052065846068282295,0.00045451575725445625
3.08,-0.03256748201905971,1.4729961753508354,-1.0245070264647471,-0.546387379637871,-0.0031868674247471727,-0.00013789079215942825,0.07115986552832751,0.47436444045591886,0.20404430134852466,0.06149795567153783,0.006578099597158134,0.00016148098280799393,4.366554781421908,2.036616503266201,1.841105182648648,0.4627589977116049,0.24519135270675108,1.0927995230567475,0.694439127072277,-0.5961947959135743,-3.163159430715952,-0.5910124923438016,0.0676315927593709,0.0008672920429439921
3.09,-0.03155703865956063,1.4779007688342394,-1.0223334270713003,-0.5457365911293095,-0.003091406108577227,-0.00013545212861015,0.1010443359499075,0.490459348340405,0.2173599393446839,0.06507885085614867,0.009546131616994557,0.00024386635492782514,4.339462790380974,1.7140538146254976,1.7059798994960687,0.43139988449325983,0.19187495060095827,1.0720947133678553,0.8492248914727484,-0.6778722288079524,-3.1392952581331963,-0.5887371979660503,0.08274014167546119,0.001266326095750768
3.1,-0.030251340188035446,1.4829365020015508,-1.0200392439793355,-0.5450537600430191,-0.002966948305440018,-0.00013221549849357713,0.1305698471525183,0.503573316731141,0.2294183091964812,0.06828310862904248,0.012445780313720914,0.00032366301165728687,4.278990652011816,1.3807214536117782,1.561311194288839,0.3978057213717481,0.13471605419770682,1.0417695497440307,0.9998289838715037,-0.7794747508752438,-3.1236520254563342,-0.588975749610384,0.09724891588240195,0.0016480861598408498
3.11,-0.02865637841794991,1.4880727749946334,-1.0176377154468927,-0.544342832425992,-0.0028144137838226704,-0.0001282134164578334,0.15949617700855356,0.5136272993082652,0.24015285324428143,0.07109276170270767,0.015253452161734765,0.0004002082035743721,4.1841389458790985,1.0388428496499735,1.4080058908425033,0.3621231031102745,0.07542066007004067,1.002347699215993,1.1447478951192687,-0.9001246296313901,-3.116252282769819,-0.5917003716815212,0.11101712929689138,0.002009245838672222
3.12,-0.02678061821777517,1.4932784037552393,-1.0151426623473603,-0.5436079095766418,-0.0026349547024338725,-0.00012348464026168472,0.18757602001747428,0.5205628760605916,0.24950530995323902,0.073492284935018,0.0179459081388798,0.0004728776196148686,4.054153489053909,0.690708093450514,1.2470195208660306,0.32451350578948546,0.01568498124344586,0.9544111662927652,1.2824495945627565,-1.0388261234337564,-3.1170661609806674,-0.5968682321627287,0.12390755571870345,0.0023467167123273737
3.13,-0.024635047879257632,1.4985218303472314,-1.0125684020525711,-0.5428532226989434,-0.0024299502183074196,-0.00011807373992522671,0.2145570338517538,0.5243426591992153,0.257426029478916,0.07546868776984057,0.020500448412645297,0.0005410900336458005,3.888580683254135,0.3386540581958069,1.0793489087135277,0.2851532676763182,-0.0428579821369901,0.8985882785838801,1.4113949334685136,-1.194477479370275,-3.126013183393609,-0.6044222753237858,0.13578836468285466,0.0026576769866102036
3.14,-0.02223320485848266,1.5037713354628437,-1.0099296598272955,-0.5420831068223304,-0.002200999159998514,-0.00011203062654644149,0.2401843020774971,0.5249505115612394,0.2638742225275571,0.07701158766129788,0.02289510583089055,0.0006043113378785219,3.6873190984192825,-0.014956104001501753,0.9060245155990663,0.24423336859630096,-0.09868833098081531,0.8355429436825808,1.5300616346505052,-1.3658836259923985,-3.1429645009346863,-0.6142921529767076,0.14653497963022521,0.002939595718383374
3.15,-0.019591173066010912,1.5089952512153149,-1.007241478413494,-0.5413019741831622,-0.0019499107036728752,-0.00010541004706448838,0.26420317924717474,0.5223915752471178,0.26881814138015625,0.07811326391682534,0.025108845632563877,0.0006620579481953102,3.4506653871164112,-0.36775381169311955,0.7281026348364735,0.2019589922273668,-0.15044378572485861,0.7659653081693483,1.6369702753610298,-1.551769369082212,-3.167745474118776,-0.6263952312331428,0.15603191119679857,0.0031902522805706346
3.16,-0.0167275483674788,1.5141621723247412,-1.0045191264856745,-0.5405142872668681,-0.001678693018554245,-9.827105129336029e-05,0.28636246985321123,0.5166921109426348,0.2722351927819429,0.07876869162940608,0.02712176851186302,0.0007138995771128098,3.1793528199859495,-0.7173859592812757,0.5466575316245782,0.15854886082363306,-0.19695731327882093,0.6905638388880133,1.7307115536767927,-1.7507928918494633,-3.2001385166124496,-0.6406376480627487,0.16417451781719503,0.0034077508656555006
3.17,-0.013663369574592679,1.5192411638358037,-1.0017780066533442,-0.5397245317107423,-0.001389539878800331,-9.067643748954116e-05,0.306417879288612,0.5078991511062605,0.27411198323303315,0.07897555561258067,0.028915313975391377,0.0007594613803819121,2.8745809819817585,-1.0615355814695393,0.36277362097241683,0.11423433731023702,-0.23728671531316614,0.6100587537672806,1.809974041628593,-1.9615593557529376,-3.2398861114575697,-0.6569153962826317,0.17087064735815335,0.003590529972252062
3.18,-0.010422012939598801,1.5242019635647426,-0.9990335636730121,-0.5389371892657674,-0.001084815270600249,-8.26921825602782e-05,0.32413566349938777,0.4960799728938854,0.2744442980332037,0.07873424449749472,0.030472460820008207,0.0007984254929262956,2.538035460699509,-1.3979419811782532,0.1775377754551242,0.06925829534365269,-0.27073544316205655,0.525176658857017,1.873571576908948,-2.1826343952055582,-3.286693912316892,-0.6751154070948925,0.17604211703541017,0.0037373669682601502
3.19,-0.00702904899093376,1.5290151775575795,-0.9963011935108609,-0.5381567110118328,-0.0007670360553783816,-7.438686277251443e-05,0.33929639486650415,0.4813213992836966,0.2732370162151276,0.07804782539345985,0.03177792152218674,0.0008305319787763768,2.1718966790506484,-1.7244200323454437,-0.007968149397058616,0.02387376352804882,-0.296864324473308,0.43664620179812985,1.9204694324945677,-2.412557299618829,-3.340233848699093,-0.6951166110221356,0.1796259941874565,0.003847377968573344
3.2,-0.003512061437404779,1.5336524669505072,-0.9935961538685875,-0.5373874910143692,-0.00043885278177314155,-6.583107049542707e-05,0.3516987553528981,0.46372893929275416,0.2705039642273384,0.07692199974635572,0.032818327360524,0.0008555792277087358,1.7788373621465015,-2.0388783830448447,-0.1926744901404107,-0.0216576445284149,-0.31549428671297175,0.3451945291307481,1.9498084306287775,-2.6498536805135258,-3.4001471657530606,-0.7167909560540118,0.18157564723641118,0.003920013397648281
3.21,9.957120566659152e-05,1.5380867247543561,-0.9909334767497568,-0.5366338406019017,-0.00010302876992693185,-5.7096832112243635e-05,0.361163264307137,0.4434257803848943,0.26626771188305676,0.07536504124675172,0.03358240118462097,0.0008734238383183431,1.3620084700414057,-2.339336305011648,-0.3755305766438888,-0.06706749767490017,-0.3267005202998323,0.25154433327425185,1.9609262323269,-2.893047430664802,-3.4660473451222575,-0.7400043668785894,0.1818615439329443,0.003955049720443472
3.22,0.003774929681856416,1.5422922412353857,-0.9883278836031778,-0.5358999634335366,0.00023758237896665484,-4.825703178116206e-05,0.36753584761898245,0.4205516481029538,0.2605593146579093,0.0733877168365062,0.03406111488935867,0.0008839800331081571,0.9250137622258575,-2.623938962608065,-0.5555110946747602,-0.11208249096728906,-0.3307988232866892,0.15641129080731148,1.9533751314422578,-3.1406717971658953,-3.5375228722852063,-0.7646176339816788,0.1804717822857701,0.0039525779134097485
3.23,0.007481841253249228,1.5462448567310838,-0.9857937035343273,-0.5351899315131984,0.0005800606674419503,-3.9384845223508914e-05,0.3706911571392812,0.39526154956981296,0.25341800688504856,0.07100319203383004,0.034247828847529554,0.0008872186557653148,0.4718734758090321,-2.890970906864299,-0.7316219558665922,-0.15642654071048234,-0.3283251004523431,0.06050172227611812,1.926935806899448,-3.3912794112777194,-3.614139836177642,-0.7904872268072358,0.1774123479354084,0.003912989306051272
3.24,0.011187196795816435,1.5499221009186233,-0.9833447950268293,-0.5345076622938144,0.0009214447753414542,-3.055318718349779e-05,0.37053555425672074,0.36772441875393774,0.2448908507498028,0.06822692193840152,0.0341384107899504,0.0008831658040011125,0.006977887877300871,-3.1388676376627855,-0.9029056331412112,-0.1998230026491843,-0.3200091490112194,-0.03548965972555501,1.8816266301067364,-3.643451144962804,-3.6954443668807544,-0.8174660306663365,0.1727070996944124,0.0038369594506310477
3.25,0.01485729358594894,1.5533033177412003,-0.9809944715646204,-0.5338568969999444,0.0012587580942880015,-2.183417565276205e-05,0.3670096790132503,0.33812168225771017,0.2350323462208848,0.06507652938700001,0.033731331894654715,0.0008719011530735741,-0.4649682141904162,-3.366225118357372,-1.0684459325233449,-0.24199698283523752,-0.3067439529064151,-0.1308820075918049,1.8177082782518559,-3.89580369660918,-3.780964934930223,-0.8454040122190917,0.16639749215180852,0.0037254306724271713
3.2600000000000002,0.01845819894394133,1.556369775389641,-0.9787554314929362,-0.5332411802819006,0.0015890354757815942,-1.3298615399605209e-05,0.36009053579923916,0.3066457648440787,0.22390400716841333,0.061571671804387954,0.03302773814935927,0.0008535560253156842,-0.9390089186466692,-3.5718071709308226,-1.2273721855982584,-0.28267770911645407,-0.2895517341461309,-0.22501065502691464,1.735683559642298,-4.146995845701657,-3.8702145496894014,-0.8741488227124642,0.15854205032549107,0.0035795939170846732
3.27,0.021956129324895553,1.5591047609292836,-0.976639692403819,-0.5326638412985693,0.0019093504295573458,-5.015502803439497e-06,0.3497930380954224,0.27349855396425593,0.21157390891172345,0.05773389833313543,0.03203149537757516,0.0008283112596165712,-1.4100070291512754,-3.7545507248871135,-1.3788628601983022,-0.3216009303144496,-0.26954798215882736,-0.31722951140773215,1.6362925066291067,-4.39573335676724,-3.962692902942182,-0.9035463513861346,0.14921561614432247,0.003400870448365146
3.2800000000000002,0.025317838999667518,1.5614936593512245,-0.9746585302806446,-0.5321279763102659,0.0022168424961731843,2.948446514970827e-06,0.3361709674771965,0.23888984219409112,0.19811621231743806,0.05358649883033612,0.030749206661583824,0.0007963949318410325,-1.872718837088571,-3.913568938068786,-1.5221485998326907,-0.35851130991050617,-0.24790461175336098,-0.4069135235336976,1.52050292831938,-4.640772555171469,-4.057888506617632,-0.9334412433160192,0.13850838996372486,0.003190893863750974
3.29,0.02851101215673189,1.5635240170087161,-0.9728224235872471,-0.5316364328473612,0.0025087445086524806,1.0529246241614798e-05,0.31931731570643734,0.2030357657491626,0.18361066933975523,0.04915434629046726,0.029190201247929655,0.0007580799726643971,-2.3218722341422993,-4.048152251111155,-1.6565147144531576,-0.393164781418875,-0.22581329858757115,-0.4934611720040407,1.3894967341781355,-4.880922639459363,-4.155280870193025,-0.9636773963465537,0.1265247923833968,0.0029514927927538417
3.3000000000000003,0.0315046520842402,1.565185589570313,-0.9711410024415157,-0.5311917955054116,0.0027824094524134383,1.766606347499131e-05,0.29936399275083075,0.1661572561596999,0.16814211457314152,0.044463734194953586,0.02736649437609577,0.000713681723337651,-2.7522465482175296,-4.157767477977176,-1.7813031559910464,-0.42533083340659417,-0.20444991937520385,-0.5762969550732584,1.244652437442002,-5.115046835059999,-4.2543427543043695,-0.9940984507138835,0.11338217245662872,0.002684674529859277
3.31,0.03426946105984887,1.5664703747781863,-0.9696230029716324,-0.5307963734033703,0.0030353366306345763,2.430161810130748e-05,0.2764808975608671,0.12847852078733366,0.15179994698832774,0.03954221020413738,0.025292717822113807,0.0006635554626316171,-3.1587525041988247,-4.242055071747504,-1.8959140213285932,-0.45479469336345346,-0.18494089260437185,-0.6548738059105399,1.0875243224686957,-5.342062530536638,-4.354542523481979,-1.0245482826725587,0.09920938814573256,0.002392609737415791
3.3200000000000003,0.03677820467998579,1.567372630440245,-0.9682762269159947,-0.5304521893283602,0.0032651968435386735,3.03825573997817e-05,0.2508743620136922,0.09022556620588182,0.13467760556377323,0.034418407501004535,0.022986021290409706,0.000608093929847422,-3.5365107676377385,-4.300824736536486,-1.9998066326850363,-0.4813593811853316,-0.16833208296745994,-0.7286753889165474,0.9198188127848528,-5.5609405685995625,-4.455346604257759,-1.0548715102208877,0.08414528382711318,0.002077618239795221
3.33,0.03900605459269536,1.5678888782062836,-0.9671075064957335,-0.5301609705786269,0.0034698562946878183,3.585980599566044e-05,0.2227849912709575,0.05162477660384895,0.11687204202611463,0.029121874973340383,0.020465945114914463,0.0005477248595878738,-3.8809276182893613,-4.334049582220235,-2.092500250591298,-0.5048476048984512,-0.15556080586541654,-0.7972182259894258,0.7433686080557149,-5.770703888524994,-4.556222037004833,-1.084914015273803,0.06833708804807286,0.0017421558245404641
3.34,0.04093090394899339,1.5680178937798548,-0.9661226745617854,-0.5299241415057522,0.0036473989451050993,4.0688891338409095e-05,0.19248493562980232,0.01290155735711962,0.09848319339481593,0.023682907287467372,0.017754265041728078,0.0004829085342748652,-4.187766414693761,-4.341859038003283,-2.1735744775458103,-0.5251034733931199,-0.14743135218928316,-0.8600536130613485,0.5601051708495193,-5.970425733502606,-4.656639092728946,-1.1145234827981456,0.05193875285222407,0.0013888018738306756
3.35,0.04253365034475414,1.56776068429814,-0.9653265399967024,-0.5297428177480736,0.0037961470467012936,4.483024484367255e-05,0.16027463957607527,-0.025720948171471684,0.07961345650830179,0.01813237576785448,0.014874810159619441,0.0004141353505263449,-4.453213643594447,-4.324530753356917,-2.2426694110590875,-0.5419940033466553,-0.14459435121344555,-0.916769299495066,0.3720301408746174,-6.15922764518419,-4.756073911504048,-1.143549953937704,0.03510925406680208,0.001020247574230844
3.36,0.04379844157523918,1.5671204536715229,-0.9647228683345989,-0.5296178021394934,0.003914679599925921,4.8249478702236804e-05,0.12647912304850412,-0.06402306266172057,0.06036716621035318,0.01250156085802408,0.011853255322462782,0.0003419233858564258,-4.673938491875394,-4.282481720448644,-2.2994856031598174,-0.5554104001617901,-0.1475302022686087,-0.9669909167633124,0.18118623852773152,-6.3362774680992064,-4.85401110892171,-1.1718463873951166,0.018010870189198884,0.0006392843970143009
3.37,0.0447128801534965,1.5661025567132718,-0.9643143675504608,-0.5295495822714512,0.004001848496647749,5.091763813355845e-05,0.09144385782573125,-0.10178969582511407,0.04085007841379988,0.006821986804211926,0.00871688967218274,0.000266815943132164,-4.84714502737663,-4.216258850994095,-2.3437838796857364,-0.5652690956893913,-0.15653673385164169,-1.0103831571523223,-0.010371805783240765,-6.500787578731659,-4.949946291956611,-1.1992692215922387,0.0008074560754771186,0.0002487925068758674
3.38,0.04526818323791701,1.5647144429086253,-0.9641026789619757,-0.5295383296806662,0.004056792127909171,5.2811428555659635e-05,0.05553030844205123,-0.13881138046465014,0.021168858848516874,0.001125259078502314,0.005494363126142235,0.00018937904221011913,-4.970616222853567,-4.126529232888253,-2.375385067064008,-0.5715125286826996,-0.17172119069838487,-1.0466507171183936,-0.20060579222859687,-6.652013538298134,-5.043388426644522,-1.22567892956605,-0.016337273385509228,-0.0001482712559695033
3.39,0.04545929535942369,1.5629655906730737,-0.9640883731824295,-0.5295839006312036,0.0040789462573522966,5.391341677136207e-05,0.019111212150668,-0.17488522355516406,0.0014305779546191152,-0.004557095053747668,0.0022154129443125088,0.00011019882157024317,-5.042749200165484,-4.014070278583786,-2.3941696670693693,-0.5741096574160913,-0.1929966028282415,-1.0755390327343353,-0.3875215944324081,-6.7892533452494686,-5.133862006929074,-1.2509405592023408,-0.03326143499989098,-0.0005488861670139131
3.4,0.045284952121834435,1.5608674329335939,-0.9642709510613438,-0.52968583845634,0.004068051984796645,5.421220485058e-05,-0.017434323758925216,-0.20981577394798356,-0.018257787891434465,-0.010193782513630813,-0.0010894272555651667,2.987880792179346e-05,-5.062581206720057,-3.879759958731237,-2.400077511610809,-0.5730561975785875,-0.2200825526428325,-1.0968348458956934,-0.5691952766123818,-6.911847434069932,-5.2209089863719695,-1.2749242531561784,-0.04980662993520552,-0.0009499815006873398
3.41,0.04474769385731975,1.5584332748361998,-0.9646488495495898,-0.5298433774233967,0.0040241606507233655,5.370257494049424e-05,-0.05372582645146839,-0.2434158097394168,-0.03778984882460583,-0.01575389670567804,-0.004389133407327976,-5.096299100857631e-05,-5.0298059621031195,-3.724567291930312,-2.3931074202878837,-0.5683745825191799,-0.2525103232619017,-1.1103666493418443,-0.7437973984903709,-7.019179532071917,-5.304090451017852,-1.2975057454238588,-0.06581954266705001,-0.001348451778569288
3.42,0.043853829040685,1.5556782043408555,-0.9652194524269201,-0.5300554480830186,0.003947635561389949,5.238560278329771e-05,-0.08938648166347479,-0.2755070495344213,-0.057060287733024274,-0.021207065962191463,-0.007652508933341656,-0.000131697215719653,-4.944780130176397,-3.54954323551559,-2.373316873706541,-0.5601136469783015,-0.28963237948955367,-1.1160050658519696,-0.9096151645116011,-7.110678446744027,-5.3829880310190505,-1.3185668346849664,-0.08115347112641037,-0.001741173594817369
3.43,0.04261334809010851,1.5526189964131762,-0.9659791058313867,-0.5303206840630784,0.0038391504460804087,5.026873729022466e-05,-0.1240480950576487,-0.30592079276792206,-0.07596534044666467,-0.026523598005974335,-0.010848511530954038,-0.00021168654930730477,-4.808519782779769,-3.3558120940796905,-2.3408217057093186,-0.5483480396670117,-0.3306360980560292,-1.1136632220792642,-1.0650721184877807,-7.185820814103787,-5.457205068841211,-1.3379958378310417,-0.09566977246803064,-0.0021250241583113277
3.44,0.04103978899694636,1.5492740114640937,-0.9669231385312047,-0.5306374302663271,0.0036996845926954938,4.736584313735149e-05,-0.15735590931621546,-0.334498494908247,-0.0944032699817975,-0.031674620324868605,-0.013946585338491484,-0.00029028941528731696,-4.622686828876832,-3.1445635329074646,-2.295795808160166,-0.5331773742256196,-0.3745616220615595,-1.103297180225126,-1.2087451312548934,-7.244134794858088,-5.52636758106766,-1.3556880301226677,-0.10923920846274521,-0.0024969016096103042
3.45,0.039150057022294515,1.5456630886264977,-0.9680458868795552,-0.5310037524298903,0.003530514645567449,4.3697203040157155e-05,-0.18897319746518465,-0.36109228375959423,-0.11227483483504568,-0.03663221635631336,-0.016916994712804456,-0.0003668640097194334,-4.389565491851095,-2.917045253587179,-2.238470833043372,-0.5147251322060935,-0.42032366218518646,-1.084906490898534,-1.3393784778088136,-7.2852046615101935,-5.590125067149713,-1.3715460807735245,-0.12174317434429036,-0.0028537470842641614
3.46,0.03696420146193558,1.541807434394395,-0.9693407243909861,-0.5314174480035794,0.0033332030900225704,3.9289476156444226e-05,-0.21858555603589316,-0.3855654232102588,-0.12948375114308835,-0.04136955736891393,-0.019731155554487873,-0.0004407726883712932,-4.112029032502442,-2.6745563596578767,-2.169135868683065,-0.4931373356229667,-0.46673700109472804,-1.058534927730757,-1.4558948521187396,-7.30867617747168,-5.648151230305386,-1.38548049411374,-0.13307479516316828,-0.0031925684058771403
3.47,0.03450515320230959,1.5377295070878554,-0.9708000958739184,-0.5318760583026061,0.003109583491666787,3.417560898572045e-05,-0.2459048259625992,-0.4077927306539706,-0.14593714829322782,-0.04586102990267127,-0.02236195983557835,-0.0005113867170723775,-3.7934970408890134,-2.418441412032311,-2.0881370601099887,-0.4685810101633745,-0.5125453754897293,-1.0242714581986254,-1.557403222701502,-7.3142626303660805,-5.700144681933814,-1.3974100665979678,-0.14313987444142262,-0.003510465206123835
3.48,0.03179842745572695,1.5334528975482333,-0.9724155560468885,-0.5323768818885288,0.0028617426043251277,2.8394695199594458e-05,-0.2706725746582637,-0.42766095396221304,-0.1615460172970136,-0.050082358592277096,-0.02478408873416595,-0.0005780913786125994,-3.4378837606067423,-2.150085147788204,-1.9958771381437241,-0.44124246330085093,-0.5564533114914116,-0.9822514950512269,-1.6432034900257102,-7.301751347636458,-5.745829700673944,-1.4072623686810526,-0.15185768127203753,-0.0038046551880415165
3.49,0.028871796659880614,1.5290022064149376,-0.9741778125562428,-0.5329169891300393,0.0025919995085149964,2.1991781070338317e-05,-0.2926630795846339,-0.4450691133295748,-0.1762256509354389,-0.05401072415104171,-0.026974309581013142,-0.000640291412925614,-3.049538067242646,-1.8709078123252698,-1.892814817763229,-0.4113254041022465,-0.5971603745668137,-0.9326584581850876,-1.7127879674472566,-7.27101049476077,-5.784957110452341,-1.4149742580075337,-0.15916156401203813,-0.0040725011764952725
3.5,0.025754939040809933,1.524402918289142,-0.976076773299859,-0.5334932378924299,0.0023028819915359147,1.5017613576665796e-05,-0.3116857619070681,-0.459928812579546,-0.18989607436162048,-0.057624876239057383,-0.02891175169790815,-0.0006974167493672521,-2.6331758994779424,-1.5823610342974896,-1.7794640238216648,-0.3790489335106155,-0.6333971678390355,-0.87572565713557,-1.7658397697321324,-7.221995936094409,-5.817305328983491,-1.4204924266099506,-0.16499938137835005,-0.0043115385384875395
3.5100000000000002,0.022479068755412085,1.5196812730527915,-0.9781015979450287,-0.5341022903012347,0.0019971004297277065,7.528328863922126e-06,-0.3275870285397846,-0.4721645236350646,-0.20248246451697424,-0.06090524088048584,-0.030578156180820843,-0.0007489284712743669,-2.1938061351189417,-1.285924155503707,-1.6563929011598981,-0.34464543510535073,-0.6639622777961005,-0.8117384791241302,-1.8022282559144664,-7.154757926547228,-5.842681620204136,-1.4237739801682416,-0.16933374502030535,-0.004519502508245645
3.52,0.019076553835072382,1.5148641345842027,-0.9802407535089372,-0.5347406305215728,0.0016775194819481664,-4.149204800276122e-07,-0.3402514920339701,-0.4817138468588903,-0.2139155563908578,-0.06383402203381668,-0.031958094777954006,-0.0007943249343949738,-1.7366511107717784,-0.9831009142871949,-1.5242225666040752,-0.3083583968941346,-0.6877592318987258,-0.7410368366700582,-1.822001734477481,-7.069447399510479,-5.860923562498543,-1.4247870422300675,-0.17214207141547674,-0.00469435491948015
3.5300000000000002,0.015580528332475748,1.509978857095332,-0.982482073847357,-0.5354045834901516,0.001347127949380383,-8.746399910343438e-06,-0.34960255025966336,-0.4885277488870603,-0.2241320338419706,-0.06639529685787716,-0.03303915325677835,-0.0008331479430315824,-1.2670631953989449,-0.675416371094367,-1.3836255621358182,-0.27044019448551726,-0.7038324085102046,-0.6640177924343129,-1.8253776965399433,-6.966321622752959,-5.871900721087162,-1.4235113710723024,-0.17341644507722018,-0.0048343098309170775
3.54,0.012024505117325763,1.5050531493108492,-0.9848128228714782,-0.5360903345317268,0.0010090071987351903,-1.739628862747793e-05,-0.35560232151499843,-0.4925707784482959,-0.23307490241212672,-0.06857510415752102,-0.03381207506451925,-0.0008649888717134492,-0.7904390339828014,-0.36441395871792903,-1.2353239715817694,-0.2311498650763042,-0.7114007379929803,-0.5811382381364982,-1.8127308946347582,-6.845749008968671,-5.875516489546414,-1.4199389720572857,-0.1731632994005053,-0.00493785753151511
3.5500000000000003,0.008441995664372835,1.500114936715678,-0.9872197612845589,-0.5367939497861117,0.0006662985819707413,-2.62912346956057e-05,-0.35825094529529283,-0.4938212595171133,-0.24069384130807173,-0.07036152543849254,-0.0342708616764449,-0.0008894946068127769,-0.31213326458258944,-0.05165253735207963,-1.080087167348133,-0.19075090018870622,-0.7098879679290933,-0.49291746075564935,-1.7845796285475173,-6.70821289033176,-5.871710044015384,-1.4140746843349286,-0.1714029258119367,-0.005003786428298415
3.56,0.004866142923410114,1.4951922221154614,-0.9896892165996846,-0.537511397365642,0.00032217031396945285,-3.53549664218501e-05,-0.35758527409627205,-0.4922714600216617,-0.24694553151256496,-0.07174475795302722,-0.034412826800128846,-0.0009063731726244398,0.16262633522926181,0.2612966641928731,-0.9187291589170947,-0.14950908299193255,-0.6989482484722765,-0.39993938528581696,-1.7415706335103387,-6.554314095391221,-5.860458335930899,-1.4059367179222662,-0.16816882602520888,-0.005031202351374997
3.5700000000000003,0.0013293729550507075,1.4903129447829542,-0.9922071561678724,-0.5382385691564262,-2.0215711582550447e-05,-4.450895543024946e-05,-0.35367699683594067,-0.4879277332507304,-0.25179395681878514,-0.0727171790784141,-0.03423860255520033,-0.0009153989008399361,0.6288202146823818,0.5728533351234381,-0.7521055208668235,-0.10769039360364363,-0.6784858376865501,-0.30285424240918335,-1.6844629881650404,-6.3847722001475224,-5.841778036453839,-1.395557115806374,-0.16350692593322586,-0.005019544855737322
3.58,-0.0021369295369245466,1.4855048385018748,-0.9947592629125535,-0.5389713031698459,-0.00035773668016266625,-5.367312544749224e-05,-0.3466302491975254,-0.48081062810793157,-0.2552106744681048,-0.07327340134196622,-0.03375209685801158,-0.0009164170017242777,1.081712836044864,0.8814317033101148,-0.5811098849767962,-0.06555900300301709,-0.6486678403199262,-0.2023793755913832,-1.614111468990378,-6.2004253612078895,-5.815727338959712,-1.3829821158838416,-0.15747467280877134,-0.004968600155597986
3.59,-0.0055027173349306985,1.4807952888671503,-0.9973310134327071,-0.5397054063437414,-0.0006873407049304819,-6.276659944855128e-05,-0.3365787798006151,-0.4709549634724556,-0.2571750520153645,-0.07341031738955665,-0.032960402476781565,-0.0009093474001059048,1.51692083403987,1.1854445853720006,-0.40666998839377383,-0.023375373357137352,-0.6099290811216367,-0.09929887976597462,-1.5314497738367905,-6.0022286754806125,-5.7824075253692655,-1.3682723892493323,-0.15014003988255598,-0.004878510391662261
3.6,-0.00873954486447227,1.4762111902554507,-0.9999077581032273,-0.5404366776856695,-0.00100607730032587,-7.170847654565214e-05,-0.32368275295415705,-0.4584098611699523,-0.25767446705201935,-0.07312713419280595,-0.031873659539538815,-0.0008941877097100868,1.9304716393059167,1.4833079482965796,-0.22974327776962955,0.01860552029075402,-0.5629684739783247,0.005538242511468505,-1.4374740200219804,-5.791251046039989,-5.741964207440762,-1.3515031344230501,-0.14158046390572118,-0.004749779002043911
3.61,-0.011820797646557607,1.4717788029408927,-1.0024748027681178,-0.5411609316437069,-0.001311126046497746,-8.041862889860382e-05,-0.30812527820853375,-0.443238731455804,-0.25670446648905776,-0.07242539580373951,-0.030504874617187608,-0.0008710152352951681,2.3188508910298733,1.773446049142675,-0.05131207759953588,0.06013583465693806,-0.5087365722898802,0.11122170770360684,-1.3332268929842335,-5.568670565977969,-5.694588164688659,-1.3327640112977583,-0.13188174191431323,-0.00458327204063648
3.62,-0.014721885281044412,1.4675236108960477,-1.0050174915905234,-0.5418740215836718,-0.001599823054506307,-8.88185080290775e-05,-0.29010876344868053,-0.4255192044845118,-0.25426888224056016,-0.07130899399648827,-0.028869700800856088,-0.0008399879130473666,2.6790372932912696,2.0542972019799848,0.12762166040853895,0.10097635928765136,-0.44841435850303846,0.21678562387962685,-1.2197827812513176,-5.335768460104591,-5.640515715198937,-1.3121589035484915,-0.12113691307543004,-0.004380215359966028
3.63,-0.01742039719522102,1.463470180886073,-1.0075212905940858,-0.5425718632455143,-0.0018696848982562107,-9.683194927890247e-05,-0.26985119141766084,-0.405343000997457,-0.25037990035623153,-0.06978416618425459,-0.026986184374990355,-0.0008013441249824966,3.0085239852136914,2.3243202023734097,0.30604200137183896,0.1408978662458562,-0.3833837294176554,0.3212164104815951,-1.0982341844307395,-5.093921647646045,-5.580028572900863,-1.2898055036044953,-0.10944515023542642,-0.004142187646495052
3.64,-0.01989622138574839,1.459642023531903,-1.0099718714033565,-0.5432504580461808,-0.002118429745098794,-0.0001043859627951265,-0.24758241905273715,-0.38281573541701025,-0.2450580809270829,-0.06785948006664468,-0.024874484684258322,-0.000755401351622403,3.3053259800729586,2.5820014198362267,0.48292503039338797,0.17968230236928662,-0.3151905316892627,0.42346308019169365,-0.9696796253582903,-4.844594007546132,-5.513453163366712,-1.265834719660829,-0.0969106836791708,-0.003871109363073327
3.65,-0.022131627333445886,1.4560614570849668,-1.0123551946676674,-0.5439059160916544,-0.0023439954904789302,-0.00011141149937165783,-0.22354059476974966,-0.358056644693622,-0.23833232643108643,-0.06554580454736375,-0.022556574538013602,-0.000702553657653133,3.567973759467268,2.8258625481606003,0.6572451720444288,0.21712381950784732,-0.24550136936262312,0.5224498898865049,-0.8352132378932305,-4.589326442040734,-5.441159388556752,-1.2403899092773936,-0.08364177675024025,-0.003569227714293219
3.66,-0.02411131514318401,1.4527494747188132,-1.0146575926335886,-0.5445344787572973,-0.0025445547798536557,-0.00011784417973340846,-0.19796878097381254,-0.33119823661536685,-0.23023979659210222,-0.06285626656429782,-0.02005592893747256,-0.0006432680361750625,3.795493656486405,3.054468982804479,0.8279817752303016,0.2530296394433833,-0.17605571341234416,0.6170912432309428,-0.6959161405129094,-4.329725844682204,-5.363558847924577,-1.2136259486188228,-0.06974976950519864,-0.0032390978049759607
3.67,-0.025822433722617104,1.4497256162002807,-1.016865850316498,-0.5451325406932138,-0.0027185268799707527,-0.00012362497640368457,-0.17111185794330921,-0.30238585185324646,-0.22082576829095343,-0.05980619359164573,-0.017397210011709695,-0.0005780796670276103,3.9873761943114028,3.266438773973259,0.994125904984023,0.2872207514008007,-0.10861506737755988,0.7063085937817495,-0.5528496450235855,-4.0674530870296115,-5.281102538064867,-1.1857081501611748,-0.0553482026273732,-0.0028835602094634525
3.68,-0.02725457143621476,1.4470078448525527,-1.0189672847123572,-0.5456966711102624,-0.002864586437913203,-0.00012870083812463625,-0.1432137713597656,-0.271777134772794,-0.21014343958591594,-0.056413041704860986,-0.014605955794245017,-0.0005075861720951686,4.143534031276079,3.4604520840855484,1.1546872760340579,0.3195324413737666,-0.04491106575002135,0.7890489634699946,-0.4070502912124347,-3.8042101449570564,-5.1942780650864195,-1.1568110446544444,-0.04055202956086084,-0.0025057152098216136
3.69,-0.02839972313444395,1.4446124307627377,-1.0209498214869879,-0.5462236342026725,-0.002981669236626303,-0.0001330252478671287,-0.11451516982291912,-0.23954140898149978,-0.19825367746306868,-0.05269630924100429,-0.011708279871310014,-0.00043244097424924527,4.264251570152181,3.6352610593342503,1.308701257347802,0.34981465404214696,0.013405605003882215,0.8643045668508345,-0.2595266435448171,-3.5417264920397002,-5.103606412937104,-1.1271170452911579,-0.02547692039900637,-0.00210889399483767
3.7,-0.02925223774930707,1.4425538412158698,-1.0228020685823425,-0.546710408565038,-0.0030689751168144126,-0.00013655870672429617,-0.08525146148631213,-0.20585895468677734,-0.18522470953546244,-0.04867743623655595,-0.008730588018810949,-0.0003533458857167464,4.35012859373502,3.789700007416502,1.4552358724415368,0.37793219001199674,0.06481366588571547,0.9311329262673693,-0.11125773603713948,-3.2817448945897,-5.0096383171085215,-1.09681501346433,-0.010238656624786038,-0.0016966271394397627
3.71,-0.02980875076237093,1.4408446393539522,-1.024513386187674,-0.5471542054648219,-0.003125968284540397,-0.00013926913738026976,-0.055651301306385764,-0.17092018619175214,-0.17113176053315743,-0.04437968997837977,-0.005699316772598443,-0.0002710430655973577,4.402020473824041,3.922695757546445,1.5933987172380497,0.40376474354508396,0.10796547372626719,0.9886767860253416,0.03680699324131765,-3.0260067511266517,-4.912950296852267,-1.066098746319385,0.0050473885009839885,-0.001272610706676591
3.72,-0.030068105793702476,1.43949539206161,-1.0260739525382956,-0.5475524858364006,-0.0031523752597296347,-0.00014113220232809298,-0.02593550313315461,-0.13492472923421023,-0.15605663506215323,-0.03982803715787104,-0.0026406975189237646,-0.00018630649478232266,4.420977558521819,4.0332780649025155,1.7223437157655952,0.4272067888729829,0.14172566201020587,1.036183091681429,0.18374647576781059,-2.7762371284794707,-4.814140400736558,-1.035165406648587,0.020266693134132516,-0.0008406703325571994
3.73,-0.030031269340968652,1.4385145880680767,-1.0274748250257648,-0.5479029758690999,-0.0031481807420708874,-0.0001421315335262646,0.003683645273382507,-0.09808039935331836,-0.14008724874691186,-0.03504900326992261,0.00041945176587475765,-9.993311981716206e-05,4.408186274861813,4.1205899099726855,1.8412776340653034,0.44816732662290804,0.1652031342044893,1.0730202982437067,0.3286657257396914,-2.534129657045473,-4.713823720607257,-1.0042139156733896,0.03530596647180888,-0.0004047236687786025
3.74,-0.029701242334836536,1.4379085672278475,-1.0287079961307273,-0.5482036810695404,-0.0031136216774221097,-0.00014225887168418447,0.03300270061321142,-0.06060208402291362,-0.12331711049623886,-0.03007052004405338,0.0034559064648777673,-1.273381579198758e-05,4.364914300125453,4.183897534097689,1.9494662743310376,0.46656950562290334,0.17777565772053094,1.098693309936368,0.47069275276913675,-2.301331458356466,-4.61262772831134,-0.9734433290180978,0.05005348073270725,3.125842946041649e-05
3.75,-0.029082971692011815,1.4376814618989329,-1.0297664437230656,-0.5484528986878614,-0.00304917980055934,-0.0001415141148128164,0.06182706428247206,-0.02271053289146814,-0.10584475923382955,-0.024921761832097114,0.006444187686276945,7.447568713680871e-05,4.29246187269837,4.2226000460800215,2.0462402744771224,0.4823501392212748,0.17910659924910632,1.1128554329297637,0.6089749574038422,-2.0794282881543236,-4.511187488331765,-0.9430512157734913,0.06439937383207836,0.00046329157294867777
3.7600000000000002,-0.028183264466295717,1.4378351512780487,-1.0306441753130822,-0.5486492284078908,-0.0029555729105370764,-0.00013990527703666754,0.08997072257160965,0.015368937911575571,-0.08777315900166127,-0.019632972002939633,0.009360689002226388,0.0001608837776148871,4.192120953441508,4.236238431187186,2.131000442900143,0.4954591390283838,0.16915359892702142,1.1153168367944897,0.7426753110255795,-1.869930086652857,-4.410140798086675,-0.9132320600212716,0.07823594272305891,0.0008874179583234034
3.77,-0.02701070654814092,1.4383692294763994,-1.0313362658817482,-0.548791581212973,-0.0028337451052958267,-0.00013744835991441173,0.1172557918154795,0.053407819835065956,-0.06920905686660278,-0.014235280508224835,0.012182780524124966,0.0002456917122255805,4.065143534939198,4.224503793364438,2.2032225640406997,0.5058588922556488,0.14816919050874588,1.1060491639473522,0.8709686345673342,-1.6742571335196024,-4.31012330624584,-0.8841757035452358,0.09145794812060984,0.0012997465226555847
3.7800000000000002,-0.02557558717191466,1.4392809880283555,-1.0318388889670433,-0.5488791863517981,-0.0026848561651566377,-0.00013416713964448335,0.14351193762262623,0.09117585519559394,-0.050262308529512745,-0.008760513882511629,0.014888894013918914,0.00032812202699283855,3.9127199520444917,4.187244664054551,2.262461617252045,0.5135236113831461,0.11669353664339255,1.0851860906292794,0.9930382974459486,-1.4937270073843543,-4.21176365806929,-0.8560658476720266,0.103962951093557,0.0016964927087501636
3.79,-0.02388982978427573,1.4405654134190053,-1.0321493407364897,-0.5489115963420622,-0.0025102702334349825,-0.00013009287453244085,0.168575738763893,0.12844253906499334,-0.03104517694463827,-0.00324099902640693,0.017458593172165537,0.0004074265112042502,3.735967594281092,4.124473216750288,2.308355359261115,0.5184386863536083,0.07553957125826471,1.053019818475323,1.108073658209445,-1.3295425475491518,-4.115678715427282,-0.8290786312245986,0.11565170074228134,0.0020740174091777985
3.8000000000000003,-0.02196692913208647,1.442215200096273,-1.0322660568324882,-0.5488886899639772,-0.0023115438995761745,-0.00012526393796816776,0.19229006521892608,0.16497866772676134,-0.011671609599843771,0.00229063780850175,0.019872633385880807,0.00048289365642730924,3.535929977186189,4.036370235266883,2.340627228944299,0.5206000696568545,0.02577094065614105,1.0099936524404765,1.2152685604116358,-1.1827810084246222,-4.022468897696173,-0.8033813003907211,0.12642858984841107,0.002428864649851903
3.81,-0.019821893767480638,1.4442207793003066,-1.0321886218363003,-0.5488106732103931,-0.0020904137487869124,-0.00011972538290607563,0.2145035364605831,0.20055792040336212,0.0077434996187793065,0.007801675358415088,0.02211301507892621,0.0005538555062092132,3.3135857103483466,3.9232886956807653,2.3590885420195127,0.5200137233762838,-0.031326769724971726,0.9566909886556529,1.3138211796920674,-1.0543845846680173,-3.9327136879824605,-0.7791309848658792,0.13620219200611453,0.002757797568281802
3.8200000000000003,-0.017471192562240778,1.4465703638987322,-1.0319177712577652,-0.5486780781754546,-0.0018487834046040281,-0.0001135284444653147,0.23507012052398613,0.2349584598425621,0.027085057853524826,0.01325950349386057,0.02416303441828842,0.0006196938440760925,3.069866516268577,3.7857558368431268,2.363639952391768,0.5166951544051308,-0.09428092699035595,0.8938211852113302,1.4029354894341297,-0.9451524669163711,-3.8469673469494285,-0.7564735928973582,0.14488588939185754,0.0030578322386175466
3.83,-0.014932703292333857,1.4492500092629088,-1.0314553860203552,-0.5484917598791504,-0.0015887100592286295,-0.00010672998777488009,0.2538489269906921,0.26796453641766843,0.04623852374099532,0.01863182963040618,0.02600733453753985,0.0006798456690434614,2.8056831151588337,3.6244736122186563,2.3542721660713286,0.5106690597188894,-0.1614721296820676,0.8222029114563445,1.481824571311022,-0.8557345644980892,-3.7657548737807556,-0.7355428358261493,0.15239859512630913,0.00332626889675718
3.84,-0.012225660912787088,1.4522436900595799,-1.0308044794742415,-0.5482528910406953,-0.0013123904622394961,-9.939190858506218e-05,0.2707042379546769,0.2993680796671009,0.06509065461138192,0.023886883845518833,0.02763195969891334,0.0007338079189817917,2.5219575035114654,3.440317436338055,2.331065902670102,0.5019690978833999,-0.23117897658709374,0.7427456602567526,1.5497159425050804,-0.7866270029036402,-3.6895682504450873,-0.7164593904130233,0.15866556831181056,0.0035607201259160786
3.85,-0.009370602807115044,1.4555333926665193,-1.0299691770329031,-0.5479629548292763,-0.0010221463223765792,-9.158049445538056e-05,0.28550581056720437,0.3289702606939344,0.08353024413384391,0.028993621141903056,0.029024413986291693,0.0007811414129681616,2.2196599246823894,3.234333162162621,2.294191108311761,0.49063779622641235,-0.30162623670655186,0.656430157909389,1.6058590030403113,-0.7381694706468198,-3.6188630014321763,-0.6993302046888079,0.16361931352977388,0.0037591355781456124
3.86,-0.006389308075734066,1.4590992227523558,-1.0289546885907952,-0.5476237356361914,-0.000720409069770546,-8.336575451219186e-05,0.2981294731380977,0.3565830085836627,0.10144884421078328,0.0339219193084852,0.030173725260603326,0.0008214739943188693,1.8998486629897258,3.0077322508536763,2.243905432266416,0.4767265955800326,-0.3710351298061987,0.5642884155573924,1.6495346250284852,-0.7105444532016159,-3.554055096606263,-0.6842479503584781,0.16720055014030338,0.003919822832340355
3.87,-0.0033047278329103613,1.4629195273922833,-1.0277672739399617,-0.5472373079276576,-0.0004097039270759448,-7.482072584792902e-05,0.3084580242823705,0.3820304639927334,0.11874146508334382,0.03864277085338005,0.031070514269460118,0.0008545028664262841,1.563710693285148,2.761885122476632,2.1805519876506874,0.46029602666610003,-0.4376742371238258,0.46738413429662584,1.6800668123150118,-0.7037783518937992,-3.4955182199388553,-0.6712906220105436,0.16935923046284007,0.004041464026123384
3.88,-0.0001409035173171127,1.4669710309255,-1.0264142014615898,-0.5468060232524702,-9.263324678206571e-05,-6.60207646095135e-05,0.31638243155932483,0.4051503533216654,0.1353072478371956,0.04312846751873715,0.03170706802938791,0.0008799961238415521,1.2126011887987171,2.4983127046422524,2.104556424067728,0.4414160044532842,-0.4999094103193329,0.36679410674242585,1.6968362568546165,-0.7177444440829506,-3.443581421882222,-0.660521280653994,0.1700555801729157,0.004123127949088737
3.89,0.003077129610804987,1.4712289835997059,-1.0249037004236996,-0.5463324954931146,0.0002281409124868151,-5.704282969742933e-05,0.32180331281221,0.4257952674205889,0.15105010378901423,0.04735277593555607,0.03207741592688808,0.0008977934912084174,0.8480799327244649,2.218676225527706,2.0164233470809885,0.42016621959089306,-0.5562509595871736,0.26359115648904274,1.6992955112066859,-0.7521675989824681,-3.3985271683110336,-0.651987936553569,0.16926112936724938,0.004164277349033465
3.9,0.00632345631456942,1.4756673218955336,-1.023244907267829,-0.5458195844627368,0.0005499149768693773,-4.7964766771942845e-05,0.3246326703764433,0.4438338295827681,0.16587931558705887,0.0512911030377712,0.032177406438256215,0.0009078062925486487,0.4719427926093722,1.9247653275987309,1.9167321259032137,0.39663659973271415,-0.60539640039338,0.1588290317104214,1.6869853899844416,-0.806630622478449,-3.360589794586735,-0.6457235640916916,0.1669596990464893,0.004164771281035176
3.91,0.00957141467368328,1.4802588392821208,-1.021447806315123,-0.5452703779634408,0.0008699627964817685,-3.886459994333862e-05,0.32479583591138605,0.45915173865870323,0.17971009527058954,0.054920649929600884,0.03200478196123913,0.0009100166828604229,0.08624659742212373,1.618484608089089,1.8061321366647485,0.37092780849886076,-0.6462671357744292,0.05352952990005705,1.6595521129424136,-0.8805820658879941,-3.3299543696464773,-0.6417462395734319,0.16314830551587317,0.004124862420552639
3.92,0.012793750396383561,1.4849753660267189,-1.0195231653651362,-0.5446881724335527,0.0011855552863617937,-2.981983811515323e-05,0.32223357227002813,0.4716526744598013,0.19246409499869527,0.058220552988805616,0.03155924898800251,0.0009044761828185388,-0.3066740015102215,1.3018387212573763,1.6853374941025607,0.34315174625435496,-0.6780376503718961,-0.051328012098363976,1.616764615130715,-0.9733452993752123,-3.3067559722672866,-0.6400593916075811,0.15783794461582035,0.004045189364102161
3.93,0.015962793086326556,1.489787956568725,-1.017482466698386,-0.5440764523226379,0.0014939806936005938,-2.0906802461622033e-05,0.3169042689942997,0.4812590542006119,0.20406986667502797,0.061172011091477345,0.03084254072388002,0.0008913035653531195,-0.7041988122919735,0.976916204977431,1.5551213295044404,0.3134320149282308,-0.7001560851515767,-0.15481486476420914,1.5585313816438697,-1.084128622339494,-3.291079379864001,-0.6406521530037198,0.15105421888766912,0.003926764051371109
3.94,0.019050654687572586,1.4946670828740312,-1.0153378340258283,-0.5434388683430234,0.001792565386188957,-1.2199980963235265e-05,0.3087861601246028,0.48791263053059913,0.2144632672557532,0.06375839796146061,0.029858469258836312,0.0008706821498386767,-1.1034243224449762,0.6458722196544836,1.4163096772319046,0.28190430881942685,-0.7123554298660109,-0.25605881163068933,1.4849161218250522,-1.2120361620194235,-3.28295916924872,-0.6434998030350015,0.14283777377457416,0.003770954556764328
3.95,0.022029449561576833,1.4995828321110607,-1.0131019559545515,-0.5427792147552297,0.0020786950313179736,-3.7714153093661397e-06,0.29787948740042486,0.49157492370295314,0.22358780712767656,0.06596535877936122,0.028612964512901646,0.0008428565653869125,-1.5011762962133486,0.31091041012983933,1.2697750360990376,0.2487166946856414,-0.7146549878672168,-0.35424803387981063,1.3961515850873347,-1.3560792991078805,-3.282380228439095,-0.6485642893858432,0.13324451366618945,0.0035794636114412667
3.96,0.024871534850445003,1.5045051069369206,-1.0107880065588022,-0.5421014058519116,0.0023498360051675427,4.30987518249381e-06,0.2842085288868171,0.49222748258599625,0.23139493957494447,0.0677808903318119,0.027114097384956924,0.000808129049185995,-1.8940328212645003,-0.02573587950248997,1.1164296752390983,0.21402974727239865,-0.7073522045320466,-0.44863326356368827,1.2926508408601791,-1.5151883562986455,-3.289278678415429,-0.6557948200304671,0.12234557482262158,0.003354303323484161
3.97,0.02754976897818374,1.5094038266519625,-1.008409563658724,-0.5414094518105095,0.0026035568533412765,1.1978428671447165e-05,0.26782341277387367,0.4898719715041893,0.23784429000782664,0.06919540414020887,0.02537208481737336,0.0007668553488953355,-2.278357513581507,-0.3618227929817789,0.9572187567570647,0.17801651058020962,-0.6910053751815859,-0.5385285358269429,1.1750153995951989,-1.6882242928740379,-3.3035432031238585,-0.6651285165164509,0.11022703966414565,0.00309776665838869
3.98,0.030037785364547532,1.5142491274745418,-1.0059805254157572,-0.5407074340887292,0.002837549601631441,1.9172831669073746e-05,0.24880163863637905,0.4845300822579196,0.2429038242966709,0.07020177217802205,0.023399274829016443,0.0007194402997626581,-2.6503422434351336,-0.6951152949508519,0.7931133493012457,0.14086226047696782,-0.6664081323074207,-0.6233108826140579,1.044039639033658,-1.873990165642636,-3.325016784366878,-0.6764911214601985,0.09698938521294334,0.00281239631929213
3.99,0.0323102777021797,1.5190115602052203,-1.003515025853477,-0.5399994805390806,0.0030496507011265905,2.5836163143021222e-05,0.22724923376321676,0.47624327306784464,0.24654995622800752,0.07079535496485614,0.02121010994951497,0.0006663331473947475,-3.0060584289145944,-1.0234063883149955,0.6251034075972389,0.10276405030615621,-0.6345569317301631,-0.7024192970411862,0.9007111165230219,-2.0712421430894357,-3.3534988348918775,-0.6897977542812825,0.08274666718965859,0.002500951721625176
4.0,0.03434329250325713,1.5236622835909366,-1.0010273499058087,-0.5392897404189695,0.00323786138006799,3.1916390003333065e-05,0.20330148010774282,0.46507233857163083,0.24876759476684548,0.0709740120111166,0.01882106789413993,0.0006080226860311846,-3.3415156667385815,-1.3445359536999613,0.45419079277647456,0.06393002787956625,-0.5966129966454901,-0.7753532637587628,0.746206488452223,-2.278699894249022,-3.388747717480203,-0.7049537100983354,0.06762544994242789,0.002166374786621468
4.01,0.03611452408023488,1.528173251764118,-0.9985318485812316,-0.5385823594712077,0.0034003671674594127,3.736671280146229e-05,0.17712315769777587,0.4510968173181476,0.24955013245770488,0.07073809477617524,0.016250578739142294,0.0005450322798129225,-3.652726240901753,-1.6564089537926772,0.2813824069258299,0.02457851918791354,-0.5538603287354995,-0.8416711020602929,0.5818829145397276,-2.4950562147430206,-3.430483629869215,-0.7218552971033898,0.05176350056714797,0.0018117552801433382
4.0200000000000005,0.03760360670631301,1.53251739421818,-0.9960428548120845,-0.5378814552462897,0.0035355563502809093,4.21458611113737e-05,0.14890826260781317,0.4344142454062101,0.24889937691469743,0.0700904224917932,0.013518918282149656,0.0004779148309911407,-3.935773873750683,-1.9570127558427108,0.1076835125286029,-0.015063118715787915,-0.5076614557166756,-0.9009883114501593,0.4092649893021874,-2.7189857973835183,-3.4783918249314887,-0.7403907075092555,0.035308272851809326,0.0014402963969639012
4.03,0.038792398420219976,1.53666878688771,-0.9935746005328268,-0.5371910928324175,0.003642037127213796,4.62183386552347e-05,0.11887917139069629,0.41513926695299386,0.2468254279257758,0.06903624138722232,0.010648077693288627,0.00040724775438609977,-4.1868849646235855,-2.244433341496016,-0.0659086966603738,-0.05475986635566521,-0.45941256056112323,-0.9529760497629671,0.23002740663216192,-2.949153101193894,-3.532126123076483,-0.7604409162948385,0.0184152127000248,0.001055281237046747
4.04,0.039665250807137904,1.5406028130267646,-0.9911411355006642,-0.5365152611521297,0.0037186532269497317,4.955461877312706e-05,0.08728523869179304,0.39340261390545067,0.24334650321625936,0.06758316802878848,0.007661609973593581,0.000333628011789236,-4.402500499324528,-2.5168701941614784,-0.2384112123177085,-0.09427061612001619,-0.410499540176378,-0.9973598169116169,0.04597371732662346,-3.1842193180045024,-3.591312660097527,-0.7818806005224216,0.0012459212063581611,0.0006600407421795201
4.05,0.04020925910811537,1.544296312719617,-0.9887562483369561,-0.5358578499756237,0.003764497768275104,5.2131291308375906e-05,0.0544008300977466,0.36934996928523295,0.23848871637080657,0.0657411176506,0.004584454132537216,0.00025766725352488495,-4.579346808496385,-2.772649679825573,-0.40886096174455494,-0.13334993042044552,-0.36225638503085733,-1.0339183669597878,-0.14098832417189397,-3.422848477415897,-3.655553799769475,-0.8045790701323383,-0.016033785577212592,0.00025792356271092025
4.0600000000000005,0.04041448718384088,1.5477277200121027,-0.9864333902290435,-0.5352226277906209,0.0037789251519893584,5.3931162380218635e-05,0.020522807572550844,0.34314072924857686,0.2322858107912543,0.06352221850027942,0.0014427383714254545,0.00017998710718427293,-4.7145034016135074,-3.0102367670426675,-0.5763201456292226,-0.17174995674480442,-0.31592707236506357,-1.0624828302711586,-0.3288742149934648,-3.6637127666649993,-3.7244321277718164,-0.8284011990821301,-0.03325587996115907,-0.00014773178954233322
4.07,0.040274162179796014,1.550877186815297,-0.984185601690424,-0.5346132206571159,0.003761560791086078,5.4943308837876746e-05,-0.014032500404486462,0.31494668031943013,0.22477885386194585,0.060940713350494204,-0.0017364360903280346,0.0001012146457658112,-4.80546620141649,-3.2282449649940967,-0.7398811267069798,-0.20922246834630975,-0.27263194071593944,-1.082935997462207,-0.5156522679968529,-3.9054971700255408,-3.797514433449402,-0.8532083437955533,-0.05025214922566439,-0.000553622268748271
4.08,0.03978483419849974,1.5537266929032707,-0.9820254427334428,-0.5340330921628136,0.003712308505213463,5.516308943063062e-05,-0.048932798129627225,0.284950608797366,0.21601589569811894,0.058012849430236976,-0.0049252285872614905,2.1978059275386952e-05,-4.850204645352953,-3.4254443941626023,-0.8986708427459598,-0.24552099607638134,-0.23333927790057984,-1.0952116981241344,-0.6992745384880911,-4.146903551655919,-3.8743555799649174,-0.8788592344508188,-0.06685620757311068,-0.0009565029943546701
4.09,0.0389464968666466,1.5562601414996826,-0.979964926763815,-0.5334855245817474,0.003631355427917002,5.4592114885184856e-05,-0.0838337331853142,0.25334485964118303,0.2060515969627858,0.05475675810662083,-0.008095307729646119,-5.709745454457593e-05,-4.847211299064388,-3.6007679413554046,-1.051854727976551,-0.2804030147084191,-0.1988426217230561,-1.099294199131232,-0.8777083450139866,-4.386654315758102,-3.9545021627609165,-0.9052108239777117,-0.08290545852302547,-0.0013532073345050486
4.1,0.03776266537294891,1.5584634401205215,-0.9780154584612939,-0.5329736013247826,0.0035191743002033647,5.3238179154619804e-05,-0.11838314936976926,0.22032986208389477,0.19494683025211226,0.05119232569647546,-0.011218112771363736,-0.00013539357305650517,-4.79554283442569,-3.753315488497794,-1.198640138024195,-0.3136321461411278,-0.16974405322497077,-1.0952175484424123,-1.0489676233735241,-4.623495778660633,-4.037495861768944,-0.9321190799997336,-0.09824297676611286,-0.0017406644964282035
4.11,0.03624040932643341,1.5603245665090624,-0.9761877758665921,-0.5325001907567201,0.00337652305118144,5.111515409515413e-05,-0.1522256046515501,0.1861126388540848,0.1827682594701782,0.04734105680624503,-0.014265124902192474,-0.0002123025059465675,-4.69485145287462,-3.8823562417682136,-1.3382792842761377,-0.34498034204716355,-0.14644356416232185,-1.0830647987723196,-1.211143387279582,-4.856201379716114,-4.122876404802444,-0.9594397065040088,-0.11271928296644997,-0.0021159148417552336
4.12,0.03439033862320366,1.5618336196608706,-0.974491896852136,-0.5320679314408348,0.0032044415955521767,4.82428497429806e-05,-0.18500707032297467,0.15090531518082997,0.16958790144561503,0.0432259315885288,-0.017208145562926297,-0.000287230435217353,-4.545406075405476,-3.9873292232114275,-1.470071694054117,-0.37423000984448684,-0.12913440855058766,-1.0629670593123723,-1.3624326257984534,-5.083574842930237,-4.21018407778207,-0.9870287847797095,-0.12619398970276535,-0.002476123220185735
4.13,0.03222654138988646,1.5629828560885886,-0.972937070114214,-0.5316792188581848,0.0030042458081498504,4.464684221144967e-05,-0.2163797233317202,0.11492364277178443,0.15548267379219247,0.03887125826499555,-0.02001957874023265,-0.000359600753153093,-4.348102865457229,-4.067842019973615,-1.5933662226331897,-0.4011760482222311,-0.11780420495585986,-1.0351023406621502,-1.5011650418288642,-5.304453380605988,-4.298961740996755,-1.0147433270330504,-0.13853730137479942,-0.002818590667871247
4.14,0.029766473971807178,1.5637667116157046,-0.971531730787286,-0.531336193636182,0.00277751866720848,4.035827101935383e-05,-0.24600674180792845,0.0783855527116065,0.14053393269280348,0.03430252220027567,-0.022672714094137042,-0.00042885711920958355,-4.104464892420036,-4.123667915853057,-1.707562651725437,-0.4256277616981343,-0.11224144183346141,-0.9996941764431555,-1.6258271222460938,-5.51771100580079,-4.3887563380789825,-1.0424417408312456,-0.14963135522167748,-0.0031407648457893213
4.15,0.027030803831830645,1.564181809113426,-0.9702834607482494,-0.5310407313089553,0.002526098590181786,3.5413607407006116e-05,-0.2735670139976533,0.04150974977215988,0.1248270039036643,0.029546232722663286,-0.025142007702669413,-0.0004944663612347717,-3.81663097486886,-4.154741555195784,-1.8121129162450291,-0.44741062765254824,-0.11204695094969708,-0.9570100229307399,-1.7350831238815452,-5.722261993944406,-4.479119913906889,-1.069984207806927,-0.15937139442077336,-0.0034402495980780106
4.16,0.02404320710157893,1.5642269527034594,-0.9691989536497793,-0.530794433621168,0.0022520650184527386,2.985439491340574e-05,-0.2987596730251717,0.004514359003329839,0.10845070984702428,0.02462976877874213,-0.027403357172904725,-0.0005559212493600374,-3.4873339583284335,-4.1611533096652265,-1.9065220067440574,-0.4663678938083997,-0.11664985077946177,-0.9073594542017487,-1.8277926556866502,-5.917064507382911,-4.569610187101468,-1.0972329854482286,-0.16766676744300021,-0.003714813991888418
4.17,0.02083012336204831,1.5639031090407953,-0.9682839846977601,-0.5305986213773194,0.001957721339829545,2.3726963192049227e-05,-0.3213083739530618,-0.03238436626640884,0.09149689520191671,0.019581224384857883,-0.029434367862319365,-0.0006127431721356512,-3.1198688781472548,-4.143142533653277,-1.9903485986867477,-0.48236198889422965,-0.12532741891165777,-0.8510921837408842,-1.9030246324299886,-6.101124371573515,-4.6597907499433004,-1.1240526458520805,-0.1744417503905667,-0.003962401161003072
4.18,0.017420471009296588,1.5632133763638354,-0.9675433851684593,-0.5304543288302828,0.0016455752700700083,1.7082115753180116e-05,-0.34096523527517236,-0.06897326769599801,0.07405995293007792,0.014429254703662948,-0.03121460697595368,-0.0006644847438869113,-2.71805163111822,-4.1010899038157005,-2.063205461573981,-0.4952757341053804,-0.1372283256856104,-0.7885959535244407,-1.960067466147939,-6.273498969585109,-4.749230991289582,-1.150310269583149,-0.1796361909590508,-0.004181137218376257
4.19,0.013845327268974365,1.5621629420542271,-0.9669810216464081,-0.5303622995959415,0.0013183168465639408,9.974792055449504e-06,-0.3575143740322222,-0.10504343096082121,0.05623635220511903,0.009202923434124306,-0.03272584235060674,-0.0007107323697730612,-2.2861689285306674,-4.035509042357762,-2.1247597008018233,-0.5050133476692586,-0.15139864620436683,-0.7202943380258309,-1.9984354462555154,-6.43330120359583,-4.837505854641653,-1.175875615867802,-0.18320597402687372,-0.004369340431673059
4.2,0.010137577549490582,1.5607590294859603,-0.9665997799537661,-0.5303229840753021,0.0009787942185105216,2.4637041490563484e-06,-0.37077497194837833,-0.14039125682668188,0.03812416926419328,0.0039315520639458135,-0.03395226280534192,-0.0007511087906393155,-1.8289204284701444,-3.947037622389581,-2.174732883051866,-0.511501239103648,-0.1668100604847993,-0.6466445132358136,-2.0178713365047045,-6.579703459029698,-4.924195552583782,-1.2006212919654164,-0.1851233098046312,-0.004525530775050801
4.21,0.006331539358252146,1.559010834963404,-0.9664015537358779,-0.5303365383613049,0.0006299874482368804,-5.389052086317799e-06,-0.38060381912384356,-0.17481945225563272,0.01982262178882107,-0.0013554286002819558,-0.034880677027364124,-0.0007852756235374147,-1.35135404770561,-3.8364281472148045,-2.2129010920322068,-0.5146885935439016,-0.1823896482288463,-0.5681350397927993,-2.0183452863421083,-6.711941499310756,-5.0088853596651965,-1.224422944526744,-0.1853768461240387,-0.004648439884275667
4.22,0.0024625664415049847,1.5569294555522664,-0.9663872376652785,-0.5304028246046301,0.0002749805674884637,-1.351841114533005e-05,-0.3868972916747161,-0.20813794111376938,0.0014316070599448595,-0.006628624332518956,-0.03550068807484167,-0.0008129359059012252,-0.858795535707783,-3.704538584266928,-2.2390949556942914,-0.5145477495247093,-0.19705068258370995,-0.48528370488863737,-2.0000502157040017,-6.829318217074807,-5.09116559836201,-1.2471594940404456,-0.1839716069721305,-0.004737021355229133
4.23,-0.001433360859510673,1.5545278085974952,-0.9665567252269321,-0.5305214128109362,-8.306783967430674e-05,-2.1856777565586133e-05,-0.38959273010156575,-0.24016469547712718,-0.01694875616537052,-0.011858820630617311,-0.03580484071627704,-0.0008338366420256084,-0.3567734581398743,-3.55232301914526,-2.253199678800492,-0.5110743759237355,-0.20972382417709512,-0.3986354600582207,-1.9633938862932618,-6.931207170886901,-5.170631917620715,-1.2687134301983392,-0.1809287599362856,-0.004790461242160023
4.24,-0.005320052818828259,1.5518205436997778,-0.9669089110502453,-0.5306915840409887,-0.00044095522961599834,-3.033449096563693e-05,-0.38866919593175864,-0.27072648977173924,-0.035218582331316986,-0.017017123005242607,-0.03578873899416916,-0.0008477713400050797,0.14905921225772553,-3.3808224765086794,-2.2551551062129898,-0.5042874552063719,-0.21938811134009367,-0.30876048158115255,-1.9089879194860802,-7.017055844589586,-5.246885941835079,-1.2889711814243552,-0.17628521595580363,-0.004808188535542715
4.25,-0.00916152877063544,1.5488239478896189,-0.9674416977575567,-0.5309123349847955,-0.0007954665456680946,-3.88803161257098e-05,-0.38414759518071795,-0.299659581015903,-0.05327867073114324,-0.022075094380676875,-0.035451131605209615,-0.0008545825160072866,0.6530056600531261,-3.191156033206917,-2.2449558327651005,-0.49422908083998784,-0.22510113445653435,-0.21625236735607423,-1.8376340618079647,-7.086388578605826,-5.319536341618905,-1.3078235662685844,-0.1700930657814563,-0.004789885333476237
4.26,-0.012922430453599552,1.5455558446971962,-0.9681520073035046,-0.531182383880931,-0.001143406175044838,-4.742195743678902e-05,-0.3760901682964113,-0.3268103192422545,-0.07103095459478728,-0.027004889613548418,-0.03479396293767433,-0.0008541641311079227,1.1494066786545654,-2.9845123257553197,-2.2226513654157216,-0.4809640767629162,-0.22602777243236716,-0.12172646905947312,-1.750308033872209,-7.138809137856141,-5.388200348426354,-1.3251663282992032,-0.1624188588917772,-0.004735496367966448
4.2700000000000005,-0.016568424027437512,1.542035487769625,-0.9690357967839986,-0.5315001777524243,-0.0014816300541181534,-5.58865965805049e-05,-0.36459935738379584,-0.3520356927571212,-0.08837894804941114,-0.03177938714933805,-0.033822387907331546,-0.0008464639143715879,1.6327217170417083,-2.7621415298769794,-2.188346332924588,-0.4645794462627837,-0.22146685903725505,-0.025818341495892794,-1.6481413280545585,-7.1740028982397614,-5.452505705125283,-1.3409007500004346,-0.15334273232572596,-0.004645237510256648
4.28,-0.020066584752928183,1.538283449637179,-0.970088078696613,-0.531863900930669,-0.001807077545062677,-6.420145172989494e-05,-0.34981607254906727,-0.3752038132446112,-0.10522819126143167,-0.036372317824472776,-0.032544749094452374,-0.0008314855149390038,2.0976082124101976,-2.5253478651180066,-2.1422007278579827,-0.44518365677706306,-0.21087513903285604,0.07081772735599157,-1.532401343994561,-7.1917386515476975,-5.51209301621669,-1.3549343354661512,-0.14295739894226486,-0.004519602858962006
4.29,-0.02338575865340371,1.5343215061786855,-0.9713029456352194,-0.5322714848385202,-0.002116802696201618,-7.229435589100424e-05,-0.33191739004755266,-0.3961943458493425,-0.12148669386063468,-0.04075839078511001,-0.030972515113894126,-0.000809290416110931,2.538997889481456,-2.2754826532131838,-2.084430155749361,-0.42290576606731634,-0.19388787220471038,0.1675101615532173,-1.4044702690180737,-7.191870045813518,-5.566618436487245,-1.3671815467797792,-0.13136700694156322,-0.004359370011714421
4.3,-0.02649689590777467,1.5301725172858167,-0.9726735993998495,-0.5327206190028669,-0.002408004492735637,-8.009435125446857e-05,-0.31111372543709626,-0.4148988892868738,-0.13706537646302006,-0.044913416434677174,-0.02912017965340188,-0.0007799995363464322,2.952168707029176,-2.01393793559615,-2.015306057007295,-0.3978943943069755,-0.17033545217985413,0.2635715935436991,-1.265823122297322,-7.174336693053384,-5.6157566170979525,-1.3775645752203232,-0.11868588497551073,-0.00416560313517657
4.3100000000000005,-0.029373351257556274,1.5258603041782948,-0.9741923844974467,-0.5332087632653082,-0.0026780557046853382,-8.753229561695179e-05,-0.2876455349781602,-0.4312213107521865,-0.15187850975971195,-0.048814426244126276,-0.027005121194970096,-0.0007437944362483227,3.3328111455586398,-1.7421406337936869,-1.9351558590670417,-0.37031654594060015,-0.14025543131099028,0.35830050720709083,-1.11800538638606,-7.139164987773822,-5.659203814585108,-1.3860141260474736,-0.10503718970279584,-0.003939653478750117
4.32,-0.031991147336536296,1.521409523778838,-0.9758508259998233,-0.5337331611569669,-0.002924529945575835,-9.454147609181765e-05,-0.26177960789800253,-0.44507803994567535,-0.16584415023765675,-0.05243978916587088,-0.024647424089049692,-0.0007009180474865858,3.6770875621262946,-1.4615472169010877,-1.8443630096075272,-0.34035628501284876,-0.10389938835854196,0.4509831414834333,-0.9626106470170488,-7.086468686388789,-5.696681061553226,-1.392470194682597,-0.09055147505265104,-0.00368315702253019
4.33,-0.034329197542836955,1.5168455405194565,-0.9776396717114151,-0.5342908543998602,-0.003145226569328653,-0.00010105822448826098,-0.233805020630066,-0.45639832593814983,-0.17888457115917583,-0.055769324289333004,-0.022069662375281778,-0.0006516748396443331,3.9816833949818724,-1.1736388233005064,-1.7433668366919568,-0.30821326813986705,-0.061734147394254535,0.5408957842851629,-0.8012586511147883,-7.016449298923652,-5.7279372979581336,-1.3968828125712998,-0.07536520459067021,-0.0033980290079121574
4.34,-0.03636948585783039,1.5121942959206678,-0.9795489385811014,-0.5348786984925429,-0.0033381930545698935,-0.00010702252793329161,-0.20402883149934378,-0.465124459878883,-0.19092668696862586,-0.0587844092682646,-0.01929664852412406,-0.000596430344503063,4.2438490884281,-0.8799167695460376,-1.6326621786566773,-0.27410114053404033,-0.014436958699786118,0.6273075980896357,-0.6355741734156787,-6.929396339599963,-5.7527523682328825,-1.3992127427187067,-0.05961923007384059,-0.0030864551671359523
4.3500000000000005,-0.03809720186055884,1.5074821762632384,-0.9815679632694356,-0.5354933793319736,-0.0035017445554963935,-0.00011237862757867384,-0.17277160027284433,-0.4712119657429301,-0.2019024688334245,-0.0614680839430751,-0.016355150092650008,-0.0005356099645382228,4.461431733121623,-0.5818983681004959,-1.5127987256447541,-0.23824580251785843,0.03711561153225418,0.7094841244300887,-0.4671670537339457,-6.825687472045497,-5.770939801036438,-1.3994321075617255,-0.043457260401191716,-0.002750879543028836
4.36,-0.03950083007297423,1.5027358786587826,-0.983685456755255,-0.5361314308167819,-0.003634480336694465,-0.00011707559761315036,-0.14036282124153932,-0.4746297604455979,-0.21174934858193878,-0.06380514848083446,-0.013273578119807155,-0.0004696970034476515,4.632895584031432,-0.28111296747074016,-1.3843800159533228,-0.2008835567644338,0.0918651653685636,0.7866916125547978,-0.29761372995578295,-6.705788568402166,-5.782349303678108,-1.3975249351460106,-0.027024345600110633,-0.002393988869176999
4.37,-0.040572193680590785,1.497982275821254,-0.9858895628341586,-0.5367892533694489,-0.0037352968556960695,-0.00012106789632600109,-0.107136360761655,-0.47536028375285894,-0.2204106078903611,-0.06578225526669862,-0.010081651900160424,-0.00039922987128507287,4.757330830622417,0.02090187671939914,-1.2480620338572914,-0.16225914998301727,0.1485952108152837,0.8582023059465951,-0.12844054688695666,-6.570253680452199,-5.78686892065204,-1.3934876131415626,-0.010465400161750817,-0.002018693560605863
4.38,-0.04130645358260799,1.493248279846098,-0.9881679203262784,-0.5374631333065284,-0.003803397311035974,-0.00012431588067528986,-0.07342599020172069,-0.4733995975156016,-0.22783574921197924,-0.06738799370794786,-0.00681004553399045,-0.0003247984349288764,4.834450252019798,0.32260419311076516,-1.1045513612410913,-0.12262372672251765,0.20596080244000348,0.9233007974449183,0.038890930849397716,-6.419724896452987,-5.784426823527161,-1.3873292437034102,0.0060762110798144725,-0.001628105442819095
4.39,-0.04170206461073715,1.4885607053172938,-0.9905077287727863,-0.5381492629771247,-0.0038382975341884587,-0.00012678627573216,-0.03956110281291603,-0.4687574528804291,-0.23398084465078267,-0.06861296705963056,-0.00349002231524848,-0.0002470395056870139,4.864573691010552,0.6224514408023976,-0.9546028430565858,-0.08223271719117253,0.2625234859922472,0.9812915282965706,0.20299643113440352,-6.2549320314436585,-5.774992716122316,-1.3790718952542864,0.022460003227646026,-0.0012255124200768299
4.4,-0.04176069159111584,1.4839461320842355,-0.9928958173604918,-0.5388437615806448,-0.003839828169643718,-0.0001284525905234571,-0.0058626980378686105,-0.4614573233058295,-0.23880885877055327,-0.0694498603520135,-0.00015306354552589978,-0.00016663147912971207,4.848600617923147,0.9189044988851297,-0.7990167361174594,-0.041343685172999356,0.31679069404753335,1.0315074579955255,0.362579202395637,-6.0766920733935414,-5.758578853168549,-1.368750749706579,0.0385495990829594,-0.0008143503498460725
4.41,-0.04148708868285383,1.4794307680796035,-0.9953187167726021,-0.5395426965656112,-0.003808133156758642,-0.00012929547219222906,0.027360290826200888,-0.45153640046320154,-0.24228994121102726,-0.06989349849663215,0.003169501288507597,-8.428816687719682e-05,4.787971417695379,1.2104318814247628,-0.6386353217218657,-0.00021416595497525392,0.36725849560080803,1.0733198708192484,0.5164379108468415,-5.885908284828838,-5.735240681611807,-1.3564141453229588,0.05421383895060505,-0.0003981724477095573
4.42,-0.04088894608493597,1.4750403125851237,-0.9977627336222197,-0.5402421055023164,-0.0037436645977525925,-0.00012930299104249612,0.059814259791785895,-0.43904554944798146,-0.24440168496176176,-0.06994089367053002,0.006446855900604962,-7.518850267064552e-07,4.684618405893962,1.495514251250184,-0.4743389747094764,0.040900472693583545,0.41245638592809897,1.1061492132490551,0.6634722229847918,-5.6835688415338765,-5.70507712087353,-1.342123516318978,0.06932776078623559,1.9383405494192356e-05
4.43,-0.03997670873775167,1.4707998203932762,-1.000214027084478,-0.540938018313586,-0.003647174165906548,-0.00012847084992315727,0.09122373471842973,-0.4240492191847555,-0.2451293462258271,-0.06959128112695531,0.009649043184604458,8.32141119338858e-05,4.540907943829248,1.7726492950767487,-0.3070416943752736,0.0817491113158546,0.4509926320606432,1.1294767769061869,0.8026861494653599,-5.470744878346029,-5.668230501747269,-1.3259532305186275,0.08377344305298148,0.00043462904550173364
4.44,-0.0387633720374484,1.4667335673583113,-1.0026586873043735,-0.5416264797401253,-0.0035197012740888233,-0.00012680251251658158,0.12133367003032706,-0.4066253034964826,-0.24446602198955583,-0.06884614265393775,0.012747289181772486,0.0001668337406575699,4.359575358742049,2.040357009900857,-0.13768611572624165,0.12208686528724577,0.4815985806878622,1.1428569586588013,0.9331892820477292,-5.2485878082843875,-5.624886183560601,-1.3079903260514885,0.09744070689457761,0.0008438616601346973
4.45,-0.03726425981658389,1.4628649178779753,-1.0050828151213527,-0.5423035719100991,-0.003362558283572399,-0.00012430924639992522,0.1499112220864508,-0.38686494803359484,-0.24241278169792943,-0.06770921699738457,0.015714299051642455,0.0002493266116656364,4.143654661120999,2.2971854365348077,0.0327619675636876,0.16167694166910618,0.5031703028125492,1.145929748497419,1.0541961046644142,-5.018325786054799,-5.575271866492941,-1.288334147450671,0.11022767846852081,0.001243400226842341
4.46,-0.035496789915142074,1.45921619489665,-1.007472602619463,-0.542965436876894,-0.0031773130842618997,-0.00012101007820139272,0.17674699014418144,-0.3648722981325385,-0.2389787498110224,-0.06618649667948752,0.018524519931049928,0.0003299168198532501,3.8964052673595955,2.5417168609368073,0.20331952494497768,0.2002923331885924,0.5148060013655282,1.1384330229115194,1.1650236015074926,-4.781259200509781,-5.519656611441987,-1.267095880820963,0.1220412163525986,0.001629622293655847
4.47,-0.03348023257056767,1.4558085530696387,-1.0098144139842187,-0.5436082989846197,-0.002965769417746792,-0.00011693165973171153,0.20165573445744078,-0.34076418270111763,-0.234181136475579,-0.06428621077256423,0.021154366651510766,0.0004078418469681185,3.6212380649525127,2.772574487942649,0.3729926008221663,0.23771731997174506,0.5158377459712646,1.1202141633556901,1.265087418408036,-4.53875510242523,-5.458349574588629,-1.2443979872337845,0.13279721269139003,0.001999000646322972
4.48,-0.03123546659979202,1.4526618557755113,-1.0120948661249707,-0.5442284869179091,-0.0027299453423352727,-0.00011210804558019507,0.22447659707756476,-0.31466972941275134,-0.22804521407519546,-0.06201879332893902,0.023582407541151953,0.0004823614151516457,3.321643186789752,2.988429575451261,0.5407829519735086,0.2737487549641564,0.5058563171927304,1.091240482117064,1.3538968582618753,-4.292240502906753,-5.391698458794524,-1.2203735333676204,0.14242078005662073,0.0023481394129777895
4.49,-0.028784737942895496,1.4497945567071748,-1.01430090850506,-0.5448224552910591,-0.002472050253290722,-0.00010658038427017993,0.24507286568965275,-0.28672990683365823,-0.2206042380089274,-0.05939683731499099,0.025789508904455055,0.0005527661310015142,3.001121784527748,3.188009000372766,0.7056949380482332,0.30819711555845686,0.4847282275304643,1.0516079268544423,1.4310490067771255,-4.043194512292354,-5.32008768000434,-1.1951654187860763,0.15084633874992912,0.0026738091722604555
4.5,-0.026151424605997554,1.4472235868111403,-1.0164199016118258,-0.5453868056315402,-0.0021944608714766314,-0.00010039652661695904,0.26333133368979417,-0.2570969896034577,-0.21189931067657605,-0.056435034048102406,0.027758938181409076,0.0006183857653220887,2.663123909324554,3.370103211035378,0.866742586430304,0.340887311502458,0.4526043182476034,1.0015475538426601,1.4962222917083228,-3.7931393276632908,-5.243936244517547,-1.168925500192728,0.15801762139576836,0.0029729806501420813
4.51,-0.023359811404362732,1.444964247376785,-1.0184396934948685,-0.5459183066143936,-0.001899696599853166,-9.361055637368622e-05,0.2791613201634821,-0.22593394343552012,-0.2019791883042783,-0.053150098285333666,0.02947642716234654,0.0006785970243272823,2.310994329550025,3.5335745045763236,1.022956748515046,0.3716592472890454,0.40991968538700796,0.9414293102710931,1.5491697775959856,-3.5436301169262854,-5.163695332684778,-1.1418136145088975,0.16388761309561525,0.0032428566137261442
4.5200000000000005,-0.020434877193629394,1.4430301101018772,-1.0203486938039832,-0.546413913406985,-0.001590394620842603,-8.628224954540664e-05,0.2924934210733338,-0.1934137274907718,-0.19090003091145658,-0.04956067925914066,0.030930197901056306,0.0007328306828279584,1.9479277542632982,3.677365552412721,1.1733922621810655,0.40036814547194766,0.3573850389978386,0.8717627469866729,1.5897124896130532,-3.296243886793566,-5.079845586347411,-1.1139965046052265,0.16841844610240717,0.0034809015960110693
4.53,-0.017402096517891666,1.441432924975906,-1.0221359447678404,-0.5468707859879433,-0.001269285070262347,-7.847646986591461e-05,0.303278067573773,-0.1597185125971391,-0.1787250963857303,-0.045687258095826286,0.032110955058025595,0.000780577967949203,1.5769345086185274,3.800508082495359,1.3171350348722874,0.4268846452857318,0.2959699218160541,0.7931943917368323,1.6177330452577354,-3.052567458914189,-4.9928941010192975,-1.0856466538452938,0.1715812679049979,0.0036848691131876805
4.54,-0.014287256829137654,1.4401825368276708,-1.0237911885706745,-0.5472863063097914,-0.0009391665776574207,-7.02625088445306e-05,0.31148396887540114,-0.1250388148235051,-0.1655243802834097,-0.04155203218481449,0.03301184926049262,0.0008213961021384008,1.200817246793038,3.9021316139641122,1.4533089631123741,0.4510946981080064,0.22687848718055914,0.706501643818082,1.63316985210446,-2.8141847112227136,-4.903371129068493,-1.0569410381015807,0.1733561007819388,0.003852826064852809
4.55,-0.011116291673397503,1.439286811377105,-1.025304930606661,-0.5476580941816914,-0.00060288241120987,-6.171337948880038e-05,0.31709651557401514,-0.0895725450565916,-0.1513742035986623,-0.03717878719000572,0.03362841664475507,0.0008549129355730213,0.8221588148600005,3.981472128316244,1.5810826072761295,0.47289928729324515,0.15151874736415571,0.6125831968401814,1.6360121042817657,-2.582663268939461,-4.811826506540422,-1.0280598064009525,0.173731709304496,0.003983174037063577
4.5600000000000005,-0.007915129522718351,1.4387515716125654,-1.0266684981200125,-0.5479840217567683,-0.00026329741094957137,-5.290507329329816e-05,0.32011621506791527,-0.05352397645393995,-0.13635675133514372,-0.0325927575076878,0.03395850002602986,0.0008808306195502224,0.44332091479841895,4.037880551505376,1.6996755448060816,0.49221400449621555,0.07146634776993555,0.5124461486000613,1.6262957802524036,-2.3595408506462565,-4.718825823272321,-0.9991849036775002,0.17270548997085067,0.0040746672581371355
4.57,-0.004709557283221807,1.4385805452832017,-1.027874093772636,-0.5482622265175539,7.672416024435524e-05,-4.391579036161257e-05,0.32055722394965447,-0.01710263293636541,-0.12055956526236766,-0.027820476078554108,0.03400215711939266,0.0008989282931685587,0.06645279340529003,4.070830913740496,1.8083643305869228,0.5089685174436376,-0.011575996868934124,0.4071901067515985,1.6041008100819176,-2.1463114889297934,-4.624946363095036,-0.9704986511085308,0.1702833941874266,0.004126426987405261
4.58,-0.0015250969483676284,1.438775324251029,-1.028914843720032,-0.5484911226630976,0.0004143397695345052,-3.482515261244701e-05,0.31844603348541783,0.01947789678274764,-0.1040749947395897,-0.022889614554378025,0.03376156092901499,0.000909063774916556,-0.30649119597578073,4.079928048340234,1.906487999603192,0.5231059652893855,-0.09582224008310547,0.2979887371064675,1.569549541762614,-1.944411852058783,-4.530772847777647,-0.9421823010744548,0.16647989225321203,0.004137952147848201
4.59,0.0016131065909873567,1.4393353363888237,-1.0297848398194147,-0.5486694108121296,0.0007467487382032288,-2.5713409930414706e-05,0.3138203539354985,0.05600121377946081,-0.08699960993828669,-0.017828814903198407,0.03324089686687236,0.0009111742682032306,-0.6737266223364344,4.064914688000284,1.9934530541006907,0.5345823170744772,-0.17944875945601524,0.18606931977952867,1.5228065932396058,-1.7552078931830797,-4.436893024610113,-0.9144145848467419,0.16131798194909633,0.004109126044942425
4.6000000000000005,0.004680388910766725,1.440257830637927,-1.0304791756412888,-0.5487960859482389,0.001071211342257976,-1.6660648878812582e-05,0.30672823197793686,0.09224942491033,-0.06943358218740209,-0.01266751361093343,0.032446260405474714,0.0009052761051602123,-1.033608298757136,4.025677816384035,2.0687378850379794,0.5433657265937697,-0.26064100242262267,0.07269097001192948,1.4640801294509318,-1.5799820470177495,-4.343893142910781,-0.8873702716437659,0.15482924091557151,0.004040219046640058
4.61,0.007652663143879423,1.4415378757548203,-1.0309939760063034,-0.5488704435452648,0.001385066923968661,-7.746013217146993e-06,0.2972274233112698,0.12800451168932725,-0.05148003650145615,-0.007435759702594101,0.03138555817106851,0.000891463566166559,-1.384595762038421,3.9622541351602893,2.131896585439878,0.5494359134086864,-0.3376399239665746,-0.04087776000994703,1.3936245519108335,-1.4199211815079442,-4.252353369164184,-0.8612187577147917,0.1470539173767955,0.003931887133801491
4.62,0.01050651344422478,1.443168373177441,-1.0313264198225944,-0.548892083823896,0.001685751068052071,9.530550188615616e-07,0.28538503003453575,0.16304974226206237,-0.033244381629105486,-0.00216402786311714,0.03006841440834101,0.0008699068236008554,-1.725216861869067,3.874834511549515,2.182562121228745,0.5527835950121052,-0.4087871393297027,-0.15338115814181053,1.311744532319637,-1.2761054943183727,-4.162843193900783,-0.8361227036618074,0.1380410491225382,0.0037851662673986297
4.63,0.013219287444182744,1.445140084332489,-1.031474756054375,-0.5488609141037603,0.0019708119056441272,9.361545694014948e-06,0.27127739999579636,0.1971711155048187,-0.01483362317807153,0.0031169720135683435,0.028506083759205627,0.0008408490675153387,-2.0540314242813382,3.7637672791282966,2.220448833039339,0.5534099897301878,-0.47256772274631587,-0.2635977810425121,1.2188002619273453,-1.1494985220172267,-4.075916885849484,-0.8122367373547157,0.12784859620043804,0.003601462559221447
4.64,0.015769190177062038,1.4474416725844803,-1.0314383127096858,-0.5487771492289776,0.002237925609210491,1.7407574479045106e-05,0.25499027328792945,0.23015882519911685,0.0036443344689412044,0.008376487478264196,0.026711370356636364,0.0008046028785030157,-2.3695968978081736,3.629560275058562,2.2453542503727624,0.551326404022376,-0.5276495811511683,-0.3703603571923557,1.1152137259639898,-1.0409384044673597,-3.9921090503848102,-0.7897062386181968,0.11654356872342385,0.00338253827744307
4.65,0.01813538167449539,1.4500597598973564,-1.0312174987933471,-0.5486413100591554,0.0024849111331247216,2.5023033671406535e-05,0.23661914974333498,0.261808731287595,0.02208139163386993,0.013583916982218912,0.024698552391423052,0.000761545919236143,-2.670437770082813,3.4728815099787185,2.257160207102467,0.5465539119158151,-0.572918330436222,-0.47257356970151854,1.001475749032856,-0.9511305191866084,-3.9119303499212696,-0.7686662204531296,0.1042021277905295,0.0031304937678599235
4.66,0.02029808008354986,1.4529789981416308,-1.0308137992296849,-0.5484542200320429,0.002709744239182919,3.2144193883365596e-05,0.2162698409054471,0.29192382442743153,0.04036995636623502,0.018709002711246814,0.02248331060581977,0.000712116021195906,-2.9550203632636736,3.2945583824039115,2.2558332548197315,0.5391231285458105,-0.6075066171284931,-0.5692292361785878,0.878153495256642,-0.8806415713067159,-3.8358634437231864,-0.7492403199810915,0.09090963497634341,0.002847745426278427
4.67,0.02223867169142794,1.4561821548360812,-1.030229762817899,-0.5482169998184261,0.002910570825496658,3.871225135463364e-05,0.1940591607878078,0.3203156694450311,0.05840364117858422,0.02372202136168583,0.020082658631373877,0.0006568057471268044,-3.2217343849293605,3.0955753674538635,2.24142437774518,0.5290740745545399,-0.6308168784975408,-0.6594185366518435,0.7458980491229882,-0.8298951952656548,-3.7643592036064373,-0.7315399106343426,0.0767606243663701,0.0025369999173095272
4.68,0.023939828711576527,1.4596502129648787,-1.029468983340446,-0.5479310601042322,0.0030857195528324784,4.467381648263912e-05,0.1701157020148585,0.3468058128797683,0.0760779477452959,0.02859397141939253,0.017514872733582047,0.0005961565128005484,-3.4688823340921404,2.87707012984601,2.214068019976606,0.5164561234976546,-0.6425366359160058,-0.742341088070718,0.6054516528930266,-0.7991690954975437,-3.6978332601592703,-0.7156633454036203,0.06185867086842563,0.002201224899180782
4.69,0.025385635090647757,1.4633624843608992,-1.028536074000872,-0.5475980925491064,0.0032337137363884104,4.998134002027494e-05,0.14458063790712297,0.37122713960204995,0.09329093395739428,0.03329675551257964,0.014799418355593183,0.0005307523537635818,-3.694677548043556,2.6403280330856087,2.1739804426749014,0.5013280206307051,-0.6426455817714682,-0.8173108160455409,0.4576541379731431,-0.7885937260634681,-3.636662931295218,-0.7016953392275331,0.04631612962929471,0.0018436165818979287
4.7,0.02656171996011335,1.4672967359960545,-1.0274366354215962,-0.5472200589847873,0.0033532824449673897,5.459347425849318e-05,0.11760848694655951,0.39342516351553714,0.10994385792757473,0.03780335643191124,0.01195687085789794,0.0004612134238218244,-3.897251334649812,2.386775040343068,2.1214574354226015,0.48375795852909675,-0.6314139537311192,-0.8837587216394178,0.30344806475837743,-0.7981524842078529,-3.5811845810095533,-0.6897064968611781,0.030253723883417884,0.0014675645153493686
4.71,0.027455397700402246,1.4714293283722062,-1.0261772174835941,-0.5467991789303074,0.003443370725093445,5.8475367378625105e-05,0.08936777402888937,0.4132592376151688,0.12594179380019954,0.04208800544799309,0.009008828012605549,0.0003881893120131927,-4.074669277728577,2.117969027272854,2.05687141244011,0.46382369287217173,-0.6093919869135291,-0.9412327740156567,0.14388208184876886,-0.8276833708835767,-3.5316914509415236,-0.6797529907754346,0.013799962435318133,0.001076614072281433
4.72,0.028055812931710795,1.4757353650639837,-1.024765275338202,-0.5463379155142248,0.003503148846140117,6.159889001523746e-05,0.060041523130855014,0.4306036691777477,0.14119421453922254,0.046126341608259847,0.005977812104667183,0.0003123522636612355,-4.224956442824459,1.835589552599912,1.9806679305586046,0.44161268042408075,-0.5773905805439874,-0.9893952704968352,-0.0198879656876215,-0.8768820528121228,-3.4884320005409917,-0.6718763917716928,-0.0029096268708236183,0.0006744271554554075
4.73,0.02835408811756904,1.480188852330103,-1.0232091199657933,-0.5458389599065941,0.003532020445034343,6.394279390266344e-05,0.029827518585824643,0.44534872661192976,0.15561553724085556,0.04989556076306994,0.002887159889422608,0.00023439038874259796,-4.346130860423098,1.5414261582400621,1.8933616718099708,0.4172222206352938,-0.5364536891411902,-1.028018087914965,-0.18660060608789716,-0.9453062458309933,-3.451608783119596,-0.6661036529972135,-0.019733455094111837,0.00026474171529195363
4.74,0.02834347088848165,1.4847628675849662,-1.02151786369635,-0.5453052143750436,0.0035296294362929226,6.549280327493642e-05,-0.0010617229087391995,0.45740152548632357,0.1691256269443261,0.053374553155049416,-0.0002391008741420334,0.0001550009372272994,-4.4362443368119955,1.2373652965574378,1.79553193911314,0.3907595822723948,-0.4878233221626722,-1.0569762992331335,-0.3548933473288937,-1.0323813280585652,-3.421377874732732,-0.6624472458624016,-0.03652502186741512,-0.0001486692897252925
4.75,0.028019477686479343,1.4894297354097636,-1.0197013611424557,-0.5447397740899786,0.003495865545477947,6.624164043796846e-05,-0.032399320200230564,0.4666867824797455,0.1816502553894207,0.05654402850650434,-0.003376389081497571,7.488371630320419e-05,-4.493429352064426,0.9253760075847589,1.6878177187273706,0.3623420969993836,-0.4328983814267531,-1.0762406461982459,-0.5233105860516197,-1.1374070834307122,-3.3978488607097295,-0.6609054439530064,-0.053134249511053486,-0.0005620388262635499
4.76,0.02738002991858409,1.4941612096841919,-1.0177701460255701,-0.5441459078134121,0.0034308683217888175,6.618898762359644e-05,-0.06394477678952512,0.47314742744282723,0.1931215116885625,0.05938662765666013,-0.006499722368912944,-5.265281437202114e-06,-4.515950561078492,0.6074944931100472,1.5709123677879653,0.332097202741898,-0.3731888552496301,-1.0858693439048213,-0.690314970308966,-1.259565470846645,-3.381085370919351,-0.6614627483848368,-0.06940898656320091,-0.0009716459358556244
4.7700000000000005,0.026425578506805224,1.4989286603382523,-1.015735364401193,-0.5435270376140848,0.0033350294883778826,6.534138785806166e-05,-0.09544514117788666,0.47674506540604095,0.20347816243771935,0.06188701993272971,-0.009583883341093486,-8.475997655347775e-05,-4.50225922604813,0.2858077569091215,1.4455579892116488,0.30016242094900925,-0.3102670996684438,-1.085999650616499,-0.8543022356731299,-1.3979293107288657,-3.3711061399210482,-0.6640904451912358,-0.08519665821407106,-0.0013738544309554426
4.78,0.02515921254966435,1.5037032631601652,-1.0136087048074236,-0.5428867177582357,0.0032089934968353665,6.371208812475617e-05,-0.12663659571408772,0.4774602821912855,0.21266595937694005,0.06403198558491507,-0.012603599154251615,-0.0001629299733305501,-4.451048783256947,-0.03756349948358895,1.3125395594190774,0.26668525343343275,-0.245718055114434,-1.0768395720611474,-1.013619391120975,-1.551471778381706,-3.3678865526252624,-0.6687472823384522,-0.10034603430011743,-0.0017651494962479782
4.79,0.023586747776457667,1.5084561910526932,-1.0114023258742322,-0.5422286129305013,0.0030536561647496897,6.132082856674621e-05,-0.15724647732066804,0.47529278925279905,0.22063789331915237,0.06581048277343962,-0.01553373320856767,-0.00023912595580099632,-4.361309686806388,-0.3604825187816728,1.1726788765570957,0.23182298628931264,-0.18109026474188994,-1.058659990752746,-1.1665859839006387,-1.719076591256917,-3.3713606207896785,-0.6753802509569429,-0.11470907971310107,-0.002142171605823139
4.8,0.021716790586714996,1.5131588051072322,-1.0091287819373806,-0.5415564759428707,0.002870161291829602,5.8193581854741245e-05,-0.18699571897426703,0.4702614054539039,0.22735439368514843,0.06721369876306311,-0.01834948729200877,-0.00031272467120049623,-4.232381676986474,-0.6808144471081037,1.0268283980743693,0.195742390427873,-0.11784948026005893,-1.0317874253644796,-1.311518029250384,-1.8995487743576085,-3.3814233216013534,-0.6839254525331249,-0.1281428476273495,-0.002501747240323955
4.8100000000000005,0.019560773724586596,1.5177828438636356,-1.0068009472013533,-0.540874125091328,0.0026598951702363864,5.4362247138874414e-05,-0.21560168621284,0.46240387564032864,0.2327834736027465,0.06823508515426285,-0.02102661215932157,-0.00038313347158668324,-4.064001688984743,-0.9964443796000635,0.8758650365374504,0.15861931049910433,-0.057336472311458664,-0.9965975399632918,-1.4467540595485562,-2.0916258840144306,-3.3979332178159347,-0.6943090313392806,-0.14051137309078834,-0.0028409159812943
4.82,0.01713296003681398,1.5223006091442024,-1.004431938989979,-0.5401854213197587,0.0024244789279531816,4.9864303207827494e-05,-0.24278136877726147,0.45177652805667756,0.23690082113742283,0.06887037715694062,-0.023541624228320464,-0.0004497943931046919,-3.856345743642405,-1.3052952559254374,0.7206839813893684,0.12063813631595122,-0.000730421165005879,-0.9535094443575898,-1.570682635918209,-2.293989564944229,-3.4207152705159793,-0.7064481495215063,-0.15168752340950548,-0.0031569536691567913
4.83,0.014450411293935742,1.526685146892459,-1.0020350406118956,-0.5394942453488744,0.0021657586696454205,4.474242559812826e-05,-0.2682548742878239,0.43845377482565656,0.23968983780834235,0.06911759708843355,-0.025872025830776094,-0.0005121877609699234,-3.6100633392893506,-1.6053453679766188,0.5621926119130567,0.08199115336271445,0.050981030298494545,-0.9029807597690889,-1.6817705801218332,-2.5052773090111624,-3.4495637514555724,-0.7202519812427097,-0.16155476242342676,-0.003447391431863303
4.84,0.011532919703027184,1.530910421510703,-0.9996236243509389,-0.5388044749243859,0.001885793406982512,3.904407243309459e-05,-0.29174915909085575,0.4225274618244128,0.24114162609567133,0.06897704244884387,-0.02799652626629087,-0.0005698353165033668,-3.326303084189805,-1.8946452456416951,0.4013045629775256,0.042877771432742406,0.0970243038106009,-0.8455033717358851,-1.7785911307942328,-2.724094276978869,-3.4842451628709665,-0.7356227022794009,-0.1700087881546861,-0.003710030517702332
4.8500000000000005,0.008402900487923528,1.5349514822737358,-0.9972110750694332,-0.5381199623334927,0.0015868407992547784,3.28210437295345e-05,-0.3130019215103657,0.40410607630328016,0.2412549281505736,0.06845125908931766,-0.029895260772773345,-0.000622302870356009,-3.006728563716403,-2.1713336951351634,0.23893400023497408,0.0035036328992283927,0.13685456936735285,-0.7815997561422181,-1.8598512087188959,-2.949025037627361,-3.5245010788920297,-0.7524564526232449,-0.1769590072399068,-0.003942952991901596
4.86,0.005085244737429042,1.5387846204982887,-0.9948107148857591,-0.5374445123321023,0.0012713407548102596,2.6129018796870974e-05,-0.33176557504944854,0.3833138224552781,0.24003601836740654,0.06754500013903808,-0.03155000444445187,-0.0006692024932663529,-2.65352371542176,-2.4336527778534878,0.07599015540079396,-0.03592039555219717,0.17016248504202025,-0.711819744482308,-1.9244169917990521,-3.1786450730040263,-3.57005083417577,-0.77064425197663,-0.18232981477417579,-0.004144528476285541
4.87,0.0016071325988291124,1.5423875162664746,-0.9924357293571745,-0.5367818606171946,0.0009418969738528302,1.9027076174991017e-05,-0.347811213859993,0.3602895768185996,0.2374985528584612,0.0662651714907756,-0.03294437809574294,-0.0007101942621879956,-2.2693872789013287,-2.679961535914919,-0.08662783481786601,-0.07517934172425011,0.19687318992078495,-0.6367375895867768,-1.9713370502348175,-3.4115318955028773,-3.6205940015116,-0.7900728514869504,-0.1860616543726969,-0.004313417218393042
4.88,-0.002002192203085193,1.545739373634894,-0.9900990955654055,-0.5361356529695975,0.000601256543005425,1.157720032212582e-05,-0.36093248019143054,0.33518573684194775,0.23366337917689975,0.06462076475970517,-0.03406404308474052,-0.0007449875852865197,-1.8575161860845522,-2.9087482930963633,-0.24803575050943139,-0.11405534927314065,0.21713800602092803,-0.5569492007315784,-1.9998623727751421,-3.646275623112083,-3.675812619859076,-0.8106255094570721,-0.18811184003040785,-0.0044485698658944875
4.89,-0.005711684639007593,1.5488210434062166,-0.9878135124668351,-0.535509425182365,0.00025228772128848854,3.843778981869978e-06,-0.37094924359224,0.3081669771322619,0.22855830985704398,0.06262277872325106,-0.03489688217169365,-0.0007733421340255841,-1.4215780521289532,-3.1186413862949762,-0.40736874403217543,-0.15232899196335303,0.23131951788650262,-0.47306943441185134,-2.00946272065268,-3.881488864570433,-3.7353731561209886,-0.8321826838196715,-0.188455128353349,-0.004549224389706938
4.9,-0.009488794682252584,1.5516151326943268,-0.985591333832046,-0.5349065838791744,-0.00010204391464740546,-4.106905160485671e-06,-0.3777110043244991,0.27940892881101126,0.22221786347891448,0.06028413031905329,-0.0354331635935894,-0.0007950684142355648,-0.965673208874796,-3.3084182122761088,-0.5637854112052014,-0.18978066969268426,0.2399708617065599,-0.3857293509324302,-1.9998388705863124,-4.115815777064873,-3.7989282062021132,-0.8546226395112925,-0.18708403658816156,-0.004614900642064078
4.91,-0.013299794068475148,1.5541061006744386,-0.9834445040619006,-0.5343303883159478,-0.000458700771483516,-1.2207185266360401e-05,-0.38109993862225633,0.24909679801117604,0.21468297701454034,0.05761955632266378,-0.03566568568361105,-0.000810028010587473,-0.49428698418190226,-3.4770125065682533,-0.7164714695164668,-0.22619207394684437,0.24381016928076615,-0.2955733742251736,-1.9709304450139393,-4.347940175836937,-3.8661179617251626,-0.8778219741241138,-0.18400890826947272,-0.004645393052632853
4.92,-0.0171101291770527,1.5562803400728664,-0.9813844971301162,-0.533783933247488,-0.000814599766995164,-2.0388520668343206e-05,-0.38103351085775544,0.2174239398427914,0.20600069317843783,0.054645506845986284,-0.03558989955116481,-0.0008181335401982804,-0.012233164851252878,-3.623519805066054,-0.8646430438439014,-0.26134770939149377,0.24369117892339615,-0.20325632015254813,-1.9229191693251733,-4.576592597550393,-3.9365714864138495,-0.9016560699404699,-0.17925773398265127,-0.004640761956811551
4.93,-0.020884795047923285,1.558126244114261,-0.9794222588662366,-0.5332701329295637,-0.001166639842607771,-2.858200417944892e-05,-0.3774665870870583,0.18459040413946115,0.19622382638796276,0.051380031792421926,-0.03520400756126069,-0.0008193483511105711,0.4754102170863032,-3.7472010732957926,-1.0075495690526801,-0.2950364574784974,0.24057105054346772,-0.10944028463697447,-1.8562275355028632,-4.800556246962857,-4.009907859114683,-0.9259994842976332,-0.17287573952002988,-0.004601324017309132
4.94,-0.024588725002809703,1.5596342588040515,-0.977568152758758,-0.5327917063157976,-0.0015117301986849092,-3.671886418033648e-05,-0.3703929954886418,0.15080146897906635,0.18541061074786178,0.047842661376611514,-0.034509035607713824,-0.0008136860000887558,0.9633714690951343,-3.8474845224269307,-1.14447632706556,-0.32705316729934353,0.2354764121173165,-0.014791405472554892,-1.7715129832600978,-5.018671788375859,-4.08573724764256,-0.9507262928975068,-0.16492475749156085,-0.004527642146019235
4.95,-0.028187189917923287,1.5607969205776993,-0.9758319094265911,-0.532351163498119,-0.001846818973274118,-4.473095959596124e-05,-0.3598464915113586,0.11626617736476723,0.17362433321668042,0.04405428176787439,-0.03350887745892088,-0.0008012095415624758,1.4462607611532918,-3.923965664041349,-1.2747466433572592,-0.3572002583169773,0.22946862667016799,0.08002347058143533,-1.6696578285966293,-5.229840978202867,-4.1636619785696976,-0.9757104019883907,-0.155482401214735,-0.004420515262147393
4.96,-0.03164620090513646,1.5616088794935064,-0.9742225798785679,-0.5319507934296199,-0.002168922070910764,-5.255126615272055e-05,-0.345901098721317,0.08119589158071956,0.16093295480232955,0.040037006849905465,-0.03221030976366458,-0.000782030655675931,1.9186490670197185,-3.976405686500902,-1.3977237740420008,-0.38528931905092456,0.2236092097285063,0.17434017152901615,-1.5517552721119179,-5.433029171238707,-4.24327766280464,-1.0008258452554537,-0.14464106150363715,-0.00428096813935265
4.97,-0.03493290900503702,1.5620669082798158,-0.9727484926557338,-0.5315926529595346,-0.002475151837243678,-6.0114352536418895e-05,-0.3286708099900561,0.04580287863093099,0.1474087222834003,0.035814047008532746,-0.03062297663329141,-0.0007563086383698349,2.3751489557859657,-4.004728263657119,-1.5128125195973596,-0.4111426852641973,0.21892625357706308,0.2675005840990621,-1.4190919031648535,-5.627266769146342,-4.32417442599648,-1.025947079850411,-0.13250674791176495,-0.004110241504555714
4.98,-0.03801599547926262,1.562169897668468,-0.9714172149299701,-0.5312785572018514,-0.002762745267860919,-6.735684524024358e-05,-0.30830864742256037,0.010298938865206969,0.13312777257637004,0.03140957576832509,-0.028759343061724087,-0.0007242492703824694,2.8104956555953637,-4.009014930919467,-1.6194606046335656,-0.43459498065614,0.21638263220496334,0.3588559860334968,-1.2731271801067245,-5.8116497135918115,-4.405938277646176,-1.0509492934820657,-0.1191977962079927,-0.003909782459337751
4.99,-0.04086604640859921,1.5619188385528022,-0.9702355176151513,-0.531010071251834,-0.003029091435887047,-7.421788099235652e-05,-0.2850050929336594,-0.02510591156657837,0.1181697314818908,0.026848595001740836,-0.026634616802612858,-0.0006861035752112948,3.219626836277676,-3.9894991837555747,-1.717159864868838,-0.4554946025381259,0.21684667415611436,0.4477702783187545,-1.1154704115039957,-5.985339156732816,-4.488152634913429,-1.0757087311920235,-0.10484346355392803,-0.0036812352065525517
