time,q1,q2,q3,q4,q5,q6,dq1,dq2,dq3,dq4,dq5,dq6,ddq1,ddq2,ddq3,ddq4,ddq5,ddq6,tau1,tau2,tau3,tau4,tau5,tau6
0.0,0.0,1.5,-1.0,-0.54,0.0,0.0,0.0,0.0,0.0,0.0,0.0,0.0,0.0,0.0,0.0,0.0,0.0,0.0,-0.028959765525821128,-4.041445078879387,-5.985793067272414,-1.3511405782860229,-0.002859327811178892,-0.0007950027375241668
0.01,1.570013215633948e-06,1.500001354281612,-0.999997858514984,-0.5399995563612425,1.8018469233382388e-07,1.0629273128338225e-08,0.0001570013215633948,0.00013542816119807666,0.0002141485016027781,4.4363875750924214e-05,1.8018469233382387e-05,1.0629273128338224e-06,0.021508801497864136,0.01360745876224665,0.03206765618607502,-0.008014760883326144,0.010641040825902823,0.0222911776596606,0.00264534415964597,-4.015310830377242,-4.595677284066195,-1.0315594488610749,0.0002937684898185545,-0.00048280900593564727
0.02,-2.1124699994933155e-05,1.5000035855460632,-1.0000187290681706,-0.5400038397404748,-2.990073121261716e-06,-3.427600694374514e-07,-0.00226947132105671,0.0002231264451218242,-0.0020870553186630577,-0.0004283379232322466,-0.000317025781359554,-3.5338934256578966e-05,-0.31404388459096866,0.037474861377764616,-0.34944521323008637,0.02159924457760365,-0.35204775604302907,-0.8758366640528554,-0.04016077266583442,-4.043991887497196,-4.645022898315229,-1.0436431075604895,-0.004421577242910879,-0.0007101895753636228
0.03,-8.614953137095108e-05,1.500004344927672,-1.000080205929658,-0.5400169951290197,-1.1313877058507456e-05,-1.0846668738886555e-06,-0.006502483137601793,7.593816089723719e-05,-0.006147686148754529,-0.00131553885448988,-0.000832380393724574,-7.419068044512041e-05,-0.5703454181457938,0.0325952629982562,-0.598545330408363,-0.03002791065899202,-0.3849104579838514,-0.8730977206320443,-0.08269946337834207,-4.072487480652933,-4.694049243252115,-1.055641804860583,-0.009106980285193073,-0.0009359574830545227
0.04,-0.0002058940375746337,1.5000002616831332,-1.0001946026693764,-0.5400420089698756,-2.5999948456619578e-05,-2.227677751501456e-06,-0.011974450620368261,-0.000408324453893321,-0.011439673971837734,-0.0025013840855966853,-0.001468607139811212,-0.00011430108776128004,-0.7470227939876761,0.009001468954162189,-0.7697098936212264,-0.07131307625199357,-0.398026603261155,-0.8602718936141034,-0.12471700412824092,-4.100564256157151,-4.742436736860932,-1.0674703790838398,-0.013733790628066442,-0.001158505403415518
0.05,-0.00038861605387193463,1.4999875188147833,-1.0003704214217957,-0.5400809952678842,-4.784184480007009e-05,-3.7761524248587903e-06,-0.01827220162973009,-0.0012742868349881159,-0.01758187524192731,-0.003898629800854127,-0.002184189634345051,-0.00015484746733573343,-0.8651679680920151,-0.02479036745001046,-0.8858722019230353,-0.10093801521541934,-0.402766675925732,-0.8408562670075262,-0.16597727631959866,-4.127989631774503,-4.789881898200972,-1.079048803117164,-0.01827518493884361,-0.0013762762441233397
0.06,-0.0006395375431234825,1.4999622321910469,-1.0006133543847182,-0.5401354155522478,-7.732695101294905e-05,-5.727825276802431e-06,-0.02509214892515478,-0.0025286623736536507,-0.024293296292265107,-0.005442028436352303,-0.0029485106212878962,-0.00019516728519436405,-0.940341942005574,-0.0630182171960599,-0.9618469390615253,-0.12176939509566065,-0.40099091541072873,-0.8150513405915004,-0.20625745351035793,-4.154534451230492,-4.836095687394548,-1.0903014715868535,-0.022705798748081128,-0.001587763189629634
0.07,-0.0009616220492476597,1.4999206959536453,-1.000926972816062,-0.5402062321918322,-0.00011471343021341788,-8.074966269134187e-06,-0.03220845061241772,-0.004153623740144823,-0.031361843134367906,-0.007081663958441453,-0.0037386479200468836,-0.00023471409923317562,-0.9835986943738372,-0.10189295230908858,-1.0077569685078975,-0.1360115926160108,-0.3938824605669291,-0.7830818186593632,-0.24534583764986262,-4.179975748268981,-4.880802640623861,-1.101156823973628,-0.027001541437984108,-0.0017915137572876573
0.08,-0.0013561274017712581,1.4998595374882724,-1.0013132043583968,-0.5402940151546276,-0.0001600850693465846,-1.0805243690418578e-05,-0.039450535252359836,-0.006115846537286425,-0.03862315423347569,-0.008778296279546216,-0.004537163913316672,-0.00027302774212843923,-1.0027935694566843,-0.13896700983191326,-1.03059333580997,-0.14520353888055526,-0.38232358801292676,-0.7452108185601993,-0.28304089545401384,-4.204099113351825,-4.923740610931877,-1.1115471869739473,-0.031139515542291236,-0.0019861359051813344
0.09,-0.0018230000307160946,1.4997758113682387,-1.0017726669539828,-0.5403990171375693,-0.0002133905566046685,-1.3902381365013035e-05,-0.046687262894483654,-0.008372612003360563,-0.04594625955859659,-0.010500198294170092,-0.005330548725808392,-0.00030971376745944575,-1.0035267671715913,-0.17269947249154657,-1.0352282944666273,-0.15042032774449732,-0.366989996806665,-0.7017394487509268,-0.319150992370744,-4.226700562580687,-4.964660933380984,-1.1214087571166647,-0.035097997951214537,-0.0021703051063037115
0.1,-0.0023611578691191655,1.4996670522137117,-1.0023049057329636,-0.5405212272901747,-0.0002744718038143438,-1.7346675375606358e-05,-0.053815783840307094,-0.010875915452696627,-0.05322387789808254,-0.012221015260542445,-0.006108124720967528,-0.0003444294010593322,-0.9898118054264194,-0.2021606160838292,-1.0251009496333592,-0.1524226517641729,-0.34841232665325705,-0.6530058480000684,-0.3534945434877777,-4.247587965669621,-5.0033288694642195,-1.1306816710804513,-0.038856458843897726,-0.002342771787563268
0.11,-0.0029686950815887474,1.4995312999724775,-1.0029085643913351,-0.5406604104834958,-0.0003430845782587725,-2.1115415909459085e-05,-0.06075372124695819,-0.013575224123428238,-0.06036586583714795,-0.01391831933211169,-0.00686127744444287,-0.0003768740533852725,-0.9645485437701454,-0.22683163111862303,-1.0026829625205544,-0.1517589700558637,-0.32701957575653484,-0.599383729994695,-0.3859004145240564,-4.266582135074904,-5.039524222445722,-1.1393101287342102,-0.0423956036451848,-0.0025023687791968854
0.12,-0.003643032118454533,1.4993671067549366,-1.003581512464524,-0.5408161368459233,-0.000418913752813815,-2.5183246060953913e-05,-0.06743370368657856,-0.016419321754101556,-0.06729480731888188,-0.015572636242752045,-0.007582917455504255,-0.00040678301514948266,-0.9298576450622076,-0.24646904119979202,-0.969794823400735,-0.14883483717793444,-0.3031698880529019,-0.5412804513284261,-0.41620846704487846,-4.283517676857932,-5.07304204539267,-1.147242545448965,-0.04569742847525615,-0.002648018549910217
0.13,-0.004381027691711056,1.4991735313859729,-1.004320943024147,-0.5409878047699989,-0.0005015848057403265,-2.952247965916193e-05,-0.07379955732565223,-0.01935753689637927,-0.07394305596231679,-0.01716679240754952,-0.008267105292651152,-0.00043392335982080164,-0.887316815382129,-0.2610130732186249,-0.9278204864140234,-0.1439598650432128,-0.27717236497195286,-0.4791346503684125,-0.44427017666660057,-4.298243685681713,-5.103693386229924,-1.1544317177556354,-0.04874528256166816,-0.0027787400737936505
0.14,-0.005179064375596447,1.4989501258200701,-1.0051234506449185,-0.5411746595616551,-0.000590672721019865,-3.4103393268395024e-05,-0.07980366838853915,-0.022340556590275625,-0.08025076207713733,-0.018685479165625036,-0.00890879152795385,-0.0004580913609233095,-0.8381274235990366,-0.2705258766592489,-0.8778528519059043,-0.1373794670882016,-0.24930246875895534,-0.41341351266310167,-0.4699492740027521,-4.310624344764962,-5.131306030343621,-1.1608349913392808,-0.05152393294404816,-0.0028936552156460255
0.15,-0.00603311606594127,1.498696916198128,-1.005985096302244,-0.5413758092000868,-0.0006857090994087541,-3.889450260224834e-05,-0.08540516903448225,-0.02532096219420839,-0.08616456573257096,-0.020114963843161103,-0.009503637838888905,-0.000479110933385331,-0.7832317747866315,-0.27515000645646503,-0.8207921815779715,-0.12929624371123793,-0.21981284096079978,-0.3446097173702185,-0.493122371697135,-4.320539471901836,-5.155725212608529,-1.166414423586925,-0.05401962803091197,-0.0029919945462379464
0.16,-0.006938803073297018,1.498414380397287,-1.0069014636906992,-0.5415902381973388,-0.0007861880487590477,-4.386283010957479e-05,-0.09056870073557481,-0.02825358008411717,-0.09163673884551612,-0.021442899725196498,-0.010047894935029368,-0.0004968327507326449,-0.7233954052131222,-0.27508065345635796,-0.7574124627847967,-0.11988431322123594,-0.18894083921404858,-0.2732381148624313,-0.5136795502489708,-4.327885036437775,-5.176814278578823,-1.1711369350433432,-0.05622015742578567,-0.0030731025156205674
0.17,-0.007891438881070993,1.4981034232977133,-1.007867709974409,-0.5418168202200674,-0.0008915712507783927,-4.897416801814308e-05,-0.0952635807773974,-0.031095709957366633,-0.09662462837100003,-0.022658202272857322,-0.0105383202019345,-0.000511133790856829,-0.6592645786373248,-0.2705471917740725,-0.6884059345206909,-0.1092988377238373,-0.15691372628739275,-0.19983218092223953,-0.5315248821283284,-4.332573659477593,-5.194455280026649,-1.174974445566531,-0.05811490606570144,-0.003136441924658895
0.18,-0.008886071362957772,1.497765350566964,-1.0088786129715857,-0.5420543299131049,-0.0010012924798230717,-5.419333936426201e-05,-0.099463248188678,-0.03380727307494559,-0.10109029971765376,-0.023750969303749644,-0.010972122904467894,-0.0005219171346118924,-0.591406195579253,-0.26180102865736105,-0.614412723407332,-0.09768227726646028,-0.1239521812859361,-0.12494028880102315,-0.5465768788388018,-4.334535100134367,-5.208549493812962,-1.1779039919633258,-0.05969490118901563,-0.0031815976445814446
0.19,-0.009917520376206475,1.4974018414781898,-1.0099286160870384,-0.5423014542123672,-0.001114761763040235,-5.9484458286633755e-05,-0.10314490132487027,-0.03635090887741834,-0.10500031154527943,-0.024712429926236908,-0.01134692832171634,-0.0005291118922371746,-0.5203352249671809,-0.2491077044077638,-0.5360403198277551,-0.08516841903891015,-0.09027261311517876,-0.04912183715339569,-0.5587688496616968,-4.3337167237212375,-5.219017855776571,-1.1799078245879884,-0.06095285102002334,-0.00320827954261095
0.2,-0.010980413024181278,1.4970149210888868,-1.0110118718363976,-0.542556803330789,-0.0012313693099215424,-6.481118997350676e-05,-0.10628926479748027,-0.038692038930288955,-0.10832557493591995,-0.025534911842183823,-0.01166075468813072,-0.0005326731686873009,-0.44653327948547034,-0.23274184332473105,-0.4538761168369617,-0.07188489757606509,-0.05608861941463372,0.027056730576007992,-0.5680491641578969,-4.3300839428992415,-5.225801303304742,-1.180973480907076,-0.06188317435636924,-0.003216324579306387
0.21,-0.012069217439327987,1.496606931982115,-1.012122284484683,-0.5428189215300571,-0.0013504892958240183,-7.013701002046479e-05,-0.10888044151467083,-0.040798910677185496,-0.11104126482855774,-0.02621181992679786,-0.011911998590247596,-0.0005325820046958026,-0.37046090333025095,-0.2129840006164303,-0.36849520973009653,-0.05795469666611308,-0.02161183524489707,0.10302598152232423,-0.5743814133341254,-4.32362061947817,-5.2288610217554465,-1.1810938344401194,-0.06248202049273548,-0.0032056980504684396
0.22,-0.013178275623786007,1.4961805056916742,-1.0132535521025685,-0.5430862977425287,-0.0014714835531042527,-7.542546250910726e-05,-0.11090581844580191,-0.04264262904408622,-0.11312676178854518,-0.02673762124716345,-0.012099425728023442,-0.0005288452488642466,-0.29256539701343526,-0.1901187520741919,-0.28046495736273724,-0.04349697011358078,0.012947655784640189,0.1782175910511543,-0.577744466845742,-4.314329412481097,-5.228178591106836,-1.1802671178210045,-0.06274727912494064,-0.0031764939535475433
0.23,-0.014301835662555872,1.4957385338827403,-1.0143992081940993,-0.5433573760747791,-0.001593705201556135,-8.064041580321854e-05,-0.11235600387698642,-0.04419718089339324,-0.11456560915308814,-0.027107833225033812,-0.012222164845188219,-0.0005214953294111292,-0.21328547825689284,-0.1644335787483148,-0.19034733234302614,-0.028627413626950204,0.04738122710024706,0.2520684512266097,-0.5781324258017608,-4.302232056970773,-5.223756030224985,-1.1784969190174452,-0.06267858006198877,-0.0031289344655597165
0.24,-0.015434083467269665,1.4952841393304237,-1.015552662947876,-0.5436305662018801,-0.001716502234265387,-8.574631484277997e-05,-0.1132247804713793,-0.0454394552316638,-0.11534547537765452,-0.027319012710106602,-0.012279703270925193,-0.0005105899039561427,-0.13305370697186933,-0.13621823893464577,-0.09869976463547941,-0.013458348253369001,0.08148184812847359,0.3240247594772607,-0.5755544727151,-4.287369557810007,-5.2156157370394745,-1.1757921500133626,-0.06227728273600654,-0.0030633685266143263
0.25,-0.016569174098802392,1.49482064672412,-1.0167072440948868,-0.543904253646488,-0.0018392210639778736,-9.070842857205903e-05,-0.11350906315327282,-0.04634926063036327,-0.11545811470107868,-0.027368744460792807,-0.01227188297124867,-0.0004962113729279057,-0.05229734048196382,-0.10576441555322347,-0.0060749634037015,0.0019013735973203438,0.11504440036028334,0.39354605761269157,-0.5700346219306055,-4.269802282849266,-5.203800323743812,-1.172166987512305,-0.06154645564523608,-0.0029802695303020404
0.26,-0.01770126264120069,1.4943515533208909,-1.0178562373101114,-0.5441768099268351,-0.00196121002733973,-9.549309104827294e-05,-0.11320885423982947,-0.04690934032292171,-0.1148993215224549,-0.027255628034711925,-0.012198896336185658,-0.00047846624762139136,0.02856189963585312,-0.07336549277502952,0.0869799478975451,0.0173465626023791,0.14786613359144973,0.4601091921056035,-0.5616113754742216,-4.249609940898728,-5.188372346922493,-1.1676407854659165,-0.06049084599538799,-0.0028802321293648053
0.27,-0.018824534548490934,1.493880499473321,-1.0189929260647348,-0.5444466025512527,-0.002081822839000478,-0.00010006793472951681,-0.11232719072902454,-0.04710538475698108,-0.11366887546233874,-0.026979262441753856,-0.012061281166074824,-0.0004574843681243867,0.10910879825343994,-0.0393163612276009,0.1799247504723668,0.03277593426121039,0.1797472390420053,0.523212167364303,-0.5503372906946796,-4.226891431166401,-5.1694139332652025,-1.1622379594733334,-0.0591168399205705,-0.0027639681722365604
0.28,-0.01993323535333274,1.493411239064164,-1.0201106308165648,-0.544712004832821,-0.0022004219839368406,-0.00010440211442603124,-0.11087008048418064,-0.046926040915701406,-0.11177047518299614,-0.02654022815683717,-0.01185991449363625,-0.000433417969651443,0.1889360965553611,-0.003913182856944477,0.2722277404977105,0.04809236137044359,0.21049152536017302,0.582377864585166,-0.5362784673018439,-4.201764552560198,-5.147026302268983,-1.1559878433367448,-0.057432413766741,-0.002632301793153308
0.29,-0.021021699607543243,1.492947609890024,-1.0212027474147278,-0.5449714054954244,-0.0023163820340037647,-0.00010846652041130083,-0.10884642542105046,-0.04636291741400558,-0.10921165981629315,-0.025940066260346114,-0.011596005006692433,-0.0004064405985269592,0.2676462285205396,0.0325469310114936,0.36336751620365554,0.06320311252333322,0.23990718950369883,0.6371575997219731,-0.5195139624269887,-4.174365563298964,-5.121329188053839,-1.1489245182950991,-0.055447077007758444,-0.0024861636855245672
0.3,-0.022084378915868855,1.4924935040481988,-1.022262784588674,-0.5452232180413653,-0.002429092873330544,-0.00011223397922455108,-0.1062679308325612,-0.045410584182527816,-0.1060037173946157,-0.025181254594085937,-0.011271083932677946,-0.0003767458813250239,0.34485319880935966,0.06976635868448378,0.4528348602898472,0.07802006041675691,0.26780767790031024,0.6871344951303504,-0.5001351431226934,-4.144848583598694,-5.092460163124988,-1.1410866156911257,-0.05317180743602105,-0.0023265845950697682
0.31,-0.02311586892355648,1.492052838393747,-1.0232844003893644,-0.5454658898504131,-0.0025379628165257922,-0.00011567944075079425,-0.10314900076876254,-0.044066565445173116,-0.1021615800690394,-0.024267180904783185,-0.010886994319524826,-0.00034454615262431666,0.420184491400415,0.10744754253035316,0.540134659262064,0.09245984997711965,0.29401263467307603,0.73192664054917,-0.47824498626880735,-4.1133848367391375,-5.060573867601767,-1.1325170940546334,-0.05061897932573907,-0.002154688075785327
0.32,-0.02411093512342359,1.4916295251471867,-1.024261437451135,-0.5456979109804754,-0.0026424216035707457,-0.00011878015023633151,-0.09950661998671136,-0.042331324656027944,-0.0977037061770474,-0.023202113006225995,-0.010445878704495346,-0.0003100709485537261,0.4932829241364915,0.14529370814935996,0.6247878173829869,0.10644402090522531,0.31834893350131743,0.7711900202545803,-0.45395733614533346,-4.08016172651737,-5.025841148093725,-1.123262991805264,-0.04780228530667388,-0.0019716825580535467
0.33,-0.025064537357811903,1.491227442746444,-1.0251879569453533,-0.5459178226407986,-0.0027419232556447418,-0.0001215158039847468,-0.09536022343883108,-0.04020824007427181,-0.09265194942182944,-0.021991166032321784,-0.009950165207399593,-0.0002735653748415286,0.5638083842287562,0.18300973058989972,0.7063331343079878,0.11989908274643168,0.34065178823423325,0.8046211844707511,-0.42739612996840876,-4.045381751901995,-4.988448111032515,-1.1133751569880541,-0.04473665270952785,-0.001778852784068711
0.34,-0.02597185290388211,1.4908504070493236,-1.0260582711010426,-0.546124225309616,-0.002835948776848002,-0.00012386868757945487,-0.0907315546070207,-0.0377035697120512,-0.08703141556893003,-0.020640266881739904,-0.009402552120326039,-0.00023528835947080577,0.6314393956778457,0.22030314430418707,0.7843291236325763,0.13275654321543362,0.36076593497791265,0.8319596444461527,-0.39869460146381347,-4.009261262557756,-4.948595095856674,-1.1029079556525798,-0.041438155151320114,-0.0015775506711786732
0.35000000000000003,-0.026828298046208787,1.4905021430044956,-1.0268669741727363,-0.5463157864693555,-0.002924008687792917,-0.00012582379559250505,-0.0856445142326677,-0.034826404482800534,-0.08087030716936323,-0.019156115973951553,-0.008805991094491473,-0.00019551080130501762,0.6958744828132603,0.25688528894598195,0.8583557554859357,0.14495289255102195,0.3785468753237118,0.852989971999419,-0.36799447208328295,-3.9720290617588176,-4.906495573989121,-1.091918960668606,-0.03792392012068447,-0.0013691856686680465
0.36,-0.027629548057738682,1.490186256919489,-1.027608971741659,-0.546491247933845,-0.0030056453782666376,-0.00012736893186438808,-0.08012500115298951,-0.03158860850065179,-0.0741997568922622,-0.017546146448942816,-0.008163669047372086,-0.0001545136271883022,0.7568333055911748,0.2924725792900705,0.9280161106585999,0.1564295482298439,0.3938621669294631,0.8675435858319166,-0.3354451387692432,-3.9339248659937924,-4.862374980037532,-1.0804686229354477,-0.03421203330015119,-0.001155214677895131
0.37,-0.028371555528152397,1.4899062094631816,-1.0282795082426852,-0.5466494327433505,-0.0030804352675741194,-0.0001284947895748577,-0.07420074704137136,-0.028004745630727548,-0.06705365010261607,-0.015818480950555786,-0.007478988930748184,-0.0001125857710469608,0.8140575524568066,0.32678788434574335,0.9929379370018004,0.16713276551031075,0.40659274405434864,0.8755002084896122,-0.3012028662677492,-3.8951976332324763,-4.816469482080343,-1.068619927086445,-0.03032144032663306,-0.0009371316095002654
0.38,-0.029050566996863262,1.4896652895475695,-1.0288741926162501,-0.5467892516047274,-0.0031479907627064057,-0.0001291950104690396,-0.06790114687108643,-0.024091991561211494,-0.05946843735648459,-0.013981886137684373,-0.00675554951322862,-7.002208941819078e-05,0.8673115857709054,0.35956199804301,1.0527751012733986,0.17701352014713034,0.41663424711607,0.8767889795718513,-0.26542999090787095,-3.8561037743216544,-4.769024698271367,-1.0564380339120323,-0.026271846644393096,-0.0007164566545979099
0.39,-0.029663137865708813,1.489466589238996,-1.029389021991367,-0.5469097088554229,-0.0032079620061023226,-0.00012946622275507994,-0.06125708688455494,-0.01987003085736041,-0.051482937511686755,-0.012045725069558186,-0.005997124339591716,-2.7121228604035258e-05,0.9163828431516888,0.39053518164267415,1.107208931457153,0.1860273701350028,0.4238983371075564,0.8713892126285439,-0.22829414154475125,-3.8169052642566963,-4.7202943673003235,-1.043989911823281,-0.022083616048928556,-0.0004947253494263961
0.4,-0.03020614558331377,1.4893129798523812,-1.0298204033130647,-0.547009907931542,-0.0032600384064440753,-0.0001293080573479294,-0.05430077176049562,-0.015360938661469007,-0.04313813216976397,-0.010019907611910458,-0.00520764003417527,1.5816540715054443e-05,0.961082005616059,0.4194587562198301,1.1559494459570583,0.19413430368379547,0.42831396796955445,0.8593307852054839,-0.18996748204328387,-3.7778676720933606,-4.670538980482886,-1.0313439597512668,-0.017777668457898837,-0.0002734775148437712
0.41000000000000003,-0.030676801108669945,1.4892070893832046,-1.030165172834842,-0.5470890563216492,-0.003303949947612325,-0.00012872314229714113,-0.04706555253561769,-0.01058904691766103,-0.03447695217773266,-0.007914839010710465,-0.0043911541168249755,5.8491505078827144e-05,1.0012429500625974,0.44609672218708063,1.1987364670995495,0.2012985806519776,0.4298285879524517,0.8406941536886623,-0.15062597830319918,-3.739258129980934,-4.620024383420807,-1.0185696239254498,-0.013375377379050426,-5.424615331870721e-05
0.42,-0.03107265867530079,1.4891512814309773,-1.0304206134041223,-0.5471464699894478,-0.003339468272590728,-0.00012771707540328394,-0.039585756663084753,-0.005580795222722658,-0.025544056928023015,-0.005741366779869337,-0.0035518324978403163,0.00010060668938571959,1.0367225093348635,0.47022738184379054,1.235340617081153,0.20748857458897518,0.4284092397414119,0.815609986990582,-0.11044869143901744,-3.701343263180548,-4.569020355271128,-1.0057370109961616,-0.00889846747772001,0.00016145361332802898
0.43,-0.03139162388914743,1.4891476357646725,-1.0305844694761608,-0.5471815772499423,-0.003366407540723175,-0.00012629837519617884,-0.03189652138466373,-0.0003645666304854765,-0.016385607203847297,-0.0035107260494541717,-0.0026939268132446905,0.00014187002071050896,1.0674000677292266,0.4916449403625733,1.2655641949821559,0.21267662216075145,0.4240435287841624,0.7842584157301247,-0.0696170973747491,-3.664387103953916,-4.51779917369433,-0.9929164999624874,-0.0043689125805642355,0.0003721354822180858
0.44,-0.03163196020280356,1.4891979306750327,-1.0306549597994263,-0.5471939220851605,-0.0033846250582622787,-0.00012447841061706452,-0.02403363136561283,0.005029491036022534,-0.007049032326564583,-0.0012344835218169163,-0.001821751753910372,0.00018199645791143278,1.0931770232688052,0.5101610604454322,1.2892419337204857,0.216838886269354,0.41674042990410065,0.7468678963692732,-0.028314431836945753,-3.62864901284736,-4.466634173517521,-0.9801783553379042,0.00019116560979911718,0.0005763527012129792
0.45,-0.03179229381580092,1.4893036272509008,-1.0306307877231524,-0.5471831668870106,-0.003394021683582248,-0.00012227130991436622,-0.01603336129973577,0.01056965758680266,0.002417207627388821,0.0010755198149884834,-0.0009396625319969617,0.00022071007026982885,1.113976150274741,0.5256063460976872,1.3062416359081312,0.2199552385155954,0.4065309039366065,0.7037136927972034,0.013274941428306637,-3.594381631140286,-4.415798307053963,-0.967592343933127,0.004759597870231364,0.0007727085129864893
0.46,-0.031871617055256846,1.489465855706766,-1.030511149085564,-0.5471490946163725,-0.003394542009744967,-0.0001196938494273685,-0.007932323945592854,0.016222845586512574,0.011963863758826762,0.00340722706381488,-5.2032616271860074e-05,0.0002577460486997728,1.1297408966839064,0.5378317315697584,1.3164646875195398,0.22200916585099684,0.39346829876557887,0.6551159810712621,0.054966142391517696,-3.56182888806939,-4.365562713868412,-0.9552273575601087,0.009314266710939847,0.0009598662320571541
0.47000000000000003,-0.03186929029338189,1.4896854038766985,-1.0302957376492707,-0.5470916103690968,-0.003386174328291622,-0.00011676532309218415,0.00023267618749540572,0.02195481699326112,0.021541143629331537,0.005748424727566537,0.0008367681453344969,0.00029285263351843456,1.1404346501818745,0.5467097524920113,1.3198464481058592,0.22298770538885293,0.3776285127068686,0.6014375863929609,0.09657437042118774,-3.531224085880881,-4.316195307574493,-0.9431510438648805,0.013833204393461524,0.0011365588779690512
0.48,-0.031785042458234346,1.4899627079758802,-1.0299847480584974,-0.5470107423412273,-0.003368950379175493,-0.0001135073936584238,0.008424783514754328,0.027730409918166554,0.03109895907733208,0.008086802786952629,0.0017223949116129023,0.000325792943376036,1.1460400055818385,0.5521356775655074,1.3163565160489272,0.22288141030564645,0.3591099025792204,0.5430813649098776,0.13791548850382343,-3.5027880848105117,-4.267959387000465,-0.9314294473819759,0.018294689604522036,0.0013015982908826404
0.49,-0.03161897019190551,1.4902978457151925,-1.0295788763012603,-0.5469066421874786,-0.003342944892651536,-0.00010994392675142591,0.01660722663288401,0.033513773931245626,0.04058717572371159,0.010410015374867498,0.00260054865239571,0.00035634669069978746,1.1465580630667924,0.554028480848271,1.3059988670440597,0.22168434871680187,0.33803292389577955,0.4804872464929919,0.17880660096356527,-3.4767276087603776,-4.221112278769362,-0.9201266627718958,0.02267734269151039,0.0014538836594613505
0.5,-0.031371535706299566,1.4906905318369943,-1.0290793176683024,-0.546779584768821,-0.0033082749296972696,-0.00010610080905241376,0.024743448560594183,0.03926861218018488,0.04995586329579518,0.012705741865756445,0.003466996295426654,0.0003843117699012151,1.1420077830511066,0.5523316366752975,1.2888118636905408,0.21939413626051962,0.3145394962312551,0.4141289582373118,0.2190666297641062,-3.4532336907541326,-4.175904018014142,-0.909304502057926,0.02696021936688494,0.0015924093950937085
0.51,-0.031043563381169963,1.4911401161215057,-1.0284877622096316,-0.546629967286949,-0.0032650990281638545,-0.00010200575199621525,0.032797232512960295,0.04495842845114478,0.059155545867078344,0.01496174818719875,0.004317590153341491,0.0004095057056198501,1.132425418671688,0.5470137215387343,1.2648681337662049,0.21601200197455395,0.28879209279803586,0.34451045195330776,0.25851689434660524,-3.4324802752378822,-4.132576073593985,-0.8990221775223287,0.031122902778180656,0.0017162722911540276
0.52,-0.0306362351424697,1.4916455838933789,-1.0278063876988737,-0.5464583078054638,-0.0032136161623569776,-9.768808250204256e-05,0.0407328238700263,0.050546777187326246,0.06813745107578574,0.01716594814852512,0.005148286580687677,0.0004317669494172698,1.1178640414845913,0.5380688098074162,1.2342743145064476,0.21154288588967063,0.2609725593959702,0.2721620623301888,0.29698169958098514,-3.4146229919866835,-4.09136012379958,-0.8893360017571407,0.035145593818115974,0.0018246779111558862
0.53,-0.030151084651778463,1.492205559037315,-1.0270378501253827,-0.5462652431597855,-0.003154064524138431,-9.317852235623239e-05,0.04851504906912363,0.05599751439361487,0.07685375734910341,0.01930646456782288,0.005955163821854652,0.0004509560145810168,1.0983931700367326,0.5255166529453039,1.1971706600300964,0.20599556560290821,0.23128067399396013,0.19763642565957218,0.33428893579561836,-3.3997981138186395,-4.052476888138628,-0.880299106194371,0.03900919951677521,0.0019169461552691032
0.54,-0.029589990330012052,1.492818309510274,-1.0261852717441555,-0.5460515262601404,-0.0030867201339380163,-8.850895795588671e-05,0.056109432176641036,0.06127504729590417,0.08525783812270996,0.021371689964509926,0.006734439020041465,0.0004669564400345678,1.0740985048376084,0.5094026348580509,1.1537305089673242,0.19938280802595099,0.1999324640513782,0.12150419194798445,0.3702706940211821,-3.3881217075553525,-4.016135020382431,-0.8719611792669656,0.04269541931660643,0.0019925159607287104
0.55,-0.028955167231228044,1.493481755316204,-1.0252522267240733,-0.5458180227944395,-0.0030118952902902277,-8.371220219825125e-05,0.06348230987840078,0.06634458059300356,0.09330450200821316,0.023350346570095618,0.007482484364778856,0.00047967557576354496,1.045081767106663,0.48979749911878584,1.1041596093951447,0.19172154143760167,0.16715830411413357,0.04434956585866834,0.40476389856497746,-3.37968898475086,-3.982530067635225,-0.8643682251782794,0.046186828983048656,0.002050949098136354
0.56,-0.028249157775529728,1.4941934788875868,-1.0242427244458174,-0.545565707340487,-0.0029299368666806064,-7.882175036179616e-05,0.07060094556983171,0.07117235713826478,0.1009502278255988,0.025231545395245854,0.008195842360962135,0.0004890451836455096,1.011460632749651,0.4667968470492893,1.0486952983679847,0.1830330420612114,0.1332008210510267,-0.03323428586167787,0.4376109578557701,-3.3745738556953078,-3.951843499763519,-0.8575623440864188,0.04946696185135388,0.0020919330325106294
0.5700000000000001,-0.02747482134422299,1.4949507377967637,-1.023161190511965,-0.5452956588997148,-0.0028412244646221813,-7.387153187082754e-05,0.0774336431306736,0.0757258909176857,0.10815339338522631,0.02700484407723239,0.008871240205842505,0.0004950218490968615,0.9733687475375112,0.4405204089189872,0.9876055336830161,0.1733431285357474,0.09831263838545468,-0.11064992103854232,0.46866043320554546,-3.3728286871424307,-3.924241813097345,-0.8515815343432841,0.052520387056195945,0.002115282825147744
0.58,-0.02663532273584097,1.4957504796992764,-1.0220124455432076,-0.5450090558675269,-0.002746168432001614,-6.889565986570983e-05,0.08394986083820205,0.07997419025128284,0.11487449687574199,0.02866030321878092,0.009505603262056723,0.0004975872005117719,0.9309558046177682,0.4111110938178772,0.9211877760292845,0.16268235699237987,0.0627539944089941,-0.18730036207029044,0.49776772376763484,-3.3744842611704584,-3.8998757118916103,-0.8464595172684826,0.055332784337715296,0.0021209420598673665
0.59,-0.025734119478708344,1.4965893593916215,-1.0208016818462873,-0.5447071704583502,-0.0026452077558544633,-6.39281805152033e-05,0.09012032571326273,0.08388796923449748,0.12107636969203855,0.030188540917677954,0.010096067614715041,0.0004967479350506522,0.8843876614459215,0.3787338270138877,0.8497677203687599,0.1510862088801197,0.0267902710513086,-0.2625938477413212,0.5247957645779492,-3.3795499296239697,-3.878879370617269,-0.8422255847877143,0.05789101496852409,0.0021089827849934237
0.6,-0.024774947994598274,1.497463757847175,-1.0195344380510618,-0.5443913626065825,-0.0025388078388639858,-5.9002824005938415e-05,0.09591714841100688,0.08743984555535189,0.12672437952254137,0.03158078517677076,0.01063999169904774,0.0004925356509264893,0.8338464701131977,0.3435741867633963,0.7736978762564907,0.13859526334301187,-0.009310528226499137,-0.33594855501813126,0.5496157331968109,-3.388013955758413,-3.86136977974055,-0.838904470125277,0.060183188303600685,0.0020796044704018616
0.61,-0.023761808608897476,1.4983698030768704,-1.018216571825971,-0.544063073367816,-0.0024274581690397925,-5.4152759126707796e-05,0.1013139385700798,0.09060452296953442,0.13178662250907777,0.03282892387665109,0.011134966982419336,0.00048500648792306194,0.7795307929600906,0.30583685555430273,0.6933559978412548,0.12525534576488706,-0.04528031296365986,-0.40679724921973487,0.5721077591724401,-3.399844032075836,-3.8474461772464745,-0.8365162416125504,0.06219872342146535,0.0020331319870952416
0.62,-0.022698949405622327,1.4993033926457464,-1.0168542307930042,-0.543723817847928,-0.0023116698922299676,-4.941035333223599e-05,0.1062859203275149,0.09335895688760522,0.1362341032966905,0.03392555198879997,0.011578827680982501,0.00047424057944718057,0.7216556743542188,0.2657439035709772,0.6091433654750409,0.11111764410867053,-0.08085341481141262,-0.47459182166351166,0.5921616293709114,-3.4149879609531375,-3.8371895677717687,-0.835076219559669,0.06392840530276256,0.001970012624967897
0.63,-0.021590848930629385,1.5002602176629825,-1.0154538217749425,-0.543375177690871,-0.002191973297357835,-4.4806940122680995e-05,0.1108100474992941,0.0956825017236117,0.14004090180616252,0.034864015705700545,0.011969659487213288,0.0004603413209554997,0.6604526395882182,0.22353292472441355,0.5214829221845718,0.09623878489293558,-0.11576903501622038,-0.5388076750608325,0.6096774812051573,-3.4333744825705215,-3.830662330833206,-0.8345949160367967,0.06536443498320296,0.0018908121726282016
0.64,-0.02044219775337015,1.5012357880516791,-1.0140219785190456,-0.5430187931592034,-0.0020689152245537915,-4.0372595511751726e-05,0.11486511772592363,0.09755703886966445,0.14318432558969432,0.03563845316675716,0.012305807280404308,0.0004434344610929269,0.5961695929908053,0.17945504784107505,0.43081726969548767,0.08068086106676664,-0.14977359655548073,-0.5989479185522869,0.6245664749854962,-3.4549142328899713,-3.827907919271162,-0.8350779973247877,0.06650047312305703,0.00179621009126218
0.65,-0.019257878906414398,1.5022254588956099,-1.0125655280523367,-0.5426563548445525,-0.0019430564066713004,-3.6135925278521397e-05,0.11843188469557507,0.09896708439306724,0.14564504667088712,0.036243831465087854,0.012585881788249098,0.0004236670233230328,0.5290705894769183,0.13377284749905752,0.33760653022859893,0.06451140465586169,-0.18262297042711584,-0.6545473362672812,0.636751436037344,-3.4795008130455822,-3.8289506486749123,-0.8365262687223477,0.06733167645581448,0.0016869938224655765
0.66,-0.018042947232505414,1.5032244576535865,-1.0110914558340924,-0.5422895950482465,-0.0018149687550286647,-3.212386460642714e-05,0.12149316739089817,0.09989987579766949,0.1474072218244227,0.03667597963060601,0.012808765164263582,0.00040120606720942556,0.45943545679181613,0.08675818050086503,0.24232608187011556,0.04780329785601267,-0.2140845494159931,-0.7051760956456514,0.6461674569106312,-3.5070119505156585,-3.8337955782158692,-0.8389356813377173,0.06785472661438731,0.0015640522776451762
0.67,-0.016802607680852677,1.5042279120280373,-1.009606869880904,-0.5419202788752522,-0.0016852326005960393,-2.836149160832598e-05,0.12403395516527368,0.10034543744508452,0.1484585953188349,0.03693161729942725,0.012973615443262537,0.0003762372998101162,0.3875592495031497,0.0386899750343511,0.14546417692354371,0.030634617242377482,-0.2439391469315373,-0.7504431644004496,0.6527624499530127,-3.537310731867553,-3.8424284829868833,-0.842297360446328,0.06806785088388909,0.0014283685638981987
0.68,-0.015542192607404694,1.5052308782729367,-1.0081189640486292,-0.5415501950872665,-0.0015544339022390173,-2.4871856119690053e-05,0.12604150734479835,0.10029662448993798,0.14879058322747923,0.03700837879856936,0.013079869835702213,0.0003489635488635928,0.3137515202120742,-0.01014799982678815,0.047519454249084686,0.013088406891488158,-0.2719827030652662,-0.789999407897434,0.6564976407378794,-3.5702468867068866,-3.8548159176286534,-0.8465976549606464,0.06797083449451345,0.0012810120081239488
0.6900000000000001,-0.014267138147631604,1.5062283697273544,-1.0066349806635504,-0.5411811467632851,-0.001423161434022783,-2.1675825014038e-05,0.12750544597730915,0.0997491454417824,0.14839833850787307,0.036904832398144134,0.013127246821623433,0.00031960311056520517,0.23833539832302925,-0.05946935652512156,-0.051001641861502946,-0.004747622478610158,-0.29802778469709745,-0.8235403418276428,0.6573479933208507,-3.605658102720792,-3.870905370717146,-0.8518182075328969,0.0675650241447428,0.001123129547409727
0.7000000000000001,-0.012982959744515079,1.5072153853645551,-1.005162172701977,-0.540814941818179,-0.0012920039639594256,-1.8791945156580483e-05,0.1284178403116525,0.09870156372007709,0.14728079615734302,0.036620494510606075,0.013115747006335748,0.0002883879857457517,0.16164647185338415,-0.10898727596001877,-0.14958752225938476,-0.022781469870923,-0.32190487111880517,-0.850808518305227,0.6553025590273062,-3.6433713523668803,-3.890625509086609,-0.8579360447936647,0.06685332253194712,0.0009559365593735151
0.71,-0.011695226928612287,1.5081869381526851,-1.0037077657232525,-0.5404533834316997,-0.0011615474369298016,-1.623632496496962e-05,0.12877328159027912,0.09715527881300422,0.14544069787245661,0.036155838647928575,0.01304565270296241,0.00025556201916108665,0.08403147299630598,-0.15841663250513296,-0.2477241776059872,-0.040917295892215266,-0.34346342109362227,-0.8715955269051736,0.6503647414217755,-3.683204212803325,-3.9138865109694576,-0.8649236872174806,0.06584017376188016,0.0007807072110561266
0.72,-0.010409537460853383,1.5091380830314982,-1.0022789197655542,-0.5400982604418749,-0.0010323721748143504,-1.4022535391234165e-05,0.1285689467758904,0.0951144878813047,0.14288459576982898,0.035512298982479124,0.012917526211545115,0.00022137895737354532,0.0058467732944996525,-0.20747603204172277,-0.3448979505764943,-0.0590559486591109,-0.3625727213961104,-0.8857435956144879,0.6425524712431336,-3.7249661620495518,-3.9405804865447998,-0.8727492780981588,0.0645315396078827,0.0005987644090626693
0.73,-0.009131490961785279,1.5100639443201025,-1.000882691416903,-0.5397513377579201,-0.0009050501071088579,-1.216153097778881e-05,0.12780464990681045,0.09258612886041816,0.13962283486513305,0.034692268395490486,0.012732206770549252,0.00018610044134453549,-0.0725433008293323,-0.25588973982772245,-0.44059833803268483,-0.07709556064749412,-0.37912252056800605,-0.8931467801908726,0.6318982863669393,-3.768459836071801,-3.970581984199602,-0.8813767311096974,0.06293486669183983,0.0004114694368963674
0.74,-0.007866662162951685,1.5109597423831422,-0.9995259962753641,-0.5394143468485415,-0.000780142045466671,-1.0661591474229915e-05,0.1264828798833594,0.08957980630396697,0.13566951415388032,0.03369909093785876,0.01249080616421869,0.00014999395035588954,-0.15076831696392268,-0.3033894773507059,-0.5343208047720293,-0.09493221190472889,-0.3930234547832506,-0.8937517339590046,0.6184493132329127,-3.813482233457181,-4.003748580518204,-0.8907658959207506,0.061059044759179004,0.0002202113677602798
0.75,-0.006620573926700884,1.5118208193968967,-0.9982155720124647,-0.5390889763618312,-0.0006581950156851852,-9.528284331939372e-06,0.12460882362508018,0.08610770137545293,0.13104242628993784,0.032537048671036885,0.012194702978148578,0.00011333071422905426,-0.22845373086719897,-0.34971607004612176,-0.6255695898712015,-0.1124606535317727,-0.4042072752959567,-0.887558053619866,0.6022671476049782,-3.85982585652156,-4.03992155172544,-0.9008727413199449,0.058914356316636114,2.6396342492775496e-05
0.76,-0.005398670189684213,1.5126426640721955,-0.9969579422523258,-0.538776862932827,-0.0005397396606304424,-8.76444822182619e-06,0.12219037370166708,0.0821844675298701,0.12576297601389175,0.03121134290041799,0.011845535505474281,7.638361101131823e-05,-0.3052230034531831,-0.3946209308460501,-0.713860486274757,-0.129575083955785,-0.41262688889916777,-0.8746182001652095,0.5834276339668767,-3.9072797800353274,-4.07892662401434,-0.9116495552938638,0.056512417991593365,-0.0001685631972638931
0.77,-0.004206288992447787,1.5134209352074992,-0.9957593814759134,-0.5384795822342351,-0.0004252877274607433,-8.3701975483927e-06,0.11923811972364264,0.07782711353036433,0.11985607764124087,0.029728069859188588,0.011445193316969913,3.9425067343349175e-05,-0.38069981561807087,-0.4378673678909621,-0.7987235741534776,-0.14616996924296854,-0.4182562241599046,-0.8550369974712227,0.5620205442542505,-3.9556306411878213,-4.120574799890174,-0.9230451614776497,0.053866114053308524,-0.000363259231083993
0.78,-0.00304863576268199,1.5141514839626529,-0.9946258811551338,-0.5381986403247697,-0.00031532965226238624,-8.342947762285567e-06,0.11576532297657968,0.07305487551536022,0.11335003207795193,0.02809419094653592,0.010995807519835704,2.72497861071324e-06,-0.4545103541394312,-0.47923170831623063,-0.8797058886781869,-0.16214089755916028,-0.42108993694075236,-0.8289707145608323,0.5381491579448643,-4.004663546887569,-4.164663257357994,-0.9350051513687406,0.050989522607555,-0.0005562987488471031
0.79,-0.0019307570227908638,1.5148303747613308,-0.9935631173152725,-0.5379354653480733,-0.00021033225484502416,-8.67746110514974e-06,0.11178787398911263,0.06788907986777924,0.10627638398613501,0.026317497669634593,0.010499739741736208,-3.345133428641718e-05,-0.5262856408997952,-0.518504233732147,-0.9563740031985889,-0.1773854569645854,-0.42114296891520997,-0.7966257408614338,0.5119297467388857,-4.054162896952603,-4.2109763184705935,-0.9474721316562822,0.04789783503583307,-0.000746314121133015
0.8,-0.0008575146934476318,1.51545390474773,-0.9925764197165372,-0.5376913996332393,-0.00011073655596076646,-9.365912256497429e-06,0.10732423293432321,0.06235299863993331,0.09866975987352462,0.02440657148340671,0.00995956988842577,-6.884511513476894e-05,-0.5956638774786558,-0.5554899267673701,-1.0283165094044358,-0.19180412493934806,-0.418449972516326,-0.758256867023201,0.48349096813514797,-4.103913124127106,-4.259286483438752,-0.9603859859717689,0.04460726929769935,-0.000931973168369618
0.81,0.00016643883626025623,1.5160186217402907,-0.9916707428362848,-0.5374676922455895,-1.6955728613111593e-05,-1.0397973193947831e-05,0.1023953529707888,0.05647169925607291,0.09056768802524538,0.022370738764970817,0.009378082734765486,-0.00010320609374504028,-0.6622927776809057,-0.5900090317469395,-1.095146376823521,-0.20530115755014489,-0.413064615103385,-0.7141651869770229,0.45297317312938723,-4.153699354114975,-4.309355526186715,-0.973684150310432,0.041134977749748926,-0.0011119888501775507
0.8200000000000001,0.0011366847045463817,1.5165213406417994,-0.990850638822952,-0.5372654920335852,7.062680558499216e-05,-1.176091642704411e-05,0.09702458682861255,0.05027189015087232,0.08201040133327892,0.02022002120043082,0.008758253419810375,-0.00013629432330962784,-0.725831861750027,-0.6218974361430147,-1.156503174998831,-0.2177854658342584,-0.40505877420299097,-0.6646956398827248,0.42052763401770576,-4.203307990899599,-4.3609356469151175,-0.9873019013080057,0.03749895015775439,-0.00128512850106516
0.8300000000000001,0.0020490604758738595,1.5169591582808857,-0.9901202325808858,-0.5370858412145888,0.00015165912485167485,-1.3439735622294532e-05,0.09123757713274779,0.04378176390862129,0.0730406242066202,0.017965081899643416,0.008103231926668267,-0.00016788191952504228,-0.7859546877561259,-0.6510068827768047,-1.212055142829102,-0.22917146693157608,-0.3945216345766398,-0.6102342134261346,0.3863156988824078,-4.252527234479846,-4.413770676912755,-1.0011726564845125,0.03371791259027878,-0.0014502225439661932
0.84,0.0028996817871473415,1.517329466674361,-0.9894831991322663,-0.5369296695386951,0.00022582239121947325,-1.5417282504401388e-05,0.08506213112734821,0.03703083934754617,0.06370334486193796,0.015617167589370835,0.007416326636779838,-0.00019775468821068572,-0.8423509978374124,-0.6772050257846378,-1.261501090852879,-0.23937989767162016,-0.38155869669850073,-0.551204832538773,0.35050787977528547,-4.301147539759247,-4.4675973305413175,-1.0152282854866108,0.02981122288400482,-0.0016061726189901316
0.85,0.003684962593328402,1.5176299647128626,-0.9889427433882709,-0.5367977890660314,0.0002928322617790889,-1.7674418797010038e-05,0.07852808061810605,0.030049803850148875,0.05404557439954039,0.01318804726638082,0.006700987055961563,-0.00022571362926086523,-0.8947287594818535,-0.7003753460139772,-1.3045721236675958,-0.24833857872381682,-0.36629070510188955,-0.4880659600206033,0.31328288190960035,-4.348962026649078,-4.522146499005598,-1.029399431274048,0.02579876336463762,-0.0017519590710761033
0.86,0.004401633874157877,1.5178586682836417,-0.9885015824466543,-0.5366908895888389,0.00035244011993771707,-2.0190181856778092e-05,0.07166712808294745,0.022870357077917423,0.0441160941616573,0.01068994771924167,0.005960785815862817,-0.0002515763059768054,-0.9428160847327033,-0.7204169437210611,-1.3410331711762769,-0.25598311807520524,-0.3488525040531192,-0.4213069377170533,0.2748265813460444,-4.395766852464068,-4.577144580219977,-1.0436158401054714,0.021700831494338928,-0.0018866477469091328
0.87,0.005046760674301789,1.5180139188539603,-0.9881619305171665,-0.5366095347253336,0.000404434120531102,-2.294196255803691e-05,0.06451268001439119,0.015525057031852285,0.033965192948779796,0.008135486350531724,0.0051994000593384914,-0.0002751780701258819,-0.9863630129534545,-0.7372442281492131,-1.3706843189296176,-0.2622575434417893,-0.32939182722727534,-0.3514440988211547,0.23533095873348184,-4.441361558386944,-4.632314838793341,-1.0578066990858428,0.017538029099133663,-0.0020093960583755393
0.88,0.0056177573607981155,1.5180943905462994,-0.9879254865598207,-0.5365541587078361,0.0004486400437472115,-2.5905693902545453e-05,0.057099668649632666,0.008047169233896177,0.023644395734582255,0.005537601749750245,0.004420592321610955,-0.0002963731344508542,-1.0251431454703719,-0.7507865247367193,-1.3933619294433712,-0.2671148542715933,-0.3080680275458292,-0.27901668351664166,0.1949929966679012,-4.485549402146166,-4.687378789882982,-1.0719009799438308,0.013331150809479659,-0.0021194582769084253
0.89,0.0061124009939794305,1.518099095742436,-0.987793424704116,-0.5365250638830233,0.0004849219539574725,-2.9056048760409563e-05,0.04946436331813147,0.00047051961366492354,0.013206185570468836,0.0029094824812685174,0.0036281910210261004,-0.00031503548578641085,-1.0589551229108478,-0.7609876213093664,-1.408939548011864,-0.2705174852126442,-0.2850507531313893,-0.204582591541411,0.154013548188833,-4.528137689087983,-4.742057600416985,-1.085827787614583,0.009101072325992438,-0.002216190030214426
0.9,0.006528842720909563,1.5180273892573857,-0.9877663875000465,-0.5365224189374118,0.000513182660695315,-3.236664509457826e-05,0.04164417269301322,-0.007170648505030506,0.0027037204069531046,0.0002644945611511387,0.0028260706737842562,-0.0003310596334168697,-1.087623938278423,-0.7678052746501152,-1.4173285881772473,-0.27243767429108345,-0.26051857546257207,-0.12871400631511154,0.1125961838661243,-4.568938113534729,-4.796073500958202,-1.0995167121131164,0.0048686391017320405,-0.0022990519799951778
0.91,0.006865617113653096,1.517878971126311,-0.987844482034237,-0.5365462578563954,0.0005333639801591284,-3.581025698268089e-05,0.03367743927435328,-0.014841813107468415,-0.007809453419051395,-0.002383891898366015,0.0020181319463813303,-0.00034436118881026235,-1.1110020806778131,-0.771210698310381,-1.4184787936418242,-0.2728577305306237,-0.23465757626338934,-0.051992926036687814,0.07094602486313649,-4.607767121715014,-4.8491512012842986,-1.1128981820978785,0.0006545560137767026,-0.002367612666304114
0.92,0.007121649388274709,1.517653888047869,-0.9880272789269791,-0.5365964796203699,0.0005454467967371225,-3.9359029726411674e-05,0.025603227462161322,-0.022508307844208913,-0.01827968927419802,-0.005022176397449991,0.0012082816577994137,-0.0003548772743730788,-1.1289705060776931,-0.771188051459665,-1.4123784750180435,-0.2717701973096478,-0.2076599004129518,0.024993362382420337,0.0292685693125631,-4.6444463066453645,-4.901019302591456,-1.1259038184446515,-0.003520721419036516,-0.0024215505110421185
0.93,0.007296260454250278,1.517352533526251,-0.98831381420843,-0.5366728486367183,0.0005494509251464997,-4.2984697330108235e-05,0.017461106597556883,-0.0301354521618038,-0.028653528145095638,-0.007636901634828823,0.00040041284093772327,-0.00036256676036965617,-1.1414394325555588,-0.7677339469969429,-1.399054521370835,-0.2691779094020603,-0.1797222831663552,0.1016568305303589,-0.012231480679851579,-4.678802844156203,-4.951411699096823,-1.1384667860793518,-0.007637093727793676,-0.002460654979734023
0.9400000000000001,0.007389169757901201,1.5169756467515587,-0.9887025940549263,-0.5367749959017585,0.0005454347748424141,-4.6658800636349705e-05,0.00929093036509235,-0.03768867746922503,-0.03887798464963779,-0.010214726504025473,-0.000401615030408557,-0.0003674103306241471,-1.1483489581147093,-0.7608569951203145,-1.3785721880366661,-0.2650939432928663,-0.15104456116935427,0.17741324097438016,-0.053351384074334166,-4.710669977814091,-5.000068961720185,-1.150522142255968,-0.011674921559155274,-0.002484826907090436
0.9500000000000001,0.007400495897501846,1.5165243102543733,-0.9891916023493658,-0.536902420882199,0.0005334948193793016,-5.0352904426905406e-05,0.0011326139600645515,-0.04513364971854495,-0.048900829443944416,-0.012742498044045768,-0.0011939955463112512,-0.0003694103790555698,-1.14966949943285,-0.7505773961311047,-1.3510346636743917,-0.2595414620216516,-0.12182817805310542,0.2516866295606941,-0.09389151060088645,-4.739887558825418,-5.0467396964708495,-1.1620071794141256,-0.015615126585258246,-0.00249407799790421
0.96,0.007330755001843256,1.5159999463656655,-0.9897783110130653,-0.5370544941012436,0.0005137648743963232,-5.403881183163541e-05,-0.006974089565859045,-0.05243638887078855,-0.058670866369962466,-0.015207321904464204,-0.0019729944982978366,-0.0003685907404730006,-1.1454020498552084,-0.7369265935061492,-1.3165824209247907,-0.2525534574314312,-0.0922746967147079,0.3239137027926875,-0.1336564676736246,-4.766302645147394,-5.091181870154026,-1.1728617607107585,-0.019439288731334808,-0.002488529520525106
0.97,0.007180856878266331,1.5154043125078323,-0.9904596930405123,-0.5372304604102817,0.00048641518884989186,-5.768877443528607e-05,-0.014989812357692488,-0.05956338578333432,-0.0681382027446956,-0.017596630903806913,-0.002734968554643139,-0.0003649962603650657,-1.135578254662032,-0.7199469952843481,-1.2753923564237724,-0.2441723942466778,-0.06258433163409016,0.39354811651557053,-0.17245619697011136,-4.789770162016518,-5.133164096043961,-1.1830286462930864,-0.02312973919616924,-0.0024684102154760123
0.98,0.006952098950515237,1.5147394953369067,-0.9912322381531,-0.5374294429231036,0.0004516513550312532,-6.127569653172139e-05,-0.022875792775109448,-0.06648171709255704,-0.07725451125876796,-0.019898251282187765,-0.003476383381863863,-0.00035869220964353276,-1.1202603012212782,-0.6996917686660146,-1.2276767272178069,-0.23444976187790623,-0.0329545156427713,0.4600646033510627,-0.21010703304192552,-4.810153623971584,-5.172466872250484,-1.1924538083664373,-0.02666964874196389,-0.002434053446704282
0.99,0.006646158021218187,1.5140079037501657,-0.9920919709733882,-0.5376504475858433,0.00040971304378889593,-6.477333204606698e-05,-0.03059409292970504,-0.0731591586740887,-0.08597328202881864,-0.02210046627398221,-0.00419383112423573,-0.00034976355143455856,-1.0995406211907537,-0.6762247094960517,-1.17368189188081,-0.22344554118741478,-0.003578516355250194,0.5229629177725781,-0.24643271625955576,-4.827325916239289,-5.208883765632813,-1.201086733111119,-0.03004311073295502,-0.0023858936274944367
1.0,0.006265079908381941,1.5132122607677314,-0.9930344716077303,-0.5378923683523793,0.00036087257222805523,-6.815647272650738e-05,-0.038107811283624664,-0.07956429824343605,-0.09425006343420704,-0.024192076653596226,-0.0048840471560840665,-0.0003383140680440409,-1.07354140157796,-0.6496201850856814,-1.1136868658087264,-0.21122759466671504,0.02535588209448303,0.5817715693787334,-0.2812653523815336,-4.841170131109454,-5.242222534290388,-1.2088807075181645,-0.03323521840788031,-0.002324461957203339
1.01,0.005811267019976314,1.5123555942916043,-0.9940548985123585,-0.5381539929317467,0.0003054333119869896,-7.140112629799466e-05,-0.04538128884056266,-0.08566664761272537,-0.10204269046282105,-0.0261624579367407,-0.005543926024106564,-0.0003244653571487277,-1.042413901316406,-0.6199631456992968,-1.0480017012863272,-0.19787098950249327,0.053667616373552995,0.6360513167850195,-0.3144463111006651,-4.851580452698403,-5.272306181885844,-1.215793089244835,-0.03623213588185773,-0.0022503815087212536
1.02,0.005287463945450522,1.5114412267411368,-0.9951480135062831,-0.5384340090712539,0.00024372794699607073,-7.448468336876133e-05,-0.05238030745257925,-0.09143675504675475,-0.10931149939245612,-0.028001613950718957,-0.0061705364990918875,-0.00030835570707666725,-1.0063375701835617,-0.5873491970741974,-0.9769657039512363,-0.18345726390087602,0.08118348519065588,0.6853983966128712,-0.3458270560849542,-4.858463081329761,-5.298973937330219,-1.2217855576376746,-0.039021162390034954,-0.0021643617099222105
1.03,0.0046967411577990975,1.5104727635604804,-0.996308208783706,-0.5387310113364506,0.00017611659041431426,-7.738607198612304e-05,-0.059072278765142434,-0.0968463180656346,-0.1160195277422846,-0.029700226519669644,-0.006761135658175647,-0.00029013886173617163,-0.9655189674660382,-0.5518847236237645,-0.9009454982435832,-0.1680736476791962,0.10773918035787489,0.7294474642794602,-0.37526989932109406,-4.861737186697713,-5.322082153684926,-1.2268243441339353,-0.04159078931001144,-0.002067192265359367
1.04,0.004042476934481641,1.509454080591231,-0.9975295357691288,-0.5390435083468921,0.00010298477121075932,-8.008589884942136e-05,-0.06542642233174563,-0.10186829692494437,-0.12213269854228308,-0.031249701044141306,-0.007313181920355493,-0.0002699826863298314,-0.9201904788488559,-0.5136870495592919,-0.8203329552842319,-0.1518122486409399,0.13318019516413182,0.7678742256877659,-0.4026486730041549,-4.8613358770647865,-5.3415051205085575,-1.2308804403315736,-0.043930749533767514,-0.0019597365671016587
1.05,0.003328337619960005,1.5083893103025223,-0.9988057356499892,-0.539369930424776,2.4741301615274354e-05,-8.256657630391906e-05,-0.07141393145216358,-0.10647702887086669,-0.12761998808603453,-0.03264220778839129,-0.007824346959548496,-0.0002480677454497702,-0.8706088316223612,-0.4728846231126142,-0.7355429973942491,-0.1347692164856089,0.15736259968068422,0.8003977414565167,-0.4278493128131576,-4.857207170029007,-5.3571357842981575,-1.233929782113842,-0.04603205880358576,-0.0018429246459158123
1.06,0.0025582563666724845,1.5072828268713137,-1.000130271414518,-0.5397086376120063,-5.8183962597079135e-05,-8.481243435886069e-05,-0.07700812532875204,-0.11064834312086352,-0.13245357645286931,-0.0338707187230335,-0.008292526421235348,-0.00022458580549416206,-0.8170534104883037,-0.42961720739021725,-0.647011294111653,-0.117043896071507,0.18015367525772064,0.8267823880124955,-0.4507703471770537,-4.849314948916062,-5.368886372142899,-1.2359534083267372,-0.047887048680749195,-0.0017177457159900222
1.07,0.0017364105047037305,1.5061392301076726,-1.0014963612165946,-0.5400579280100535,-0.00014534245630657715,-8.680981709462958e-05,-0.0821845861968754,-0.11435967636411294,-0.13660898020766926,-0.03492903980471864,-0.008715849370949802,-0.00019973827357688907,-0.7598243789979453,-0.38403606017727693,-0.555191865090065,-0.09873798168725001,0.2014324035445334,0.8468394626727771,-0.471323288070175,-4.837639887650369,-5.376688914221603,-1.2369375926361696,-0.04948939088073318,-0.0015852403680899469
1.08,0.000867197702985097,1.50496332822353,-1.0028970128846901,-0.5404160463961338,-0.00023626932036464865,-8.854716294690294e-05,-0.08692128017186335,-0.11759018841426583,-0.1400651668095588,-0.035811838608032304,-0.009092686405807151,-0.00017373458522733555,-0.6992406149313106,-0.3363040842578083,-0.46055460565379913,-0.0799546836214069,0.22108980879523044,0.860428422761593,-0.48943291997362726,-4.8221803260693035,-5.380495661331647,-1.2368739473363304,-0.05083411278378139,-0.0014464924674485993
1.09,-4.478890369993263e-05,1.5037601194486867,-1.0043250593885191,-0.5407811930687076,-0.00033048588400663503,-9.001506847892728e-05,-0.09119866066850296,-0.12032087748433544,-0.1428046503828892,-0.03651466725737819,-0.009421656364198637,-0.00014679055320243457,-0.6356374716522346,-0.28659592953770247,-0.3635827510297824,-0.060797917762115405,0.23902915588415663,0.867457751813788,-0.5050374848842643,-4.802953077097396,-5.38027939423328,-1.2357594980409914,-0.05191760401429083,-0.0013026208138309182
1.1,-0.000994786437617276,1.5025347725047478,-1.0057731950747604,-0.5411515328750869,-0.00042750219974636736,-9.120633537558907e-05,-0.09499975339173435,-0.12253469439388559,-0.1448135686241162,-0.03703398063792216,-0.00970163157397323,-0.00011912668966617838,-0.5693643815414665,-0.23509802844993213,-0.26477029536912866,-0.04137152821770895,0.25516601022200813,0.8678854489926299,-0.5180887626227624,-4.779994147015547,-5.376033622226645,-1.2335967283647584,-0.05273761407496794,-0.0011547706220895837
1.11,-0.0019778886583135978,1.5012926059560856,-1.0072340124821118,-0.5415252043740306,-0.0005268196156075934,-9.211600051400557e-05,-0.09831022206963219,-0.12421665486622178,-0.14608174073514146,-0.03736714989437277,-0.009931741586122604,-9.096651384164973e-05,-0.50078232188246,-0.18200854677750936,-0.16461938160717676,-0.02177855203249013,0.2694281694819891,0.8617191409720586,-0.5285520471567212,-4.753359350260708,-5.367772669045319,-1.2303935938906787,-0.05329324112047061,-0.0010041048821441906
1.12,-0.0029890728013272838,1.5000390664667667,-1.0087000395459742,-0.5419003290865724,-0.0006279333691013161,-9.274134908417449e-05,-0.1011184143013686,-0.12535394893188745,-0.14660270638623973,-0.03751247125417157,-0.010111375349372271,-6.253485701689173e-05,-0.43026116788734226,-0.12753723312827173,-0.06363767798225009,-0.00212053401952661,0.2817554805611895,0.8490158186653354,-0.5364060211771025,-4.723124800783377,-5.3555316448455645,-1.2261635049231214,-0.05358491205803599,-0.0008517956576709262
1.1300000000000001,-0.004023226672545052,1.4987797060034864,-1.0101637770041614,-0.5422750207889452,-0.000730335187014285,-9.308191084915959e-05,-0.10341538712177685,-0.1259360463280226,-0.14637374581871776,-0.03746917023728586,-0.010240181791296876,-3.405617649850961e-05,-0.3581769617215239,-0.07190515180865664,0.03766424335204783,0.01750310146252662,0.2920995583519903,0.829881204292822,-0.541642532705478,-4.6893872629735025,-5.339366303789596,-1.220925277738981,-0.05361435426693985,-0.0006990153828791277
1.1400000000000001,-0.005075175793915936,1.4975201580367432,-1.0116177358171408,-0.5426473948023255,-0.0008335158748510982,-9.313943974681664e-05,-0.10519491213708838,-0.1259547966743111,-0.14539588129793643,-0.037237401338033875,-0.01031806878368133,-5.752889765704527e-06,-0.28490913021920444,-0.015344285733799295,0.13877551073493333,0.0369956162264079,0.30042342553019274,0.8044687573324404,-0.5442662790211347,-4.652264346532846,-5.3193527874586035,-1.2147030542744213,-0.05338455933185068,-0.0005469282165655134
1.1500000000000001,-0.006139710397503388,1.4962661128055617,-1.013054474419345,-0.5430155772351757,-0.0009369678796892667,-9.291787714373885e-05,-0.10645346035874526,-0.12540452311815373,-0.14367386022041803,-0.03681824328502431,-0.010345200483816847,2.2156260307779458e-05,-0.21083768727976646,0.04190300176558687,0.23918752622412284,0.056263457292018426,0.306701094539505,0.7729783308392153,-0.5442944046353978,-4.611894531405717,-5.295587255080718,-1.207526190416594,-0.05289973928442931,-0.000396681512164652
1.16,-0.007211612068983198,1.4950232917247939,-1.0144666356219822,-0.5433777141352083,-0.0010401878102806036,-9.24232991565719e-05,-0.10719016714798091,-0.12428210807677198,-0.14121612026371927,-0.03621369000326108,-0.01032199305913369,4.94577987166947e-05,-0.1363404595060106,0.09958465487027866,0.3383964942666008,0.07521668645652158,0.31091711414981693,0.7356544924181261,-0.5417560213608473,-4.568437010955891,-5.268185402313456,-1.1994291133076556,-0.05216527594010091,-0.00024939746174034143
1.17,-0.008285679848744024,1.4937974210281535,-1.015846982992423,-0.5437319805093852,-0.0011426788984787435,-9.166384855584509e-05,-0.10740677797608268,-0.12258706966404434,-0.13803473704407143,-0.03542663741768844,-0.010249108819813994,7.59450600726818e-05,-0.06179037531202735,0.15743976882837898,0.4359058933838366,0.09376933902745099,0.31306610329534734,0.6927845267362808,-0.5366916596830631,-4.522071343960965,-5.237281871072588,-1.1904511483095657,-0.0511876640001093,-0.000106164970772079
1.18,-0.009356755608704057,1.4925942047543894,-1.0171884365405641,-0.5440765891718842,-0.0012439533865035678,-9.064965186278144e-05,-0.10710757599600332,-0.12032162737641482,-0.13414535481411602,-0.03446086624989442,-0.01012744880248243,0.00010141966930636466,0.012447141655723496,0.21519959212192305,0.5312288794730388,0.11183971179420871,0.3131522943153699,0.6446961388259802,-0.5291526616045731,-4.4729969086462935,-5.203029553641418,-1.1806363165195741,-0.0499744486603046,3.1968180832493676e-05
1.19,-0.010419748535721966,1.491419297198129,-1.0184841075484772,-0.5444097993815787,-0.001343534825176912,-8.939272234003359e-05,-0.10629929270179092,-0.11749075562603571,-0.1295671007912948,-0.03332102096946048,-0.009958143867334431,0.00012569295227478534,0.08601663449175614,0.2725886872027745,0.6238906104424484,0.12935058164920177,0.3111891061975525,0.5917548795196566,-0.5192005258630342,-4.421432154850232,-5.1655987950184485,-1.1700331039650904,-0.04853415852548531,0.0001640028378377794
1.2,-0.011469658567866317,1.4902782749606216,-1.0197273323860438,-0.5447299252322649,-0.001440960269083314,-8.790684966282349e-05,-0.10499100321443502,-0.11410222375075163,-0.12432248375666498,-0.032012585068618024,-0.00974254439064021,0.00014858726772100923,0.15857489189210347,0.3293262466757929,0.7134304830498719,0.14622935760239608,0.307198766010891,0.5343613161356962,-0.5069062169042066,-4.367613653448739,-5.125176498158946,-1.1586942038395676,-0.046876234669783474,0.000288995577358975
1.21,-0.012501598647542085,1.4891766087486276,-1.0209117051620882,-0.5450353437606015,-0.0015357823556223775,-8.620747713744056e-05,-0.10319400796757686,-0.11016662119940793,-0.1184372776044261,-0.030541852833653505,-0.00948220865390635,0.00016993725253829317,0.2297930084362184,0.3851275587321173,0.7994042739896088,0.16240817013313658,0.3012119934680211,0.47294797298116925,-0.492349449198919,-4.311794945311829,-5.081965137428696,-1.1466762333648248,-0.0450109567082908,0.0004060653760776191
1.22,-0.013510815675202223,1.4881196350817618,-1.022031109067636,-0.5453245027384925,-0.001627571256117236,-8.431156740936995e-05,-0.10092170276601378,-0.10569736668657685,-0.11194039055477328,-0.02891589778910982,-0.009178890049485846,0.0001895909728070612,0.2993581950847195,0.43970561262154706,0.8813861784340525,0.1778239029317885,0.293267759608173,0.40797606732766695,-0.4756179584249931,-4.254245195257431,-5.036181686208612,-1.1340394270767205,-0.04294936675213107,0.0005143997908112376
1.23,-0.014492710068670474,1.4871125280794422,-1.0230797462753114,-0.5455959281184082,-0.0017159164885120932,-8.223745767335765e-05,-0.0981894393468251,-0.10071070023196546,-0.10486372076755057,-0.027142537991559253,-0.008834523239485742,0.00020741097360122999,0.36697531407862904,0.49277283205620376,0.9589707403623844,0.19241817303382103,0.2834131260858246,0.3399320672631265,-0.45680677069173775,-4.195247659647609,-4.988056465159264,-1.1208473085270911,-0.04070319210827957,0.0006132606094766965
1.24,-0.01544285385548319,1.4861602715079933,-1.024052166266436,-0.545848231101897,-0.0018004285827102919,-8.000470546231797e-05,-0.09501437868127154,-0.09522565714488143,-0.09724199911244163,-0.025230298348878626,-0.00845120941981987,0.00022327522110396794,0.43236811880198084,0.5440429217076449,1.0317746700649826,0.20613726616891892,0.2717031666790033,0.2693240982135172,-0.43601748037684207,-4.135097979375921,-4.937831918168136,-1.1071663425724056,-0.03828476755695004,0.0007019889330614786
1.25,-0.01635700724859229,1.4852676312761819,-1.0249432924650774,-0.546080114803286,-0.0018807405912465256,-7.763392615095277e-05,-0.09141533931090991,-0.08926402318115516,-0.08911261986414022,-0.02318837013890463,-0.008031200853623372,0.00023707793113651962,0.4952801863387393,0.5932328094452066,1.099438545178326,0.2189320347909849,0.25820096759374467,0.19667822500704513,-0.4133575462919035,-4.0741023129626,-4.885761323454086,-1.0930655705760983,-0.03570695799417431,0.0007800096531267076
1.26,-0.017231133678701382,1.4844391285733174,-1.0257484470660696,-0.5462903804822707,-0.0019565094397213205,-7.51466233630326e-05,-0.08741264301090926,-0.08285027028645811,-0.08051546009921204,-0.021026567898475918,-0.007576884847479488,0.0002487302787920179,0.5554755381795121,0.6400646647061151,1.1616283924660615,0.23075776669884274,0.24297769817071746,0.12253463613576954,-0.3889396148193888,-4.012575327247825,-4.832107447688047,-1.0786162309845369,-0.03298308216662557,0.0008468352935859206
1.27,-0.018061413278867008,1.4836790138478844,-1.0264633739518338,-0.5464779333207762,-0.002027417113217323,-7.25650135181851e-05,-0.08302796001656239,-0.0760114725433024,-0.07149268857642109,-0.018755283850542454,-0.007090767349600284,0.000258160984484749,0.6127389525475201,0.6842679714242471,1.2180371482812096,0.24157403246334397,0.22611273889774663,0.04744375640924137,-0.36288087740251906,-3.9508380656987327,-4.777141151303603,-1.0638913678443287,-0.03012683815158042,0.0009020691900030532
1.28,-0.018844254838233404,1.4829912418263225,-1.0270842596006877,-0.5466417877211128,-0.0020931716767268915,-6.991184579439362e-05,-0.07828415593663977,-0.06877720215617872,-0.06208856488538323,-0.016385440033664343,-0.006575456350956826,0.0002653167723791485,0.6668759798276279,0.7255816323069884,1.2683859962339363,0.25134451994622875,0.2076938494235705,-0.02803768645916771,-0.3353024683572069,-3.8892157165735166,-4.721139953413282,-1.0489654299096012,-0.02715223114932436,0.0009454079843950294
1.29,-0.019576306261360137,1.4823794477709515,-1.0276077518971956,-0.5467810721040648,-0.0021535081294090388,-6.721021881583054e-05,-0.07320514231267308,-0.061179405537084876,-0.05234922965077569,-0.013928438295193336,-0.006033645268214732,0.0002701626978563079,0.7177126803029608,0.7637560799631742,1.3124255810206946,0.2600368641138022,0.18781735572895641,-0.10335061658438305,-0.3063289074520872,-3.8280353050723375,-4.664386564915989,-1.0339138630411455,-0.024073504060756635,0.0009766434184660415
1.3,-0.020254463587074768,1.4818469251730642,-1.0280309767630171,-0.5468950331871358,-0.0022081890942209146,-6.448339540170773e-05,-0.06781573257146298,-0.053252259788747376,-0.042322486582168084,-0.01139610830710847,-0.0054680964811875754,0.0002726823414122817,0.7650951105434548,0.7985553694701495,1.3499370976555143,0.26762248006042455,0.1665883329037583,-0.17793756207728484,-0.27608759011125905,-3.7676233351127806,-4.6071673984782135,-1.0188126986244488,-0.02090507122213041,0.0009956634132958489
1.31,-0.020875878635731843,1.4813966050718474,-1.0283515525346567,-0.5469830397247577,-0.002257005346096074,-6.175461673007095e-05,-0.06214150486570739,-0.04503201012166101,-0.03205757716396203,-0.008800653762183187,-0.0048816251875159426,0.00027287786716367814,0.8088885910829956,0.8297592264373987,1.3807332554762242,0.27407640671280653,0.14412075821502546,-0.25124658165308256,-0.24470832647796323,-3.708303407467238,-4.549771064098842,-1.0037381407307466,-0.017661455564629072,0.001002452428703495
1.32,-0.02143796536585827,1.4810310371820463,-1.0285676020225258,-0.5470445856938397,-0.0022997761833331086,-5.9046917280452004e-05,-0.056208673012642756,-0.03655678898010632,-0.021604948786908842,-0.006154596908198158,-0.004277083723703475,0.0002707699449618944,0.8489767932335267,0.8571650244877758,1.4046591162966444,0.27937716805793045,0.12053760841216787,-0.3227351435379193,-0.21232292897893618,-3.6503938416683344,-4.4924868589272435,-0.9887661547149305,-0.014357229361735212,0.000997091100759727
1.33,-0.02193840503017862,1.4807523730031664,-1.0286777621938565,-0.5470792929096349,-0.0023363496481823283,-5.638294192059414e-05,-0.050043966432034924,-0.027866417887979285,-0.011016017133066405,-0.0034707215795135873,-0.0036573464849219747,0.00026639753598578666,0.8852606868275001,0.8805896663363111,1.4215928059417235,0.28350665797950825,0.0959708755202322,-0.3918739353081576,-0.17906484649021073,-3.5942053293118543,-4.435603259900954,-0.9739720598874853,-0.011006958625012274,0.0009797551611745781
1.34,-0.022375150226803583,1.480562351070626,-1.0286811914302614,-0.5470869130585216,-0.0023666026037491585,-5.378476649469801e-05,-0.043674519662496206,-0.01900219325403056,-0.0003429236404745434,-0.0007620148886739297,-0.0030252955566830086,0.0002598175425896127,0.9176573932165937,0.899871343299254,1.431446098170074,0.2864500538737076,0.07056147671092594,-0.4581505839573917,-0.1450688417649356,-3.540038646157667,-4.379406427607221,-0.9594301288160763,-0.007625151111811887,0.0009507136474905827
1.35,-0.022746427943893536,1.4804622844946813,-1.0285775743191887,-0.5470673291359811,-0.002390440675251222,-5.1273723253475626e-05,-0.03712777170899537,-0.010006657594484603,0.010361711107274914,0.0019583922540496925,-0.002383807150206318,0.0002511043241222385,0.9460989889073391,0.9148711491036737,1.4341648696659024,0.2881957632027472,0.044459036150056086,-0.5210732660278679,-0.11047070747841853,-3.48818244975008,-4.324178729557261,-0.9452131957078729,-0.004226207819197914,0.0009103264181187424
1.36,-0.023050741695439143,1.4804530509163252,-1.0283671239472103,-0.5470205562798001,-0.0024077980643592866,-4.887023243950145e-05,-0.03043137515456084,-0.0009233578356234347,0.02104503719783673,0.004677285618105844,-0.001735738910806469,0.00024034908139741778,0.9705313047640527,0.9254745252788724,1.4297294244082326,0.28873540602291126,0.01782151989968117,-0.5801741880338279,-0.07540701510745325,-3.4389111881587224,-4.270197290798381,-0.931392276198272,-0.0008243777594743264,0.0008590409912190485
1.37,-0.023286872842090404,1.4805350849908596,-1.0280505816720469,-0.5469467419903706,-0.0024186372458154235,-4.6593641304767394e-05,-0.02361311466512627,0.00820340745343808,0.031654227516350074,0.00738142894294042,-0.0010839181456137074,0.0002276591134734054,0.9909127637961954,0.931592517177315,1.4181546853203382,0.28806383533682833,-0.009185291120949124,-0.6350129176836525,-0.040014889918085654,-3.392483143897773,-4.217732579483083,-0.9180362007278445,0.0025662842537529564,0.0007973887312095555
1.3800000000000001,-0.02345388118446089,1.4807083734896587,-1.0276292143595303,-0.5468461657319102,-0.002422948555757331,-4.446207179093993e-05,-0.01670083423704875,0.01732884987990335,0.04213673125165736,0.010057625846033702,-0.00043113099419076774,0.00021315695138274645,1.0072132972686825,0.9331628217726309,1.399490250703541,0.2861791958752944,-0.03638850059588172,-0.685179546578787,-0.004431804611382246,-3.349138635140218,-4.167047034670796,-0.9052112635296647,0.005931957132309542,0.0007259804112528404
1.3900000000000001,-0.02355110490735933,1.4809724530890147,-1.027104809081363,-0.5467192379104998,-0.002420749681195562,-4.2492278046657976e-05,-0.009722372289844003,0.02640795993560944,0.05244052781671282,0.01269278214104864,0.0002198874561769197,0.00019697937442819555,1.019413374373413,0.9301506107901746,1.3738203125923605,0.28308302065653024,-0.06360897423345335,-0.7302976651733928,0.031204616311515193,-3.309098394037689,-4.118393743262479,-0.8929808890764283,0.00925909071302184,0.0006455011843868861
1.4000000000000001,-0.023578159942346067,1.4813264108921362,-1.026479665279583,-0.5465664982270556,-0.0024120850599066075,-4.0699514890496285e-05,-0.002705503498673774,0.03539578031215952,0.06251438017801667,0.015273968344415459,0.0008664621288954495,0.00017927631561616902,1.0275031751667791,0.9225491154130896,1.341263433872063,0.2787803633837882,-0.09066239549668076,-0.7700271308730544,0.06675678964357529,-3.2725621393250433,-4.07201517256556,-0.8814053176537454,0.012534441010471775,0.0005567050000156745
1.41,-0.02353493880331833,1.4817688877066206,-1.0257565844141079,-0.5463886134057202,-0.002397025199641506,-3.909741825326506e-05,0.004322113902773762,0.04424768144842867,0.0723080865475042,0.01778848213353791,0.0015059860265101265,0.00016020966372312247,1.0314819301278133,0.9103799617354348,1.3019721807903268,0.2732799635349581,-0.11736049472599497,-0.8040666102770192,0.10208737218878777,-3.2397073574788013,-4.028141964560977,-0.8705413115355729,0.01574510390682929,0.00046040850623641015
1.42,-0.023421608935972938,1.4822980840753535,-1.0249388571206273,-0.5461863743006816,-0.002375665925033567,-3.769789854955422e-05,0.011332986734539202,0.05291963687327388,0.08177272934805885,0.02022391050386091,0.002135927460793897,0.000139951970371084,1.031357442766295,0.8936932492743926,1.256132607422906,0.26659443976360553,-0.143512441564269,-0.8321558767910382,0.13705947299550228,-3.210688303561202,-3.9869917974992997,-0.860441883042688,0.01887854764962948,0.0003574844819439726
1.43,-0.023238610607475882,1.4829117690340974,-1.0240302479174066,-0.545960692387124,-0.002348127559950173,-3.65110478364012e-05,0.018299832849705724,0.06136849587439241,0.09086092032206687,0.022568191355766817,0.0027538365083394018,0.00011868507131530248,1.0271458044590058,0.8725673681554105,1.2039635887090554,0.258740506169282,-0.1689263856709351,-0.8540778452190955,0.1715368864817538,-3.1856352295745483,-3.9487683199927526,-0.851156045568267,0.02192264449949526,0.00024885484581355284
1.44,-0.022986654347987617,1.4836072915443406,-1.0230349775112795,-0.5457125956448632,-0.002314554052304882,-3.55450615173024e-05,0.025195625948826513,0.06955225102430931,0.09952704061270656,0.024809674226075832,0.0033573507645290614,9.659863190987974e-05,1.018871303367237,0.8471085540120268,1.1457159989159373,0.2497392049474758,-0.19341112618071765,-0.869660325524706,0.20538435307471065,-3.1646538447338526,-3.9136601622971776,-0.8427285884585174,0.024865701826380596,0.00013548329211832968
1.45,-0.02266671794134346,1.4843815945256111,-1.021957702765164,-0.5454432238462297,-0.0022751120475605316,-3.48061752432264e-05,0.031993640664415485,0.07743029812705499,0.10772747461154619,0.026937179863351653,0.00394420047443505,7.388862740759988e-05,1.0065665221330096,0.8174501831421692,1.0816717328015413,0.23961614806980513,-0.21677788634501116,-0.8787774787976412,0.2384678530173919,-3.147825008603728,-3.881840028995895,-0.835199876443605,0.02769649289672822,1.836760589297515e-05
1.46,-0.022280042948638022,1.485231231387755,-1.0208034944018123,-0.545153823262912,-0.0022299899163447335,-3.4298617549621164e-05,0.038667499270543707,0.08496368621437925,0.11542083633518829,0.028940058331769603,0.004512213121579792,5.075576936052419e-05,0.9902726122914294,0.7837518139887375,1.0121425673545188,0.22840175991214995,-0.23884216639686073,-0.8813509596019483,0.2706549378372658,-3.135204654602948,-3.8534638768082807,-0.8286056741270216,0.030404287527259037,-0.00010146828778884154
1.47,-0.021828130736142076,1.4861523849409348,-1.0195778125311141,-0.5448457408097567,-0.0021793967407975163,-3.402457865049559e-05,0.04519122124959464,0.09211535531799019,0.12256818706980857,0.030808245315526738,0.005059317554721717,2.7403889912557448e-05,0.9700397271745315,0.7461979845094675,0.9374688627938553,0.21613151218206994,-0.25942564498280163,-0.8773507303386653,0.30181510265526534,-3.126823938022765,-3.8286701807523875,-0.8229769958622642,0.03297888270660073,-0.00022298248368877386
1.48,-0.021312737968271902,1.4871408885396693,-1.018286480101043,-0.5445204176469046,-0.002123561263505734,-3.398419568840425e-05,0.05153927678701746,0.09885035987344674,0.12913324300712747,0.032532316285208855,0.005583547729178223,4.0382962091337195e-06,0.9459275896934348,0.7049967784155388,0.8580181025041793,0.20284614213459307,-0.27835809757208585,-0.866795535058358,0.331820201077712,-3.1226895994975123,-3.807579291395637,-0.8183399811761749,0.03541063320660568,-0.0003451234070147659
1.49,-0.020735871517559144,1.4881922492973751,-1.016935654385141,-0.5441793822651078,-0.0020627308021756966,-3.4175554613510645e-05,0.05768664507127561,0.10513607577057628,0.13508257159018958,0.03410353817969013,0.006083046133003772,-1.9135892510640103e-05,0.9180061669096601,0.6603781765338624,0.7741832727664557,0.18859184488298286,-0.2954792991207671,-0.8497530222864985,0.36054490289932795,-3.122784531869901,-3.790292885432815,-0.8147157957401081,0.03769048212416073,-0.000466838214954543
1.5,-0.02009978273699233,1.4893016731899023,-1.015531796632204,-0.5438242430825825,-0.001997170132575502,-3.459470873681124e-05,0.06360887805668158,0.1109423892527065,0.14038577529370658,0.035513918252526706,0.006556066960019433,-4.1915412330059346e-05,0.8863564198505423,0.6125922126277771,0.6863810844882015,0.17342043066030266,-0.3106408779562817,-0.8263395088791107,0.3878671932983012,-3.127068535666793,-3.7768935113392055,-0.8121205577447318,0.039809991214816785,-0.0005870812282000052
1.51,-0.019406961035906965,1.4904640918507035,-1.0140816400163748,-0.5434566805852737,-0.0019271603417584718,-3.523571387304312e-05,0.06928217010853624,0.11624186608011959,0.14501566158292536,0.03675624973086925,0.007000979081703035,-6.410051362318845e-05,0.8510710946544064,0.5619069558368465,0.5950500406362098,0.15738943814927353,-0.3237080883501098,-0.7967193796702126,0.4136689106711637,-3.135479245996375,-3.7674442313610794,-0.8105652894027261,0.04176137080484481,-0.0007048223306986402
1.52,-0.01866012669890303,1.4916741908467932,-1.0125921560380948,-0.5430784390458934,-0.0018529976531706089,-3.609067985875133e-05,0.07468343370039368,0.12100989960897963,0.1489483978280013,0.037824153938031964,0.007416268858786291,-8.549659857082082e-05,0.8122555198817626,0.5086063444162143,0.5006483546918393,0.14056219546279802,-0.33456147053714425,-0.7611041206696472,0.4378363187835719,-3.147933211640299,-3.7619883606290356,-0.8100558931867744,0.04353750900136999,-0.0008190552753307307
1.53,-0.017862222888104084,1.4929264392137138,-1.01107051953811,-0.5426913178605097,-0.001774992224954969,-3.7149838101433664e-05,0.07979038107989456,0.12522483669206602,0.15216364999848372,0.03871211853836275,0.007800542821563996,-0.0001059158242682334,0.7700283746932148,0.4529878976125729,0.40365172715313763,0.12300782106967478,-0.34309836897304447,-0.7197509867724611,0.46026070754875525,-3.1643271054821023,-3.7605493037144146,-0.8105931523084295,0.045131999863719595,-0.0009288058329830148
1.54,-0.017016406772405217,1.4942151200194942,-1.0095240724978576,-0.542297162544758,-0.0016934669225960976,-3.8401624687581984e-05,0.08458161156988676,0.12886808057803573,0.15464470402523492,0.03941553157517168,0.008152530235887126,-0.00012517865861483166,0.7245223935336627,0.3953603342611213,0.3045509888730966,0.10480115784348154,-0.34923428232702936,-0.6729613082902582,0.48083901553101477,-3.184539044214472,-3.763130488498007,-0.8121727548567966,0.0465391701552724,-0.0010331397225921309
1.55,-0.01612603973307914,1.4955343617221672,-1.0079602868099071,-0.5418978554348646,-0.001608756066995642,-3.9832778451756704e-05,0.08903670393260751,0.13192417026730757,0.15637856879504877,0.03993071098934285,0.008471085560045565,-0.00014311537641747223,0.6758849749064841,0.33604112798073793,0.20384962179690563,0.08602263450708203,-0.35290402200437043,-0.6210784440475484,0.4994744662449588,-3.208429994521812,-3.769715396786375,-0.8147853409443129,0.04775410426562345,-0.0011311702601899667
1.56,-0.015194676603047979,1.4968781700828706,-1.0063867262115442,-0.5414953061415854,-0.0015212041591289918,-4.1428453286514074e-05,0.09313631300311614,0.13438083607034376,0.15735605983628626,0.040254929327924384,0.008755190786665,-0.0001595674834757369,0.6242786646683522,0.27535402964411654,0.10206116941563914,0.06675805001050183,-0.35406265977122864,-0.5644853922509957,0.5160772095128356,-3.2358452426490114,-3.780267690696315,-0.8184165721495501,0.04877266687882413,-0.0012220656658294042
1.57,-0.014226053907049679,1.4982404603969024,-1.0048110075829297,-0.5410914418078014,-0.0014311645825919013,-4.317234385498324e-05,0.09686226959983002,0.1362290314031886,0.15757186286146066,0.04038643337838668,0.009003957653709045,-0.0001743890568469165,0.5698814879049076,0.21362658807871476,-0.00029344906232023,0.047098277789672016,-0.3526862492095608,-0.5036020737558966,0.530564958575427,-3.2666159044405236,-3.7947314334347118,-0.8230472225030984,0.04959152296523518,-0.0013050559685366145
1.58,-0.013224077081550458,1.4996150898083078,-1.0032407618183887,-0.5406881972228497,-0.001338998285591955,-4.504682375507826e-05,0.1001976825499221,0.1374629411405491,0.15702457645409465,0.04032445849518149,0.00921662969999464,-0.0001874479900095018,0.5128871077131884,0.1511876996924892,-0.10268870523274998,0.027138888362891467,-0.348772310123868,-0.4388823056800917,0.5428636133400759,-3.3005604535522566,-3.8130314027302887,-0.8286532902308987,0.050208154691836676,-0.0013794394511604858
1.59,-0.012192806666255673,1.5009958894795412,-1.0016835944851774,-0.5402875048486451,-0.001245072444256676,-4.703309507762548e-05,0.10312704152947845,0.1380799671233467,0.15571673332113975,0.040069237420460355,0.00939258413352788,-0.00019862713225472222,0.4535047939629309,0.08836521690501152,-0.2045972916910366,0.006979690357924506,-0.34234006953372065,-0.37081048648621445,0.5529078600966897,-3.337486246580103,-3.835073494827091,-0.8352061294484545,0.05062087487772383,-0.0014445885792063315
1.6,-0.011136443473100142,1.502376696396346,-1.0001470464884037,-0.5398912848142459,-0.001149759109500579,-4.9111348200967284e-05,0.10563631931555315,0.13808069168048132,0.15365479967738252,0.039622003439915676,0.009531333475609707,-0.00020782531233418024,0.3919591901671251,0.0254836439041087,-0.3054929976176856,-0.013275808295011293,-0.3334304573789735,-0.2998980166254934,0.5606417382330642,-3.377191025279754,-3.860745216626496,-0.8426726009873489,0.05082883666640458,-0.0014999553604816622
1.61,-0.010059312753287352,1.503751384599033,-0.9986385549635756,-0.5395014349366737,-0.0010534338400992442,-5.1260930572723175e-05,0.10771307198127902,0.13746882026868074,0.15084915248280772,0.03898498775721563,0.009632526940133468,-0.0002149582371755889,0.328489871792259,-0.0371380536427473,-0.40485361042439977,-0.033521015595606274,-0.3221058594123001,-0.2266794815648657,0.5660191649193033,-3.419464377831704,-3.8899162632652935,-0.851015241530526,0.05083203914230566,-0.0015450760856738075
1.62,-0.008965847397922664,1.5051138956445849,-0.9971654146194162,-0.5391198208265151,-0.0009564743250410925,-5.346052314617816e-05,0.10934653553646871,0.13625110455519288,0.1473140344159296,0.038161411015862734,0.009695951505815165,-0.0002199592573454981,0.26335069451225795,-0.09918850068903855,-0.5021638233195151,-0.053646942067381076,-0.3084496338366447,-0.15170862647599018,0.5690044093834606,-3.4640891431843848,-3.922439178140407,-0.8601924502327956,0.05063132868307616,-0.0015795754038421185
1.6300000000000001,-0.007860570222683112,1.506458268119201,-0.9957347397530812,-0.5387482661370665,-0.0008592589986490044,-5.5688323065024385e-05,0.11052771752395517,0.134437247461603,0.14306748663349209,0.03715546894486085,0.009721532639208809,-0.00022277999188462239,0.19680893589720674,-0.16036580534460082,-0.5969181280949563,-0.07354295207849049,-0.29256540196422187,-0.07555415402024501,0.5695725092354633,-3.5108427448322765,-3.958150092134498,-0.8701586920058033,0.050228395909042836,-0.001603169691251127
1.6400000000000001,-0.006748075401438849,1.5077786660376975,-0.9943534271577068,-0.5383885430155301,-0.0007621656523674988,-5.792223112666712e-05,0.11124948212442629,0.13203979184965817,0.13813125953744154,0.03597231215364604,0.009709334628150563,-0.00022339080616427367,0.12914423867963473,-0.22037927372990196,-0.6886236721495217,-0.09309757177704592,-0.2745761264300191,0.0012046214984425263,0.5677096222767869,-3.55949844289531,-3.9968695385585846,-0.8808647166501997,0.04962576816358335,-0.0016156696769939805
1.6500000000000001,-0.005633009127470434,1.5090694059842849,-0.9930281201382932,-0.5380423628140142,-0.0006655700474817491,-6.01400425017371e-05,0.11150662739684154,0.1290739946587249,0.13253070194135755,0.03461802015158755,0.009659560488574971,-0.00022178113750699757,0.06064736793084321,-0.27895093263597254,-0.7768030587521223,-0.11219934419170041,-0.2546229932359265,0.07798222883540251,0.563413308318581,-3.609826495999217,-4.03840334010515,-0.8922577930198046,0.04882679753030503,-0.0016169822944427374
1.6600000000000001,-0.004520049593631082,1.5103249828682572,-0.9917651738463107,-0.5377113671168416,-0.0005698445333593495,-6.23196391464943e-05,0.11129595338393519,0.1255576883972418,0.12629462919825762,0.0330995697172593,0.009572551412239956,-0.00021795966447572078,-0.00838120190105054,-0.33581684933920597,-0.8609970698153735,-0.13073772086552227,-0.23286411607728652,0.15419156741025347,0.5566927366785562,-3.6615952271502255,-4.08254356389488,-0.9042819574013459,0.047835644461967225,-0.0016071117336852161
1.67,-0.0034138863942474577,1.5115400941877162,-0.9905706221361349,-0.5373971191389232,-0.0004753566760740119,-6.443918231606459e-05,0.11061631993836239,0.12151113194588738,0.11945517101757509,0.03142479779184041,0.009448785728533762,-0.0002119543169570288,-0.07763285117220307,-0.3907282419590076,-0.9407672909749287,-0.14860397844788675,-0.20947308299503087,0.22924847103523077,0.5475688161950535,-3.7145719904894863,-4.129069540498902,-0.9168782752870953,0.04665725715956397,-0.001586159676723865
1.68,-0.0023191994615495183,1.5127096627141932,-0.9894501461375454,-0.5371010955477359,-0.00038246790247461776,-6.647730357045048e-05,0.10946869326979394,0.11695685264769816,0.11204759985894659,0.029602359118726627,0.00928887735993941,-0.0002038121254385899,-0.14679250925892928,-0.44345237786693226,-1.0156986195597157,-0.16569214789578357,-0.18463736641892947,0.30257627048675306,0.5360742457462012,-3.768524038442147,-4.177748942623058,-0.9299851157050187,0.045297346895796224,-0.001554324704263127
1.69,-0.001240637657834705,1.5138288575305976,-0.9884090447281236,-0.5368246787587658,-0.0002915321648984753,-6.841329266244484e-05,0.10785618037148131,0.11191948164044808,0.1041101409421836,0.02764167889700986,0.009093573757614248,-0.00019359890919943578,-0.21554045608836658,-0.4937732617623622,-1.0854016370570287,-0.18189994342403004,-0.15855661813149546,0.3736103174808926,0.5222534843578814,-3.8232192912867093,-4.2283389189485,-0.943538437250802,0.04376235952369072,-0.0015119008703272391
1.7,-0.00018279715132250548,1.5148931133739032,-0.9874522070775779,-0.5365691497511733,-0.0002028946317923561,-7.02272807072994e-05,0.10578405065121996,0.10642558433055926,0.09568376505457585,0.025552900759250537,0.00886375331061192,-0.00018139880448545562,-0.283554207448346,-0.5414921190210505,-1.1495148289000743,-0.19712967810310555,-0.1314408706560708,0.4418024327737428,0.5061626409975992,-3.878427013509855,-4.280587278431094,-0.9574720849375397,0.04205944344729797,-0.0014592754486472933
1.71,0.0008498002912886355,1.5158981482520817,-0.9865840874229095,-0.5363356814469395,-0.00011689040949980627,-7.190041705849912e-05,0.1032597442611141,0.10050348781784076,0.08681196546683671,0.023346830423376205,0.008600422229254983,-0.0001673136351199723,-0.3505104604149293,-0.5864276837050999,-1.2077066358212534,-0.2112891529717844,-0.1035086661021487,0.5066252415942765,0.48786928506023464,-3.9339184034345207,-4.33423372016911,-0.9717180969416569,0.04019641435673089,-0.0013969258626409333
1.72,0.0018527289591720806,1.516839979321676,-0.9858086822190479,-0.536125332692899,-3.38433004018219e-05,-7.341503835238812e-05,0.10029286678834451,0.09418310695943666,0.07754052038615958,0.021034875404059628,0.008304710909798436,-0.00015146212938890093,-0.41608707573719744,-0.6284163041027769,-1.2596773225715387,-0.2242925067947894,-0.07498513268239959,0.5675763604119284,0.46745217934195454,-3.9894671044752323,-4.389011103753063,-0.9862070202777677,0.03818171704435745,-0.0013254158187787333
1.73,0.0028216806604827,1.5177149370278087,-0.9851295097942693,-0.5359390428808974,4.593539753401341e-05,-7.475482823667447e-05,0.0968951701310619,0.0874957706132659,0.06791724247786371,0.018628981200156422,0.00797786979358353,-0.00013397898842863536,-0.47996507506779923,-0.6673118817575538,-1.3051606514906284,-0.23606101407889302,-0.04610002801851598,0.624182400143729,0.44500093796385354,-4.044849647952106,-4.4446467548132365,-1.0008682343811475,0.03602438462334885,-0.0012453906710800508
1.74,0.0037524858558434715,1.5185196775221117,-0.9845495926235182,-0.5357776272368837,0.00012214804492580433,-7.590496636386114e-05,0.09308051953607716,0.08047404943031236,0.0579917170751165,0.01614156440137525,0.007621264739179092,-0.00011501381271866608,-0.5418306324224237,-0.7029856625764996,-1.3439253501774515,-0.2465238197000268,-0.017085767080704972,0.6760027523026629,0.42061561224860183,-4.099845838658951,-4.500863800279718,-1.0156302815150524,0.03373399546509462,-0.0011575720522969584
1.75,0.004641134324998545,1.5192511933858743,-0.9840714423158319,-0.535641772805093,0.00019451176422984875,-7.685226531011516e-05,0.08886484691550735,0.07315158637626944,0.047815030768625574,0.013585443179076288,0.007236371930404441,-9.472989462540199e-05,-0.6013770410804478,-0.735325900714789,-1.3757763643330407,-0.25561859944692067,0.011824548760704268,0.7226331262730876,0.3944062079797211,-4.154239095314355,-4.55738252766818,-1.0304212028524649,0.03132062815970883,-0.0010627518149161782
1.76,0.005483795231860093,1.5199068226954895,-0.9836970473945853,-0.5355320351486648,0.0002627594876951926,-7.758529417255216e-05,0.08426609068615482,0.06556293096152055,0.03743949212465843,0.010973765642815362,0.0068247723465343834,-7.330288624369946e-05,-0.6583066391823665,-0.7642374174699723,-1.4005558887029876,-0.263292136910243,0.04039908646840962,0.7637088078566499,0.3664921377983013,-4.20781675861767,-4.613921762504451,-1.0451688790093434,0.028794814785747486,-0.0009617853323256189
1.77,0.006276836456732452,1.520484256474987,-0.9834278639313836,-0.535448835783106,0.00032664094592884795,-7.809448770278038e-05,0.0793041224872359,0.0577433779497379,0.02691834632017482,0.008319936555875304,0.006388145823365537,-5.091935302282234e-05,-0.7123326794151855,-0.789641078352883,-1.4181441708892972,-0.26950080849820424,0.06840920605914214,0.7989076114549014,0.3370016127348273,-4.2603703798818815,-4.670200257805222,-1.0598013737308931,0.026167492753306557,-0.0008555842172492397
1.78,0.007016843069023449,1.5209815445860375,-0.9832648090762998,-0.5353924603540098,0.0003859235932807561,-7.83722399510679e-05,0.07400066122909969,0.0497288111050629,0.0163054855083833,0.005637542909623729,0.005928264735190815,-2.777522482875114e-05,-0.763181130288425,-0.8114732118224735,-1.428460084633801,-0.27421096978429294,0.09563134269241225,0.8279525007198312,0.3060709770560965,-4.311696003126606,-4.7259380893446785,-1.0742472793555031,0.023449955460907668,-0.0007451085207524765
1.79,0.007700634819108967,1.5213971001093514,-0.9832082575089303,-0.5353630575654281,0.00044039346656228617,-7.841298152276615e-05,0.06837917500855178,0.041555552331382244,0.005655156736951631,0.0029402788581615134,0.0054469873281530095,-4.074157169824741e-06,-0.8105923984842864,-0.8296849928764668,-1.431461470956143,-0.2773992379881083,0.12184883451053263,0.8506138552015725,0.27384399075217397,-4.361594453097313,-4.7808580502621165,-1.088436062604955,0.020653801983014124,-0.0006313584806709682
1.8,0.008325282534076925,1.5217297022729501,-0.983258040816581,-0.5353606388603124,0.0004898559739126925,-7.821323968559923e-05,0.06246477149679587,0.03326021635988378,-0.004978330765074167,0.00024187051156943518,0.0049462507350406335,1.9974183716692425e-05,-0.8543229635209327,-0.8442418138027508,-1.4271452472532389,-0.2790526670355371,0.14685368540133492,0.866711363424351,0.24047106411910474,-4.409871640947019,-4.834687038408142,-1.1022984091762273,0.017790885983513152,-0.000515365893138097
1.81,0.008888123308735354,1.5219784979825275,-0.9834134497879435,-0.535385078849529,0.0005341366109177256,-7.77716807119292e-05,0.05628407746584288,0.024879570957743583,-0.015540897136255232,-0.0024439989216602912,0.004428063700503313,4.4155897367002876e-05,-0.8941469174279301,-0.8551226629530291,-1.415547286124597,-0.27916881333287513,0.1704482524277151,0.8761155259081297,0.20610844903060868,-4.45633889829579,-4.88715742969236,-1.1157665655418978,0.014873264032663877,-0.00039818518491454994
1.82,0.009386774390444668,1.522143002007186,-0.9836732395930103,-0.5354361164811735,0.0005730816013585495,-7.708913399282968e-05,0.04986510817093145,0.016450402465861016,-0.0259789805066828,-0.005103763164451972,0.0038944990440823854,6.82546719099525e-05,-0.9298574032426983,-0.8623195304479373,-1.396742067259525,-0.27775569211994444,0.1924468480154542,0.8787487548952531,0.1709173916543813,-4.500813349096245,-4.938008430588605,-1.1287746763047242,0.01191314349215505,-0.00028088426740157844
1.83,0.009819145663971419,1.522223095870494,-0.9840356378028424,-0.5355133569372804,0.0006065584602243548,-7.616859761932637e-05,0.043237127352675146,0.008009386330798618,-0.03623982098320674,-0.007724045610687672,0.0033476858865805407,9.205363735033026e-05,-0.9612679468708228,-0.8658368573299035,-1.3708421072143178,-0.27483162594509913,0.21267724714046476,0.8745860609082795,0.1350632515692875,-4.543118327209942,-4.98698740287995,-1.1412591153994487,0.008922830125960058,-0.00016453525550750935
1.84,0.010183450650630775,1.52221902549228,-0.9844983551862597,-0.5356162742405962,0.0006344564768578355,-7.50152252889848e-05,0.03643049866593562,-0.00040703782139324754,-0.04627173834173234,-0.01029173033158371,0.0027898016633480676,0.00011533723303415723,-0.988213677208867,-0.8656910419156683,-1.337997173313062,-0.27042498845291085,0.23098208974118695,0.8636553197254603,0.09871459248679004,-4.583083845872349,-5.033851153690239,-1.1531588093929717,0.005914675594116295,-5.020513590869044e-05
1.85,0.010478215944483655,1.5221313976211637,-0.985058599204688,-0.5357442145498861,0.0006566871163204202,-7.363629456155447e-05,0.029476529385288087,-0.00876278711162998,-0.056024401842821966,-0.012794030928991125,0.0022230639462584656,0.0001378930727430332,-1.0105524294271273,-0.8619100140484404,-1.298393289213381,-0.26457384825807484,0.2472201684472326,0.8460371168771531,0.06204225007566857,-4.620547123328934,-5.078367183856083,-1.1644155511044396,0.0029010249924572976,6.105353031127172e-05
1.86,0.010702289017298774,1.5219611750917903,-0.9857130901113625,-0.5358964001183019,0.0006731843372672995,-7.204115665396955e-05,0.022407307281511826,-0.017022252937346972,-0.06544909066745788,-0.015218556841573107,0.0016497220946879371,0.00015951379075849196,-1.0281657259989236,-0.8545328846995207,-1.2522515409140806,-0.25732551910596335,0.26126759152298007,0.8218641703140303,0.025218382729343618,-4.655353166899674,-5.12031488774752,-1.174974301750804,-0.00010583538669731705,0.00016821178614409473
1.87,0.010854844333413015,1.5217096709344033,-0.9864580795469581,-0.5360719338856842,0.0006839048248161528,-7.024116813097791e-05,0.015255531611424063,-0.025150415738690122,-0.0744989435595549,-0.017553376738230084,0.0010720487548853217,0.00017999885229916376,-1.0409596295075072,-0.8436096750056352,-1.1998266931081902,-0.24873602389285399,0.27301881073751133,0.7913203354209373,-0.011584488510073857,-4.68735541561365,-5.159486697750383,-1.1847834798223158,-0.003093729880627593,0.00027027325515563134
1.8800000000000001,0.01093538772556862,1.5213785413580463,-0.9872893715105546,-0.536269804672321,0.0006888281370848981,-6.824960501132182e-05,0.008054339215560511,-0.03311295763570943,-0.08312919635964977,-0.019787078663676346,0.000492331226874527,0.00019915631196560897,-1.0488654605474268,-0.829201125448342,-1.1414056268414032,-0.238869481265656,0.28238750376420896,0.7546392000444567,-0.04819444426340842,-4.716416439391049,-5.195689166781542,-1.1937952349070127,-0.006050644655440071,0.0003662828351710921
1.8900000000000001,0.010943758993318087,1.5209697776226194,-0.9882023455727456,-0.5364888929386545,0.000687956764270731,-6.608155996903359e-05,0.0008371267749467401,-0.04087637354269459,-0.09129740621908819,-0.021908826633351877,-8.713728141670845e-05,0.00021680450422882237,-1.0518403732602442,-0.8113785825686642,-1.0773056103935545,-0.22779742454035645,0.28930730074979927,0.7121022806013297,-0.08444112836251597,-4.74240869057875,-5.228743982421589,-1.2019657047143297,-0.008964778040810617,0.0004553350314321705
1.9000000000000001,0.010880132696707871,1.5204856968095188,-0.9891919821866946,-0.5367279770727394,0.0006813160993538262,-6.375382346337051e-05,-0.006362629661021625,-0.04840808131006019,-0.09896366139489914,-0.02390841340848634,-0.0006640664916904804,0.00023277365056630764,-1.049867780311149,-0.7902239574486678,-1.007872416163191,-0.21559806352252409,0.2937323449500253,0.6640368336352875,-0.12015669927031303,-4.765215301510771,-5.258488906519156,-1.2092552535957775,-0.01182458973772525,0.0005365818554132009
1.9100000000000001,0.010745017129706921,1.519928931495887,-0.9902528899431079,-0.5369857401649064,0.0006689543197431788,-6.1284749777578e-05,-0.01351155670009499,-0.055676531363173215,-0.10609077564133539,-0.025776309216696023,-0.0012361779610647432,0.00024690736857925114,-1.0429576185327274,-0.7658297472603801,-0.9334782971201805,-0.20235550040575578,0.2956376778617642,0.6108133003484894,-0.15517676369617267,-4.784730919708836,-5.284778634447076,-1.2156286909254777,-0.014618848612800172,0.000609240220108815
1.92,0.01053925147024197,1.5193024183338468,-0.991379334606444,-0.5372607772270928,0.0006509421794476151,-5.869410908449083e-05,-0.020576565946495137,-0.06265131620402709,-0.1126444663336085,-0.027503706218637618,-0.001801214029556366,0.0002590640693087173,-1.031146446140835,-0.7382991085472637,-0.8545198370538241,-0.18815891138754726,0.295019440148816,0.5528424046318741,-0.18934128449923548,-4.800862570403614,-5.307485568571834,-1.221055467784971,-0.017336678771783073,0.0006725987678822781
1.93,0.01026400111671657,1.5186093855336569,-0.9925652697622597,-0.5375516028126582,0.0006273727116595726,-5.6002926784502796e-05,-0.027525035352539858,-0.06930328001899769,-0.11859351558157091,-0.02908255855654249,-0.0023569467788042493,0.00026911822999880336,-1.014497362463694,-0.7077459686251243,-0.7714156894245239,-0.17310170582409157,0.2918948808971642,0.4905719279301715,-0.2224954548498052,-4.813530534284538,-5.326500500932579,-1.225509850494904,-0.019967603588682627,0.0007260240728129617
1.94,0.009920751234469826,1.517853339248679,-0.9938043688994077,-0.5378566589912139,0.0005983608419889741,-5.3233311477307214e-05,-0.03432498822467452,-0.07560462849777676,-0.12390991371480536,-0.03050561785556714,-0.0029011869670598433,0.0002769615307195585,-0.9930997416053946,-0.6742951596148098,-0.6846042200768898,-0.15728067478043428,0.2863021693710195,0.424483186895306,-0.25449053063042765,-4.822669226814911,-5.341733200611279,-1.2289710696503109,-0.02250158735742019,0.0007689661658192273
1.95,0.009511298549680152,1.5170380488604895,-0.995090058745854,-0.5381743236320481,0.0005640429129836566,-5.040827303181671e-05,-0.04094526847896739,-0.08152903881895548,-0.1285689846446228,-0.03176646408342024,-0.003431792900531754,0.0002825038445490503,-0.9670687724545498,-0.6380825581860428,-0.5945410694174662,-0.14079514060623577,0.2783000054816731,0.3550872421749032,-0.28518461322478456,-4.828228064115807,-5.353112901807816,-1.2314234434454918,-0.02492907423146741,0.0008009633375708454
1.96,0.009037741442605602,1.5161675311644813,-0.9964155536731706,-0.5385029189491215,0.0005245761210232764,-4.7551532307737107e-05,-0.04735571070745497,-0.08705176960082178,-0.13254949273166117,-0.032859531707339074,-0.003946679196038029,0.0002856740724079601,-0.9365447989937331,-0.5992552131241855,-0.5016966498679997,-0.1237461187881248,0.26796702761162283,0.28292086885661294,-0.3144433751806194,-4.830172299360377,-5.360588689208364,-1.2328564742180275,-0.02724102412486797,0.0008216461812535171
1.97,0.008502468406600464,1.5152460334599214,-0.9977738909822601,-0.5388407202603198,0.00048013786717469994,-4.46873241564847e-05,-0.053527303600513776,-0.09214977045599812,-0.13583373090894704,-0.03378013111983325,-0.004443825384857641,0.0002864208151252404,-0.9016924569827989,-0.5579714423423217,-0.4065535944846297,-0.10623550273574844,0.25540101922816794,0.20854232101920744,-0.342140721752363,-4.828483812858561,-5.364129777847076,-1.2332649172981134,-0.02942894526616252,0.0008307408445168923
1.98,0.007908144953844502,1.5142780155536228,-0.9991579668815429,-0.5391859649136735,0.00043092502414499283,-4.184019538776e-05,-0.05943234527559611,-0.09680179062986168,-0.13840758992828542,-0.03452446533537073,-0.004921284302970708,0.0002847128768724702,-0.8626996057700032,-0.514400880954527,-0.3096041725763033,-0.08836528138114819,0.24071791881436022,0.13252692453296921,-0.36815938203280013,-4.823161838575611,-5.363725685304168,-1.2326488214179048,-0.031484923125465476,0.0008280714673387767
1.99,0.007257699062917555,1.513268130693129,-1.0005605729686584,-0.5395368613335643,0.0003771531220566678,-3.9034799430571396e-05,-0.06504458909269474,-0.10098848604938684,-0.1402606087115547,-0.03508964198907611,-0.005377190208832501,0.00028053959571886064,-0.8197760571879267,-0.46872446248830285,-0.2113476879472152,-0.07023679856481668,0.22405064097342242,0.0554625336846859,-0.3923914242657978,-4.814223609734595,-5.359386294751607,-1.2310135401145428,-0.03340164547419366,0.0008135617899867892
2.0,0.006554305276970938,1.5122212054534783,-1.0019744330276272,-0.539891598140517,0.0003190554563893091,-3.629568944347921e-05,-0.07033937859466172,-0.10469252396508828,-0.14138600589688047,-0.03547368069527453,-0.005809766566735872,0.0002739109987092184,-0.7731521071458559,-0.42113431622890846,-0.11228787504418258,-0.05195006211458053,0.20554772002925903,-0.022055111619005974,-0.4147386909807112,-4.801704906415717,-5.351141808044513,-1.2283697137485268,-0.03517242338616547,0.0007872359226746444
2.0100000000000002,0.005801367573990545,1.5111422186111003,-1.0033922399553448,-0.5402483532989981,0.00025688212206970384,-3.3647111638144175e-05,-0.07529377029803934,-0.10789868423780062,-0.1417806927717453,-0.03567551584810982,-0.006217333431960524,0.0002648577805335037,-0.7230768795379795,-0.3718335650275807,-0.012930307801557135,-0.033603109328539604,0.1853717909457342,-0.09942709040897524,-0.43511315078286183,-4.785660488689851,-5.339042588755006,-1.22473322195445,-0.03679120804695161,0.0007492182758192142
2.02,0.005002501142206742,1.5100362790490263,-1.004806692634145,-0.5406053032486816,0.00019089897833436692,-3.111280057295606e-05,-0.07988664317838029,-0.11059395620741376,-0.14144526788003392,-0.03569499496834398,-0.0065983143735336945,0.00025343110651881117,-0.6698164963204731,-0.321036009627044,0.08622016465416643,-0.01529143432886848,0.16369792580348674,-0.1760560286768439,-0.45343716494531183,-4.766164399807686,-5.323158895749027,-1.2201251065421956,-0.038252603303965994,0.0006997326569394124
2.0300000000000002,0.004161513203776647,1.508908602749173,-1.0062105325709156,-0.540960631975878,0.00012138654961697143,-2.8715778149831506e-05,-0.08409879384300957,-0.11276762998532863,-0.14038399367706786,-0.03553287271962978,-0.0069512428717395484,0.0002397022423124557,-0.6136520919230825,-0.26896568762533296,0.18466194202578362,0.002892518617231832,0.14071184727818897,-0.2513508122259393,-0.46964366834104404,-4.743310125301074,-5.303580508608995,-1.2145714650717452,-0.03955187396097869,0.0006391005471391832
2.04,0.003282383038152336,1.5077644889397854,-1.0075965801277684,-0.5413125399832179,4.863886831036532e-05,-2.6478158007643248e-05,-0.08791301656243108,-0.11441138093874748,-0.1386047556852861,-0.03519080073399272,-0.007274768130660611,0.00022376201421882573,-0.5548776943870701,-0.21585629755449248,0.28189914405350563,0.02085979306564037,0.1166080434299479,-0.3247312456613445,-0.4836762656926844,-4.717210595521419,-5.280416246898868,-1.2081033155318546,-0.04068494989531717,0.0005677385767327635
2.05,0.002369241362787945,1.5066092954789359,-1.0089577701744983,-0.541659253117217,-2.70377342005191e-05,-2.442095695080565e-05,-0.0913141675364391,-0.1155193460849591,-0.13611900467297655,-0.03467131339990319,-0.007567660251088442,0.00020572010568376,-0.49379799958691173,-0.16195048114805155,0.377444017334246,0.0385252883199525,0.09158781052473186,-0.39563261909741543,-0.49548924555693513,-4.687998021117979,-5.253793385947831,-1.20075643276027,-0.04164842615156397,0.0004861552258576037
2.06,0.0014263492328026577,1.5054484135680462,-1.0102871869988896,-0.541999031214989,-0.00010532588136154871,-2.256391498209631e-05,-0.0942892129985287,-0.11608819108896008,-0.13294168243913426,-0.03397780977720646,-0.007828814716102962,0.00018570419687093386,-0.430726068419412,-0.10749895964605627,0.4708192672274226,0.05580805734675809,0.06585725243962726,-0.463510144744918,-0.5050475158593861,-4.6558235532133505,-5.223856972487184,-1.1925711574486835,-0.04243955923951189,0.0003949467818427861
2.07,0.0004580766227296651,1.504287241902456,-1.0115780983172806,-0.5423301765331029,-0.0001858984428655584,-2.0925325425807843e-05,-0.09682726100729926,-0.11611716655902422,-0.1290911318391058,-0.033114531811388896,-0.008057256150400966,0.00016385895562884658,-0.3659809797610085,-0.052759522886111826,0.5615603054288701,0.07263153604612782,0.039625266375612256,-0.5278432264663675,-0.5123264661091563,-4.620856762527055,-5.1907690441074,-1.183592178777498,-0.04305625993390467,0.0002947925906303997
2.08,-0.000531119147570985,1.5031311603788302,-1.0128239882345642,-0.5426510419233561,-0.00026841985611439345,-1.9521876531904112e-05,-0.098919577030065,-0.11560815236257965,-0.12458899172835144,-0.03208653902531867,-0.008252141324883508,0.000140344889390373,-0.299885474142138,0.0020041271110460856,0.6492174049308009,0.08892370652132797,0.013101545022955463,-0.5881395266572698,-0.517311762610834,-4.583284934384723,-5.15470775710257,-1.1738682919214067,-0.043497082936573124,0.00018644964466165868
2.09,-0.0015367149844195225,1.5019855034914413,-1.0140185890099223,-0.5429600387220552,-0.00035254747001267986,-1.8368505845230152e-05,-0.10055958368485374,-0.11456568873888172,-0.11946007753579545,-0.030899679869916742,-0.008412761389828638,0.00011533706866739597,-0.23276362433389267,0.056523673387714336,0.7333577552351732,0.10461719815560144,-0.013505375037357492,-0.643938796437417,-0.5199990840163733,-4.543312179380994,-5.115866427833043,-1.1634521318548159,-0.043761213815647,7.074655432268173e-05
2.1,-0.0025541434370679053,1.5008555335607927,-1.0151559114919664,-0.5432556443212195,-0.00043793290334112145,-1.7478268507318363e-05,-0.10174284526483832,-0.11299699306486344,-0.11373224820441293,-0.02956055991642993,-0.008538543332844156,8.90237337911789e-05,-0.16493856928056896,0.11052761454216065,0.8135674118178413,0.11964933135642086,-0.039989990083633686,-0.6948164371198878,-0.5203938053901244,-4.501158362384236,-5.074452493259418,-1.1523998850641568,-0.04384845367953845,-5.142304571522673e-05
2.11,-0.0035788138162296526,1.4997464139484415,-1.016230274094523,-0.543536409391943,-0.0005242234100542068,-1.6862220533340442e-05,-0.10246703791617472,-0.11091196123512029,-0.10743626025567095,-0.02807650707235349,-0.008629050671308543,6.16047973977923e-05,-0.09673034697551718,0.16374281807857546,0.8894531349167305,0.13396210978661616,-0.0661516045024394,-0.7403867632653043,-0.518510639570904,-4.457057855523728,-5.030686396778214,-1.1407709809400401,-0.04375920207366996,-0.0001791076001376121
2.12,-0.004606132881913897,1.4986631824209944,-1.017236330191994,-0.5438009647319526,-0.0006110632440812832,-1.652931797471278e-05,-0.10273190656842436,-0.10832315274472497,-0.10060560974708495,-0.026455534000960765,-0.008683983402707634,3.329025586276614e-05,-0.02845385994161266,0.21589618357923218,0.9606441137446835,0.1475021676289785,-0.09179598058377272,-0.7803059403116909,-0.5143732449882186,-4.411258123726423,-4.984800405917899,-1.128627764774022,-0.043494438604202504,-0.00031130518815655566
2.13,-0.0056315249811018046,1.497610724833869,-1.0181690938209893,-0.5440480277111639,-0.0006980950165779517,-1.6486332740229085e-05,-0.10253920991879079,-0.10524575871254613,-0.09327636289952786,-0.024706297921131312,-0.008703177249666856,4.298523448369429e-06,0.03958299603898211,0.2667164002209263,1.0267935731365712,0.1602206791007772,-0.11673684227391054,-0.8142745727834295,-0.5080138092157114,-4.3640181542122,-4.937037368830993,-1.1160351544206433,-0.04305570379452795,-0.00044697146888347025
2.14,-0.006650451530507551,1.4965937493113621,-1.0190239635827307,-0.5442764082907655,-0.0007849610390684925,-1.6737785706814222e-05,-0.10189265494057462,-0.10169755225068464,-0.08548697617414099,-0.02283805796016237,-0.008686602249054076,-2.514529665851383e-05,0.10708101332952409,0.31593578096322794,1.0875802604644145,0.1720732378286991,-0.14079721620401087,-0.8420399223883772,-0.4994726174221782,-4.315606744055678,-4.887649416840994,-1.1030602828035436,-0.042445079666743546,-0.0005850279531749018
2.15,-0.007658429755675602,1.4956167611036626,-1.0197967446485203,-0.5444850145930438,-0.0008713046465264018,-1.7285897606485187e-05,-0.10079782251680516,-0.09769882076996204,-0.07727810657895508,-0.02086063022782829,-0.008634360745790928,-5.4811189967096606e-05,0.1737511422924481,0.36329215382016716,1.1427098113293,0.18301971400270212,-0.1638105976457408,-0.8633977388876117,-0.48879761451551096,-4.266300662424737,-4.836896620570632,-1.0897721285433686,-0.041665170511965964,-0.0007243705362839227
2.16,-0.00865105061455022,1.4946840383035702,-1.020483668778359,-0.5446728580007993,-0.0009567714951413395,-1.8130558030230027e-05,-0.09926208588746172,-0.09327228000924294,-0.06869241298385087,-0.018784340775556,-0.008546684861493776,-8.4466042374484e-05,0.2393157335834573,0.4085307890269388,1.1919159930947625,0.19302409726936443,-0.18562193363217283,-0.8781936904011421,-0.47604396918180847,-4.216382706358552,-4.7850456073892005,-1.0762411370635878,-0.04071908427089468,-0.0008638782241829861
2.17,-0.00962399585095049,1.4937996086057233,-1.0210814122705638,-0.5448390577668046,-0.0010410108302949838,-1.9269312743569067e-05,-0.09729452364002704,-0.0884429697847024,-0.05977434922048877,-0.016619976600534297,-0.008423933515364435,-0.00011387547133390393,0.3035095431134534,0.4514063396465439,1.234961825719983,0.20205433326674527,-0.2060884201802724,-0.8863243837632921,-0.4612736472214367,-4.166139670906148,-4.732368148071432,-1.062538834587177,-0.03961041489071456,-0.0010024219854325941
2.18,-0.010573054140619554,1.4929672272890158,-1.0215871117679884,-0.5449828451153172,-0.001123676721090321,-2.069736936375308e-05,-0.09490582896690646,-0.08323813167074436,-0.05056994974246825,-0.014378734851260943,-0.008266589079533718,-0.0001428056620184011,0.3660804964819357,0.4916847722525464,1.271640579612986,0.21008216140680336,-0.22508011517359305,-0.8877379695774723,-0.4445550006027771,-4.115860256068361,-4.679139720658607,-1.0487374374717242,-0.03834322595786033,-0.0011388736599566348
2.19,-0.01149413630921707,1.4921903565985775,-1.0219983778542017,-0.5451035668192048,-0.0012044292586212996,-2.2407621305999396e-05,-0.0921082168597516,-0.07768706904382147,-0.04112660862133023,-0.012072170388759662,-0.008075253753097866,-0.00017102519422463163,0.426790216369615,0.5291452637825792,1.30177665033484,0.2170829610777849,-0.24248037286925284,-0.882434330697784,-0.425962377524224,-4.065832934239308,-4.625638059555835,-1.0349094593425787,-0.03692203583036316,-0.0012721148560544838
2.2,-0.012383289617335841,1.4914721466971723,-1.022313306380772,-0.5452006882377722,-0.001282935716003839,-2.439068976688786e-05,-0.08891533081187694,-0.07182099014052362,-0.03149285265703229,-0.009712141856745383,-0.007850645738253918,-0.00019830684608884616,0.4854143229258578,0.5635820404909595,1.325226309964116,0.2230356128513158,-0.2581861100139793,-0.8704648568935637,-0.405575757530739,-4.016343802701028,-4.5721416978889895,-1.021127318473171,-0.0353518044107583,-0.0014010457674338075
2.21,-0.013236711121928563,1.4908154183471862,-1.0225304874746521,-0.5452737958019186,-0.001358871668986151,-2.6634983377955024e-05,-0.08534215045927226,-0.06567283499860713,-0.021718109388020275,-0.007310756414632372,-0.007593595298231212,-0.00022442936110671644,0.5417425233599884,0.5948061351398907,1.3418783347921361,0.2279223805247632,-0.2721079170685319,-0.8519318123791882,-0.38348041441055103,-3.9676744461691724,-4.518928511083106,-1.0074629478290176,-0.03363792161339469,-0.0015245938429893817
2.22,-0.01405076013606009,1.4902226474735785,-1.0226490121826182,-0.5453225989348148,-0.0014319220766886315,-2.9126775032460913e-05,-0.08140490141315274,-0.059277087360775645,-0.011852470796598019,-0.004880313289627982,-0.007305040770248052,-0.00024917916545058887,0.595578512521923,0.6226470391521961,1.3516545087764713,0.23172881896867992,-0.2841700309410129,-0.8269873066375277,-0.35976660823899453,-3.920099834408533,-4.466274269513873,-0.9939874101379368,-0.031786197491120056,-0.0016417222434807898
2.23,-0.01482196981934767,1.4896959517453512,-1.0226684767178222,-0.5453469313978985,-0.0015017823226658857,-3.1850295263990315e-05,-0.0771209683287581,-0.05266957282273486,-0.001946453520396331,-0.0024332463083632204,-0.006986024597725407,-0.00027235202315294,0.6467397110346725,0.6469542273956814,1.3545100018569887,0.2344437117675131,-0.2943101878294616,-0.795831882476181,-0.3345293065791312,-3.8738862795337097,-4.414451207928213,-0.98077052027479,-0.029802853898471766,-0.0017514380211735155
2.24,-0.015547057939581579,1.4892370792983896,-1.0225889842818277,-0.5453467520536448,-0.0015681592170139142,-3.478784143763731e-05,-0.07250881202339077,-0.04588724469616358,0.007949243599461772,1.7934425372497908e-05,-0.006637689434802849,-0.0002937546173646996,0.6950568713554404,0.6675985345676241,1.350433621863616,0.2360590415727355,-0.30247937623519805,-0.758712738470291,-0.30786793353056396,-3.8292894767889343,-4.363726619132434,-0.9678804771560346,-0.02769451748439644,-0.0018527999608956621
2.25,-0.016222936851675078,1.4888473997060816,-1.0224111444440434,-0.5453221450383227,-0.001630771960646441,-3.7919901903579924e-05,-0.06758789120934991,-0.038967959230802506,0.01778398377842443,0.0024607015322177074,-0.006261274363252673,-0.0003132060465942611,0.7403735848640568,0.6844733637765221,1.3394479383391698,0.23656999495690734,-0.30864151089817105,-0.7159216058287805,-0.2798861440751633,-3.7865526513777645,-4.31436147921042,-0.95538350722926,-0.02546821372977798,-0.0019449260238160939
2.2600000000000002,-0.016846722743202407,1.488527897286131,-1.0221360700693147,-0.5452733193397852,-0.0016893530731232245,-4.122529415938573e-05,-0.06237858915273287,-0.03195024199505884,0.027507437472855046,0.004882569853746921,-0.005858111247678361,-0.0003305392255805809,0.7825457246279912,0.6974957098580724,1.3216092762043874,0.23597500235883295,-0.31277304834817654,-0.667792302230845,-0.25069162003477835,-3.7459048323111954,-4.266609111263795,-0.9433435215176751,-0.023131361676102143,-0.002027000338551835
2.27,-0.017415744196356154,1.488279166812643,-1.0217653717935955,-0.5452006077773048,-0.0017436492855228232,-4.468131597184645e-05,-0.056902145315374505,-0.024873047348814074,0.0370698275719297,0.007271156248035548,-0.005429621239959868,-0.0003456021812460712,0.8214408588347707,0.7066069821836545,1.2970075768178972,0.2342758125296447,-0.31486256398567214,-0.6146979873048545,-0.22039588296185683,-3.7075592722919852,-4.220713894364272,-0.9318217880413147,-0.020691768933615993,-0.0020982796879416518
2.2800000000000002,-0.017927550114282,1.4881014116821107,-1.0213011500571512,-0.5451044653825498,-0.0017934223998112594,-4.826390832191528e-05,-0.051180591792584655,-0.017775513053223706,0.0464221736444277,0.009614239475509795,-0.004977311428843635,-0.00035825923500688335,0.8569376690299518,0.7117736141946397,1.2657661236839668,0.23147759966975112,-0.3149103091763603,-0.5570481461496004,-0.18911411845540949,-3.671712030391465,-4.176910024079026,-0.9208766212878359,-0.018157626512194533,-0.0021580994439498184
2.29,-0.018379917055596256,1.4879944445606283,-1.0207459847146554,-0.5449854671830271,-0.001838450115970646,-5.1947828957767334e-05,-0.045236694131425496,-0.010696712148228465,0.055516534249583166,0.011899819952264025,-0.0045027716159386465,-0.00036839206358520556,0.8889254053074824,0.7129874495901215,1.2280411298393872,0.2275891002906656,-0.31292776483927165,-0.4952853286355087,-0.15696500575377112,-3.6385407317462533,-4.13542033057657,-0.910563090248587,-0.01553750298727985,-0.002205878907655555
2.3000000000000003,-0.018770856014695133,1.487957690517752,-1.0201029222518363,-0.5448443053916953,-0.0018785268278277846,-5.570683527143135e-05,-0.03909389590988767,-0.0036754042876262433,0.0643062462819176,0.01411617913318234,-0.004007671185713859,-0.0003759006313664017,0.9173034075690151,0.7102658979715103,1.1840211838544876,0.22262277571349554,-0.3089372055287014,-0.42988167319016257,-0.12407054601872693,-3.6082035157545898,-4.096455159945568,-0.9009327463723997,-0.01284033749772685,-0.002241126016098098
2.31,-0.0190986186775188,1.4879901926302261,-1.019375460649027,-0.5446817860089758,-0.001913464388076691,-5.9513875154124974e-05,-0.03277626628236663,0.003250211247406885,0.07274616028091571,0.016251938271947184,-0.003493756024890646,-0.00038070398826936237,0.9419807180322489,0.7036518557677668,1.1339265514208667,0.21659499507335855,-0.30297128516447636,-0.3613352443919411,-0.09055588250407698,-3.5808381813390087,-4.060211323965975,-0.8920333726228261,-0.010075431072732484,-0.0022634413828394196
2.32,-0.019361703173079472,1.48809062001656,-1.0185675319430372,-0.5444988248460776,-0.0019430928424398082,-6.33412844346011e-05,-0.026308449556067284,0.010042738633378834,0.08079287059899877,0.018296116289815582,-0.002962845436311731,-0.0003827409280476135,0.9628758054897536,0.6932133913831073,1.0780083296946024,0.2095262327779901,-0.29507265247022696,-0.2901662140052328,-0.05654910580091898,-3.5565615348193704,-4.026871123162415,-0.8839087546563357,-0.0072524358012784436,-0.002272521644423851
2.33,-0.019558859330678514,1.4882572782414851,-1.0176834825501673,-0.5442964429813741,-0.001967261132282666,-6.716098946367672e-05,-0.019715615759904197,0.016665822492513156,0.08840493928698186,0.02023818647034269,-0.0024168289842857764,-0.00038197050290756247,0.9799164165811227,0.6790431966846479,1.01654745193301,0.20144127354318808,-0.28529360094780465,-0.21691291512738142,-0.02218103757124701,-3.5354689428673263,-3.9966014475470075,-0.8765984749717279,-0.004381341389214103,-0.002268162090401467
2.34,-0.01968909344172192,1.4884881220079345,-1.0167280514249004,-0.5440757616645386,-0.001985837764310698,-7.094471337682436e-05,-0.013023411104340656,0.02308437664494363,0.09554311252669294,0.022068131683555155,-0.0018576632028032025,-0.000378372391314763,0.9930395637405455,0.661257810129586,0.9498535405142612,0.19236941747154557,-0.2736957549742751,-0.14212779893162664,0.012415013385855668,-3.517634089948314,-3.969552959024031,-0.8701377307164199,-0.001472458695279754,-0.0022502585601805614
2.35,-0.01975167251380509,1.4887807700336553,-1.015706346140728,-0.5438379966862295,-0.001998711445261092,-7.466418454536915e-05,-0.006257907208316812,0.029264802572090264,0.10217052841724178,0.023776497830915913,-0.0012873680950394005,-0.00037194711685448016,1.002191653720895,0.63999661997372,0.878263607163948,0.18234467713139502,-0.2603497904598795,-0.06637332311468191,0.047103528258121065,-3.503108936660603,-3.9458593589847824,-0.8645571756754069,0.001463600103448099,-0.0022188085956236577
2.36,-0.019746127993680692,1.489132521990177,-1.0146238169916666,-0.5435844522343064,-0.002005791678783636,-7.829134571551329e-05,0.0005544520124399566,0.035175195652180045,0.10825291490614204,0.0253544451923088,-0.0007080233522543956,-0.0003627161170144131,1.007328754873,0.615420659054491,0.8021406001275536,0.17140595828926308,-0.24533518556558942,0.009782199352594723,0.0817470932420224,-3.491923872509311,-3.9256367441688167,-0.8598827868149368,0.004415944995884335,-0.002173911843939943
2.37,-0.019672258925235706,1.4895403773638725,-1.0134862292251607,-0.5433165142608197,-0.0020070093210087445,-8.179856233310871e-05,0.007386906844498682,0.040785537369551005,0.11375877665059606,0.026793797348664876,-0.00012176422251083767,-0.0003507216617595423,1.0084169958665181,0.5877112055525444,0.7218717991288488,0.15959721578240416,-0.22873999433849157,0.08576876319445936,0.11620675619864589,-3.4840880539622954,-3.9089830534098846,-0.8561357556068258,0.007373435471042417,-0.002115769710995149
2.38,-0.01953013449904539,1.4900010560825219,-1.0122996335291696,-0.543035643387327,-0.002002317090652992,-8.515882856077071e-05,0.014212442619031582,0.04606787186493274,0.11865956959911228,0.02808708734927029,0.0004692230355752557,-0.0003360266227661989,1.005433083449085,0.5570682068534437,0.6378670601985679,0.1469675761293585,-0.21066063386999545,0.1610188182268445,0.15034242757917676,-3.4795899161749135,-3.8959776074229953,-0.8533324042218963,0.010324711816400075,-0.002044684270600951
2.39,-0.019320095941765293,1.490511020736342,-1.0110703349081651,-0.5427433673794109,-0.0019916900289351377,-8.834596951245348e-05,0.021003855728009703,0.050996465382005474,0.12292986210044891,0.029227600791614513,0.0010627061717854466,-0.0003187140951682779,0.9983649223089963,0.5237085461094604,0.5505569138597803,0.1335714187171022,-0.19120167378675657,0.23497137462689388,0.18401332706062765,-3.478397844587608,-3.886680743325412,-0.851484126553193,0.013258230405892713,-0.0019610564406070613
2.4,-0.01904275768684315,1.4910665002100763,-1.0098048600943983,-0.5424412732245683,-0.00197512590408851,-9.133483825882279e-05,0.027733825492214512,0.055547947373434624,0.1265474813766832,0.030209415484259067,0.0016564124846627703,-0.00029888687463693135,0.9872123162590379,0.4878641732895865,0.4603905216693308,0.11946840788709157,-0.17047561560034907,0.3070760402824553,0.2170784760787246,-3.48046099073366,-3.8811335451209663,-0.8505973539119989,0.016162302913019868,-0.0018653834416542333
2.41,-0.01869900776300299,1.491663514532617,-1.0085099236519908,-0.5421309988508689,-0.001952645554875077,-9.410150619442016e-05,0.03437499238401579,0.05970143225406541,0.12949364424074142,0.031027437369935365,0.002248034921343312,-0.0002766667935597363,0.9719877268971228,0.4497801243595025,0.3678334977113226,0.10472346893257134,-0.1486026487098986,0.37679696520905936,0.24939723517078055,-3.4857102150764203,-3.879357670916607,-0.8506735451326752,0.019025139296709764,-0.0017582555592156055
2.42,-0.01829000733383825,1.4922979007428818,-1.0071923929420257,-0.5418142245268976,-0.0019242931672451267,-9.662344540441982e-05,0.040900042916474005,0.06343862102649044,0.13175307099651823,0.0316774323971246,0.0028352387629950303,-0.00025219392099996634,0.9527170636903469,0.4097124537143313,0.27336560330306675,0.08940670185919952,-0.12571036968699545,0.4436166688186294,0.2808298837854835,-3.4940591385502717,-3.881355277184616,-0.8517092007260761,0.021834894324446866,-0.0016403522340260159
2.43,-0.017817189320751905,1.4929653395653906,-1.005859252126706,-0.5414926639864587,-0.001890136478152889,-9.887970172437206e-05,0.047281801308634415,0.06674388225087102,0.1333140815319658,0.032156054043900886,0.003415668909223778,-0.00022562563199522479,0.9294404781107832,0.36792610605478654,0.17747832484748155,0.07359322782053646,-0.10193345187699077,0.5070397266410329,0.31123823901648584,-3.5054052837233343,-3.887109039936419,-0.8536959006356696,0.024579717321144112,-0.0015124375101516116
2.44,-0.01728225604244086,1.4936613826862162,-1.0045175653996845,-0.54116805532428,-0.0018502669005372643,-0.00010085105725029119,0.05349332783110466,0.06960431208256783,0.13416867270215738,0.032460866217865085,0.003986957761562466,-0.00019713555259191299,0.9022131340300422,0.32469275452762075,0.08067234642916285,0.057362964329099375,-0.07741325330222004,0.5665962939385014,0.34048630860789925,-3.519631286139215,-3.8965822722364494,-0.8566203650751982,0.02724780476542123,-0.001375354873771757
2.45,-0.016687175807118478,1.4943814804197508,-1.0031744396376852,-0.540842151711475,-0.0018047995636088574,-0.00010252018112831417,0.05950802353223809,0.0720097733534728,0.13431257619993942,0.03259036128050972,0.004546733692840679,-0.0001669123878022976,0.8711059270287582,0.28028863211847277,-0.016545069635382003,0.040800326656387664,-0.052297352310302525,0.6218454445466304,0.36844097259361147,-3.5366061564279865,-3.9097191370598567,-0.8604645378611522,0.02982745529896423,-0.0012300215192272805
2.46,-0.016034178398625615,1.495121009558966,-1.0018369866754286,-0.5405167119817429,-0.0017538732628467853,-0.0001038717675324181,0.0652997408492863,0.07395291392151587,0.1337452962256485,0.03254397297321005,0.005092630076207212,-0.000135158640410392,0.83620612654606,0.2349923829782523,-0.11366277957311267,0.023993854294945383,-0.026739002318253657,0.6723783042103111,0.39497268709546307,-3.5561865741917127,-3.9264449540880486,-0.8652056915968298,0.03230712667067446,-0.0010774220820373387
2.47,-0.015325749404365254,1.495875301206498,-1.0005122854114936,-0.5401934911411933,-0.0016976503144949698,-0.0001048926598247889,0.07084289942603604,0.07542916475319787,0.13247012639350883,0.032322084054955284,0.005622294835181561,-0.00010208922923707908,0.7976179168003369,0.1890829595789757,-0.2101685161341836,0.0070357628301709885,-0.0008964992814037842,0.7178209587084919,0.41995620313781623,-3.578218195447734,-3.9466665986427945,-0.8708165540163129,0.03467549410597496,-0.0009186018814124673
2.48,-0.014564623341431417,1.4966396683908165,-0.9992073439569994,-0.5398742308562073,-0.001636316309848615,-0.00010557195998580077,0.07611260629338377,0.07643671843184278,0.13049414544942212,0.031926028498600746,0.0061334004646354835,-6.79300161011874e-05,0.7554628150583245,0.1428375903383225,-0.30555169042852703,-0.009978576865518285,0.02506754191953453,0.7578371181671467,0.44327129285167527,-3.6025369565259044,-3.970272990584718,-0.8772654547552234,0.036921509573049606,-0.0007546597173113314
2.49,-0.013753775547172241,1.4974094332807706,-0.9979290620417853,-0.5395606499748834,-0.0015700797652256522,-0.00010590112249859054,0.08108477942591753,0.07697648899541476,0.12782819152140282,0.03135808813239709,0.006623654462296266,-3.291625127897646e-05,0.7098799489950339,0.09652984064152662,-0.39930621922442855,-0.026951228657085657,0.05098700322945904,0.7921305201764923,0.46480347514636766,-3.6289703587291036,-3.99713567064604,-0.8845164917794905,0.03903446141151068,-0.0005867402693242802
2.5,-0.01289641281148346,1.4981799538227543,-0.9966841938940041,-0.5392544351383202,-0.0014991716642115448,-0.00010587403197627153,0.08573627356887815,0.07705205419837688,0.12448681477811947,0.030621483656326023,0.007090810101410736,2.709052231900619e-06,0.6610261784402278,0.05042778805530487,-0.4909333584835921,-0.043782345410023904,0.07669316953725502,0.8204470556595775,0.48444473281962636,-3.6573387197385534,-4.027109461330907,-0.8925297166720588,0.04100403379411897,-0.000416026146643006
2.5100000000000002,-0.011995962740104107,1.4989466496373416,-0.9954793118086945,-0.5389572315382425,-0.0014238448895340765,-0.0001054870639272959,0.09004500713793523,0.07666958145873096,0.12048820853095867,0.029720360007766435,0.007532677467746844,3.869680489756304e-05,0.6090760506122724,0.004792330009075738,-0.5799445233057892,-0.060370881062071335,0.10201572058258579,0.8425766028994677,0.5020942131496017,-3.6874563796310134,-4.060033209199278,-0.9012613379493,0.04282036550740394,-0.00024372964011667411
2.52,-0.011056061850802915,1.499705027026253,-0.994320770618908,-0.5386706338772663,-0.0013443735427518934,-0.00010473912816570417,0.09399008893011915,0.07583773889113933,0.11585411897865718,0.028659766097612217,0.007947134678218297,7.479357615917335e-05,0.5542215818539841,-0.0401243606341325,-0.6658640741061513,-0.076615352701638,0.12678380140029644,0.8583545567175854,0.5176589042500412,-3.7191328514234323,-4.095730605051378,-0.9106639415522648,0.044474107560698264,-7.108422892552699e-05
2.5300000000000002,-0.010080542417321672,1.5004507029556284,-0.993214673279321,-0.5383961775874117,-0.0012610521508106842,-0.00010363169448736018,0.09755194334812425,0.07456759293754091,0.11060973395870105,0.0274456289854651,0.008332139194120928,0.00011074336783439788,0.49667186277303466,-0.084080219819192,-0.7482320487430649,-0.09241464365462715,0.15082716160104326,0.8676630415121218,0.5310542798525596,-3.7521739082202945,-4.13401107824758,-0.9206867276315179,0.04595647916333998,0.0001006641042566878
2.54,-0.00907341808900934,1.5011794278974908,-0.992166837766979,-0.5381353303613088,-0.0011741947594182845,-0.00010216880035012316,0.10071243283123314,0.07287249418623125,0.10478355123419945,0.026084722610283755,0.00868573913923996,0.0001462894137237029,0.4366524874225118,-0.1268445073867585,-0.8266068204757386,-0.10766883748401845,0.17397735164378103,0.8704317987055177,0.5422049056831546,-3.786382601256234,-4.174670761131637,-0.9312757627167315,0.04725932164460213,0.00027026569457283696
2.5500000000000003,-0.008038868326982685,1.501887107427671,-0.9911827654969126,-0.5378894840489075,-0.0010841339140997362,-0.00010035704041462731,0.10345497620266554,0.07076795301801901,0.09840722700663528,0.024584631240134415,0.009006084531854827,0.00018117599354958549,0.37440481062044706,-0.16819884749728065,-0.9005676620274208,-0.12228007197266821,0.19606896249717587,0.8666387411070315,0.5510450011968089,-3.821560205348157,-4.217493519271097,-0.9423742463322616,0.048375149928292935,0.0004364760967225451
2.56,-0.0069812217101540616,1.5025698224950066,-0.9902676114418959,-0.5376599469703992,-0.0009912195307015578,-9.820553792230249e-05,0.10576466168286237,0.06827150673355886,0.09151540550167178,0.022953707850821042,0.009291438339817843,0.0002151502492324829,0.31018504060557467,-0.2079380923883431,-0.9697171966849845,-0.13615340145497257,0.21694089374676917,0.8563101687565874,0.5575189510957941,-3.8575070904460635,-4.26225204298529,-0.9539227910864883,0.04929720121201416,0.0005980650102444734
2.57,-0.005904938176372819,1.5032238482930051,-0.989426156135645,-0.5374479366935244,-0.0008958176580088125,-9.57258980078597e-05,0.10762835337812417,0.06540257979984684,0.08414553062509553,0.021201027687473492,0.00954018726927453,0.00024796399144427853,0.24426317688155705,-0.24587101093104846,-1.03368371822709,-0.14919765545127328,0.23643763433569553,0.8395206429655404,0.5615817617560644,-3.894023520050952,-4.30870899539577,-0.96585971522485,0.05001948053807829,0.0007538251707705457
2.58,-0.004814590275065148,1.5038456716810797,-0.9886627797273737,-0.537254573320474,-0.0007983091360082523,-9.293214316407385e-05,0.10903479013076707,0.062182338807458166,0.07633764082712588,0.01933633730504682,0.009750852200056023,0.00027937548437858444,0.17692180526408022,-0.2818208068006738,-1.0921233625569955,-0.16132628132890314,0.25441053971405503,0.8163925174980738,0.5631994583956281,-3.930910379206545,-4.3566182120049115,-0.9781213465936658,0.050536802977633646,0.0009025811491728379
2.59,-0.0037148435179958795,1.5044320071176343,-0.9879814382429327,-0.5370808733262484,-0.0006990881541669675,-8.984063119671528e-05,0.10997467570692686,0.05863354365544078,0.06813414844410012,0.017369999422551147,0.009922098184128472,0.0003091511967358575,0.10845476378395046,-0.3156254742251386,-1.144722115170382,-0.17245815875738302,0.2707190892278134,0.7870951281169826,0.5623494195157859,-3.9679698365292464,-4.405725946582778,-0.9906423369135049,0.050844832180562224,0.0010431980002069334
2.6,-0.0026104359240192955,1.50497981108144,-0.9873856421938779,-0.5369277439866365,-0.0005985607148915618,-8.646995612630651e-05,0.11044075939765838,0.05478039638058709,0.05957960490547981,0.015312933961193514,0.010052743927540578,0.000337067507040877,0.03916569421417264,-0.347138002143279,-1.1911976400071909,-0.18251837399045723,0.28523210805289695,0.7518436440396464,0.5590206458116026,-4.005005946282312,-4.455772157919793,-1.0033559852070646,0.050940115070506456,0.0011745897021546957
2.61,-0.0015061568618745264,1.5054862949706942,-0.9868784376608779,-0.5367959784299561,-0.0004971430080827139,-8.28408326104022e-05,0.1104279062144769,0.050648388925414796,0.05072045330000345,0.013176555668037658,0.010141770680884793,0.0003629123515904302,-0.030633505401327206,-0.37622644012568773,-1.2313009167828255,-0.19143894251159033,0.2978289388406711,0.7108975871939394,0.553213961367707,-4.041825197797293,-4.506491831781957,-1.0161945691673553,0.050820112486664584,0.0012957273291155768
2.62,-0.00040682530218773836,1.5059489364806788,-0.9864623899620115,-0.5366862513424168,-0.00039525970340066336,-7.897596457469568e-05,0.10993315596867881,0.046264150998454295,0.0416047698866351,0.010972708753926244,0.010188330468205052,0.0003864868035706522,-0.10062431169044612,-0.40277384152158324,-1.2648176755468783,-0.1991594692951706,0.30840054941493233,0.664559027507869,0.5449421455208265,-4.078237020575451,-4.557616332186549,-1.029089683188105,0.050483225591892805,0.0014056468980225383
2.63,0.000682732404130069,1.506365489470935,-0.9861395699998817,-0.536599115352447,-0.00029334216750677205,-7.489989885282273e-05,0.10895577063178072,0.04165529902561823,0.03228199621298169,0.008713598996983759,0.010191753589389129,0.00040760657218729524,-0.17048327509101607,-0.42667810094770364,-1.2915696189423964,-0.2056277368694106,0.31685056428202757,0.6131704648017298,0.5342299942780097,-4.114054254148272,-4.608874775900397,-1.0419725817104084,0.04992881788065564,0.0015034568332040928
2.64,0.001757705098928793,1.5067339923412058,-0.9859115433642262,-0.5365349981146386,-0.00019182661414432177,-7.06388647426313e-05,0.1074972694798724,0.03685028702707847,0.022802663565554958,0.00641172378083818,0.010151555336245028,0.0004261034110191432,-0.23988377248187437,-0.4478517043912545,-1.3114154244143295,-0.21080021248292713,0.32309620930193983,0.5571124101494869,0.5211143106312718,-4.1490935922296925,-4.659995423851572,-1.0547745264690074,0.04915723263129101,0.001588344992415181
2.65,0.002813319615187195,1.5070527749420548,-0.9857793622490029,-0.5364942001091418,-9.115219546855907e-05,-6.622060049026922e-05,0.10556145162584019,0.03187826008489697,0.013218111522324293,0.004079800549670138,0.01006744186757627,0.000441826425236208,-0.3084977994140647,-0.46622141083893986,-1.324251520425515,-0.21464246692617994,0.32706916053883717,0.4968006818308442,0.5056438235121382,-4.183176010850408,-4.710707082941432,-1.0674271361494727,0.048169805655980655,0.0016595851997546229
2.66,0.0038448636715790368,1.507320464051029,-0.985743560224919,-0.5364768931674392,8.2409564671448e-06,-6.167416781205556e-05,0.1031544056391842,0.026768910897404345,0.003580202408377347,0.0017306941702604404,0.009939315193570388,0.0004546432678213658,-0.37599778900167796,-0.48172788445500137,-1.3300126325402222,-0.21712949898761824,0.3287162899835785,0.43268343318171215,0.4878790354938874,-4.216127190029624,-4.7607405115512655,-1.0798627368957614,0.04696887321000136,0.0017165432328099433
2.67,0.004847708732009813,1.507535987448545,-0.9858041498902164,-0.5364831197304949,0.00010591372871376789,-5.702975565707523e-05,0.10028450604307766,0.021552339751616467,-0.00605896652973076,-0.0006226563055738415,0.00976727722466231,0.00046444121549803295,-0.4420584455344201,-0.49432529592529645,-1.328672097033296,-0.21824596101241678,0.328000302445387,0.365237931758473,0.46789199968871303,-4.247777938121034,-4.809829821859767,-1.0920147120377475,0.045557774930628105,0.0017586822137526104
2.68,0.0058173326976355974,1.5076985766294375,-0.9859606234043757,-0.536512792840358,0.0002014300571610272,-5.2318474500093205e-05,0.09696239656257845,0.01625891808924276,-0.015647351415935783,-0.0029673109863078144,0.009551632844725929,0.0004711281156982024,-0.5063585818375315,-0.5039809106775738,-1.3202419414448114,-0.217986282626204,0.32490025937732114,0.2949671112370904,0.4457660266167719,-4.2779646272823495,-4.857713871930454,-1.1038178493425967,0.043940851686828424,0.001785567356972457
2.69,0.006749342298408019,1.5078077681864288,-0.9862119558914096,-0.5365656968614387,0.0002943589768911535,-4.7572142534038654e-05,0.09320096007724217,0.010919155699118457,-0.02513324870338786,-0.005290402108068458,0.009292891973012632,0.00047463319660545524,-0.5685829502495441,-0.5106746803194727,-1.304772733220737,-0.2163546912878367,0.3194119866824603,0.22239591936076397,0.42159532215993095,-4.3065296475808195,-4.904137640396112,-1.1152086840340516,0.04212343823491496,0.0017968700292077325
2.7,0.007639495051477966,1.507863403900857,-0.9865566116817118,-0.5366414889229267,0.00038427668272864154,-4.28230652032736e-05,0.08901527530699466,0.005563571442803936,-0.03446557903021357,-0.0075792061487947645,0.0089917705837488,0.00047490773307650537,-0.6284240577493609,-0.5143988518469581,-1.2823531992409158,-0.2133651299890058,0.3115483646003985,0.14806748700709815,0.3954845580697048,-4.333321886084844,-4.948853576467115,-1.1261258357721173,0.040111850593706165,0.0017923710820057538
2.71,0.008483720654813405,1.5078656295739936,-0.9869925533441726,-0.5367397010692124,0.0004707685892966998,-3.810380958245292e-05,0.08442256033354403,0.00022256731367675114,-0.043594166246070334,-0.009821214628569969,0.008649190656805828,0.00047192556208206784,-0.6855839561903304,-0.5151576070311303,-1.2531096206384,-0.20904107401050975,0.30133949858146725,0.07253914505236247,0.3675483768894626,-4.358197235933053,-4.9916229179277005,-1.1365103377442205,0.03791336807638132,0.0017719634207392857
2.72,0.009278141686139125,1.5078148926294492,-0.9875172534435688,-0.5368597431007516,0.0005534313796712869,-3.3446975160331694e-05,0.07944210313257206,-0.005073694454434284,-0.05247000993961583,-0.012004203153916933,0.00826627903745871,0.00046568344221212233,-0.7397759987630315,-0.5129667419496221,-1.21720500883981,-0.20341525021099116,0.2888327706102176,-0.0036216828539442636,0.3379108335849317,-4.381019138847068,-5.032216969764449,-1.146305955989593,0.03553620994565398,0.0017356537792952904
2.73,0.010019093479801382,1.5077119385137152,-0.988127708942223,-0.5370009060836091,0.0006318750315518692,-2.888496263273124e-05,0.07409517936622584,-0.010295411573406774,-0.061045549865426166,-0.014116298285749607,0.007844365188058231,0.0004562012527600453,-0.7907265536987679,-0.507853393969849,-1.1748380702087085,-0.19652926379719293,0.27409277075418137,-0.07984168224042121,0.3067047766603492,-4.401659162898903,-5.070418336100666,-1.1554594970633825,0.03298950669438496,0.001683563674926075
2.74,0.010703143057428354,1.5075578059181,-0.9888204581497071,-0.5371623665019661,0.0007057248097474877,-2.4449742343415904e-05,0.06840495776269714,-0.015413259561505186,-0.0692749207484048,-0.016146041835712062,0.007384977819561843,0.0004435220289315338,-0.8381766658569938,-0.49985582068699336,-1.1262419680375706,-0.18843313891162605,0.25720110881735314,-0.15554591408375518,0.27407117207115306,-4.4199976155936875,-5.10602209819328,-1.1639211021472073,0.030283265995158345,0.0016159295235770393
2.75,0.0113271069923416,1.5073538208414163,-0.9895916001100407,-0.5373431910242003,0.0007746232137114753,-2.017262403527696e-05,0.06239639349132459,-0.020398507668369658,-0.07711419603335277,-0.01808245222341393,0.006889840396398753,0.00042771183081389424,-0.881883656245689,-0.4890232324536611,-1.071682891921678,-0.17918478058839238,0.23825610591408797,-0.23016211416427013,0.2401583738238151,-4.435924190522806,-5.138836931390606,-1.1716445257302168,0.027428333409134288,0.0015331019022392805
2.7600000000000002,0.011888068092628538,1.507101589509025,-0.990436816302501,-0.5375423418497726,0.000838231868853189,-1.6084029586437406e-05,0.05609611002869391,-0.025223133239146045,-0.08452161924603742,-0.01991508255723414,0.006360865514171367,0.00040885944488395544,-0.9216226487554762,-0.4754156772856635,-1.0114584457245421,-0.16884936676030105,0.21737236560232054,-0.3031249936845485,0.20512134577021998,-4.449338644020354,-5.1686861541523585,-1.178587397020026,0.02443634799580291,0.00143554395146812
2.77,0.012383390793669739,1.5068029901604885,-0.9913513945198882,-0.5377586826011072,0.0008962333504160037,-1.221327040621142e-05,0.04953227010412,-0.029859934853639934,-0.0914578217387163,-0.021634075133460287,0.005800148156281473,0.0003870759180225986,-0.957188012518318,-0.45910397417017346,-0.9458958664441826,-0.1574986798791027,0.1946802239919534,-0.37388050898263714,0.16912083974345823,-4.460151496457455,-5.195408702501085,-1.1847114622971795,0.021319693019856662,0.001323828918099399
2.7800000000000002,0.012810735157785264,1.5064601637153376,-0.9923302547769529,-0.5379909847219291,0.0009483329288435331,-8.58833115387813e-06,0.04273443641155247,-0.034282644515073506,-0.09788602570646752,-0.023230212082196694,0.0052099578427529415,0.00036249392523332905,-0.9883947074110259,-0.4401696882067498,-0.8753500872643065,-0.14521038848792323,0.17032507804505403,-0.44189006808220743,0.13232253582554215,-4.468284751074267,-5.218860023607231,-1.1899828065003453,0.018091442007787978,0.0011986368453152849
2.79,0.013168069386570863,1.506075503324522,-0.9933679770917495,-0.5382379343411616,0.0009942602257665984,-5.235661418646e-06,0.03573342287855995,-0.03846603908157539,-0.10377223147965711,-0.024694961923259224,0.004592729692306524,0.0003352669735232129,-1.0150795194068274,-0.4187051386478029,-0.8002016589521492,-0.13206728961062852,0.1444665911819012,-0.5066346419917006,0.09489615116279858,-4.473672621617602,-5.238912882609026,-1.1943720524225032,0.014765300463255927,0.001060750424483161
2.8000000000000003,0.013453680760472306,1.5056516428141755,-0.9944588309739611,-0.5384981395594693,0.0010337707700375457,-2.1799769617705375e-06,0.028561137390144348,-0.042386051034647425,-0.1090853882211664,-0.02602052183077166,0.00395105442709474,0.00030556844568754626,-1.037102171829838,-0.3948134288295365,-0.7208545445138502,-0.11815652317185421,0.11727777537308448,-0.5676187490941142,0.05701452432672262,-4.476262258560346,-5.25545807723129,-1.1978545360104693,0.011355543604896169,0.0009110500305330117
2.81,0.013666184930207943,1.505191444028519,-0.9955968064467947,-0.5387701381138791,0.0010666474436210884,5.559279285732792e-07,0.02125041697356369,-0.04601987856565007,-0.1137975472833594,-0.027199855440974936,0.003287667358354272,0.00027359048903438166,-1.054346298185419,-0.36860848524675743,-0.6377338026458751,-0.10356876980137386,0.08894394919802817,-0.6243742816617122,0.018852682730233796,-4.476014462363509,-5.268405055292163,-1.2004104563908409,0.007876950541114782,0.0007505079699624973
2.82,0.013804533495781354,1.5046979830801461,-0.9967756464228732,-0.5390524053746134,0.0010927018076257837,2.9513554823769228e-06,0.013834856557341027,-0.049346094837279336,-0.11788399760785148,-0.028226726073433277,0.0026054364004695274,0.00023954275538036436,-1.0667202622125642,-0.3402150916661947,-0.551283176009733,-0.08839744330313737,0.05966157193928545,-0.6764641444723994,-0.019413098974782102,-4.472904371135015,-5.277682430768868,-1.2020249993935435,0.004344735341621583,0.0005801819777751956
2.83,0.013868019820980546,1.5041745355186886,-0.9979888802496697,-0.5393433626273233,0.0011117752993299369,4.987865481707181e-06,0.006348632519919253,-0.05234475614574345,-0.12132338267965494,-0.02909572527098813,0.0019073491704153268,0.0002036509999330258,-1.0741578112137136,-0.3097689032195117,-0.4619626007030916,-0.0727378888145731,0.029636954703728513,-0.7234856766948653,-0.05760624129840349,-4.466922109171079,-5.283238394728277,-1.2026884335085661,0.000774475503218021,0.0004012080066743137
2.84,0.01385628304435373,1.5036245604329415,-0.9992298582364185,-0.5396413855933039,0.0011237402917207045,6.649420961048552e-06,-0.001173677662681621,-0.05499750857470604,-0.12409779867488217,-0.029802296598058463,0.0011964992390767499,0.00016615554793413716,-1.0766185496233687,-0.27741642489144,-0.37024565349969385,-0.056686597200373834,-0.0009151491601278039,-0.7650738296270958,-0.09555079474118355,-4.458073382261645,-5.285041018108175,-1.202396177390314,-0.002817961663886259,0.00021479235856204713
2.85,0.013769310261561198,1.5030516835069625,-1.0004917869720846,-0.5399448131400026,0.0011285010078238738,7.922517352652048e-06,-0.008697278279253125,-0.0572876925978886,-0.12619287356660636,-0.03034275466987832,0.00047607161031693133,0.00012730963916034963,-1.0740882212249792,-0.24331493872362123,-0.2766169534703496,-0.040340445599749364,-0.03177307043641964,-0.8009040745130388,-0.13307235869094017,-4.446380005321676,-5.283078444053644,-1.2011488382155753,-0.006416494184497125,2.2203214745035384e-05
2.86,0.01360743686856577,1.5024596790573894,-1.001767765242839,-0.540251956134169,0.0011259942829503241,8.796293968127317e-06,-0.01618733929954279,-0.05920044495731735,-0.127597827075432,-0.03071429941663412,-0.000250672487354954,8.737766154752694e-05,-1.0665787904323187,-0.20763236439162097,-0.18156953448162685,-0.0237959732244164,-0.06270986130288314,-0.830695016497473,-0.16999897621511267,-4.431880347890852,-5.277358968261043,-1.1989522204030967,-0.01000490154960232,-0.00017523837286318063
2.87,0.013371345070139724,1.5018524510871671,-1.0030508203575255,-0.5405611063903282,0.0011161901689170927,9.262626831225145e-06,-0.023609179842604702,-0.060722797022220956,-0.12830551146864508,-0.030915025615916244,-0.0009804114033231297,4.663328630978277e-05,-1.0541283156115282,-0.17054703856721978,-0.08560220479753418,-0.007148700539978403,-0.09349503526684888,-0.8542106927996085,-0.2061619969445471,-4.414629683335846,-5.267911006551232,-1.195817304413046,-0.013566901282720777,-0.00037616796189899574
2.88,0.013062060573398895,1.5012340133999376,-1.0043339446907589,-0.5408705456678697,0.0010990923753073673,9.316202010716283e-06,-0.030928449674082877,-0.061843768722965355,-0.12831243332335174,-0.03094392775416129,-0.0017097793609725507,5.3575179491137164e-06,-1.0368006104949543,-0.1322473996273354,0.010783090425983003,0.009507501115725348,-0.12389639900036276,-0.8712625353718532,-0.24139690079477666,-4.394700428195415,-5.254782949673672,-1.1917601955606272,-0.01708622541002978,-0.0005791875986738075
2.89,0.012680947501260045,1.5006084688293546,-1.005610132255497,-0.5411785546708958,0.0010747385439031922,8.954568745544764e-06,-0.038111307213884865,-0.06255445705830426,-0.12761875647380777,-0.030800900302603344,-0.0024353831404175063,-3.6163326517151735e-05,-1.01468469326563,-0.09293156578658789,0.1070838885427163,0.026080983618978357,-0.15368196255470146,-0.8817109806408953,-0.27554407599553066,-4.3721822590277455,-5.238042906125116,-1.1868020429974353,-0.020546696330317322,-0.000782876019795093
2.9,0.012229701575569369,1.4999799876484003,-1.0068724151201,-0.5414834220060506,0.0010432003535435332,8.178171805946597e-06,-0.04512459256906768,-0.06284811809541713,-0.12622828646031017,-0.030486733515474294,-0.003153819035965907,-7.763969395981676e-05,-0.987894026779881,-0.05280679657425818,0.20279979622004288,0.04248283529198493,-0.18262191160502717,-0.8854667113960566,-0.3084495457837884,-4.347182095342443,-5.2177783345405295,-1.1809689292341472,-0.023932301618655588,-0.0009857990964448767
2.91,0.011710341633869106,1.4993527852351696,-1.0081138994889587,-0.5417834530548277,0.0010045834538129287,6.990362692777996e-06,-0.05193599417002633,-0.06272024132308704,-0.12414843688585837,-0.03000310487771132,-0.0038616899730604557,-0.00011878091131686011,-0.956565557527991,-0.012088829701858345,0.297435030010436,0.05862733000386977,-0.2104906225691181,-0.8824915184696371,-0.33996563913867195,-4.319823938711683,-5.194095567970785,-1.1742917307964482,-0.027227267344580423,-0.001186520438864103
2.92,0.011125199557054098,1.4987310990833607,-1.0093278012706264,-0.5420769787182887,0.0009590272271350345,5.397389441569924e-06,-0.05851420768150083,-0.062168615180890605,-0.12139017816677686,-0.02935256634610701,-0.004555622667789421,-0.00015929732512080723,-0.9208585651734081,0.028998912267683186,0.3905008980037078,0.07443231027659936,-0.2370686987808206,-0.872798772548381,-0.3699516020705158,-4.290248559935009,-5.167119233092815,-1.166805950820146,-0.03041612953978486,-0.0013836120767580697
2.93,0.010476908697227847,1.4981191652576318,-1.010507480962969,-0.5423623639937061,0.0009067043800126123,3.4083649663900185e-06,-0.06482908598262509,-0.06119338257288416,-0.11796796923426993,-0.028538527541729062,-0.005232284712242214,-0.00019890244751799053,-0.8809533387058439,0.07022624849568213,0.4815182109374465,0.08981950383088044,-0.26214500349919057,-0.8564534992374349,-0.3982741471887501,-4.258613028151435,-5.136991568095052,-1.158551524598943,-0.03348380350981986,-0.0015756651302997432
2.94,0.009768390905625732,1.497521194405792,-1.0116464776910223,-0.5426380163443314,0.0008478203653021354,1.035214049928143e-06,-0.07085177916021144,-0.05979708518396877,-0.11389967280533485,-0.027565235062529888,-0.005888401471047694,-0.00023731509164618756,-0.8370496992316265,0.1113573000595225,0.5700196122534958,0.10471477437347865,-0.28551866352203925,-0.8335720533770741,-0.42480794052739157,-4.225090078018977,-5.103871643637538,-1.1495725992971364,-0.03641565074677015,-0.0017613003861673747
2.95,0.009002842269290526,1.4969413474512785,-1.0127385422399586,-0.5429023938252664,0.0007826126385185419,-1.7074007412687758e-06,-0.0765548636335206,-0.057984695451361624,-0.10920645489363807,-0.02643774809350172,-0.006520772678359353,-0.0002742614791196919,-0.7893653930391229,0.1521516813885553,0.6555518177595784,0.11904830867554095,-0.30700101566406657,-0.8043213915700772,-0.44943602586373527,-4.189867313474926,-5.067934491895221,-1.1399172892274367,-0.03919754326287967,-0.0019391786936033212
2.96,0.008183717672063762,1.4963837111002547,-1.0137776689327003,-0.543154012930243,0.0007113497522159671,-4.802173765453413e-06,-0.08191245972267629,-0.05576363510238494,-0.1039126692741597,-0.02516191049766314,-0.007126288630257473,-0.00030947730241846376,-0.7381343816608997,0.1923658178114324,0.7376777567369991,0.1327547431798366,-0.32641746745483946,-0.7689179449094247,-0.47205018798555687,-4.153146249108386,-5.029370149250382,-1.1296374082693927,-0.04181592522617915,-0.002108011096804246
2.97,0.007314714300249302,1.4958522733077286,-1.0147581262092011,-0.5433914561259909,0.0006343302934672612,-8.229271017394579e-06,-0.08690033718144603,-0.053143779252596696,-0.09804572765009553,-0.02374431957479302,-0.007701945874870594,-0.0003427097251941165,-0.6836050580585967,0.23175438136140353,0.815978607507665,0.14577323447149615,-0.34360924319547426,-0.7276260970013436,-0.49255125750522294,-4.115141192771417,-4.988382618701377,-1.1187881811647704,-0.04425787183587306,-0.002266568622022915
2.98,0.006399754215925694,1.4953508988560869,-1.0156744857721745,-0.5436133790427552,0.0005518816703546485,-1.1966464056302342e-05,-0.0914960084323608,-0.05013744516417265,-0.09163595629733247,-0.02219229167643047,-0.008244862311261276,-0.00037371930389077637,-0.6260384196574101,0.27007183435739385,0.8900557216150786,0.15804747890301174,-0.3584349870475725,-0.6807562755345936,-0.5108493608486327,-4.076077975677379,-4.945188758497301,-1.1074279355712133,-0.04651114542533856,-0.002413691640543827
2.99,0.005442966121310268,1.4948833052071668,-1.0165216501719907,-0.5438185172914107,0.0004643587541746818,-1.5989282202622994e-05,-0.09567880946154261,-0.04675936489199421,-0.08471643998161668,-0.02051382486555037,-0.008752291617996668,-0.00040228181463206514,-0.5657062296537687,0.3070740677947741,0.959532431855917,0.1695256874640081,-0.3707721961451087,-0.6286626688601289,-0.5268641199290178,-4.036192538832273,-4.90001710389017,-1.0956177768833064,-0.048564248822040156,-0.0025482987321486794
3.0,0.004448666435857175,1.4944530387952435,-1.0172948787115634,-0.5440056928794887,0.00037214238474458754,-2.027118190304356e-05,-0.0994299685453092,-0.04302664119232394,-0.0773228539572729,-0.018717558807800034,-0.009221636943009424,-0.00042818997004205665,-0.5028891977501139,0.3425201192803664,1.0240557403862571,0.1801605226895564,-0.3805184588218249,-0.571740582275124,-0.5405248067217675,-3.9957293871650643,-4.853106629216858,-1.0834212479396599,-0.0504064760248317,-0.0026693949777669597
3.0100000000000002,0.0034213398040198626,1.4940634519329026,-1.0179898115602142,-0.5441738202002754,0.0002756377467696919,-2.478373201846127e-05,-0.1027326631837313,-0.038958686234090024,-0.06949328486508446,-0.016812732078665907,-0.009650463797489567,-0.00045125501154177114,-0.4378752102046234,0.3761739531821309,1.0832978840287406,0.18990900484374684,-0.3875924759142597,-0.5104234519519422,-0.5517704584634787,-3.954939925113475,-4.804705457782509,-1.0709039758249317,-0.05202796027873003,-0.002776079614662873
3.02,0.0023656191460080796,1.4937176805045707,-1.0186024919737329,-0.5443219115709529,0.00017527262569217719,-2.9496813655304388e-05,-0.10557206580117831,-0.03457714283319058,-0.061268041351862645,-0.014809137067748186,-0.010036512107751468,-0.00047130816368431153,-0.37095763683716637,0.4078062838638802,1.1369577746696298,0.19873239497092676,-0.39193484666230893,-0.44517953767111074,-0.5605499594900585,-3.914080689632337,-4.755069527216697,-1.0581333080462048,-0.053419719634513474,-0.002867552992690774
3.0300000000000002,0.0012862653566644096,1.4934186226233392,-1.019129386526098,-0.5444490822975316,7.149555179307933e-05,-3.4378833037802695e-05,-0.107935378934367,-0.029905788123137246,-0.05268945523651248,-0.012717072657874732,-0.010377707389909785,-0.0004882019382498305,-0.3024337394596495,0.43719642137542364,1.1847623132762466,0.2065960625250094,-0.39350860491177064,-0.3765083186790637,-0.5668220957957432,-3.8734114985746237,-4.7044612181146785,-1.0451779404132855,-0.05457370007513395,-0.00294312277580391
3.04,0.0001881467490727905,1.493168918425561,-1.0195674032665805,-0.544554555246066,-3.522615843095658e-05,-3.939694580883148e-05,-0.1098118607591619,-0.024970419777821433,-0.04380167404824047,-0.010547294853441053,-0.01067217102240359,-0.0005018112771028785,-0.2326032021949319,0.4641341177940499,1.2264675765598052,0.2134693452494476,-0.39229949600245373,-0.3049366200557477,-0.5705555882354105,-3.8331935341066856,-4.653147953861239,-1.0321075389822,-0.055482816273144824,-0.0030022093390731247
3.0500000000000003,-0.0009237816699673536,1.4929709311744501,-1.0199139077242114,-0.5446376649013609,-0.0001444084544368723,-4.4517291050873324e-05,-0.1111928419040144,-0.019798725111094668,-0.034650445763098316,-0.008310965529488876,-0.010918229600591575,-0.0005120345242041842,-0.16176679944667827,0.488421391582949,1.2618598756643982,0.2193254087459291,-0.3883159897721561,-0.23101449989253972,-0.5717291099121898,-3.79368738222037,-4.601400779566279,-1.0189923584302896,-0.056140990013876596,-0.0030443503179100823
3.06,-0.0020444990155404747,1.4928267298385505,-1.0201667366898757,-0.5446978608960703,-0.0002555526880919951,-4.9705233237375125e-05,-0.1120717345573121,-0.014420133589962816,-0.025282896566417523,-0.006019599470939982,-0.01111442336551228,-0.0005187942186501801,-0.09022521204721955,0.5098743068608848,1.2907566864668063,0.2241411128014983,-0.38158903036308955,-0.15531093030065346,-0.5703312927037774,-3.7551510504630548,-4.5494929280232235,-1.0059028592203267,-0.056543186279142815,-0.0030692042729419337
3.0700000000000003,-0.0031689393645026745,1.4927380733034485,-1.020324209714594,-0.5447347109947744,-0.00036814782514434867,-5.4925610259066506e-05,-0.11244403489622001,-0.00886565351018807,-0.015747302471827526,-0.003685009870409936,-0.011259513705235355,-0.0005220377021691379,-0.018277996531369422,0.5283246843761263,1.3130074511543421,0.22789689096069488,-0.3721715288290988,-0.07840930773600299,-0.5663607271035209,-3.717837986695292,-4.497698380535925,-0.9929093258802317,-0.05668544693750541,-0.0030765534410003488
3.08,-0.004292012562956997,1.492706396365532,-1.020385138270927,-0.544747903519308,-0.0004816727224630045,-6.0142985620211804e-05,-0.11230731984543225,-0.0031676937916539916,-0.006092855633309116,-0.0013192524533615318,-0.01135248973186558,-0.0005217375361145298,0.05377729323058543,0.5436217212449452,1.3284942506986974,0.23057664913793552,-0.3601376097285812,-0.0009028302854066084,-0.559825958611836,-3.681995121987268,-4.446290430351636,-0.9800814886752978,-0.0565649219316096,-0.003066305549917946
3.09,-0.005408624954123565,1.4927327976450055,-1.0203488325328849,-0.5447372492033202,-0.0005955984618643028,-6.532190286667081e-05,-0.11166123911665675,0.002640127947343302,0.0036305738042247786,0.001065431598778655,-0.011392573940129835,-0.0005178917246459004,0.12564583844439076,0.555633497152978,1.337132347692859,0.2321676882279693,-0.3455816278027405,0.07661021864259404,-0.5507454828407684,-3.6478609606679138,-4.395540256289184,-0.9674881508820419,-0.05617989779319803,-0.0030384946822205124
3.1,-0.006513699987984412,1.4928180295418643,-1.0202151057383098,-0.5447026824657865,-0.0007093907314101553,-7.042714029123888e-05,-0.1105075033860847,0.008523189685876955,0.01337267945752169,0.0034566737533801655,-0.011379226954585243,-0.0005105237424568074,0.19703615359367632,0.5642483457150865,1.3388705987828005,0.23266065471060138,-0.32861697530535705,0.15353123939164987,-0.5391477403250068,-3.615663740043,-4.3457155139673365,-0.955196823788415,-0.05552982325473355,-0.002993281180315702
3.11,-0.007602198681397586,1.4929624903432295,-1.0199842761064533,-0.5446442620949883,-0.000822512245129462,-7.542396396204459e-05,-0.10884986934131742,0.01444608013651216,0.02308296318564543,0.00584203707981588,-0.011312151371930677,-0.0004996823670805701,0.26766056702453567,0.569376071036139,1.3336917356308813,0.2320495222013319,-0.30937470444731385,0.22926609613031046,-0.5250711108051848,-3.58561968140613,-4.297078951820729,-0.9432733714452523,-0.054615331665859405,-0.002930950593359654
3.12,-0.008669139903159432,1.493166218573523,-1.0196571662924263,-0.5445621713363415,-0.0009344251921579989,-8.027837713664888e-05,-0.10669412217618461,0.020372823029357792,0.03271098140270533,0.008209075864668056,-0.011191294702853684,-0.00048544131746042885,0.33723560466876373,0.5709489911912874,1.3216125130184344,0.23033160576793055,-0.288001992609928,0.3032298657112868,-0.5085639055052705,-3.5579313526947476,-4.249887058843849,-0.9317816670804764,-0.05343825986601322,-0.0028519116735831237
3.13,-0.009709620462534612,1.493428889660601,-1.019235100369407,-0.5444567173794036,-0.0010445937063034362,-8.495736415760116e-05,-0.10404805593751804,0.026267108707788638,0.04220659230194354,0.010545395693798343,-0.011016851414543736,-0.00046789870209522897,0.40548230098680155,0.5689227923302085,1.3026837223603016,0.22750760967146366,-0.2646604803809025,0.37485151316608456,-0.4896843547076577,-3.5327861615139344,-4.20438875072937,-0.920783262962178,-0.05200166311413855,-0.00275669343742775
3.14,-0.010718834981924006,1.4937498149713717,-1.018719898338984,-0.5443283302414446,-0.0011524863470109127,-8.942912697409821e-05,-0.10092145193893934,0.03209253107707993,0.05152020304229575,0.012838713795904337,-0.01078926407074764,-0.0004471762816497052,0.4721264635717534,0.5632771793771482,1.2769900685968685,0.22358170797372168,-0.2395245139957869,0.4435784522694609,-0.4685005867798309,-3.510354995295333,-4.16082410076914,-0.9103370753614852,-0.05030982563520652,-0.002645941314328621
3.15,-0.011692095534526869,1.4941279432498549,-1.018113868179808,-0.5441775610471384,-0.0012575785826246953,-9.366331249845895e-05,-0.09732605526028625,0.03781282784830717,0.06060301591758703,0.01507691943061562,-0.01050922356137826,-0.00042341855243607443,0.5368989191673987,0.5540163118179109,1.2446499081689584,0.2185616562739483,-0.21277932440269298,0.5088809507105161,-0.4450905937664323,-3.4907910231137738,-4.119423121565985,-0.9004990861228774,-0.04836826631352741,-0.0025204124133268637
3.16,-0.012624851026075775,1.4945618644693202,-1.0174197954548516,-0.5440050797062232,-0.001359355266710478,-9.763122908464228e-05,-0.09327554915489066,0.04339212194652506,0.06940727249564066,0.017248134091521712,-0.01017766840857826,-0.0003967916586183315,0.5995357690697063,0.5411690158025655,1.2058148456111941,0.21245893163947294,-0.18461917488483737,0.5702563410140689,-0.41954217776888675,-3.474228671194682,-4.080404603264653,-0.8913220622005382,-0.046183739046584966,-0.0023809699448479257
3.17,-0.013512706296055525,1.4950498160883807,-1.0166409305080437,-0.543811671993412,-0.0014573130980221416,-0.00010130605050815343,-0.0887855269979751,0.0487951619060511,0.07788649468079434,0.019340771281132135,-0.009795783131166372,-0.0003674821423511147,0.6597786810016159,0.5247887667089532,1.160669186222653,0.20528889670345496,-0.1552455080167392,0.6272330004365517,-0.3919528716264808,-3.460782781460214,-4.043975013652448,-0.8828552943664041,-0.04376422727196166,-0.0022285768418779995
3.18,-0.014351440908406466,1.4955896916789593,-1.015780973291845,-0.5435982360374021,-0.0015509630544713572,-0.00010466300593146494,-0.08387346123509422,0.053987559057863975,0.08599572161986532,0.02134359560099167,-0.009364995644921546,-0.00033569554233115086,0.7173752426150932,0.5049534393686119,1.109429242341315,0.19707098283372737,-0.12486512073919487,0.6793740655790681,-0.3624298269176062,-3.4505479596349216,-4.010327465105639,-0.8751443561408462,-0.04111893219488767,-0.0020642886313495794
3.19,-0.015137027594770843,1.4961790518722142,-1.014844055878447,-0.5433657782285375,-0.0016398327911967285,-0.00010767955445548982,-0.07855866863643765,0.058936019325494395,0.09369174133979474,0.02324578088645605,-0.008886973672537133,-0.00030165485240248795,0.7720793988613378,0.48176482630647016,1.052342490951178,0.1878288863522899,-0.09368839360916192,0.7262808503560592,-0.3310896620415671,-3.4435981165196594,-3.9796407529684052,-0.8682308838423158,-0.038258254275581056,-0.0018892456127435867
3.2,-0.015865650305138593,1.4968151375470815,-1.0138347227186821,-0.5431154085575133,-0.001723468992542812,-0.00011033554298458117,-0.072862271036775,0.06360856748672612,0.10093331597648422,0.025036967102421214,-0.00836362013460834,-0.000265598852909135,0.8236519916967221,0.45534792754498515,0.9896865807231277,0.17759077096268872,-0.06192759691987382,0.767595939186549,-0.29805826313599304,-3.439986203103778,-3.952078469547732,-0.8621523784996131,-0.03519376758374493,-0.0017046644066634551
3.21,-0.016533721811606287,1.49749488516537,-1.01275790872438,-0.5428483354004725,-0.0018014396674624054,-0.00011261334626882102,-0.06680715064676924,0.06797476182884538,0.10768139943020008,0.02670731570407757,-0.007797067491959346,-0.0002277803284239838,0.8718614161021205,0.4258500187195933,0.9217681871311968,0.1663894688763219,-0.02979529252838331,0.8030059307581565,-0.2634705308409845,-3.439744137279833,-3.92778819749188,-0.8569420302213715,-0.03193818669169585,-0.0015118289413708695
3.22,-0.01713790080123707,1.4982149441376154,-1.0116189152617314,-0.5425658597689124,-0.0018733363775640828,-0.0001144979881317748,-0.06041789896307851,0.07200589722453131,0.11389934626485965,0.0282475631560194,-0.00718967101016775,-0.00018846418629537778,0.9164844013597315,0.39343950739759,0.8489217150004331,0.1542626726262739,0.002497153978036959,0.8322438113950411,-0.22747006643780754,-3.442882917110385,-3.9069007858930007,-0.8526285654733776,-0.028505325856300466,-0.0013120809499281786
3.23,-0.017675108384083635,1.4989716960854427,-1.0104233841551513,-0.5422693690459697,-0.001938776386758432,-0.00011597724304315482,-0.05372075828465632,0.07567519478272695,0.11955311065802107,0.02964907229426503,-0.0065440009194349235,-0.0001479254911380026,0.957306921139204,0.3583045905338079,0.7715078487343283,0.1412531092247038,0.0347409405410426,0.8550909408659972,-0.19020879165788127,-3.4493929129286833,-3.889529712017601,-0.8492361175767408,-0.02491005033137497,-0.0011068100546080969
3.24,-0.01814254393270523,1.4997612758492669,-1.0091772698130828,-0.5419603302338755,-0.0019974047212288656,-0.00011704171735264589,-0.04674355486215958,0.07895797638241465,0.124611434206857,0.030903881209425835,-0.005862833447043352,-0.00010644743094910699,0.9941252303939361,0.320651728878232,0.6899119515175329,0.12740868820928464,0.06673106949611185,0.8713786373392036,-0.1518464974581004,-3.459244328087563,-3.8757705311239734,-0.8467841206098468,-0.021168219754077792,-0.0008974435185492467
3.25,-0.018537700160367952,1.5005795940750182,-1.0078868095990416,-0.5416402827406172,-0.00204889612828415,-0.00011768490966216654,-0.039515622766272254,0.0818318225751255,0.12904602140410623,0.032004749325829245,-0.0051491407055284455,-6.431923095206435e-05,1.0267470215549352,0.2807039568253637,0.6045423159989716,0.11278261517751575,0.09826746050390334,0.8809893520562444,-0.11255031826414448,-3.4723878159505794,-3.865700416375072,-0.8452872267752957,-0.01729662365835101,-0.000685435747207032
3.2600000000000002,-0.01885837733694391,1.5014223612004354,-1.0065584925828608,-0.5413108307371044,-0.002092956922557139,-0.00011790324997771341,-0.0320677176575956,0.08427671254171352,0.13283170161808058,0.032945200351273234,-0.004406079427298932,-2.1834031554688375e-05,1.0549926872305424,0.23869904860645358,0.5158282702940593,0.09743346269443576,0.12915593799010683,0.8838574281224065,-0.0724941295590671,-3.488755238788876,-3.8593777904014335,-0.8447552471803779,-0.01331290928253609,-0.0004722576239304907
3.27,-0.0191026965346722,1.50228511265051,-1.0051990268184288,-0.5409736351193483,-0.002129326708013425,-0.00011769611744730562,-0.024431919772829314,0.08627514500745577,0.1359465764431935,0.03371956177561176,-0.003636978545628602,2.0713253040780274e-05,1.0786966717557174,0.19488756382738268,0.4242181445904695,0.08142519093698808,0.1592090990881081,0.8799694415218154,-0.0318578681983442,-3.508260552641288,-3.856842049614441,-0.8451931158765531,-0.0092355019536186,-0.00025938576495667146
3.2800000000000002,-0.01926911179072627,1.5031632350430448,-1.0038153053051,-0.54063040511331,-0.0021577799643386513,-0.00011706583665704477,-0.016641525605406878,0.08781223925349754,0.13837215133287023,0.03432300060383607,-0.0028453256325226177,6.302807902608527e-05,1.097708889646738,0.14953079709899442,0.3301771051641401,0.06482711112887962,0.1882470710734907,0.8693641260603628,0.009173223582060833,-3.5308008009410807,-3.8581133819186033,-0.8466008769101593,-0.005083518443815298,-4.829177923455915e-05
3.29,-0.01935642107021292,1.5040519931991276,-1.0024143708002446,-0.5402828895631008,-0.0021781274864955797,-0.00011601765262158867,-0.008730927948664998,0.08887581560827705,0.14009345048554012,0.03475155502092003,-0.002034752215692835,0.00010481840354561018,1.1118961854454485,0.1028986578535052,0.23418486418788698,0.04771378567642193,0.21609816963099604,0.8521318873488285,0.050409427881609625,-3.5562571988296745,-3.863192678026374,-0.8489736940533289,-0.0008766738031127999,0.00015956838223490184
3.3000000000000003,-0.01936377591201609,1.504946557749685,-1.001003379659976,-0.539932867946085,-0.002190217666590411,-0.00011455968476706518,-0.0007354841803168984,0.08945645505573414,0.14109911402686118,0.03500216170157919,-0.0012090180094831001,0.00014579678545234966,1.121143806689331,0.05526750735217692,0.13673327529902407,0.030164859971774205,0.24259947093383083,0.8284139141826958,0.09165745039579272,-3.5844962895759247,-3.8720615361438657,-0.8523018828106981,0.00336481772913494,0.0003627649044199338
3.31,-0.019290689640937365,1.5058420331282198,-0.9995895648938035,-0.5395821411611021,-0.002193937607668038,-0.00011270286036233229,0.007308627107872445,0.08954753785349345,0.14138147661725653,0.035072678498281655,-0.00037199410776270203,0.00018568244047328862,1.1253568598982162,0.0069179803388309015,0.0383238264562281,0.012264822032752198,0.2675973114109276,0.7984008987053041,0.13272138351676036,-3.615371154400866,-3.8846823593747795,-0.8565709642338485,0.0076203470420762465,0.0005599043328959642
3.3200000000000003,-0.019137044032952893,1.5067334857413128,-0.9981801986266752,-0.5392325221384495,-0.002189214059670375,-0.0001104608280072601,0.01536456079844743,0.08914526130929365,0.14093662671282395,0.03496190226526679,0.0004723547997662539,0.00022420323550721932,1.1244617185651296,-0.04186718123990375,-0.060534956873044256,-0.0058973125417118855,0.29094772923483525,0.7623313795717757,0.17340372616197794,-3.6487226572648113,-3.9009985447864275,-0.8617617400209732,0.011869018934218734,0.0007496394675125548
3.33,-0.018903094326111283,1.507615972112444,-0.9967825541684853,-0.538885826322401,-0.002176014168539882,-0.00010784985193316422,0.023394970684160944,0.08824863711312225,0.13976444581899175,0.03466958160485113,0.0013199891130492923,0.0002610976074095881,1.1184073521877562,-0.09080525555624132,-0.15933018374709731,-0.024228391355774148,0.3125168610064524,0.7204897249555587,0.2135064519721167,-3.684380706790989,-3.9209347626994324,-0.8678503883335495,0.01608976453087955,0.0009306788513828752
3.34,-0.018589472477580887,1.5084845668010565,-0.9954038678964959,-0.5385438620788546,-0.002154346030327937,-0.0001048886880095187,0.03136218485303956,0.08685946886124757,0.13786862719893636,0.03419642435463676,0.0021668138211945413,0.0002961163923645514,1.107166546347614,-0.13961560339558263,-0.25754732926548485,-0.042631591322431106,0.3321813059173211,0.6732037746507163,0.25283211646815884,-3.72216551845389,-3.9443973244046413,-0.8748085797240611,0.020261456468081845,0.0011017957860323187
3.35,-0.0181971885774945,1.5093343899073781,-0.9940513011601811,-0.5382084210821539,-0.0021242590431677657,-0.00010159844248155258,0.03922839000863878,0.0849823106321666,0.13525667363147556,0.03354409967007373,0.0030086987160171134,0.00032902455279661325,1.0907369856792406,-0.18802164146398595,-0.35467300870127866,-0.061006958107357345,0.3498284679155219,0.6208421627344507,0.2911849929290479,-3.7618888614209656,-3.971274636179059,-0.8826036125381789,0.02436302594562198,0.001261836808670402
3.36,-0.01772763034235463,1.5101606339841704,-0.9927319024206368,-0.5378812687361967,-0.002085844051084344,-9.80024145843092e-05,0.04695582351398708,0.08262440767922513,0.13193987395443293,0.03271523459572471,0.0038414992083421447,0.00035960278972433805,1.0691421741780291,-0.23575270411926041,-0.45019777643717457,-0.07925201538959614,0.36535688420851464,0.5638113442630593,0.32837222616214223,-3.8033552759657967,-4.001437737168652,-0.8911985671301688,0.028373580741296887,0.001409729573177618
3.37,-0.01718256062462134,1.510958590189035,-0.9914525698378608,-0.5375641346855963,-0.002039233274826671,-9.412592428934073e-05,0.05450697177332886,0.07979562048645249,0.12793325827760535,0.03171340506004088,0.004661077625767301,0.00038764902949684724,1.042432170560667,-0.28254577353642774,-0.5436189311592774,-0.09726243889311315,0.3786765459298742,0.5025523512817907,0.36420499299672215,-3.846363249128361,-4.0347409184304395,-0.9005524782106114,0.0322725232831377,0.0015444900824338015
3.38,-0.01656411289043509,1.5117236735249309,-0.9902200145188342,-0.5372587034728771,-0.0019846000262066124,-8.999612653964428e-05,0.0618447734186252,0.07650833358959695,0.12325553190265034,0.03054312127192062,0.005463324862005861,0.00041297977496964483,1.0106841201783,-0.32814706110132125,-0.6344433082424782,-0.11493278870369794,0.3897092141175804,0.43753730504300636,0.39849965823280764,-3.8907063382366567,-4.0710224201781395,-0.9106205246292609,0.036039667895544844,0.0016652292259612133
3.39,-0.01587478463392599,1.5124514470318369,-0.9890407246373997,-0.5369666053974552,-0.0019221582037969314,-8.564181341606258e-05,0.06893282565090965,0.07277735069059903,0.11792898814345826,0.02920980754218254,0.0062441822409681005,0.00043543131235817043,0.9740025691417691,-0.3723134259367764,-0.7221900399834993,-0.13215729202937565,0.3983887314384349,0.36926571274089226,0.43107891491135775,-3.936174233975664,-4.1101052040536565,-0.9213542358818229,0.0396553563666297,0.00177115858341584
3.4,-0.015117428713906767,1.5131376448087228,-0.987920930633421,-0.5366894076314682,-0.0018521615692618204,-8.109320575363214e-05,0.07573559200192242,0.06861977768858833,0.111979400397871,0.027719776598702117,0.006999663453511102,0.00045486076624304386,0.9325195506902696,-0.41481361983775233,-0.8063932642974644,-0.14883066734282435,0.40466132748941863,0.2982605782800274,0.46177289811645533,-3.982553756843765,-4.151797797047677,-0.932701714615921,0.043100571025624715,0.0018615954611388452
3.41,-0.014295242616609785,1.5137781937618473,-0.9868665716936416,-0.5364286056463714,-0.0017749028050481912,-7.638173578885489e-05,0.08221860972969816,0.06405489531243984,0.10543589397794417,0.026080198509677147,0.007725876421362915,0.0004711469964777248,0.886394438262103,-0.455429351449351,-0.8866047626873121,-0.16484897979356639,0.4084859131318921,0.2250643576060225,0.49042026204743683,-4.029629783022703,-4.195895203512814,-0.9446078743970511,0.04635704456850764,0.0019359671356842451
3.42,-0.0134117556661842,1.5143692339925297,-0.9858832637100486,-0.536185615002625,-0.001690712355636939,-7.15398224683142e-05,0.08834869504255848,0.05910402306822867,0.09833079835929717,0.02429906437464663,0.008419044941125213,0.0004841913320540688,0.8358135640551004,-0.49395616618547783,-0.9623965087263143,-0.18011051690376334,0.4098343572873495,0.15023478992247907,0.5168692107758898,-4.077186097855387,-4.242179881547753,-0.9570146919783751,0.049407365924486836,0.0019938142848837342
3.43,-0.012470814222606503,1.5149071377546262,-0.984976268903463,-0.5359617635527564,-0.0015999570560224889,-6.660064108530701e-05,0.09409414435776983,0.05379037620965034,0.09069948065856287,0.02238514498685543,0.009075529961445018,0.0004939181383007187,0.7809896059505033,-0.5302041420676807,-1.0333631089419746,-0.1945166728906358,0.4086917380272319,0.07434063669491864,0.540978473892151,-4.125006177228066,-4.290422779875353,-0.9698614732971795,0.052235081513211955,0.0020347935935173954
3.44,-0.011476564924191034,1.515388526928641,-0.9841504672905658,-0.5357582841056292,-0.0015030385525390544,-6.15978889342015e-05,0.09942492984154694,0.0481389174014741,0.0825801612897277,0.020347944712712934,0.00969185034834345,0.0005002752151105505,0.7221607493956206,-0.5639984052776758,-1.0991241188390333,-0.20797282952171692,0.40505655869454493,-0.002042639296445159,0.5626182191109347,-4.172873899145052,-4.340384431186156,-0.9830851323944173,0.05482479130023336,0.002058679526963503
3.45,-0.010433436048762254,1.5158102889754113,-0.9834103301617297,-0.5355763075968903,-0.0014003915225672963,-5.656554868216693e-05,0.10431288754287812,0.042176204677039884,0.07401371288360314,0.01819765087388437,0.010264702997175804,0.0005032340252034568,0.6595896340925979,-0.5951794726736526,-1.1593262178358172,-0.2203892211830647,0.3989409192365514,-0.07833722246708924,0.5816708948088459,-4.220574189623749,-4.391816097766119,-0.9966204824207084,0.05716223911428927,0.0020653652722453673
3.46,-0.009346117083552303,1.5161695913473423,-0.9827598957249464,-0.5354168568073457,-0.0012924817010211312,-5.1537651154993225e-05,0.10873189652099503,0.03593023719309874,0.06504344367833499,0.015945078954458135,0.010790982154616519,0.0005027897527173711,0.5935620980489933,-0.6236034317359905,-1.213645228079922,-0.23168177186539562,0.3903706329147423,-0.15396728821512215,0.5980319963739877,-4.2678936086887145,-4.44446096506795,-1.010400537851463,0.05923439674282623,0.002054862851634514
3.47,-0.008219536608842561,1.5164638943489628,-0.9822027470579316,-0.5352808406674537,-0.0011798037228188212,-4.654803921827115e-05,0.11265804747097419,0.029430300162043753,0.055714866701471924,0.01360161398919988,0.011267797820230996,0.0004989611936722075,0.5243857336605666,-0.6491419713027058,-1.2617879634357891,-0.24177289203444818,0.3793852790789942,-0.22836331002646387,0.6116107511299201,-4.314620883674033,-4.498055378715337,-1.0243568269847874,0.061029541370547453,0.002027302419374981
3.48,-0.007058838614147045,1.516690962450928,-0.9817419924962852,-0.5351690491822659,-0.0010628787917747293,-4.163013440769829e-05,0.11606979946955155,0.022706810196505604,0.04607545616463877,0.011179148518782617,0.01169249310440918,0.0004917904810572859,0.4523882720026942,-0.671682278958964,-1.3034938963792304,-0.25059222380376767,0.36603818369417374,-0.3009662985075845,0.6223307174294676,-4.360547398227282,-4.552330120244353,-1.0384197137380626,0.06253732596903605,0.0019829307571428735
3.49,-0.0058693573782529216,1.5168488740723143,-0.9813802485704904,-0.5350821490070287,-0.0009422521874999234,-3.681670792326192e-05,0.11894812358941238,0.015791162138628925,0.03617439257947687,0.008690017523723004,0.01206266042748058,0.0004813426484436364,0.37791581241494265,-0.6911268229948392,-1.3385366320419676,-0.2580773235685996,0.3503963207305534,-0.37123194173233554,0.6301302942814395,-4.405467646325156,-4.607011716684473,-1.0525187276925898,0.06374884228341017,0.0019221089885387264
3.5,-0.004656591055643795,1.5169360298550216,-0.9811196255887145,-0.5350206796993249,-0.0008184906229649911,-3.2139657552165703e-05,0.12127663226091262,0.008715578270733337,0.026062298177595762,0.006146930770383429,0.012376156453493235,0.0004677050371096222,0.3013309148143643,-0.7073930383969491,-1.3667251802367153,-0.26417427211257927,0.3325401292870198,-0.43863461729124636,0.6349631385658688,-4.449179661246102,-4.661823778861628,-1.0665829012608858,0.0646566760948181,0.0018453095372277834
3.5100000000000002,-0.0034261741217259762,1.5169511594612257,-0.98096171594594,-0.5349850506691286,-0.0006921794663528541,-2.7629792025320053e-05,0.12304169339178189,0.0015129606204029589,0.015790964277451962,0.003562903019623487,0.012631115661213686,0.00045098655268456517,0.22301057203423316,-0.7204129373529937,-1.3879050178958663,-0.2688382033053367,0.3125632433010479,-0.5026712476312538,0.6367984875089793,-4.491485429789902,-4.7164883630678265,-1.080541112768736,0.06525495446610681,0.0017531123573039083
3.52,-0.0021838488378774505,1.5168933269300895,-0.9809075852230689,-0.5349755388435141,-0.0005639198417107977,-2.3316624242773343e-05,0.12423252838485256,-0.005783253113633451,0.0054130722871031725,0.00095118256144327,0.01282596246420564,0.0004313167782546709,0.1433440789417382,-0.7301326652078001,-1.4019589359850653,-0.27203374373342104,0.2905721328146271,-0.5628649716629037,0.6356213846328113,-4.532191302085817,-4.770727350488543,-1.0943224341554063,0.06553938470331336,0.001646200468071662
3.5300000000000002,-0.0009354359046874346,1.516761934633358,-0.9809577661224321,-0.5349922870580418,-0.0004343256236987166,-1.9228174725432235e-05,0.1248412933190016,-0.01313922967313631,-0.005018089936325087,-0.0016748214527633146,0.01295942180120811,0.0004088449517341109,0.06273081424664674,-0.736512022707779,-1.4088076665694693,-0.2737353569797527,0.2666856578835258,-0.6187686071730288,0.6314328078777761,-4.571108407091843,-4.824263838513085,-1.1078564819017518,0.06550728478915475,0.001525354828739662
3.54,0.00031319552209103083,1.5165567258711024,-0.9811122552687499,-0.5350353031820907,-0.00030402034242541583,-1.5390786564648023e-05,0.12486314267784655,-0.020520876225575597,-0.015448914631776464,-0.004301612404885197,0.013030528127330073,0.00038373881607842137,-0.01842205011392511,-0.7395239747198087,-1.4084102873135411,-0.27392758773463743,0.24103453823689755,-0.6699678802995555,0.6242496990358858,-4.608053083366576,-4.876823537780346,-1.1210737696995563,0.06515760506805238,0.0013914485915206868
3.5500000000000003,0.0015561582733281721,1.5162777861488497,-0.9813705128871621,-0.5351044599806579,-0.0001736340149682744,-1.1828953048591036e-05,0.12429627512371412,-0.027893972225267585,-0.025825761841224724,-0.006915679856726398,0.013038632745714143,0.00035618335160569865,-0.09970189822294276,-0.739154164436114,-1.4007644022617982,-0.2726052024686272,0.21376074360711939,-0.7160844001786477,0.6141048940483477,-4.642847333905424,-4.928136168538347,-1.1339060612783054,0.06449094098713833,0.0012454407743674875
3.56,0.0027875778825406615,1.515925543175817,-0.981731465352612,-0.5351994957104409,-4.3799920685852446e-05,-8.565159045663963e-06,0.12314196092124892,-0.03522429730327881,-0.036095246544984076,-0.00950357297829544,0.012983409428242195,0.00032637940029270725,-0.1806930653138962,-0.735400450416772,-1.3859060992752499,-0.2697732250036351,0.18501681116323287,-0.7567783588513756,0.6010469541361839,-4.675319312792452,-4.977936849629065,-1.1462867217104156,0.06350953672587348,0.0010883693970644471
3.5700000000000003,0.004001623389708265,1.5155007656211168,-0.982193510587753,-0.5353200154434019,8.484866213960665e-05,-5.619737121378577e-06,0.12140455071676035,-0.04247775547001069,-0.046204523514093265,-0.0120519732961053,0.01286485828254591,0.0002945421924285386,-0.2609792669188229,-0.7282724817299296,-1.3639096859787079,-0.26544686691690167,0.15496509761707022,-0.7917509385957135,0.5851398981694386,-4.705303850151016,-5.025967473157835,-1.158151065425193,0.06221727957993897,0.0009213441266708404
3.58,0.005192538044485103,1.5150045606608882,-0.9827545262697838,-0.5354654931065245,0.00021168174045032686,-3.0107392569855554e-06,0.11909146547768377,-0.04962049602285893,-0.056101568203079925,-0.014547766312254797,0.012683307831072022,0.0002608997864393022,-0.34014605080022053,-0.7177913239890453,-1.334887207506748,-0.259651354307592,0.12377697428454248,-0.8207464110214298,0.5664628371610838,-4.732643020407135,-5.07197805767955,-1.1694366990785219,0.06061968500432653,0.0007455384803945846
3.59,0.00635466971942047,1.5144383703445405,-0.9834118807903108,-0.5356352742221344,0.000336075893213251,-7.538249265256859e-07,0.11621316749353663,-0.05661903163475373,-0.06573545205270788,-0.016978111560998682,0.01243941527629241,0.00022569143304598696,-0.4177832607362973,-0.7039891463252377,-1.2989877507008594,-0.25242165403697836,0.09163197362335418,-0.8435539145073039,0.5451095123146826,-4.757186757239061,-5.115728072539891,-1.180083857352024,0.05872387226709262,0.0005621816358870905
3.6,0.007482500843800299,1.5138039668029808,-0.9841624468966078,-0.5358285793290211,0.0004574175425576252,1.1378338253456501e-06,0.11278311243798296,-0.0634403541559837,-0.07505661062970083,-0.01933051068866622,0.012134164934437417,0.0001891658751871336,-0.4934875011551028,-0.6869089763543026,-1.2563965407384345,-0.24380210400800806,0.05871689554796733,-0.860008898871449,0.5211877386745624,-4.778793516808981,-5.15698772586032,-1.1900357296952784,0.05653853071973538,0.0003725499007050058
3.61,0.008570677669737495,1.5131034463160762,-0.9850026179275893,-0.53604450806067,0.0005751061908424035,2.6536297786673897e-06,0.10881768259371953,-0.07005204869045481,-0.08401710309814733,-0.021592873164894735,0.011768864828477835,0.00015157959533217393,-0.5668645911354759,-0.6666045270779942,-1.207333837422065,-0.23384595347832438,0.025224881137571487,-0.8699942285242981,0.49481875713235723,-4.797330988993247,-5.195539208558209,-1.1992387759800245,0.054073876752816864,0.00017795789429445692
3.62,0.009614038684241613,1.5123392222509944,-0.9859283265435352,-0.5362820438532487,0.0006885576052385946,3.7855799980104218e-06,0.10433610145041179,-0.07642240650817496,-0.09257086159459818,-0.023753579257864147,0.011345141439619108,0.0001131950219343032,-0.6375319954182856,-0.6431400964873827,-1.1520536395642298,-0.2226148206502403,-0.008645539735017582,-0.8734409377615884,0.4661364983363448,-4.812676854384673,-5.231177886758414,-1.2076430290087734,0.051341601576033125,-2.025050267860163e-05
3.63,0.010607641984272529,1.511514016877707,-0.9869350658351844,-0.5365400592525814,0.0007972069314929363,4.528367066293687e-06,0.0993603300030916,-0.08252053732873729,-0.10067392916492063,-0.025801539933268544,0.010864932625434177,7.427870682832655e-05,-0.7051212188328697,-0.61659053748931,-1.0908422070252157,-0.2101780759656302,-0.04269142176383767,-0.8703286342893132,0.4352867629247631,-4.824719582873485,-5.263713434986661,-1.2152023818139392,0.048354810039671535,-0.0002207113755030198
3.64,0.011546791436332898,1.5106308520631362,-0.9880179126853338,-0.5368173217862389,0.0009005117187137495,4.879361920029784e-06,0.09391494520603685,-0.08831648145708224,-0.10828468501493987,-0.027726253365749184,0.010330478722081317,3.509948537360978e-05,-0.7692801490032983,-0.5870412927429846,-1.0240164110425933,-0.19661216046177632,-0.07670639516449151,-0.8606855495403728,0.4024263234487513,-4.833359267662852,-5.292970902645646,-1.2218748576993759,0.045127950798058335,-0.0004220501217797682
3.65,0.01242706144809531,1.5096930388413894,-0.9891715532446123,-0.5371125003640607,0.0009979548372932164,4.8386282308311086e-06,0.08802700117624132,-0.09378132217467465,-0.11536405592784439,-0.029517857782178455,0.009744311857946683,-4.073368919867623e-06,-0.829675330447763,-0.5545884861394884,-0.9519219244668335,-0.18199984943297043,-0.11048167267428566,-0.844588236814711,0.36772195434462523,-4.8385084866817145,-5.318791706466461,-1.2276228610154436,0.041676738203485594,-0.0006228908586322069
3.66,0.013244320187009134,1.5087041658545008,-0.9903903103726953,-0.5374241721679416,0.0010890472724593204,4.408908394243871e-06,0.08172587389138238,-0.09888729868885979,-0.12187571280830771,-0.031167180388088425,0.009109243516610391,-4.2971983658723796e-05,-0.8859941513310737,-0.5193390600596559,-0.8749312644458037,-0.16642947220674786,-0.1438070729323946,-0.8221609207582422,0.33134939733267765,-4.8400931815615635,-5.341034541904647,-1.2324134067223538,0.03801806640915137,-0.0008218658316193152
3.67,0.013994751089898783,1.5076680866562657,-0.9916681728869481,-0.5377508299895557,0.001173330776442498,3.5955913015953308e-06,0.07504309028896484,-0.10360791982350986,-0.1277862514252718,-0.03266578216140917,0.008428350398317762,-8.133170926485401e-05,-0.9379469223074577,-0.4814109452589229,-0.7934417009132293,-0.14999409934549846,-0.17647206236358493,-0.7935745041588578,0.29349227062835453,-4.838053542684955,-5.359576206813281,-1.236218326885043,0.03416991624943814,-0.0010176247655941614
3.68,0.014674872518341727,1.5065889058712805,-0.9929988264523606,-0.5380908899728666,0.0012503803628540746,2.406662183106639e-06,0.06801214284429448,-0.1079180784985177,-0.13306535654125187,-0.034005998331087854,0.00770495864115767,-0.0001188929118488692,-0.9852688252399165,-0.44093324830930797,-0.7078730449693003,-0.13279070878261345,-0.20826681926003587,-0.7590452404746256,0.2543409313152964,-4.832344887329125,-5.37431233117464,-1.2390144523560118,0.030151255552769842,-0.0012088440973861397
3.69,0.01528155542716487,1.505470964202301,-0.9943756859397084,-0.5384426997167845,0.0013198066276128059,8.526349206455043e-07,0.06066829088231432,-0.11179416689795597,-0.13768594873478365,-0.035180974391789785,0.006942626475873118,-0.00015540272624611345,-1.0277217082509567,-0.39804644001452516,-0.6186653318578944,-0.11491934246857527,-0.23898332498043295,-0.7188330828965314,0.21409130110971766,-4.822938516653504,-5.38515800720484,-1.240783768039922,0.02598193362361414,-0.0013942360300989009
3.7,0.015812038927747858,1.5043188222815933,-0.9957919290731386,-0.538804546692178,0.0013812578816284372,-1.0535326641918916e-06,0.053048350058298784,-0.11521419207077072,-0.14162431334302608,-0.03618469753934872,0.0061451254015631365,-0.00019061675848373958,-1.0650957026958559,-0.3529025271391123,-0.5262764137385861,-0.0964822649467747,-0.2684164879515807,-0.6732397230603012,0.17294366650230764,-4.809822536247454,-5.392048314757563,-1.2415135402939987,0.021682570703187597,-0.0015725573490434901
3.71,0.016263943643950108,1.503137243366115,-0.9972405311838628,-0.5391746669266237,0.0014344220814617417,-3.2965399368063785e-06,0.045190471620224965,-0.1181578915478254,-0.14486021107241231,-0.03701202344456787,0.00531641998333045,-0.00022430072726144869,-1.097210637389815,-0.3056651891746457,-0.43117947783016974,-0.07758313489603497,-0.2963653063679672,-0.6226063347351853,0.1311014648594114,-4.793002624192791,-5.394938737637521,-1.241196415199829,0.01727444328050515,-0.0017426179399036275
3.72,0.01663528277630846,1.5019311748821238,-0.9987143008833164,-0.5395512539097743,0.0014790285453315085,-5.858860280550624e-06,0.037133913235835016,-0.12060684839912715,-0.14737696994535465,-0.03765869831506147,0.004460646386976683,-0.0002562320343744245,-1.123917225887348,-0.25650986171311296,-0.3338605057193195,-0.058326200179612764,-0.3226340750629646,-0.5673110399075019,0.0887700684647585,-4.772502730128996,-5.393805467182809,-1.239830486642876,0.012779366174228809,-0.001903288950694572
3.73,0.016924470809547815,1.5007057288321313,-1.000205916467008,-0.5399324676720312,0.0015148494431303182,-8.720872824386839e-06,0.028918803323935604,-0.1225446049992562,-0.14916155836918116,-0.03812137622568374,0.0035820897798809754,-0.0002862012543836215,-1.1450980039004397,-0.20562374830971938,-0.2348156897230989,-0.0388155261769354,-0.34703364092822486,-0.5077661166089906,0.046155578657280025,-4.748365688656364,-5.3886455902781965,-1.2374193333533239,0.008219572339360815,-0.0020535105404600592
3.74,0.017130329819207733,1.4994661610859175,-1.001707962859293,-0.5403164439893056,0.001541701050539336,-1.1861008166846757e-05,0.020585900965991763,-0.12395677462138069,-0.15020463922849556,-0.038397631727441844,0.0026851607409017785,-0.00031401353424599177,-1.1606679961201176,-0.15320574348121058,-0.13454882211461577,-0.019154266326908975,-0.3693827094682236,-0.4444149695944013,0.003463642146877122,-4.72065373058861,-5.379477159807156,-1.2339720242929726,0.0036175913696568397,-0.0021922991594834356
3.75,0.017252093355049705,1.4982178495874723,-1.003212968909422,-0.5407013036670286,0.0015594447588909014,-1.5255907107408457e-05,0.012176353584197126,-0.12483114984451858,-0.1505006050128929,-0.03848596777230688,0.0017743708351565263,-0.0003394898940561701,-1.170575094800585,-0.09946625067933815,-0.03356867280431157,0.000556017242411333,-0.38950920262080047,-0.377728886513542,-0.039101698745431575,-4.689448876079035,-5.3663391464268235,-1.2295030920146193,-0.0010038723342387886,-0.002318754308091064
3.7600000000000002,0.017289407901548114,1.4969662715210885,-1.0047134448503956,-0.5410851618571966,0.0015679878341055987,-1.8880591312646416e-05,0.003731454649840836,-0.12515780663838655,-0.1500475940973519,-0.03838581901679635,0.0008543075214697244,-0.000362468420523796,-1.1748001364669494,-0.04462688067225322,0.06761362931724604,0.020215976241561212,-0.40725166490678255,-0.3082036035447391,-0.08133911077863354,-4.654853194496006,-5.34929127144418,-1.224032473869473,-0.005622060779897823,-0.0024320647239139803
3.77,0.01724233193880275,1.495716979492205,-1.0062019197343126,-0.5414661373631,0.0015672839198129145,-2.2708644765838224e-05,-0.004707596274536395,-0.12492920288835657,-0.1488474883917048,-0.038097550590341984,-7.039142926842652e-05,-0.0003828053453191809,-1.1733566679574532,0.011079982277419187,0.16848719669039977,0.039729036433045706,-0.4224607113936507,-0.23635570551811735,-0.12305101913283144,-4.616988917109486,-5.328413721470253,-1.2175854211912331,-0.010214282067165736,-0.002531513950753554
3.7800000000000002,0.017111332650216884,1.4944755767917808,-1.0076709786609879,-0.5418423618874514,0.0015573332816326301,-2.671240477552241e-05,-0.013099928858586754,-0.12414027004242405,-0.14690589266751922,-0.037622452435136566,-0.0009950638180284419,-0.0004003760009684185,-1.16629039861159,0.06741175677676985,0.26854395104052325,0.05900189136669465,-0.43500050699376835,-0.16271888637716414,-0.16404459222793924,-4.575998390160111,-5.303806746419224,-1.210192376839244,-0.014758027680539297,-0.002616485245965563
3.79,0.016897280345802897,1.4932476918267317,-1.009113299620536,-0.5422119891808738,0.0015381827915250227,-3.086316125123007e-05,-0.021405230441398714,-0.12278849650490403,-0.14423209595482692,-0.03696272934223935,-0.0019150490107607359,-0.0004150756475707662,-1.1536783416190695,0.12411639100902527,0.3672811457657328,0.0779449268401391,-0.4447502624360009,-0.0878400963749737,-0.20413265417689574,-4.5320438576979765,-5.275590143288255,-1.2018888217342965,-0.019231086598236528,-0.0026864657875203864
3.8000000000000003,0.016601440691528784,1.492038951813036,-1.010521689775305,-0.5425732040491148,0.001509925653085544,-3.5131362893737324e-05,-0.029583965427411475,-0.1208740013695768,-0.14083901547690075,-0.03612148682410679,-0.0028257138439478626,-0.0004268201642507249,-1.1356276541698296,0.18093324482621034,0.4642038304486948,0.09647257473372317,-0.45160572802830234,-0.012275602705360877,-0.2431345185463747,-4.4853070656762375,-5.2439026289902575,-1.1927150912660955,-0.023611655508624263,-0.002741050146591188
3.81,0.016225464855221885,1.4908549558422417,-1.0118891210118888,-0.5429242311788794,0.0014727008706348474,-3.948682889322569e-05,-0.037597583630689824,-0.11839959707941136,-0.1367431236583719,-0.03510271297646015,-0.003722478245069668,-0.00043554659994883706,-1.1122741928708322,0.23759412936480895,0.5588272462029088,0.11450359619517148,-0.45548066227587203,0.06341300967046426,-0.2808767387590161,-4.435988681133823,-5.2089011063050545,-1.1827161626882863,-0.02787844451765877,-0.0027799429966317113
3.8200000000000003,0.015771377697734585,1.4897012474460263,-1.0132087645998917,-0.5432633437438041,0.001426692466906676,-4.3898964682253756e-05,-0.04540871574873015,-0.11537083962153942,-0.1319643588002972,-0.033911256492466145,-0.004600840372817122,-0.00044121357890280626,-1.0837808076791944,0.293824503308989,0.6506791416215824,0.13196129557833558,-0.4563082487393917,0.13866287039074865,-0.31719377223004186,-4.384307522866162,-5.170759827755586,-1.171941414842528,-0.03201077783174899,-0.00280296103538659
3.83,0.015241564153916452,1.4885832867968762,-1.0144740248005457,-0.5435888717538018,0.001372128456031883,-4.8336980252024855e-05,-0.05298135438181331,-0.11179606491499769,-0.12652602006540356,-0.03255280099976574,-0.005456401087479308,-0.00044380155697710996,-1.0503354040823187,0.3493448218793708,0.7393020002247864,0.14877366779936052,-0.4540424314204472,0.21291386298470538,-0.3519285571363584,-4.330499602720195,-5.129669462897398,-1.1604443617651408,-0.035988689005760875,-0.002810034102076647
3.84,0.014638753961046093,1.4875064226956303,-1.0156785712751253,-0.5438992101127624,0.0013092795803243118,-5.27701095106984e-05,-0.06028101928703587,-0.1076864101245952,-0.12045464745794691,-0.031033835896067643,-0.00628488757075713,-0.00044331292586735453,-1.0121488091684423,0.40387203159349355,0.8242551714357501,0.16487348299909588,-0.4486591366335686,0.2856126452962318,-0.3849330025143397,-4.27481697951356,-5.085836075125924,-1.1482823619261577,-0.03979301045237385,-0.002801205478058591
3.85,0.01396600490243807,1.4864758645082676,-1.0168163701502846,-0.5441928263513829,0.0012384578210620904,-5.716782914205193e-05,-0.06727490586080229,-0.10305581873626778,-0.11377988751592992,-0.029361623862040328,-0.007082175926222144,-0.0004397719631353529,-0.969452482320515,0.4571212008870505,0.9051168982382725,0.18019831352862603,-0.4401573479402652,0.35621662584661323,-0.4160683941203578,-4.21752643051639,-5.0394800146529,-1.1355163050295174,-0.04340545701334816,-0.0027766313655067485
3.86,0.013226684740722588,1.485496654224706,-1.0178817136048794,-0.5444682680036967,0.00116001469499695,-6.150007541227032e-05,-0.07393201617154811,-0.097921028356172,-0.10653434545948468,-0.027544165231384473,-0.00784431260651403,-0.00043322462702183936,-0.9224961152954679,0.5088072738566538,0.9814862357667994,0.19469050922025755,-0.42856000040746345,0.42419787158878225,-0.4452057201143265,-4.158907948393148,-4.990834734777978,-1.1222102784630201,-0.046808703492200864,-0.0027365795450332614
3.87,0.012424452018658196,1.4845736388212476,-1.0188692478504686,-0.544724169597672,0.0010743393496887763,-6.573745737259163e-05,-0.08022327220643924,-0.09230154034582402,-0.09875342455890951,-0.025590159397522523,-0.008567534530817367,-0.0004237381960321322,-0.8715451692187588,0.55864693173325,1.0529848561011457,0.2082971277620409,-0.41391466130927634,0.48904692319437204,-0.47222592209388037,-4.0992530744249835,-4.94014553898355,-1.108431215626412,-0.04998645613834962,-0.002681427219580439
3.88,0.01156323590524239,1.4837114431154805,-1.0197739993854698,-0.5449592592320187,0.0009818564719314758,-6.985146491650336e-05,-0.08612161134158054,-0.0862195705767078,-0.09047515350010309,-0.02350896343466867,-0.009248287775730052,-0.00041140075439117314,-0.8168783973721169,0.6063605442660318,1.11925873548702,0.22096982764172335,-0.39629396645355763,0.5502764946749994,-0.49702007827325007,-4.0388630816623365,-4.887668266709938,-1.0942485284844587,-0.052923518152293764,-0.002611658058311428
3.89,0.010647215261399471,1.4829144433077057,-1.0205913994108207,-0.5451723647131036,0.0008830240244935106,-7.381467017260449e-05,-0.09160206438429183,-0.07969998077748634,-0.0817400025350852,-0.021310548108492394,-0.009883244743796522,-0.00039632052561011216,-0.7587854024780428,0.651674191033068,1.1799797210331402,0.2326647316328998,-0.37579578458345475,0.6074250347742401,-0.519489526631439,-3.9780470243355355,-4.833667925926338,-1.079733726788487,-0.05560584934767798,-0.0025278584605231916
3.9,0.00968079709282251,1.4821867414061807,-1.0213173063029413,-0.5453624192275893,0.0007783308271323186,-7.76009207484796e-05,-0.09664181685769607,-0.07277019015250326,-0.072590689212058,-0.019005451448567835,-0.0104693197361192,-0.0003786250575875125,-0.697564275445707,0.6943217308296284,1.2348469746573096,0.2433422690722038,-0.3525430867093693,0.6600601281311822,-0.5395459366214154,-3.9171196723218173,-4.7784172808024,-1.0649600264839627,-0.05802062015740471,-0.002430713065740736
3.91,0.008668594547901564,1.4815321407344944,-1.0219480260477838,-0.5455284665281059,0.000668293998353024,-8.118552338719891e-05,-0.10122025449209449,-0.06546006716863972,-0.06307197448426329,-0.01660473005166539,-0.011003682877929463,-0.00035846026387193017,-0.6335193592627005,0.7340468957490671,1.2835882926239917,0.2529670053187605,-0.3266835026649968,0.7077817147283822,-0.5571113385167117,-3.8563993516772195,-4.72219540290951,-1.0500019498729556,-0.06015626020620556,-0.0023209995420619043
3.92,0.00761540460645051,1.4809541227181386,-1.022480330547793,-0.5456696656109269,0.0005534562746718007,-8.454541665645387e-05,-0.10531899414510548,-0.0578018016355743,-0.05323045000091402,-0.014119908282095047,-0.01148377236812233,-0.0003359893269254956,-0.566959176983982,0.7706053853900744,1.3259612994523906,0.26150746669906244,-0.2983885534861148,0.7502251065821837,-0.5721181196634801,-3.7962057141420464,-4.665286194443586,-1.0349349201287388,-0.062002501690674915,-0.002199582690451465
3.93,0.006526185590597471,1.4804558251437514,-1.0229114737216716,-0.545785294866258,0.0004343832242229952,-8.76593313607998e-05,-0.10892190158530383,-0.049829757438720874,-0.04311431738785351,-0.01156292553310981,-0.01190730504488055,-0.0003113914704345931,-0.4981945567363996,0.8037669358138365,1.3617545152659338,0.26893596896985716,-0.2678525551925075,0.7870637810485838,-0.5845089968030157,-3.7368574600749715,-4.607976891966294,-1.0198348527652858,-0.06355041780977094,-0.002067407907982749
3.94,0.00540603461324095,1.4800400220785404,-1.0232392053249857,-0.5458747556833795,0.00031166037143282065,-9.050793744977489e-05,-0.11201509773565216,-0.04158030652111033,-0.03277316033141054,-0.008946081712149619,-0.012272285279017454,-0.00028486060889750897,-0.4275369795323391,0.8333173374500623,1.3907882957972606,0.2752284568939807,-0.23529119697687606,0.81801193052356,-0.5942369732384576,-3.6786700404260744,-4.5505565591140025,-1.0047777466474792,-0.0647924564748062,-0.001925494057953708
3.95,0.004260165062453604,1.4797091056290732,-1.0234617824278567,-0.5459375754945069,0.00018589024919271198,-9.30739762884019e-05,-0.1145869550787346,-0.03309164494670898,-0.022257710287094855,-0.006281981112744937,-0.012577012224010867,-0.0002566038838627005,-0.3552971677270753,0.8590603761177862,1.4129156442758377,0.28036436191100567,-0.20093980442757897,0.8428267487710873,-0.6012652889544907,-3.6219533640929926,-4.493314576627303,-0.9898392770888931,-0.06572246949917557,-0.0017749257993276621
3.96,0.0030938842027233115,1.4794650697079772,-1.0235779784943178,-0.5459734102428817,5.768939452837512e-05,-9.534237726118613e-05,-0.11662808597302922,-0.024403592109607686,-0.011619606646117369,-0.0035834748374761866,-0.012820085466433685,-0.0002268400972784231,-0.2817839234534413,0.8808196716866419,1.4280228943242745,0.28432648407806926,-0.16505130597220163,0.8613104346489904,-0.6055673708821154,-3.567009537295703,-4.436539137913537,-0.9750943935239664,-0.06633573742617385,-0.0016168454320428646
3.97,0.0019125709565471394,1.4793094959642008,-1.023587090016396,-0.5459820462622781,-7.231469679440736e-05,-9.73003577954647e-05,-0.11813132461761722,-0.015557374377649966,-0.0009111522078272313,-0.0008636019396417297,-0.013000409132278247,-0.0001957980534278583,-0.20730321764167264,0.898440389653846,1.4360302627713817,0.2871009035797796,-0.12789392797399946,0.8733118947028572,-0.6071267893606339,-3.514130661440996,-4.380515758174178,-0.9606169241611746,-0.06662899010039562,-0.0014524443183794346
3.98,0.0007216539132140359,1.4792435420174808,-1.0234889406646503,-0.5459634015568422,-0.00020348664192760348,-9.893750601394787e-05,-0.11909170433331034,-0.006595394672002593,0.009814935174564254,0.0018644705435866692,-0.013117194513319613,-0.00016371482184831631,-0.13215752160479574,0.9117908020417917,1.43689227101303,0.2886769260117745,-0.08974865060259551,0.8787281270006173,-0.6059372255201296,-3.463596715325166,-4.325525804912604,-0.9464791899248539,-0.06660042302690236,-0.0012829539437564028
3.99,-0.0004734104038324324,1.4792679321206548,-1.0232838829258106,-0.5459175264719748,-0.00033518625475859363,-0.00010024584535849031,-0.11950643170464684,0.002439010317400887,0.020505773883978763,0.004587508486741027,-0.013169961283099016,-0.00013083393445424433,-0.05664536496101991,0.9207636755167519,1.4305980332043635,0.2890470645271366,-0.050906462505304284,0.8775052697545482,-0.60200245282938,-3.415673546448729,-4.27184505738906,-0.9327516298771261,-0.066249709495421,-0.0011096366830486617
4.0,-0.0016671589933807945,1.479382950354653,-1.022972797207348,-0.5458446037488579,-0.00046677162850264646,-0.0001012198806663838,-0.1193748589548362,0.011501823399821342,0.031108571846277376,0.007292272311685282,-0.013158537374405284,-9.740353078934996e-05,0.018938903828435105,0.925277466474015,1.417171409206845,0.28820706068188073,-0.01166545724693964,0.8696392997675886,-0.5953363344697289,-3.3706109947070484,-4.219742302312321,-0.9195024401797692,-0.06557800837736281,-0.0009337763407621067
4.01,-0.002854143550494477,1.4795884364405942,-1.0225570883983173,-0.5457449479572186,-0.0005976022043975206,-0.00010185662532551282,-0.11869845571136824,0.020548608594121043,0.04157088090307245,0.009965579163926456,-0.013083057589487421,-6.367446591290048e-05,0.09430518453842597,0.9252773050026731,1.3966710198501162,0.28615594455451454,0.02767218169691149,0.8551763675866464,-0.5859628365515004,-3.3286411698009783,-4.169477972754177,-0.9067972285107928,-0.06458796743459669,-0.0007566685351861125
4.0200000000000005,-0.004028951361212394,1.479883784231631,-1.0220386798856733,-0.5456190043030397,-0.0007270418145071335,-0.00010215560928422511,-0.11748078107179176,0.029534779103675468,0.05184085126439846,0.012594365417892616,-0.012943961010961286,-2.9898395871229715e-05,0.16916755541194534,0.9207357521126389,1.3691901217542626,0.28289613336618835,0.06680325802962284,0.8342127584698726,-0.5739160555348732,-3.28997690141764,-4.121302836946757,-0.8946986856942741,-0.06328372191389747,-0.0005796109979598018
4.03,-0.0051862259272746096,1.4802679429242962,-1.0214200050355025,-0.5454673468101823,-0.000854461687266053,-0.00010211886784434377,-0.11572745660622148,0.03841586926651457,0.061867485017089545,0.01516574928573412,-0.012741987275891958,3.674143988134769e-06,0.24324410600855897,0.9116533173389826,1.334856338695228,0.2784335665573492,0.10542665116293493,0.806894470891248,-0.5592402566012856,-3.254810378605786,-4.0754567432753355,-0.8832662761367533,-0.06167088814294733,-0.00040389386134500607
4.04,-0.0063206873337266324,1.4807394210053746,-1.0207039961592521,-0.5452906758772887,-0.0009792434049493367,-0.000101750911319957,-0.11344614064520225,0.04714780810784255,0.07160088762502721,0.017667093289348155,-0.012478171768328376,3.679565243867677e-05,0.3162567145654746,0.8980587268083547,1.2938312463457384,0.27277787395469577,0.1432463655969971,0.7734164072950196,-0.5419899181941195,-3.2233119918645303,-4.032167427413246,-0.8725559484918359,-0.05975655179566355,-0.00023079000589915912
4.05,-0.007427152372813384,1.4812962929260545,-1.0198940709960795,-0.5450898152138912,-0.00110078180272112,-0.00010105867579902978,-0.11064650390867514,0.05568719206799454,0.08099251631725424,0.02008606633974942,-0.012153839777178313,6.922355209272298e-05,0.38793081265215984,0.8800089350120489,1.246309807184911,0.26594257246181385,0.1799744919205768,0.7340211751514205,-0.5222297765566495,-3.195629388335191,-3.9916493871618783,-0.8626198677988433,-0.0575492504591321,-6.154554118671576e-05
4.0600000000000005,-0.008500554435252631,1.4819362084706111,-1.018994116753873,-0.5448657081623711,-0.0012184877992941347,-0.00010005145539805207,-0.10734020624392471,0.06399155445566063,0.08999542422065565,0.022410705152004405,-0.01177059965730147,0.00010072204009777084,0.4579951792379408,0.8575888768461615,1.1925196524873498,0.25794528554487073,0.2153340328102522,0.6889975000113203,-0.5000348628864745,-3.171886747196324,-3.9541028301586745,-0.8535061701638085,-0.05505895011383387,0.00010262950834310537
4.07,-0.00953596317492391,1.4826564047624589,-1.0180084717633033,-0.5446194134152891,-0.0013317911495204214,-9.874081655047191e-05,-0.10354087396712797,0.07201962918477235,0.09856449905696027,0.02462947470820429,-0.011330335022628668,0.00013106388475801612,0.5261818041461029,0.8309109599004255,1.13272020857684,0.2488079787721018,0.249061551159111,0.6386782561343589,-0.4754905247400764,-3.1521842789779546,-3.9197126992008036,-0.8452587408742124,-0.05229701513497042,0.0002605702411533865
4.08,-0.010528603945457729,1.4834537208264018,-1.016941904811395,-0.5443521001406305,-0.0014401431094356292,-9.714049501619226e-05,-0.0992640770533818,0.0797316063943059,0.10665669519082219,0.026731327465861935,-0.01083519599152078,0.00016003215342796532,0.5922258573491627,0.8001143004594568,1.0672016649946519,0.23855720375916079,0.28090960222946215,0.5834381243156094,-0.44869242259447845,-3.13659794910087,-3.888647779501932,-0.8379170166645789,-0.04927617143678073,0.000411165570367999
4.09,-0.011473876997475803,1.484324614602636,-1.015799592233512,-0.5440650425306782,-0.0015430190044051348,-9.52662764406351e-05,-0.09452730520180741,0.08708937762342822,0.11423125778831494,0.028705760995227474,-0.01028758949695055,0.0001874218575557154,0.655865795828873,0.7653637101708511,0.9962837828780918,0.22722434215382847,0.3106489173297997,0.5236908906561367,-0.41974649203374287,-3.1251794225799014,-3.861059891755263,-0.8315158126804835,-0.046010462414391266,0.0005533665016580222
4.1,-0.012367376413698917,1.4852651822858303,-1.0145870928552623,-0.5437596137935097,-0.0016399206910836087,-9.313586142655159e-05,-0.08934994162231141,0.09405676831942043,0.12124993782496615,0.03054287371685888,-0.009690168667847401,0.0002130415014083521,0.7168436339749105,0.7268484437818785,0.9203145426879638,0.21484584074062685,0.3380703127780009,0.45988640413668636,-0.38876886189687504,-3.1179562235744234,-3.837083174418001,-0.8260851745252568,-0.04251519738891666,0.0006861939318500741
4.11,-0.013204908746241372,1.486271179841747,-1.0133103208885517,-0.5434372796095006,-0.0017303789039179482,-9.076871620871702e-05,-0.0837532332542455,0.10059975559165975,0.12767719667107036,0.032233418400904386,-0.009045821283433937,0.0002367145217834566,0.7749053969563143,0.6847807216950695,0.8396686314524918,0.2014634284007517,0.36298630462012893,0.3925072148588916,-0.3558857189114105,-3.114932100390538,-3.816833458161636,-0.8216502556182506,-0.0388068923304416,0.0008087459057380294
4.12,-0.013982511306626344,1.487338046534648,-1.011975516898742,-0.5430995910786759,-0.0018139554769165504,-8.818591013980721e-05,-0.07776025603849711,0.10668666929010193,0.13348039898096073,0.033768853082474036,-0.008357657299860231,0.00025828060689098,0.829801769412753,0.6393940442871677,0.754745770904831,0.18712430552587378,0.3852324165103136,0.3220649186286182,-0.32123310984452275,-3.1160875836988327,-3.800407734949389,-0.8182312199470052,-0.03490320271872029,0.0009202042719908102
4.13,-0.01469647004488457,1.4884609302814393,-1.0105892169725066,-0.542748177188239,-0.0018902454313972548,-8.54099413041043e-05,-0.07139587382582264,0.11228837467913283,0.13862999262355086,0.0351413890436932,-0.0076289954480704344,0.0002775968835702904,0.8812889444350923,0.5909413179201518,0.665968889258141,0.17188129658105078,0.40466817510301567,0.2490962370866423,-0.2849566730208238,-3.121380723184828,-3.7878837237087772,-0.815843170159052,-0.030822848500790593,0.0010198406829855329
4.14,-0.015343336940047173,1.4896347146333868,-1.0091582202283567,-0.5423847368331092,-0.0019588789204341124,-8.246455167331124e-05,-0.06468668951626025,0.11737843519475848,0.1430996744149914,0.036344035512976984,-0.0068633489036857885,0.0002945389630793066,0.9291296703911097,0.5396928152901844,0.5737821408778114,0.15579295681393068,0.4211777940445556,0.1741588657701848,-0.24721129216252347,-3.1307479856447675,-3.779319534064544,-0.8144961008128825,-0.026585531215510678,0.0011070218878655106
4.15,-0.015919946810910995,1.4908540471735048,-1.0076895548238403,-0.5420110304257478,-0.002019523020771464,-7.93745333048383e-05,-0.05766098708638232,0.1219332540118062,0.14686654045164832,0.03737064073613911,-0.006064410033735149,0.00030900183684729414,0.9730944859506135,0.4859339951581732,0.47864877972441633,0.1389236246731036,0.43467055397827714,0.0978271252525903,-0.2081606668719424,-3.1441052957173468,-3.7747534290882285,-0.8141948764922622,-0.02221184347405404,0.001181214273129318
4.16,-0.01642343344361678,1.49211336910755,-1.0061904426249049,-0.5416288711349235,-0.002071883363083467,-7.616552715672893e-05,-0.05034866327057848,0.12593219340453582,0.14991121989354572,0.038215929082431564,-0.00523603423120028,0.00032090061481093653,1.0129631269060388,0.4299632085313782,0.3810488941544226,0.12134341222678957,0.44508089170853626,0.020687452811628093,-0.1679767956577265,-3.1613491990334124,-3.774203687507727,-0.8149392343836692,-0.017723171109044197,0.0012419876105959839
4.17,-0.016851244921773624,1.4934069458190984,-1.004668262713752,-0.5412401157963059,-0.0021157055916472974,-7.28638161542757e-05,-0.04278114781568432,0.12935767115482077,0.15221799111529016,0.038875533861755414,-0.004382222856383047,0.0003301711002453233,1.048526082275487,0.37208931997219225,0.2814770124022078,0.10312812687507655,0.4523682166495204,-0.05666622611327932,-0.12683936915562752,-3.1823581265912417,-3.777668565307476,-0.8167238108231215,-0.013141588429453675,0.0012890179786476746
4.18,-0.017201158035973472,1.4947288981545233,-1.0031305139215176,-0.540846655540834,-0.002150776644785216,-6.949611419079643e-05,-0.03499131141998469,0.13219523354248114,0.1537748792234258,0.039346025547189904,-0.0035071053137918674,0.000336770196347927,1.0795862718941003,0.31262927385755346,0.18043958982287592,0.08435911879803859,0.45651647679073726,-0.1336372061134572,-0.0849350730568077,-3.2069937386352065,-3.785126356141042,-0.819538191235775,-0.008489747139704478,0.0013220898292005856
4.19,-0.017471291642890813,1.4960732342019007,-1.0015847765811585,-0.5404504061896372,-0.0021769258478279976,-6.608935277854945e-05,-0.027013360691734118,0.1344336047377424,0.15457373403591088,0.03962493511967148,-0.0026149203042781237,0.000340676141224697,1.1059608133876098,0.25190563606390604,0.07845239069443354,0.06512304989783402,0.45753349955620326,-0.20963074829971007,-0.042456802171918134,-3.2351023262305585,-3.7965355494779462,-0.8233669828191038,-0.003790759595790936,0.0013410971798588482
4.2,-0.01766011884000869,1.4974338813289134,-1.0000386737038547,-0.5400532984668467,-0.0021940258108697976,-6.267046708502098e-05,-0.018882719711787663,0.1360647127012664,0.15461028773038296,0.03971077227905278,-0.0017099963041800038,0.00034188856935284714,1.1274828431848072,0.19024414168294224,-0.02396222098550303,0.045511581485777386,0.45545013506981036,-0.28405882344675226,0.00039721103377428216,-3.2665162490756905,-3.8118350849204194,-0.8281899092576621,0.0009319228248756971,0.001346043918114674
4.21,-0.017766477820529255,1.4988047182486905,-0.9984998317889329,-0.53965726808387,-0.002201993124228528,-5.926618309457655e-05,-0.010635898052056326,0.13708369197771947,0.15388419149218482,0.03960303829766273,-0.0007967313358730352,0.00034042839904444233,1.1440033541247425,0.12797127896612862,-0.12627806574668238,0.025620979536592713,0.45031923046577393,-0.35634481033927456,0.043424348260247644,-3.3010553888554366,-3.830944700658616,-0.8339819267038667,0.005654635372955727,0.0013370432122056454
4.22,-0.01778958127431192,1.5001796068890842,-0.9969758414826374,-0.5392642457505843,-0.0022007888452984345,-5.590280762560213e-05,-0.0023103453782664807,0.1374888640393617,0.1523990306295444,0.039302233328570045,0.00012042789300934192,0.0003363375468974423,1.1553930112749908,0.06541193874502,-0.22796799059929093,0.005551637978887802,0.44221446402800435,-0.42592810850607465,0.08641863066019219,-3.3385285985850484,-3.853765373589958,-0.8407133602142208,0.01035362865505499,0.0013143160312496776
4.23,-0.017729024204750275,1.5015524238500015,-0.9954742183049342,-0.5388761471703779,-0.0021904187713811234,-5.2606022908748186e-05,0.006055706956164362,0.1372816960917185,0.15016231777032038,0.03880985802063315,0.0010370073917311227,0.0003296784716853946,1.1615439077782284,0.002887157086091003,-0.3285067501761233,-0.014592477791405156,0.43122906718945053,-0.492268625576644,0.1291718091689901,-3.3787351298862975,-3.88017984821448,-0.8483500597933077,0.015005199443202503,0.0012781887854589411
4.24,-0.01758479003828726,1.5029170912448946,-0.9940023636658284,-0.5384948630770222,-0.002170933494102147,-4.940068739283323e-05,0.0144234166463014,0.136466739489296,0.14718546391058135,0.03812840933556676,0.001948527727897623,0.000320533551591496,1.1623712238323038,-0.059288023066625804,-0.4273739075708966,-0.03470446332285726,0.4174744608690988,-0.554851100924489,0.17147451013266216,-3.4214660219301662,-3.9100532510376826,-0.8568535751678062,0.019585822532702437,0.001229090105485843
4.25,-0.017357254912639772,1.5042676067361058,-0.9925675263933484,-0.5381222493719411,-0.002142428232153284,-4.631064439157975e-05,0.022753512564748835,0.13505154912113146,0.14348372724799205,0.03726137050811386,0.0028505261948863206,0.000309004300125348,1.1578147541884218,-0.12080654800115008,-0.5240567346567537,-0.05467517791985976,0.4010788304159538,-0.6131892290168295,0.21311742542012474,-3.4665054378244866,-3.9432337868691065,-0.8661813483890715,0.024072282598479305,0.001167546788166968
4.26,-0.01704719004155535,1.505598072589204,-0.9911767649943446,-0.537760117420558,-0.0021050424403333294,-4.3358540116992764e-05,0.03100648710844233,0.13304658530980418,0.13907613990038986,0.03621319513831509,0.003738579181995467,0.00029521042745869855,1.1478402727036185,-0.18137118677216438,-0.6180530911987808,-0.07439401075594754,0.38218566071166915,-0.6668295479493628,0.2538925354085882,-3.5136319364645763,-3.9795535131007482,-0.8762869233443433,0.028441805002856112,0.0010941789439899137
4.2700000000000005,-0.016655762067794084,1.5069027235884038,-0.9898369108665467,-0.537410224566017,-0.0020589591941772623,-4.056565256432174e-05,0.039142797376126415,0.13046509991999108,0.13398541277979106,0.0349892854540981,0.004608324615606686,0.00027928875526710253,1.1324407063587092,-0.24069618515127275,-0.7088742618698697,-0.0937497017550033,0.36095224993320585,-0.7153550609530168,0.2935943527142682,-3.562619670244272,-4.018829187786398,-0.8871201712426793,0.032672184528931746,0.0010096943893953562
4.28,-0.016184531331711795,1.5081759536733144,-0.9885545326759262,-0.5370742649176943,-0.0020044043508473768,-3.795173261977694e-05,0.04712307360822871,0.127323008491059,0.12823781906204554,0.0335959648322616,0.005455484332988573,0.00026139199445448006,1.111637095583619,-0.29850872661599204,-0.796047730360353,-0.11263120736966714,0.33754821725973905,-0.7583885612027271,0.3320211743020238,-3.6132395014846312,-4.060863187120112,-0.8986275311309136,0.036741911051615485,0.0009148823344247236
4.29,-0.015635447999975315,1.5094123411762201,-0.9873359021073248,-0.5367538604705382,-0.001941645488390944,-3.553485865623532e-05,0.05490833317364818,0.12363875029058605,0.12186305686014287,0.032040444715607554,0.006275886245643275,0.00024168739635416174,1.0854793225429489,-0.35455019086920886,-0.8791198701116704,-0.1309286002925747,0.3121540165957555,-0.7955956329840155,0.36897632963374466,-3.6652600329212515,-4.105444487728737,-0.910752264486484,0.040630291210705244,0.0008106064231193347
4.3,-0.01501084601720666,1.51060667255853,-0.9861869611885997,-0.5364505526094105,-0.0018709906269266396,-3.333130576493518e-05,0.06246019827686551,0.11943313823100342,0.11489409187250928,0.03033078611276584,0.007065486146430444,0.00022035528913001478,1.0540465940402524,-0.4085772043982741,-0.9576585318158385,-0.14853399119938082,0.2849594653261249,-0.8266873051748606,0.4042694127825117,-3.7184485500418156,-4.152349709045912,-0.9234347229263548,0.04431756521446128,0.0006977971903634911
4.3100000000000005,-0.014313434862361656,1.5117539645645248,-0.9851132913792561,-0.5361657940502665,-0.0017927867367851739,-3.1355430643616606e-05,0.0697411154845003,0.11472920059947879,0.10736698093436059,0.0284758559144039,0.007820389014146572,0.0001975875121318575,1.0174476707225395,-0.4603624816570637,-1.0312555086741642,-0.1653424599532629,0.25616229436009785,-0.8514223360478256,0.4377174869164991,-3.772571875431345,-4.201344210920035,-0.9366126280635667,0.047785017975037966,0.0005774440044447836
4.32,-0.013546289111037469,1.5128494847297487,-0.984120084603773,-0.5359009412672231,-0.001707418040077392,-2.9619573024827088e-05,0.07671457513241871,0.10955201652238447,0.09932067754830669,0.02648527830434737,0.008536869670778189,0.00017358576187895202,0.9758208391343847,-0.5096954594871083,-1.0995288614885839,-0.18125298325622552,0.22596672336538948,-0.8696091115553977,0.46914625020550266,-3.827397137513731,-4.2521832415202185,-0.9502213625336066,0.05101508385583868,0.00045058656939762096
4.33,-0.012712835824327374,1.513888770199966,-0.9832121163976917,-0.5356572474513628,-0.0016153041135752748,-2.8133974383408418e-05,0.08334532867100938,0.10392854702171639,0.09079682060812588,0.024369381586026632,0.009211392650211729,0.00014855986414186685,0.9293336277327278,-0.5563827312904641,-1.1621250869426663,-0.1961693455344875,0.19458206322602845,-0.8811071425433948,0.4983911529830679,-3.8826924581319435,-4.304613130537209,-0.9641942712009043,0.053991444392412685,0.0003183060651308164
4.34,-0.01181683980398227,1.5148676448342062,-0.9823937213211378,-0.5354358560435326,-0.0015168978021488774,-2.6906714510839837e-05,0.08959960203451044,0.0978874634240291,0.08183950765539069,0.022139140783013933,0.009840631142639741,0.00012272598725685815,0.878182272095354,-0.6002482911299861,-1.2187211138701521,-0.21000101995973974,0.16222134643054797,-0.885828149682625,0.5252984568660655,-3.938227565246583,-4.358372522623154,-0.9784629715399208,0.05669911843013737,0.00018171600636590493
4.3500000000000005,-0.010862386772215581,1.515782234581766,-0.9816687707799269,-0.5352377948794645,-0.0014126829532881845,-2.5943666387555423e-05,0.09544530317666883,0.09145897475598413,0.07249505412109099,0.019806116406809838,0.010421484886069303,9.630481232844146e-05,0.8225909381367023,-0.6411336012776608,-1.2690261139169103,-0.22266400676574527,0.1290999853206083,-0.8837367283394058,0.5497262274505046,-3.993774338622095,-4.41319364596905,-0.9929576721646449,0.05912454420120361,4.195290349491652e-05
4.36,-0.009853864552262845,1.5166289811378493,-0.9810406533789015,-0.5350639709813146,-0.00130317198443828,-2.5248469624074244e-05,0.10085222199527366,0.08467465560833708,0.06281174010253762,0.017382389814988405,0.010951096884990462,6.951967634811804e-05,0.7628107151064334,-0.6788974996700895,-1.3127831146833926,-0.23408161667205452,0.09543445790296357,-0.8748505890600276,0.5715452531296614,-4.0491072976856906,-4.468803610874891,-1.0076074984539687,0.06125565293832967,-9.983319041196193e-05
4.37,-0.008795942342586986,1.517404653895615,-0.980512257915813,-0.5349151660252337,-0.001188903295976862,-2.4822522579335765e-05,0.10579222096758588,0.07756727577656936,0.05283954630884234,0.01488049560809899,0.011426868846141792,4.259470447384794e-05,0.6991183924517043,-0.7134159662004872,-1.3497704052245623,-0.24418518797063804,0.06144102119354811,-0.8592403728400089,0.5906398834863251,-4.104004041767263,-4.524925733118942,-1.0223408241876968,0.06308193369169365,-0.00024248816205564474
4.38,-0.007693548193261177,1.5181063602235783,-0.9800859591070564,-0.5347920325098928,-0.001070438543655478,-2.46649931016108e-05,0.11023941493258091,0.07017063279633758,0.042629880875650936,0.01231335153408233,0.011846475232138392,1.5752947772496445e-05,0.631815036261163,-0.7445817687142645,-1.3798027256006469,-0.2529147268731151,0.02733445276283275,-0.8370290438217258,0.6069087815694902,-4.158245653646775,-4.581280876874763,-1.0370856080686515,0.06459448907783684,-0.00038486326619882507
4.39,-0.006551844807465774,1.5187315541064856,-0.9797636061190433,-0.5346950906460499,-0.0009483597852033203,-2.4772847675375e-05,0.11417033857954023,0.06251938829073148,0.032235298801308473,0.00969418638428857,0.012207875845215776,-1.0785457376419974e-05,0.561224382003815,-0.7723040109414646,-1.402732234009774,-0.2602194619194327,-0.0066731778100765915,-0.808390865524562,0.6202655851597014,-4.211617077742329,-4.637588811852929,-1.0517697339602843,0.06578608174438567,-0.0005258244178672926
4.4,-0.005376203804150829,1.5192780431948802,-0.9795465139611212,-0.5346247259822954,-0.0008232665165512668,-2.514089859819486e-05,0.11756410033149453,0.05464890883945353,0.02170921579221484,0.007036466375451085,0.01250932686520535,-3.680509228198598e-05,0.48769106067923806,-0.7965076053666327,-1.4184492468674754,-0.26605830460663515,-0.04037370458962197,-0.7735499700940123,0.6306394728468352,-4.263907484368007,-4.693569579257487,-1.0663213536168832,0.06665117138251897,-0.0006642612690730052
4.41,-0.004172178589725812,1.5197439943136097,-0.9794354577778712,-0.5345811877771233,-0.0006957726137730735,-2.576186865657505e-05,0.12040252144250164,0.046595111872945384,0.011105618325004424,0.0043538205172142935,0.01274939027781934,-6.20970058380188e-05,0.4115786753887125,-0.8171326941949468,-1.426882748993909,-0.2704002099022569,-0.0735640236656907,-0.7327785333638974,0.6379756313882745,-4.314910631280792,-4.748944861043166,-1.0806692306253927,0.0671859421608369,-0.0007990959940093623
4.42,-0.0029454759971598568,1.5201279374825352,-0.9794306700604941,-0.5345645881224717,-0.0005665031973616797,-2.6626472620392267e-05,0.1226702592565955,0.038394316892552315,0.0004787717377159346,0.0016599654651670154,0.012926941641139372,-8.646039638172171e-05,0.3332677448179208,-0.8341340411313675,-1.4280006728236108,-0.27322443189116274,-0.10604720848832638,-0.6863945717044461,0.6422356213905827,-4.364425233232534,-4.803439346840037,-1.094743084215244,0.06738832049076372,-0.0009292917107334783
4.43,-0.0017019268601484797,1.5204287685037967,-0.9795318407789756,-0.534574901818922,-0.0004360914358650951,-2.772351473347222e-05,0.12435491370113771,0.030083102126153442,-0.010117071848145306,-0.001031369645035484,0.013041176149658463,-0.00010970421130799544,0.25315352930589274,-0.8474804156677725,-1.4218099472356789,-0.2745206714837778,-0.1376335750951886,-0.6347593796585445,0.643397638876887,-4.412255349461428,-4.856782092779426,-1.108473931526673,0.06725798306624337,-0.0010538604720601468
4.44,-0.0004474556980803154,1.5206457501693167,-0.979738120418947,-0.534611966997879,-0.00030517530620360195,-2.904000124444539e-05,0.12544711620681642,0.021698166551992665,-0.0206279639971474,-0.0037065178957111206,0.013091612966149318,-0.00013164865109731696,0.17164375418770506,-0.857153990014791,-1.4083563182179166,-0.27428911479744933,-0.16814168911211524,-0.578274630220186,0.6414566707839638,-4.458210798019835,-4.908707866313209,-1.121794426860666,0.06679635515093685,-0.0011718707636614223
4.45,0.0008119503055211039,1.520778512139976,-0.9800481258897602,-0.5346754864813154,-0.00017439432818459915,-3.056126689853251e-05,0.12594060036014193,0.01327619706592682,-0.031000547081317983,-0.006351948343631281,0.01307809780190028,-0.0001521265654087124,0.08915624406375273,-0.8631497667696937,-1.3877239451047392,-0.27254036253562663,-0.1973993056575459,-0.5173791622528727,0.6364245428995737,-4.502107604565385,-4.9589584709729415,-1.1346391963667335,0.0660065991161686,-0.0012824544531043855
4.46,0.002070272842544698,1.5208270495443013,-0.9804599492533991,-0.5347650298650966,-4.438629083059937e-05,-3.22711141985306e-05,0.1258322537023594,0.004853740432538658,-0.041182336363889425,-0.008954338378118161,0.013000803735399977,-0.00017098472999980851,0.006116480691041063,-0.8654750529470074,-1.3600347775752657,-0.2692952523546115,-0.22524423293129223,-0.4525454819602594,0.6283298592264435,-4.543768491770111,-5.007284044873506,-1.1469451665606574,0.06489359326427586,-0.0013848131396754161
4.47,0.0033214943444686553,1.5207917203398156,-0.9809711692075768,-0.5348800363075401,8.421601185283715e-05,-3.4151964143029003e-05,0.12512215019239578,-0.003532920448567827,-0.05112199541777427,-0.011500644244353618,0.012860230268343651,-0.00018808499444984044,-0.07704490357989384,-0.8641489931881173,-1.3254477199508228,-0.26458457782098677,-0.25152511036100733,-0.38427600748974444,0.6172178322686963,-4.583023413858566,-5.053444326634736,-1.1586518850053331,0.0634639010064526,-0.0014782238612407838
4.48,0.004559629973995102,1.5206732414747022,-0.9815788652408133,-0.5350198180007308,0.00021078801811192586,-3.618501706266767e-05,0.12381356295264472,-0.011847886511336163,-0.06076960332365644,-0.013978169319070753,0.01265720062590887,-0.0002033052919638665,-0.15989468538747562,-0.859202171893159,-1.2841575905976512,-0.25844870908820905,-0.2761020927551815,-0.3130990876480921,0.6031500043024699,-4.619710139006161,-5.097209882283611,-1.1697018314366325,0.061725730503116756,-0.0015620441209894416
4.49,0.0057787595441694305,1.5204726838814122,-0.9822796343625609,-0.5351835642982524,0.00033471659126875974,-3.835042210178507e-05,0.1219129570174328,-0.020055759328987604,-0.07007691217476641,-0.01637462975216001,0.012392857315683391,-0.00021654050391173933,-0.24199965166040807,-0.8506762907694256,-1.2363938854151535,-0.25093712184295214,-0.29884743297412486,-0.2395648273368573,0.586203860334029,-4.653674880449206,-5.138363286617096,-1.1800407175751615,0.059688884919397826,-0.0016357162036087492
4.5,0.006973059163245496,1.5201914663275942,-0.9830696102976236,-0.5353703464694171,0.00045540315093418567,-4.062745383365382e-05,0.11942996190760659,-0.028121755381805814,-0.07899759350626374,-0.018678217116462288,0.012068655966542595,-0.00022770317318687508,-0.32292923106819854,-0.8386239249560827,-1.1824193554831282,-0.242107842331567,-0.31964595716056077,-0.16424075365822421,0.566472334180267,-4.684772975217475,-5.1767002524615995,-1.1896177738365825,0.057364703499321976,-0.001698770757174969
4.51,0.008136832402881997,1.5198313481435437,-0.9839444850212801,-0.5355791230468048,0.0005722667256873859,-4.2994694453059364e-05,0.11637732396365008,-0.03601181840504786,-0.0874874723656466,-0.020877657738774178,0.01168635747532002,-0.00023672406194055442,-0.4022581433586314,-0.8231083575517771,-1.1225284099368116,-0.2320268174191087,-0.338395428528554,-0.08770735770132254,0.5440632099360537,-4.712869607437458,-5.212030701267349,-1.1983860211400374,0.05476599371998731,-0.0017508296237222518
4.5200000000000005,0.009264540787749903,1.5193944208395456,-0.9848995324997374,-0.5358087457309794,0.0006847469106420705,-4.5430219960458095e-05,0.11277083848679063,-0.04369273039981709,-0.09550474784573379,-0.022962268417458187,0.01124801849546846,-0.00024355255073987348,-0.47956905321492493,-0.8042034891275638,-1.0570453560526814,-0.22076721958761691,-0.35500679802079427,-0.010553547791952056,0.5190984220210694,-4.737840571210172,-5.244179768533889,-1.2063025260184441,0.051906954851323524,-0.0017916079080178187
4.53,0.01035083340640056,1.5188830986212678,-0.9859296344898619,-0.5360579658136355,0.0007923067137246506,-4.791178873740027e-05,0.10862926186506558,-0.051132221827784284,-0.10301019901245383,-0.024922008265618745,0.010755980308258004,-0.0002481568776942174,-0.5544552137844765,-0.7819938157342073,-0.9863224893569016,-0.20840869751478586,-0.3694043427326137,0.0666279495159563,0.49171325801866933,-4.75957306618119,-5.272988737683038,-1.2133286372577965,0.04880309331729109,-0.0018209152804565159
4.54,0.011390575446411939,1.5183001078070246,-0.9870293082426106,-0.5363254410781679,0.0008944352749605853,-5.041703091318838e-05,0.10397420400113788,-0.05829908142432312,-0.10996737527486314,-0.0267475264532447,0.010212856123593475,-0.0002505242175788105,-0.6265230832459419,-0.7565744660802912,-0.9107380472864411,-0.19503658350017083,-0.3815256957435458,0.14324520421505138,0.46205546961578386,-4.777966517131413,-5.298315896184727,-1.2194302023367463,0.04547113032948104,-0.0018386565161428018
4.55,0.012378875461530839,1.5176484751474562,-0.9881927359462449,-0.5366097431347339,0.0009906504436049172,-5.2923636937566574e-05,0.09883000151189004,-0.06516326595683662,-0.11634277036342881,-0.02843020565658851,0.00962151686443319,-0.00025066060243781956,-0.6953948957813865,-0.728051286037035,-0.8306940405769141,-0.1807410693303808,-0.39132177379759137,0.21871167694453308,0.4302842981035504,-4.792933407262984,-5.320037308003668,-1.2245777620036629,0.04192890234248116,-0.0018448312781093605
4.5600000000000005,0.013311111184898037,1.5169315150461646,-0.9894137957382804,-0.5369093651453141,0.0010805011985670523,-5.54095438031396e-05,0.09322357233671984,-0.07169601012916192,-0.12210597920354077,-0.029962201058021255,0.008985075496213515,-0.00024859068655730306,-0.7607111662256204,-0.6965409564678369,-0.746613977077025,-0.16561636236175836,-0.39875661197875667,0.29245075629239115,0.3965694220737259,-4.80440011337091,-5.338047496773756,-1.2287467214167833,0.03819525496014465,-0.0018395331581944766
4.57,0.014182953710610489,1.5161528156792377,-0.9906860941092137,-0.537222729893057,0.001163569898274544,-5.785311740358717e-05,0.08718425257124522,-0.07786993669269344,-0.12722983709333963,-0.03133647477429273,0.008306869970749177,-0.00024435736004475687,-0.8221331056056961,-0.6621711286328287,-0.6589404931094394,-0.14975983356274725,-0.40380711703019845,0.3639002037527718,0.3610898361110036,-4.812307729810604,-5.35226003452358,-1.2319174963840438,0.0342899310007865,-0.0018229479943398562
4.58,0.014990389875950128,1.515316224012495,-0.9920029995163852,-0.5375481981493088,0.001239474346903225,-6.0233329568815676e-05,0.0807436165339639,-0.08365916667426543,-0.13169054071714634,-0.032546825625181144,0.0075904448628681,-0.00023802121652285088,-0.8793449229069366,-0.6250805601137754,-0.5681329078060996,-0.13327116901118297,-0.4064627531178284,0.4325164716182847,0.32403267039690836,-4.816612867123959,-5.36260803126962,-1.234075633372361,0.03023345350489104,-0.0017953514879591943
4.59,0.015729742688673984,1.5144258297177544,-0.9933576770228543,-0.5378840772911848,0.0013078696647789837,-6.252992838508842e-05,0.07393528127238543,-0.08903942947406696,-0.13546775064691002,-0.0335879141876027,0.006839531787575868,-0.0002296598816272751,-0.9320559868568777,-0.5854192333651655,-0.4746647160259998,-0.11625153591476645,-0.40672517553191057,0.497778860165558,0.28559196216539146,-4.817288410397823,-5.3690445213604105,-1.2352119021105348,0.026047004538572036,-0.001757106149556215
4.6000000000000005,0.016397689657856946,1.5134859479934728,-0.9947431237738847,-0.5382286301223053,0.001368449951736935,-6.472360048589878e-05,0.06679469691829608,-0.09398817242815093,-0.13854467510304658,-0.03445528311204204,0.00605802869579513,-0.00021936721008103592,-0.9800028204535663,-0.5433484386313913,-0.37902103551896016,-0.09880277360343204,-0.404607828939465,0.5591934818166808,0.24596739084166344,-4.814324221919357,-5.371542743090326,-1.235322359784102,0.021752300707230627,-0.0017086576049360532
4.61,0.016991278902899084,1.5125011013007361,-0.9961522051225017,-0.5385800838493888,0.001420949733312826,-6.679612408680272e-05,0.0593589245042139,-0.09848466927366428,-0.14090813486169668,-0.035145372708357735,0.005249978157589091,-0.00020725236009039386,-1.0229509005181556,-0.4990408030806521,-0.2816960239146282,-0.08102661916015652,-0.4001355272661007,0.6162970015303484,0.2053629894139373,-4.807727772480174,-5.370096308798335,-1.2344083860123947,0.01737146634416334,-0.0016505302981585802
4.62,0.01750794293338946,1.511476000032688,-0.9975776912155694,-0.5389366391677524,0.0014651451808437499,-6.873051163343508e-05,0.05166640304903769,-0.10251012680482285,-0.14254860930676763,-0.035655531836348314,0.004419544753092395,-0.00019343875466323638,-1.0606962348451323,-0.45268024857617134,-0.18319028089838846,-0.06302397642945334,-0.3933440320266497,0.6686601244902746,0.1639858450962943,-4.797524685775303,-5.364719263416661,-1.2324766880053597,0.012926905376104124,-0.0015833226308337844
4.63,0.017945510012430315,1.5104155221440103,-0.9990122938528805,-0.5392964794093789,0.0015008550978727964,-7.051114103526658e-05,0.04375670790408544,-0.10604778886775812,-0.14346026373110649,-0.035984024162654005,0.0035709917029046593,-0.00017806294018315048,-1.093066690654532,-0.4044618615204538,-0.08400825058285902,-0.044894236042303026,-0.3842796449196557,0.7158908042211527,0.12204480260905522,-4.783759180750701,-5.355446030225861,-1.229539275517506,0.008441172889969999,-0.0015077015804672072
4.64,0.018302213037575503,1.509324691776848,-1.0004487034337894,-0.5396577797080735,0.001527941666684431,-7.21238745670526e-05,0.03567030251451875,-0.10908303671623157,-0.14364095809090138,-0.03613002986946346,0.0027086568811634667,-0.0001612733531786007,-1.1199230500859274,-0.3545916596301464,0.015344361416908047,-0.026734652961174388,-0.37299882873734,0.7576371465561728,0.07974918340785296,-4.766494397473503,-5.342331243395175,-1.2256134054456238,0.003936847431035176,-0.0014243968433401313
4.65,0.018576695896464036,1.5082086569304374,-1.0018796258088905,-0.540018716137292,0.0015463109503400265,-7.355616463409951e-05,0.02744828588885318,-0.11160348464105528,-0.14309223751010594,-0.03609364292185575,0.001836928365559533,-0.0001432290067046921,-1.1411597714456327,-0.30328624229679824,0.11436314230849254,-0.00863978672732224,-0.3595678681675514,0.7935899874220558,0.03730753391956033,-4.7458125931269,-5.325449467727163,-1.220721496152266,-0.0005635949485362981,-0.0013341945498660506
4.66,0.018768017278208277,1.5070726662334706,-1.003297818858057,-0.5403774747774858,0.0015559131472280615,-7.479714571516409e-05,0.019132138174424173,-0.1135990696966748,-0.14181930491665432,-0.03587586401937582,0.0009602196888035007,-0.00012409810810645839,-1.156705438815051,-0.2507723133119877,0.21254748470611332,0.009298991691348193,-0.34406257894234216,0.8234851251616195,-0.005073584711845961,-4.721815196055295,-5.304894806870861,-1.214891011835029,-0.005037903900714669,-0.00123793060251307
4.67,0.018875651946242616,1.5059220448906596,-1.0046961286207468,-0.5407322606712206,0.0015567425968789552,-7.583771191676607e-05,0.01076346680343387,-0.11506213428109327,-0.13983097626896596,-0.03547858937348197,8.294496508936026e-05,-0.00010405662016019762,-1.1665228873990954,-0.19728606713810773,0.30940304517432715,0.02699392396778616,-0.32656807012492006,0.8471051910905251,-0.047190753697761864,-4.694622707387555,-5.2807804021046,-1.2081543174988985,-0.009464174308243145,-0.0011364836882302963
4.68,0.01889948950321815,1.5047621698878397,-1.0060675248097404,-0.541081306625879,0.0015488375376039678,-7.667057969375298e-05,0.0023837556975534104,-0.11598750028198937,-0.13713961889935763,-0.03490459546584977,-0.0007905059274987291,-8.328677769869184e-05,-1.1706089975422653,-0.14307243252993684,0.40444413738901147,0.04436121824490291,-0.30717856026306123,0.8642811451438472,-0.08884478991540662,-4.664374441624779,-5.253237824605509,-1.200548505322026,-0.013820961245524588,-0.0010307680188710022
4.69,0.018839830703170083,1.5035984445530013,-1.0074051355453435,-0.5414228818254104,0.0015322796183806283,-7.729033541199385e-05,-0.0059658800048064935,-0.11637253348384022,-0.1337610735603189,-0.03415751995313901,-0.0016557919223339516,-6.197557182408594e-05,-1.1689941565261057,-0.08838417010545306,0.4971960495820543,0.06132133298261122,-0.28599724383674996,0.874893386795465,-0.12984176620088106,-4.631228099665967,-5.222416364905586,-1.19211519343101,-0.018087389569944462,-0.0009217258543686098
4.7,0.018697381390091018,1.5024362725836122,-1.0087022811534452,-0.5417553002143292,0.0015071931692994139,-7.76934675490726e-05,-0.014244931307906595,-0.11621719693890807,-0.12971456081016378,-0.03324183889186979,-0.0025086449081214387,-4.031321370787463e-05,-1.161741393910533,-0.03348082336253639,0.587197277019085,0.07779919235337096,-0.263136200073542,0.8788724748821981,-0.16999395089332472,-4.595359170028023,-5.188482223973031,-1.1829002983171817,-0.02224325743042485,-0.0008103198643930516
4.71,0.018473244164711758,1.5012810316632184,-1.0099525068776107,-0.5420769286189552,0.001473744236780293,-7.787838344687889e-05,-0.022413722537926024,-0.11552409203937761,-0.12502257241655904,-0.0321628404626066,-0.003344893251912096,-1.8491589780629807e-05,-1.1489452030788327,0.021372474411854463,0.6740016613546671,0.09372433599494512,-0.23871633200237508,0.8761994535068672,-0.20912066057855405,-4.556960156458813,-5.15161761104282,-1.1729537823278495,-0.02626913308124184,-0.0006975253848886155
4.72,0.01816890790222841,1.5001380468023333,-1.011149614362513,-0.5423861945727145,0.0014321393916329377,-7.78454106452405e-05,-0.03043362624833462,-0.11429848608850829,-0.11971074849022878,-0.030926595375929844,-0.004160484514735527,3.2972801638389894e-06,-1.1307300685588193,0.07590633195392163,0.7571804298206062,0.10903100707156721,-0.2128673197600648,0.8669057847671336,-0.2470490217684062,-4.516239632702682,-5.112019753944442,-1.1623293778536619,-0.030146444498291017,-0.0005843226262639888
4.73,0.0177862352624555,1.4990125635497864,-1.012287691773386,-0.5426815938141537,0.0013826243198389093,-7.759678293751335e-05,-0.03826726397729138,-0.11254832525468389,-0.11380774108731631,-0.02953992414391381,-0.004951507179402839,2.486277077271657e-05,-1.1072487253650722,0.1298485622945916,0.836324128290544,0.1236581836380406,-0.18572756885681407,0.8510728926108388,-0.2836146390953342,-4.473421127813194,-5.069899828231044,-1.1510842900032763,-0.03385756140903577,-0.0004716888900582576
4.74,0.01732744835001128,1.4979097212307613,-1.013361142423768,-0.5429616974281567,0.0013254822076451392,-7.713661139675901e-05,-0.04587869124442184,-0.11028423190251053,-0.10734506503819571,-0.02801036140030239,-0.005714211219377005,4.6017154075433296e-05,-1.078680182785332,0.18292576447067432,0.9110444433032623,0.13754955922383028,-0.15744413152476788,0.828831325607379,-0.31866216944699843,-4.428741848071106,-5.02548181189915,-1.1392788797078741,-0.03738586946324324,-0.0003605908506323927
4.75,0.016795112695298455,1.496834526376481,-1.0143647117915064,-0.5432251586026628,0.0012610319341432562,-7.647084072433099e-05,-0.053233565471282385,-0.1075194854280314,-0.1003569367738317,-0.02634611745061475,-0.0064450273501882906,6.657706724280208e-05,-1.0452275504656854,0.2348650110657304,0.9809759091077603,0.15065347929517214,-0.12817257757197176,0.8003595497615128,-0.35204580325891716,-4.3824512442085926,-4.97900127289876,-1.1269763293295523,-0.040715836386161004,-0.00025197695782070307
4.76,0.01619211973695379,1.4957918265176942,-1.0152935128107974,-0.5434707189749662,0.0011896260859380248,-7.560719137099293e-05,-0.06029929583446654,-0.10426998587868556,-0.09288010192910208,-0.02455603723033848,-0.007140584820523149,8.6364935333806e-05,-1.0071157091059084,0.2853956255921949,1.045777496672752,0.16292284088022635,-0.09807679046183093,0.7658823856558629,-0.38362965587379866,-4.334809435213614,-4.930704096969802,-1.1142422929584181,-0.04383307006603139,-0.0001467700155091524
4.7700000000000005,0.01552166799291775,1.4947862845195892,-1.0161430493358665,-0.543697214543422,0.0011116488097524977,-7.455508797383722e-05,-0.06704517440360415,-0.10055419981050008,-0.08495365250690685,-0.02264955684557464,-0.007797727618552699,0.00010521033971557128,-0.964588871356902,0.33425103160142444,1.1051340823877374,0.17431496304609606,-0.06732866471084353,0.7256691071044522,-0.4132880734168787,-4.286085502442158,-4.880845163603388,-1.1011445336729244,-0.0467243686309634,-4.5859989776774086e-05
4.78,0.014787243110232278,1.493822353639364,-1.016909237679752,-0.5439035811220854,0.0010275135198535496,-7.332557474006387e-05,-0.073442488268547,-0.09639308802252214,-0.07661883438854306,-0.02063665786633311,-0.008413528989894815,0.00012295132337733445,-0.9179080804618808,0.38117065356998875,1.1587577948359662,0.18479143618600613,-0.03610768217548532,0.6800312211071425,-0.4409058589866369,-4.23655567005161,-4.829686978117599,-1.0877525501063579,-0.04937776266372676,4.990290146367844e-05
4.79,0.013992596983128056,1.4929042534892762,-1.017588426139511,-0.5440888593174706,0.000937660477990337,-7.193121849098605e-05,-0.07946461271042227,-0.09181001500878333,-0.0679188459759012,-0.018527819538526932,-0.008985304186321263,0.00013943562490778265,-0.8673486946946152,0.4259018480895798,1.2063892385437587,0.19431795814323127,-0.004600347358843848,0.6293199511576764,-0.46637842608555025,-4.186501389839012,-4.777498267960953,-1.07413719470947,-0.05178254978488829,0.00013971476746328746
4.8,0.013141726125033015,1.4920359470874958,-1.0181774124270178,-0.5442521990082401,0.0008425542641068931,-7.038600015635706e-05,-0.08508708580950405,-0.08683064017805582,-0.0588986287506757,-0.016333969076947667,-0.00951062138834439,0.00015452183346289746,-0.8131979046745335,0.4682018427068673,1.2477985940018388,0.20286416507593863,0.027000534561036904,0.5739234478570875,-0.48961188709024134,-4.136207350379799,-4.724552551416762,-1.0603702861253943,-0.05392932190323814,0.00022282424485314052
4.8100000000000005,0.012238849473044041,1.491221119176415,-1.018673458932379,-0.5443928633102245,0.0007426811564118825,-6.870519558019802e-05,-0.09028766519889728,-0.0814827911080723,-0.04960465053611068,-0.014066430198443296,-0.009987310769501061,0.00016808045761590454,-0.7557523281937025,0.507839658936125,1.2827865934932121,0.21040346470906357,0.058496748818204214,0.5142637522937604,-0.5105230851671252,-4.085959431875065,-4.6711266868832535,-1.04652421809861,-0.05580998548649564,0.00029853827446532665
4.82,0.01128838579346909,1.4904631559832109,-1.019074305754867,-0.5445102320107497,0.0006385464394637522,-6.690524656468087e-05,-0.09504636795749508,-0.07579631932041547,-0.04008468224881176,-0.011736870052511528,-0.010413471694813025,0.0001799949015517152,-0.6953157233485701,0.5445979955140479,1.311185372382803,0.21691287913384816,0.0896857379095981,0.45079353878177203,-0.5290395783696663,-4.036042629294259,-4.617499410852709,-1.0326715673254756,-0.057417775244163985,0.0003662274132981763
4.83,0.0102949308446652,1.4897651265903953,-1.0193781814441947,-0.5446038044578076,0.0005306716587651593,-6.500362313822207e-05,-0.0993454948803891,-0.06980293928156019,-0.030387568932765147,-0.00935724470580085,-0.010787478069859288,0.0001901623426458803,-0.6321968556690797,0.5782750478867916,1.3328591955004048,0.22237290373842278,0.12036184513668813,0.38399266429356316,-0.5450995847071308,-3.98673896721549,-4.563949872613842,-1.0188847026205665,-0.05874726163802456,0.0004253306436448294
4.84,0.009263234439033846,1.4891297660748835,-1.0195838114029512,-0.5446732018911862,0.0004195918399703285,-6.301867808767223e-05,-0.10316964056313527,-0.06353605155119192,-0.020562995875644155,-0.006939743337850985,-0.01110798187948308,0.00019849450505498326,-0.566707548762638,0.6086862402184201,1.34770505813061,0.22676738805558205,0.15031772973684188,0.3143645523246882,-0.5586518967600242,-3.938325430195444,-4.510756173559834,-1.00523539772158,-0.05979435264441629,0.0004753596451837178
4.8500000000000005,0.008198177530203563,1.4885594605628072,-1.0196904239091444,-0.5447181692042654,0.00030585269021265034,-6.0969494842229515e-05,-0.10650569088302841,-0.05703055120761547,-0.01066125061933486,-0.0044967313079282475,-0.011373914975767816,0.00020491832454427197,-0.499160940979532,0.6356658468761389,1.3556531608912585,0.2300834434671577,0.17934594240110857,0.2424324390071398,-0.5696557739508077,-3.8910719325304166,-4.458193918805807,-0.9917944499871045,-0.060556290187009004,0.0005159024998751513
4.86,0.007104749434676438,1.4880562343340218,-1.0196977537260719,-0.5447385761268372,0.00019000779828241092,-5.887572983830319e-05,-0.10934280955271253,-0.05032262287854942,-0.0007329816927327884,-0.0020406922571778426,-0.011584489193023942,0.0002093765003926327,-0.429869963023984,0.6590684813793526,1.356667257493891,0.2323113816719733,0.20724064404022213,0.16873550909938917,-0.5780808198825527,-3.845239350891907,-4.406534788607983,-0.9786313071571255,-0.06103164164046516,0.0005466268037820004
4.87,0.00598802528009713,1.4876217390951139,-1.019606043275226,-0.5447344178210025,7.261584945534657e-05,-5.675745052982132e-05,-0.11167241545793083,-0.04344952389078809,0.009171045084581355,0.00041583058346390594,-0.011739194882706435,0.00021182793084818726,-0.35914604356978735,0.6787704321735051,1.3507448740289492,0.23344468675934404,0.23379944512004025,0.09382494907427372,-0.5839068512617348,-3.8010776425373316,-4.356045136837451,-0.9658137042473515,-0.061220286775814696,0.000567282164392319
4.88,0.004853143755368271,1.4872572455229023,-1.0194160413566833,-0.5447058148839918,-4.5762130275902045e-05,-5.463497023719401e-05,-0.11348815247288585,-0.036449357221148095,0.019000191854269034,0.0028602937010634316,-0.01183779797312486,0.00021224802926273105,-0.2872980420911364,0.6946708262946353,1.3379173980590533,0.23348002254018052,0.25882533795811113,0.01825994395335665,-0.5871237638584047,-3.758824070617628,-4.306984623497165,-0.953407312536441,-0.06112340047949949,0.0005777020666212861
4.89,0.0037052852216053435,1.4869636371620913,-1.0191289994104407,-0.5446530127536335,-0.00016456548694928253,-5.252868105007028e-05,-0.11478585337629275,-0.029360836081092564,0.028704194624271578,0.005280213035829928,-0.011880335667338048,0.00021062891871237343,-0.21463140057475674,0.7066926039949097,1.3182500354348108,0.23241727562282843,0.2821286902323997,-0.05739635614051571,-0.5877313997648059,-3.7187015565498918,-4.25960488798593,-0.941475402481946,-0.06074343153203555,0.0005778050953625616
4.9,0.0025496502278726002,1.486741406741132,-1.018746665321521,-0.5445763805141957,-0.0002832365959263128,-5.0458886013908085e-05,-0.11556349937327433,-0.022223042095941406,0.038233408891966476,0.007663223943785985,-0.01186711089770303,0.00020697950361621908,-0.14144749881243118,0.7147832896846747,1.2918416324335678,0.23025963345224376,0.3035292647499708,-0.1325808744748887,-0.5857394189326245,-3.6809171775201346,-4.214148269509202,-0.9300785222676671,-0.060084077681467014,0.0005675955071964494
4.91,0.001391438462184816,1.4865906549496875,-1.0182712747813694,-0.5444764091024522,-0.00040122345249894525,-4.844563183795947e-05,-0.11582117656877841,-0.015075179144443843,0.047539054015153764,0.0099971411743415,-0.011798685657263244,0.00020132541759486147,-0.0680431918261434,0.7189155470728966,1.2588243605528473,0.2270136953445281,0.32285822836870604,-0.2067346267477563,-0.5811671766415065,-3.645660824966294,-4.17084658071704,-0.9192741935441893,-0.05915025719371466,0.0005471631485970487
4.92,0.00023582815674054155,1.4865110916996493,-1.0177055402281348,-0.5443537089160899,-0.0005179821857662293,-4.6508543362314875e-05,-0.11556103054442744,-0.007956325003800061,0.056573455323465145,0.012270018636230716,-0.011675873326728406,0.00019370884756445933,0.005289497149561905,0.7190875091286943,1.2193632611296974,0.2226896133317986,0.33996011191825154,-0.27930669689405074,-0.5740436072195557,-3.6131040374055337,-4.129919940314923,-0.9091166257773291,-0.057948077009018,0.0005166827226680273
4.93,-0.00091204404296737,1.4865020398696749,-1.0170526373988853,-0.5442090068289835,-0.0006329794868816507,-4.466666101393961e-05,-0.11478721997079115,-0.0009051829974412199,0.06529028292495427,0.014470208710633295,-0.011499730111542135,0.0001841882348375261,0.07826355865488288,0.7153228763971299,1.1736556468987618,0.21730125852289017,0.3546946830474348,-0.34975814653573917,-0.5644071130423205,-3.5833990182636,-4.09157567004603,-0.8996564504681002,-0.056484797583386884,0.0004764124110345324
4.94,-0.002047102742464715,1.4865624415110068,-1.0163161895376314,-0.5440431426204304,-0.0007456949438503111,-4.293828246599715e-05,-0.1135058699497345,0.0060401641331873845,0.0736447861253901,0.01658642085531609,-0.011271545696866045,0.00017283785479424625,0.15059708716225562,0.7076707802489174,1.121930357693959,0.21086640761770337,0.3669386951148711,-0.4175658355414746,-0.5523054566203422,-3.5566778464899866,-4.056007261083685,-0.8909404763544063,-0.054768794448589626,0.00042669186199017757
4.95,-0.0031643529978217346,1.486690866470174,-1.015500249314206,-0.5438570648281428,-0.0008556232760474424,-4.1340809691068906e-05,-0.11172502553570195,0.012842495916706862,0.08159402234253123,0.018607779228760078,-0.01099283321971313,0.0001597472774928243,0.22201331395134447,0.6962054107766,1.0644468677378922,0.2034069432824781,0.3765874774706425,-0.4822261316803382,-0.537795652484116,-3.5330518847610595,-4.023393414501858,-0.8830114665509522,-0.052809516485793455,0.00036793956031028413
4.96,-0.00425889905421617,1.4868855233623552,-1.0146092785205467,-0.5436518260376533,-0.0009622764625220861,-3.989060256708973e-05,-0.10945460563944355,0.01946568921814494,0.08909707936592606,0.020523879048948267,-0.010665318647464379,0.0001450207123979174,0.2922406172716925,0.6810254122283865,1.001494242377874,0.19494906127696066,0.38355633565515257,-0.543258487807508,-0.5209438546229871,-3.5126113870436897,-3.9938971601091913,-0.8759079384314543,-0.050617440878335966,0.00030064959827005383
4.97,-0.00532596262702865,1.487144272808013,-1.0136481256226857,-0.5434285776237704,-0.001065185758933541,-3.860284015493482e-05,-0.10670635728124808,0.025874944565783868,0.09611528978611393,0.02232484138829085,-0.010290929641145483,0.00012877624121549117,0.361012543118314,0.6622530520445278,0.933389942718051,0.1855234765689504,0.3877817340384184,-0.6002088654328845,-0.5018252344597058,-3.4954253042773624,-3.9676650575390924,-0.8696639869078606,-0.0482040246896602,0.0002253878713286509
4.98,-0.006360900726439171,1.487464642825147,-1.0126220012587153,-0.5431885639628248,-0.0011639035986402008,-3.7491390718704716e-05,-0.10349380994105209,0.032037001713395186,0.10261243639704408,0.024001366094562136,-0.009871783970665984,0.00011114494362301038,0.428067867529795,0.6400331726824797,0.8604784773667573,0.17516562018743898,0.38922223809057344,-0.6526529839206071,-0.4805238437685034,-3.4815412839949498,-3.9448264830848663,-0.864309131616413,-0.04558165300424166,0.0001427877256438372
4.99,-0.007359223022006626,1.4878438462504784,-1.011536451785079,-0.5429331161376426,-0.0012580053740226366,-3.656869150402474e-05,-0.09983222955674552,0.037920342533132124,0.10855494736363112,0.025544782518220913,-0.009410177538243596,9.22699214679974e-05,0.4931507278730322,0.6145319384355462,0.7831299014730988,0.16391581824818635,0.3878591986463116,-0.7001993749851019,-0.4571324565880778,-3.470985856901123,-3.925493005354745,-0.8598681883811465,-0.04276358357291523,5.354508805949752e-05
