time,q1,q2,q3,q4,q5,q6,dq1,dq2,dq3,dq4,dq5,dq6,ddq1,ddq2,ddq3,ddq4,ddq5,ddq6,tau1,tau2,tau3,tau4,tau5,tau6
0.0,0.0,1.5,-1.0,-0.54,0.0,0.0,0.0,0.0,0.0,0.0,0.0,0.0,0.0,0.0,0.0,0.0,0.0,0.0,-0.10495860196877753,-3.847743241879954,-5.31705387922324,-1.1875390277404962,-0.009327845381705564,-0.00045462426487472083
0.01,8.14908496662645e-07,1.500001859905279,-0.9999982655242174,-0.539999603503576,1.098261044640825e-07,9.549701207012932e-09,8.14908496662645e-05,0.00018599052789246694,0.00017344757825248948,3.964964239790869e-05,1.098261044640825e-05,9.54970120701293e-07,0.010634776518724996,0.019942369660222937,0.0245939325491305,-0.00433244513016702,0.010978705261629744,0.021879233559237737,0.0013751284812598783,-4.013687565547976,-4.595957475974861,-1.031557796628096,0.00017065781683978334,-0.0004844775131252721
0.02,7.897322294360351e-06,1.499970759182204,-0.9999971017262622,-0.5400018584484497,-3.918461576994127e-07,-2.854847662289963e-07,0.0007082413797697706,-0.0031100723074820092,0.00011637979551926143,-0.00022549448736847806,-5.016722621634952e-05,-2.950344674360092e-05,0.12896744899800813,-0.380407442102008,0.08108801314534772,-0.23435099012113247,-0.4018116690663805,-0.8122417386790094,0.010813501435717632,-4.157634910387793,-4.636036774670513,-1.0461503232038472,0.0004633012320004296,-0.0006367160497680221
0.03,2.4994134502269133e-05,1.4998768571069165,-1.0000008821673119,-0.5400087844272021,-1.1648085611493733e-06,-8.807839458192161e-07,0.001709681220790878,-0.009390207528756076,-0.0003780441049710214,-0.00069259787523731,-7.729624034499605e-05,-5.952991795902198e-05,0.18317583284461908,-0.7257093210150843,0.05791953560718899,-0.26345375097862256,-0.4061423592695387,-0.8095941632709386,0.02024657073681556,-4.300260365034535,-4.675812360410797,-1.060626738664423,0.0007600095562091238,-0.0007877840562187276
0.04,5.473613414547808e-05,1.4996947256354218,-1.0000148421536674,-0.5400223746920879,-1.9338583010302082e-06,-1.7695814797249194e-06,0.0029741999643208943,-0.018213147149477686,-0.0013959986355648146,-0.0013590264885735897,-7.690497398808347e-05,-8.887975339057033e-05,0.2200777276843251,-1.0183526600763393,0.014067420107928871,-0.2808744481714318,-0.3968965544169346,-0.7978537958649558,0.02967460103552874,-4.440275705379073,-4.714961000604037,-1.07486687633473,0.0010656096888046732,-0.0009364726190612745
0.05,9.897448317923908e-05,1.4994028950460108,-1.0000444493760348,-0.5400445417151889,-2.490025296156803e-06,-2.943796214789399e-06,0.0044238349033761,-0.029183058941100404,-0.00296072223673269,-0.002216702310100262,-5.5616699512659484e-05,-0.00011742147350644792,0.24557714286370136,-1.2641438321137617,-0.03838163438808426,-0.2966517124824044,-0.38532196733532587,-0.7802541501466607,0.03909750137702798,-4.5764792077495855,-4.753163134492767,-1.0887542319544627,0.00138496864685148,-0.0010815861838515731
0.06,0.00015901466877596843,1.4989834988679736,-1.0000950038973824,-0.540077039540697,-2.668508259816548e-06,-4.393749098738374e-06,0.006004018559672934,-0.04193961780371962,-0.005055452134754385,-0.003249782550805145,-1.7848296365974523e-05,-0.0001449952883948975,0.26304010193274935,-1.4677618271306803,-0.09313018877975524,-0.31026866480439175,-0.3714382589720273,-0.7569233642073568,0.04851494640212515,-4.707752752851498,-4.790108605626264,-1.1021772181237723,0.001722930693340471,-0.0012219529917041469
0.07,0.0002357803032183911,1.498421988568605,-1.0001713834918726,-0.5401214134438466,-2.3326475044666633e-06,-6.1079841142341135e-06,0.007676563444242266,-0.0561510299368483,-0.007637959449027228,-0.004437390314960387,3.358607553498848e-05,-0.00017142350154957393,0.27480473112413617,-1.6328952506772543,-0.146184720949773,-0.3209841241063991,-0.355061479538866,-0.7280185282653469,0.057926295562575135,-4.833059083384016,-4.825500723609086,-1.1150300241983935,0.0020842466332079103,-0.0013564348942694902
0.08,0.00032992753460064147,1.497706896425532,-1.0002778867570807,-0.5401789707323936,-1.3628385433093663e-06,-8.073180879121467e-06,0.009414723138225039,-0.07150921430730052,-0.010650326520802129,-0.005755728854704311,9.69808961157297e-05,-0.0001965196764887353,0.2825072823798729,-1.762538808915604,-0.19501161676586712,-0.32833695155180465,-0.3360984745577691,-0.6937401013046376,0.06733045898698013,-4.951439457520917,-4.859059166218051,-1.1272132151929943,0.0024735051867017083,-0.0014839366035084398
0.09,0.0004419246799472166,1.4968296316422063,-1.0004181422899188,-0.540250766001351,3.5102777692819826e-07,-1.027413638057299e-05,0.011199714534657516,-0.08772647833258287,-0.014025553283795181,-0.0071795268957422515,0.00017138663202375645,-0.00022009555014515235,0.287291007195924,-1.8592096317624782,-0.2380585795096224,-0.3320840186305718,-0.3145352574060627,-0.6543303874039644,0.07672577426218324,-5.0620117818177395,-4.890522060202539,-1.1386341560369617,0.002895070484098009,-0.0016034143767546588
0.1,0.0005721073934417003,1.4957842993889243,-1.0005950624509272,-0.5403375961536253,2.9146192476965974e-06,-1.2693799255823536e-05,0.013018271349448378,-0.10453322532819241,-0.017692016100837604,-0.008683015227427347,0.0002563591470768399,-0.0002419662875250547,0.28995291835108267,-1.9250968941705044,-0.2744355920281956,-0.33213312668940986,-0.29042134927270224,-0.6100714515249236,0.08610991733314392,-5.163969224729703,-4.919647465300838,-1.1492073164396264,0.003353026839097935,-0.0017138841362304494
0.11,0.0007207166439638082,1.4945675356351606,-1.0008108271621983,-0.5404400020043606,6.432433574397931e-06,-1.5313344605318213e-05,0.014860925052210783,-0.12167637537636483,-0.021576471127102707,-0.010240585073532982,0.0003517814326701333,-0.0002619545349494677,0.2910472281798752,-1.9621649399498922,-0.3036988403788846,-0.32849601038097376,-0.2638576809196723,-0.5612827394027583,0.09547985149586381,-5.256579271463629,-4.946214414579014,-1.1588544922261577,0.0038511306965903244,-0.0018144290141645521
0.12,0.0008879246305312342,1.4931783528316236,-1.0010668878833158,-0.5405582743168301,1.1009799086670635e-05,-1.8112280539087036e-05,0.0167207986567426,-0.13891828035371323,-0.025606072111751338,-0.011827231246955781,0.0004577365512272705,-0.00027989359337688227,0.29095821574717295,-1.9722244091857881,-0.3257042827799604,-0.3212563782680764,-0.23498731758405822,-0.5083184535158681,0.10483181028345226,-5.339183163120676,-4.970023618713534,-1.1675049668096877,0.004392769190726347,-0.0019042063067661018
0.13,0.0010738522506706708,1.4916179930140983,-1.0013639851001825,-0.5406924628164081,1.6753967921281117e-05,-2.106857989599641e-05,0.018592762013943664,-0.1560359817525317,-0.029709721686682275,-0.013418849957807361,0.0005744168834610479,-0.00029562993569093754,0.28995153520695605,-1.9569813339374873,-0.3405085215390636,-0.31054819839517034,-0.2039882390893113,-0.45156471533816295,0.11416130728217223,-5.411195656912205,-4.990897912128787,-1.1750956286578271,0.0049809246599378625,-0.001982453814560233
0.14,0.001278580669721255,1.489889785949348,-1.0017021748265482,-0.5408423872022852,2.3774559589163188e-05,-2.4158832126772816e-05,0.020472841905058443,-0.1728207064750162,-0.03381897263657889,-0.014992438587702139,0.000702059166788207,-0.0003090252230776404,0.28821033209513924,-1.918071027112041,-0.3483018015883884,-0.2965408975870938,-0.17106758935985833,-0.391436535878484,0.12346316565573982,-5.472105043504053,-5.008682498881316,-1.1815710554914935,0.005618144529139779,-0.0020484955433344903
0.15,0.0015021587871141434,1.4879990106722547,-1.0020808610859082,-0.5410076494965326,3.218353880471847e-05,-2.735841140145629e-05,0.022357811739288823,-0.18907752770934638,-0.03786862593599878,-0.01652622942474218,0.0008408979215555287,-0.00031995792746834724,0.2858606584257263,-1.8570814403795508,-0.34936281644211986,-0.2794292142811887,-0.1364569620228624,-0.3283746133014886,0.13273156093239302,-5.5214733590311385,-5.023245042200379,-1.1868835724930722,0.0063065160801026214,-0.002101746738919605
0.16,0.0017446078657769523,1.4859527592730861,-1.0024988323355493,-0.5411876472860935,4.209485936342804e-05,-3.064165773635795e-05,0.02424490786628089,-0.20462513991685083,-0.04179712496411057,-0.017999778956091006,0.0009911320558709568,-0.00032832463349016604,0.2829893504933584,-1.7755691968398348,-0.3440283053649371,-0.25942617587771455,-0.10040840708143195,-0.2628419758010201,0.1419600717030125,-5.5589367314470906,-5.0344756314425085,-1.190993289377888,0.007047645740800299,-0.0021417182298093867
0.17,0.0020059242173195674,1.4837598021529046,-1.0029543004666797,-0.5413815875586865,5.362386921732278e-05,-3.3982068437929715e-05,0.026131635154261507,-0.2192957120181455,-0.04554681311304431,-0.019394027259298917,0.0011529009853894737,-0.000334041070157176,0.27965659638964374,-1.6750704977938178,-0.33267267161818626,-0.2367581675451378,-0.06319093293925548,-0.1953204885475326,0.1511417339630002,-5.584205802961925,-5.042286652554956,-1.1938681194220768,0.00784264261461315,-0.002168020053798853
0.18,0.0022860805722613713,1.4814304542207464,-1.0034449414679392,-0.5415885009311491,6.688654613115195e-05,-3.7352497503987826e-05,0.0280156354941804,-0.2329347932158279,-0.049064100125943616,-0.02069133724626049,0.0013262676913829176,-0.00033704290660581073,0.2759047596403932,-1.5571084135100435,-0.31569437854595,-0.21166139545668372,-0.025087344248899024,-0.12630724470490354,0.16026909577696227,-5.597066172178029,-5.046612582150406,-1.195483782214302,0.008692106036036616,-0.002180364348037038
0.19,0.002585026578628284,1.478976441690693,-1.0039679371442085,-0.5418072561338038,8.199861516846957e-05,-4.072536085765909e-05,0.029894600636691245,-0.24540125300534266,-0.05229956762693422,-0.021875520265472605,0.0015112069037317623,-0.0003372863353671262,0.271764560016784,-1.42319759504479,-0.293506917895692,-0.1843792750188742,0.013608695511816205,-0.0563108618038159,0.16933426972119675,-5.5973788011928045,-5.047409720469467,-1.1958237908714928,0.00959611698290394,-0.0021785674858721543
0.2,0.0029026887407997424,1.476410769272556,-1.0045200174860918,-0.5420365746574415,9.907458647484539e-05,-4.4072845452183774e-05,0.03176621621714584,-0.2565672418136774,-0.05520803418832632,-0.022931852363769944,0.0017075971306375823,-0.00033474845945246853,0.26725938497332613,-1.2748471195717008,-0.26653284967831703,-0.15516042870242952,0.052595452719093716,0.014152294041594737,0.17832898117552107,-5.585080334523877,-5.044655874536234,-1.194879423647713,0.010554233200436492,-0.0021625514483934244
0.21,0.003238970017342655,1.4737475876519486,-1.0050975034200178,-0.5422750454975591,0.00011822674278858174,-4.736712040050309e-05,0.03362812765429124,-0.26631816206075065,-0.05774859339261014,-0.02384708401176718,0.0019152156313736349,-0.00032942749483193154,0.2624082746660027,-1.1135619586257344,-0.2351998916284071,-0.12425708230608823,0.09156581421918308,0.08456193257473943,0.18724461102006756,-5.560183278383798,-5.038349999499839,-1.192649679221008,0.011565487904548165,-0.002132344423475821
0.22,0.003593749230347824,1.471002061234571,-1.005696349756527,-0.5425211399483576,0.00013956409968773176,-5.058054836999607e-05,0.0354779213005169,-0.2745526417377792,-0.05988463365092927,-0.024609445079846998,0.002133735689915003,-0.00032134279694929883,0.2572279614255915,-0.9408434053226985,-0.19993836144787547,-0.09192371892543738,0.1302099123798648,0.15439768820399985,0.19607223167405757,-5.522775990733798,-5.028511803376226,-1.1891412144360982,0.012628391935218026,-0.002088080630276795
0.23,0.003966880391480204,1.4681902361928714,-1.0063121882098485,-0.5427732264099504,0.000163191356981979,-5.3685895552086954e-05,0.037313116113237975,-0.2811825041699492,-0.06158384533214506,-0.025208646159277027,0.002362725729424723,-0.0003105347182090879,0.2517342307046749,-0.7581886912329934,-0.16117949584068275,-0.058415897489546786,0.16821770399494618,0.22314296831422692,0.2048026357187387,-5.4730224348056975,-5.015181318076736,-1.1843682628931558,0.013740939229122534,-0.002029999372410331
0.24,0.004358192015946261,1.465328908905814,-1.0069403703954543,-0.5430295851784648,0.00018920785632210743,-5.66565385772307e-05,0.03913116244660568,-0.28613272870575057,-0.06281821856058566,-0.02563587685144098,0.0026016499340128416,-0.0002970643025143744,0.24594279066950978,-0.5670899513135397,-0.11935432043020111,-0.023989174840033378,0.20528151298877528,0.2902887758554007,0.21342635659680081,-5.411161651497166,-4.998418437676857,-1.178352532493678,0.014900615476957214,-0.001958443328345453
0.25,0.004767486470929525,1.4624354949276985,-1.007576010730789,-0.5432884231917315,0.00021770655763849679,-5.9466666803852344e-05,0.0409294454983264,-0.28934139781154006,-0.06356403353347839,-0.025883801326675254,0.0028498701316389367,-0.0002810128226621646,0.2398697817722695,-0.3690326459715748,-0.0748928468019888,0.011101908021610152,0.24109853992903307,0.3553374808035502,0.22193368109129016,-5.33750690928966,-4.9783024232978965,-1.171123079876162,0.016104409827057135,-0.0018738560928703739
0.26,0.005194539386995968,1.4595278986621096,-1.0082140291725183,-0.5435478887040843,0.00024877304516126523,-6.209147846912845e-05,0.042705291606644304,-0.2907596265588806,-0.06380184417294578,-0.025946551235274617,0.0031066487522768468,-0.0002624811665276115,0.2335320187809527,-0.16549351598154594,-0.02822344263185516,0.046604800298417515,0.27537333617268567,0.4178065150742306,0.23031465346912128,-5.2524444941575155,-4.954931372714274,-1.1627161595916926,0.017348829494415775,-0.0017767789886681848
0.27,0.00563909914760937,1.456624383953582,-1.008849193724672,-0.5438060858631334,0.00028248457232938343,-6.450736925267772e-05,0.04445597606134022,-0.29035147085276314,-0.0635164552153724,-0.02581971590490824,0.00337115271681182,-0.00024158907835492675,0.22694703090733956,0.04206187618698944,0.0202277313296197,0.08226989133794499,0.3078202364984841,0.4772319656003788,0.2385590713347835,-5.156432106353149,-4.928421651832299,-1.153175045877865,0.01862991713377781,-0.0016678471721126103
0.28,0.006100886461900773,1.453743445843412,-1.009476162648213,-0.544061089159729,0.00031890915373390677,-6.669211187292949e-05,0.04617873142914023,-0.28809381101699416,-0.06269689235408747,-0.025500329659551,0.003642458140452332,-0.0002184742620251776,0.2201329473573696,0.2521819793528679,0.07003729060503777,0.11785144451488927,0.33816574094923857,0.5331720405479521,0.246656473383199,-5.049996835967781,-4.898907284488903,-1.1425498249841854,0.019943270837436217,-0.0015477850622677442
0.29,0.006579594018300643,1.4509036837677225,-1.010089526295447,-0.5443109577200369,0.0003581047112722446,-6.862502541112773e-05,0.04787075563998705,-0.2839762075689587,-0.06133636472340099,-0.024986856030791742,0.00391955575383378,-0.00019329135381982324,0.21310826335240554,0.4634324303342896,0.1207852527523807,0.1531085189857604,0.3661508340688113,0.5852103840247627,0.2545961193698854,-4.9337326947598354,-4.866539296568661,-1.130897156178078,0.021284066622608466,-0.0014174011267252535
0.3,0.007074886210956468,1.4481236765056371,-1.0106838484834344,-0.5445537494059719,0.00040011828085586263,-7.028713314006103e-05,0.049529219265582444,-0.278000726208544,-0.059432218798738,-0.024279168593498577,0.0042013569583618056,-0.00016621077289333033,0.2058915136637326,0.6743995485159746,0.17205575318141714,0.18780588027773293,0.3915332276226622,0.6329592151370428,0.2623669627339295,-4.808297687875208,-4.83148501021424,-1.118279999812375,0.02264708327943044,-0.0012775820623033745
0.31,0.007586398926616389,1.4454218592132764,-1.011253707310028,-0.5447875346873516,0.00044498528527290047,-7.166130772377508e-05,0.05115127156599209,-0.27018172923607736,-0.056985882659370546,-0.023378528137976147,0.004486700441703782,-0.00013741745837140556,0.19850087569590041,0.8836941242701124,0.22343787268086632,0.22171489869608418,0.4140895111408849,0.6760622678697138,0.2699576164173225,-4.674410415697592,-4.793927283888942,-1.1047673111560155,0.024026729458119706,-0.0011292864127362338
0.32,0.008113739376597442,1.4428164029051094,-1.0117937353050013,-0.5450104102462089,0.000492728878133671,-7.273240275053498e-05,0.05273404499810531,-0.2605456308166901,-0.05400279949731416,-0.02228755588572791,0.0047743592860770585,-0.00010710950267599076,0.19095372122246737,1.0899554770670123,0.274526589310231,0.25461443323700284,0.4336171931818814,0.7141975090167388,0.27735631252597875,-4.53284620308947,-4.754063694221882,-1.0904336990724135,0.02541707288203487,-0.0009735376692765196
0.33,0.00865648595640733,1.4403250967677677,-1.0122986587974525,-0.5452205122708382,0.0005433593632040567,-7.348736966377286e-05,0.05427465798098869,-0.24913061373416717,-0.05049234924511406,-0.021010202462932403,0.00506304850703856,-7.54966913237878e-05,0.1832661343423932,1.2918557575172809,0.32492386030822085,0.2862916978356207,0.4499366150607126,0.747079612289184,0.2845508565771757,-4.384432760624829,-4.712105655908487,-1.075359049066297,0.026811871581449764,-0.0008114169036000455
0.34,0.00921418811444732,1.4379652337124338,-1.012763336369728,-0.5454160293944664,0.0005968736928487061,-7.391535926413905e-05,0.05577021580399896,-0.23598630553338693,-0.046467757227539826,-0.019551712362817008,0.005351432964464937,-4.279896003661974e-05,0.1754524125807457,1.4881044649977293,0.37423983400501304,0.3165431062760744,0.4628927179217954,0.7744621677995707,0.2915285771799231,-4.230045389970157,-4.668277476434502,-1.0596281107007586,0.028204607050130833,-0.0006440549855218978
0.35000000000000003,0.009786366210926057,1.4357534995900185,-1.0131827962578417,-0.5455952152310057,0.0006532550487557573,-7.400780706942088e-05,0.057217809647873825,-0.2211734122415265,-0.04194598881137681,-0.017918583653936265,0.005638135590705117,-9.244780528182494e-06,0.16752456792069997,1.677453149274689,0.4220941869953797,0.34517509176741434,0.47235664347134176,0.796139607392916,0.29827627210407115,-4.0706017532231655,-4.62281534302451,-1.0433300499019929,0.029588519232556756,-0.0004726244407981462
0.36,0.010372511348617365,1.43370586650815,-1.0135522725491315,-0.5457564004582547,0.0007124725075927507,-7.375850193726677e-05,0.05861451376913071,-0.20476330818687039,-0.03694762912898415,-0.016118522724889815,0.005921745883699342,2.4930513215411527e-05,0.15949184463511498,1.858700260908357,0.46811757774401297,0.3720048970765797,0.4782271484227202,0.8119488277921015,0.3047801518162219,-3.9070562336428494,-4.575966239970833,-1.0265579672093041,0.03095664325323598,-0.0002983310066848573
0.37,0.010972085158366954,1.4318374907001392,-1.0138672400199462,-0.5458980043972192,0.0007744807937456455,-7.316363747756328e-05,0.05995738097495902,-0.18683758080106475,-0.031496747081480425,-0.014160393896458245,0.006200828615289476,5.9486445970348635e-05,0.15136027085960468,2.0306961114211535,0.511953204214826,0.39686133105883314,0.4804318127682219,0.8217704952856715,0.3110257817004787,-3.7403939226644662,-4.527986795361558,-1.0094083835815972,0.03230184780055036,-0.00012240494494976275
0.38,0.011584519524261937,1.4301626154031866,-1.0141234474497787,-0.5460185460350065,0.000839220120815792,-7.222184590612577e-05,0.06124343658949824,-0.1674875296952742,-0.02562074298323653,-0.012054163778735097,0.006473932707014638,9.417915714375051e-05,0.1431322607454874,2.1923479004160575,0.5532584499271747,0.41958548750628033,0.47892802237117094,0.8255300177282653,0.31699802434349555,-3.571624275248059,-4.479142057183075,-0.9919806959274351,0.03361687507548259,5.3907826324446325e-05
0.39,0.012209216236086281,1.4286944792057779,-1.0143169492436577,-0.5461166544380356,0.0009066161230895058,-7.09342141182243e-05,0.06246967118243433,-0.1468136197408675,-0.019350179387891887,-0.009810840302909381,0.0067396002273713805,0.00012876317879014648,0.1348062836206409,2.342624763189401,0.591706600020552,0.4400314223403061,0.47370370708925813,0.8231981719743694,0.3226809834479476,-3.4017744823168417,-4.429704199809864,-0.9743766050725466,0.034894382210194974,0.00022935471954705147
0.4,0.012845546560049019,1.4274452303222003,-1.0144441351920026,-0.5461910785021775,0.000976579877747262,-6.930428188850515e-05,0.06363303239627374,-0.12492488835775561,-0.012718594834494813,-0.007442406414192977,0.00699637546577562,0.00016299322297191605,0.12637661577557277,2.4805627890290385,0.6269886064250993,0.45806678533116596,0.4647778167083396,0.8147913775355893,0.3280579511456941,-3.2318826151599747,-4.379951162999033,-0.9566995194051406,0.03612698405255754,0.0004026855195671178
0.41000000000000003,0.01349285072273136,1.4264258472450597,-1.0145017581966782,-0.5462406959869099,0.001049008018139766,-6.733802223221185e-05,0.0647304162682341,-0.10193830771406628,-0.005762300467550769,-0.004961748473240604,0.007242814039250416,0.0001966259656293297,0.11783318921871387,2.6052699574363047,0.6588148791057504,0.473573402709091,0.45220051840639275,0.8003716102374314,0.3331113607077434,-3.0629906020656303,-4.3301652266653194,-0.9390539379344858,0.037307297200318584,0.0005726614168124224
0.42,0.01415043730768144,1.425646066214417,-1.0144869597938138,-0.5462645217816848,0.001123782938021285,-6.504380409038852e-05,0.06575865849500796,-0.0779781030642686,0.0014798402864440903,-0.0023825794774934342,0.007477491988151899,0.00022942181418233375,0.10916154997326935,2.715930937062546,0.6869170785829709,0.4864478072177665,0.4360531013207625,0.7800459529432399,0.3378227468853221,-2.8961371019854685,-4.2806315259102385,-0.9215448169515503,0.03842798515271657,0.0007380639675823094
0.43,0.014817582569003406,1.425114315924486,-1.014397293308169,-0.5462617153544882,0.0012007730861916081,-6.24323376281006e-05,0.06671452613219661,-0.05317502899311899,0.008966648564461659,0.0002806427196587035,0.007699014817032309,0.00026114664622879294,0.10034293620894258,2.8118116902983883,0.7110498835627405,0.4966017123470472,0.41644757610432187,0.7539657839735385,0.3421727163539935,-2.7323503435935566,-4.231636512001255,-0.9042769248822726,0.039481804428078145,0.0008977039177648847
0.44,0.015493529671537686,1.4248376598656545,-1.014230744480495,-0.5462315873350277,0.0012798333505521582,-5.951660255878786e-05,0.06759471025342792,-0.027665605883134974,0.01665488276741926,0.0030128019460422028,0.007906026436055015,0.00029157350693127327,0.09135448373050443,2.892263825276234,0.7309927065563845,0.5039624276409267,0.39352596018967206,0.7223256076340309,0.3461409309563881,-2.5726410005889955,-4.183466366227101,-0.8873541902654947,0.040461651473541874,0.0010504298269531749
0.45,0.016177487872693175,1.4248217466708915,-1.0139857494184887,-0.5461736051881292,0.001360805530125028,-5.631176002883901e-05,0.06839582011554916,-0.001591319476308698,0.024499506200615813,0.005798214689860873,0.008097217957286977,0.0003204842529948858,0.08216956312177594,2.956728636612848,0.7465513298508331,0.5084732121644695,0.3674592428945636,0.6853615352033252,0.34970610663112,-2.4179951754190268,-4.136405374775527,-0.8708790480610502,0.04136061016777238,0.0011951364310371795
0.46,0.01686863166653716,1.425070768801406,-1.0136612097335649,-0.5460873979367445,0.0014435188931130306,-5.2835048713536167e-05,0.06911437938439861,0.024902213051450704,0.03245396849238374,0.008620725138463233,0.008271336298800258,0.000347671131530284,0.07275824923180796,3.0047407765895557,0.757559434151611,0.5100935632900416,0.33844602855701794,0.6433494287421291,0.35284603105583767,-2.269367563707399,-4.090734273970487,-0.8549517896926944,0.042171999689740655,0.0013307726828502863
0.47000000000000003,0.017566099916229604,1.4255874298669104,-1.013256504739684,-0.5459727598984668,0.0015277908185924907,-4.910566588787434e-05,0.0697468249692442,0.05166610655044179,0.040470499388079374,0.011463803827771707,0.008427192547946006,0.00037293828256618276,0.063087919779187,3.0359314996871944,0.763879992637425,0.5087994381161867,0.30671086061354436,0.5966027240648971,0.3555376030995651,-2.127674870524349,-4.04672857634551,-0.839669922350555,0.042889422496776936,0.0014563494123499602
0.48,0.018268995006149646,1.4263729208311813,-1.0127715006068323,-0.5458296534045731,0.0016134275189282588,-4.514463434265288e-05,0.07028950899200438,0.07854909642708698,0.048500413285170206,0.014310649389371643,0.008563670033576824,0.0003961031545221455,0.053123975752048934,3.050031425498962,0.765406504088102,0.504583404872152,0.27250223493321146,0.5454699530584954,0.3577568971517614,-1.9937895472211264,-4.004656889095939,-0.8251275431153879,0.04350681212368052,0.0015709465501141694
0.49,0.01897638204994091,1.4274269053041582,-1.0122065563802545,-0.5456582104763551,0.0017002248394837895,-4.09746561169356e-05,0.07073870437912642,0.10539844729768663,0.0564944226577862,0.017144292821796914,0.008679732055553075,0.00041699782257172824,0.04283067213163864,3.0468727680566867,0.7620640401424874,0.4974547217491505,0.23609031672708944,0.49033198912133186,0.3594792552522508,-1.8685339138923653,-3.964779237420451,-0.811414733420458,0.0440184804823231,0.001673719860635849
0.5,0.019687288195032654,1.428747514067943,-1.0115625267970563,-0.545458733439788,0.0017879691316712853,-3.661995411178828e-05,0.07109061450917459,0.13206087637848576,0.06440295831982867,0.019947703656709295,0.008774429218749581,0.00043547020051473234,0.03217204341684646,3.026390983531887,0.7538100836300559,0.48743934062516203,0.19776438185963202,0.4315990427141281,0.3606794096693604,-1.752674727673439,-3.9273454061067037,-0.7986169792364972,0.0444191643086619,0.0017639071349958573
0.51,0.020400702067812172,1.4303313489262544,-1.010840761854071,-0.5452316944663829,0.0018764381948527245,-3.210610273647434e-05,0.07134138727795179,0.15838348583113512,0.07217649429853445,0.022703897340517077,0.00884690631814392,0.0004513851375313936,0.02111290464575901,2.9886257931040774,0.7406351372561906,0.4745798332272617,0.1578300101836076,0.36970743675897044,0.361331638149699,-1.6469182511053952,-3.892593313411163,-0.7868146221526691,0.044704070372273745,0.0018408337959867395
0.52,0.021115573406372757,1.4321734959057106,-1.0100431031046806,-0.5449777340352979,0.0019654022820683775,-2.745984881641527e-05,0.07148713385605843,0.1842146979456284,0.07976587493903384,0.02539604310849045,0.00889640872156529,0.0004646253920059067,0.009619905266868421,2.933721543499193,0.722563084705147,0.4589352373233666,0.11660606535126514,0.3051161937910745,0.36140995348409455,-1.5519058678153301,-3.8607474318039934,-0.7760823462352524,0.04486891903345811,0.0019039178726390341
0.53,0.02183081292949788,1.4342675477734097,-1.009171876687297,-0.5446976583193721,0.0020546251640427083,-2.2708924061646378e-05,0.0715239523125124,0.20940518676989572,0.08712264173835021,0.02800757159258149,0.008922288197433053,0.00047509247547688913,-0.0023373895216463794,2.8619268742454125,0.6996512894008804,0.4405808206553221,0.07442150207748546,0.2383034683037757,0.3608883282997807,-1.4682102848999525,-3.83201727047217,-0.7664887051808719,0.04490998570581763,0.0019526743053602468
0.54,0.02254529249114147,1.4366056357693442,-1.0082298831141223,-0.5443924355056041,0.002143865245406755,-1.788185045472526e-05,0.07144795616435907,0.23380879959344744,0.09419935731746876,0.030522281376802678,0.008924008136404643,0.0004827073606921119,-0.014785417320506587,2.7735936680122326,0.6719904196955567,0.41960776047877246,0.03161204768347568,0.16976285856915418,0.35974095510659826,-1.3963323528242233,-3.806595934575671,-0.7580956938489765,0.04482413975931074,0.001986718547521187
0.55,0.023257845569028074,1.4391784703850232,-1.0072203838752707,-0.5440631910686446,0.0022328767265900593,-1.3007739967642888e-05,0.07125530778866043,0.2572834615679047,0.10094992388515808,0.03292444369594782,0.008901148118330473,0.0004874110487082372,-0.02774556540758081,2.6691752684058168,0.6397039930932993,0.3961227367946343,-0.011483190466244353,0.09999963237803172,0.35794254061155667,-1.3366985245364815,-3.7846587761138477,-0.7509583677666449,0.04460888038149699,0.0020057694342982533
0.56,0.02396726813405808,1.4419753909520732,-1.0061470849399796,-0.5437112020239914,0.0023214108043829386,-8.116090057878836e-06,0.07094225650300061,0.279692056705,0.10732989352911561,0.035198904465324275,0.008853407779287935,0.0004891649909764052,-0.04123317449801052,2.549223958190401,0.6029476361773001,0.3702474376907663,-0.054525136662738644,0.029526900627141084,0.3554686321975321,-1.2896589660537243,-3.7663621508672844,-0.7451245136564912,0.044262368904530676,0.0020096512948811437
0.5700000000000001,0.024672319943931063,1.444984423737438,-1.005014117263078,-0.5433378901956762,0.0024092169037599823,-3.236576424031778e-06,0.07050518098729842,0.30090327853649107,0.11329676769015816,0.037331182831513265,0.008780609937704345,0.0004879513633847058,-0.05525662703002939,2.4143876999697067,0.5619080611510965,0.34211797560471524,-0.09717812110556734,-0.041138228427442136,0.35229597327308415,-1.255486321195363,-3.7518422952249644,-0.7406343734551881,0.04378345710386301,0.001998295289754928
0.58,0.02537172629980356,1.4481923481759664,-1.0038260144307354,-0.5429448145412025,0.0024960439331961092,1.6011554787829368e-06,0.06994063558724979,0.32079244385283134,0.11881028323427031,0.0393075654473807,0.008682702943612713,0.00048377319028147147,-0.06981654570520159,2.2654061507537677,0.5168017642200442,0.31188421387825205,-0.13911316047436195,-0.1114784830588652,0.3484028829841974,-1.2343751236563452,-3.741214335784297,-0.737520423676314,0.04317171098297015,0.0019717399606281956
0.59,0.02606418029892668,1.451584770807559,-1.0025876876043818,-0.5425336625842146,0.002581641555404274,6.3676986545019e-06,0.06924539991231188,0.3392422631592566,0.12383268263536983,0.041115195698783365,0.008559762220816496,0.00047665431757189626,-0.08490512515529527,2.103105971402253,0.4678734553777358,0.2797090035978025,-0.18001109099175555,-0.18098022092080218,0.3437696545843721,-1.2264418404255975,-3.7345714434253034,-0.7358072113376593,0.04242742957793097,0.0019301309866627233
0.6,0.026748345609156603,1.455146206425543,-1.0013043979452034,-0.5421062410127578,0.0026657614651847696,1.103409100507677e-05,0.06841653102299207,0.3561435617983938,0.128328965917845,0.04274215714568067,0.008411990978049547,0.00046663923505748707,-0.10050561592792623,1.9283954615012897,0.4153942334043549,0.24576733152308794,-0.21956550458052176,-0.24913715395347424,0.3383789656402673,-1.231725521882888,-3.7319841421215276,-0.7355112470309271,0.04155165834726496,0.0018737201469144424
0.61,0.027422859783130228,1.4588601658863936,-0.999981726723396,-0.5416644655078938,0.0027481586659044936,1.5572018497736904e-05,0.06745141739736264,0.37139594608505927,0.13226712218074507,0.04417755048640568,0.008239720071972406,0.00045379274926601355,-0.11659197564286836,1.7422585596202589,0.359659523983739,0.2102453807473248,-0.2574854449873116,-0.31545398082651777,0.33221629226081095,-1.250189025941241,-3.7334997810765254,-0.7366409550719032,0.040546196756658964,0.001802863495262976
0.62,0.028086338120919062,1.4627092499791663,-0.9986255433360702,-0.5412103498737908,0.0028285927360235663,1.995401358866007e-05,0.06634783377888333,0.38490840927727094,0.13561833873258386,0.04541156341029911,0.008043407011907257,0.0004381995090923166,-0.13312869736726496,1.5457482579133677,0.3009868026622145,0.173339506794556,-0.29349782854464,-0.37944990476566376,0.325270318731488,-1.281720776520137,-3.7391421768929423,-0.7391966800425454,0.039413599725156796,0.0017180187605228309
0.63,0.02873737808031863,1.466675248706782,-0.9972419714750304,-0.5407459945460905,0.0029068290770580436,2.4153647464961925e-05,0.06510399593995697,0.39659987276157416,0.13835718610399195,0.04643553277003232,0.00782363410344775,0.0004199633876301855,-0.15007082020832782,1.3399794884936322,0.23971312788247598,0.1352551328901006,-0.32734956314852437,-0.440662016851957,0.3175333333607189,-1.3261370105883379,-3.7489114304236377,-0.7431707484333998,0.03815717266862557,0.0016197419908226102
0.64,0.02937456422382536,1.4707392452913095,-0.9958373537003197,-0.5402735745602915,0.002982640134411674,2.8145714711125178e-05,0.06371861435067275,0.406399658452742,0.14046177747106992,0.0472419985799092,0.007581105735363035,0.0003992067246163253,-0.16736412204927706,1.1261215467180594,0.17619251239354372,0.09620556933095514,-0.3588093485486905,-0.4986485268838168,0.30900160104204166,-1.3831844631271202,-3.7627839207618674,-0.7485475835251774,0.03678095995683852,0.0015086834676336278
0.65,0.02999647368104168,1.4748817241821925,-0.9944182146872117,-0.5397953270660003,0.003055806582626088,3.190640906034765e-05,0.06219094572163191,0.41424788908830545,0.14191390131079415,0.04782474942911675,0.007316644821441397,0.00037606943492224745,-0.18494548947085915,0.9053901233042736,0.11079316392625324,0.056410763070988246,-0.3876691506534389,-0.5529918256143538,0.2996757030335246,-1.4525434357233058,-3.7807124765451974,-0.7553038711211413,0.03528972669074588,0.0013855829209473538
0.66,0.03060168209498628,1.4790826823204555,-0.9929912234230504,-0.5393135384761204,0.003126118466786095,3.5413488955469186e-05,0.060520841394460005,0.4200958138262918,0.14269912641613586,0.048178858987986975,0.0070311884160007025,0.00035070798951215355,-0.20274345539793265,0.679039022883725,0.043894628055917984,0.01609598482757102,-0.4137453517250992,-0.6033013635832909,0.2895608347703618,-1.533831192159726,-3.802626722426094,-0.7634087732653214,0.0336889338043065,0.0012512640829623989
0.67,0.031188770010821872,1.4833217428936334,-0.991563154635879,-0.5388305313423266,0.003193376292072729,3.864643171775076e-05,0.05870879158355906,0.4239060573177945,0.1428068787171359,0.048300713379383055,0.00672578252866339,0.0003232942762281571,-0.22067889104472918,0.44835165103082997,-0.02411513241070262,-0.024509537780801338,-0.4368795866226729,-0.64921633285802,0.2786670531590119,-1.6266056233441697,-3.828433596254091,-0.7728241866625005,0.03198470659801205,0.0011066286231681075
0.68,0.03175632965609118,1.4875782708057474,-0.9901408497390874,-0.5383486510494798,0.003257392053778786,4.158657520436713e-05,0.05675596452693099,0.42565279121140714,0.1422304896791484,0.04818802928467468,0.006401576170605715,0.0002940143486616376,-0.23866583542210712,0.21463235487465737,-0.09284268640706558,-0.06517403146977846,-0.4569392822523375,-0.6904081388286374,0.2670094657369058,-1.7303691241834969,-3.8580180302743563,-0.7835050421602566,0.030183796915967002,0.000952649512829074
0.6900000000000001,0.03230297205289892,1.4918314890841498,-0.9887311775753403,-0.5378702524219526,0.003317990200486901,4.421724592651207e-05,0.05466423968077387,0.42532182784023165,0.1409672163747122,0.04783986275271506,0.006059814670811492,0.0002630670722144939,-0.25661244308957704,-0.02080229599994736,-0.1618920767249229,-0.105664622262577,-0.4738179228500796,-0.7265826498235504,0.2546083552908175,-1.844572626509565,-3.8912437875292545,-0.7953996413656453,0.02829353928186865,0.0007903638715151304
0.7000000000000001,0.032827334394794384,1.4960605954504487,-0.9873409952388917,-0.5373976863341632,0.003375008523555597,4.652387269890986e-05,0.05243623418954652,0.4229106366298989,0.13901823364485907,0.04725660877894371,0.005701832306869576,0.00023066267723977895,-0.2744220290176764,-0.25663220157462163,-0.23086772064308908,-0.14574880270401858,-0.4874350674898724,-0.7574822128027484,0.24148923496569785,-1.9686197348056291,-3.9279544427045545,-0.8084500262526455,0.02632180140817163,0.0006208653524258771
0.71,0.033328087614566695,1.5002448782957845,-0.9859771092481614,-0.536933286415979,0.0034282989665609534,4.8494084997618725e-05,0.050075321977231066,0.4184282845335821,0.1363885990730318,0.046439991818409264,0.00532904430053564,0.00019702122987088645,-0.29199418836621593,-0.4915423110202896,-0.2993772356889035,-0.18519590908197348,-0.4977361482674032,-0.7828874238300523,0.2276828305087611,-2.101870915144773,-3.967974494937428,-0.8225923774730458,0.02427692958392371,0.00044529612677918326
0.72,0.033803944063897154,1.5043638313211196,-0.9846462373303179,-0.536479355941086,0.0034777283488971345,5.011779531557018e-05,0.04758564493304561,0.41189530253350776,0.13308719178435421,0.04539304748931038,0.00494293823361811,0.00016237103179514493,-0.30922596864362983,-0.724231007583367,-0.36703415904727876,-0.22377859591800142,-0.5046920780334481,-0.8026186425157784,0.21322498801711806,-2.2436476922895174,-4.011110598640354,-0.8377574370134161,0.0221676895273056,0.00026483853043357303
0.73,0.03425366522191721,1.5083972661304688,-0.9833549710668247,-0.5360381549829771,0.003523178998344385,5.1387264923520215e-05,0.04497211580200535,0.403343480934915,0.12912662634931799,0.04412009581088137,0.00454506494472505,0.0001269469607950041,-0.32601307202762553,-0.9534182208445721,-0.4334605316386464,-0.2612742946624529,-0.5082986955312321,-0.8165372402195578,0.19815650732277595,-2.393236815148985,-4.057152897227439,-0.8538709508431298,0.02000320335630439,8.07064381722597e-05
0.74,0.034676069347252085,1.5123254220985272,-0.9821097396337327,-0.5356118879189823,0.0035645492880643287,5.229715256713415e-05,0.04224041253348748,0.3928155968058328,0.12452314330919606,0.04262670639948589,0.0041370289719943375,9.098876436139323e-05,-0.34225106651572096,-1.1778531942651176,-0.4982893209253536,-0.29746664346198415,-0.5085760735779983,-0.824546572588333,0.18252290288718445,-2.5498943565696095,-4.105876443782242,-0.8708541272705794,0.01779288338327399,-0.00010586356731767568
0.75,0.03507003898710526,1.5161290728732668,-0.9809167748532681,-0.5352026913578002,0.0036017540741751647,5.284454575786925e-05,0.039396963985317654,0.3803650774739745,0.11929647804646415,0.04091965611821163,0.0037204786110835992,5.473931907351061e-05,-0.357836585943347,-1.3963218429582032,-0.5611666600215717,-0.3321468750064067,-0.5055677128198053,-0.8265926680122477,0.16637409572275663,-2.7128497195627794,-4.157042692194433,-0.888624106862864,0.015546363475118388,-0.00029362116377976697
0.76,0.035434528257335514,1.5197896289179846,-0.9797820777543294,-0.5348126225604317,0.003634725030788821,5.302897444518913e-05,0.036448927023025046,0.3660556044717878,0.11346970989387593,0.039006879736849936,0.003297095661365609,1.8442868731987975e-05,-0.37266850065779905,-1.6076536446886784,-0.6217538845666557,-0.3651151498674201,-0.4993396398996941,-0.8226646248396349,0.14976404135203167,-2.8813095283643233,-4.210401042121748,-0.907094439983138,0.013273428739933018,-0.0004813113267198541
0.77,0.03576856980923815,1.52328923554514,-0.9787113868192482,-0.5344436484183323,0.0036634108801527673,5.285240698942433e-05,0.033404155190263525,0.34996066271552856,0.10706909350811183,0.03689741420994327,0.0028685849363946306,-1.7656745576480507e-05,-0.38664904267117145,-1.8107280160075647,-0.6797293529967745,-0.3961818233501937,-0.4899794249220588,-0.8127947117131873,0.13275030010744565,-3.0544613889980026,-4.265690421298597,-0.9261755682530811,0.010983944303330682,-0.000667683367699116
0.78,0.03607128140177658,1.5266108659452364,-0.977710148072982,-0.5340976350461333,0.0036877775163248238,5.231922848723472e-05,0.030271159253843154,0.3321630400096367,0.10012387462662524,0.03460133721989613,0.002436663617205652,-5.331785021896082e-05,-0.3996848713392516,-2.0044801349415997,-0.7347900401962228,-0.4251686347091246,-0.4775951291578535,-0.7970581671578112,0.11539355712958353,-3.2314775101110307,-4.3226408891984605,-0.9457753065480572,0.0086877839242421,-0.0008514999064037614
0.79,0.03634187200220396,1.5297384087670507,-0.9767834871491926,-0.5337763380395376,0.0037078080216128447,5.143620163405523e-05,0.02705906004273819,0.3127542821814225,0.09266609237893308,0.03212970065957009,0.0020030505288020726,-8.830268531794872e-05,-0.4116880679383321,-2.187906181538305,-0.7866528989218322,-0.45190980861108265,-0.462314190266784,-0.7755726965400711,0.09775710021647598,-3.4115181806127284,-4.380975246839445,-0.9657993224711525,0.006394759172201819,-0.0010315457106871244
0.8,0.03657964734323193,1.5326567498597827,-0.9759361834458262,-0.5334813934420952,0.0037235025758248397,5.0212410439027186e-05,0.023777534102796576,0.29183410927319475,0.08473037033664013,0.029494459744243084,0.001569455421199505,-0.00012237911950280445,-0.4225770498572642,-2.3600679775651003,-0.8350559877661987,-0.47625305990404776,-0.4442822491094027,-0.7484976667002641,0.07990626420239948,-3.5937351059454876,-4.440410638568457,-0.9861516106201589,0.00411454984801335,-0.0012066363406431555
0.81,0.03678401487099442,1.5353518478423007,-0.9751726464612122,-0.5332143094576302,0.00373487825919034,4.865918723664443e-05,0.020436752776248727,0.2695097982518006,0.07635369846140287,0.0267083984465012,0.0011375683365500095,-0.00015532232023827546,-0.432277397416179,-2.5200970165254235,-0.8797593686423995,-0.49806049407956543,-0.4236619196345002,-0.7160330008747481,0.06190785080658254,-3.7772746095395355,-4.50066013293006,-1.0067349593491965,0.001856636279596629,-0.001375626535068817
0.8200000000000001,0.03695448802486159,1.5378108032187363,-0.9744968943807201,-0.5329764589382294,0.003741968750621453,4.679002356459822e-05,0.01704731538671744,0.24589553764356772,0.06757520804920583,0.023785051940070655,0.000709049143111318,-0.0001869163672046212,-0.4407225885026968,-2.6671978846476265,-0.920545780743065,-0.5172093972133176,-0.40063150144562765,-0.6784177789392194,0.04382953290729845,-3.961280710062155,-4.56143427117586,-1.0274514081239914,-0.00036976593264461354,-0.0015374182813582462
0.8300000000000001,0.03709068979752263,1.540021920812459,-0.973912534963961,-0.5327690726710242,0.003744823923772512,4.462046559803568e-05,0.013620177266103256,0.22111175937226332,0.058435941675906426,0.020738626720519376,0.0002855173151059172,-0.00021695579665625422,-0.4478546382277342,-2.800651082397994,-0.9572211015440149,-0.5335929106768802,-0.3753836335173828,-0.6359285504550867,0.02573925199201265,-4.1448980884042275,-4.622442573551085,-1.048202693966988,-0.002555768208781956,-0.0016909685128974408
0.84,0.03719235553152156,1.5419747653412292,-0.973422748763692,-0.532593233480592,0.0037435093441206668,4.2167994945639024e-05,0.010166573399892933,0.19528445287702362,0.048978620026901815,0.017583919043225635,-0.0001314579651845482,-0.0002452470652396658,-0.45362464260030105,-2.919815264173333,-0.989614608632549,-0.5471205873613947,-0.3481238871449239,-0.5888773704480519,0.007704617144037291,-4.32727496091128,-4.683394995156139,-1.0688906858756162,-0.004692867872807233,-0.0018352963813512567
0.85,0.03725933491645229,1.5436602100044872,-0.9730302746902176,-0.5324498711577603,0.00373810567101651,3.9451895721622266e-05,0.00669793849307251,0.16854446632579928,0.03924740734742804,0.01433623228316859,-0.0005403673104156967,-0.0002716099224016757,-0.4579932267683843,-3.0241289209657163,-1.017579058842223,-0.5577188276860294,-0.3190692965285602,-0.5376095702399503,-0.010207686610528822,-4.507565877143865,-4.744003324871713,-1.0894178064649183,-0.006773003242792496,-0.001969490054814924
0.86,0.03729159315916568,1.54507047799877,-0.9727373979193745,-0.5323397582199766,0.0037287079693345253,3.649310890902462e-05,0.0032258242713393303,0.14102679942829738,0.02928767708431204,0.011011293778373388,-0.0009397701681984456,-0.000295878681259765,-0.4609308996437174,-3.113111536835784,-1.0409906033574414,-0.565331195054533,-0.2884468263458664,-0.48250127796122033,-0.027932473414223263,-4.684934461444162,-4.803982522507844,-1.1096874404256658,-0.00878860460575712,-0.002092712996605169
0.87,0.03728921130750044,1.5461991769187902,-0.9725459401282734,-0.5322635065032698,0.00371542493597916,3.331407512272314e-05,-0.0002381851665243591,0.11286989200200845,0.01914577911011043,0.007625171670679432,-0.001328303335536551,-0.00031790337863014804,-0.46241831770431774,-3.186364254877978,-1.059748559048893,-0.569918611800345,-0.2564917771562438,-0.4239567055468596,-0.045406608675226966,-4.858556117811107,-4.863051990944003,-1.1296043296933036,-0.01073264081303038,-0.0022042096834604384
0.88,0.03725238571612649,1.5470413260394638,-0.9724572520309558,-0.5322215645812152,0.0036983780470660876,2.993856696463788e-05,-0.003682559137394857,0.08421491206737042,0.008868809731770459,0.00419419220546897,-0.0017046888913072233,-0.0003375508158085258,-0.46244646144174056,-3.2435700919594255,-1.073775057318565,-0.57145943789331,-0.22344613140638314,-0.3624052210519759,-0.06256953241558538,-5.027620717079061,-4.920936781527974,-1.1490749554848902,-0.012598661284506986,-0.002303310726079477
0.89,0.03718142665101424,1.5475933765080152,-0.9724722081760209,-0.5322142160022386,0.0036777006320935016,2.639151223799468e-05,-0.007095906511225378,0.0552050468551378,-0.001495614506507207,0.000734857897656161,-0.0020677414972585934,-0.0003547054726643197,-0.4610167282922207,-3.284493743842127,-1.0830145921620575,-0.5699494357955963,-0.18955684504312886,-0.2982982269833053,-0.07936374887353753,-5.191335284201726,-4.977368732359927,-1.1680079075750784,-0.01438083325687065,-0.002389437359229846
0.9,0.03707675603676507,1.5478532245051349,-0.9725912039600966,-0.5322415783330773,0.003653536881840394,2.2698809351673312e-05,-0.010467061424916855,0.025984799711965295,-0.011899578407569424,-0.0027362330838649755,-0.00241637502531079,-0.00036927028863213685,-0.4581409459736579,-3.308981023377455,-1.087433489018541,-0.5654016258191952,-0.155074092173201,-0.23210586701896607,-0.09573527807443889,-5.3489267016200674,-5.032087540275813,-1.186314241343986,-0.01607397415131164,-0.00246210527308328
0.91,0.036938904358530256,1.5478202174601332,-0.9728141548046864,-0.5323036029932324,0.0036260407970750033,1.888713629912592e-05,-0.013785167823481353,-0.0033007045001713503,-0.022295084458976315,-0.006202466015514024,-0.002749608476539064,-0.00038116730525473926,-0.4538413099663815,-3.3169579743453816,-1.087019315297974,-0.5578460371590896,-0.12024947271766395,-0.16431358498271875,-0.11163406575351682,-5.499644442304504,-5.08484176833855,-1.2039078232367502,-0.017673578970629048,-0.0025209277619659873
0.92,0.03676850673749672,1.5474951534272436,-0.9731404974393313,-0.5324000758627981,0.003595375085426143,1.4983754638736266e-05,-0.017039762103353222,-0.03250640328896211,-0.03263426346449806,-0.00964728695657399,-0.003066571164885994,-0.00039033816603896546,-0.4481502484569344,-3.3084297022865274,-1.0817802523086861,-0.5473293604068203,-0.08533419547595744,-0.09541856122256809,-0.12701434862974179,-5.642763343177043,-5.1353897914314235,-1.2207056653252457,-0.019175842664387197,-0.0025656181713330176
0.93,0.03656629820593576,1.5468802737489638,-0.9735691932310286,-0.5325306186440836,0.0035617100139642855,1.1016309933534504e-05,-0.020220853156096476,-0.06148796782799444,-0.04286957916973654,-0.013054278128538576,-0.0033665071461857613,-0.00039674447052017613,-0.4411102174527362,-3.283478961450202,-1.0717444466953794,-0.5339145078536429,-0.05057725133601387,-0.025926052653201026,-0.1418349725906427,-5.777586426311083,-5.183500683117962,-1.2366282496570198,-0.02057767742480082,-0.002595991628471769
0.9400000000000001,0.036333108214612185,1.5459792491478943,-0.9740987334982711,-0.532694690955928,0.0035252222251615528,7.012630127733499e-06,-0.023318999132357677,-0.09010246010693733,-0.05295402672425193,-0.016407231184448014,-0.0036487788802732775,-0.0004003679805801005,-0.43277342802288116,-3.2422645338943235,-1.05695935751517,-0.5176800882024821,-0.016223593435932715,0.04365433638877092,-0.1560596618561836,-5.903447771650843,-5.228955047285163,-1.2515998430163824,-0.021876724896274753,-0.002611966047195135
0.9500000000000001,0.036069854411961866,1.5447971594013397,-0.9747271467477137,-0.5328915931384863,0.0034860935239556484,3.000523345558143e-06,-0.026325380265032165,-0.11820897465547148,-0.0628413249442502,-0.01969021825583338,-0.003912870120590455,-0.00040121067821753567,-0.4232015067852792,-3.1850194329670978,-1.0374911127781172,-0.49871980252344095,0.01748765718555756,0.11281242460706031,-0.16965723765407859,-6.019715441064668,-5.271545798228012,-1.2655488026106112,-0.023071363299184855,-0.0026135624015839716
0.96,0.03577753574089098,1.543340466763395,-0.9754520077721053,-0.53312046974547,0.0034445096436396395,-9.924234056375711e-07,-0.02923186710708851,-0.1456692637944674,-0.07248610243915808,-0.022887660698372676,-0.004158388031600901,-0.0003992946751195714,-0.4124650899089095,-3.112048959036012,-1.0134238867611653,-0.47714176829822463,0.0503249606073759,0.18104123714643083,-0.18260178537074256,-6.125794449423651,-5.311078892774152,-1.2784078730344453,-0.02416070948475495,-0.002600904268664278
0.97,0.03545722490535363,1.5416169833078432,-0.9762704485495142,-0.5333803137003147,0.003400658998246448,-4.9390431607643536e-06,-0.032031083553735185,-0.17234834555516856,-0.08184407774089379,-0.025984395484465836,-0.004385064539319139,-0.00039466197551267827,-0.4006433501024113,-3.023728630569056,-0.9848593067023369,-0.45306777837630996,0.08206604105909365,0.2478407732211942,-0.1948727695549302,-6.22112977415534,-5.347374017804505,-1.2901144746635778,-0.025144615953928463,-0.0025742166447380683
0.98,0.035110060265037824,1.5396358323723802,-0.9771791708857709,-0.5336699710924282,0.003354731429004245,-8.812784109538115e-06,-0.03471646403158059,-0.1981150935463105,-0.0908722336256749,-0.028965739211352363,-0.004592756924220335,-0.00038737409487737615,-0.38782345538969165,-2.9205020086772917,-0.9519158947096346,-0.4266325014865817,0.1124994830623176,0.31272172912704277,-0.20645509655865923,-6.3052093904382955,-5.380265236119586,-1.3006109833889208,-0.026023662889994376,-0.002533824044907842
0.99,0.03473723722253145,1.53740740429098,-0.9781744607442181,-0.5339881465894988,0.0033069169523179064,-1.2587899491308975e-05,-0.037282304250637555,-0.22284280814001595,-0.0995289858447206,-0.03181754970705585,-0.004781447668633859,-0.0003775115381770859,-0.3740999580028098,-2.8028784281556773,-0.9147285479216101,-0.39798263071788753,0.14142622012899575,0.3752091478559289,-0.21733912501463676,-6.377567314952303,-5.409601593055836,-1.309845001334978,-0.02679914527327341,-0.0024801479001202195
1.0,0.03433999917322708,1.5349433066070692,-0.9792522042090456,-0.5343334094417334,0.0032574045165938976,-1.623963091402756e-05,-0.03972380493043638,-0.24640976839107287,-0.10777434648274241,-0.034526285223453995,-0.004951243572400885,-0.00036517314227185835,-0.35957411152133417,-2.671430643055921,-0.8734480572074219,-0.36727598610011647,0.16866089646341487,0.43484596679173115,-0.22752062478079108,-6.437786636956652,-5.435247685597927,-1.3177696179154448,-0.02747305516702165,-0.002413703270779957
1.01,0.033919628093911976,1.5322563089660375,-0.9804079050304734,-0.5347042000537976,0.003206380775082784,-1.9744383795545118e-05,-0.04203710793151085,-0.26869976410318386,-0.11557008214278391,-0.03707906120642094,-0.005102374151111385,-0.00035047528815175576,-0.344353114519767,-2.526792390029967,-0.8282406620583613,-0.33468057709887944,0.19403308377792094,0.49119643543968705,-0.2370006854367551,-6.485502511509949,-5.457084194989614,-1.32434366027538,-0.028048059287219887,-0.002335094900624423
1.02,0.033477434851404524,1.5293602828919035,-0.9816367037016168,-0.5350988371000747,0.003154028881775688,-2.307989369079274e-05,-0.04421932425074525,-0.28960260741338895,-0.122879867114344,-0.039463704627701976,-0.00523518933070959,-0.000333550989524762,-0.328549279501989,-2.36965586821504,-0.7792876368522164,-0.3003736305027278,0.21738833765803256,0.5438493758373193,-0.24578557589576022,-6.520405085943478,-5.475008383045387,-1.3295319318605525,-0.028527471995132583,-0.0022450126390717367
1.03,0.03301474931764176,1.5262701366600386,-0.9829333980178253,-0.5355155251586,0.0031005273172675595,-2.6225382342026746e-05,-0.04626855337627618,-0.30901462318648,-0.1296694316208449,-0.04166880585253798,-0.005350156450812877,-0.0003145488651234006,-0.31227912684392917,-2.200769130398827,-0.7267849014186095,-0.264540588855974,0.23858908088386133,0.5924212592169,-0.25388655719532305,-6.542242327329786,-5.488934551536752,-1.3333054375496944,-0.028915223880196007,-0.002144226264632301
1.04,0.03253291038216657,1.523001745486039,-0.9842924650694731,-0.5359523628386175,0.003046048751398201,-2.9161702370493937e-05,-0.048183893547519646,-0.3268391173999777,-0.13590670516478123,-0.04368376800174441,-0.00544785658693584,-0.0002936320028467191,-0.29566240485056045,-2.0209333766936193,-0.6709426468368033,-0.22737408428674222,0.25751530467537553,0.636559073666837,-0.26131965104330473,-6.550822715720993,-5.498794463197081,-1.3356415934931425,-0.029215826131388227,-0.0020335797461709408
1.05,0.032033255956857805,1.5195718772604099,-0.9857080846184433,-0.536407351376095,0.002990758949406037,-3.187146961575277e-05,-0.04996544253087617,-0.3429868225628972,-0.14156195489701964,-0.045498853747746544,-0.005528980199216414,-0.0002709767245258833,-0.2788210388600642,-1.8310001390335855,-0.6119849656952279,-0.18907289230596103,0.2740650829097555,0.6759429589689991,-0.2681053672103313,-6.546017765437273,-5.504537722084244,-1.3365244195304968,-0.029434330926961186,-0.001913984982791285
1.06,0.03151711307082074,1.5159981140698666,-0.9871741638067801,-0.5368784036707134,0.002934815728280762,-3.433918222264761e-05,-0.05161428860370698,-0.3573763190543172,-0.14660791883368185,-0.047105229461841154,-0.0055943221125274905,-0.00024677126068948396,-0.2618780145650773,-1.631868342542883,-0.5501494746612657,-0.14984086993363643,0.28815489883702483,0.7102885864916435,-0.2742683933593346,-6.527764334732552,-5.506132110283606,-1.3359447118187615,-0.0295762881042863,-0.0017864150668507402
1.07,0.030985788155425346,1.512298769758894,-0.9886843631431096,-0.5373633537367691,0.0028783679699768746,-3.655132567472532e-05,-0.05313249153953924,-0.36993443109724594,-0.15101993363294852,-0.04849500660557891,-0.005644775830388718,-0.0002212143452077711,-0.24495620331153187,-1.4244812282436936,-0.48568691617427934,-0.10988588231672036,0.2997197885579692,0.7393492639968299,-0.27983725137006327,-6.496066682815123,-5.503563877247473,-1.3339001930989465,-0.029647698402463188,-0.0016518971180680179
1.08,0.03044055762036017,1.5084928037998326,-0.9902321237083921,-0.5378599665391051,0.0028215546981442616,-3.849646307586572e-05,-0.054523053506517635,-0.3805965959061548,-0.15477605652824497,-0.04966128023359527,-0.00568132718326131,-0.00019451374011403982,-0.22817713998875164,-1.209823120698777,-0.418860725394806,-0.0694187218939133,0.3087133103350378,0.7629177474801672,-0.28484392463147,-6.4509982325128155,-5.496837977468219,-1.3303956378704855,-0.029654963599100408,-0.0015115047398210736
1.09,0.02988265882107848,1.5045997317561366,-0.991810695517361,-0.5383659481835988,0.0027645042250341477,-4.016531008825378e-05,-0.055789879928168966,-0.38930720436961136,-0.15785718089689388,-0.0505981644493835,-0.005705047311011384,-0.00016688470123880645,-0.2116597671202041,-0.9889160240249022,-0.3499465482292624,-0.02865202408980494,0.31510735347553387,0.7808277446875692,-0.2893234611189156,-6.392702996898091,-5.485978251687059,-1.3254429696356747,-0.029604833888165018,-0.001366350151517769
1.1,0.029313281515991708,1.5006395326415432,-0.9934131669656387,-0.5388789564299021,0.002707333375234664,-4.15507940437733e-05,-0.05693773050867725,-0.39601991145935417,-0.16024714482777788,-0.05130082463032406,-0.005717084979948401,-0.0001385483955519517,-0.19551916175269893,-0.7628160302593722,-0.2792316963117472,0.01220081651629945,0.3188918048108933,0.7929550977407038,-0.2933135573288387,-6.321396628969385,-5.471027546460244,-1.319061327326108,-0.029504352867024297,-0.0012175760533231286
1.11,0.028733559908082837,1.496632553497539,-0.9950324952850494,-0.539396611492049,0.002650146792862407,-4.264809685672321e-05,-0.05797216079088722,-0.40069791440040226,-0.1619328319410729,-0.05176550621468259,-0.005718658237225655,-0.00010973028129499142,-0.1798652645484138,-0.5326095252924128,-0.20701452523938982,0.052926725550556775,0.3200740944433759,0.7992186353154459,-0.29685412829653746,-6.237367055054764,-5.452047766648112,-1.3112770980343544,-0.029360800516982134,-0.0010663472815175923
1.12,0.028144565360185808,1.4925994115325434,-0.9966615379211581,-0.5399165070902697,0.0025930363387643798,-4.3454681477786014e-05,-0.05889945478970281,-0.4033141964995651,-0.1629042636108665,-0.05198955982207921,-0.00571104540980272,-8.065846210627996e-05,-0.1648016329187267,-0.29940917946390366,-0.13360372314783409,0.09331401971753683,0.31867864518354994,0.7995806880143553,-0.2999868689628264,-6.140974654983237,-5.42911985526574,-1.3021239132502656,-0.02918163457226679,-0.0009138423143159142
1.1300000000000001,0.027547299865977978,1.4885608941883655,-0.9982930847376623,-0.5404362217148792,0.0025360805841464374,-4.397030174181205e-05,-0.059726549420783204,-0.4038517344178017,-0.16315468165042435,-0.0519714624609468,-0.005695575461794251,-5.1562026402603796e-05,-0.15042424190272002,-0.06434971241867235,-0.05931749782792423,0.13315346505786765,0.31474625171226495,0.7940472639145049,-0.3027548120771329,-6.032651955265152,-5.402343695138704,-1.2916426059442752,-0.028974430677416656,-0.0007612446890778456
1.1400000000000001,0.026942690349799514,1.4845378575224597,-0.9999198909420908,-0.5409533300605034,0.0024793444068171864,-4.419699557469464e-05,-0.06046095161784618,-0.40230366659058137,-0.1626806204428428,-0.05171083456242058,-0.005673617732925097,-2.2669383288259017e-05,-0.13682035759674213,0.17141657512685002,0.015517347957477692,0.1722393184035319,0.3083334157682519,0.782667884670818,-0.30520188762811296,-5.912902805529519,-5.371837926944041,-1.2798811260507115,-0.02874682173258597,-0.0006097343924766361
1.1500000000000001,0.026331583857857856,1.4805511233179147,-1.0015347106164842,-0.5414654145862093,0.002422878695898154,-4.413906163692475e-05,-0.06111064919416569,-0.3986734204544905,-0.161481967439341,-0.051208452570596294,-0.005646571091903232,5.793393776989088e-06,-0.12406750811358341,0.4067245064926126,0.09056646155267142,0.21037034774148156,0.29951166243017613,0.7655350859593039,-0.30737248848334603,-5.782301013259113,-5.337739678481405,-1.2668944121817372,-0.028506436821079086,-0.0004604792853538317
1.16,0.025714743691383747,1.476621375356595,-1.0031303307255424,-0.5419700771543563,0.002366720170382299,-4.3803019592906325e-05,-0.06168401664741088,-0.3929747961319515,-0.15956201090580535,-0.050466256814693515,-0.00561585255158551,3.36042044018427e-05,-0.1122325761605316,0.640400970803374,0.16548911245335707,0.24735082713248824,0.2883668597670468,0.7427835893623648,-0.3093110465075695,-5.6414884174046,-5.300204200408342,-1.2527442177450179,-0.028260840104397306,-0.00031462662368037463
1.17,0.025092846519139803,1.4727690553139696,-1.0046996054633157,-0.5424649506982543,0.0023108913163075446,-4.3197554305393306e-05,-0.06218971722439446,-0.38523200426255744,-0.15692747377733568,-0.049487354389801064,-0.005582885407475432,6.0546528751301606e-05,-0.10137103529544127,0.8712700968340712,0.2399394956172214,0.28299150180311994,0.27499855979653276,0.7145891559428624,-0.31106162292892114,-5.491172387688787,-5.259404404179393,-1.2374988900420452,-0.028017470058496682,-0.00017329473627250395
1.18,0.024466480492671333,1.4690142587564503,-1.0062354907881366,-0.5429477108660534,0.0022554004465390903,-4.233344436309292e-05,-0.06263660264684708,-0.37547965575193365,-0.15358853248207416,-0.0482760167799188,-0.005549086976845456,8.641099423003866e-05,-0.09152634874088261,1.0981586496857618,0.31356816787357167,0.3171105190142933,0.2595193729646707,0.681167134666322,-0.31266751615319305,-5.332122743257398,-5.215530298544101,-1.221233101384376,-0.027783579412251864,-3.756491869206613e-05
1.19,0.02383614437321668,1.465376631743058,-1.007731078984344,-0.5434160875857549,0.002200241886219188,-4.122347545617521e-05,-0.06303361194546524,-0.3637627013392307,-0.1495588196207456,-0.04683767197014759,-0.005515856031990242,0.00011099689069177116,-0.08272954537500116,1.3199016361657878,0.3860236166231904,0.3495343203825385,0.24205438149704767,0.6427707214173564,-0.31417088960787287,-5.165168091701005,-5.16878832167489,-1.2040275317755884,-0.027566176136792818,9.152639888489915e-05
1.2,0.023202247664683328,1.4618752685524226,-1.0091796330787235,-0.5438678764938975,0.0021453962858484455,-3.988233921870653e-05,-0.06338967085333515,-0.3501363190635446,-0.14485540943793312,-0.045178890814256495,-0.005484560037074244,0.00013411362374686776,-0.07499898232808425,1.535348099731543,0.45695395726291244,0.3800984914252252,0.22274058935651236,0.5996889465878501,-0.3156124215531403,-4.9911915972561856,-5.1194005668032885,-1.1859685032600995,-0.02737196582385943,0.00021299515409412483
1.21,0.022565111732987073,1.4585286110730409,-1.0105746209296789,-0.5443009501683921,0.002090831062718703,-3.832651825840128e-05,-0.06371359316962556,-0.3346657479381617,-0.1394987850955444,-0.04330736744945903,-0.005456522312974237,0.0001555820960305251,-0.06834029772798911,1.7433670807902826,0.5260087529341881,0.40864856428048046,0.20172639864767986,0.5522444110406194,-0.31703097814866327,-4.8111261950688125,-5.067603900132749,-1.167147566627467,-0.027207295783815037,0.0003259167717851758
1.22,0.02192497187877963,1.4553543504088498,-1.0119097487982607,-0.5447132691042117,0.002036500970042003,-3.657415819200442e-05,-0.06401398542074427,-0.3174260664191199,-0.133512786858177,-0.04123189358196514,-0.005433009267669994,0.00017523600663968636,-0.06274655086330758,1.942853713112915,0.5928409473331114,0.43504076978067463,0.1791710946934206,0.5007907916798995,-0.3184633104355116,-4.625949276632467,-5.013648970759312,-1.1476610417728819,-0.027078101190366296,0.0004294328498414307
1.23,0.021281980318559563,1.4523693312630506,-1.0131789942024974,-0.5451028923692568,0.0019823487916381367,-3.464492759843961e-05,-0.06429915602200677,-0.29850191457990943,-0.1269245404236622,-0.03896232650451226,-0.005415217840386638,0.00019292305935648084,-0.05819854073024272,2.132735422201367,0.6571088984823105,0.45914273536046224,0.1552443152655844,0.44571013889389133,-0.3199437753030794,-4.436676879752228,-4.957799113358458,-1.1276095136407893,-0.02698985359979306,0.0005227573639309555
1.24,0.02063621001872228,1.4495894596702994,-1.0143766378502876,-0.54546798787676,0.0019283061584859625,-3.255986689086101e-05,-0.06457702998372825,-0.2779871592751227,-0.11976436477903084,-0.036509550750316457,-0.005404263315217426,0.00020850607075786052,-0.0546652879894601,2.3119781867329388,0.7184784986094415,0.4808341256105493,0.13012547416539869,0.3874099888258352,-0.3215040799816484,-4.24435742447286,-4.900329145479064,-1.1070972863079211,-0.026947512177561587,0.0006051823470542673
1.25,0.019987659318530946,1.4470296146504036,-1.015497294441599,-0.5458068422101229,0.0018742944818473143,-3.0341227192131637e-05,-0.0648550700191333,-0.2559845019895831,-0.11206565913112675,-0.0338854333362859,-0.005401167663864827,0.00022186396987293683,-0.05210466017433504,2.4795928197734725,0.7766253626443287,0.500007222691293,0.10400310605578314,0.326320313833609,-0.3231730491503228,-4.050065044189292,-4.841524062414993,-1.0862317983830139,-0.026955477973997388,0.0006760830033636259
1.26,0.01933625727146176,1.4447035643551813,-1.0165359421281015,-0.5461178699361369,0.0018202259960762453,-2.8012300375157912e-05,-0.06514020470691877,-0.23260502952221834,-0.10386476865025857,-0.031102772601401967,-0.005406848577106896,0.0002328926816973726,-0.05046411591947979,2.6346412223862647,0.8312370654034887,0.5165674442358732,0.07707409856383998,0.2628903346894921,-0.3249764133938392,-3.8548925684632946,-4.781677633792691,-1.065123003501436,-0.027017551602165474,0.000734922219569864
1.27,0.018681869629969833,1.4426238872737696,-1.0174879504178256,-0.5463996223431699,0.0017660049026714298,-2.559724149904032e-05,-0.06543876414919243,-0.2079677081411808,-0.09520082897240727,-0.028175240703302483,-0.005422109340481557,0.0002415058876117592,-0.04968154131248066,2.7762425586462456,0.882015405318737,0.5304337968075572,0.04954277947987637,0.1975852181295057,-0.3269366174944605,-3.659944220742674,-4.721090907210824,-1.0438827202622822,-0.02713689468373992,0.0007812544413082641
1.28,0.018024305396401912,1.4408018990501377,-1.018349106314105,-0.5466507955421359,0.0017115286056561337,-2.312088493325303e-05,-0.06575642335679216,-0.1821988223631933,-0.08611558962794226,-0.025117319896610694,-0.00544762970152962,0.00024763565657872906,-0.049686150409015084,2.9035792979743227,0.9286786706378091,0.5415392634231271,0.021619831458975225,0.13088268335453263,-0.32907264691859456,-3.466328100062251,-4.660070625485592,-1.022623956481786,-0.02731599544060533,0.000814728886089309
1.29,0.017363323862408468,1.4392475854496392,-1.0191156384821005,-0.5468702378699329,0.0016566890270164121,-2.0608555514165623e-05,-0.06609815339934444,-0.15543136004985508,-0.07665321679955109,-0.021944232779705995,-0.00548395786397215,0.0002512329419087409,-0.050399422574234694,3.0159030682069146,0.970963882426239,0.5498311240780414,-0.006478986132588654,0.06326954107310667,-0.3313998708610824,-3.275148520755082,-4.59892756528305,-1.0014602131094998,-0.027556638819188264,0.0008350920689013686
1.3,0.016698642060543153,1.4379695419889387,-1.0197842392426586,-0.547056956537549,0.0016013739897283866,-1.8085876120360316e-05,-0.06646818018653132,-0.1278043460700455,-0.06686007605581804,-0.01867186676161316,-0.005531503728802548,0.0002522679393805308,-0.05173605157263373,3.112540260980564,1.0086289874716399,0.5552712086095024,-0.034534319026299165,-0.004761811306726038,-0.3339299003489738,-3.087498288085435,-4.53797480614553,-0.9805047735625323,-0.027859881538974937,0.0008421896211503303
1.31,0.016029942554463838,1.4369749207155045,-1.0203520842022185,-0.5472101234682154,0.0015454686548887829,-1.557857308467193e-05,-0.06686995060793173,-0.09946212734341488,-0.05678449595598087,-0.015316693066639936,-0.005590533483960381,0.0002507303035688386,-0.053604885047091586,3.1928973299000134,1.0414549733720968,0.5578360815855667,-0.06232490296389856,-0.07271691468187663,-0.336670460182704,-2.9044509904187326,-4.477525940129935,-0.9598699845693176,-0.028226032454334315,0.0008359673884063147
1.32,0.015356881497890405,1.436269384589029,-1.0208168493389385,-0.5473290802748195,0.0014888569986524869,-1.3112280881110853e-05,-0.0673061056573432,-0.07055361264753005,-0.046476513672005636,-0.011895680660410156,-0.005661165623629597,0.00024662922035610776,-0.05590983790915084,3.2564657216266744,1.069247877707771,0.55751715920956,-0.08962943871271883,-0.14010276973512187,-0.33962527390258385,-2.72705338997578,-4.4178932334561205,-0.9396665348702887,-0.02865463860786323,0.0008164717973691241
1.33,0.014679096896820648,1.4358570698777051,-1.0211767253791606,-0.5474133423302803,0.0014314233140931762,-1.0712347533405459e-05,-0.06777846010697564,-0.04123147113239879,-0.03598760402222173,-0.0084262055460785,-0.005743368455931067,0.0002399933347705394,-0.05855076881432337,3.302826380519436,1.0918406632729294,0.5543207584716576,-0.11622863145023163,-0.20643133114295303,-0.34279396150310454,-2.5563179943109735,-4.359385752696349,-0.9200027382922342,-0.029144477332555953,0.0007838494875486644
1.34,0.013996217014041386,1.4357405569373816,-1.0214304293146828,-0.5474626018897085,0.001373053722747744,-8.40364218858144e-06,-0.06828798827792615,-0.011651294032358796,-0.025370393552205384,-0.004925955942821875,-0.00583695913454321,0.00023087053448240188,-0.06142431486436728,3.3316537688201704,1.1090949319066845,0.5482680789324856,-0.14190735664196663,-0.2712229508338321,-0.3461719502608871,-2.3932158893670348,-4.302307469102439,-0.900983827791476,-0.02969355472815945,0.0007383462083665281
1.35,0.013307868859303693,1.4359208496915015,-1.021577212929975,-0.5474767302289004,0.0013136376804851666,-6.21036628372579e-06,-0.0688348154737693,0.018029275411992535,-0.014678361529209533,-0.0014128339191871305,-0.00594160422625773,0.00021932759048556502,-0.06442468548273539,3.3427193466264153,1.1209024505009588,0.5393951176324894,-0.16645690385501244,-0.3340097468604225,-0.34975039977090194,-2.238669912281533,-4.246955355644348,-0.8827112670455962,-0.030299110793541223,0.0006803049876972084
1.36,0.01261368671231053,1.4363973640746897,-1.0216168682292952,-0.5474557787700061,0.0012530694624522042,-4.15586970699553e-06,-0.06941821469931621,0.04765143831882572,-0.003965529932033895,0.002095145889435846,-0.006056821803296235,0.00020544965767302606,-0.0674444215879268,3.3358944590534887,1.1271864642939518,0.5277525176463929,-0.18967724152358473,-0.3943388749386515,-0.3535161430692808,-2.093548238073691,-4.193617492198961,-0.8652820860632496,-0.0309576314416915,0.0006101635832527084
1.37,0.011913320628611751,1.4371679256433378,-1.0215497296764429,-0.5473999791720259,0.00119124961218265,-2.2624733153352673e-06,-0.07003660836987795,0.07705615686482421,0.006713855285245115,0.005579959798022336,-0.0061819850269554345,0.00018933963916602624,-0.07037513033703827,3.3111525820572476,1.1279027745604722,0.513405350766325,-0.21137924017235843,-0.451775680491335,-0.3574516465219679,-1.9586584489769896,-4.142571195056382,-0.8487882470776684,-0.03166486755749292,0.0005284512336361704
1.3800000000000001,0.011206444880418037,1.438228776493016,-1.0213766731844056,-0.5473097423710617,0.0011280863404994428,-5.512991217354444e-07,-0.07068757481937142,0.10608508496780952,0.017305649203733193,0.009023680096420898,-0.006316327168320712,0.0001711174193599823,-0.07310820851364783,3.268570883356168,1.123040560267024,0.4964328347413449,-0.2313867894802415,-0.5059067101457074,-0.361534991932822,-1.8347421485883253,-4.094081187477161,-0.8333160466945059,-0.03241586118144094,0.00043578473130581705
1.3900000000000001,0.010492766285128236,1.4395745915556024,-1.0210991118181505,-0.5471856565629196,0.0010634968605712821,9.578905951898413e-07,-0.07136785952898012,0.13458150625865045,0.02775613662550923,0.012408580814209693,-0.006458947992816074,0.00015091897169252857,-0.07553556889436075,3.2083310607324087,1.1126229261504592,0.47692798536649406,-0.24953874606655324,-0.5563425630735556,-0.3657398850243573,-1.7224701752949203,-4.048397828412633,-0.8189455598833959,-0.03320497881630613,0.0003328638450500253
1.4000000000000001,0.00977203237400715,1.4411985042793287,-1.0207189882009609,-0.5470284841286506,0.0009974086463854345,2.2468440762700286e-06,-0.07207339111210864,0.16239127237263018,0.038012361718957666,0.015717243426907272,-0.006608821418584758,0.00012889534810801872,-0.07755038358201352,3.130719426658406,1.0967071629476215,0.4549972036361094,-0.2656906539880538,-0.6027205642830152,-0.3700356950186036,-1.6224384607601845,-4.005755416666801,-0.8057501309412062,-0.03402595175985744,0.00022046612482268165
1.41,0.009044039352041186,1.4430921416231963,-1.0202387636427228,-0.5468391575118428,0.0009297606029416843,3.2989596570671635e-06,-0.07279930219659633,0.18936373438675794,0.048022455823806424,0.01893266168077844,-0.006764804344375028,0.00010521155807971351,-0.07904785640959665,3.0361262156332893,1.0753847091289659,0.43075979803470155,-0.27971618837492335,-0.6447072439104724,-0.37438753044450396,-1.5351645697721819,-3.9663705877097755,-0.7937959160213369,-0.03487192326706978,9.944112686491384e-05
1.42,0.008308639797711258,1.4452456682242416,-1.0196614040370493,-0.5466187740648553,0.0008605041376325839,4.099413115563178e-06,-0.07353995543299294,0.2153526601045191,0.05773596056734849,0.02203834469874803,-0.006925646530910038,8.004534584960149e-05,-0.07992603329229683,2.9250440987362905,1.0487808073898615,0.4043474420019155,-0.2915082838859209,-0.6820006086140109,-0.3787563564755244,-1.461084947677079,-3.9304408200296272,-0.7831414812266487,-0.0357355022418345,-2.929589811825309e-05
1.43,0.007565750048501995,1.4476478395227255,-1.0189903626027301,-0.5463685898896071,0.0007896041235252271,4.635271868090239e-06,-0.07428897492092625,0.24021712984838595,0.06710414343190653,0.025018417524816185,-0.007090001410735685,5.358587525270612e-05,-0.08008665513215642,2.7980658986202003,1.017053853289927,0.37590356657234913,-0.3009799230073528,-0.7143321932331054,-0.38309915901726593,-1.4005528911483927,-3.8981430673165507,-0.7738374596140067,-0.03660882305340151,-0.00016477080641464931
1.44,0.006815357214714522,1.4502860635573955,-1.0182295595733224,-0.5460900127069135,0.0007170397465725045,4.895595189158623e-06,-0.0750392833787473,0.26382240346701447,0.0760803029407623,0.027857718269367417,-0.007256437695272262,2.603233210683832e-05,-0.07943605293125044,2.655881507359966,0.9803944377167784,0.34558268826504523,-0.30806457378607033,-0.7414688828334653,-0.38736916039062347,-1.3538372474057487,-3.8696325318999585,-0.7659262697670879,-0.0374836109691087,-0.0003059578009043547
1.45,0.006057525760901588,1.4531464710714055,-1.0173833589663606,-0.5457845937965813,0.0006428052301307753,4.871519735867192e-06,-0.07578314538129344,0.2860407514009881,0.08462006069618358,0.03054189103322452,-0.00742345164417292,-2.4075453291430544e-06,-0.07788607955472583,2.4992740191027716,0.9390240892201844,0.3135496724637896,-0.31271628141574437,-0.7632144970100376,-0.39151609077541666,-1.321121836427762,-3.8450415937018922,-0.7594418978728459,-0.03835125259503423,-0.0004517870535580385
1.46,0.0052924035913468085,1.4562139935001992,-1.0164565425902727,-0.5454540190584374,0.0005669104315210563,4.556329766938143e-06,-0.07651221695547787,0.3067522428793633,0.09268163760878036,0.03305747381439063,-0.007589479860971899,-3.151899689290495e-05,-0.07535506751501476,2.3291150991940444,0.8931937266337235,0.2799789327919999,-0.31490943222996726,-0.7794111297971715,-0.39548651859189465,-1.30250558043396,-3.8244789075319057,-0.7544097444979514,-0.03920287062276158,-0.0006011526523222882
1.47,0.004520227573803403,1.459472448346585,-1.0154542814722582,-0.5451000992520557,0.0004893813067192367,3.945511559240177e-06,-0.07721760175434055,0.32584548463859514,0.10022611180145188,0.03539198063817169,-0.007752912480181964,-6.108182076979658e-05,-0.07176879760054992,2.1463596212086236,0.8431818366899465,0.2450535673875791,-0.3146382212070783,-0.7899402396979395,-0.3992242417196544,-1.2980033151679304,-3.8080286798406267,-0.7508465365169235,-0.040029402096219725,-0.0007529208111479627
1.48,0.0037413284345033443,1.46290463138622,-1.0143821049137374,-0.5447247594800698,0.00041026024057712313,3.036791640133226e-06,-0.07788991393000587,0.34321830396347786,0.10721765585209594,0.03753397719858941,-0.007912106614211357,-9.087199191069509e-05,-0.06706145946328868,1.952039612926077,0.7892923954540814,0.20896443351120908,-0.3119158643044946,-0.7947234851995972,-0.4026707399195055,-1.307547248510998,-3.795750134090713,-0.7487603039057242,-0.04082167934023887,-0.0009059382797657094
1.49,0.0029561349575110774,1.4664924150896457,-1.0132458674011895,-0.544330027986507,0.00032960624124299767,1.830158571305141e-06,-0.07851934769922671,0.35877837034257304,0.1136237512547844,0.039473149356279214,-0.008065399933412544,-0.00012066330688280852,-0.061176582639533454,1.7472575615711352,0.731852556281225,0.17190916253721777,-0.3067736042691464,-0.7937233017289632,-0.4057656870846958,-1.3309890238864375,-3.7876771717223163,-0.7481504203951193,-0.041570512634570456,-0.0010590408882746533
1.5,0.0021651774230334285,1.4702168525956707,-1.0120517136189273,-0.5439180243474583,0.00024749499865385385,3.2786813823718903e-07,-0.07909575344776491,0.37244375060250295,0.11941537822622161,0.04120036390486627,-0.008211124258914378,-0.00015022904330679518,-0.05406791504606911,1.5331791374027641,0.6712101305305525,0.13409111818023955,-0.2992595626888732,-0.7869432164013522,-0.40844752006990515,-1.3681023389472622,-3.783818233321242,-0.7490077062884055,-0.042266773675916865,-0.001211062160707861
1.51,0.0013690902224470728,1.474058286525961,-1.0108060418263345,-0.5434909471365257,0.00016401880810105703,-1.4655680816768597e-06,-0.07960872005863558,0.3841433930290261,0.12456717925928901,0.04270772109326548,-0.008347619055279682,-0.00017934362199140488,-0.04570022580586887,1.3110254027976211,0.6077308904104173,0.0957183016223686,-0.289437491892586,-0.7744278972310896,-0.41065405890764756,-1.4185860643132684,-3.784156362084658,-0.7513145910988439,-0.042901478847854065,-0.0013608419314812652
1.52,0.0005686135926308243,1.47799646189285,-1.0095154658750949,-0.5430510611517807,7.928636091978214e-05,-3.5434106807069223e-06,-0.08004766298162484,0.3938175366889059,0.12905759512396828,0.04398859847449723,-0.00847324471812749,-0.00020778425990300626,-0.03605001026302615,1.0820645811481233,0.541795725970938,0.05700220817112278,-0.2773854780435643,-0.7562629338160592,-0.41232317130836776,-1.4820678027377538,-3.7886494690709753,-0.7550453330628969,-0.04346587131574528,-0.0015072348990172344
1.53,-0.00023540558131884067,1.4820106423220964,-1.008186776151765,-0.5426006842943686,-6.577594683583222e-06,-5.896736702710831e-06,-0.0804019173949665,0.4014180429246501,0.13286897233297107,0.045037685741216194,-0.008586395560336536,-0.00023533260220039083,-0.025106077115397783,0.8476034660162748,0.4737976903657315,0.018156641053936884,-0.2631946417834623,-0.7325743469993521,-0.4133934725417667,-1.5581078261054717,-3.797230797071957,-0.760166292044901,-0.04395150098151886,-0.001649119051842784
1.54,-0.0010420139378369332,1.4860797287900198,-1.0068268997375693,-0.5421421741913401,-9.343271877368677e-05,-8.514499919956282e-06,-0.08066083565180925,0.4069086467923269,0.1359876414195792,0.045851010302849646,-0.008685512409010354,-0.00026177632172454503,-0.01287000053900864,0.6089785558953568,0.4041389690121022,-0.020603511033766342,-0.24696787562460112,-0.7035278257492004,-0.4138050501997941,-1.646203326115506,-3.809809577314675,-0.7666362518745923,-0.04435030137148237,-0.001785403904065684
1.55,-0.0018501528184432544,1.4901823800603986,-1.0054428600804421,-0.5416779146567653,-0.00018112366611152433,-1.1383606665544636e-05,-0.08081388806063211,0.4102651270378762,0.1384039657127126,0.04642595345748774,-0.008769094733783756,-0.00028691067455883536,0.0006435762236390096,0.36754700350450153,0.3332278091511318,-0.05906352503136758,-0.22881864861291565,-0.6693276905597063,-0.4135002020257105,-1.7457929143692357,-3.8262718706480574,-0.774406787757091,-0.04465466258832651,-0.0019150384792874504
1.56,-0.0026586604776995333,1.4942971340008568,-1.0040417364741114,-0.541210302085647,-0.00026948078846240057,-1.4489006671225688e-05,-0.08085076592562787,0.41147539404582945,0.1401123606330642,0.046761257111829456,-0.008835712235087624,-0.0003105400005681052,0.015406795326986137,0.12467747066896949,0.2614754465122324,-0.09701011471479648,-0.2088698992974026,-0.6302155841107797,-0.4124241740254891,-1.856261308810062,-3.8464815824535825,-0.7834226740704495,-0.04485749953449957,-0.002037018984669475
1.57,-0.00346627533444622,1.4984025289611755,-1.0026306236354299,-0.5407417318746188,-0.0003583209467476237,-1.7813798253090907e-05,-0.08076148567466865,0.41053949603186285,0.1411112838681505,0.04685702110281588,-0.008884015828522312,-0.0003324791581865217,0.03137860216219012,-0.11825901954605508,0.18929306532140247,-0.134232712599504,-0.18725302843773245,-0.5864688917408527,-0.4105258855075376,-1.9769441459552617,-3.870281638298779,-0.7936223276219081,-0.04495231470579725,-0.00215039611996786
1.58,-0.004271640262765249,1.502477224406903,-1.0012165916643576,-0.5402745849618859,-0.0004474484264319839,-2.13393470846394e-05,-0.08053649283190287,0.4074695445727314,0.14140319710723223,0.046714691273297144,-0.008912747968436021,-0.00035255488315484926,0.048504927743211454,-0.3598981427141651,0.1170888267572891,-0.17052475242967957,-0.1641069937871491,-0.5383988964644751,-0.4077586275541846,-2.107132861997001,-3.897495305378836,-0.8049382812725215,-0.04493325495823098,-0.002254281969830489
1.59,-0.005073307908276053,1.5065001200204997,-0.9998066466611235,-0.5398112145763915,-0.0005366559490333322,-2.5045417698728966e-05,-0.0801667645510804,0.4022895613596897,0.14099450032340835,0.04633703854944153,-0.008920752260134836,-0.0003706070614089564,0.06671903287648652,-0.5988911566857489,0.045264999170903056,-0.20568494153460226,-0.13957750122994467,-0.4863486757522999,-0.4040807217215964,-2.2460795904761417,-3.927927643111702,-0.817297682760941,-0.044795161764391085,-0.0023478564314406516
1.6,-0.005869747002424391,1.5104504725086092,-0.9984076922623811,-0.5393539332828129,-0.000625725772192174,-2.8910316767659062e-05,-0.07964390941483376,0.39503524881094676,0.13989543987423936,0.04572812935785656,-0.008906982315884176,-0.00038648990689300964,0.08594200778661809,-0.8339135247116302,-0.025784779006576594,-0.23951851195427398,-0.11381627991821247,-0.4306907500055391,-0.39945612647974554,-2.3930020296742844,-3.961367064904162,-0.8306228135596267,-0.044533614593636715,-0.002430373133630255
1.61,-0.006659349634660395,1.5143080093873336,-0.9970264923428906,-0.5389050004047733,-0.0007144308703427466,-3.291104712478446e-05,-0.07896026322360038,0.38575368787244,0.13811999194904534,0.04489328780395859,-0.008870509815057262,-0.00040007303571253983,0.10608341778382435,-1.063673199174895,-0.09567807568707597,-0.2718384390422077,-0.08698042410309648,-0.3718244955118376,-0.3938549800055866,-2.5470882389357077,-3.997586992118717,-0.844831622677605,-0.04414496716939995,-0.0025011648078115626
1.62,-0.007440439430098724,1.5180530390569635,-0.9956696351117292,-0.5384666099036878,-0.0008025361876780704,-3.7023471412311416e-05,-0.0781089795438329,0.37450296696298935,0.13568572311614543,0.04383905010854959,-0.008810531733532382,-0.00041124242875269576,0.1270420830167221,-1.286918493743052,-0.16404605634149888,-0.3024666162389664,-0.05923178119335215,-0.31017333755802834,-0.3872540693775769,-2.7075013296229655,-4.036347580662419,-0.8598382704787811,-0.04362637647265787,-0.0025596480754341957
1.6300000000000001,-0.008211280568657515,1.5216665565226644,-0.9943434988125973,-0.5380408787850326,-0.0008897999547964941,-4.122248416894062e-05,-0.077084113855879,0.3613517465700775,0.13261362991319273,0.04257311186552207,-0.008726376711842367,-0.00041990127566292074,0.14870697839176916,-1.5024454795726754,-0.23053566929314168,-0.3312349749942056,-0.0307363641857058,-0.24618174220056321,-0.37963721792026045,-2.8733840231261794,-4.077397500395428,-0.8755536778078068,-0.042975824469457746,-0.002605327621116642
1.6400000000000001,-0.00897008757099752,1.525130344167348,-0.9930542192168407,-0.5376298360976413,-0.0009759750601539854,-4.548219110841095e-05,-0.07588070023400048,0.34637876446837357,0.12892795957566006,0.041104268739135835,-0.008617510535749136,-0.00042597069394703283,0.17095823836048435,-1.7091048499629287,-0.2948116085299265,-0.3579865392175252,-0.001663766872411876,-0.18031202786207218,-0.3709955843364228,-3.043863055090344,-4.120475747714953,-0.8918860759994831,-0.042192132639052055,-0.0026377997250904566
1.6500000000000001,-0.00971503576700287,1.5284270670364384,-0.9918076590757343,-0.5372354125850057,-0.0010608104672235892,-4.977609428633208e-05,-0.07449481960053496,0.3296722869090312,0.12465601411063286,0.039442351263548205,-0.008483540706960382,-0.00042939031779211265,0.1936682504559216,-1.9058082073412745,-0.3565580418228438,-0.3825764043422071,0.027813438070111496,-0.1130410203486718,-0.36132786925914046,-3.2180534116119066,-4.165313472193982,-0.9087415536843648,-0.04127496946514109,-0.0026567551331015604
1.6600000000000001,-0.010444272354192995,1.5315403621505421,-0.9906093796757888,-0.5368594310406081,-0.0011440526680807771,-5.407728180847647e-05,-0.07292365871901266,0.3113295114103737,0.11982793999455718,0.037598154439769126,-0.008324220085718788,-0.0004301187522144393,0.21670282115876002,-2.0915337364422975,-0.4154800963930828,-0.40487263193261125,0.05752033513742538,-0.04485657700591575,-0.35064042687538205,-3.395062389415611,-4.211635799017927,-0.9260245966833465,-0.04022485112416531,-0.0026619812464168057
1.67,-0.011155927946421876,1.5344549214202294,-0.9894646146177427,-0.5365035974121506,-0.0012254471639912949,-5.8358620699361496e-05,-0.07116555922288803,0.2914559269687235,0.11447650580460239,0.035583362845746085,-0.00813944959105177,-0.0004281338890885027,0.23992239783637195,-2.2653312377606967,-0.47130509882534327,-0.42475705177344825,0.08728034947686059,0.023745992500977614,-0.33894728124031864,-3.573993477805661,-4.259163630131158,-0.9436386176975198,-0.03904313566061507,-0.002653363619073192
1.68,-0.011848128507555157,1.53715656779626,-0.9883782459168928,-0.5361694926923114,-0.0013047399634775027,-6.2592951525838e-05,-0.06922005611332814,0.2701646376030472,0.10863687008498506,0.03341047198391521,-0.007929279948620794,-0.00042343308264765014,0.26318333105793285,-2.426326505572244,-0.5237835702486575,-0.4421259645919484,0.1169159867611349,0.09226757991093198,-0.3262700487504237,-3.7539500653669737,-4.307615408437134,-0.9614864729361794,-0.03773201097988718,-0.0026308867539769245
1.69,-0.01251900756052917,1.5396323243477816,-0.9873547824998529,-0.5358585656264343,-0.0013816790882812938,-6.675328335676846e-05,-0.06708790529740138,0.24757565515216926,0.1023463417039922,0.031092706587714018,-0.0076939124803790965,-0.00041603318309304654,0.28633916247500446,-2.5737250447797297,-0.5726899819352391,-0.45689073980354955,0.14624963384263734,0.1602089767358113,-0.31263776991939046,-3.9340389788714627,-4.3567088310414155,-0.9794709632746139,-0.03629447701508393,-0.0025946341939094113
1.7,-0.013166718559265753,1.5418704760194217,-0.9863983411510785,-0.5355721262604858,-0.001456016077627615,-7.081298763688678e-05,-0.06477109987365821,0.2238151671640179,0.09564413487744099,0.028643936594847066,-0.00743369893463211,-0.0004059704280118327,0.30924192459221683,-2.706815130320089,-0.617823280271882,-0.46897830405504415,0.17510442000170534,0.22707458682210716,-0.2980866550641942,-4.113373865548568,-4.406162499334076,-0.9974953179837743,-0.03473432243682002,-0.0025447879079299697
1.71,-0.01378944730929233,1.5438606238750214,-0.985512629941843,-0.5353113403457713,-0.00152750748122333,-7.474598956064258e-05,-0.06227287500265769,0.1990147855599693,0.08857112092355708,0.02607859147144849,-0.0071491403595715045,-0.0003933001923755798,0.331743440061145,-2.8249702216576,-0.65900719347513,-0.4783315177319807,0.20330513426926022,0.2923761224460031,-0.28265974973475966,-4.291078432761617,-4.455697495621945,-1.015463659515619,-0.03305609627665642,-0.0024816269780836378
1.72,-0.014385424322524987,1.5455937316903483,-0.9847009341550731,-0.5350772246103832,-0.0015959163315021003,-7.85269555502051e-05,-0.05959770132326564,0.17331078153268914,0.08116957867698338,0.02341157353881534,-0.006840885027877027,-0.0003780965989562517,0.3536966095344485,-2.9276507528011915,-0.6960903353813681,-0.48490943797748187,0.23067919041438145,0.3556362534356766,-0.2664065267002897,-4.466289561171088,-4.505038877986821,-1.033281448251163,-0.03126507482772854,-0.0024055255957290524
1.73,-0.014952936992424955,1.5470621648088785,-0.983966104701767,-0.5348706429012396,-0.0016610135857470288,-8.213147547069398e-05,-0.056751266989996815,0.14684331185300772,0.07348294533060562,0.020658170914356754,-0.006509725424492857,-0.0003604519920488877,0.3749566785426377,-3.0144053251688447,-0.7289461240699358,-0.4886874681677842,0.25705762789453024,0.416392179300234,-0.24938241204249986,-4.638160308664771,-4.553917087009874,-1.0508559065139609,-0.02936722417322106,-0.002316950381194855
1.74,-0.015490341477539443,1.548259721223191,-0.9833105490087857,-0.534692303194917,-0.001722579528888255,-8.553623825487328e-05,-0.053740448511448935,0.11975564143125175,0.06555556929813858,0.017833970632266362,-0.0061565943141226095,-0.00034047627841793095,0.39538247523040154,-3.0848713363691096,-0.7574725349638128,-0.4896573950677645,0.28227613448451594,0.4741990951393053,-0.23164825341655676,-4.805862822717768,-4.602069259915068,-1.068096421512045,-0.027369158677369835,-0.002216457044848127
1.75,-0.015996074184187414,1.5491816548893171,-0.9827362243437535,-0.5345427554703304,-0.001780405127981114,-8.871919965865657e-05,-0.050573270664797144,0.09219336661261164,0.057432466503218295,0.014954772458668223,-0.005782559909285925,-0.0003182961403783289,0.41483761204806907,-3.138775082496625,-0.7815917093490145,-0.4878273161099589,0.3061760744979163,0.5286335231655418,-0.2132697388487772,-4.968591178453959,-4.649240449500155,-1.0849149271893268,-0.025278095757315454,-0.002104686412004226
1.76,-0.01646866274265567,1.5498246913222793,-0.98224463353068,-0.5344223904317089,-0.0018342933296199462,-9.165974092739536e-05,-0.047258855846825785,0.0643036432962046,0.049159081307350604,0.01203650386214953,-0.005388820163883202,-0.00029405412687387943,0.4331916455759609,-3.1759313748127966,-0.8012494399671634,-0.483221460346007,0.32860550552859036,0.5792964829785249,-0.19431677457638505,-5.125564158573173,-4.695184746903235,-1.101226265237714,-0.023101807239798454,-0.0019823598384073435
1.77,-0.01690673637564617,1.5501870355579295,-0.9818368229997338,-0.5343314390662566,-0.0018840602918307565,-9.433881722055053e-05,-0.04380736329904988,0.03623442356502583,0.04078105309462092,0.00909513654523031,-0.004976696221081026,-0.0002679076293155158,0.4503211895152083,-3.1962427137031413,-0.8164145554807802,-0.475879907563046,0.34942016646662877,0.6258164752433923,-0.1748628304315824,-5.276027989554665,-4.739666308763525,-1.1169485257396197,-0.020848567596353427,-0.0018502740472426294
1.78,-0.01730903556279163,1.5502683725990292,-0.9815133831063292,-0.5342699730173877,-0.0019295365423101154,-9.673909471838744e-05,-0.04022991871454611,0.008133704109965705,0.03234398934046698,0.006146604886887955,-0.004547625047935891,-0.00024002774978369148,0.46611097646699945,-3.1996980636084342,-0.8270782251991882,-0.46585821089412605,0.3684844201543451,0.6678522551289926,-0.1549842611625419,-5.419259046226556,-4.782460290651313,-1.132003368074508,-0.018527099345813754,-0.001709295422775356
1.79,-0.01767442091078078,1.5500698604923868,-0.9812744506482335,-0.534237905751466,-0.001970568055235299,-9.884507541813431e-05,-0.036538534798914994,-0.01985121066422625,0.02389324580956679,0.0032067265921657574,-0.004103151292518384,-0.0002105980699746871,0.48045486441523183,-3.1863712722868165,-0.8332532045408814,-0.4532269288971005,0.3856721353865855,0.7050953737328949,-0.1347596118975166,-5.554566533988128,-4.823353689746307,-1.1463163228314794,-0.01614651591448586,-0.001560353799716719
1.8,-0.01800188114497327,1.5495941162089817,-0.9811197135046531,-0.534234994493532,-0.002007017239259408,-0.00010064320871788358,-0.03274602341924886,-0.04757442834051972,0.015473714358042553,0.00029112579340680005,-0.003644918402410883,-0.00017981332997492723,0.49325678381158805,-3.156419176380176,-0.8349730403343345,-0.4380710735807227,0.4008674949463944,0.737272467734114,-0.11426891572026811,-5.681295154776081,-4.862146100625307,-1.1598170755229413,-0.013716262252608344,-0.0014044357912519033
1.81,-0.018290540145323563,1.5488451945205854,-0.9810484173180412,-0.5342608429055333,-0.0020387638297232344,-0.0001021219889836342,-0.028865900035029153,-0.07489216883962141,0.00712961866119937,-0.0025848412001424218,-0.0031746590463826198,-0.00014787802657506143,0.5044316208385459,-3.110079432948638,-0.8322912532839577,-0.42048948123248664,0.4139657189056294,0.7641472796698072,-0.09359299105455056,-5.798827759368032,-4.898650388676078,-1.1724397328938365,-0.01124605352040715,-0.0012425777022925092
1.82,-0.01853966295697684,1.547828560084804,-0.9810593741375133,-0.5343149044790407,-0.0020657056785620027,-0.0001032720383974645,-0.02491228116532767,-0.10166344357814044,-0.0010956819472146134,-0.005406157350744548,-0.0026941848838768485,-0.00011500494138303051,0.513906031813953,-3.0476681135506034,-0.8252805128323357,-0.40059411307381687,0.42487369539389874,0.7855223935023529,-0.0728127462648629,-5.906587984906895,-4.932693286087642,-1.1841230725695704,-0.008745812177389452,-0.0010758580778894343
1.83,-0.01874866071406736,1.5465510529660482,-0.9811509729420387,-0.5343964866132683,-0.002087759435859788,-0.00010408617449206044,-0.020899775709052024,-0.12775071187559323,-0.009159880452535858,-0.00815821342275591,-0.002205375729778522,-8.141360945959462e-05,0.5216191828375444,-2.9695770937262855,-0.8140318172851166,-0.3785092928722644,0.4335105143201865,0.8012406725339644,-0.052008498575635366,-6.004042872697235,-4.964115915587436,-1.1948107766878888,-0.0062256038332071315,-0.0009053899398194983
1.84,-0.018917094424070576,1.5450208478331442,-0.9813211919617748,-0.534504755348382,-0.002104861117508665,-0.00010455946188785557,-0.016843371000321336,-0.1530205132904004,-0.01702190197360905,-0.01082687351137351,-0.001710168164887693,-4.732873957951297e-05,0.5275234077201497,-2.8762712665591246,-0.7986536895212772,-0.3543708885814567,0.4398079029784894,0.811186389209741,-0.03125931409083551,-6.090705457455881,-4.99277424711681,-1.2044516500205706,-0.003695572245824127,-0.0007323127670954945
1.85,-0.019044677569569207,1.5432474070855369,-0.9815676127168015,-0.5346387407234932,-0.0021169665539660138,-0.0001046892478630147,-0.012758314549863013,-0.17734407476073555,-0.024642075502667945,-0.013398537511112071,-0.0012105436457348516,-1.2978597515912498e-05,0.5315847760534834,-2.7682856044982738,-0.7792713959559077,-0.3283254449402335,0.44371056592950575,0.815286038934318,-0.01064237535483208,-6.166137315377056,-5.018539492476885,-1.2129998229159396,-0.0011658738809341423,-0.0005577842785028092
1.86,-0.01913127749452287,1.5412414281697642,-0.9818874356938428,-0.5347973427283407,-0.0021240517156757245,-0.00010447518150256542,-0.008659992495366161,-0.2005978915772602,-0.0319822977041319,-0.01586020048475444,-0.0007085161709710913,2.1406636044926903e-05,0.5337835620618444,-2.64622208898699,-0.7560261937310109,-0.3005292737355081,0.4451764348687157,0.8135088326872442,0.00976761747632774,-6.229951054676526,-5.041298442658249,-1.2204149391895407,0.0013533875264449317,-0.00038297207719589527
1.87,-0.01917691555310295,1.539014785356544,-0.9822774975831179,-0.534979337817404,-0.0021261129113324343,-0.00010391921629032021,-0.004563805858008158,-0.22266428132201638,-0.039006188927503266,-0.018199508906336807,-0.00020611956567099425,5.5596521224521566e-05,0.5341146037306914,-2.510746522808171,-0.7290746084472877,-0.2711475081417696,0.4441768372030186,0.8058668659451768,0.0298990061978278,-6.281812728785661,-5.06095375211434,-1.2266623288651233,0.0038522259435696832,-0.00020904521885895032
1.8800000000000001,-0.019181766010873517,1.5365804662568152,-0.982734289999009,-0.5351833859549884,-0.002123166855828431,-0.00010302559612502936,-0.0004850457770566377,-0.24343190997287545,-0.04567924158911763,-0.020404813758431596,0.00029460555040034366,8.93620165290854e-05,0.5325875407459046,-2.362585235566626,-0.6985877421852577,-0.2403531272297208,0.4406965946043222,0.7924149641888742,0.04968368966544844,-6.321444149146319,-5.077424173674897,-1.2317131654289457,0.006320837061637755,-3.7165765915292697e-05
1.8900000000000001,-0.01914615370054232,1.5339525033628258,-0.9832539796095727,-0.5354080381596378,-0.0021152506054372662,-0.00010180082485968874,0.0035612310331194635,-0.2627962893989341,-0.05196896105637545,-0.022465220464938082,0.0007916250391164667,0.00012247712653406094,0.5292269191232626,-2.2025216885082073,-0.664750609156121,-0.20832595636419082,0.4347340647332891,0.7732502080591559,0.06905758979546074,-6.348625071678259,-5.09064474714828,-1.2355446070151574,0.008749660872798609,0.00013151960926679074
1.9000000000000001,-0.0190705504476168,1.5311459009081956,-0.9838324296008552,-0.5356517445160012,-0.0021024213585633337,-0.00010025361957935923,0.007560325292552092,-0.28066024546301666,-0.057844999128238477,-0.024370635636341873,0.0012829246873932423,0.00015472052803295038,0.5240721501831176,-2.0313929810333256,-0.6277614941141735,-0.1752516488783007,0.42630114048871715,0.7485111439996162,0.08796106440223768,-6.363195228515844,-5.100566943955627,-1.2381399206965724,0.011129442304437279,0.0002958879092967014
1.9100000000000001,-0.018955570294980295,1.5281765573491182,-0.9844652224023506,-0.5359128626219568,-0.002084756121229236,-9.839484794754305e-05,0.01149801526365031,-0.29693435590774997,-0.06327928014953989,-0.02611181059556567,0.0017665237334097647,0.000185877163181618,0.5171773118476268,-1.850086257896496,-0.587831326717029,-0.14132065402716254,0.41542322141724464,0.7183766889509944,0.10633926349790085,-6.365056174597986,-5.1071587694003835,-1.239488588821285,0.013451289418486749,0.0004548479225591548
1.92,-0.018801963569510045,1.5250611837777495,-0.9851476835996175,-0.5361896664383556,-0.0020623512373881513,-9.623745006345514e-05,0.015360672547025004,-0.3115373571368786,-0.0682461197266945,-0.02768038163988574,0.0022404883841084713,0.00021573978840879108,0.5086107812116465,-1.6595350132602822,-0.5451830633508581,-0.10672717592264647,0.40213917122423304,0.6830647402925487,0.12414242642699348,-6.354172917197815,-5.110404823427435,-1.2395863961188673,0.01570672869897193,0.0006073480988070379
1.93,-0.018610609848198185,1.5218172185885548,-0.9858749069589335,-0.5364803555081429,-0.0020353217851402,-9.379634538181331e-05,0.019135372131185942,-0.3243965189194765,-0.07272233593160338,-0.02906890697871909,0.002702945224795135,0.00024411046816418254,0.49845468904647117,-1.4607152855578225,-0.5000510665945679,-0.07166812783924836,0.38650127360809217,0.6428305047227283,0.14132611802117237,-6.330575295544543,-5.11030631998867,-1.2384354961075892,0.017887756975984204,0.000752384130192377
1.94,-0.018382509895569398,1.5184627387290783,-0.9866417804868537,-0.5367830645108356,-0.002003800841000993,-9.108832535247464e-05,0.02280999526287868,-0.3354479859476414,-0.07668735279201751,-0.030270900269271,0.003152094413920688,0.00027080200293386734,0.48680418939134074,-1.2546417355423614,-0.452680471493677,-0.03634208602023037,0.3685751958972694,0.5979645620786591,0.15785140282055515,-6.294359077359804,-5.106881064426333,-1.2360444551728809,0.01998688956825254,0.0008890061806363794
1.95,-0.018118776658227406,1.5150163678783333,-0.9874430134445891,-0.5370958731173653,-0.0019679386155146946,-8.813193253882158e-05,0.026373323734199344,-0.3446370850745002,-0.08012329577353641,-0.03128086065297456,0.003586222548629817,0.00029563928136530507,0.4737665406860751,-1.0423635989941564,-0.40332652716038025,-0.0009482469117716441,0.34843996625529305,0.5487906821640233,0.1736849573008914,-6.245686739439067,-5.100163387629511,-1.2324282725632842,0.021997204268353526,0.0010163257092116302
1.96,-0.017820625415782436,1.5114971819087806,-0.9882731642332292,-0.5374168161091276,-0.0019279014647165563,-8.494732707072365e-05,0.029815124244497136,-0.3519185969552646,-0.08301507886401635,-0.03209429917623752,0.0040037150798138245,0.00031846054680979217,0.4594599989695037,-0.82496050531594,-0.352253901934099,0.034314608435543015,0.32618796565664177,0.49566341443807316,0.1887991209465782,-6.184787900380719,-5.09020403512811,-1.227608374468757,0.023912380842926014,0.001133521836465571
1.97,-0.017489363199859363,1.5079246120016214,-0.9891266690610158,-0.5377438937237291,-0.0018838707832198722,-8.155614137964892e-05,0.03312622159230733,-0.3572569907159191,-0.08535048277865472,-0.032707761460150496,0.004403068149668416,0.00033911856910747313,0.4440125284309132,-0.6035381536702545,-0.2997359404079535,0.0692491391654575,0.3019249306114329,0.4389654718840859,0.20317188789348054,-6.1119593752176025,-5.077070008775719,-1.2216125803119926,0.0257267357732408,0.0012398472063160583
1.98,-0.01712637760399258,1.5043183457997422,-0.9899978712981813,-0.5380750821883925,-0.0018360417860136247,-7.79813242495573e-05,0.03629855958667814,-0.3606266201879273,-0.08712022371655707,-0.0331188464663453,0.004782899720624753,0.0003574817130091618,0.4275603399209222,-0.3792238393739792,-0.24605386106561206,0.10366045508385446,0.27576995698287443,0.37910493146919794,0.21678684170647722,-6.027564824044225,-5.060844358248714,-1.2144750394000294,0.02743525201715,0.0013346333002521677
1.99,-0.016733125116610945,1.5006982269979543,-0.990881051418383,-0.538408344400302,-0.0017846221873886851,-7.424697529703798e-05,0.039325248738163524,-0.36201188017879804,-0.08831801202017281,-0.03332622119095132,0.005141959862493948,0.000373434895251932,0.4102462737139418,-0.15316182493128713,-0.19149588405019582,0.13735710930396017,0.24785548951401326,0.31651227433954693,0.22963303662920198,-5.9320339697516005,-5.0416259192622235,-1.2062361361533709,0.029033603629760346,0.0014172951650251488
2.0,-0.016311119116655677,1.4970841537859272,-0.9917704574185875,-0.5387416407113652,-0.001729830786736535,-7.037817106720432e-05,0.04220059999552675,-0.36140732120270885,-0.08894060002045341,-0.03332963110632035,0.0054791400652150135,0.00038688042298336636,0.39221804862869103,0.07349144768699722,-0.1363562797023635,0.17015206961630433,0.21832727621976167,0.2516372892332065,0.24170482932469461,-5.8258613636632735,-5.019528995180835,-1.1969423622546993,0.030518175135189462,0.0014873355197602325
2.0100000000000002,-0.015861917676346017,1.4934959765751534,-0.9926603356015428,-0.539072939772981,-0.0016718959722551577,-6.640078399754908e-05,0.04492014403096611,-0.35881772107738236,-0.08898781829552722,-0.03312990616157581,0.005793481448137732,0.00039773870696552374,0.37362640527556323,0.2995723041776099,-0.08093432991678576,0.20186366511314513,0.18734426199863075,0.18494586257818202,0.2530016656963974,-5.709604682178826,-4.99468297858736,-1.1866461542392663,0.03188607559372576,0.0015443482134017193
2.02,-0.015387111317959622,1.4899533954570814,-0.9935449615968572,-0.5394002293944675,-0.0016110541548189153,-6.234129555968476e-05,0.047480635838639484,-0.3542581118072022,-0.08846259953144371,-0.03272896214865367,0.006084181743624238,0.0004059488437864315,0.3546231764029905,0.5239149419332998,-0.025533196071782553,0.23231650462188647,0.15507839207371021,0.11691667838907627,0.26352782782499096,-5.583882542430935,-4.967231909369524,-1.1754056952833176,0.033135147356223596,0.0015880210085621213
2.0300000000000002,-0.014888310871051203,1.4864758578548651,-0.9944186714883785,-0.5397215273668763,-0.001547548145387839,-5.822660493801948e-05,0.04988004469084191,-0.3477537602216182,-0.08737098915212671,-0.03212979724087558,0.006350600943107623,0.00041146906216652857,0.33535932174111216,0.7453566848932903,0.0295413107748093,0.26134236346355166,0.12171429355657493,0.04803785045213643,0.27329214636930454,-5.449371830389218,-4.9373339659926,-1.163284680233206,0.03426396953964323,0.0016181376731232507
2.04,-0.014367135573208206,1.4830824568456147,-0.9952758929072163,-0.5400348922020423,-0.0014816254903114246,-5.4083834644309745e-05,0.05211752978429971,-0.3393401009250474,-0.08572214188378603,-0.03133648351659199,0.006592265507641451,0.0004142770293709733,0.3159829680838823,0.9627433792816144,0.0839820595648536,0.28878103508319963,0.08744880286130452,-0.021196491541721485,0.282307683956342,-5.306804540727561,-4.905160886845825,-1.1503520432528966,0.03527185629381607,0.0016345793662772825
2.05,-0.01382520155125307,1.4797918306431972,-0.996111175941596,-0.5403384337349559,-0.0014135367796886552,-4.994013449705762e-05,0.0541934021955136,-0.3290626202417543,-0.08352830343797162,-0.030354153291370777,0.006808871062276941,0.00041437001472521254,0.2966374973362305,1.1749349162145133,0.13748202860759084,0.31448114410249817,0.05249030811258093,-0.09028964120972166,0.29059139512921217,-5.156964134024223,-4.870897318879291,-1.1366816478465163,0.03615884995979416,0.0016373253110474701
2.06,-0.01326411081087121,1.4766220637431182,-0.9969192237069773,-0.5406303235359435,-0.0013435339445486308,-4.582248541427908e-05,0.05610907403818598,-0.3169766900078894,-0.08080477653812804,-0.029188980098759438,0.007000283514002442,0.00041176490827785414,0.2774597256657979,1.3808108629236742,0.18973583198952487,0.3383009173812592,0.01705787920929036,-0.15874576030905727,0.2981637683405428,-5.000681423389102,-4.83474009118334,-1.1223519394298591,0.03692570924504096,0.001626452750645159
2.07,-0.012685440851202982,1.4735905902403836,-0.9976949224127515,-0.5409088050777623,-0.0012718685589887641,-4.1757504476720936e-05,0.05786699596682265,-0.3031473502734535,-0.07756987057741903,-0.027848154181877117,0.007166538555986655,0.00040649809375581413,0.2585782156005417,1.5792761800439803,0.2404413378340275,0.36010890975053567,-0.01861983619145957,-0.22607331038307982,0.3050484552849275,-4.838830009300582,-4.796897411699765,-1.1074455610733307,0.037573892561153455,0.001602136191261423
2.08,-0.01209073500731684,1.4707140998380925,-0.9984333707555595,-0.5411722036016219,-0.001198790163530347,-3.777125271568733e-05,0.059470584388614155,-0.28764904022911514,-0.07384483428080575,-0.026339852385957294,0.00730783954584172,0.000398625176103361,0.2401117598619866,1.7692669981348328,0.2893013706387786,0.37978468117751873,-0.05430596498053608,-0.29178845319296065,0.31127189257240434,-4.672321288167487,-4.757587985888383,-1.0920489335109758,0.03810553668700645,0.0015646459390236086
2.09,-0.01148149360809686,1.4680084470684387,-0.9991299084640745,-0.541418935625375,-0.0011245446258123656,-3.3889047064914005e-05,0.060924139921998056,-0.27056527696538973,-0.06965377085149356,-0.02467320237531713,0.007424553771798129,0.0003882205650773318,0.22216807098251176,1.9497564224291524,0.33602548736025184,0.39721942223090334,-0.08975701427403748,-0.35541840247126,0.31686292037303154,-4.502099066784325,-4.717040056897436,-1.0762518009973603,0.03852343093558183,0.0015143459438407589
2.1,-0.010859166020416042,1.4654885642484112,-0.9997801438161755,-0.5416475180367428,-0.0010493725543402551,-3.0135277889202787e-05,0.06223275876808179,-0.25198828200274787,-0.06502353521010318,-0.02285824113677884,0.0075172071472110365,0.00037537691757112186,0.20484270449645645,2.1197603308128286,0.38033181440867325,0.4123165249064842,-0.12472472525298017,-0.41650470984234017,0.32185240222835837,-4.32913382129092,-4.675490367595253,-1.0601467450870643,0.03883098701773669,0.0014516909676937709
2.11,-0.010225143633057121,1.4631683786894314,-1.0003799799470054,-0.5418565767144926,-0.0009735077803421594,-2.65332334637713e-05,0.06340223873589212,-0.23201855589798848,-0.059983613082985776,-0.02090586777497869,0.007586477399809583,0.00036020444254314876,0.18821823599467008,2.278343126318687,0.42194893034728137,0.4249920960219091,-0.15895815907168187,-0.4746064677938163,0.3262728497469277,-4.154416645347776,-4.633183045705472,-1.0438286689007434,0.03903220481210132,0.001377223099576807
2.12,-0.009580753816233514,1.4610607346731197,-1.0009256397656285,-0.5420448546210203,-0.0008971759218752951,-2.3104932727638877e-05,0.06443898168236067,-0.21076440163116228,-0.05456598186231769,-0.018827790652760343,0.00763318584668642,0.0003428300736132425,0.17236370395308281,2.4246234020469357,0.46061777687156263,0.43517541062727894,-0.19220598788701793,-0.5293034123587155,0.33015805539504445,-3.9789529378658783,-4.590368414240318,-1.0273942549174477,0.039131634268271556,0.001291567643749897
2.13,-0.008927254875294045,1.459177320694078,-1.0014136892990568,-0.5422112193108344,-0.0008205930431913424,-1.9870967572207026e-05,0.065349894093947,-0.18834139790417267,-0.048804953342831206,-0.016636468981410468,0.007658287868395265,0.0003233965155431852,0.15733432141658837,2.5577794734799264,0.49609357865903486,0.4428093030939575,-0.2242189539010091,-0.580198907741331,0.33354273607697577,-3.803755885656253,-4.547301730435961,-1.0109413997853822,0.039134333691209874,0.0011954284122036537
2.14,-0.008265832000770097,1.4575286024547587,-1.0018410592854148,-0.5423546698010364,-0.0007439644210415193,-1.685035585304078e-05,0.06614228745239474,-0.16487182393192393,-0.04273699863578523,-0.014345049020202743,0.00766286221498231,0.0003020611719166245,0.1431714508008609,2.677054730715179,0.5281477509578533,0.44785049377244945,-0.254752450469412,-0.6269227945441664,0.33646218968507696,-3.6298398006712036,-4.504241857450071,-0.9945686300632024,0.03904582467861589,0.0010895824562522109
2.15,-0.00759759420178731,1.45612376207702,-1.0022050648430865,-0.5424743427520545,-0.0006674834281138431,-1.4060406229438315e-05,0.06682377989827865,-0.1404840377738749,-0.03640055576716868,-0.011967295101807943,0.007648099292767624,0.0002789949623602465,0.1299028277316716,2.78176276126467,0.5565697723676633,0.4502698493770829,-0.2835691723722458,-0.6691340826446961,0.33895196630341523,-3.4582133749853115,-4.461449874171589,-0.9783745031822336,0.0388720440098469,0.0009748742759444738
2.16,-0.006923572196380485,1.4549706439697017,-1.0025034230498961,-0.5425695179096428,-0.0005913305421855543,-1.1516595843575109e-05,0.06740220054068247,-0.11531181073184356,-0.02983582068096724,-0.009517515758823213,0.007615288592828878,0.0002543810385863207,0.11754301240365281,2.8712921928254853,0.5811689992143052,0.4500525754735616,-0.310441777703116,-0.7065234692182991,0.341047555280252,-3.289872919214349,-4.4191876296027885,-0.9624569982485093,0.03861929281419602,0.0008522095495016416
2.17,-0.006244717220690978,1.4540757077614803,-1.0027342682757576,-0.5426396227625035,-0.0005156724878833893,-9.232461749849711e-06,0.06788549756895068,-0.08949362082213183,-0.023084522586147713,-0.007010485286076368,0.007565805430216496,0.00022841340937253965,0.10609404077500253,2.9451112048694106,0.6017763972473291,0.44719833969635303,-0.33515550179106945,-0.738815662033766,0.3427840889561976,-3.125795651614256,-4.377716249388345,-0.9469129015749074,0.038294183377034,0.0007225484282329716
2.18,-0.0055619007095589635,1.4534439886733874,-1.0028961651237989,-0.5426842363738292,-0.0004406615162142177,-7.219506896671523e-06,0.0682816511132014,-0.06317190880928075,-0.016189684804134238,-0.004461361132568661,0.007501097166917159,0.0002012954853178188,0.09554624329818909,3.002771658079718,0.6182461661401856,0.4417213245324856,-0.3575106642345058,-0.7657714880553501,0.34419606345579773,-2.9669331055791757,-4.337294603167881,-0.9318371920416259,0.037903583973238335,0.0005868984453331614
2.19,-0.0048759147937132204,1.4530790656658124,-1.0029881188486798,-0.5427030923495788,-0.00036643482529800914,-5.487121348519725e-06,0.06859859158457429,-0.03649230075749941,-0.009195372488097459,-0.001885597574952597,0.007422669091620858,0.00017323855481517973,0.08587919598723673,3.043912791614577,0.6304572324607987,0.4336502087297198,-0.3773250134152751,-0.7871897676598898,0.34531707662957145,-2.8142047226287805,-4.298177742498427,-0.9173224315227881,0.037454562147043055,0.0004463070896042892
2.2,-0.00418747355357359,1.45298303765075,-1.003009583136604,-0.5426960809113821,-0.00029311412404084284,-4.042519316908971e-06,0.06884412401396305,-0.00960280150624494,-0.0021464287924111043,0.000701143819668429,0.007332070125716631,0.0001444602031610754,0.07706276749242637,3.0682644399326744,0.638314587426144,0.4230280765690715,-0.3944358585304309,-0.8029089354873509,0.3461795829786201,-2.6684916962241036,-4.26061532011053,-0.9034581656843332,0.036954326884422996,0.0003018540974515278
2.21,-0.0034972149664916803,1.453156508011743,-1.0029604651492656,-0.5426632500475712,-0.00022080533886042304,-2.890692446166015e-06,0.069025858708191,0.017347036099300567,0.004911798733830252,0.003283086381088408,0.007230878518041979,0.00011518268707429565,0.0690582264302548,3.0756497234895126,0.6417504468587529,0.4099122544228333,-0.40870194682746097,-0.8128083901138574,0.3468146652107896,-2.530631128887936,-4.224850002204279,-0.8903303404513129,0.03641017014690318,0.00015464351845603309
2.22,-0.002805703482864494,1.4535985776217617,-1.0028411277535134,-0.5426048057219276,-0.00014959846204817544,-2.034379674873039e-06,0.06915114836271861,0.0442069610018704,0.011933739575230019,0.005844432564366481,0.0071206876812247594,8.563127712929761e-05,0.06181937533399911,3.0659871710079933,0.6407252123252583,0.39437407419660886,-0.42000505284371614,-0.8168095563826974,0.3472518219699525,-2.4014105611650285,-4.191115886335993,-0.8780207393604034,0.03582940825292885,5.795611410329762e-06
2.23,-0.002113433166707165,1.4543068464935653,-1.002652388879658,-0.5425211111262618,-7.956753894298802e-05,-1.4740538676353332e-06,0.0692270316157329,0.07082688718035964,0.01887388738555327,0.008369459566586222,0.007003092310518741,5.6032580723770587e-05,0.0552936809965484,3.039292235234326,0.6352282144476337,0.3764985634046205,-0.4282512564567096,-0.8148766463137569,0.3475187712495761,-2.281562926000016,-4.159636938168403,-0.866606446856523,0.03521932360353027,-0.00014356137110435032
2.24,-0.0014208313376709752,1.4552774241384026,-1.0023955179738853,-0.5424126849698424,-1.0770789818933434e-05,-1.2079252855809996e-06,0.06926018290361899,0.09705776448372713,0.02568709057727285,0.010842615641933872,0.006879674912405459,2.6612858205433356e-05,0.04942337536000726,2.9956781690827454,0.6252782218056001,0.3563840618156515,-0.43337189683745087,-0.8070171069937843,0.347641269046774,-2.1717619762238134,-4.130625460933466,-0.8561593423630987,0.03458710725216924,-0.0002922994507274047
2.25,-0.0007282626538298188,1.456504948647784,-1.0020722295338826,-0.5422801988058975,5.67491387357706e-05,-1.2319618387118485e-06,0.06925686838411564,0.12275245093814505,0.03232884400027123,0.01324861639449148,0.006751992855470404,-2.4036553130848875e-06,0.044146506119974956,2.935356234810441,0.6109237016709304,0.3341417647842668,-0.43532419938662537,-0.7932817466535047,0.34764294292839104,-2.0726182261326223,-4.104280611863479,-0.8467456296571982,0.03393980281386597,-0.00043929918466386394
2.2600000000000002,-3.603357752203875e-05,1.4579826144501216,-1.0016846737412641,-0.5421244734028442,0.00012296479914269227,-1.5399259398184594e-06,0.069222907630778,0.14776658023377484,0.038755579261843476,0.015572540305329336,0.006621566040692167,-3.0796410110661097e-05,0.03939792150553841,2.8586352252885963,0.5922428219839437,0.3098951935937855,-0.4340915818992308,-0.7737645331782563,0.34754514035773026,-1.9846754407506109,-4.080786980061763,-0.8384254057184131,0.03328425219584423,-0.0005834578611517681
2.27,0.0006556028301668085,1.459702208629962,-1.0012354242293768,-0.5419464741754831,0.00018786345187066472,-2.1234276589786077e-06,0.06916364076888472,0.17195941798404793,0.04492495118873187,0.017799922736106377,0.006489865272797246,-5.8350171916014826e-05,0.035110178937425754,2.765920283471708,0.5693431874460801,0.28377959340168246,-0.4296836541237036,-0.7486020624986319,0.3473667918570581,-1.9084076984392493,-4.060313240289034,-0.8312522727999772,0.032627043611177915,-0.0007236975702963964
2.2800000000000002,0.001346441837320906,1.4616541556330525,-1.0007274630502372,-0.541747305699023,0.00025144646586231585,-2.9719937604152654e-06,0.06908390071540976,0.19519470030905198,0.050796117913975945,0.01991684764602032,0.006358301399165114,-8.485661014366578e-05,0.031214372167771766,2.6577110137245157,0.5423613063099659,0.2559412596625883,-0.42213593124903304,-0.7179726975678004,0.3471242893416042,-1.844217044221375,-4.0430108969202605,-0.8252729969994304,0.031974462308769595,-0.0008589730923891456
2.29,0.0020363217393193985,1.4638275701163423,-1.0001641629293547,-0.5415282053363922,0.0003137286185452214,-4.0731520903574164e-06,0.06898799019984923,0.21734144832899147,0.05633001208825242,0.021910036263075833,0.006228215268290552,-0.00011011583299421505,0.027640875833247296,2.5345988866354614,0.5114617883169364,0.2265367942890304,-0.41150928648805213,-0.6820953818940982,0.34683138023730864,-1.7924317427043432,-4.0290131318672415,-0.820527216092092,0.0313324444181883,-0.0009882795471116207
2.3000000000000003,0.0027251183720553825,1.4662103176390011,-0.9995492669216762,-0.5412905360167468,0.0003747373040084955,-5.412530676109305e-06,0.06887966327359842,0.238274752265885,0.061489600767849456,0.02376693196454016,0.006100868546327411,-0.00013393785857518877,0.02432000994578764,2.397263947206018,0.4768362782092307,0.195732293217179,-0.3978891707862766,-0.6412281347782596,0.34649907826725573,-1.753305131000174,-4.018433769558228,-0.8170471988425658,0.03070653426740089,-0.0011106597487051577
2.31,0.0034127394826349265,1.4687890828294263,-0.9988868656054811,-0.5410357782102938,0.00043451165818837875,-6.973970793318358e-06,0.06876211105795442,0.25787651904251047,0.06624013161950897,0.025475780645299484,0.005977435417988324,-0.00015614401172090535,0.021182629606652438,2.2464708447175328,0.43870213322835055,0.16370246757106077,-0.3813846288401963,-0.5956662384679475,0.34613559204002786,-1.7270150637380346,-4.011366371116903,-0.8148576574367619,0.030101845486371934,-0.001225211214248042
2.32,0.004099118997929615,1.4715494446047914,-0.9981813719734268,-0.5407655211514282,0.0004931016100606319,-8.739653160918167e-06,0.06863795152946886,0.2760361775365099,0.07054936320543029,0.027025705886559035,0.005858995187225316,-0.00017656823675998092,0.018160647135545393,2.0830642109963957,0.3973008569421311,0.13062970118580974,-0.36212714024804,-0.5457401303443199,0.34574627277717124,-1.7136639343284221,-4.007883468694818,-0.8139756140891476,0.029523026161102733,-0.001331092774609047
2.33,0.0047842112298440344,1.4744759579647153,-0.9974374942007431,-0.540481453368621,0.000550566867898342,-1.0690236331852413e-05,0.06850922319144191,0.29265133599239673,0.07438777726837163,0.028406778280724153,0.005746525783771008,-0.00019505831709342456,0.015187494889879473,1.9079634220649284,0.3528963055246457,0.09670304790655138,-0.3402693129911083,-0.4918130159671126,0.3453335826584456,-1.7132792492427793,-4.008035949496653,-0.8144103222869763,0.02897422825222048,-0.001427530740415169
2.34,0.005467985055119843,1.4775522418298286,-0.9966602064894942,-0.5401853525854116,0.0006069758496365245,-1.2805006262876624e-05,0.06837738252758084,0.30762838651132907,0.07772877112490172,0.02961007832093676,0.0056408981738182455,-0.0002114769931024211,0.012198537392645174,1.722156786118995,0.3057726861657778,0.062117172806082976,-0.3159834538756069,-0.43427822132108035,0.344897085327334,-1.7258147253755745,-4.01185259741604,-0.816163242544896,0.028459081440996323,-0.0015138245784622588
2.35,0.006150418106867613,1.4807610723500562,-0.9958547182045776,-0.5398790750621617,0.000662404566304915,-1.5062035968885108e-05,0.06824330517477703,0.32088305202274736,0.08054882849165872,0.030627752324983614,0.005542871666839045,-0.00022570297060084835,0.009131441109596575,1.5266952082501548,0.2562323705411801,0.027071242220627845,-0.28946003739390913,-0.3735563049037284,0.3444334600744843,-1.7511518746973391,-4.019339798397154,-0.819228071969138,0.027980671514928744,-0.0015893520573843968
2.36,0.006831491014707618,1.484084481066923,-0.9950264415314628,-0.5395645444528383,0.0007169354673621421,-1.7438354096708194e-05,0.0681072907840005,0.33234087168667764,0.08282766731147616,0.03145306093234343,0.0054530901057227065,-0.0002376318127823085,0.005926509454451574,1.322685389167579,0.20459354913240407,-0.008232231658483968,-0.26090609101888,-0.3100919523800271,0.3439365410970978,-1.7891020355027334,-4.030481413686961,-0.8235908263796722,0.027541523355955264,-0.0016535738250580308
2.37,0.007511181730305809,1.4875038572796495,-0.9941809578973687,-0.5392437402549486,0.0007706562566014362,-1.9910121190546697e-05,0.06796907155981909,0.34193762127265825,0.08454836340941022,0.032080419788969326,0.005372078923929412,-0.0002471767093838505,0.0025269895032212597,1.111282621223096,0.15118775461283082,-0.043588585092470655,-0.23054351154767316,-0.24435067838555827,0.34339738301714023,-1.8394088056949265,-4.0452388230822915,-0.8292299732197967,0.027143588548016923,-0.0017060373841239157
2.38,0.00818945997509845,1.4910000539366652,-0.9933239834064842,-0.53891868593379,0.0008236586871120148,-2.2452812366524938e-05,0.06782782447926394,0.3496196657015823,0.08569744908844983,0.0325054321158562,0.005300243051057856,-0.00025426911759782406,-0.001120644394799827,0.8936832501557821,0.09635728442185866,-0.0787922286157765,-0.19860732400903996,-0.17681536169035886,0.3428043535353889,-1.9017508307855278,-4.063551138148085,-0.8361166130035986,0.026788237578022105,-0.0017463804361398066
2.39,0.008866281846996029,1.494553496352765,-0.992461333545824,-0.5385914368043582,0.0008760373435812945,-2.504140506760653e-05,0.06768218718975795,0.3553442416099578,0.08626498606601897,0.03272491294318451,0.005237865646927968,-0.00025885927010815905,-0.005066426281387446,0.6711168750305558,0.04045255400744972,-0.11363789619401987,-0.1653438920561425,-0.10798264132570341,0.3421432537119003,-1.9757448976543566,-4.0853355832337135,-0.8442147066194869,0.026476256565978146,-0.0017743335692042242
2.4,0.009541584622739767,1.498144293037675,-0.9915988874213242,-0.5382640677555539,0.0009278884200190989,-2.7650570532668304e-05,0.06753027757437373,0.3590796684909955,0.0862446124499839,0.032736904880424224,0.005185107643780446,-0.00026091654650617753,-0.009356651020329608,0.4448383617410382,-0.016170587017033798,-0.14792190879945233,-0.1310090868078333,-0.03835920242072849,0.3413974659112769,-2.060949284601209,-4.110488039991238,-0.853481345428701,0.026207848426725893,-0.001789722268392651
2.41,0.010215281792261053,1.501752347914393,-0.9907425517838117,-0.5379386609017272,0.000979308500781874,-3.0254867585183144e-05,0.06736971695212869,0.36080548767182113,0.08563356375125594,0.03254068538268146,0.0051420080762775155,-0.00026042970525148407,-0.014033642181264424,0.21611974710731457,-0.07315354339969837,-0.1814434428372839,-0.09586641984990638,0.0315420186167237,0.3405481289516449,-2.1568673187960012,-4.1388837490508905,-0.8638670607761942,0.025982638337630145,-0.0017924682329981281
2.42,0.010887258360791937,1.5053574732052821,-0.9898982251015748,-0.5376172932460952,0.0010303933525762608,-3.2828937328006896e-05,0.0671976568530884,0.36051252908891646,0.08443266822369143,0.03213676556319785,0.005108485179438678,-0.0002574069742823754,-0.019135535076680078,-0.013757889028652624,-0.13013763552281654,-0.2140057933029993,-0.060185145557931516,0.10120567932024802,0.3395743394705978,-2.2629510938297335,-4.170378160581818,-0.8753161692714149,0.025799683363830556,-0.0017825899893447736
2.43,0.011557366453538952,1.5089395022704082,-0.9890717619305209,-0.5373020244391987,0.0010812367349287753,-3.534769732144328e-05,0.06701080927470153,0.35820290651260656,0.08264631710538033,0.03152688068964707,0.005084338235251452,-0.0002518759993436388,-0.024696075452492878,-0.24351250723516185,-0.18676670254883404,-0.2454176211642891,-0.024238338006329463,0.17011789618310513,0.33845337799170605,-2.3786053025942895,-4.204807923703967,-0.8877671500007074,0.025657486075069718,-0.0017602027928218093
2.44,0.012225421256429697,1.512478401695751,-0.9882689378244874,-0.5369948847133371,0.001131929236421435,-3.778653382226848e-05,0.06680548028907443,0.3538899425342972,0.0802824106033535,0.03071397258616508,0.005069250149265959,-0.00024388365008251955,-0.03074443490843442,-0.47186907319222443,-0.24268961822503338,-0.2754941741901007,0.011699051613560343,0.2377700988055168,0.33716095766352266,-2.5031911440605574,-4.241992003159569,-0.9011530497026092,0.025554011975287488,-0.0017255178177431616
2.45,0.012891197324757646,1.5159543819483126,-0.9874954150173738,-0.5366978630709134,0.0011825571438098539,-4.0121490671872014e-05,0.06657760683279487,0.3475980252561426,0.07735228071136659,0.029702164242368878,0.005062790738841883,-0.0002334956849603531,-0.03730504448460805,-0.69756733285368,-0.29756269232398014,-0.3040584703931897,0.04735215005949951,0.3036628427130752,0.335671493169666,-2.636030266548569,-4.2817329103334405,-0.9154019118720729,0.02548671055748688,-0.0016788406386491744
2.46,0.013554425289490062,1.5193480059403297,-0.98675670909564,-0.5364128958008775,0.0012332013509570668,-4.232945344218375e-05,0.06632279647324156,0.3393623992017173,0.0738705921733813,0.028496727003587435,0.005064420714721278,-0.00022079627703117395,-0.04439744801710903,-0.9193693318645418,-0.3510519333810805,-0.33094243335818474,0.08244812121029872,0.3673095508772668,0.33395838689107576,-2.776408714644484,-4.323818034656766,-0.9304372257581688,0.025452539791031115,-0.0016205690117065538
2.47,0.014214788988586207,1.522640294875221,-0.9860581568646409,-0.5361418553930584,0.001283936314328441,-4.438832747860652e-05,0.06603636990961452,0.3292288934891112,0.06985522309990033,0.027104040781905918,0.005073496337137419,-0.00020588740364227662,-0.05203617687124259,-1.1360666186672939,-0.40283515149870014,-0.3559879690192318,0.11671811945799562,0.42824015472339527,0.3319943290537178,-2.9235808518629174,-4.368021060658086,-0.9461783912794554,0.025447993845587068,-0.001551189969903303
2.48,0.014871923047930365,1.5258128307828922,-0.9854048855955672,-0.5358865399152151,0.0013348290615950197,-4.6277208519678206e-05,0.06571340593441578,0.3172535907671341,0.06532712690737912,0.02553154778433411,0.005089274726657887,-0.00018888810410716864,-0.06023064754368849,-1.346487077262948,-0.452603883431162,-0.3790479739636474,0.1498992259294453,0.4860046064238298,0.3297516083262847,-3.076773236321941,-4.414103455447929,-0.962541195997937,0.025469133854357298,-0.0014712762507475467
2.49,0.015525410933457023,1.5288478551909432,-0.9848017838217641,-0.5356486629121987,0.0013859382596785451,-4.797654462348339e-05,0.06534878855266593,0.30350244080509864,0.0603101773803068,0.023787700301637234,0.00511091980835255,-0.00016993361038051858,-0.06898508342549872,-1.5495013428541882,-0.5000651258700806,-0.3999872659990933,0.18173635476974798,0.5401762355171844,0.327202429147549,-3.2351884319365705,-4.461816011241098,-0.9794383004612872,0.02551162151798612,-0.0013814820801321187
2.5,0.01617478349277974,1.5317283634203718,-0.9842534738342665,-0.5354298438808138,0.001437313348335154,-4.946828819066943e-05,0.06493725593227151,0.2880508229428425,0.05483099874975734,0.02188190313849214,0.005137508865660894,-0.00014917435671860387,-0.07829846177517359,-1.7440287613984142,-0.5449428667242571,-0.4186834285612093,0.21198411557734742,0.5903549243633395,0.32431923196225043,-3.3980087427962435,-4.510900427626683,-0.996779728437758,0.02557075534857119,-0.0012825383408862176
2.5100000000000002,0.016819518001177952,1.5344381940388516,-0.9837642860068587,-0.535231599367891,0.0014889937451104081,-5.0736036942961524e-05,0.0644734508398212,0.2709830618479881,0.048918782740778696,0.01982445129228766,0.0051680396775254005,-0.0001267748752292092,-0.08816448670192664,-1.929042862243149,-0.5869794081124813,-0.4350275615706769,0.24040861725296928,0.6361700785949125,0.3210750125237533,-3.5643998633337057,-4.561090918673896,-1.0144733588217865,0.025641509349639838,-0.00117524715926636
2.52,0.017459037723193387,1.5369621130507671,-0.9833382350612169,-0.5350553347328508,0.0015410081272004426,-5.1765162793888514e-05,0.06395197220154351,0.25239190119155513,0.042605094564180525,0.017626463504022364,0.005201438209003439,-0.00010291258509269877,-0.09857158873425649,-2.103576321302251,-0.6259364787088536,-0.44892493242924925,0.266789198068003,0.6772833705611205,0.31744363647390234,-3.733514441494237,-4.612115830590308,-1.0324254162732522,0.025718573922004984,-0.0010604759472026225
2.5300000000000002,0.018092711997381366,1.5392858924501915,-0.9829789983630438,-0.5349023366097461,0.001593373795417828,-5.2542927634521246e-05,0.0633674274187977,0.23237793994244568,0.03592366981730547,0.015299812310478514,0.005236566821738556,-7.777648406327348e-05,-0.109502951373943,-2.266725400449018,-0.6615961368540282,-0.4602955221177236,0.29092006670707093,0.713391235728231,0.3134001455255976,-3.9044955562661383,-4.663699256497682,-1.050540957961222,0.025796398776547866,-0.0009391509424738804
2.54,0.018719856847988294,1.541396382810184,-0.9826898963208921,-0.5347737660975198,0.0016460961250823205,-5.30585851507993e-05,0.06271448506069299,0.21104903599924707,0.028910204215166442,0.012857051222627343,0.005272232966449247,-5.156575162780549e-05,-0.12093656492744778,-2.4176538567636032,-0.6937614694283653,-0.4690744626251,0.31261183939639303,0.7442271041008932,0.3089210517402812,-4.076480114548992,-4.715562635925769,-1.0687243541054632,0.02586923762288218,-0.0008122502930963667
2.5500000000000003,0.019339736123513272,1.5432815796284753,-0.9824738749408862,-0.5346706527011033,0.001699168108233145,-5.330346788981693e-05,0.06198792755249779,0.18851968182914436,0.021602138000585604,0.010311339641651247,0.005307198315082449,-2.448827390176284e-05,-0.13284530787840482,-2.5555963227845755,-0.7222570947605711,-0.475212363307854,0.331692958994929,0.7695633509263511,0.3039846165988982,-4.248602175344756,-4.767426327807409,-1.086879760337355,0.025931194387508766,-0.0006807967360320931
2.56,0.019951563158279395,1.544930683195223,-0.9823334905730565,-0.534593889040084,0.0017525699910890308,-5.32710588995258e-05,0.06118270347661212,0.16491035667476492,0.014038436782973417,0.007676366101930187,0.005340188285588581,3.2408990291133715e-06,-0.14519705611817912,-2.679861165822807,-0.7469294807731038,-0.478675525107521,0.34801098305785877,0.7892129532155759,0.29857111179979745,-4.419996211609945,-4.8190111470488315,-1.1049115802275251,0.025976270696721836,-0.0005458499238170777
2.57,0.020554502949301716,1.5463341517925029,-0.9822708968687169,-0.5345442263360756,0.0018062690101642391,-5.295704737889528e-05,0.06029397910223225,0.14034685972799163,0.00625937043396079,0.00496627040084411,0.005369901907520845,3.140115206305135e-05,-0.15795482048539977,-2.789832840552423,-0.7676470920677105,-0.47944604288573345,0.36143372935317963,0.8030308409575139,0.29266305897062006,-4.589800321774936,-4.870039856105553,-1.122724916642544,0.02599841433870544,-0.00040849845583302636
2.58,0.02114767483689878,1.5474837480771386,-0.9822878339534326,-0.5345222706846812,0.0018602192298838062,-5.23593678928074e-05,0.0593171887597065,0.11495962846356779,-0.001693708471564844,0.0021955651394454513,0.005395021971956707,5.976794860878808e-05,-0.17107691326880053,-2.884973754388437,-0.784300381693414,-0.47752179742119694,0.37185026905945556,0.8109149342760739,0.2862454457458506,-4.757159403907081,-4.92023860437585,-1.1402260108895557,0.025991568396740765,-0.0002698516736631827
2.59,0.02173015567365243,1.5483725785379758,-0.9823856198067715,-0.5345284801131087,0.0019143614839307488,-5.147822282696142e-05,0.058248083675364916,0.08888304608371093,-0.009778585333896313,-0.0006209428427512609,0.005414225404694266,8.81145065845982e-05,-0.18451714458574653,-2.964825669512165,-0.796801644890666,-0.4729163397825573,0.37917175984189855,0.8128068601863817,0.2793059159322824,-4.921228305774861,-4.969338309591775,-1.1573226688790577,0.02594972072223073,-0.0001310312822468176
2.6,0.02230098346247118,1.5489951259555492,-0.9825651438283105,-0.53456316242011,0.0019686234219046814,-5.0316087881897584e-05,0.05708277888187488,0.062254741757347035,-0.0179524021538955,-0.003468230700134963,0.005426193797393248,0.00011621349450638378,-0.19822504984085762,-3.029010668757878,-0.8050847531381737,-0.46565867190370724,0.3833321131289814,0.808692345025021,0.2718349317587273,-5.081174963680417,-5.017075976705673,-1.1739246737759828,0.025866953393501927,6.83713965364801e-06
2.61,0.02285916144064855,1.5493472748260835,-0.9828268625593103,-0.5346264737909965,0.0020229196621786953,-4.887770053096991e-05,0.05581779781773677,0.03521488705341566,-0.026171873099980182,-0.006331137088639983,0.005429624027401406,0.00014383873509276755,-0.21214614976759338,-3.077231714911609,-0.8091047873571113,-0.4557929281358284,0.3842884921176549,0.7986012810415339,0.2638259064842813,-5.236183541903587,-5.0631959510069535,-1.1899441848129337,0.025737491785351424,0.00014263267486222
2.62,0.023403662582922903,1.5494263297428459,-0.9831707975210965,-0.534718418177043,0.0020771520511138376,-4.717003149373672e-05,0.05445011422743542,0.007905491676231342,-0.03439349617862296,-0.009194438604652232,0.00542323889351423,0.00017076690372331885,-0.2262222448333232,-3.1092728343014473,-0.8088375891517876,-0.44337796339308433,0.3820216392601641,0.7826074680436345,0.2552753059237165,-5.385457582986721,-5.107451103331834,-1.2052961221028078,0.025555752856387892,0.0002752475834944297
2.63,0.02393343449263635,1.5492310267560547,-0.9835965351244302,-0.5348388474256305,0.002131210028033117,-4.5202239402822767e-05,0.05297719097134454,-0.019530298679115446,-0.042573760333378716,-0.012042924858751086,0.005405797691927963,0.000196779209091395,-0.2403917460096151,-3.124998955921482,-0.8042792485155394,-0.4284868541865521,0.3765360341498518,0.760828033359159,0.24618271774362638,-5.528223176942748,-5.149603946226956,-1.2198985374085947,0.02531639224769963,0.00040359573314980505
2.64,0.02444740464615987,1.5487615377579171,-0.984103228598955,-0.5349874621449701,0.002184971094575316,-4.298560896786679e-05,0.051397015352352325,-0.046948899813759555,-0.050669347452482846,-0.014861471933959121,0.005376106654219887,0.0002216630434955976,-0.2545900440419992,-3.1243554367890964,-0.7954455455425828,-0.4112063193634974,0.3678598847623983,0.7334225357181544,0.23655088769389043,-5.6637321548512976,-5.189427680779647,-1.2336729709041907,0.025014349778475057,0.0005266208781138787
2.65,0.024944485951812284,1.5480194679621118,-0.98468960188804,-0.5351638132851873,0.0022383013862490517,-4.0533473063748e-05,0.04970813056524123,-0.07420697958052674,-0.05863732890849334,-0.017635114021721476,0.00533302916737356,0.00024521359041187915,-0.26874991935966963,-3.107367302875046,-0.7823713623934974,-0.3916360677756625,0.3560449568562488,0.7005917609350246,0.22638572227157322,-5.791265309288269,-5.226707174523425,-1.2465447939915175,0.024644892923006253,0.0006433047229849271
2.66,0.02542358258057494,1.5470078465673665,-0.9853539554518626,-0.5353673044158757,0.002291056343196017,-3.7861119290944604e-05,0.04790966287626534,-0.10116213947452904,-0.06643535638225835,-0.020349113068840664,0.005275495694696509,0.0002672353772803394,-0.2828019946122603,-3.0741382328745988,-0.7651100801397863,-0.36988808029370723,0.34116624792614303,0.6625762194947253,0.2156962576731221,-5.910135640686597,-5.26123987136244,-1.2584435382269463,0.02420365785986796,0.0007526747075982968
2.67,0.02588359602203006,1.545731110712986,-0.9860941739202141,-0.5355971946789188,0.0023430814763558817,-3.4985681672712605e-05,0.04600134414551218,-0.1276735854380378,-0.07402184683516348,-0.022989026304307925,0.0052025133159864945,0.00028754376182319976,-0.29667523147414565,-3.024849309417253,-0.7437329731842147,-0.3460858337292798,0.3233215133868621,0.619654358272696,0.20449459527911726,-6.019691625125475,-5.292836634833543,-1.2693032103561048,0.023686687698614105,0.0008538114521367282
2.68,0.026323431315180723,1.5441950828505935,-0.9869077355360762,-0.5358526023943758,0.00239421322441104,-3.192601826590937e-05,0.04398352931506613,-0.15360278623925347,-0.08135616158620991,-0.02554077154570144,0.005113174805515846,0.00030596634068032343,-0.31029747278871356,-2.9597575591765346,-0.718328611820662,-0.32036347414822686,0.3026306535866885,0.572140500660108,0.19279580433466695,-6.1193204952709515,-5.321322526245739,-1.279062593363872,0.023090467512356383,0.000945855803877703
2.69,0.02674200340021444,1.5424069416712898,-0.9877917233313023,-0.5361325092964775,0.002444279896084536,-2.870257556889592e-05,0.041857208503371615,-0.17881411793037622,-0.0883987795226073,-0.027990690210162695,0.005006667167349619,0.0003223442697013453,-0.32359603031330003,-2.879194299865502,-0.6890022811794441,-0.29286494696396126,0.27923497078419746,0.520382531281846,0.18061779293594357,-6.208451522321386,-5.346537519313194,-1.2876655333197604,0.02241195583606837,0.0010280154301193908
2.7,0.027138243533936613,1.5403751867412898,-0.9887428379765367,-0.5364357653762233,0.0024931026915767374,-2.5337240710252022e-05,0.039624013372217354,-0.20317549300000198,-0.09511146452344811,-0.03032560797457758,0.004882279549220136,0.00033653348586438965,-0.33649831725437074,-2.783563308421661,-0.6558754224052956,-0.2637430909341454,0.25329630533688197,0.4647593432777518,0.16798114890407917,-6.286559282926202,-5.368337152844054,-1.2950612116431053,0.02164861233001116,0.0010995709054211745
2.71,0.027511105708627012,1.5381095970122092,-0.9897574122485908,-0.5367610943066572,0.0025404967961635445,-2.1853182495298552e-05,0.03728621746903981,-0.2265589729080735,-0.10145742720541197,-0.032532893043388515,0.004739410458680733,0.00034840582149534704,-0.3489325234492498,-2.673338820929233,-0.6190850994665451,-0.23315870288748286,0.2249960600435139,0.40567806774636433,0.15490895261288032,-6.353166891225775,-5.386593122878861,-1.3012044022332268,0.02079842135456233,0.001159881245361902
2.72,0.027859573011579184,1.5356211833849172,-0.9908314270596671,-0.5371070994265621,0.0025862725382494955,-1.8274682472965404e-05,0.03484673029521729,-0.24884136272920265,-0.10740148110762693,-0.03460051199049439,0.0045775742085950805,0.00035785000223331466,-0.3608283294616177,-2.549063371112069,-0.5787834925670011,-0.2012795796544644,0.1945341208662783,0.3435711064035978,0.1414265643247582,-6.407849172481733,-5.401193815408443,-1.306055712713375,0.01985991125589977,0.0012083888435215906
2.73,0.028182663860697486,1.5329221355185767,-0.991960528993873,-0.5374722702580035,0.002630236603481785,-1.462695726275184e-05,0.032309084911829995,-0.26990478663404405,-0.11291019342059189,-0.03651708314413643,0.004396406523228979,0.0003647725210213564,-0.37211765403705016,-2.4113454706810287,-0.5351374167887066,-0.1682795432510229,0.1621276811609269,0.27889298976436383,0.1275613890648493,-6.450235751308952,-5.412044780461503,-1.309581808830661,0.018832169220049166,0.0012446237732876668
2.74,0.028479438050384737,1.5300257630894638,-0.9931400492971999,-0.5378549895328123,0.00267219329589529,-1.0935973449834825e-05,0.029677418968725243,-0.2896372429112872,-0.11795203033268789,-0.03827192748088693,0.004195669241350488,0.00036909838129170144,-0.38273542734896565,-2.260857131526867,-0.48832786236697595,-0.13433745496450644,0.12800997512325996,0.21211708420396114,0.11334262250974533,-6.480014024357416,-5.419069147957326,-1.311755620844381,0.01771485161414352,0.0012682074213257806
2.75,0.028749002541693047,1.5269464317176802,-0.9943650242673894,-0.5382535407026853,0.0027119458364839263,-7.2282564152858e-06,0.026956449130830895,-0.3079331371783552,-0.1224974970189519,-0.039855116987301514,0.003975254058863659,0.00037077170345490256,-0.39262038031226476,-2.0983312268127814,-0.4385495509528724,-0.09963622355656199,0.09242892449313733,0.1437321720696611,0.09880098176615333,-6.496931984497946,-5.4222079852898055,-1.3125565305294575,0.016508189796520824,0.001278855425084437
2.7600000000000002,0.028990516931463598,1.5236994937941672,-0.9956302169897141,-0.5386661159070457,0.0027492976890904426,-3.5306945174056985e-06,0.024151438977055108,-0.32469379235129303,-0.12651927223247506,-0.04125752043604086,0.003735185260651624,0.0003697561897880101,-0.40171583802349,-1.9245586855093586,-0.3860105003828178,-0.06436181238288352,0.055645700744293425,0.07423892959689965,0.08396842524815834,-6.500800861209884,-5.421420596165008,-1.3119705372273809,0.015212991439586794,0.001276379892463566
2.77,0.029203198537069555,1.5203012144556831,-0.9969301403635277,-0.5390908243721256,0.002784053903085723,1.296599210108272e-07,0.021268160560595776,-0.3398279338484098,-0.12999233738135701,-0.042470846507988436,0.003475621399528016,0.0003660354438416526,-0.4099705031964991,-1.740385512893482,-0.330931588884887,-0.028702249854294593,0.017933203155632516,0.004146327716865628,0.06887786611231397,-6.491497540017361,-5.416684759774735,-1.3099904012011552,0.013830637469212089,0.0012606908877079376
2.7800000000000002,0.029386327036500303,1.5167686929717508,-0.9982590813623894,-0.5395257012138637,0.002816022461980879,3.7257913364577695e-06,0.018312849943074843,-0.3532521483932282,-0.13289409988617484,-0.04348768417379961,0.003196855889515613,0.0003596131415446942,-0.417339213406784,-1.5467096280486778,-0.273546108343264,0.007153352706503746,-0.020425548555984108,-0.06603201906576428,0.05356288386317658,-6.46896672253507,-5.4079969089698885,-1.3066157624001162,0.012363074779942685,0.0012317971736226997
2.79,0.029539248607958174,1.513119779825094,-0.9996111264675612,-0.5399687166161459,0.0028450156268917354,7.2309218591820175e-06,0.015292157145787187,-0.3648913146656915,-0.1352045105171867,-0.04430154022821747,0.002899316491085648,0.0003505130522724248,-0.42378365415918945,-1.3444775084897633,-0.21409929522927573,0.043015772062601876,-0.05913910979950132,-0.13578153068747034,0.03805743878701535,-6.433222788019108,-5.395372245715061,-1.301853232621427,0.010812804934736195,0.001189806206284092
2.8000000000000003,0.029661379518917095,1.5093729897857735,-1.0009801882106604,-0.5404177853546378,0.0028708512636663416,1.0618710951726651e-05,0.01221309109589211,-0.37467900393205017,-0.1369061743099174,-0.0449068738491917,0.0025835636774606255,0.00033877890925446325,-0.42927300838090116,-1.134680631708429,-0.15284782711671724,0.07869662943844835,-0.09790939863313675,-0.204590341754273,0.02239559380211374,-6.384351317322148,-5.378844791772883,-1.295716458973474,0.00918286909984307,0.001134923384467947
2.81,0.029752209121709235,1.5055474112990823,-1.0023600327562137,-0.5408707766349595,0.00289335414250155,1.386345224998527e-05,0.009082960279213983,-0.38255784866911247,-0.13798445455533598,-0.04529912803217119,0.0022502878835208464,0.00032447412982586197,-0.4337845220488801,-0.9183517037067788,-0.09005927233332345,0.11400932902108929,-0.1364335794229119,-0.2719529598562743,0.006611248129173139,-6.32251024086388,-5.358467372293307,-1.2882261565071855,0.007476829498691855,0.001067450561977212
2.82,0.029811302221104178,1.50166261252815,-1.0037443084488098,-0.541325524212247,0.0029123571990227236,1.6940266121616497e-05,0.00590930993949449,-0.38847987709323417,-0.1384275692596089,-0.04547475772874807,0.0019003056521173485,0.0003076813871631227,-0.4373039654158668,-0.6965606654441354,-0.026011480275268464,0.1487699755109657,-0.1744060464917332,-0.3373738785463139,-0.009262113110497232,-6.247930573678075,-5.334311529778275,-1.2794101078890017,0.005698747692501125,0.0009877838368556203
2.83,0.0298383007889149,1.4977385444140099,-1.0051265752425236,-0.5417798367572361,0.002927702746087489,1.9825286484509744e-05,0.0026998567810724017,-0.39240681141401557,-0.1382266793713819,-0.04543125449890932,0.0015345547064765383,0.0002885020362893248,-0.43982596981691446,-0.4704104695541146,0.039008099776016665,0.18279826779902675,-0.21152051044765918,-0.40037112237452,-0.02519164965797364,-6.160916702804897,-5.306467365761303,-1.2693031280470606,0.0038531600095583446,0.0008964106370705129
2.84,0.0298329250112399,1.493795441138386,-1.0065003349223705,-0.5422315084319191,0.0029392436260036246,2.2495840467222894e-05,-0.0005375777674999078,-0.39431032756238926,-0.13737596798468263,-0.045167167468303564,0.0011540879916135387,0.00026705539827131495,-0.4413542214117999,-0.24103262166557823,0.10470318285244862,0.21591836593701394,-0.24747218779530145,-0.4604797022598959,-0.04114537401238635,-6.061846195269081,-5.275043307489132,-1.2579469918326882,0.0019450504498655335,0.0007939061275814673
2.85,0.029794973665311,1.4898537183974112,-1.0078590620188272,-0.5426783296355878,0.0029468442934228265,2.493061954381144e-05,-0.0037951345928899996,-0.39417227409747724,-0.13587270964567294,-0.04468212036687214,0.000760066741920182,0.00024347790765885446,-0.44190149550531466,-0.009582483146805744,0.17076950605729382,0.2479597286586403,-0.28196009140882694,-0.5172549603685295,-0.05709233377991128,-5.9511690986138674,-5.24016579692018,-1.2453903229038032,-2.0178612182412282e-05,0.0006809289687375283
2.86,0.029724323834791157,1.485933869917604,-1.0091962353070703,-0.5431180978797239,0.002950381819882533,2.7109840837018292e-05,-0.0070649830519842124,-0.3919848479807219,-0.13371732882430565,-0.043976824413603205,0.0003537526459706464,0.00021792212932068535,-0.44148951830550703,0.22276566495569167,0.23689578914050927,0.2787579187793545,-0.3146894155254081,-0.5702757845323154,-0.07300276639091413,-5.829406710427056,-5.201978899462956,-1.2316884422556715,-0.0020367376162145202,0.000558216460626628
2.87,0.029620929984443715,1.482056362668371,-1.0105053697726696,-0.5435486287477705,0.002949746811809192,2.9015397356069603e-05,-0.010339385034744138,-0.3877507249233039,-0.13091344655992834,-0.04305308680467044,-6.350080733411999e-05,0.00019055565190513124,-0.4401486470942119,0.4548237936476662,0.30276480557578916,0.3081553738364464,-0.34537400421055353,-0.6191476730186039,-0.08884822471604227,-5.697149798462796,-5.160643830065849,-1.2169031750967314,-0.00409848260266559,0.00042657911230558276
2.88,0.029484822427029916,1.4782415312476993,-1.0117800489152222,-0.5439677668933636,0.002944844234755856,3.0630996017884675e-05,-0.013610755741379842,-0.381483142067162,-0.1274679142552707,-0.04191381455930624,-0.0004902577053335999,0.0001615598661815074,-0.43791736470731557,0.6853955265260555,0.3680545699667892,0.3360021394222721,-0.3737388869393108,-0.6635056311172528,-0.10460167272740648,-5.555056258779678,-5.1163383945360055,-1.201102615090885,-0.0061989493280835105,0.0002868946787462686
2.89,0.029316105226723805,1.474509471939161,-1.0130139572510024,-0.5443733970281627,0.0029355941377078405,3.194228239278742e-05,-0.01687172003061114,-0.37320593085382747,-0.12339083357801166,-0.04056301347991444,-0.0009250097048015505,0.0001311286374902743,-0.43484158980626497,0.9132817582479203,0.4324396455218069,0.36215656270512486,-0.3995228592701081,-0.703016881541773,-0.12023755094482687,-5.403848205714779,-5.069256344307092,-1.1843608453596126,-0.008331388464989957,0.00014010171182765195
2.9,0.02911495359389943,1.4708799369584513,-1.0142009128653513,-0.5447634548480674,0.00292193227243131,3.2936951217109296e-05,-0.020115163282437537,-0.3629534980709527,-0.11869556143488907,-0.03900578199047122,-0.00136618652765306,9.946688243218749e-05,-0.43097381046803646,1.1372864758016823,0.4955925730278552,0.3864859437352788,-0.4224810808698436,-0.7373833710133126,-0.13573181196233847,-5.244308494412117,-5.019606643290632,-1.1667576160531052,-0.010488801669442441,-1.2807325222819203e-05
2.91,0.028881610835496424,1.467372229425998,-1.015334899855465,-0.5451359378443719,0.002903810604036523,3.360484182457008e-05,-0.023334275840300615,-0.3507707532453252,-0.1133986990113782,-0.03724829963044343,-0.0018121668394786687,6.678906074607867e-05,-0.426372054878077,1.3562227630446901,0.5571854202710703,0.40886714226542775,-0.4423876577118775,-0.7663440556615367,-0.1510619268535993,-5.077276683924097,-4.967612645930297,-1.1483779787539088,-0.01266397832616545,-0.0001707933278834626
2.92,0.028616384932990624,1.4640050996182572,-1.0164101004946775,-0.5454889159443764,0.002881197710152901,3.39380177650624e-05,-0.026522590250580066,-0.3367129807740995,-0.10752006392124332,-0.03529781000045598,-0.002261289388362214,3.331759404923135e-05,-0.42109871909755087,1.5689189644764236,0.616891448241579,0.42918713792621244,-0.45903817046597273,-0.7896769480484132,-0.1662068636987897,-4.903644456495101,-4.913511186130514,-1.129311878462916,-0.014849532806046017,-0.0003327781506014495
2.93,0.028319644826018807,1.4607966430637274,-1.01742092694053,-0.545820541924184,0.0028540790673384784,3.393083000238244e-05,-0.029674010697181865,-0.32084565545298593,-0.10108264458527015,-0.033162597980760065,-0.0027118642814423013,-7.18776267995612e-07,-0.4152192776872862,1.77422497970668,0.6743868877447625,0.4473435418207554,-0.47225210727084854,-0.8072009087793737,-0.18114703985709305,-4.7243505163922155,-4.857551577346646,-1.1096537044283517,-0.017037942092805642,-0.0004976524811581766
2.94,0.02799181648372531,1.4577642010600222,-1.018362052301103,-0.5461290615349258,0.002822457224542947,3.357996321038055e-05,-0.03278283422934976,-0.3032442003705075,-0.0941125360572947,-0.03085196107417541,-0.0031621842795531057,-3.5086679200188986e-05,-0.4088009081047865,1.9710186556330196,0.7293528172944883,0.46324505779690917,-0.4818751565135069,-0.8187771658820667,-0.19586424993011248,-4.540374999434949,-4.7999945248014395,-1.0895018016054736,-0.01922158365402361,-0.0006642839316148843
2.95,0.02763337884778033,1.4549242641951252,-1.019228440867482,-0.5464128232825401,0.0027863518645839156,3.288446481871276e-05,-0.03584376359449807,-0.2839936864897052,-0.08663885663790175,-0.02837617476143208,-0.00361053599590315,-6.95498391667784e-05,-0.40191106396344717,2.1582122390350724,0.7814771304210615,0.4768118918968458,-0.4877813141689995,-0.8243105455050468,-0.21034157162868797,-4.3527334320502264,-4.7411109515287535,-1.0689579450690365,-0.021392773446020762,-0.0008315252872934371
2.96,0.027244859730711186,1.4522923794588192,-1.0200153773150928,-0.5466702878005246,0.0027457997556553588,3.1845756593572065e-05,-0.03885191170691442,-0.26318847363061193,-0.07869364476107119,-0.025746451798446625,-0.004055210892855667,-0.0001038708225140696,-0.39461603521366695,2.3347588482029207,0.8304565778366897,0.48797610877347886,-0.4898747608066498,-0.8237503981200153,-0.2245632519776215,-4.162470286091767,-4.681180740737482,-1.0481267802324588,-0.023543803952387893,-0.000998222854606972
2.97,0.026826831750715995,1.4498830615288647,-1.0207184946731462,-0.5469000367548416,0.0027008545958446054,3.046762867415992e-05,-0.04180279799951907,-0.2409317929954508,-0.0703117358053398,-0.022974895431691816,-0.004494515981075352,-0.0001378127919412146,-0.3869795348924303,2.499658918418414,0.8759988673307133,0.4966819341404278,-0.48809146558102334,-0.817091205393381,-0.23851457648069194,-3.970652182663559,-4.6204913978335345,-1.0271152322473531,-0.02566698216246313,-0.0011632248482857527
2.98,0.02637990837959948,1.4477097088104638,-1.0213338008598163,-0.5471007812204316,0.002651586754473452,2.8756216120927964e-05,-0.04469233711165145,-0.21733527184010099,-0.06153061866700829,-0.0200744465590005,-0.004926784137115336,-0.00017114125532319562,-0.37906135218075065,2.6519665726792963,0.9178248018616582,0.5028860026140922,-0.48240047831726596,-0.8043728543254904,-0.2521817240328886,-3.7783608046233983,-4.559336636330785,-1.0060318884542714,-0.02775466739932747,-0.0013253897586359255
2.99,0.025904740174059977,1.445784524796609,-1.0218577035811804,-0.5472713694696149,0.0025980829147896566,2.6719958165519284e-05,-0.04751682055395035,-0.1925184013854807,-0.05239027213642181,-0.01705882491832827,-0.005350383968379527,-0.00020362579554086818,-0.37091611008102227,2.7907958660654826,0.9556704341228586,0.5065575506114541,-0.472804875994842,-0.7856805671991407,-0.26555161051805953,-3.5866855831692948,-4.498014892819166,-0.9849863582204096,-0.029799308907569773,-0.0014835946399123395
3.0,0.02540201125250278,1.4441184453008495,-1.0222870333945486,-0.5474107941140706,0.0025404456231124446,2.4369540483674177e-05,-0.05027289215571967,-0.1666079495759464,-0.04293298133680773,-0.013942464445571904,-0.005763729167721211,-0.0002350417681845107,-0.3625921631321275,2.9153268496716738,0.9892892139476528,0.5076785542295976,-0.4593423362743858,-0.7611444783800039,-0.27861172417559976,-3.396716228788788,-4.436827777131915,-0.9640886149226069,-0.03179348310986181,-0.0016367432616724823
3.0100000000000002,0.024872436070142907,1.4427210720926213,-1.0226190647417048,-0.5475181985441084,0.002478792749980978,2.1717820940027917e-05,-0.05295751823598745,-0.1397373208228106,-0.03320313471562675,-0.010740443003785573,-0.006165287313146676,-0.00026517195436462604,-0.35413066635397045,3.02481139813252,1.0184541033253218,0.5062438122825217,-0.4420853178783408,-0.730938852077283,-0.2913499559638752,-3.209535180753011,-4.37607846485729,-0.9434483252052513,-0.033729930438934505,-0.0017837740660981882
3.02,0.024316756534707766,1.4416006134384893,-1.0228515347648803,-0.5475928826116011,0.0024132568691745274,1.8779739376708057e-05,-0.05556795354351408,-0.1120458654132025,-0.02324700231754951,-0.007468406749271321,-0.0065535880806450435,-0.00029380815633198604,-0.345564841251892,3.1185787435132073,1.0429596325741557,0.5022609748786078,-0.4211408352960653,-0.6952809387785651,-0.3037544282911951,-3.0262100521507067,-4.316070040361605,-0.9231741709540731,-0.035601591648369034,-0.0019236678757150558
3.0300000000000002,0.02373573949389199,1.4407638320203817,-1.0229826597280043,-0.5476343075062432,0.0023439845606785465,1.5572212135035862e-05,-0.05810170408157766,-0.08367814181075936,-0.01311249631240071,-0.004142489464207375,-0.006927230849598089,-0.00032075272416721946,-0.3369194584677248,3.1960406577866287,1.0626238704006483,0.4957505180709525,-0.3966498230998068,-0.6544294721526815,-0.3158133256239104,-2.8477861490895893,-4.257103799518096,-0.9033731696708636,-0.03740164350204966,-0.0020554552976984495
3.04,0.023130174614189855,1.4402160006642057,-1.0230111488779723,-0.5476420997787412,0.002271135643776816,1.2114012110661525e-05,-0.060556487970213416,-0.0547831356175881,-0.0028489149968101736,-0.0007792272498060491,-0.007284891690173074,-0.00034582000243743377,-0.3282105498185375,3.256696226319429,1.0772902801996769,0.4867456652130109,-0.36878609284231323,-0.6086828126718565,-0.32751473060806036,-2.6752791430719083,-4.199477522354351,-0.884149999104638,-0.039123533738277975,-0.0021782237730179166
3.0500000000000003,0.022500872659161984,1.4399608662692187,-1.0229362155952801,-0.5476160544691164,0.0021948823464736427,8.4256352464351e-06,-0.06293019550278721,-0.02551343949871264,0.007493328269214519,0.0026045309624802165,-0.007625329730317321,-0.00036883768642264253,-0.3194453553137065,3.3001361557888704,1.0868294350481356,0.47529225568076683,-0.3377548928228129,-0.5583767489158591,-0.33884646944502267,-2.50966797463116,-4.1434837268220015,-0.8656063320867022,-0.040761015200332526,-0.0022911242210294615
3.06,0.021848664163886956,1.4400006222803923,-1.0227575857003375,-0.5475561373034918,0.0021154084174103815,4.5291544636573444e-06,-0.06522084952750279,0.003975601117347051,0.017862989494273597,0.005991716562456988,-0.007947392906326125,-0.00038964807827777557,-0.31062250357575116,3.3260465617863115,1.0911405644329166,0.4614485615958781,-0.3037910877966332,-0.5038819723301594,-0.349795970328996,-2.3518880640777393,-4.089407915835539,-0.8478401875271199,-0.04230817902038932,-0.0023933772327646686
3.0700000000000003,0.02117439849158023,1.440335889993027,-1.0224755028009798,-0.5474624859285196,0.0020329081863560555,4.480621205795482e-07,-0.06742656723067268,0.0335267712634775,0.028208289935762833,0.009365137497219287,-0.008250023105432602,-0.00040810923430777965,-0.3017324171818876,3.3342121840546364,1.0901529068449571,0.4452850530934782,-0.2671569818753503,-0.44560124596455297,-0.3603501387691806,-2.2028249016531785,-4.037526830599947,-0.8309453034564451,-0.04375948673779684,-0.0024842787690758355
3.08,0.020478943248371465,1.4409657089214005,-1.0220907305879812,-0.5473354101589349,0.0019475855792404507,-3.7928978332780155e-06,-0.06954552432087625,0.0629818928373629,0.03847722129986522,0.012707576958465836,-0.008532260711560491,-0.00042409599538575633,-0.2927579280320923,3.324518980873217,1.083826843968186,0.42688411253951664,-0.2281398133882293,-0.3839662922483032,-0.3704952535657302,-2.0633080845738645,-3.9881067240240045,-0.8150105378390513,-0.04510980122526276,-0.002563205322964723
3.09,0.019763184023218142,1.4418875364017232,-1.0216045520085322,-0.5471753912205587,0.001859653093575763,-8.16790676758024e-06,-0.07157592251533222,0.0921827480322547,0.048617857944890826,0.016001893837629653,-0.008793248566468775,-0.00043750089343022245,-0.2836750821351259,3.296956058543385,1.0721547942827878,0.4063396979211049,-0.18704895537554256,-0.31943442899491975,-0.3802168870696138,-1.9341058624267256,-3.9414016686721824,-0.8001193026446483,-0.0463544162871252,-0.002629618508836388
3.1,0.019028024412059502,1.4430972565346485,-1.021018765272457,-0.5469830799783484,0.0017693307399933255,-1.2650256045301204e-05,-0.07351596111586414,0.12097201329252522,0.058578673607515355,0.01923112422102929,-0.009032235358243748,-0.0004482349277720963,-0.2744541083485834,3.2516168972258424,1.0551618464747268,0.3837569554323519,-0.14421285968264175,-0.2524849864469054,-0.3894998531179331,-1.8159202452611243,-3.8976519142154826,-0.786349036345714,-0.0474890847822361,-0.0026830690450678485
3.11,0.018274386278703814,1.4445891985046517,-1.020335676672104,-0.5467592941467506,0.001676844955515837,-1.7212538107098957e-05,-0.07536381333556898,0.14919419700033235,0.06830886003530705,0.022378583159781685,-0.009248578447748842,-0.00045622820617977517,-0.2650605217257318,3.1886998405108042,1.0329061160605817,0.35925178107817324,-0.09997578636512094,-0.1836155411212146,-0.3983281856858793,-1.7093827206316483,-3.857082309674187,-0.7737707196153951,-0.048510045109945645,-0.0027232001001515024
3.12,0.01750321019968032,1.4463561642434144,-1.0195580902240635,-0.5465050144875552,0.0015824274941005213,-2.1826842569777817e-05,-0.07711760790234941,0.17669657387626037,0.07775864480404662,0.0254279659195483,-0.009441746141531584,-0.0004614304462678861,-0.2554563292900863,3.108507823012511,1.0054788120628042,0.3329503309392141,-0.054694363288312564,-0.113338004427072,-0.40668515082659307,-1.6150506169422325,-3.8199008058777775,-0.7624484385392213,-0.049414045881386204,-0.002749749976755283
3.13,0.01671545603642848,1.448389465332689,-1.0186892941687857,-0.5462213800086136,0.001486314299929332,-2.6464955909659645e-05,-0.07877541632518402,0.20333010892745218,0.08687960552777718,0.02836344789415742,-0.00961131941711891,-0.0004638113339881828,-0.24560130431102087,3.0114473179090147,0.97300400436424,0.3049884795808637,-0.008734023388510481,-0.042174605424804945,-0.41455329387741635,-1.5334041409004455,-3.7862970534758125,-0.7524389991321295,-0.05019836858012889,-0.002762554112323817
3.14,0.015912103575763965,1.45067896896976,-1.0177330443924284,-0.5459096821850582,0.0013887443688903787,-3.109856327852287e-05,-0.0803352460664512,0.22895036370709126,0.09562497763573173,0.031169782355548722,-0.009756993103895351,-0.00046336073688632237,-0.23545429449567482,2.89802649460855,0.9356380864456015,0.27551122605651557,0.03753463103313126,0.029346192333491866,-0.4219145231984901,-1.4648441069119067,-3.756441111499222,-0.7437915963786128,-0.05086084799709328,-0.0027615463793172765
3.15,0.01509415317854846,1.453213152746396,-1.0166935448634762,-0.545571358232949,0.0012899586036892393,-3.569945098654584e-05,-0.08179503972155043,0.25341837766362396,0.10394995289521256,0.033832395210914884,-0.009878576520113924,-0.00046008877080229725,-0.2249745299073086,2.7688525855154014,0.8935689325373847,0.24467204692660083,0.08373948648789575,0.10069380018733964,-0.4287502308864238,-1.4096903660406301,-3.7304822808786935,-0.7365475403977406,-0.05139989020537661,-0.0027467596728349745
3.16,0.014262626376868478,1.4559791679209968,-1.0155754252044324,-0.5452079834734798,0.0011901986680466887,-4.023970818346261e-05,-0.08315268016799814,0.27660151746008266,0.11181196590437281,0.036337475946926774,-0.009975993564255058,-0.00045402571969167674,-0.21412289780895438,2.6246284700655256,0.8470147526790598,0.21263219588301752,0.12951054825160024,0.1713396012804849,-0.43504144998829025,-1.3681809319539213,-3.7085480764663905,-0.7307400416866727,-0.05181448782278034,-0.002718325778185914
3.17,0.013418566361744443,1.4589629107943478,-1.0143837155457907,-0.5448212628338716,0.0010897058454756808,-4.4691926275916526e-05,-0.08440600151240345,0.29837428733509885,0.11917096586418269,0.038672063960818986,-0.01004928225710078,-0.00044522180924539204,-0.20286315391866835,2.4661484936673728,0.7962226537217121,0.17955994979927326,0.1744834922352122,0.2407609979864096,-0.4407690467524021,-1.3404717912860429,-3.6907433499766444,-0.7263940567268756,-0.05210423229478212,-0.0026764745159324347
3.18,0.01256303830637072,1.4621491017329276,-1.0131238188351464,-0.5444130215387809,0.0009887199081790928,-4.902939463575071e-05,-0.0855528055373722,0.31861909385797077,0.12598967106442424,0.04082412950905951,-0.01009859372965881,-0.0004337468359834178,-0.191163042633716,2.2942935487599985,0.7414669188331202,0.1456298014198456,0.21830309090758626,0.3084453750629064,-0.44591394542184953,-1.3266373763136703,-3.6771495748645986,-0.723526194557553,-0.05226932292019994,-0.0026215321670261887
3.19,0.011697129474036646,1.4655213713209185,-1.0118014807983138,-0.5439851950533181,0.0008874780016636837,-5.322629118062636e-05,-0.08659088323340751,0.33722695879908693,0.13223380368326443,0.04278264854627585,-0.01012419065154091,-0.0004196896544875653,-0.17899530249440504,2.1100254547175172,0.6830470224741552,0.11102159943191126,0.2606264685824203,0.3738939464124922,-0.4504573820396721,-1.3266716689509095,-3.6678243025122286,-0.722144684241832,-0.052310572337501936,-0.0025539191858533926
3.2,0.010821949065085735,1.4690623530638285,-1.0104227577712943,-0.54353981834552,0.0007862135507175056,-5.725786644478248e-05,-0.08751804089509113,0.35409817429098966,0.1378723027019424,0.044537670779806235,-0.010126445094617804,-0.00040315752641561234,-0.16633853735766777,1.9143806826066585,0.6212854020218506,0.07591963733982698,0.3011261457312029,0.4366254562691725,-0.45438118273005784,-1.340489897036453,-3.662800797209248,-0.7222494024840636,-0.052229408193201536,-0.002474147214278936
3.21,0.00993862776340659,1.4727537820137235,-1.0089939826415677,-0.5430790145422383,0.0006851551924399769,-6.110061980376016e-05,-0.08833213016791441,0.3691428949895034,0.1428775129726672,0.04608038032817218,-0.01010583582775286,-0.00038427533589776853,-0.15317793826818413,1.7084634796559315,0.5565250111315796,0.04051169333349325,0.33949283739610764,0.49617970871481304,-0.4576680609898939,-1.3679307768727287,-3.662087855331073,-0.7238319600115304,-0.0520278707264103,-0.002382815415090317
3.22,0.00904831694987085,1.4765765986392436,-1.007521729154113,-0.5426049830577958,0.0005845257420385446,-6.473246657227248e-05,-0.08903108135357414,0.3822816625519983,0.14722534874547502,0.04740314844424375,-0.01006294504014324,-0.0003631846768512319,-0.13950584567849,1.4934384565286507,0.4891266834519777,0.004988024280119241,0.37543797706885573,0.5521209025197186,-0.46030192771121387,-1.4087592501306023,-3.665669811864036,-0.7268758447210717,-0.05170860602641592,-0.0022806061485499455
3.23,0.008152187557684418,1.4805110572234703,-1.0060127748515701,-0.5421199872793468,0.00048454119710619346,-6.813289475880689e-05,-0.08961293921864318,0.3934458584226654,0.15089543025428984,0.048499577844901186,-0.009998454493235111,-0.0003400428186534409,-0.1253221463128252,1.270522707925862,0.4194663383680158,-0.0304596820566303,0.4086959443198485,0.6040407512850792,-0.46226820699756443,-1.4626696586639105,-3.6735067350529746,-0.7313566190198579,-0.05127485475371175,-0.002168280021019648
3.24,0.007251428552631474,1.4845368380398973,-1.0044740629287814,-0.5416263418965725,0.0003854097860634273,-7.128311033364114e-05,-0.09007590050529438,0.4025780816426926,0.15387119227888207,0.04936453827743244,-0.009913141104276614,-0.00031502155748342565,-0.11063450343666577,1.0409775434961688,0.3479320629645042,-0.06563939141140551,0.43902598170315077,0.65156137165157,-0.463554150371285,-1.5292892975608372,-3.6855348074976204,-0.7372421682682277,-0.05073043615930903,-0.0020466703397692544
3.25,0.006347245029492244,1.4886331625316485,-1.0029126632894583,-0.5411263999660988,0.00028733106638075456,-7.416616994831511e-05,-0.090418352313923,0.40963244917510844,0.15613996393231092,0.04999419304737713,-0.009807871968267278,-0.0002883059614673969,-0.09545842344972147,0.8060999113393614,0.2749211063028617,-0.10035983776870072,0.46621379369723137,0.6943379248615528,-0.46414914172262667,-1.6081822849287963,-3.701666889555658,-0.744492996768604,-0.050079727291960204,-0.0019166770130635469
3.2600000000000002,0.005440855924327747,1.4927789107020208,-1.00133573309679,-0.5406225398027842,0.00019049507808789577,-7.676710013374443e-05,-0.09063891051644972,0.4145748170372339,0.15769301926682786,0.0503860163314566,-0.00968359882928588,-0.0002600930185429321,-0.07981716545297202,0.5672136004141944,0.20083682335462383,-0.13443166116692407,0.4900728273434066,0.7320609992035008,-0.46404498534484856,-1.6988536864628823,-3.721793258478639,-0.7530625673443873,-0.04932763734708525,-0.0017792599393753681
3.27,0.004533491350669889,1.4969527399155675,-0.9997504771104018,-0.5401171517907749,9.508155791932907e-05,-7.907300210054468e-05,-0.09073645736578578,0.41738292135467764,0.1585255986388204,0.050538801200933195,-0.00954135201685667,-0.00023059019668002483,-0.0637415036685714,0.32566031078233476,0.1260856064825518,-0.16766856023032206,0.5104452405184934,0.7644587228065127,-0.4632361696408554,-1.8007538337416187,-3.745782514369365,-0.76289768022151,-0.0484795771831805,-0.0016354319340347217
3.2800000000000002,0.0036263895757600723,1.5011332043083228,-0.9981641080992147,-0.5396126252069408,1.2592192386373722e-06,-8.107314136814961e-05,-0.09071017749098162,0.4180464392755267,0.15863690111870143,0.05045265838341021,-0.009382233868069169,-0.00020001392676049362,-0.04726935526042898,0.08279068175547163,0.051073842186420006,-0.1998884501719462,0.5272025691776978,0.791298597932998,-0.46172009957368937,-1.91328277734807,-3.7734826418624268,-0.7739388866669352,-0.047541424109270126,-0.0014862512457299855
3.29,0.0027207936606787496,1.5052988740132973,-0.9965838076135325,-0.5391113351480125,-9.081489737654795e-05,-8.275902155829115e-05,-0.09055959150813225,0.4165669704974644,0.15803004856822392,0.050129005892834276,-0.009207411661518531,-0.0001685880190141544,-0.030445288190733184,-0.16004463238892938,-0.023795070057173694,-0.23091461623054266,0.5402461092564632,0.8123890493675647,-0.45949729165087405,-2.0357948192155773,-3.804722214446127,-0.786120932655216,-0.04651948212815533,-0.0013328137189688367
3.3000000000000003,0.0018179477953493908,1.5094284534227946,-0.995016687390241,-0.5386156296504483,-0.00018099599832351466,-8.412444180264122e-05,-0.09028458653293588,0.41295794094973676,0.156712022329156,0.04957054975641888,-0.00901811009469667,-0.0001365420244350068,-0.013319925253584892,-0.4015037514051032,-0.09812360163275424,-0.260576851867246,0.549507032125655,0.8275806807847071,-0.45657152615527286,-2.167603072903574,-3.839311726612624,-0.7993732277274872,-0.04542043790216317,-0.0011762446618271858
3.31,0.0009190933658465334,1.5135008977320188,-0.9934697516525652,-0.5381278170888331,-0.00026915203174501036,-8.516553733312209e-05,-0.08988544295028575,0.407244430922421,0.154693573767571,0.04878125616151781,-0.008815603342149569,-0.00010410955304808751,0.004050738623537955,-0.6402621385363013,-0.17152284834144582,-0.2887125706163758,0.5549462545333068,0.8367672341623512,-0.45294995242714625,-2.3079840056537355,-3.8770450375844296,-0.8136203341764974,-0.044251312788053526,-0.0010176904810161006
3.3200000000000003,2.5464797071810788e-05,1.5174955270383632,-0.991949860550649,-0.5376501539344992,-0.0003551640991192776,-8.588080294575021e-05,-0.08936285687747225,0.3994629306344341,0.15198911019162004,0.04776631543338254,-0.008601206737426726,-7.152656126281176e-05,0.021606088286561985,-0.8750208710856875,-0.24361512360575008,-0.31516788026474485,0.5565540848953575,0.8398862484492275,-0.4486431442196358,-2.456181921877734,-3.9177009092528445,-0.8287824717348047,-0.04301941136296769,-0.0008583101484404977
3.33,-0.0008617147814108244,1.521392137307038,-0.9904636949716225,-0.5371848329511529,-0.000438926780394091,-8.627109915401868e-05,-0.08871795784826352,0.38966102686747855,0.14861655790265338,0.04653209833462454,-0.008376268127481339,-3.902962082684763e-05,0.039281691975713906,-1.1045145389953077,-0.31403636469689816,-0.33979860804461515,0.5543496677308083,0.8369194148618496,-0.4436651034438653,-2.611413353992111,-3.961044620200396,-0.8447760330577809,-0.041732266931252,-0.0006992665649783857
3.34,-0.0017412379948398104,1.5251711075555936,-0.9890177229281646,-0.5367339718986767,-0.0005203483699303441,-8.633964097484112e-05,-0.08795232134289861,0.37789702485556237,0.14459720434578743,0.04508610524762954,-0.00814215895362531,-6.854182082243108e-06,0.05701013959968012,-1.3275187057475324,-0.3824383292632656,-0.36247126579666666,0.5483802471343255,0.827892627417423,-0.43803321193843175,-2.772871333046174,-4.0068296372779715,-0.8615141054741139,-0.04039758456042152,-0.0005417178881582387
3.35,-0.0026119177537530344,1.5288135026565992,-0.9876181677132326,-0.5362996028100669,-0.000599351021113173,-8.609196941803197e-05,-0.08706797589132241,0.3642395101005603,0.1399555214931946,0.04343690886096725,-0.007900265118282889,2.476715568091391e-05,0.07472189937522497,-1.5428568743244528,-0.4484905637258063,-0.38306394452342296,0.5387202686414323,0.8128757286527057,-0.4317681321898762,-2.9397295181929626,-4.0547993261703565,-0.8789069947181791,-0.03902318224160683,-0.0003868088907452937
3.36,-0.0034725917995653594,1.5323011712083725,-0.9862709779860401,-0.5358836618997765,-0.0006758707981281838,-8.553590587822466e-05,-0.08606740458123248,0.34876685517732986,0.1347189727192544,0.04159409102903893,-0.00765197770150109,5.560635398073082e-05,0.0923461775958367,-1.7494069101638188,-0.5118821296414672,-0.4014671285106939,0.5254703368612901,0.7919819519430725,-0.42489365914763055,-3.1111461705458163,-4.1046886827022995,-0.8968627466539488,-0.03761693080422885,-0.00023566241696946902
3.37,-0.004322127208626968,1.535616837977304,-0.9849817999309406,-0.5354879801546746,-0.0007498576340815605,-8.468148975504582e-05,-0.08495354090616092,0.3315666768931535,0.12891780550995477,0.039568174510200574,-0.0073986835953376625,8.544161231788483e-05,0.10981176756081715,-1.9461068828105639,-0.5723230788356659,-0.4175844201119938,0.5087560440481842,0.7653670634399364,-0.41743652637663053,-3.2862679631760474,-4.156226067292658,-0.9152876633411426,-0.03618669323557779,-8.93710022505019e-05
3.38,-0.005159424798521648,1.538744190471045,-0.9837559516070469,-0.535114274651554,-0.0008212751953589323,-8.354089975228596e-05,-0.08372975898946798,0.3127352493740924,0.12258483238936906,0.03737055031205037,-0.0071417561277371784,0.00011405900027598576,0.12704787512636292,-2.1319602980288006,-0.6295456728343998,-0.4313331674171845,0.48872668252704443,0.7332282083774881,-0.40942617073875,-3.464233624789447,-4.209134925928122,-0.934086810172136,-0.034740264063211304,5.101127917810067e-05
3.39,-0.005983423381677431,1.5416679592587035,-0.982598399582602,-0.5347641406377195,-0.0008901006528609684,-8.21283594287483e-05,-0.08239985831557829,0.29237687876585366,0.11575520244449086,0.03501340138345304,-0.006882545750203614,0.00014125403235376547,0.14398490987953422,-2.306040702260506,-0.6833053467702984,-0.442644988331395,0.4655538517577049,0.6958024683414384,-0.4008944605652891,-3.644177419843284,-4.263135482263776,-0.9531645112133615,-0.033285309451939686,0.00018447667634509542
3.4,-0.006793103813558542,1.5443739917113222,-0.9815137379247221,-0.5344390444038043,-0.0009563243615147327,-8.046002769144529e-05,-0.08096804318811111,0.2706032452618662,0.10846616578799438,0.03250962339151998,-0.006622370865376424,0.00016683317373030116,0.16055523253896622,-2.4674956512496835,-0.7333814224028461,-0.4514661859646498,0.4394299689393556,0.6533651380248228,-0.39187539286178175,-3.825232472429148,-4.317946386922866,-0.9724248303077646,-0.03182930864843422,0.00031007127342855885
3.41,-0.007587492785699932,1.5468493188924366,-0.9805061695925282,-0.534140316970717,-0.0010199494502289707,-7.855387503489891e-05,-0.07943889721413903,0.24753271811143268,0.10075683321938493,0.029872743308734427,-0.006362508871423794,0.00019061526565463736,0.17669385081003952,-2.615550044152824,-0.7795775790469232,-0.45775805175260764,0.41056669052145156,0.6062277319764271,-0.38240476546832536,-4.0065339450722535,-4.373286311713783,-0.9917720359252168,-0.030379497376395115,0.00042690209454746735
3.42,-0.008365666317534048,1.549082215383666,-0.9795794902602075,-0.5338691486056011,-0.0010809913252280497,-7.642954643756747e-05,-0.0778173531834117,0.22328964912294505,0.0926679332320739,0.027116836511586483,-0.0061041874999079,0.00021243285973314408,0.19233905752949657,-2.7495088333156317,-0.8217220949778761,-0.46149705426683063,0.3791932508617608,0.5547357338512808,-0.3725198302878585,-4.187222086634867,-4.428875478257737,-1.0111110481758971,-0.028942813745282327,0.0005341437479623973
3.43,-0.009126752905235597,1.5510622518833632,-0.9787370745764933,-0.5336265841750152,-0.0011394770904520884,-7.41082119269955e-05,-0.07610865877015476,0.19800364996971292,0.08424156837142181,0.024256443058592356,-0.005848576522403861,0.00023213345105719751,0.2074330064904856,-2.8687591279223636,-0.8596678751981468,-0.462674913175924,0.345554723584248,0.49926610264975846,-0.36225893370415035,-4.366445165734241,-4.48443711237337,-1.03034786681787,-0.027525847187612775,0.0006310445599841078
3.44,-0.009869936290561031,1.5527803404667508,-0.9779818648486771,-0.5334135193372785,-0.0011954448894385382,-7.161240591834262e-05,-0.07431833853254347,0.17180885833877274,0.0755209727816186,0.02130648377366567,-0.005596779898644984,0.00024958060086528847,0.22192222281408172,-2.9727717167538263,-0.8932922842096724,-0.4612985593853214,0.30991021093707505,0.44022455235835245,-0.3516611501601402,-4.543362307490909,-4.5396988174424,-1.0493899794855164,-0.026134790885633388,0.0007169321530223668
3.45,-0.010594457817771958,1.5542287724432196,-0.9773163621227513,-0.5332306975701584,-0.0012489431737918502,-6.89658565157289e-05,-0.07245215272109266,0.14484319764687603,0.06655027259257987,0.01828217671201239,-0.005349828435331213,0.0002646549402613729,0.23575804609987808,-3.0611020412092365,-0.922496804654374,-0.45738998375213846,0.2725309666081155,0.3780426232382198,-0.34076591458023875,-4.717146252031114,-4.594393861834317,-1.0681467497319073,-0.02477539808969699,0.0007912184266366523
3.46,-0.011299618352094977,1.5554012487901605,-0.9767426196167777,-0.5330787080248431,-0.0013000299039920046,-6.619330604164595e-05,-0.07051605343230193,0.11724763469409141,0.05737425059736792,0.015198954531529902,-0.005108673020015444,0.00027725504740829475,0.24889700582325638,-3.1333906544617425,-0.9472065442617402,-0.45098597816125974,0.23369845797747346,0.31317456472032174,-0.3296126589246733,-4.886986053012922,-4.648262377251502,-1.0865297848084339,-0.02345294266971872,0.0008534039051328534
3.47,-0.011984779738680678,1.5562929031826174,-0.9762622384521628,-0.5329579841924953,-0.001348771688879475,-6.332032412590477e-05,-0.06851613865857006,0.08916543924568784,0.04803811646148925,0.012072383234783258,-0.004874178488747044,0.0002872981915741178,0.26130112953202134,-3.1893632060939376,-0.9673696145327787,-0.44213777389928133,0.19370237460807216,0.24609405143572308,-0.3182404576884727,-5.0520897335827275,-4.701052466528881,-1.1044532833930005,-0.022172184179361017,0.0009030814201466212
3.48,-0.012649365786586219,1.5569003176740046,-0.97587636561723,-0.5328688033656295,-0.001395242870674546,-6.0373114741685255e-05,-0.06645860479055404,0.0607414491387306,0.03858728349327588,0.008918082686580321,-0.004647118179507087,0.00029472093842195125,0.27293818531447145,-3.2288299937819014,-0.9829564049479578,-0.43091058334507437,0.1528385908298886,0.17729075530871446,-0.30668768663023327,-5.211686915659983,-4.752521220948881,-1.1218343637189736,-0.02093733765157174,0.0009399391017255534
3.49,-0.013292862767835287,1.5572215311151263,-0.9755856940892834,-0.5328112868731135,-0.0014395245628350116,-5.737831862176541e-05,-0.06434969812490689,0.03212134411216687,0.029067152794664118,0.005751649251594399,-0.004428169216046565,0.00029947961199198417,0.2837818607560673,-3.2516851246053284,-0.9939587762697039,-0.4173830518528092,0.1114070914859242,0.10726679786172767,-0.29499169846207174,-5.365031436367158,-4.802435648485149,-1.1385933727474098,-0.01975204828501508,0.0009637626566340495
3.5,-0.013914819427034857,1.557256040426811,-0.9753904650351942,-0.5327854010647448,-0.0014817036484219676,-5.4362812522576306e-05,-0.06219566591995694,0.003450931168459643,0.019522905408915624,0.002588580836873626,-0.004217908558695605,0.00030155060991891034,0.2938118811677084,-3.257905328416515,-1.0003891957432058,-0.4016466273943333,0.06970987119681715,0.03653310790597378,-0.28318851867484324,-5.511403962847863,-4.850573515546202,-1.154654177162751,-0.018619371124788956,0.0009744369179212846
3.5100000000000002,-0.014514846502292114,1.5570047948658152,-0.9752904720062877,-0.5327909590190769,-0.0015218717469242028,-5.135350682708064e-05,-0.06000270752572562,-0.025124556099581426,0.00999930289065315,-0.0005557954332083329,-0.004016809850223509,0.0003009305695495671,0.30301407025707167,-3.2475484644973616,-1.0022798357155462,-0.3838048560830014,0.02804881880034582,-0.03439428938153152,-0.27131256413016197,-5.650114613731479,-4.89672410573856,-1.1699444370563887,-0.017541755788322604,0.0009719466551821868
3.52,-0.015092615763232887,1.5564701834444847,-0.9752850670408093,-0.5328276229464337,-0.0015601241576850896,-4.837714298943019e-05,-0.05777692609407737,-0.0534611421330496,0.0005404965478372527,-0.003666392735679927,-0.0038252410760886897,0.0002976363837650443,0.31138035663192837,-3.2207517605959004,-0.9996816554987269,-0.3639726119695279,-0.01327640014295417,-0.10499802537117767,-0.25939638653727604,-5.780505592192686,-4.940688899901687,-1.1843958631939306,-0.016521036238985973,0.0009563766403713016
3.5300000000000002,-0.015647858576743223,1.5556560156823136,-0.9753731685863263,-0.5328949072577995,-0.001596558788181319,-4.546009232483905e-05,-0.05552428135103363,-0.08141677621710777,-0.008810154551691866,-0.006728431136582754,-0.0036434630496229256,0.0002917050664591137,0.3189087295854497,-3.1777298204895055,-0.9926634841970772,-0.3422752697325251,-0.053970448777099334,-0.1747631558424833,-0.2474704424578144,-5.90195383200198,-4.982282182183121,-1.1979444587424408,-0.015558425565953982,0.0009279109694688023
3.54,-0.016180364015618526,1.5545674958823767,-0.9755532711548481,-0.532992182269462,-0.001631275075421786,-4.2628157637128244e-05,-0.053250543887530206,-0.1088519799936794,-0.01801025685218247,-0.009727501166244953,-0.0034716287240467063,0.000283193468771081,0.3256031475347756,-3.1187724326325545,-0.9813111198438718,-0.31884782884521634,-0.09374439737691564,-0.2431809165361465,-0.2355628910504086,-6.013873654252521,-5.021331577227947,-1.210530746266503,-0.014654515689328245,0.0008868316457153215
3.5500000000000003,-0.01668997652959983,1.553211191138034,-0.9758234566250077,-0.5331186785128462,-0.0016643729086708548,-3.990637915406344e-05,-0.05096125139813039,-0.1356304744342694,-0.027018547015961094,-0.012649624338418186,-0.0033097833249068885,0.0002721778483064805,0.3314734022914243,-3.0442422083619154,-0.965726457576086,-0.2938339976554456,-0.13231775913342125,-0.3097524391211515,-0.22369942038156754,-6.11571942865845,-5.057678523662596,-1.2220999806906716,-0.013809281874318704,0.0008335164354965826
3.56,-0.017176593202301697,1.5515949932857516,-0.9761814071080769,-0.5332734916188495,-0.0016959515615583313,-3.7318846207124253e-05,-0.04866166727018636,-0.16161978522824955,-0.03579504830691969,-0.015481310600332915,-0.003157865288747656,0.00025875329469391854,0.33653494206178786,-2.95457207371561,-0.9460266568047384,-0.2673852455893897,-0.16942046721388726,-0.3739924004798212,-0.21190310278759197,-6.2069882295279735,-5.091178688974804,-1.2326023487758833,-0.013022091907234115,0.0007684360132378213
3.5700000000000003,-0.017640160621293387,1.5497280750287983,-0.9766244192976556,-0.5334555877460965,-0.0017261086414256722,-3.488851604800814e-05,-0.04635674189916889,-0.1866918256953324,-0.0443012189578792,-0.01820961272470054,-0.0030157079867340793,0.00024303301591161163,0.34080865574068064,-2.850262634329386,-0.922343354508147,-0.23965983126387513,-0.20479477685735725,-0.43543257858216833,-0.2001942794707561,-6.2872224727942,-5.121702330648221,-1.2419931554744155,-0.012291719758829494,0.0006921504168297424
3.58,-0.018080671392089326,1.5476208404643956,-0.977149420226317,-0.5336638095228144,-0.0017549390634825108,-3.2637041139370996e-05,-0.044051077079593784,-0.21072345644026907,-0.052500092866141865,-0.020822177671798912,-0.0028830422056838646,0.0002251474908637144,0.34432062070379627,-2.7318794282545533,-0.8948219289234898,-0.2108218138778124,-0.23819707642358812,-0.493625288774083,-0.18859047424615152,-6.356012516907694,-5.1491346080234885,-1.2502329973185071,-0.01161636353690154,0.0006053048401192248
3.59,-0.018498160330040554,1.54528487025405,-0.9777529843560684,-0.5338968824724156,-0.0017825340570188548,-3.058460619251514e-05,-0.041748893795122755,-0.23359702103455032,-0.06035641297513866,-0.0233072949601172,-0.002759499353634409,0.00020524349468558538,0.34710181596051776,-2.600050077032764,-0.8636208151271376,-0.1810400547305413,-0.26939959178931305,-0.5481466750424482,-0.17710633611734805,-6.412999207023299,-5.17337584885109,-1.2572879227686553,-0.010993667509580658,0.0005086247938257026
3.6,-0.01889270036709763,1.542732861683683,-0.9784313519329741,-0.5341534218932948,-0.001808980210546375,-2.8749776150507592e-05,-0.039454003705707424,-0.2552008570366862,-0.06783675769057834,-0.025653942087917533,-0.0026446153527520293,0.00018348300420075473,0.34918780223154827,-2.4554613410921204,-0.82891087133744,-0.15048721515400842,-0.2981919692874966,-0.598599831728012,-0.16575361014322254,-6.457876338812442,-5.194341773899826,-1.2631295792062096,-0.0104207479632332,0.00040291067085511585
3.61,-0.01926439821313322,1.5399785638671526,-0.9791804485394597,-0.5344319401637545,-0.0018343585623374881,-2.7149356232183407e-05,-0.037169784603559325,-0.2754297816530468,-0.07490966064855412,-0.02785182704596241,-0.002537835179111315,0.00016004199183241856,0.3506183702963645,-2.298856081600815,-0.7908747922799326,-0.11933875660259474,-0.32438272350063335,-0.6446177322489571,-0.15454113585957915,-6.4903930154594605,-5.211963682312794,-1.2677353460084861,-0.009894222644002831,0.00028903175634322495
3.62,-0.019613389813958826,1.537036708354156,-0.9799959057804877,-0.5347308544432957,-0.0018587437424037552,-2.57982650613614e-05,-0.03489916008256055,-0.2941855512996524,-0.081545724102793,-0.029891427954119937,-0.002438518006626714,0.00013510911708220101,0.3514371588430138,-2.1310301274258254,-0.749706563696999,-0.08777194806438349,-0.34780053763627605,-0.6858659426480214,-0.14347487233300915,-6.510355869011749,-5.226188599685056,-1.2710884529007633,-0.009410243519554159,0.00016791972683694956
3.63,-0.019939835650325526,1.5339229354115889,-0.9808730830417983,-0.5350484947417188,-0.0018822031715153115,-2.4709421807141438e-05,-0.03264458363667007,-0.31137729425671146,-0.0877177261310624,-0.031764029842303275,-0.0023459429111556377,0.00010888432542199614,0.3516912430667446,-1.952829042864523,-0.705610950078067,-0.05596488543324529,-0.36829540590331056,-0.7220450992040308,-0.13255794874810722,-6.5176311152997535,-5.23697939009698,-1.27317808254545,-0.008964532587392462,4.056168678274379e-05
3.64,-0.02024391592403617,1.5306537162564127,-0.9818070902595926,-0.5353831123275187,-0.0019047963224195026,-2.3893648156182348e-05,-0.03040802737106459,-0.3269219155176266,-0.09340072177942141,-0.03346175857998466,-0.0022593150904190997,8.157736509590886e-05,0.3514306954204663,-1.7651447894073398,-0.6588030059843295,-0.024095526960290492,-0.3857396092336747,-0.752893130928967,-0.1217907392611603,-6.512146410171047,-5.244314832596609,-1.2739994561115626,-0.008552420448084222,-9.200720609468539e-05
3.65,-0.020525825678779894,1.5272462715281283,-0.9827928116412971,-0.5357328884469107,-0.0019265740479772193,-2.3359585827244026e-05,-0.02819097547437213,-0.34074447282844184,-0.09857213817044669,-0.03497761193920548,-0.002177772555771677,5.340623289383209e-05,0.3507081202219901,-1.56891227298507,-0.6095075999517248,0.00765925153738678,-0.4000285178115517,-0.7781872095213802,-0.11117096069432122,-6.493892473835109,-5.248189661903407,-1.2735539003740683,-0.00816888735574988,-0.0002287114719022996
3.66,-0.020785769904387106,1.5237184863001452,-0.9838249302763058,-0.5360959433244551,-0.0019475779805055123,-2.3113630222913248e-05,-0.025994422560721223,-0.35277852279830785,-0.10321186350087028,-0.03630548775443997,-0.002100393252829301,2.4595560433077862e-05,0.34957816426637167,-1.3651057669824676,-0.5579589389139832,0.039124578460104864,-0.4110812161173416,-0.7977454112396348,-0.10069379149570586,-6.462924449729101,-5.24861457242243,-1.2718488947289202,-0.007808606454270914,-0.0003684433389206504
3.67,-0.021023958673846908,1.5200888219417197,-0.9848979535737898,-0.536470345415653,-0.001967840006198886,-2.3159880694242607e-05,-0.02381887694598027,-0.3629664358425595,-0.10730232974840206,-0.0374402091197836,-0.0020262025693373324,-4.625047132935881e-06,0.3480970061579441,-1.1547352007648835,-0.5044000803869151,0.07012848227899315,-0.418840948502476,-0.8114280772080646,-0.0903520102561248,-6.419362964521101,-5.245616184028124,-1.26889809638132,-0.007465988905736122,-0.0005100710137124114
3.68,-0.02124060236258026,1.5163762251556856,-0.9860062394617907,-0.5368541208810591,-0.001987381818101049,-2.350010777194632e-05,-0.021664368873335005,-0.3712596786034134,-0.11082858880008757,-0.038377546540612796,-0.0019541811902163407,-3.402270777037148e-05,0.34632182773847725,-0.9388423035635647,-0.44908241931978055,0.1005027588408347,-0.4232753856001732,-0.8191388608478829,-0.08013615195612453,-6.363394856689886,-5.239236967514026,-1.2647213418768921,-0.007135230617673232,-0.0006524471297707337
3.69,-0.0214359069990749,1.5126000345318364,-0.9871440232778761,-0.5372452632503991,-0.002006214550713396,-2.413373759374807e-05,-0.01953046364946435,-0.37761906238491033,-0.11377838160854488,-0.039114236934001005,-0.0018832732612346784,-6.336298218017487e-05,0.34431027170434325,-0.7184965942770913,-0.39226513653529005,0.1300838077238078,-0.42437671406264066,-0.8208254534376652,-0.07003468002238399,-6.295273542575892,-5.229535127119617,-1.259344623102093,-0.006810360277501128,-0.0007944173121825981
3.7,-0.021610069795021513,1.5087798849713956,-0.9883054452766854,-0.5376417432439053,-0.002024338498953421,-2.5057853632383845e-05,-0.017416279594661205,-0.38201495604407903,-0.11614219988092798,-0.03964799935062688,-0.0018123948240025317,-9.241160386357748e-05,0.3421198902280841,-0.49479120904560586,-0.3342145960468067,0.1587134354134312,-0.4221615541070314,-0.8164799812276555,-0.060034172204846074,-6.215318990894625,-5.216584437147362,-1.2528000358847757,-0.0064852884062444995,-0.0009348287949613656
3.71,-0.02176327490151542,1.5049356103543503,-0.9894845786738001,-0.53804151871662,-0.0020417429238109457,-2.6267215703525616e-05,-0.015320510649390773,-0.38442746170452613,-0.11791333971146988,-0.03997754727146145,-0.0017404424857524652,-0.000120936207114177,0.33980759007084343,-0.26883856029917613,-0.2752036792586484,0.18623962322086318,-0.41667071105672804,-0.8061390700482326,-0.050119518249639054,-6.123917279438628,-5.200474029378149,-1.2451256993805622,-0.006153857148662055,-0.0010725390273649228
3.72,-0.021895689435690556,1.5010871448382854,-0.9906754581386478,-0.5384425446897796,-0.0020584059466858193,-2.7754296108379816e-05,-0.013241453417513488,-0.3848465516064914,-0.11908794648476428,-0.04010259731596592,-0.0016663022874873726,-0.00014870804048541995,0.3374290802310152,-0.041765823326736166,-0.2155110450802614,0.2125172579024891,-0.4079687684031419,-0.7898835759445291,-0.04027412734155256,-6.02151971105563,-5.18130812778659,-1.236365644537089,-0.005809890523268958,-0.0012064242056656562
3.73,-0.022007459819336928,1.497254423194455,-0.9918721086417094,-0.5388427834316344,-0.002074294534019778,-2.950933264275997e-05,-0.011177038364637383,-0.38327216438305284,-0.11966505030615583,-0.04002387418548038,-0.001588858733395882,-0.0001755036534380156,0.3350383285613126,0.1852897507945412,-0.15542030633757695,0.23740882304420546,-0.39614353080723785,-0.7678379830046316,-0.030480143326046167,-5.908641469953878,-5.159205726951889,-1.2265696700865112,-0.005447244862886636,-0.0013353876674719214
3.74,-0.022098708467647367,1.4934572806038622,-0.9930685745533102,-0.5392402145482004,-0.002089364573448479,-3.152039808382912e-05,-0.009124864831044004,-0.379714259059279,-0.11964659116008766,-0.039743111656599696,-0.00150700394287011,-0.0002011065441069153,0.3326870339452628,0.41118569389022863,-0.09521911447858385,0.26078504925350643,-0.3813053258639294,-0.7401694722112472,-0.020718665795968073,-5.785859803915665,-5.134300210556599,-1.2157931647262359,-0.005059859183899326,-0.00145836808681122
3.75,-0.022169530862295048,1.4897153523527347,-0.9942589488829008,-0.5396328450425508,-0.002103561042288285,-3.377348564820622e-05,-0.0070822394647682176,-0.37419282511276114,-0.11903743295905388,-0.03926304943504231,-0.0014196468839806056,-0.00022530875643770982,0.33042412051234576,0.6347793454732935,-0.03519814645713973,0.28252552128011854,-0.3635861733364507,-0.7070866678029881,-0.01096997524196309,-5.65381172304811,-5.106738906464443,-1.2040968944068418,-0.004641805229802356,-0.0015743474097598196
3.7600000000000002,-0.02221999303863676,1.4860479738826093,-0.9954374025391678,-0.5400187192993641,-0.0021168182687273367,-3.62526098014383e-05,-0.005046217634171181,-0.3667378470125363,-0.11784536562670025,-0.038587425681321674,-0.0013257226439051476,-0.0002479124153232085,0.3282952599595425,0.8549330343340207,0.024350010237852632,0.3025192401296679,-0.34313882994090306,-0.6688380702426899,-0.0012137606163299336,-5.513191211206204,-5.076682575068758,-1.1915467539517672,-0.004187336941364799,-0.0016823584724240826
3.77,-0.02225012951206719,1.4824740816649025,-0.9965982134827679,-0.5403959289496203,-0.002129060285604089,-3.893992168963086e-05,-0.003013647343043017,-0.35738922177067706,-0.11608109436001211,-0.03772096502562054,-0.0012242016876752035,-0.00026873118881925637,0.32634242733179375,1.0705194036925583,0.08313207613897636,0.32066513835294685,-0.3201357166726133,-0.6257101874542761,0.008570652155781807,-5.36474595211371,-5.044304827902619,-1.1782134825815613,-0.003690939111243052,-0.0017814922455241537
3.7800000000000002,-0.022259941663536276,1.479012115382924,-0.9977357956351525,-0.54076262256863,-0.0021402012761227254,-4.1815838359932954e-05,-0.0009812151469085549,-0.34619662819784386,-0.11375821523845459,-0.03666936190096711,-0.0011140990518636652,-0.0002875916670302092,0.32460349461167365,1.2804268626044326,0.14085540126747248,0.3368725466427964,-0.29476773419777214,-0.5780253784368716,0.018404071971427145,-5.209273578398873,-5.009791473898016,-1.16417234330152,-0.0031473749846821155,-0.0018709046526742242
3.79,-0.022249396599118933,1.4756799219154118,-0.998844727399083,-0.541117015159041,-0.002150146110269874,-4.4859184838199805e-05,0.0010545064417343568,-0.33321934675123815,-0.11089317639305545,-0.03543925904110041,-0.0009944834147148668,-0.0003043346478266849,0.32311186522778773,1.4835651421932994,0.19722938628773468,0.35106161001652936,-0.26724297011861475,-0.5261394257155946,0.028307215670767792,-5.047617458158532,-4.97333979117115,-1.1495027665294266,-0.0025517325695985373,-0.0019498229126666405
3.8000000000000003,-0.022218426493436753,1.472494661624409,-0.9999197796392427,-0.5414573973691645,-0.0021587909700597173,-4.804734804008468e-05,0.003097010568217996,-0.31852602910028366,-0.1075052240159675,-0.034038221012353695,-0.000864485978984347,-0.0003188163201884871,0.3218961511824593,1.67887093120333,0.25196699754867924,0.3631636519122985,-0.23778530012133547,-0.47043885529038126,0.03830048325599483,-4.880662040161374,-4.935157722790087,-1.1342879587832362,-0.0018994694185855917,-0.00201755135961899
3.81,-0.022166928421816955,1.4694727174562994,-1.000955942965051,-0.5417821443959376,-0.0021660240610468355,-5.1356441406604845e-05,0.00514980716197979,-0.3021944168109585,-0.10361633258082696,-0.03247470267731525,-0.000723309098711802,-0.000330909336652017,0.3209798930204868,1.8653135613801135,0.3047863676140694,0.3731214846671618,-0.2066328833235982,-0.4113380247909458,0.04840373572948261,-4.709327785286842,-4.895462995645533,-1.1186144777094544,-0.0011864556420708035,-0.0020734766986997633
3.8200000000000003,-0.02209476468146895,1.4666296073676774,-1.0019484541526071,-0.5420897245211549,-0.002171726406812967,-5.476147907743123e-05,0.007216374034800527,-0.2843110088621994,-0.09925111875562447,-0.030758012521721365,-0.0005702345766131547,-0.0003405037670826384,0.3203813214243038,2.041900709382972,0.3554124703265913,0.38088966501078136,-0.1740365507667867,-0.3492760024295035,0.05863607582856778,-4.534565718151236,-4.854482162290277,-1.1025717752035886,-0.00040901490608608303,-0.002117072659277299
3.83,-0.022001763597779833,1.4639799005871301,-1.0028928215388249,-0.5423787072293016,-0.0021757727223635404,-5.823655834530086e-05,0.00930010836891165,-0.26497067805472135,-0.09443673862177292,-0.02889827081467165,-0.0004046315550573329,-0.00034750792678696314,0.32011315795186357,2.2076840783726333,0.40357885698830365,0.3864346933899636,-0.1402580851571562,-0.2847132610513182,0.06901563170978131,-4.357351638975497,-4.8124495664325035,-1.0862517108459755,0.000436036839849045,-0.002147904011704186
3.84,-0.02188772080816768,1.4615371382196225,-1.0037848492184658,-0.5426477708554555,-0.0021780323615733254,-6.175504907356338e-05,0.011404278961215125,-0.2442762367507718,-0.08920276796409708,-0.026906362615384635,-0.0002259639209785109,-0.00035184907282625186,0.3201824514532212,2.3617650191753516,0.4490294379179057,0.38973515616731014,-0.1055683898438704,-0.21812821310786984,0.07955934344263954,-4.178680041476344,-4.769606233656171,-1.0697480383405935,0.0013513551688733077,-0.0021656299185226
3.85,-0.021752401012843786,1.4593137586917333,-1.0046206598741128,-0.5428957097123237,-0.0021783703330114884,-6.528978870644575e-05,0.013531979532389708,-0.22233795278892973,-0.08358106556470385,-0.024793885686826653,-3.379714381629485e-05,-0.0003534739632882369,0.3205904461207106,2.503300048067931,0.4915202915186863,0.3907818099614957,-0.07024554579868458,-0.1500136137168429,0.09028275202528166,-3.999557787792362,-4.726198689890749,-1.0531558680923905,0.00233903379171408,-0.0021700065956244876
3.86,-0.02159554017934215,1.4573210285232674,-1.0053967160702808,-0.5431214406465938,-0.0021766483776701983,-6.881328145862846e-05,0.01568608335016381,-0.19927301684660131,-0.07760561961680643,-0.022573093427009465,0.00017219553412903236,-0.0003523492752182708,0.3213324770316324,2.6315062158187086,0.5308214811011893,0.3895776076723987,-0.034572757136242194,-0.08087286012675599,0.10119979054437682,-3.8209975960724663,-4.682477711154187,-1.03657110948124,0.003400574265870295,-0.002160889263793236
3.87,-0.021416848185756582,1.4555689788935744,-1.00610983984598,-0.5433240089764129,-0.002172726101334652,-7.229790023760662e-05,0.01786919935855658,-0.17520496296930071,-0.07131237756992011,-0.020256832981899293,0.000392227633554655,-0.0003484618778978146,0.3223978894813671,2.7456662807222285,0.5667188581086835,0.3861376659787741,0.0011638114649181741,-0.011216216843173532,0.11232257708193116,-3.6440114002458914,-4.638697009136835,-1.0200898967793504,0.004536859094285126,-0.0021382333760633495
3.88,-0.021216011886221926,1.454066348449129,-1.0067572304452042,-0.5435025937640021,-0.0021664621535835093,-7.5716089829453e-05,0.020083629953465576,-0.15026304444454028,-0.06473905992240857,-0.01785847875892462,0.0006263947751142466,-0.0003418189591846387,0.32376997938760815,2.8451336370316107,0.5990158291228171,0.3804891743766561,0.03667729825266419,0.058443003590509246,0.12366120903293212,-3.4696036445620506,-4.595111858268667,-1.0038080030056793,0.005748128516475345,-0.0021020951114342373
3.89,-0.020992698581188542,1.452820532772498,-1.0073364800320828,-0.5436565123801642,-0.0021577154447148276,-7.904056986633731e-05,0.022331330503338218,-0.12458156766311662,-0.05792495868786565,-0.01539186161621123,0.0008746708868681475,-0.00033244800368843004,0.3254259535304485,2.929336949476721,0.6275350631269652,0.3726712460742263,0.07168249689837403,0.12759227367321313,0.13522355864860783,-3.298764577649412,-4.55197767100386,-0.987820246308156,0.007033961299601054,-0.002052631130638534
3.9,-0.02074655987433889,1.451837540901745,-1.00784558724683,-0.5437852243207545,-0.002146346391270528,-8.224453609274101e-05,0.024613870684965122,-0.09829918707527989,-0.05091072147471554,-0.012871194059030217,0.001136905344429937,-0.00032039662264036963,0.3273369102903066,2.997784444499366,0.6521201150074354,0.3627347112991117,0.10589828069905183,0.19572366717502743,0.14701506986615495,-3.1324636120260263,-4.509548529150069,-0.9722198937056431,0.00839325983714492,-0.0019900975948693
3.91,-0.020477235897428895,1.451121959253676,-1.00828296847013,-0.5438883342390606,-0.002132218180297826,-8.530185845691348e-05,0.026932397690999553,-0.0715581648069036,-0.04373812233000717,-0.010310991830607534,0.0014128210972702154,-0.00030573223641724756,0.3294678437190513,3.0500678094762246,0.6726369411965045,0.3507418538038962,0.13905007539177316,0.262337627860346,0.1590385568284442,-2.971642815149478,-4.468075680147109,-0.9570980672009053,0.00982423985764374,-0.0019148484535896908
3.92,-0.020184359883739372,1.4506769232642331,-1.0086474666771783,-0.5439655941624454,-0.0021151980420526587,-8.818727457481063e-05,0.029287601368952414,-0.044503598944275094,-0.03644982070483152,-0.007725992338483652,0.0017020138245167427,-0.00028854161178971477,0.3317776760590365,3.0858656525638906,0.6889752837310861,0.33676609155276616,0.17087235165317782,0.3269466604406732,0.17129400493331398,-2.817210597191814,-4.427806008241828,-0.9425431573888624,0.011324425034345512,-0.0018273330127578646
3.93,-0.019867563070026413,1.45050409701505,-1.0089383577781403,-0.5440169048665363,-0.002095158520529504,-9.087657714550878e-05,0.03167968137129591,-0.01728262491831685,-0.02908911009619963,-0.005131070409092895,0.0020039521523154964,-0.0002689302570698156,0.33421932601214005,3.104946477906454,0.7010498998308332,0.320891602723691,0.20111110287487755,0.38907891422931096,0.18377837577265257,-2.67003565875759,-4.388980491491397,-0.9286402497277952,0.012890646767949113,-0.0017280927999731794
3.94,-0.019526479905707314,1.4506036610669228,-1.0091553543591878,-0.5440423163856482,-0.002071978731003019,-9.334679393974413e-05,0.03410831643190983,0.009956405187287055,-0.021699658104756717,-0.0025411519111849866,0.0023179789526485074,-0.00024702167942353446,0.3367398219529632,3.1071711338000574,0.7088016153674745,0.3032128983392113,0.22952626909208607,0.44828163108263785,0.19648541791194388,-2.530941258747588,-4.351832656433581,-0.9154705686129374,0.014519049388140597,-0.0016177577481587071
3.95,-0.019160753546374976,1.4509743086691385,-1.0092986067573435,-0.5440420276439706,-0.0020455455936958106,-9.557635903652605e-05,0.036572635933233746,0.037064760221559453,-0.01432523981557865,2.887416775270617e-05,0.0026433137307208397,-0.00022295650967819208,0.339280470679239,3.0924946950088272,0.712198182329015,0.2838343429286123,0.2558940643987868,0.5041244307061138,0.2094054861002954,-2.400699858547904,-4.316587043066126,-0.9031109442915541,0.016205100985068163,-0.0014970417244105192
3.96,-0.018770041606495688,1.4516132504586114,-1.009368701422913,-0.5440163851982736,-0.002015755032746571,-9.754527404633076e-05,0.03907119398792872,0.06389417894730387,-0.007009466556948407,0.0025642445697054476,0.0029790560949239982,-0.000196891500980471,0.3417770930296041,3.0609677447539645,0.7112349225268345,0.2628696247402207,0.2800091631695609,0.5562024082747519,0.2225253721625728,-2.28002819375825,-4.28345769345393,-0.8916333074868099,0.01794361003905687,-0.0013667374355327436
3.97,-0.018354022143250433,1.452516227705145,-1.0093666565450738,-0.5439658810894279,-0.0019825131298440587,-9.923525813270664e-05,0.041601946324525595,0.09029772465335917,0.00020448778390856018,0.0050504108845648025,0.003324190290251229,-0.00016899840863758827,0.3441603376453696,3.0127370269208167,0.7059351423425373,0.2404411771161321,0.3016867002099759,0.6041390215341556,0.23582815147710673,-2.1695828188539323,-4.252646677808664,-0.8811042163568734,0.01972874796583236,-0.0012277107465044818
3.98,-0.017912399839912815,1.4536775340993677,-1.0092939149389577,-0.5438911498068353,-0.0019457372222123621,-0.00010062988572662051,0.04416223033376174,0.1161306394222609,0.007274160611604617,0.007473128259263122,0.00367759076316966,-0.00013946275939138653,0.3463560832362182,2.948045444704193,0.6963503062171599,0.2166795527302252,0.32076404175510786,0.6475887470641257,0.24929304954842346,-2.0699561636123267,-4.224342672237821,-0.8715844201091794,0.021554077635629835,-0.001080894452652503
3.99,-0.017444912352951963,1.4550900460186345,-1.0091523342160083,-0.5437929643768293,-0.0019053569350761684,-0.00010171471091885186,0.04674874869608533,0.1412511919266621,0.014158072294950808,0.009818543000590131,0.0040380287136193805,-0.00010848251922313527,0.34828593792094836,2.8672313881804574,0.6825599598080634,0.19172275248364734,0.33710228808879106,0.6862394881444895,0.2628953337059982,-1.981673132957085,-4.1987196025180324,-0.8631284632224394,0.02341258785840821,-0.0009272815505913384
4.0,-0.01695133678229079,1.456745261144055,-1.0089441742832204,-0.5436722315931755,-0.0018613151392935614,-0.00010247737761443298,0.04935755706611728,0.16552151254205322,0.02081599327878384,0.01207327836538951,0.004404179578260691,-7.626666955811272e-05,0.34986784160918255,2.770727380078364,0.664671397213918,0.16571551098389392,0.35058747438266646,0.7198147195519866,0.2766062353576488,-1.9051882742285198,-4.175935368192643,-0.855784333806791,0.025296733754797747,-0.000767918056998996
4.01,-0.01643149621897087,1.4586333452395177,-1.0086720822407327,-0.5435299864148634,-0.001813568825508061,-0.00010290771463869548,0.05198405633199175,0.18880840954627315,0.02720920424875784,0.014224517831208303,0.004774631378550043,-4.303370242624944e-05,0.3510167740898434,2.659058036236141,0.6428190703441385,0.1388085406656554,0.36113144393579644,0.7480753575756948,0.2903929084621652,-1.8408835279356242,-4.156130661011433,-0.849593159162317,0.027198482854502166,-0.0006038954279772679
4.0200000000000005,-0.01588526631904784,1.4607431868418241,-1.008339074770813,-0.5433673855633747,-0.0017620898869292855,-0.00010299781509602896,0.054622989992303,0.21098416023065364,0.033300746991979845,0.01626008514887172,0.005147893857877536,-9.010045733348075e-06,0.3516455676705241,2.5328373447715244,0.617163742300928,0.11115773683346397,0.36867237698044786,0.7708213464376529,0.30421842992600556,-1.7890665699536332,-4.139427891211039,-0.8445889510859,0.02910936668199697,-0.00043634263505723097
4.03,-0.015312581847072163,1.463062459550573,-1.0079485181342145,-0.5431857003584145,-0.0017068658036893897,-0.00010274209939905694,0.0572684471975676,0.2319272708748785,0.0390556636598571,0.01816852049601579,0.005522408323989584,2.557156969720259e-05,0.3516658190861603,2.3927652757436704,0.5878913905019649,0.08292334610251828,0.3731749681488916,0.7878929550638469,0.3180418474458181,-1.749969745073472,-4.125930234373065,-0.8407984029344223,0.031020537505139084,-0.0002664179568097068
4.04,-0.014713443127228387,1.4655776915479533,-1.0075041059118468,-0.5429863088376403,-0.001647900222625881,-0.00010213736150663168,0.0599138719843776,0.2515231997380295,0.044441222236773,0.019939152077416967,0.005896558106350882,6.04737892425262e-05,0.350988891204002,2.2396237409220867,0.5552118690815601,0.05426910106445337,0.3746302560378836,0.7991717806911064,0.33181827989294627,-1.7237495839592274,-4.115720810594574,-0.8382407398877385,0.03292282983756729,-9.530054746386633e-05
4.05,-0.014087922335351971,1.4682743419228608,-1.0070098346503644,-0.5427706872121023,-0.0015852134272956642,-0.00010118279803288409,0.06255207918764166,0.269665037490748,0.049427126148239825,0.021562162553804297,0.006268679533021673,9.545634737475868e-05,0.34952699104199797,2.0742719310637847,0.5193573438391678,0.025361324311498734,0.3730551184741817,0.8045814580278291,0.3454990746592977,-1.7104868880946391,-4.1088620064696375,-0.8369276232768614,0.034806826202560835,7.581815411080882e-05
4.0600000000000005,-0.013436169560856309,1.4711368833214165,-1.0064699775893318,-0.5425404007148478,-0.001518842694015151,-9.988002001556435e-05,0.06517527744956626,0.2862541398555716,0.053985706103269415,0.02302864972544926,0.0066370733280513225,0.00013027780173197447,0.34719430701901854,1.8976410656955514,0.48058051653030764,-0.0036319946077680854,0.3684914565303583,0.8040880746187536,0.35903202545936835,-1.7101873603569877,-4.105394948925416,-0.8368631092609304,0.03666292658655896,0.0002457431102820054
4.07,-0.012758418564310472,1.4741488903977216,-1.0058890566647765,-0.542297093905351,-0.0014488425307323774,-9.82330472591208e-05,0.0677750996545836,0.301200707630502,0.05809209245552776,0.024330680949683436,0.0070000163282773545,0.00016469727564435407,0.34390818536978895,1.7107285976555229,0.4391526585714406,-0.03254214526945454,0.36100509852411844,0.7977002946348649,0.37236165292673057,-1.72278275258954,-4.105339138302093,-0.838043661560065,0.038481420937082865,0.0004132843997464537
4.08,-0.012054992154213764,1.4772931334951178,-1.0052718129989424,-0.5420424804970319,-0.001375284796555409,-9.624828529544286e-05,0.07034264100967076,0.31442430973962393,0.06172436658340219,0.02546134083191693,0.007355773417696852,0.0001984761963677949,0.33959032344036294,1.5145919214276222,0.3953614771720503,-0.061200660957889674,0.3506844617493716,0.7854691945866616,0.38542954898399273,-1.748132496075832,-4.10869224624044,-0.8404582173894143,0.040252563994666646,0.0005772658959018964
4.09,-0.011326307105586119,1.4805516769498948,-1.004623176098674,-0.5417783327790631,-0.0012982587007740636,-9.39344851320161e-05,0.07286850486276454,0.325854345477702,0.06486369002685326,0.02641477179688066,0.0077026095781345385,0.00023138001634267558,0.334167956232989,1.3103416404590311,0.349508839449681,-0.08944029667798414,0.3376390142215504,0.7674878154534305,0.3981747844439781,-1.7860257762512046,-4.115430081976271,-0.8440883052012675,0.04196665169378812,0.0007365338428654036
4.1,-0.01057287854346237,1.4839059813767506,-1.0039482319949262,-0.5415064707068662,-0.0012178706812077302,-9.130268608250603e-05,0.07534285621237499,0.33543044268556954,0.06749441037477136,0.027186207219684497,0.00803880195663333,0.00026317990495100605,0.3275750121375138,1.0991344540560943,0.30190838217007687,-0.11709601497546585,0.32199758111084154,0.7438904365222492,0.41053437766834217,-1.836184009394887,-4.125506728575978,-0.8489082123352525,0.04361409832571492,0.000889965264398129
4.11,-0.009795323716325464,1.4873370092687621,-1.003252190563266,-0.5412287507381288,-0.0011342441626808553,-8.83661420976255e-05,0.07775548271369061,0.3431027892011444,0.06960414316600827,0.027771996873739296,0.008362651852687484,0.0002936543984880534,0.31975321425552,0.8821657289847751,0.25288303633123,-0.14400597338075194,0.3039065407785504,0.7148515769028706,0.4224438204277197,-1.898263676477193,-4.138854848523587,-0.8548852002089398,0.04518551362835011,0.0010364761424778211
4.12,-0.008994365087971426,1.4908253332244379,-1.0025403522698113,-0.5409470544927955,-0.0010475191973611927,-8.514023213370455e-05,0.08009586283540389,0.3488323955675719,0.07118382934547832,0.028169624533335953,0.008672496531966268,0.0003225909963920942,0.31065310502977683,0.6606618244587954,0.20276249685653025,-0.17001250680914515,0.28352795355329574,0.6805847313228459,0.43383765543986175,-1.9718594678095707,-4.155386155932165,-0.8619797642592337,0.046671778955880844,0.001175029304310265
4.13,-0.008170832681249745,1.494351246100789,-1.0018180745888245,-0.5406632773162815,-0.0009578519895873938,-8.164235521185098e-05,0.082353240672168,0.35259128763512804,0.07222776809866496,0.028377717651398435,0.008966720777379889,0.0003497876921853569,0.30023497392762094,0.43587224169197675,0.15188066812510817,-0.19496309774114473,0.2610376628436373,0.6413408474817482,0.4446500984758587,-2.056507691650954,-4.174992050547577,-0.870145935474517,0.04806412168509614,0.001304641959163288
4.14,-0.007325665613501395,1.4978948723843541,-1.0010907383371408,-0.54037931682512,-0.0008654143086566936,-7.789181093117337e-05,0.08451670677483503,0.35436262835650195,0.07273362516837456,0.02839604911615692,0.009243768093070013,0.00037505442806776124,0.28846967055520817,0.2090616705672763,0.10057311597050268,-0.2187113266526698,0.23662340323358344,0.597406553035134,0.4548156964844163,-2.151689900423361,-4.197544406686588,-0.879331620043325,0.04935418703586994,0.001424392829503469
4.15,-0.006459912771213026,1.5014362800717054,-1.0003637141668256,-0.5400970615133918,-0.000770392793836355,-7.390966630447691e-05,0.08657528422883695,0.3541407687351236,0.07270241703151605,0.02822553117282373,0.00950215148203386,0.00039821446266964633,0.2753392886424393,-0.018497993807368353,0.04917455608933511,-0.24111779482432993,0.21048294427279113,0.5491021412276511,0.464270011949657,-2.256836689619157,-4.222896508349072,-0.8894789733908154,0.05053410652011498,0.0015334288244714341
4.16,-0.005574732580272134,1.5049555923570312,-0.9996423294510647,-0.5398183794966288,-0.0006729881566013445,-6.971860988340619e-05,0.0885180190940892,0.3519312285325857,0.0721384715760852,0.027868201676300376,0.009740463723501049,0.00041910564210707223,0.26083770967390935,-0.24553559282752765,-0.0019835924245735943,-0.26205101152231824,0.1828222921921483,0.4967793253382344,0.47295032271968,-2.3713316267539835,-4.25088412000711,-0.9005248046818579,0.05159656228549535,0.0016309712076923116
4.17,-0.004671391838064669,1.5084330984366667,-0.9989318357894179,-0.5395451074674572,-0.0005734142857834662,-6.53427942315048e-05,0.09033407422074649,0.3477506079635545,0.07104936616467371,0.027327202917158747,0.009957387081787838,0.0004375815651901388,0.24497099838929173,-0.47078853466048953,-0.052575561481359535,-0.2813882374404846,0.1538539651887827,0.44081877344831577,0.4807963258599194,-2.4945152707253517,-4.28132668103933,-0.9124010077402065,0.05253484668573203,0.0017163212157260623
4.18,-0.0037512635843012262,1.511849362758618,-0.9982373773474538,-0.5392790399341147,-0.0004718972619425679,-6.080766788743445e-05,0.0920128253763443,0.3416264321951243,0.06944584419641753,0.02660675333424572,0.010151702384089833,0.000453512634407035,0.22775764579132557,-0.693010446477354,-0.10228347162718253,-0.29901627643219797,0.12379535163486466,0.3816274365765677,0.4877508337223578,-2.6256892455537306,-4.314028610478295,-0.9250350142667654,0.05334291648633575,0.0017888650880556714
4.19,-0.0028158239986732993,1.5151853320687523,-0.9975639602326484,-0.5390219188091937,-0.0003686742878375959,-5.613979803603566e-05,0.0935439585627927,0.33359693101343174,0.06734171148053772,0.02571211249210443,0.010322297410497198,0.00046678698513987925,0.20922865855501452,-0.9109785862543157,-0.15079943088142583,-0.31483220777342824,0.09286715490145192,0.319635684914622,0.4937604503890645,-2.764120336575491,-4.348780707696647,-0.9383502652348984,0.05401544120050509,0.0018480784743265524
4.2,-0.0018666483250034962,1.5184224396339097,-0.9969164230935652,-0.5387754234116047,-0.0002639925423835673,-5.136668517145639e-05,0.09491756736698032,0.32371075651573067,0.06475371390831793,0.02464953975890206,0.010468174545402862,0.0004773112864579268,0.18942749672309114,-1.123500956830014,-0.19782747577890375,-0.32874405161783216,0.061291923722373465,0.255294268697566,0.4987762169414041,-2.9090445815832937,-4.38536163389109,-0.9522666963943565,0.05454784514191157,0.0018935301895265787
4.21,-0.0009054058332413404,1.5215427060551547,-0.9962994091130254,-0.5385411609399062,-0.00015810796592946466,-4.6516571093720355e-05,0.09612424917621558,0.31202664212450437,0.061701398053984696,0.02342624716984095,0.010588457645410266,0.0004850114077736037,0.1684098642237988,-1.329423070763422,-0.24308533893200304,-0.34067136085211747,0.029292663311365152,0.18907112208906857,0.5027542146054109,-3.0596713340256203,-4.42353945874138,-0.966701233923901,0.054936342876173765,0.0019248852928730588
4.22,6.614615774331364e-05,1.5245288361211198,-0.9957173395485579,-0.538320657469892,-5.128398508114314e-05,-4.1618241627409975e-05,0.0971551990984654,0.29861300659651036,0.0582069564467461,0.022050347001427637,0.010682398084832153,0.0004898329466310383,0.14624335900241434,-1.5276343210202057,-0.2863060309405246,-0.3505457332603914,-0.0029084801103993474,0.12144803029801624,0.5056561156973416,-3.2151872800409826,-4.463073256424679,-0.9815682964310092,0.05517796784804367,0.001941907471297301
4.23,0.0010461691623013072,1.5273643111912236,-0.9951743889552059,-0.5381153495237618,5.620981437789226e-05,-3.670082548822835e-05,0.09800230045579934,0.2835475070103909,0.05429505933519774,0.020530794613020664,0.01074937994590354,0.0004917416139181628,0.1230069913892636,-1.7170739194631066,-0.32723922810485956,-0.3583112387424281,-0.03509147012664582,0.05291718189881782,0.5074496733992687,-3.37476039567941,-4.503714735247471,-0.9967802996994671,0.055270594053892085,0.0019444607135402662
4.24,0.002032751269956794,1.5300334766408212,-0.9946744622070937,-0.5379265762524263,0.00016409905764696323,-3.179359074978228e-05,0.0986582107655487,0.26691654495976513,0.04999267481122474,0.018877327133547814,0.010788924326907095,0.0004907234738446068,0.09879058072472088,-1.8967363723613073,-0.3656524610543045,-0.3639247572722981,-0.0670395753484539,-0.016022370053304397,0.5081091426833777,-3.537543835028329,-4.545209885502314,-1.0122481608253233,0.05521295071649168,0.0019325102659532838
4.25,0.0030239156918068356,1.532521623944364,-0.9942211734153539,-0.5377555722665947,0.00027210598512213374,-2.6925740378779044e-05,0.09911644218500416,0.24881473035428073,0.045328879173982435,0.01710039858316984,0.010800692747517054,0.0004867850371003237,0.07369404123500728,-2.0656764694885332,-0.4013321029988881,-0.36735622432502346,-0.09854051746964926,-0.08486831309387616,0.5076156261220335,-3.7026797440010415,-4.587300630744546,-1.0278817986515303,0.055004629999295555,0.0019061228661015651
4.26,0.004017630046500105,1.5348150670177667,-0.9938178268213851,-0.5376034611463727,0.00037995088148999113,-2.2126208311822854e-05,0.09937143546932692,0.22934430734028105,0.04033465939687771,0.015211112022200525,0.010784489636785738,0.0004799532066956189,0.04782656872636775,-2.223013770676527,-0.43408415976278714,-0.36858878161065256,-0.12938757913210414,-0.15311872039839597,0.5059573398145601,-3.869302998166892,-4.629726468486619,-1.0435906277037483,0.054646087868834035,0.0018654662551689904
4.2700000000000005,0.005011816312259729,1.5369012124867505,-0.9934673997262483,-0.5374712496532406,0.00048735352044289206,-1.7423457541092537e-05,0.09941862657596234,0.20861454689837014,0.035042709513682914,0.013221149313216243,0.010740263895290095,0.00047027507707303153,0.021305739875306477,-2.3679365807613837,-0.4637348669962155,-0.3676188320915301,-0.1593806765173218,-0.22027570867829138,0.5031297961792127,-4.0365448661250545,-4.672226087294296,-1.0592840431365191,0.05413863827551534,0.001810807974940286
4.28,0.006004361363654637,1.5387686235933649,-0.9931725274995815,-0.5373598226625642,0.0005940346157326419,-1.2845281659430317e-05,0.09925450513949087,0.18674111066144058,0.029487222666682578,0.011142699067632229,0.010668109528974977,0.0004578175881662221,-0.005743464214246371,-2.4997054105494283,-0.4901311028991135,-0.3644559994386096,-0.18832739911186805,-0.28584908116189794,0.499135901853183,-4.20353660248728,-4.714538948403585,-1.0748718945122422,0.053484440874603495,0.0017425134597776767
4.29,0.006993128005014219,1.5404070774976553,-0.9929354906949495,-0.5372699388293051,0.0006997172693137769,-8.41861128791725e-06,0.0988766641359581,0.1638453904290477,0.023703680463205506,0.008988383325917029,0.010568265358113508,0.00044266703715130655,-0.033189698886914455,-2.617655927602323,-0.5131406273934084,-0.3591229932072455,-0.2160440164148587,-0.3493599275741054,0.4939859703748227,-4.3694129764987455,-4.756406821223988,-1.0902649465475587,0.05268648255060783,0.0016610434385042382
4.3,0.007975966406544275,1.5418076157750429,-0.9927582042832427,-0.537202226994385,0.0008041284074185803,-4.1693267710890035e-06,0.0982838401530056,0.14005382773877234,0.017728641170674762,0.006771183492002793,0.010441113810480344,0.00042492845168282464,-0.06089635052064521,-2.721201406174684,-0.5326521608716004,-0.35165538214081415,-0.24235644866074235,-0.4103441530067429,0.4876976506592159,-4.5333157436652955,-4.797575263413882,-1.1053753252653968,0.051748553040409734,0.0015669506654505758
4.3100000000000005,0.008950725844340738,1.5429625879520383,-0.9926422090017597,-0.5371571833343008,0.0009070001955508043,-1.220784768827696e-07,0.09747594377964622,0.11549721769954216,0.011599528148303066,0.004504366008422756,0.010287178813222405,0.00040472482942062335,-0.08872267481524765,-2.809834690444474,-0.5485753174211094,-0.3421012790286255,-0.2671011960879893,-0.4683559078540785,0.48029577349834807,-4.694397068465761,-4.8377950375716585,-1.1201169482794056,0.05067521497425115,0.0014608760041117316
4.32,0.00991526664159879,1.5438656879630728,-0.9925886648040607,-0.5371351692520968,0.0010080714235801255,3.699884019383499e-06,0.09645407972580519,0.09031000110345111,0.005354419769903217,0.0022014082204012556,0.010107122802932121,0.00038219624962662684,-0.11652496957726417,-2.8831296891836806,-0.5608404087284683,-0.33052094151525324,-0.2901262190520657,-0.5229708915582784,0.47181211940706663,-4.851822906319005,-4.8768234579456875,-1.134405938204737,0.04947176867061937,0.0013435438908954078
4.33,0.010867472205356526,1.5445119834492664,-0.992598346384649,-0.5371364100037391,0.001107088852360168,7.274872654718806e-06,0.09522055637577365,0.0646295486193759,-0.0009681580588345173,-0.00012407516423506649,0.009901742878004226,0.00035749886353353074,-0.14415777360704682,-2.940742423185386,-0.5693981357166011,-0.31698629407573975,-0.3112917594742338,-0.5737895037520255,0.46228511209061224,-5.004776352472336,-4.91442566189532,-1.1481610184299018,0.048144212032692084,0.001215757210318367
4.34,0.011805261051066386,1.5448979378556824,-0.9926716407430455,-0.537160994050296,0.0012038085135743686,1.0582910365248226e-05,0.09377888457098607,0.03859544064160191,-0.007329435839645985,-0.002458404655686843,0.009671966121420067,0.00033080377105294194,-0.17147508405906958,-2.982411649076943,-0.5742191853400507,-0.30158037712192076,-0.3304710928412573,-0.6204398174846868,0.45175944263060314,-5.152460964419303,-4.950375802105186,-1.1613038906946076,0.04669919590204133,0.0010783916167206283
4.3500000000000005,0.012726598706126684,1.5450214253169576,-0.9928085467438683,-0.537208873123132,0.0012979969548303993,1.3605868287162452e-05,0.09213376550602966,0.012348746127530612,-0.013690600082282154,-0.004787907283593898,0.009418844125603072,0.0003022957921914226,-0.19833158530535927,-3.007959084619115,-0.575293749897714,-0.2843967297646586,-0.3475511992836494,-0.6625803505486147,0.44028563018120936,-5.294104062888724,-4.984458156741246,-1.1737595940947476,0.045143975231393775,0.0009323893411114453
4.36,0.013629509383206392,1.544881738352135,-0.9930086766230704,-0.537279862986561,0.0013894324223693378,1.632758970988974e-05,0.09029106770797082,-0.013968696482280208,-0.020012987920200013,-0.0070989863428991854,0.009143546753893861,0.00027217214227272897,-0.2245838828290036,-3.017289261249732,-0.5726309857198243,-0.26553871323054423,-0.36243334221238466,-0.6999026124671122,0.42791952554665713,-5.428960014431672,-5.016468155819769,-1.1854568452760694,0.04348635644390635,0.0007787525251267616
4.37,0.014512087314744345,1.5444795884180929,-0.9932712593854329,-0.5373736448800583,0.0014779059741243585,1.8733999917067113e-05,0.08825779315379532,-0.04021499340421354,-0.02625827623626175,-0.009378189349728443,0.008847355175502064,0.00024064102071773733,-0.250091735964699,-3.0103890295366833,-0.5662584272013725,-0.24511878221719208,-0.37503354358750385,-0.7321334064451306,0.4147217644875515,-5.556313496233727,-5.046213323024358,-1.1963283596813046,0.041734641352904396,0.0006185361272530126
4.38,0.01537250764139605,1.5438170993973044,-0.9935951460346661,-0.5374897676201813,0.001563222516249666,2.0813201154120415e-05,0.08604203266517048,-0.06624890207885689,-0.03238866492331828,-0.011612274012296923,0.008531654212530762,0.0002079201237053303,-0.27471928334742507,-2.9873267424263643,-0.5562213709068006,-0.2232577116743304,-0.38528294612649105,-0.7590368674991277,0.40075717798908694,-5.675482741065857,-5.073514133041005,-1.206311153781774,0.03989756802428141,0.00045284044943960774
4.39,0.016209036749448343,1.5428977941198974,-0.993978816574874,-0.5376276503407612,0.0016452017566386803,2.2555552069363088e-05,0.08365291080522941,-0.09193052774070255,-0.0383670540207826,-0.013788272057992873,0.008197924038901428,0.00017423509152426737,-0.2983362547036943,-2.9482511398058264,-0.5425822429400117,-0.20008378649800385,-0.3931280545901521,-0.7804162200580367,0.3860941670296424,-5.7858227573336025,-5.098204785181668,-1.215346828254682,0.03798424897434644,0.00028280333496353215
4.4,0.01702004195534936,1.5417265740423651,-0.99442038872056,-0.537786585848661,0.0017236790693569651,2.3953731087612357e-05,0.08110052059010144,-0.11712200775322754,-0.044157214568611186,-0.015893550789983002,0.007847731271828483,0.000139817901824927,-0.32081916211032185,-2.893389956029842,-0.5254199609737793,-0.17573196158467397,-0.39853085065661764,-0.7961152405505203,0.3708040496212209,-5.8867285160656095,-5.120133894631251,-1.2233818320633698,0.036004107108992045,0.00010959209090025167
4.41,0.017804000439548006,1.5403096922260031,-0.9949176282515889,-0.5379657445714047,0.0017985062643273069,2.500278329050536e-05,0.07839584841986469,-0.1416881816362024,-0.04972395310288482,-0.017915872274366876,0.007482719497034163,0.00010490522028930016,-0.34205246305706694,-2.823048269812648,-0.5048293003569096,-0.1503429994746952,-0.40146877872729303,-0.8060194128495314,0.3549603880578786,-5.977638093477353,-5.139165103084378,-1.230367707362609,0.03396680982541509,-6.560480922969804e-05
4.42,0.018559507336854526,1.538654719777503,-0.9954679609494018,-0.5381641790722219,0.0018695522570204987,2.5700150495077745e-05,0.07555068973065196,-0.16549724485002298,-0.055033269781295524,-0.01984345008172127,0.007104599269319191,6.97367204572386e-05,-0.36192968660447583,-2.7376066133521872,-0.48092027159773526,-0.1240625925405272,-0.40193460319777374,-0.810056766923255,0.33863830440490134,-6.058035754529724,-5.155177610842589,-1.2362613150880577,0.031882201714651996,-0.00024158618515702428
4.43,0.019285282896580568,1.5367705059323762,-0.996068486051119,-0.5383808291074679,0.0019367036333265016,2.6045684340850517e-05,0.07257755597260399,-0.18842138451267115,-0.0600525101717173,-0.021665003524592608,0.0067151376306003,3.455338457727711e-05,-0.3803545126666311,-2.637518854854091,-0.45381751432913386,-0.09704047630719437,-0.3999361411579161,-0.8081983936335293,0.3219137922866699,-6.127454959751607,-5.168066632628778,-1.2410250410025216,0.029760236320961687,-0.0004171467128428557
4.44,0.01998017863285571,1.5346671319792917,-0.9967159911587448,-0.5386145272009185,0.0019998651052094848,2.604164231478539e-05,0.06948957362751412,-0.21033739530843534,-0.0647505107625832,-0.023369809345058744,0.006316147188298331,-4.0420260651260635e-07,-0.3972417930322166,-2.5233098658630535,-0.42365971064048236,-0.06942954008186675,-0.39549587801367303,-0.8004586313055433,0.30486303297844103,-6.185481274584585,-5.177743779454762,-1.2446269818664144,0.027610907431419925,-0.0005910855304637991
4.45,0.020643182393805356,1.5323558592402469,-0.997406968541349,-0.5388640047090579,0.002058959853191736,2.5692666762169952e-05,0.06630037609496456,-0.23112727390448273,-0.06909773826042948,-0.02494775081394379,0.005909474798225118,-3.4897555261543824e-05,-0.4125185012460572,-2.395572982087406,-0.39059901848554246,-0.041384940574433315,-0.38865047699709043,-0.7868949224669796,0.2875617236682755,-6.231755157707155,-5.184137368862697,-1.247041111280896,0.02544418038463863,-0.0007622148263013373
4.46,0.02127342228775894,1.5298490713380128,-0.9981376327686345,-0.5391278983511167,0.0021139297521725543,2.500574704897861e-05,0.06302398939535815,-0.2506787902234112,-0.07306642272855096,-0.026389364205883434,0.005496989898081843,-6.86919713191339e-05,-0.4261245970065225,-2.2549672638176266,-0.354800523766152,-0.013063223731529128,-0.37945019678648784,-0.7676073419876196,0.27008442552089845,-6.265974602275008,-5.1871926657653615,-1.2482474246251056,0.02326992389987025,-0.0009293683470288721
4.47,0.02187016941536383,1.527160210998719,-0.9989039396145598,-0.5394047571772418,0.0021647354775779257,2.3990165156770234e-05,0.05967471276048885,-0.26888603392937743,-0.07663068459252878,-0.027685882612499407,0.005080572540537141,-0.00010155818922083778,-0.43801378940760155,-2.1022145596732824,-0.3164417077280679,0.015378540530728735,-0.36795823431563046,-0.742737800729669,0.25250393883696853,-6.287897601836112,-5.186872055948262,-1.2482320623791885,0.02109784293553156,-0.0010914097649291274
4.48,0.022432839368406454,1.5243037116539657,-0.9997016061695106,-0.539693049947741,0.0022113564893654573,2.265742510403161e-05,0.056266995304262574,-0.2856499344753209,-0.07976665549508831,-0.028829277049928544,0.004662101178753181,-0.00013327400527386252,-0.44815418229535553,-1.9380963753369023,-0.27571192450165277,0.0437836064917656,-0.3542500121411749,-0.7124689317125188,0.2348907121527894,-6.297344410905795,-5.183155154082742,-1.246987410998235,0.01893741308814316,-0.0012472408430811261
4.49,0.022960992469247484,1.5212949241236378,-1.0005261320987735,-0.5399911728958149,0.00225379089198822,2.10211666974248e-05,0.05281531008410308,-0.3008787530327996,-0.08245259292629323,-0.029812294807385103,0.004243440262276294,-0.0001636258406606811,-0.45652878435283606,-1.7634505472163,-0.23281188203135791,0.07199637998364405,-0.33841243128340315,-0.6770226686679359,0.217312291564175,-6.294199568873011,-5.1760388478473836,-1.2445121803843213,0.016797817037843294,-0.001395809338544642
4.5,0.023454332738976374,1.5181500386777578,-1.0013728219836509,-0.5402974578455243,0.002292055169062614,1.9097064222076313e-05,0.049334026972888946,-0.31448854458799846,-0.08466898848773163,-0.0306284949709463,0.003826427707439387,-0.00019241024753484864,-0.46313586641004967,-1.5791677196583522,-0.1879531182860347,0.09986322168239159,-0.3205431111083308,-0.6366585296800532,0.1998328158858046,-6.278413655103257,-5.165537279478538,-1.2408114569000106,0.014687883534328207,-0.0015361165850534446
4.51,0.023912705597543948,1.5148860027933382,-1.0022368086793862,-0.5406101806559442,0.0023261837922004935,1.6902710781353603e-05,0.045837285856757254,-0.3264035884419648,-0.08639866957354721,-0.031272281041997994,0.003412862313787931,-0.00021943534407227117,-0.4679891490248027,-1.3861876234663588,-0.14135746355915318,0.12723322351549626,-0.3007496374502687,-0.5916716213141618,0.182512562481051,-6.250004742850939,-5.151681765782149,-1.2358967307822033,0.01261602939700688,-0.0016672246987095734
4.5200000000000005,0.024336094315045485,1.5115204349402922,-1.003113077621082,-0.5409275699614793,0.002356228704264487,1.4457489093065016e-05,0.04233887175015363,-0.33655678530459116,-0.08762689416956675,-0.03173893055350753,0.0030044912063993488,-0.00024452216882885866,-0.4711178047058647,-1.1854951530636748,-0.0932564788690228,0.1539589557305967,-0.27914883868731,-0.5423903811967294,0.16540754772978233,-6.209059519928891,-5.13452065734947,-1.22978589675478,0.010590204975500008,-0.0017882633526468985
4.53,0.024724615249748855,1.508071534749042,-1.003996492004953,-0.5412478161771815,0.0023822586781952057,1.1782429640303237e-05,0.03885209347033691,-0.3448900191250052,-0.08834143838709631,-0.032024621570223205,0.002602997393071856,-0.000267505945276178,-0.4725662613348796,-0.9781162397215057,-0.04389085997700973,0.1798971825255764,-0.2558661068493704,-0.48917407935413026,0.14856918516106832,-6.155734045034672,-5.11411913743925,-1.2225032266066163,0.008617843481918951,-0.001898436069590538
4.54,0.02507851192508493,1.504557989931437,-1.004881818767583,-0.5415690807365996,0.002404358553543903,8.900057160877673e-06,0.0353896675336074,-0.35135448176050627,-0.08853267626301821,-0.0321264559418063,0.0022099875348697545,-0.00028823724794255635,-0.4723937964321044,-0.7651135188248274,0.006490203640267686,0.20490954442807885,-0.23103477706975672,-0.43241010070734975,0.13204400328715393,-6.09025411022018,-5.090558960727439,-1.2140793125019287,0.00670581456563681,-0.00199702598466049
4.55,0.02539814801428339,1.500998880345871,-1.0057637552803373,-0.5418895055282149,0.00242262835392375,5.834226539128785e-06,0.03196360891984598,-0.3559109585566029,-0.08819365127543148,-0.03204247916153062,0.0018269800379846876,-0.0003065830621748888,-0.47067391590041113,-0.5475817901826913,0.05762972539346039,0.22886320585995357,-0.20479557389096747,-0.37251103288400494,0.11587342416102665,-6.012915182223029,-5.063938131890711,-1.2045509798258627,0.004860382455831163,-0.0020834010346240826
4.5600000000000005,0.02568399931724895,1.4974135796169061,-1.0066369566698075,-0.5422072224948976,0.0024371822897615906,2.60994923757612e-06,0.028585130296555933,-0.35853007289647215,-0.08732013894702237,-0.031771696668267665,0.0014553935837840382,-0.0003224277301552665,-0.46749351571230835,-0.3266432718788549,0.10926368383358886,0.251631466526282,-0.17729612726644994,-0.30991158491831733,0.10009360267146815,-5.924081898252977,-5.034370523789233,-1.193961168442253,0.0030871689485482165,-0.002157018534056569
4.57,0.02593664482920791,1.4938216547390717,-1.0074960636682007,-0.5425203633590646,0.0024481476519784295,-7.467885269917683e-07,0.025264551195896195,-0.3591924877834339,-0.08591069983931619,-0.03131408641669539,0.0010965362216838802,-0.0003356737764567888,-0.4629518305553573,-0.1034426500818641,0.16112185986396022,0.2730943354577399,-0.14869055481901805,-0.2450653634190822,0.08473532561620808,-5.824187095331724,-5.001985434853111,-1.1823587813542904,0.0013911214651512063,-0.0022174291034795994
4.58,0.026156757014181187,1.4902427641135851,-1.0083357308900258,-0.5428270694343716,0.002455663603533338,-4.209214598055514e-06,0.022011218497327928,-0.35788906254864494,-0.0839667221825077,-0.03067060753069868,0.0007515951554908844,-0.0003462426071063746,-0.4571591795393009,0.1208580704455009,0.21292875715842538,0.29313906665797707,-0.11913910034347319,-0.1784415333666624,0.06982396868422243,-5.713730356394256,-4.966927085161838,-1.169798499913404,-0.00022351364046768084,-0.0022642799194637787
4.59,0.026345091408037462,1.4866965544852693,-1.0091506554234266,-0.5431255014828551,0.0024598798771083177,-7.749965366481076e-06,0.01883343938562757,-0.3546209628315922,-0.08149245334008413,-0.029843204848348272,0.0004216273574979391,-0.0003540750768425562,-0.45023552544868334,0.3450849077188727,0.26440461268198506,0.3116606554314143,-0.08880781206362065,-0.11052139086059459,0.05537950865837593,-5.593276061036403,-4.929354050641057,-1.1563405649170229,-0.001753212395952519,-0.0022973172618512504
4.6000000000000005,0.026502475685362282,1.4832025572646084,-1.0099356056161977,-0.5434138495744969,0.0024609553885616186,-1.1341284566652418e-05,0.015738427732482036,-0.34939972206608905,-0.07849501927709619,-0.02883480916417472,0.00010755114533008228,-0.00035913192001713415,-0.4423088704046627,0.5680574253760994,0.3152665025957076,0.32856229457639996,-0.057868238201406186,-0.04179487487890987,0.041416587441168606,-5.463450933985843,-4.8894386347908805,-1.1420505231710634,-0.0031951890598455827,-0.002316388338620741
4.61,0.026629798331314597,1.4797800847363902,-1.010685449928074,-0.5436903429042584,0.0024590567771001037,-1.4955224980610293e-05,0.012732264595231444,-0.34224725282181706,-0.07498443118762202,-0.027649332976158528,-0.0001898611461515017,-0.00036139404139578753,-0.43351351684545597,0.7885944233315371,0.3652295469759326,0.3437557897124712,-0.026497112433603087,0.027242955528997026,0.027944623926193277,-5.324941090018206,-4.847366177408369,-1.1269989393662323,-0.004547406459752762,-0.002321442374423944
4.62,0.026727997063776533,1.476448126671361,-1.011395185712497,-0.5439532595197714,0.0024543568843799594,-1.8563851620294468e-05,0.00981987324619364,-0.3331958065029361,-0.0709735784422947,-0.026291661551295174,-0.00046998927201441314,-0.00036086266396841756,-0.4239882280985091,1.0055197791245265,0.41400821471989746,0.3571619330980176,0.005124001769663877,0.09609545316217531,0.01496796929679678,-5.178488580059823,-4.803334299877034,-1.1112610734255859,-0.005808580807251142,-0.002312530954412141
4.63,0.02679804715227492,1.4732252478704386,-1.0120599677829174,-0.5442009359111217,0.0024470331859001806,-2.2139444938179117e-05,0.007005008849838916,-0.3222878800922373,-0.0664782070420338,-0.024767639135042603,-0.000732369847977902,-0.0003575593317884649,-0.41387432715367706,1.2176684192472613,0.46131772777249946,0.3687108353917763,0.036809140733008006,0.1642678994638613,0.0024861010364759044,-5.024887449525879,-4.757552086771519,-1.0949165238204932,-0.006978181006751701,-0.0022898076205918683
4.64,0.026840949778311654,1.4701294871819142,-1.0126751366110198,-0.5444317764125878,0.0024372661890655007,-2.5654702606406146e-05,0.004290262603673517,-0.30957606885244576,-0.061516882810236574,-0.023084050146602513,-0.0009766996834679994,-0.00035152576682270277,-0.4033137752456552,1.4238923960581336,0.5068755614409348,0.3783422149094351,0.0683684766292394,0.23127098335093443,-0.009506149218267899,-4.864979326437163,-4.710239203768098,-1.078048837718384,-0.008056422500084157,-0.002253526723548214
4.65,0.026857720576947908,1.4671782585403574,-1.0132362459972517,-0.544644262364827,0.0024252378131276796,-2.9082938404489376e-05,0.001677079863625473,-0.2951228641556691,-0.05611093862319218,-0.02124859522392481,-0.0012028375937821073,-0.00034282357980832285,-0.39244727326147155,1.6230670421919358,0.5504030351050657,0.386005644017831,0.09960899002703316,0.29662422069443,-0.02101833886835962,-4.699648563432876,-4.661624952163652,-1.0607450892128851,-0.009044255709263616,-0.002204041537908517
4.66,0.02684937849192483,1.4643882545812874,-1.0137390900479268,-0.5448369609849222,0.0024111297668330967,-3.2398276766268964e-05,-0.0008342085023076728,-0.2790003959070105,-0.05028440506750711,-0.01926986200952047,-0.0014108046294583055,-0.0003315338361779587,-0.38141242863815,1.814097170736744,0.5916269851190997,0.3916607524439293,0.13033530418579087,0.3598592945215296,-0.032064133361275934,-4.529816964332742,-4.611947260688421,-1.0430954272885982,-0.009943349158003819,-0.002141801655347696
4.67,0.026816935066561846,1.4617753533877098,-1.0141797292881627,-0.5450085338909275,0.0023951219399831825,-3.557584155845537e-05,-0.00324434253629841,-0.26129011935775937,-0.04406392402357715,-0.01715729060053591,-0.0016007826849914395,-0.0003177564792186406,-0.37034202823967943,1.9959232859267864,0.6302815091984493,0.39527738737766427,0.1603506994502668,0.4205232973498228,-0.042661005570677826,-4.356438132278659,-4.5614516157518805,-1.0251925955818861,-0.010756067369550648,-0.002067349674224057
4.68,0.02676138428054205,1.4593545289230563,-1.0145545157362115,-0.5451577452271659,0.0023773908252324224,-3.859193769611815e-05,-0.005555078601979674,-0.24208244646535368,-0.03747864480488405,-0.0149211336238408,-0.001773111475076004,-0.0003016096137662782,-0.35936245375400777,2.1675277657701373,0.6661097691275889,0.3968357303962282,0.18945831737790608,0.478181858248116,-0.05282991977781524,-4.180491482577651,-4.510389931785954,-1.007131426407912,-0.011485443655959167,-0.00198131721005101
4.69,0.026683693028939616,1.4571397656995682,-1.014860116762541,-0.5452834693365541,0.0023581079862950724,-4.142422424501348e-05,-0.00776912516024357,-0.2214763223488187,-0.030560102632955045,-0.012572410938825716,-0.001928283893734983,-0.0002832286548895323,-0.34859227059943215,2.327940974962205,0.6988658362830389,0.3963263713389935,0.21746255415474258,0.5324221381791733,-0.06259500408606074,-4.002975969048116,-4.459019363944108,-0.9890083119248013,-0.012135147933591453,-0.0018844202559289713
4.7,0.02658479232498743,1.4551439782215052,-1.0150935375564973,-0.5453846979267217,0.0023374385883040394,-4.405187771670378e-05,-0.009890070395218832,-0.19957874780629636,-0.023342079395618928,-0.010122859016761483,-0.002066939799103297,-0.0002627653471690304,-0.33814101445899314,2.4762472636942823,0.7283165622691263,0.3937503394033186,0.24417063200686062,0.5828556779159266,-0.07198321463925487,-3.824903577817506,-4.407601066075974,-0.9709206556901702,-0.012709449722752583,-0.001777453926759796
4.71,0.02646556929267061,1.4533789357284894,-1.015252142024694,-0.5454605466776762,0.002315540005370493,-4.645574432981547e-05,-0.011922303231681775,-0.1765042493015732,-0.015860446819668444,-0.007584875095443912,-0.002189858293354609,-0.00024038666131116922,-0.32810819175125566,2.611590805624371,0.754243454987075,0.38911909183279647,0.2693943263723635,0.6291210833447844,-0.08102399451217315,-3.6472926470108327,-4.356398897619833,-0.9529663082249717,-0.01321317651706338,-0.0016612866255206835
4.72,0.026326859999805573,1.4518551927456438,-1.015333671948552,-0.5455102612402847,0.002292560519446353,-4.8618480089122524e-05,-0.013870929286503913,-0.15237429828456783,-0.008152992385789634,-0.0049714562608459915,-0.0022979485924139974,-0.0002162735759307052,-0.3185825020425733,2.733181226395368,0.7764445387366858,0.38245446065668887,0.2929518162755824,0.6708865333133361,-0.0897489296163511,-3.4711610744976733,-4.305678083834343,-0.9352429905270268,-0.013651667740990006,-0.0015368536740651554
4.73,0.026169443167334147,1.4505820259238307,-1.0153362642337602,-0.5455332225769141,0.002268638123417336,-5.0524677622851554e-05,-0.01574168324714273,-0.127316682181302,-0.0002592285208168135,-0.002296133662938266,-0.0023922396029017043,-0.00019061975337290296,-0.30964128209555986,2.8402989727285934,0.7947361755382498,0.37378855800406363,0.3146696163350825,0.7078520954243013,-0.09819140343612733,-3.297519478729098,-4.255703834616871,-0.9178477097640185,-0.014030724552054518,-0.0014051504548226916
4.74,0.025994034776578863,1.4495673776251692,-1.0152584660919288,-0.5455289515982137,0.0022438994399818757,-5.216097881690854e-05,-0.017540839075528315,-0.10146482986614871,0.007779814183136016,0.00042709787004012803,-0.0024738683435460602,-0.0001636301194056989,-0.30135016341178394,2.9323003713464773,0.8089548238017881,0.36316364055546124,0.33438454176542076,0.7397518353860678,-0.10638625189711669,-3.127364379610468,-4.206739928018633,-0.9008761716162889,-0.01435655578721761,-0.0012672251133634507
4.75,0.0258012835835383,1.4488178066761006,-1.015099248004381,-0.5454971130532479,0.0022184587663360185,-5.35161723916838e-05,-0.01927511930405626,-0.07495709490685523,0.015921808754774627,0.0031838544965851396,-0.002544067364585722,-0.00013551935747752573,-0.2937629282094539,3.008622326836983,0.8189587098044129,0.3506319336803685,0.35194565309308246,0.766355705820434,-0.11436941919182242,-2.96167146725364,-4.1590472654536494,-0.8844221939275321,-0.014635720399893932,-0.0011241708750548357
4.76,0.025591767538224338,1.4483384466726583,-1.014858014329895,-0.5454375186339881,0.0021924172530248414,-5.4581275681616564e-05,-0.0209516045313962,-0.047936000344223226,0.02412336744859086,0.005959441925973111,-0.0026041513311176883,-0.00010651032899327604,-0.28692154314798796,3.068786608115649,0.8246293871915287,0.3362554157833273,0.36721612543854554,0.7874712008529399,-0.12217761496354101,-2.801389026281096,-4.11288240649314,-0.8685771264510447,-0.014875066783690558,-0.000977118031937165
4.7700000000000005,0.025365991097724153,1.4481329721803946,-1.014534611432219,-0.5453501292595471,0.002165862223577062,-5.534959999859123e-05,-0.022577644050018587,-0.02054744922636172,0.03234028976761112,0.008738937444113358,-0.002655502944777942,-7.683243169746656e-05,-0.2808563460428099,3.1124036744019103,0.8258731599251885,0.3201055633037999,0.38007498825377894,0.8029447634810657,-0.12984797289877045,-2.6474315820894647,-4.068496092022441,-0.8534292815467702,-0.015081669429626781,-0.0008272256584582966
4.78,0.025124383414169456,1.4482035731248468,-1.01412933321926,-0.5452350565104581,0.0021388666397514134,-5.581679908621805e-05,-0.024160768355469577,0.007060094445219742,0.040527821295889714,0.011507274908899164,-0.002699558382564835,-4.67199087626818e-05,-0.27558635845491264,3.1391759936391805,0.8226223447794425,0.3022630567022606,0.3904186852937731,0.8126629336528932,-0.13741771051710638,-2.5006738331144374,-4.026131765392851,-0.8390633806869597,-0.01526276341339868,-0.0006756731168045598
4.79,0.024867297373071827,1.4485509376177588,-1.013642924003884,-0.5450925631887519,0.00211148871542964,-5.598090030180133e-05,-0.025708604109762775,0.03473644929118866,0.04864092153759868,0.014249332170619276,-0.002737792432177367,-1.6410121558328176e-05,-0.2711196964168448,3.148900809070579,0.8148363506313457,0.2828174476558072,0.39816241108298467,0.8165532262447861,-0.14492378979159468,-2.3619449296926147,-3.98602410200421,-0.8255600215642394,-0.015425677256231476,-0.000523651414221157
4.8,0.02459500945340192,1.4491742434098738,-1.013076578616081,-0.5449230629855041,0.002083771680427547,-5.584231829499109e-05,-0.02722879196699074,0.06233057921149044,0.05663453878031363,0.016950020324784505,-0.0027717035002092984,1.3858200681023382e-05,-0.2674540525689069,3.14147231323971,0.802502553426307,0.26186678752678993,0.4032411887778752,0.8145847296904118,-0.15240257819391453,-2.232023155635323,-3.9483975584819206,-0.8129951704652089,-0.015577764745040799,-0.0003723544759035777
4.8100000000000005,0.024307720378141894,1.4500711581034047,-1.0124319397176744,-0.5447271192438895,0.002055743693794766,-5.540385108544864e-05,-0.028728907526002864,0.0896914693530991,0.0644638898406456,0.019594374161457737,-0.002802798663278096,4.384672095424483e-05,-0.2645772254201296,3.1168831930182574,0.7856369477884062,0.2395172170316826,0.4056106645626869,0.8067684178550172,-0.15988950984594882,-2.1116310631814716,-3.913464953239058,-0.8014396843760272,-0.015726336333156093,-0.00022297039774224822
4.82,0.02400555652255763,1.4512378481967725,-1.0117110922935304,-0.5445054428125113,0.002027417904563674,-5.467065857508129e-05,-0.030216385558426564,0.11666900933678484,0.07208474241441205,0.022167643137817616,-0.0028325789231092185,7.331925103673482e-05,-0.26246767502108725,3.0752255143428426,0.7642845587746872,0.21588251692129212,0.4052476048738679,0.7931571698301398,-0.16741874667527046,-2.001431105678723,-3.8814260907160225,-0.7909588670265677,-0.015878590770106102,-7.667274339699355e-05
4.83,0.023688572046818,1.4526689969714437,-1.010916555317085,-0.54425888899081,0.0019987926564115042,-5.365022366233985e-05,-0.03169844757396293,0.14311487746711846,0.0794536976445521,0.024655382170137796,-0.002862524815216966,0.00010204349127414377,-0.2610950886862647,3.016690921141632,0.7385196002263463,0.19108361935187546,0.40215009413038005,0.7738454945672688,-0.1750228398137093,-1.9020218052699203,-3.8524664419413366,-0.7816120627598765,-0.016041547626551796,6.538805014451538e-05
4.84,0.02335675171951674,1.4543578311663283,-1.0100512706126752,-0.5439884535756246,0.0019698518313352674,-5.235229625563315e-05,-0.03318203273012603,0.168883419488467,0.08652847044098184,0.0270435415185294,-0.002894082507623691,0.00012979274067067046,-0.2604209451517767,2.941570129393033,0.7084453694634135,0.1652480796314446,0.3963374415465324,0.7489689596143541,-0.1827323919356148,-1.8139344851732737,-3.826755894234967,-0.7734522917387452,-0.016221981387347265,0.00020209309521570032
4.8500000000000005,0.02301001439881994,1.4562961563198904,-1.0091185889622731,-0.5436952680253909,0.0019405653262198701,-5.078882060910474e-05,-0.03467373206968002,0.19383251535621301,0.09326816504020224,0.029318555023369375,-0.002928650511539728,0.0001563475646528407,-0.26039907032338394,2.850251704313462,0.6741938717085383,0.13850950797666606,0.3878498153923914,0.7187033255849034,-0.19057572178850757,-1.7376305879978982,-3.8044475828591287,-0.7665259295770525,-0.016426357781203355,0.00033236324238400915
4.86,0.022648217138086412,1.4584744005946033,-1.0081222535294656,-0.5433805937659204,0.0019108896551141305,-4.897384652594447e-05,-0.036179726073352916,0.21782442747128272,0.0996335432807438,0.03146742594704869,-0.002967567110573962,0.0001814974083160269,-0.26097618221675256,2.7432201162354146,0.6359251714842946,0.1110069610668738,0.376747631208204,0.6832633903196281,-0.19857853279936033,-1.673499593098513,-3.785676817192864,-0.7608724340166619,-0.016660772999176843,0.00045516697556161696
4.87,0.022271159882648175,1.460881666833409,-1.0070663806985163,-0.5430458156691306,0.0018807686691209103,-4.692342509127339e-05,-0.0377057255438237,0.24072662388058047,0.10558728309492985,0.033477809678982604,-0.0030120985993220208,0.0002050421434671078,-0.26209242653260556,2.6210530787038087,0.5938264722889628,0.0828842933350824,0.36311072657573695,0.6429015489561691,-0.20676358831443215,-1.6218575374272883,-3.7705601135534006,-0.7565241207687805,-0.016930896426245436,0.0005695279556184464
4.88,0.021878590723806452,1.4635057925341914,-1.005955438450729,-0.5426924347433694,0.0018501343850558462,-4.465548970774303e-05,-0.03925691588417227,0.26241257007823093,0.11109422477873558,0.035338092576125586,-0.0030634284065064145,0.00022679353835303618,-0.2636819073319601,2.4844181805714434,0.5481109300061302,0.05428946824160619,0.34703735887919906,0.5979060782537339,-0.2151503967136322,-1.5829461358702335,-3.7591943461008355,-0.7535059901097405,-0.01724191747088851,0.000674532157642411
4.89,0.02147021167486735,1.4663334173667253,-1.0047942224237312,-0.5423220600810122,0.0018189079134298418,-4.218972331170343e-05,-0.04083790489391016,0.2827624832533926,0.11612160269977496,0.037037466235709963,-0.0031226471626004362,0.0002465766396039596,-0.26567321935357463,2.334068832276853,0.4990162096744792,0.025373830182089385,0.3286430639750908,0.5485991555448901,-0.22375491029289132,-1.5569324888460065,-3.7516560263413834,-0.7518356052737256,-0.017598497027590986,0.000769334550270701
4.9,0.021045684932147108,1.4693500577979168,-1.0035878298213514,-0.5419364001156965,0.0017870004758560637,-3.954741274557064e-05,-0.042452674272024066,0.3016640431191574,0.12063926023796862,0.038565996531565415,-0.0031907437573778074,0.00026423105661327914,-0.2679899896034467,2.1708395548938593,0.4468027993514422,-0.003708661823370818,0.30805941295034855,0.4953346245836625,-0.23258924238939424,-1.543909357176287,-3.7480007205930566,-0.7515230231279384,-0.018004724047498692,0.0008531652691945563
4.91,0.02060463958131767,1.4725401883361322,-1.0023416313621238,-0.5415372532477967,0.001754314501662437,-3.675129135237107e-05,-0.044104535082944006,0.3190130538215319,0.12461984592274745,0.03991468678999094,-0.003268597419362678,0.0002796121393199568,-0.27055143598099163,1.995640648795823,0.3917520987443841,-0.032802236877808255,0.2854327014204926,0.4384955223682783,-0.24166140769553482,-1.5438959770767569,-3.748262613407623,-0.7525707770578949,-0.01846407762439754,0.0009253352409761295
4.92,0.02014667870629532,1.475887328854772,-1.0010612414727988,-0.5411264979024436,0.0017207447932932995,-3.382537094091796e-05,-0.045796087502235024,0.3347140518639717,0.1280389889325074,0.041075534535309974,-0.0033569708369137405,0.0002925920411453109,-0.27327294998880514,1.8094522867142753,0.3341643039874122,-0.061750148909864855,0.2609226014842563,0.378491382744556,-0.2509750910319038,-1.5568393817192847,-3.7524542233728373,-0.7549739114409125,-0.01897939492828813,0.000985241217661601
4.93,0.019671386854203884,1.4793741374096336,-0.9997524869492646,-0.5407060820894606,0.001686179749995246,-3.079476434428156e-05,-0.047529185209143544,0.34868085548615474,0.13087545235342934,0.04204158129830672,-0.003456504329805362,0.00030306065966363943,-0.27606670915698117,1.6133180834275993,0.27435611331018406,-0.09039554406557304,0.23470080095964763,0.3157553342773975,-0.2605294499975422,-1.5826161903105063,-3.760566275975054,-0.7587200665530879,-0.019552845238877858,0.0010323701872790663
4.94,0.019178337805914436,1.4829825079246224,-0.9984213743207442,-0.5402780125389416,0.0016505026392877671,-2.768549985978291e-05,-0.049304904828944784,0.36083705149887374,0.1331112628520363,0.042806955051902865,-0.0035677110707478853,0.0003109264484498653,-0.2788423228827683,1.4083382011256693,0.21265828129789222,-0.11858235464562483,0.2069496483741331,0.2507410115189468,-0.27031895686488494,-1.6210348211253627,-3.772567736316,-0.7637896122473081,-0.020185910248270017,0.0010663031301209622
4.95,0.018667102597449216,1.4866936720865416,-0.9970740561637981,-0.5398443434897757,0.001613592905804416,-2.4524328915330184e-05,-0.051123520846522004,0.3711164161919229,0.13473181569461593,0.04336690491658738,-0.003690973348335123,0.0003161170944452725,-0.28150751314185674,1.1956620555060307,0.14941305192433157,-0.1461562146082569,0.1778608158771775,0.18391930041709204,-0.28033328482481973,-1.6718380815055114,-3.788406002487106,-0.7701558282650905,-0.020879370718073487,0.0010867180956755553
4.96,0.018137257733327607,1.490488304762434,-0.9957167966203782,-0.5394071652111548,0.0015753275072405897,-2.1338528354212023e-05,-0.05298448641216084,0.3794632675892341,0.13572595434198792,0.0437178278620851,-0.003826539856382622,0.00031858005611181593,-0.2839688291647989,0.9764806927200046,0.08497150245619868,-0.17296539072488626,0.14763398624040325,0.11577494018895612,-0.2905572432125701,-1.7347060855278156,-3.8080072583521924,-0.7777851286102195,-0.021633299493251868,0.0010933925801394472
4.97,0.017588393528920186,1.4943466322325816,-0.9943559363788312,-0.5389685923389539,0.0015355822673462514,-1.8155698768176956e-05,-0.05488642044074196,0.38583274701474796,0.13608602415469406,0.043857287220091634,-0.003974523989433827,0.0003182829586035068,-0.28613239286959113,0.7520189112768356,0.01969083166349364,-0.19886172265047697,0.11647556481614041,0.04680300550325593,-0.3009707656671897,-1.809259448883704,-3.8312769824207193,-0.7866373270237591,-0.02244706079539089,0.0010862051895634767
4.98,0.01702012251524967,1.4982485425190037,-0.9929978573782728,-0.5385307521098128,0.001494233236143929,-1.5003560336503752e-05,-0.05682710136705139,0.39019102864222394,0.13580790005583906,0.04378402291410673,-0.004134903120232229,0.00031521384316732026,-0.2879046697504635,0.5235272058234716,-0.0460683735371666,-0.22370156436273292,0.08459741303445467,-0.022494705745612714,-0.31154895431701835,-1.895062710468952,-3.8581006074567936,-0.7966659402634901,-0.02331931564373558,0.0010651365788126828
4.99,0.016432087836605304,1.502173697083208,-0.9916489474951665,-0.5380957725757645,0.001451158047823737,-1.190974764658303e-05,-0.05880346786443666,0.3925154564204355,0.13489098831063212,0.04349795340483588,-0.004307518832019197,0.0003093812689920723,-0.2891932581584199,0.2922736112687114,-0.11194485884629332,-0.24734671870195185,0.052215596938623765,-0.09161335248842581,-0.32226218207077173,-1.9916279312172378,-3.8883443235116744,-0.8078185256105941,-0.0242480331851485,0.0010302696616159403
