time,q1,q2,q3,q4,q5,q6,dq1,dq2,dq3,dq4,dq5,dq6,ddq1,ddq2,ddq3,ddq4,ddq5,ddq6,tau1,tau2,tau3,tau4,tau5,tau6
0.0,0.0,1.5,-1.0,-0.54,0.0,0.0,0.0,0.0,0.0,0.0,0.0,0.0,0.0,0.0,0.0,0.0,0.0,0.0,-0.9478557895853115,-6.147560466958741,-4.57039999831262,-1.1001030467340212,-0.08958243218376581,-0.0034264319844281316
0.01,1.1738986009973935e-06,1.5000011064326686,-0.9999983015571072,-0.5399996504118181,1.3855294971889043e-07,8.026782804796236e-09,0.00011738986009973935,0.0001106432668602496,0.00016984428928199159,3.4958818192887404e-05,1.3855294971889042e-05,8.026782804796237e-07,0.015957879063319667,0.011187993840632513,0.02550035538578128,-0.006854081189589953,0.009266376112909092,0.016751155137434352,0.001978397783798838,-4.0168015559680255,-4.596810248690005,-1.0318610194077558,0.0002266356150661713,-0.0004848535261575284
0.02,2.5168526009307533e-06,1.500010502088799,-0.9999925108631824,-0.5399983662648216,-2.615094925919953e-07,-7.219876159534219e-08,0.000134295399993336,0.0009395656130403177,0.0005790693924819267,0.0001284146996555828,-4.000624423108857e-05,-8.022554440013842e-06,0.020397983238810848,0.09355290181372729,0.057119306076022947,-0.028060422444567135,-0.18712217271857973,-0.22631394467428262,0.0008092211428346967,-3.9844342984432615,-4.583859596047895,-1.0279840055486635,-0.0001741692776881327,-0.0005290003076302951
0.03,3.28632224863104e-06,1.5000344935526824,-0.9999804475452181,-0.5399954554500824,-1.2872627957807812e-06,-2.414285162528901e-07,7.694696477002867e-05,0.0023991463883344857,0.001206331796436771,0.0002910814739172444,-0.00010257533031887857,-1.6922975465754787e-05,0.010285468584644282,0.16502165275410194,0.08083902843385873,-0.022158949259896477,-0.1929515096448005,-0.2263758858655618,-0.0003565549267908662,-3.9522761609098143,-4.570964927801023,-1.0241272230212524,-0.0005732105282802817,-0.0005729727552330215
0.04,2.967699769980218e-06,1.5000786019447987,-0.999960130538654,-0.5399902843691087,-2.9840854489341466e-06,-4.992368216214548e-07,-3.186224786508219e-05,0.004410839211629934,0.002031700656418054,0.0005171080973783108,-0.0001696822653153365,-2.578083053685647e-05,0.002793853236042902,0.2274449847335969,0.10228347146028433,-0.015105036233221347,-0.19190811761481283,-0.22451657839443004,-0.0015080175104904968,-3.9204871709227835,-4.55816524258259,-1.0203049099877344,-0.0009679467826054656,-0.0006165709361197417
0.05,1.2137289062779928e-06,1.50014763659909,-0.9999297858445307,-0.5399822881722334,-5.377486917886886e-06,-8.446299061112101e-07,-0.00017539708637022254,0.006903465429138568,0.0030344694123273118,0.0007996196875316376,-0.00023934014689527393,-3.4539308448975524e-05,-0.0024261355719144297,0.2817504411382726,0.12159918284077316,-0.008553540788081682,-0.18948563840691962,-0.22168766983462113,-0.0026350625301822302,-3.889214129921573,-4.5454972262130235,-1.0165303186664565,-0.0013559288711358865,-0.0006595970149970807
0.06,-2.1995009438457294e-06,1.5002457587947544,-0.9998878476400491,-0.5399709697259802,-8.477946093105782e-06,-1.2761138780801277e-06,-0.0003413229850123722,0.009812219566446106,0.004193820448157059,0.0011318446253083282,-0.0003100459175218895,-4.314839719689175e-05,-0.005984354502009562,0.32869319030260113,0.13871424988042064,-0.0026054177911780663,-0.18591685452689025,-0.2179075047808051,-0.0037282281842760346,-3.858591581267793,-4.532995430897077,-1.0128157784285536,-0.001734792076291533,-0.0007018559710650748
0.07,-7.403852191040057e-06,1.5003765377667238,-0.9998329539533232,-0.5399558969257546,-1.2284066119405957e-05,-1.7917401100068412e-06,-0.0005204351247194328,0.013077897196944617,0.005489368672595677,0.0015072800225660317,-0.0003806120026300176,-5.1562623192671355e-05,-0.008323796932595728,0.3689274969904719,0.1536234188699241,0.0027507492994138794,-0.18126945677115966,-0.2131930028397336,-0.004778597038278916,-3.8287426531998037,-4.520692428632489,-1.0091727533972454,-0.002102254615526818,-0.0007431563469148474
0.08,-1.4461448144257946e-05,1.5005430004435256,-0.9997639389711015,-0.5399366993779374,-1.6784845443814736e-05,-2.389140198657913e-06,-0.0007057595953217889,0.016646267680178666,0.006901498222171627,0.0019197547817178552,-0.0004500779324408781,-5.974000886510716e-05,-0.009759531644424512,0.40302917987803477,0.166375865469626,0.007542526667880134,-0.1755991572647364,-0.2075648025833311,-0.005777743549567856,-3.799779804991559,-4.508618940472619,-1.0056118944527235,-0.00245612030303388,-0.0007833110276545495
0.09,-2.338065126068419e-05,1.5007476759833351,-0.9996798234283903,-0.5399130647939162,-2.1961339433327767e-05,-3.0655542407089716e-06,-0.0008919203116426243,0.02046755398096208,0.00841155427111561,0.0023634584021159765,-0.000517649398951303,-6.764140420510588e-05,-0.010516109084192891,0.43151027274049103,0.17705443422889267,0.011803353819023199,-0.1689576380507051,-0.20104731015937635,-0.006717711644909133,-3.771805495892025,-4.496803944984949,-1.0021430860778884,-0.002794283892820331,-0.0008221380321216856
0.1,-3.412758940384844e-05,1.50099263592325,-0.9995798040355315,-0.5398847352968993,-2.7787897724322533e-05,-3.817854903955498e-06,-0.0010746938143164253,0.0244959939914841,0.010001939285881221,0.00283294970169274,-0.0005826558290994764,-7.523006632465261e-05,-0.01075428909353905,0.45482987479441805,0.18576110855122135,0.015569098235215684,-0.16139517368968676,-0.19366864037957776,-0.00759101205615395,-3.744912790727261,-4.4852747690278685,-0.9987754885324496,-0.0031147380754668907,-0.0008594613024151162
0.11,-4.663455759522837e-05,1.5012795305755169,-0.9994632425611033,-0.539851503766872,-3.4233107613470126e-05,-4.642569013250266e-06,-0.0012506968191379935,0.028689465226683985,0.011656147442822631,0.0033231530027296994,-0.0006445209889147591,-8.247141092947674e-05,-0.010589941143834733,0.47340241842568687,0.19260743474020628,0.018876038875756507,-0.15296231315849823,-0.18546052586132022,-0.008390632455785564,-3.719185912294194,-4.474057163650556,-0.9955175758466762,-0.003415581415565885,-0.0008951114811417851
0.12,-6.0806232762441916e-05,1.501609622173868,-0.9993296549622286,-0.5398132102998261,-4.126053524181083e-05,-5.535897836906205e-06,-0.001417167516721354,0.0330091598351092,0.013358759887466697,0.003829346704590402,-0.00070274276283407,-8.933288236559394e-05,-0.010107400840726784,0.48760410436929313,0.1977083303979207,0.02175961380053515,-0.14371097716516051,-0.17645820144886237,-0.009110055640593783,-3.694700748172527,-4.463175367605032,-0.9923771701110419,-0.003695026727857834,-0.0009289266680114044
0.13,-7.652436309219703e-05,1.5019838151776033,-0.9991787008022451,-0.5397697388247996,-4.8829329041990564e-05,-6.4937368819245725e-06,-0.0015718130329755108,0.03741930037352642,0.015095415998347236,0.00434714750265274,-0.0007568793800179735,-9.578390450183675e-05,-0.009368904575337941,0.49777801546971756,0.20117816804794056,0.02425366714337618,-0.13369514116994463,-0.16670026762659781,-0.009743282481062761,-3.671525317887025,-4.452652160653553,-0.9893614725103936,-0.003951409532877638,-0.0009607531490238943
0.14,-9.365139837045854e-05,1.5024026840699447,-0.9990101730949945,-0.5397210139008541,-5.6894730599927874e-05,-7.51169573881733e-06,-0.001712703527826152,0.04188688923414784,0.016852770725057788,0.004872492394550429,-0.0008065401557937314,-0.0001017958856892757,-0.008421249292423938,0.5042382626034999,0.20312837910579887,0.026390027364093127,-0.12297122135736105,-0.15622853551456173,-0.01028485733893485,-3.649720205179913,-4.442508908564209,-0.986477091515842,-0.004183196330588056,-0.0009904460926762663
0.15,-0.0001120333895219264,1.502866498933201,-0.9988239886487438,-0.5396669977022471,-6.540852439457387e-05,-8.58511832666044e-06,-0.0018381991151467858,0.046381486325630716,0.018618444625079045,0.005401619860706292,-0.0008513793794646003,-0.00010734225878431085,-0.007300488589758007,0.5072734090989677,0.20366606672795945,0.028198303636536748,-0.11159824620516923,-0.14508785539335362,-0.010729894320049702,-3.629338959320374,-4.432765601417904,-0.9837300686081255,-0.004388992498121833,-0.0010178702085018605
0.16,-0.00013150238775232545,1.5033752490414232,-0.9986201789397536,-0.5396076871912584,-7.431944817633534e-05,-9.709103753607813e-06,-0.0019468998230399062,0.050875010822206454,0.020380970899017213,0.00593105109887829,-0.0008910923781761456,-0.00011239854269473745,-0.0060352390066321865,0.5071493466458474,0.2028932816827991,0.02970582393787402,-0.09963787228710684,-0.133325930324811,-0.011074103181386196,-3.6104284687670924,-4.4234408866046975,-0.9811259018656937,-0.004567549665326824,-0.0010429003639378207
0.17,-0.00015187850444476134,1.5039286646780774,-0.9983988815181555,-0.5395431114727312,-8.357357886258178e-05,-1.0878527911410084e-05,-0.002037611669243589,0.05534156366541534,0.022129742159820134,0.006457571852728391,-0.0009254130686246435,-0.00011694241578022697,-0.004649002502037538,0.504111745401121,0.20090672792911451,0.030937663323609366,-0.087154286196819,-0.12099311621489495,-0.01131381402101583,-3.593029310035376,-4.414552097668222,-0.978669567711149,-0.004717772455905757,-0.0010654221560605322
0.18,-0.00017297174391495617,1.5045262373594397,-0.9981603319319167,-0.5394733293212478,-9.311470394483358e-05,-1.2088065853243826e-05,-0.0021093239470194847,0.05975726813623824,0.023854958623879416,0.006978215148329808,-0.0009541125082251808,-0.00012095379418337429,-0.0031617923825879887,0.4983881664082363,0.1977977410199091,0.03191672780116339,-0.07421402276638642,-0.10814220954217278,-0.011446000094317024,-3.577176074254655,-4.406115279963733,-0.976365541072331,-0.00483872450695879,-0.0010853324351780132
0.19,-0.00019458368638205576,1.5051672386222836,-0.9979048561447728,-0.5393984268702139,-0.00010288468493496163,-1.3332214954419907e-05,-0.002161194246709958,0.06410012628440273,0.02554757871439178,0.007490245103388333,-0.0009769980990128042,-0.00012441491011760814,-0.001591265931074265,0.490189900554398,0.1936524343064514,0.03266387074440047,-0.06088572154004139,-0.09482822391287515,-0.01146829825060279,-3.5628976736040614,-4.398145213927336,-0.9742178141798602,-0.004929633698615632,-0.0011025397776540159
0.2,-0.00021650907388257588,1.5058507375158416,-0.997632863418704,-0.5393185154514462,-0.00011282381691548625,-1.460531881970218e-05,-0.0021925387500520105,0.06834988935579718,0.02719927260687125,0.007991141876772601,-0.0009939131980524626,-0.0001273103865282274,4.6492453610424614e-05,0.4797135816995063,0.18855194308505854,0.03319802653897952,-0.04723983769180057,-0.0811081565742934,-0.011379026592259651,-3.5502176295635364,-4.390655436609308,-0.9722299141918783,-0.0049898965401606234,-0.0011169649056822421
0.21,-0.00023853733438840416,1.5065756169221627,-0.99734483962924,-0.5392337295738078,-0.00012287118651068709,-1.590159187508069e-05,-0.0022028260505828293,0.07248794063210764,0.02880237894640126,0.008478587763840643,-0.0010047369595200834,-0.00012962730553785093,0.0017364358490667693,0.4671426100010947,0.18257272061331503,0.03353635148207634,-0.03334831950841327,-0.06704074601221902,-0.011177199037749283,-3.539154344702617,-4.383658262000699,-0.9704049198088951,-0.005019081670941258,-0.0011285410520454555
0.22,-0.00026045406699440446,1.507340588815285,-0.9970413409815017,-0.5391442250297634,-0.00013296502935470999,-1.7215144563121795e-05,-0.0021916732606000284,0.07649718931223681,0.030349864773837085,0.00895045440443756,-0.0010093842844022909,-0.0001313552688041105,0.003464195128277965,0.4526484132678146,0.17578685600066468,0.03369436548921945,-0.019284261682955998,-0.05268622176078388,-0.01086253652997999,-3.5297213595405257,-4.377164800577898,-0.9687454770171763,-0.005016932444306063,-0.0011372142681933366
0.23,-0.00028204250223831266,1.5081442085576726,-0.996722988095719,-0.539050177119288,-0.0001430430872544046,-1.8540009047498338e-05,-0.002158843524390818,0.08036197423874894,0.03183528857826834,0.009404791047536436,-0.001007805789969461,-0.00013248644843765435,0.005215844038870696,0.43639156832192755,0.16826239480621266,0.0336860905617371,-0.0051215416222890435,-0.03810604756288271,-0.010435474679131671,-3.52192759584387,-4.3711849784013905,-0.9672538140776265,-0.004983368571446418,-0.001142943674261395
0.24,-0.0003030849453599212,1.5089848883218284,-0.9963904604325038,-0.538951778981248,-0.00015304296462508049,-1.98701653226022e-05,-0.0021042443121608574,0.08406797641558957,0.033252766321521056,0.009839813804000038,-0.0009999877370675874,-0.00013301562751038618,0.006977752952113136,0.4185228001159209,0.16006365043506693,0.03352418358207698,0.009065555486789868,-0.02336265903033121,-0.009897167668464386,-3.515777587578227,-4.365727556031219,-0.9659317558584981,-0.0049184868097255805,-0.0011457016499354094
0.25,-0.0003233642058593957,1.5098609097156617,-0.9960444910300934,-0.5388492400231153,-0.00016290248334371613,-2.1199567617284194e-05,-0.0020279260499474466,0.08760213938332315,0.03459694024103516,0.010253895813270774,-0.0009859518718635647,-0.00013294022946819915,0.00873650570266645,0.3991838732270387,0.15125149927223638,0.03322006207343198,0.02320271815808378,-0.008519196963851436,-0.009249488285984488,-3.5112717005952145,-4.360800147459907,-0.9647807375941053,-0.004822560687137506,-0.0011454739653443563
0.26,-0.00034266501355433997,1.5107704356818672,-0.995685861527903,-0.5387427844406302,-0.00017256003486470193,-2.2522170977064926e-05,-0.0019300807694944278,0.09095259662054407,0.035862950219047195,0.010645558248513001,-0.0009657551520985803,-0.00013226033597807306,0.010478861363796272,0.37850838801468173,0.14188365570641662,0.03278402224082577,0.03721599270278718,0.00636076249827143,-0.00849502397612286,-3.508406342014883,-4.356409239212688,-0.9638018181378989,-0.004696039261125649,-0.001142259851441085
0.27,-0.00036077541909383237,1.5117115217341548,-0.995315397452891,-0.5386326498197678,-0.00018195492824133537,-2.383195790613028e-05,-0.0018110405539492373,0.09410860522875018,0.037046407501198274,0.011013462086235288,-0.0009394893376633448,-0.0001309786929065355,0.01219174804153225,0.35662249192948703,0.13201492529433467,0.0322253490872233,0.051032166576931125,0.021213479727609938,-0.007637068835177888,-3.5071741601534896,-4.352560209722636,-0.9629956927663588,-0.004539544916222961,-0.0011360720096047125
0.28,-0.0003774881753055308,1.5126821265865107,-0.9949339637473764,-0.5385190858140717,-0.00019102773256606366,-2.5122964948724353e-05,-0.0016712756211698437,0.09706048523558217,0.03814337055145539,0.011356400569602926,-0.000907280432472828,-0.00012910070425940735,0.013862279464955734,0.33364551505693285,0.12169743567181478,0.031552418683559624,0.06457914803946113,0.03597532427074142,-0.006679611503062736,-3.5075642357478567,-4.349257349053811,-0.9623627055800763,-0.004353870210917182,-0.0011269365604719118
0.29,-0.0003926020946462597,1.51368012222571,-0.9945424605189841,-0.538402352891084,-0.00019972061226546632,-2.6389309088938683e-05,-0.0015113919340728889,0.09979956391992996,0.03915032283923491,0.011673292298780487,-0.000869287969940266,-0.00012663441402143284,0.015477787751112007,0.3096905378515845,0.11098084567539102,0.03077279283206069,0.0777863395095193,0.05058304715512983,-0.005627318932449933,-3.5095622651384515,-4.346503879017401,-0.9619028615398229,-0.00413997378984345,-0.001114892932275611
0.3,-0.00040592337726856256,1.5147033034719446,-0.9941418189953181,-0.5382827211422213,-0.0002079776536490864,-2.7625213848197116e-05,-0.0013321282622302867,0.10231812462346584,0.04006415236660836,0.011963174886268033,-0.0008257041383620102,-0.00012359047592584341,0.01702586755298719,0.2848648980928275,0.0999125336496462,0.029893306490916594,0.0905850022730916,0.06497405166266924,-0.0044855160450062445,-3.5131507359937313,-4.344301973703034,-0.9616158381681806,-0.003898975382875302,-0.001099993689238497
0.31,-0.00041726690371507967,1.5157493970676228,-0.9937329976677483,-0.5381604691510216,-0.00021574518110510096,-2.8825034960826673e-05,-0.0011343526446517095,0.10460935956782066,0.040882132756980036,0.012225199119969643,-0.0007767527456014548,-0.00011998211126295579,0.018494428084487695,0.2592706433218073,0.08853776621395887,0.028920148358229758,0.10290861040411278,0.07908666140758312,-0.0032601613132138287,-3.51830909608719,-4.342652780429371,-0.9615009969412789,-0.0036321499179337285,-0.0010823043008342875
0.32,-0.00042645748594573703,1.5168160703300801,-0.9933169786103413,-0.5380358829152067,-0.00022297206135376028,-2.998328550989624e-05,-0.0009190582230657381,0.10666732624574159,0.04160190574069931,0.012458623581485955,-0.0007226880248659337,-0.00011582505490695665,0.019871750418376917,0.23300493436144945,0.07689984890633422,0.027858935048968747,0.11469319194810532,0.09286038456764145,-0.001957818335269322,-3.5250139155753066,-4.3415564411035845,-0.9615573943901409,-0.003340920779356159,-0.0010619028529911378
0.33,-0.0004333310702449841,1.5179009394000686,-0.9928947639614705,-0.5379092548184895,-0.00022960999420667,-3.1094660407929654e-05,-0.000687358429924708,0.10848690699884081,0.04222146488708524,0.012662809671716114,-0.0006637932852909718,-0.00011113748980334171,0.02114654808542359,0.20616040495239307,0.06504026017323303,0.026714779294319535,0.12587765557747432,0.10623617313582737,-0.0005856234996627769,-3.5332390431691745,-4.341012113968402,-0.9617837929270558,-0.0030268522484543344,-0.001038879702567758
0.34,-0.00043773588551630635,1.519001577114414,-0.9924673725570112,-0.5377808826484873,-0.00023561378833278972,-3.2154060110106296e-05,-0.00044048152713222323,0.11006377143453988,0.04273914044592058,0.012837217000219074,-0.0006003794126119723,-0.00010593997021766381,0.022308029446307397,0.17882548204121468,0.052998770164366216,0.025492352578578625,0.1364041010736545,0.11915667608056067,0.0008487501349036911,-3.5429557565435106,-4.341017995706908,-0.962178671409023,-0.002691641167426843,-0.0010133370766828203
0.35000000000000003,-0.00043953353052683425,1.5201155205281238,-0.9920358367052673,-0.5376510686574985,-0.00024094162059784636,-3.315661345110915e-05,-0.00017976450105278835,0.11139434137097873,0.04315358517438899,0.012981399098889701,-0.0005327832265056627,-0.00010025533410028563,0.02334596061903623,0.15108467081554725,0.04081354574047958,0.02419594262172886,0.146218112127127,0.13156648532903376,0.0023371325897832973,-3.554132907284471,-4.341571343869298,-0.9627402354476753,-0.002337107872064367,-0.0009853886187209998
0.36,-0.0004385999938003402,1.5212402781084378,-0.9916011990948917,-0.5375201186632553,-0.00024555527762070594,-3.4097699500833534e-05,9.335367264940282e-05,0.11247575803139812,0.04346376103755849,0.013094999424307687,-0.0004613657022859568,-9.410860497243802e-05,0.024250727964160314,0.12301880818953005,0.02852124303735914,0.022829506063673233,0.15526903007559584,0.14341237351841213,0.003870900164040182,-3.5667370606409756,-4.3426684995816816,-0.9634664274730143,-0.0019651864426751277,-0.0009551588830735162
0.37,-0.00043482660006093304,1.5223733366208292,-0.9911645098280738,-0.5373883411870888,-0.00024942037827656115,-3.49729683386978e-05,0.0003773393739407199,0.11330585123914064,0.04366892668179789,0.013177747616657635,-0.00038651006558552086,-8.752688378642623e-05,0.025013399286500468,0.09470528808836594,0.01615708883767298,0.021396716720513465,0.1635102073250236,0.1546435224939493,0.0054410218691213945,-3.580732630313081,-4.344304910494597,-0.9643549365567495,-0.0015779143263484343,-0.0009227827808962781
0.38,-0.0004281208773939908,1.5235121677247416,-0.9907268235721644,-0.5372560466272253,-0.00025250657597131795,-3.577836065127345e-05,0.0006705722666942258,0.1138831103912479,0.04376862559094336,0.013229455986352405,-0.0003086197694756808,-8.053923125756488e-05,0.02562578302534862,0.06621826156375327,0.0037549519227401103,0.01990100971844677,0.17089923931997053,0.16521174157177257,0.007038108863602573,-3.5960820084845153,-4.346475153927879,-0.9654032079999337,-0.001177421387050482,-0.0008884049793837796
0.39,-0.0004184073396089649,1.5246542342948708,-0.9902891968237182,-0.5371235464652006,-0.00025478773961325917,-3.651012606334772e-05,0.0009713537785025869,0.11420665701291685,0.04376267484461357,0.013250016202472509,-0.00022811636419412014,-7.317654120742743e-05,0.026080484789611832,0.037628814483000324,-0.00865259452020813,0.018345621814788576,0.1773981740493062,0.1750716746268306,0.00865246662579267,-3.612745691284545,-4.3491729601686515,-0.9666084526888712,-0.0007659184430917628,-0.0008521792572607583
0.4,-0.00040562817865557986,1.525796996482041,-0.9898526852796496,-0.5369911525036021,-0.00025624211231602085,-3.7164840118320945e-05,0.0012779160953385028,0.11427621871703293,0.04365115440684864,0.013239396159845755,-0.00014543727027616858,-6.547140549732232e-05,0.026370960659785638,0.009005125272096544,-0.021034218441990313,0.016733628170714974,0.1829736981920686,0.18418099511312436,0.01027414957824878,-3.6306823998465174,-4.352391235880416,-0.9679676562229181,-0.0003456853542085913,-0.0008142678193854944
0.41000000000000003,-0.00038974386235638076,1.5269379175261695,-0.9894183413108372,-0.5368591761335614,-0.00025685244698032744,-3.773941982999594e-05,0.0015884316299199122,0.11409210441284084,0.04343439688124785,0.013197637004070598,-6.103346643066069e-05,-5.74579711674999e-05,0.026491566732175086,-0.019587395045319658,-0.03335978152194063,0.015067975832765784,0.18759729912598316,0.19250058817348814,0.011893017856334976,-3.649849197115937,-4.35612208758318,-0.9694775878176957,8.094127715138269e-05,-0.0007748405735376418
0.42,-0.00037073363317074017,1.5280744693324266,-0.9889872115340765,-0.5367279276306011,-0.00025660611802004154,-3.8231137734309784e-05,0.001901022918564059,0.11365518062571661,0.04311297767606062,0.01312485029603141,2.463289602859101e-05,-4.917179043138416e-05,0.026437604426989086,-0.0480859784890327,-0.04560029797616652,0.013351514143210147,0.19124540213890862,0.19999471905085292,0.013498795893079556,-3.6702016005499565,-4.3603568451672645,-0.9711348089874063,0.0005115807237663139,-0.000734074372628871
0.43,-0.0003485959041947457,1.529204137820488,-0.9885603344787838,-0.536597715477606,-0.00025549520862018277,-3.8637634376360154e-05,0.0022137728975994467,0.11296684880613865,0.042687705529278516,0.013021215299502559,0.00011109093998587502,-4.064966420503701e-05,0.026205361124306492,-0.07643038961876694,-0.0577278988363956,0.011587022302279926,0.1938994823007863,0.2066311870694733,0.015081132474977358,-3.691693690841678,-4.365086085406805,-0.9729356820103149,0.0009438210026158485,-0.0006921522257257178
0.44,-0.0003233485491243458,1.5303244280556927,-0.9881387383452863,-0.5364688457138332,-0.0002535165730399673,-3.895692917515985e-05,0.0025247355070399887,0.11202902352046852,0.042159613349750255,0.012886976377277298,0.00019786355802155187,-3.192947987997001e-05,0.025792145732411252,-0.10456282724294218,-0.06971580101487648,0.009777234258897372,0.19554615057124297,0.21238146451664974,0.0166296619082258,-3.714278216796973,-4.370299655442562,-0.9748763781819866,0.0013752319254775232,-0.000649262481410151
0.45,-0.00029502908346219813,1.5314328691699846,-0.9877234388519291,-0.536341621309004,-0.0002506718736019365,-3.9187429615882375e-05,0.0028319465662147696,0.1108441114291875,0.04152994933572237,0.012722440482929693,0.0002844699438030763,-2.3050044072252136e-05,0.025196318833280613,-0.132427836862869,-0.08153828054232441,0.007924861110935821,0.19617721383552816,0.21722081981809743,0.018134065922362858,-3.7379066964876246,-4.375986696207949,-0.9769528858615664,0.0018033782608742916,-0.0006055979871240088
0.46,-0.0002636947348282181,1.5325270190796836,-0.9873154371685586,-0.5362163415616358,-0.00024696759213821683,-3.932793872690717e-05,0.003133434863398,0.109414990969908,0.04080016833705241,0.012527974736824399,0.0003704281463719655,-1.405091110247999e-05,0.02441731709073843,-0.15997223252850837,-0.09317064942555128,0.006032611178513947,0.19578970867906675,0.22112842446764625,0.01958413592851205,-3.7625295148028566,-4.382135665776513,-0.9791610183171638,0.0022258329366336986,-0.0005613552282480188
0.47000000000000003,-0.00022942240083612586,1.5336044690064128,-0.9869157179342418,-0.5360933015208724,-0.00024241501579620826,-3.9377660806702454e-05,0.003427233399209223,0.1077449926729165,0.03997192343168546,0.012304004076338183,0.0004552576342008575,-4.972207979527903e-06,0.02345567164854884,-0.18714502692026466,-0.10458923562628508,0.00410320789151053,0.19438590882855478,0.2240874432404981,0.02096983524255342,-3.788096017520828,-4.388734362613769,-0.9814964213772912,0.002640190212231121,-0.0005167334507542584
0.48,-0.0001923084936194594,1.5346628478068758,-0.986525247357333,-0.5359727914311577,-0.00023703019723788355,-3.933620537346201e-05,0.003711390721666644,0.1058378800463027,0.03904705769087986,0.012051008971470269,0.0005384818558324707,4.145543324044601e-06,0.02231302028866993,-0.21389736859935501,-0.11577136571342905,0.002139405621874202,0.1919733063052294,0.2260851072911432,0.022281360879603595,-3.814554602022617,-4.395769948721016,-0.9839545808962241,0.003044078750380593,-0.00047193377134217927
0.49,-0.00015246867072656796,1.5356998261166357,-0.9861449713962218,-0.5358550961991766,-0.00023083388939872327,-3.920358931840673e-05,0.003983982289289145,0.10369783097599418,0.038027596111127014,0.011769523198109854,0.0006196307839160279,1.3261605505527942e-05,0.020992113164026806,-0.24018248548551932,-0.12669534979408695,0.00014400359381072647,0.18856456645308967,0.22711276981007583,0.023509204525242376,-3.84185280477299,-4.40322897266361,-0.9865308300421274,0.003435174518001408,-0.0004271582790224764
0.5,-0.00011003745275089933,1.536713120312569,-0.9857758140192838,-0.5357404948825547,-0.00022385145510345894,-3.898023725173552e-05,0.004243121797566862,0.10132941959332786,0.03691573769379779,0.011460131662192202,0.0006982434295264317,2.2335206667120604e-05,0.019496811965381007,-0.2659556337273364,-0.13734046836557606,-0.00188014202725717,0.1841774571219293,0.2271659439884821,0.0246442122909917,-3.8699373856951444,-4.411097392481,-0.9892203564177757,0.003811213447721554,-0.0003826091321498885
0.51,-6.516772871625363e-05,1.5377004962982614,-0.9854186755427211,-0.5356292601998662,-0.000216112751965592,-3.8666980038329216e-05,0.004486972403464569,0.09873759856924036,0.035713847656274236,0.011123468268843272,0.0007738703137866933,3.132572134063044e-05,0.017832082427832543,-0.2911740512276672,-0.14768696077682436,-0.003930107753643108,0.17883475240123392,0.2262443231165088,0.02567764286659671,-3.89875440956953,-4.419360598480545,-0.9920182090246586,0.004170003792470133,-0.0003384876549252828
0.52,-1.803015089231507e-05,1.5386597731162597,-0.9850744310451138,-0.5355216580615525,-0.00020765199312544982,-3.826505152843874e-05,0.004713757782393856,0.09592768179982038,0.034424449760731585,0.010760213831374115,0.000846075884014218,4.0192850989047314e-05,0.016003980129098178,-0.3157969151751053,-0.15771601502059807,-0.006002894012753224,0.17256411141617228,0.22435178271772654,0.026601223689653484,-3.9282493245907197,-4.428003435921825,-0.9949193050822329,0.0045094381074516415,-0.0002949934373890915
0.53,3.1187578630607436e-05,1.5395888263907889,-0.9847439288576253,-0.5354179471213959,-0.0001985075845066921,-3.777608349668957e-05,0.004921772952292251,0.09290532745291076,0.03305021874885124,0.010371094015664,0.0009144408618757728,4.889680317491725e-05,0.01401962957842075,-0.3397853030131808,-0.1674097586126927,-0.008095417913585479,0.16539793281092893,0.22149636470040307,0.02740720476397503,-3.958367038219923,-4.437010227602594,-0.9979184367149827,0.004827504795872645,-0.00025232344291225455
0.54,8.228152663141695e-05,1.5404855916042863,-0.9844279891288995,-0.5353183783482353,-0.00018872193939306088,-3.720209881077211e-05,0.005109394800080951,0.08967652134974098,0.031593972872582844,0.00995687731606692,0.000978564511363123,5.739846859174554e-05,0.011887196641655917,-0.36310215635227827,-0.17675125034692604,-0.010204507457741263,0.15737318565661845,0.2176902435842926,0.028088409771700858,-3.9890519904746666,-4.446364796361835,-1.001010277520823,0.005122299157193481,-0.00021067112715737545
0.55,0.00013503244909976204,1.541348067210879,-0.9841274024637726,-0.5352231946176402,-0.00017834127124515984,-3.6545502859127077e-05,0.00527509224683451,0.08624756065927547,0.030058666512687005,0.009518373059497804,0.0010380668147901052,6.565959516450349e-05,0.009615854394175406,-0.38571224739563975,-0.1857244727384421,-0.012326897123140057,0.14853121763111476,0.21294967493943645,0.02863828414038971,-4.020248224800836,-4.456050487519321,-1.0041893890351559,0.005392033879388853,-0.00017022557243196135
0.56,0.00018920680899456533,1.5421743175897404,-0.983842928634991,-0.5351326303232921,-0.00016741536579055388,-3.5809073274740044e-05,0.005417435989480328,0.08262503788613289,0.02844738287816442,0.00905642943481232,0.0010925905454605967,7.364295843870347e-05,0.007215742538632399,-0.4075821475111917,-0.19431432499818757,-0.014459224743815113,0.13891754142532103,0.20729492625120927,0.0290509397450601,-4.051899456675839,-4.466050191274842,-1.007450227105628,0.005635048919706875,-0.00013117064128757963
0.5700000000000001,0.00024455788658200324,1.5429624758410967,-0.9835752953671822,-0.5350469110078422,-0.000155997333528919,-3.49959479997964e-05,0.0055351077587437935,0.07881582513562532,0.026763326780872492,0.008571931544986495,0.0011418032261634884,8.131252749436436e-05,0.004697920568824675,-0.42868019763458404,-0.20250661639865877,-0.016598029627615807,0.12858160043441902,0.20075019050241322,0.029321195946173717,-4.083949140094763,-4.476346365093574,-1.0107871481932236,0.00584982072169833,-9.368415313379364e-05
0.58,0.00030082697693554946,1.543710746427514,-0.9833251971923759,-0.5349662530130427,-0.00014414334389678754,-3.410961174338192e-05,0.00562690903535462,0.07482705864172505,0.02500981748063499,0.008065799479949707,0.0011853989632131473,8.863362564144797e-05,0.002074314903666219,-0.44897648023840575,-0.21028805991730065,-0.0187397518398984,0.11757651489318492,0.19334348283867384,0.029444616687718216,-4.116340532094245,-4.486921056107148,-1.01419441561589,0.006034970719829503,-5.7937087534226433e-05
0.59,0.00035774466862771505,1.5444174076629704,-0.9830932943764058,-0.5348908631489605,-0.00013191234243309507,-3.315388089161268e-05,0.005691769169216562,0.07066612354564447,0.02319028159700904,0.007538986408214307,0.0012231001463692466,9.557308517692427e-05,-0.0006423397436451728,-0.4684427926454167,-0.21764626605670973,-0.02088073260308132,0.10595880971002593,0.1851065207574038,0.029417543404631853,-4.149016755470874,-4.497755923562458,-1.0176662057512635,0.006189273086773059,-2.4092817734406528e-05
0.6,0.0004150321971207031,1.5450808140521128,-0.98288021191556,-0.5348209383821035,-0.0001193657523767387,-3.213288693650859e-05,0.005728752849298801,0.06634063891425014,0.021308246084583222,0.006992476685700662,0.0012546590056356367,0.00010209939551040855,-0.0034385644571428174,-0.48705262150292755,-0.22456973676200315,-0.023017215748772024,0.09378812534604755,0.1760745883325877,0.02923712351561864,-4.181920859852736,-4.508832261352567,-1.0211966142154016,0.0063116616824734845,7.693622162290676e-06
0.61,0.0004724028658748357,1.5456993984820004,-0.9826865386028671,-0.5347566655422998,-0.00010656716221023165,-3.1051058496556663e-05,0.0057370668754132634,0.06185844298876419,0.019367331269276707,0.006427283980366247,0.001279859016650705,0.00010818284399519269,-0.006300205329246033,-0.5047811182697106,-0.23104785936548208,-0.025145350176933423,0.08112691317047918,0.1662863850575903,0.028901334305706235,-4.214995881283578,-4.520131020665697,-1.0247796620345686,0.006401236168284779,3.7276233102769224e-05
0.62,0.0005295635277425937,1.5462716742685523,-0.9825128261634313,-0.5346982210481855,-9.358200073884899e-05,-2.9913102008213335e-05,0.005716066186775794,0.05722757865517606,0.01737124394358944,0.005844449411433544,0.001298516147138267,0.00011379564883433276,-0.009212507416110039,-0.5216050755973318,-0.23707090050637966,-0.0272611932615221,0.06804011680377725,0.15578385995527994,0.028409002032474758,-4.248184900479464,-4.531632832789642,-1.0284093018271927,0.00645726725385794,6.451870697153736e-05
0.63,0.0005862161188054603,1.5467962370598376,-0.9823595884582398,-0.534645770651164,-8.047720136200304e-05,-2.8723981173542305e-05,0.0056652591062866684,0.05245627912852284,0.01532377051914724,0.005245039702156097,0.0013104799376845951,0.000118912083467103,-0.012160193029817589,-0.537502904514165,-0.24262999997900675,-0.029360715165109408,0.0545948410322609,0.1446120316695665,0.027759816120506996,-4.281431099917369,-4.54331803210973,-1.0320794240130373,0.00647920104899203,8.929503952914556e-05
0.64,0.0006420592364432779,1.547271766598275,-0.9822273007558877,-0.5345994691977121,-6.73208572526034e-05,-2.7488895254748056e-05,0.005584311763781759,0.04755295384374049,0.013228770235202605,0.004630145345196211,0.001315634410939964,0.00012350859187942488,-0.015127543930948268,-0.5524546123431084,-0.24771716447622175,-0.03143980400574309,0.04086000994403295,0.13281879531322324,0.026954338340045746,-4.3146778199137685,-4.555166679338773,-1.0357838630663927,0.0064666624973329055,0.00011149009766352322
0.65,0.0006967897531040039,1.5476970283437366,-0.9821163990716678,-0.5345594604099142,-5.4181869210525105e-05,-2.6213256311521433e-05,0.005473051666072605,0.04252617454615579,0.01109016842198891,0.004000878779789347,0.0013138988042078294,0.0001275638943226622,-0.01809848695875644,-0.566441781304069,-0.25232526120247695,-0.03349427183299181,0.026906015993620407,0.12045471690537128,0.025994006897863478,-4.34786861384954,-4.567158585017359,-1.0395164038297886,0.006419457873584945,0.00013100013841814775
0.66,0.0007501044569678382,1.5480708749594858,-0.9820272795734876,-0.5345258766841147,-4.112958799775233e-05,-2.4902665481839085e-05,0.005331470386383428,0.03738466157492115,0.008911949818026458,0.0033583725799590358,0.0013052281212772778,0.0001310590829682347,-0.021056682612872916,-0.5794475477683301,-0.2564480113347807,-0.03551986137040686,0.012804361752676852,0.10757281628561988,0.024881135400725844,-4.3809473026944294,-4.579273333322182,-1.0432707879042282,0.006337576330770174,0.00014773327747452994
0.67,0.0008017017104756012,1.5483922476628138,-0.9819602980540814,-0.5344988389075834,-2.8233452995051333e-05,-2.3562888411132335e-05,0.00515972535077631,0.03213727033280989,0.0066981519406227475,0.002703777653119309,0.0012896135002700992,0.00013397770707067493,-0.023985616080137537,-0.5914565821457798,-0.26007998331792287,-0.03751225347942233,-0.0013727038550052917,0.09422833944263889,0.023618906684336614,-4.413858028980708,-4.5914903062189305,-1.0470407201313434,0.006221190489002129,0.00016160990499060248
0.68,0.0008512831175186242,1.548660177442172,-0.9819157694689922,-0.5344784562930988,-1.556262904296969e-05,-2.219982993854431e-05,0.0049581407043022925,0.02679297793581252,0.004452858508919464,0.0020382614484660195,0.0012670823952081643,0.00013630584725880267,-0.026868690182913452,-0.602455069397201,-0.26321658598536246,-0.039467075296355514,-0.01555255300405331,0.08047852124057259,0.022211361533073536,-4.446545310371182,-4.603788707994858,-1.050819875182146,0.006070656062214695,0.00017256304693018482
0.6900000000000001,0.0008985551899675753,1.5488737861425312,-0.9818939675398028,-0.5344648262313527,-3.185643343419571e-06,-2.0819508152309997e-05,0.004727207244895118,0.021360870035928233,0.00218019291892921,0.0013630061746067335,0.0012376985699550118,0.00013803217862343138,-0.029689319711152903,-0.6124306901720854,-0.2658540614968909,-0.041379909007416504,-0.02966254825079051,0.06638233956903436,0.020663382347941458,-4.4789540929613,-4.6161475902039335,-1.0546019042661738,0.005886510524274901,0.00018053867026089979
0.7000000000000001,0.0009432310041516218,1.5490322874206357,-0.9818951244221021,-0.5344580341610934,8.829975698008071e-06,-1.9428027929108e-05,0.004467581418404646,0.015850127810452308,-0.00011568822992740098,0.0006792070259278149,0.0012015619041427642,0.00013914802232019977,-0.032431026589452065,-0.6213726025787747,-0.2679894780901555,-0.043246301214056704,-0.04363041178375612,0.052000261979091925,0.018980671851783225,-4.511029804448791,-4.6285458770551475,-1.0583804419738632,0.005669470820888778,0.0001854959306475366
0.71,0.0009850318378877923,1.549134987571745,-0.9819194304376743,-0.534458153456921,2.0418055814576644e-05,-1.80315540745325e-05,0.004180083373617052,0.010270015110929811,-0.0024306015572156587,-1.192958276234439e-05,0.0011588080116568572,0.00013964738545754992,-0.0350775353224947,-0.6292714245985218,-0.26962072264313824,-0.04506177284759527,-0.0573845927729196,0.037393985900793514,0.01716972695169464,-4.542718407297351,-4.640962391271569,-1.0621491132638592,0.005420430138656504,0.00018740736152393807
0.72,0.0010236887787037651,1.5491812862293932,-0.9819670338704062,-0.5344652453346583,3.1514132546692856e-05,-1.663628418360977e-05,0.0038656940815972787,0.004629865764808291,-0.004760343273187936,-0.0007091877737319995,0.0011096076732116215,0.00013952698909227285,-0.03761286815752764,-0.6361192171568437,-0.27074649304698845,-0.04682182958484482,-0.07085463095622116,0.0226261735648894,0.015237807908602378,-4.573966452012812,-4.653375880444494,-1.0659015406057786,0.005140453747522866,0.00018625900368779847
0.73,0.0010589442939956068,1.54917067693962,-0.9820380408254074,-0.5344793587742219,4.205579340173867e-05,-1.52484213415276e-05,0.0035255515291841523,-0.001060928977320466,-0.0071006955001120045,-0.0014113439563562557,0.0010541660855045818,0.00013878628420821722,-0.040021439400893734,-0.6419094678662927,-0.27136629038432103,-0.04852197273727388,-0.08397151461918409,0.007760182774930291,0.013192902992898829,-4.604721130641605,-4.665765043903331,-1.069631351287606,0.004830773937677343,0.00018205047482821007
0.74,0.0010905537540149947,1.5491027476110588,-0.9821325151508422,-0.5345005304599221,5.198301270555337e-05,-1.3874146785453241e-05,0.0031609460019387864,-0.006792932856121946,-0.009447432543485158,-0.002117168570018096,0.0009927219303814698,0.00013742745560743584,-0.042288148327061376,-0.6466370754541976,-0.27148041091507336,-0.050157710553183854,-0.09666803115079267,-0.007140205307192726,0.011043688832716248,-4.634930330591694,-4.678108560117846,-1.0733321848954898,0.004492784076660457,0.00017479497866418076
0.75,0.0011182868987876066,1.54897718084219,-0.9822504784219754,-0.5345287847381239,6.123847538927964e-05,-1.2519592648483145e-05,0.002773314477261193,-0.01255667688689683,-0.01179632711331797,-0.0028254278201851387,0.0009255462683726274,0.00013545541369700963,-0.04439847012309146,-0.6502983348865184,-0.2710899378645509,-0.05172456990067342,-0.10887910839595805,-0.0220110601857699,0.00879948668770134,-4.664542688865928,-4.6903851146450215,-1.076997700972195,0.004128031817006425,0.00016451925364247227
0.76,0.0011419292403247806,1.5487937541269967,-0.9823919099869313,-0.5345641335922031,6.976788800797733e-05,-1.119081490639541e-05,0.00236423415371739,-0.018342671519322767,-0.014143156495585715,-0.0035348854079207417,0.0008529412618697681,0.00013287777420877353,-0.046338544318967625,-0.6528909231948092,-0.27019673301064895,-0.05321810828481999,-0.120542145072213,-0.036788576682520335,0.00647021490586559,-4.693507646786481,-4.70257342862812,-1.0806215868588438,0.0037382114891720466,0.00015126346141374738
0.77,0.0011612833918030756,1.548552339940187,-0.9825567470736697,-0.5346065766347335,7.752027534893208e-05,-9.893766646965893e-06,0.0019354151478295058,-0.024141418680960255,-0.0164837086738395,-0.004244304253041345,0.0007752387340954743,0.00012970482594295166,-0.04809526016468415,-0.654413886009296,-0.26880342806370405,-0.05463392615864349,-0.13159732857478085,-0.05140934902855199,0.004066337844099348,-4.72177550527747,-4.714652287850674,-1.0841975657229497,0.0033251557187466904,0.0001350810155759457
0.78,0.0011761703157495214,1.5482529057030683,-0.9827448849576782,-0.5346561011168443,8.444826105764809e-05,-8.634271780165512e-06,0.001488692394644571,-0.029943423711873314,-0.01881378840084596,-0.004952448211074165,0.0006927985708716005,0.00012594948668003816,-0.04965633842832079,-0.6548676247950336,-0.2669134158331058,-0.055967679477268995,-0.14198793856048836,-0.06581064321423835,0.0015988115541154604,-4.749297480760063,-4.726600572342879,-1.087719404773943,0.0028908263109850263,0.0001160383514418376
0.79,0.0011864304836823618,1.5478955136310923,-0.9829561771898779,-0.5347126819546855,9.050833078777535e-05,-7.417999305586558e-06,0.0010260167932840318,-0.035739207197601326,-0.021129223219978073,-0.005658083784117776,0.0006060069730127262,0.0001216272474578954,-0.05101040910568163,-0.654253884781037,-0.2645308411683908,-0.05721509246329104,-0.15166063477542138,-0.07993066642208568,-0.000920973445198545,-4.776025761701398,-4.738397286532564,-1.091180923665632,0.002437304449531396,9.421463785251713e-05
0.8,0.0011919249401159367,1.547480320464017,-0.983190435884237,-0.5347762817729418,9.56610764673009e-05,-6.250438250958953e-06,0.0005494456433574977,-0.04151931670753626,-0.02342586943591277,-0.0063599818256321414,0.0005152745679525551,0.00011675610546276049,-0.05214708455107139,-0.6525757435662498,-0.2616605916668259,-0.058371970521867045,-0.16056572767500005,-0.09370883238118421,-0.003481251970884417,-4.801913565844753,-4.750021589927396,-1.0945760030831586,0.001966780259792525,6.970143231908713e-05
0.81,0.0011925362643416594,1.5470075770795622,-0.983447432064577,-0.534846850965333,9.987142036680967e-05,-5.1368733926248434e-06,6.113242257225668e-05,-0.047274338445492864,-0.025699618033996223,-0.0070569192391263325,0.0004210343899508772,0.00011135648583341093,-0.053057027560743326,-0.6498376003762523,-0.2583082881282342,-0.05943421328302545,-0.16865743047585413,-0.10708602149971191,-0.0060699462013571555,-4.826915198134051,-4.761452828309239,-1.0978985935101087,0.001481541790743403,4.2602281029656235e-05
0.8200000000000001,0.0011881694239422379,1.546477627991373,-0.9837268960700513,-0.5349243277720392,0.00010310881775603402,-4.082361865355625e-06,-0.00043668403994216027,-0.05299490881891909,-0.027946400547428907,-0.00774768067061951,0.0003237397389224344,0.00010545115272692178,-0.0537320139651104,-0.6460451659383317,-0.25448027474667995,-0.06039782770213176,-0.1758940913776412,-0.12000483465601089,-0.008674729558339802,-4.85098610933095,-4.772670565415886,-1.1011427241695222,0.0009839634720015197,1.3032265506877395e-05
0.8300000000000001,0.0011787525145804927,1.5458909107320453,-0.984028518018763,-0.535008638373986,0.00010534743704176677,-3.0917107649351973e-06,-0.000941690936174521,-0.0586717259327645,-0.030162194871177384,-0.008431060194680701,0.0002238619285732752,9.906511004204278e-05,-0.05416498931318005,-0.6412054529318065,-0.25018360901388603,-0.061258941199017425,-0.1822384047979231,-0.13240983955590768,-0.011283092069045125,-4.874082955307445,-4.78365461507951,-1.10430251213058,0.0004764941057594593,-1.8882502058573114e-05
0.84,0.001164237381224205,1.5452479551219103,-0.9843519483289757,-0.5350996970039236,0.00010656631639298384,-2.169455842515123e-06,-0.0014515133356287752,-0.06429556101350699,-0.03234303102126224,-0.009105862993747903,0.00012188793512170711,9.222549224200741e-05,-0.05435011926251971,-0.6353267669625383,-0.24542605131859058,-0.062013814769132924,-0.1876576005742117,-0.1442478085979526,-0.013882406824343167,-4.896163656981176,-4.794385073785301,-1.1073721715707723,-3.835554438872617e-05,-5.3005432542040716e-05
0.85,0.0011446001166210374,1.5445493824242278,-0.9846967982973536,-0.535197406074227,0.00010674949597714946,-1.319841384891394e-06,-0.001963726460316749,-0.06985726976823903,-0.034484996837786795,-0.009770907030337717,1.8317958416561996e-05,8.496144576237288e-05,-0.05428283332062258,-0.6284186980009797,-0.24021605421544867,-0.06265885603580923,-0.19212361020365165,-0.15546794722495233,-0.01645999714309545,-4.917187460844735,-4.804842353607899,-1.1103460231813989,-0.0005580255035731402,-8.919006020897003e-05
0.86,0.0011198414335190994,1.5437959043873977,-0.9850626407336512,-0.5353016563213434,0.00010588612505457516,-5.468013695806269e-07,-0.002475868310193797,-0.07534780368301619,-0.03658424362976718,-0.010425024711650232,-8.633709225743095e-05,7.730400153107672e-05,-0.05395986161847895,-0.6204921122129908,-0.23456275133909482,-0.06319063219565368,-0.19561320931146034,-0.16602211178263182,-0.019003204049743955,-4.9371150000238755,-4.81500721547737,-1.1132185037022708,-0.0010799196087887958,-0.00012728068694174005
0.87,0.0010899869078353597,1.5429883221747587,-0.9854490106512462,-0.5354123269668031,0.00010397054330476142,1.4605802209056746e-07,-0.0029854525683739672,-0.08075822126389677,-0.038636991759499084,-0.011067064545961534,-0.00019155817498137318,6.928593916711944e-05,-0.05337926443456611,-0.6115591441047562,-0.22847594593660459,-0.063605882809739,-0.19810813566349064,-0.17586501595204648,-0.021499453671654574,-4.9559083557833095,-4.824860802720673,-1.1159841755695403,-0.00160141873768064,-0.00016711306748436823
0.88,0.0010550870907018322,1.5421275251825264,-0.9858554060128848,-0.5355292858947039,0.00010100233588923645,7.554744566999718e-07,-0.003489981713352746,-0.08607969922323076,-0.04063953616385595,-0.011695892790083264,-0.0002968207415524966,6.094164346094044e-05,-0.05254045422714361,-0.6016331888924804,-0.2219660989889526,-0.0639015324004708,-0.19959518216568778,-0.18495442487303232,-0.023936324164631016,-4.9735311193821925,-4.834384674818946,-1.1186377366586728,-0.0021198941745249724,-0.0002085151326357715
0.89,0.0010152174880640533,1.5412144897463984,-0.9862812885309803,-0.5356523898455744,9.698636188886768e-05,1.2785439944353278e-06,-0.003986960263777895,-0.09130354361280761,-0.04258825180955372,-0.012310395087047834,-0.0004015974000368775,5.2306953773535604e-05,-0.051444209974666366,-0.5907288949994078,-0.21504431689087627,-0.06407470281073735,-0.20006626442213535,-0.19325133612940965,-0.02630161177942915,-4.989948454165113,-4.843560841315278,-1.1211740301026771,-0.0026327210442461694,-0.00025130774715175993
0.9,0.0009704784072634612,1.540250277737354,-0.9867260845217708,-0.5357814846265049,9.193275588929284e-05,1.7127340646601112e-06,-0.004473908080059207,-0.09642120090444056,-0.044479599079048256,-0.012909478093050392,-0.0005053605999574839,4.341900702247835e-05,-0.05009268366805431,-0.5788621565738844,-0.20772233865890877,-0.064122725277866,-0.19951846255395755,-0.20072014682460104,-0.028583395688983,-5.005127157757997,-4.852371795802341,-1.1235880541638874,-0.0031372917449627516,-0.0002953054989603334
0.91,0.0009209946708003449,1.5392360350471792,-0.9871891858126043,-0.5359164053374303,8.58569026253176e-05,2.0558948141714913e-06,-0.004948373646311632,-0.10142426901746049,-0.04631012908334566,-0.01349207109255176,-0.0006075853263975241,3.4316074951138023e-05,-0.048489398844494706,-0.5660501059141437,-0.20001252263395297,-0.06404315218364864,-0.19795403711200185,-0.20732880603712053,-0.030770101205371866,-5.01903572422249,-4.860800549913986,-1.1258749721358094,-0.0036310293095837025,-0.00034031751615477477
0.92,0.0008669151982423932,1.538172989964265,-0.9876699507015804,-0.5360569766134335,7.877938473316766e-05,2.3062687781959046e-06,-0.005407947255795175,-0.10630450829141005,-0.04807648889761268,-0.014057127600317059,-0.0007077517892149939,2.5037396402441312e-05,-0.04663924109999136,-0.5523111056771389,-0.1919278326441321,-0.06383376844303568,-0.19538041904660633,-0.21304895200841875,-0.03285056102723124,-5.031644406006473,-4.868830667239946,-1.128030122249834,-0.004111400627373099,-0.00038614830810515587
0.93,0.000808412458010784,1.5370624514402553,-0.9881677049687312,-0.5362030128829238,7.072590379766938e-05,2.4624988315992265e-06,-0.005850274023160917,-0.11105385240098706,-0.049775426715079396,-0.014603626949022439,-0.0008053480935498285,1.5623005340332176e-05,-0.0445484405671366,-0.5376647407427068,-0.18348182359785165,-0.06349260247700661,-0.19181017382681922,-0.21785603348345225,-0.034814074172295185,-5.042925275513327,-4.876446297078093,-1.1300490275599988,-0.004575929457169527,-0.000432598626921886
0.9400000000000001,0.0007456817915363653,1.5359058072481655,-0.9886817429378744,-0.5363543186415332,6.172717501906535e-05,2.5236343854054895e-06,-0.00627306664744187,-0.11566441920898186,-0.05140379691431564,-0.015130575860937698,-0.0008998728778604026,6.11355538062629e-06,-0.04222454639495371,-0.5221318095968515,-0.17468862646774416,-0.06301793674998546,-0.18726093992877016,-0.22172941469155436,-0.03665046226592065,-5.052852286097803,-4.883632207934199,-1.1319274057774378,-0.00502220916507865,-0.0004794663454152085
0.9500000000000001,0.0006789406130279012,1.5347045220326494,-0.98921132858822,-0.5365106887415536,5.1818795960551834e-05,2.4891358014864876e-06,-0.006674117850846416,-0.12012852155159941,-0.05295856503456451,-0.015637010002042373,-0.0009908379058513517,-3.449858391900197e-06,-0.039676393319274826,-0.505734315093435,-0.16556293263775507,-0.062408317810181524,-0.1817553420373294,-0.2246524635274994,-0.03835012287471336,-5.06140133228246,-4.890373820675112,-1.1336611790247273,-0.0054479151209499855,-0.0005265473476226208
0.96,0.000608427488827689,1.5334601352531578,-0.989755696714754,-0.5366719086967217,4.1041089972057476e-05,2.3588770061701264e-06,-0.007051312420021219,-0.1244386779491558,-0.05443681265340637,-0.0161219955168088,-0.0010777705988494358,-1.3025879531636134e-05,-0.03691406046429723,-0.4884954544474132,-0.1561199775742943,-0.061662565817618864,-0.17532087942657756,-0.2266126225641527,-0.03990407959458145,-5.068550308975417,-4.89665724123742,-1.135246483479014,-0.005850816689789909,-0.0005736364279223065
0.97,0.0005344011010421941,1.5321742590208207,-0.9903140541363603,-0.536837755002139,2.943892501757868e-05,2.1331462914829937e-06,-0.007402638778549485,-0.12858762323370646,-0.05583574216062767,-0.01658463054173924,-0.0011602164954478797,-2.2573071468713247e-05,-0.0339488225687517,-0.4704396083101748,-0.1463755237924867,-0.060779783507304064,-0.16798979010203266,-0.22760146260326355,-0.0413040286245801,-5.074279169457954,-4.902469292790286,-1.1366796788716005,-0.006228788756444914,-0.0006205281947151546
0.98,0.0004571391008218634,1.5308485758299837,-0.9908855809505781,-0.5370079954690952,1.7061508761866144e-05,1.8126453007572752e-06,-0.007726200022033073,-0.13256831908370206,-0.05715268142177775,-0.017024046695613127,-0.0012377416255712538,-3.205009907257185e-05,-0.030793093882839143,-0.4515923287737756,-0.13634584308500391,-0.05975936455801856,-0.15979889140050693,-0.2276147185449772,-0.04254238158158143,-5.078569981899358,-4.907797547248245,-1.1379573578106175,-0.006579822724395678,-0.0006670179746408603
0.99,0.000376936857320213,1.5294848361854407,-0.9914694318338232,-0.5371823895745379,3.962160896751997e-06,1.3984862033581792e-06,-0.008020224350165037,-0.13637396445428995,-0.05838508832450491,-0.017439410544269424,-0.0013099347865114146,-4.1415909739909614e-05,-0.027460365034571284,-0.431980326149014,-0.12604769798111679,-0.05860100133731527,-0.15078939785182538,-0.22665230743329123,-0.043612304335958044,-5.081406984146242,-4.9126303560270275,-1.1390763548924645,-0.006902036932321287,-0.0007129027132950793
1.0,0.0002941061089830188,1.5280848561265368,-0.9920647373858271,-0.5373606888249141,-9.8019361927331e-06,8.921870712901677e-07,-0.008283074833719414,-0.13999800589039868,-0.05953055520039366,-0.0178299250376166,-0.0013764097089485096,-5.0629913206801146e-05,-0.023965133215877933,-0.41163145436211807,-0.11549832240873653,-0.057304691984880085,-0.14100671720914004,-0.22471832861054042,-0.0445077516748978,-5.082776636524974,-4.916956879933548,-1.1400337555669404,-0.007193686435204495,-0.000757981868434585
1.01,0.00020897352439950997,1.5266505146494542,-0.9926706055169737,-0.5375426371340785,-2.417000720771266e-05,2.9566547838301105e-07,-0.008513258458350884,-0.1434341477082585,-0.060586813114664316,-0.018194830916438184,-0.001436807101497956,-5.965215929071566e-05,-0.02032282608935912,-0.3905746948139749,-0.10471540153170986,-0.05587074680541959,-0.13050022565222413,-0.22182104599032965,-0.045223497627479944,-5.082667672388223,-4.920767118079499,-1.1408269047203787,-0.007453172100136371,-0.0008020582916957326
1.02,0.00012187918048464051,1.5251837510291586,-0.9932861228771313,-0.5377279712149429,-3.9077972836834716e-05,-3.8876964939297607e-07,-0.008709434391486946,-0.14667636202955234,-0.06155173601575245,-0.018533408086444027,-0.0014907965629122053,-6.844351277759871e-05,-0.016549719865460787,-0.3688401385485368,-0.09371705073582734,-0.05429979394686901,-0.1193230232590778,-0.21797285253405896,-0.04575516131401665,-5.08107114613093,-4.924051935706927,-1.1414534149406552,-0.007679048970619766,-0.0008449390949080162
1.03,3.317496625079887e-05,1.5236865620426492,-0.9939103563244959,-0.5379164209845119,-5.4458756353961666e-05,-1.158427896214098e-06,-0.008870421423384164,-0.14971889865094778,-0.06242334473646304,-0.018844976956897058,-0.0015380783517126948,-7.696582468211217e-05,-0.012662852046531852,-0.34645896657860187,-0.08252179374254606,-0.05259278432829895,-0.10753167092677018,-0.21319021709217473,-0.04609922821118134,-5.0779804783963955,-4.926803090813596,-1.1419111744276838,-0.007870033857044852,-0.000886436497158893
1.04,-5.677707913498458e-05,1.5221609990953455,-0.9945423544328768,-0.5381077099819224,-7.024260639125907e-05,-2.010248887468577e-06,-0.008995204538578345,-0.1525562947303631,-0.06319981083809041,-0.019128899741045275,-0.001578385003729741,-8.518209912544792e-05,-0.008679929378301749,-0.3234634282216046,-0.07114853982657562,-0.05075099580577924,-0.09518591000121615,-0.20749361384463466,-0.046253066753874465,-5.073391498190667,-4.929013259465972,-1.142198354512934,-0.00802501211509245,-0.000926368648857807
1.05,-0.00014760648492950676,1.520609165252646,-0.9951811490357629,-0.5383015557990771,-8.635743427909168e-05,-2.9408154384167196e-06,-0.009082940579452217,-0.155183384269966,-0.06387946028862068,-0.019384581715476606,-0.00161148278878326,-9.305665509481425e-05,-0.004619231590162721,-0.299886817303087,-0.05961656012377831,-0.04877603653492324,-0.08234836594850937,-0.2009074346492828,-0.046214940224387366,-5.067302481622193,-4.930676059688162,-1.1423134167516285,-0.00814304357808812,-0.0009645604291561266
1.06,-0.00023893611462386157,1.5190332121788999,-0.9958257568054217,-0.5384976705234314,-0.0001027291642645078,-3.9463682621330675e-06,-0.009132962969435481,-0.15759530737461286,-0.06446077696588058,-0.019611472435433326,-0.0016371729985416117,-0.0001005552823716348,-0.0004995115427913785,-0.2757634460914158,-0.04794546301000572,-0.046669847527849084,-0.06908423746674568,-0.19345988467748557,-0.04598401390897418,-5.05971418698469,-4.931786073816417,-1.142255119551602,-0.008223367613755743,-0.001000844213204873
1.07,-0.0003303839693178549,1.5174353369862676,-0.9964751808651845,-0.5386957611924618,-0.0001192820948489676,-5.022822171549097e-06,-0.009144785469399334,-0.1597875192632133,-0.06494240597627361,-0.01980906690303185,-0.0016552930584459806,-0.00010764539094160295,0.0036601075654014658,-0.2511286168350139,-0.0361551685410893,-0.04443470437506536,-0.055460972497535045,-0.18518286178668936,-0.04556035753120639,-5.050629885903607,-4.93233886921042,-1.1420225243033062,-0.008265407280378913,-0.0010350606058730167
1.08,-0.00042156501878850335,1.515817778996174,-0.9971284124329801,-0.5388955302593144,-0.0001359392694237623,-6.165783703837999e-06,-0.009118104947064849,-0.16175579900936818,-0.06532315677956113,-0.01997690668525867,-0.00166571745747947,-0.0001142961532288901,0.007840237253348582,-0.2260185907823171,-0.024265881947301397,-0.04207321811138631,-0.04154793265036765,-0.17611182014684615,-0.04494494300021669,-5.040055390271196,-4.9323310172150965,-1.141615000976191,-0.008268772562043579,-0.0010670591387050615
1.09,-0.0005120930502451429,1.5141828164163083,-0.9977844324940799,-0.5390966760691,-0.000152622854328655,-7.370570089126952e-06,-0.009052803145663962,-0.16349625798658343,-0.06560200610997803,-0.020114580978556024,-0.0016683584904892688,-0.0001204786385288953,0.012021330371219333,-0.20047055457388088,-0.012298066172697544,-0.039588335224819526,-0.027416047600772434,-0.1662856187029937,-0.04413963753993195,-5.027999074701581,-4.931760110269547,-1.1410322331476108,-0.0082332626673812,-0.00109669892706684
1.1,-0.0006015825246913509,1.512532762936384,-0.9984422135009186,-0.5392988933452675,-0.0001692545224159791,-8.632229479614921e-06,-0.008948947444620802,-0.16500534799242172,-0.06577810068386525,-0.020221727616749445,-0.001663166808732409,-0.00012616593904879686,0.016183788553138262,-0.17452258390778821,-0.0002724134640864663,-0.036983336777218656,-0.013137461065500483,-0.15574635511899027,-0.043147192292412845,-5.014471894245562,-4.930624777063408,-1.1402742224315587,-0.008158867381029819,-0.001123849284612005
1.11,-0.0006896504308074164,1.5108699642461327,-0.9991007210977576,-0.5395018736854579,-0.0001857558401690376,-9.945562349641675e-06,-0.008806790611606543,-0.16627986902512645,-0.06585075968390654,-0.020298034019039304,-0.0016501317753058503,-0.0001313332870026754,0.020308069777342584,-0.1482136043906446,0.011790183993816912,-0.034261836646480026,0.001214830006254497,-0.14453918590678885,-0.0419712265142707,-4.999487397115123,-4.928924695645053,-1.1393412922758726,-0.008045767461855537,-0.0011483902923977584
1.12,-0.0007759181263264771,1.5091967944792772,-0.9997589158678578,-0.5397053060662053,-0.00020204865640038798,-1.1305143972121449e-05,-0.008626769551906062,-0.16731697668555065,-0.06581947701002512,-0.020343238074737834,-0.0016292816231350392,-0.00013595816224797744,0.02437479529757561,-0.12158334950073903,0.02386866438360477,-0.031427778858734656,0.015567341355574832,-0.13271213350322494,-0.040616207509609925,-4.983061732179957,-4.926660604391005,-1.1382340910981208,-0.007894334086801654,-0.0011702133201859307
1.1300000000000001,-0.000860013157002111,1.5075156525875106,-1.0004157551007278,-0.5399088773558195,-0.0002180554905426516,-1.270534787204517e-05,-0.008409503067563402,-0.16811418917665305,-0.06568392328698736,-0.020357128961428612,-0.001600683414226362,-0.00014002038999237203,0.028364855211169427,-0.09467231560275711,0.0359418274947987,-0.02848543402298906,0.029846470755640897,-0.12031588110898259,-0.039087426465890134,-4.9652136510122356,-4.923834310751205,-1.1369535947321248,-0.007705127344033139,-0.001189221497683577
1.1400000000000001,-0.0009415710434539783,1.5058289586487867,-1.0010701945769158,-0.5401122728347517,-0.00023369991854197775,-1.4140370153489775e-05,-0.008155788645186724,-0.16866939387239588,-0.06544394761880744,-0.020339547893218693,-0.0015644427999326155,-0.00014350222814446049,0.03225951193795542,-0.06752171396943173,0.04798836687955937,-0.025439394854105374,0.04397886905795975,-0.10740355615509264,-0.03739097038033583,-4.945964504271948,-4.920448697690886,-1.1355011081590318,-0.007478893783793447,-0.0012053301337047345
1.1500000000000001,-0.0010202370264293286,1.5041391501145107,-1.0017211903677172,-0.5403151767227093,-0.0002489069543722898,-1.5604254592771136e-05,-0.00786659829753503,-0.16898085342759847,-0.0650995790801385,-0.020290388795766095,-0.0015207035830312051,-0.000146388443928136,0.03604050089979621,-0.040173419780684144,0.05998690290363537,-0.02229457078076201,0.0578918112135523,-0.09403050330921915,-0.035533690283914426,-4.925338232242822,-4.916507727756332,-1.1338782664990021,-0.007216563040066661,-0.0012184670814708784
1.16,-0.0010956677613295476,1.5024486780005089,-1.0023677006470668,-0.5405172727117573,-0.0002636034252069533,-1.7090918387055316e-05,-0.007543073490021895,-0.16904721140017837,-0.06465102793496733,-0.02020959890479789,-0.0014696470834663503,-0.00014866637942841793,0.03969012771313404,-0.012669918087506123,0.0719160166699679,-0.019056181646998543,0.0715135655306691,-0.08025404797628459,-0.033523165987338524,-4.903361349348305,-4.91201644469885,-1.1320870352418786,-0.006919243540717101,-0.0012285730485106347
1.17,-0.0011675329532195536,1.5007600030269364,-1.003008687512798,-0.5407182445046059,-0.0002777183383134874,-1.8594178444916706e-05,-0.007186519189000606,-0.1688674973572495,-0.0640986865731216,-0.020097179284866745,-0.0014114913106534073,-0.00015032600578613884,0.04319136123666587,0.014945753254562173,0.08375428478037532,-0.015729750491822014,0.08477375942590559,-0.06613325128832809,-0.03136766758891784,-4.880062922498266,-4.9069809725989275,-1.1301297096977172,-0.006588217328239096,-0.00123560184986851
1.18,-0.0012355169239604323,1.4990755917125689,-1.0036431188143513,-0.5409177763572576,-0.0002911832377762812,-2.010777810301341e-05,-0.006798397074087869,-0.1684411314367529,-0.06344313015532865,-0.019953185265167792,-0.0013464899462793762,-0.00015135996580967052,0.0465279218526677,0.04263006366085811,0.09548031490651278,-0.012321095436473695,0.09760373992693352,-0.051728657612678516,-0.029076113997324456,-4.855474543139725,-4.901408512440607,-1.1280089136507079,-0.00622493401757124,-0.0012395206035864781
1.19,-0.0012993201035783417,1.497397912429202,-1.00426996998393,-0.5411155536251505,-0.00030393254920181014,-2.162541415125085e-05,-0.006380317961790947,-0.16776792833667084,-0.06268511695786164,-0.01977772678929449,-0.0012749311425528966,-0.00015176360482374425,0.049684364403490625,0.07033905286080379,0.1070727821222591,-0.008836320655598529,0.10993692719090337,-0.037102035640306556,-0.026658028733393332,-4.829630292909031,-4.895307336094582,-1.1257275972028058,-0.005831003921593791,-0.001240309867680118
1.2,-0.0013586604385011402,1.4957294314221579,-1.0048882258680114,-0.5413112633119097,-0.00031590391062034364,-2.3140764047531717e-05,-0.005934033492279834,-0.16684810070442763,-0.061825588408141376,-0.019570968675917618,-0.0011971361418533495,-0.00015153498962808636,0.05264615525386537,0.09802839685062949,0.11851046595861342,-0.005281806465750494,0.12170915931463355,-0.02231611414228482,-0.02412349328392325,-4.8025667028083525,-4.8886867776774166,-1.1232890337963342,-0.005408190378915859,-0.0012379637180914324
1.21,-0.0014132747098536593,1.4940726088031597,-1.005496882556042,-0.5415045946197844,-0.00032703848786730676,-2.4647513202450066e-05,-0.005461427135251924,-0.1656822618998052,-0.060865668803065175,-0.019333130787470686,-0.0011134577246963118,-0.00015067491549183504,0.055399743004484456,0.12565347667782256,0.12977228812587102,-0.0016641985263878833,0.13285902672960193,-0.00743431350662839,-0.021483098287079862,-4.77432270585598,-4.881557222263531,-1.1206968164078608,-0.004958401322355906,-0.0012324897673623447
1.22,-0.001462919755598022,1.4924298945221037,-1.0060949492030649,-0.5416952395008249,-0.00033728127280596167,-2.6139382214082668e-05,-0.004964504574436255,-0.16427142810560635,-0.05980666470228215,-0.019064488104052427,-0.0010242784938654928,-0.00014918690116326027,0.057932622442192265,0.15316944996097437,0.1408373508482071,0.0020096038286764317,0.14332819449819534,0.007479525813826202,-0.018747892833445818,-4.744939583187569,-4.873930091936159,-1.1179548529088197,-0.004483680130108932,-0.001223909124034981
1.23,-0.001507373590931511,1.49080372432449,-1.0066814498429562,-0.5418828932078238,-0.00034658136284049907,-2.7610153933362125e-05,-0.004445383533348915,-0.1626170197613781,-0.058650063989139946,-0.0187653706998954,-0.000930009003453741,-0.0001470771719279459,0.06023339137635341,0.18053132502990718,0.15168497574802897,0.005732460118980098,0.1530617108572263,0.022361416796679343,-0.015929332169064683,-4.7144609036140235,-4.86581782917316,-1.1150673605915509,-0.003986195804963555,-0.0012122562930460342
1.24,-0.0015464364220056893,1.4891965157015223,-1.0072554251888821,-0.542067254844023,-0.0003548922202645217,-2.9053700241382583e-05,-0.0039062831074178385,-0.16072086229676322,-0.057397534592593426,-0.018436163619913123,-0.0008310857424022663,-0.0001443546308020459,0.062291800078892394,0.20769403755254046,0.16229474321363158,0.00949700208068327,0.16200830039053377,0.0371475001324337,-0.013039224087043373,-4.682932456670912,-4.857233877573705,-1.1120388598627693,-0.0034682325300698863,-0.0011975790176416944
1.25,-0.0015799315487009754,1.4876106638400977,-1.007815934417522,-0.542248027910563,-0.0003621719100937452,-3.0464008421385122e-05,-0.0033495126695286185,-0.15858518614247838,-0.05605092286397912,-0.018077306654007932,-0.0007279689829223463,-0.00014103081800025395,0.06409879311605067,0.23461252949591838,0.17264653217654882,0.013295647853450943,0.17012064025612916,0.05177431813195092,-0.010089674292508398,-4.650402179224246,-4.848192659941796,-1.1088741671097984,-0.0029321786526535385,-0.0011799380635956237
1.26,-0.0016077061528749208,1.4860485375801125,-1.0083620569335543,-0.5424249208506332,-0.0003683833151429722,-3.183520701008992e-05,-0.0027774604173945424,-0.1562126259985127,-0.0546122516032415,-0.01768929400701485,-0.0006211405049227009,-0.00013711985887047954,0.06564654343239297,0.26124183025159137,0.18272056021876337,0.017120616970745406,0.17735561794361138,0.06617908709499734,-0.007093031022054179,-4.6169200757274735,-4.838709553752947,-1.1055783867482836,-0.002380515149713415,-0.0011594069467642308
1.27,-0.0016296319691941493,1.4845124753867034,-1.0088928941108535,-0.5425976475892569,-0.00037349432722540735,-3.316159101547637e-05,-0.002192581631922856,-0.15360621934090452,-0.053083717729919946,-0.017272673862367707,-0.0005111012082435148,-0.00013263840053864473,0.0669284786208422,0.28753713973769174,0.19249742392806046,0.020963946125008626,0.1836745690965066,0.08029996697938196,-0.004061829193403304,-4.582538132254982,-4.82880086404045,-1.1021569024635018,-0.0018158036321221432,-0.0011360716052599424
1.28,-0.001645605836353566,1.4830047813451996,-1.0094075710068033,-0.5427659280676348,-0.0003774780134765123,-3.4437646391049135e-05,-0.0015973867159416626,-0.1507694041503751,-0.05146768959499448,-0.016828047837796647,-0.00039836862511049567,-0.0001276055375572765,0.06793929938563219,0.3134539132729994,0.20195813941045893,0.024817505687577013,0.18904349400130227,0.09407632721732936,-0.0010087343539570098,-4.547310224467769,-4.81848379374795,-1.0986153676607353,-0.0012406739456609793,-0.0011100300177632775
1.29,-0.0016555501271763833,1.481527721186718,-1.0099052380461087,-0.5429294887709508,-0.00038031275693416823,-3.5658073660053395e-05,-0.0009944290822817517,-0.14770601584817078,-0.04976670393052774,-0.016356070331607638,-0.0002834743457655925,-0.00012204272690042579,0.06867499027698033,0.33894794800252387,0.2110841828649983,0.0286730169556757,0.19343325142053147,0.10744900753786293,0.0020535133115951215,-4.511292019697016,-4.807776411605138,-1.094959695143551,-0.0006578114293605901,-0.001081391769727324
1.3,-0.0016594130567693403,1.4800835183524512,-1.010385072670458,-0.5430880632485343,-0.00038198237064118203,-3.6817810587000005e-05,-0.0003862929592957058,-0.1444202834266826,-0.04798346243492666,-0.01585744775835121,-0.00016696137070138046,-0.00011597369269466065,0.06913282284590887,0.36397547063833935,0.21985753112196865,0.03252207009643726,0.19681972853287893,0.12036057267117303,0.0051121546642555835,-4.474540873361117,-4.796697617593324,-1.0911960460420946,-6.994389307835995e-05,-0.0010502775694526771
1.31,-0.0016571688685740472,1.4786743501048036,-1.010846280950384,-0.5432413926252639,-0.0003824761846743914,-3.791205379821243e-05,0.0002244188195293002,-0.14091682476476194,-0.04612082799259697,-0.015332937672961199,-4.938140332093674e-05,-0.00010942432112124272,0.06931135143408307,0.38849322626577354,0.22826070203859256,0.03635614275615939,0.1991839858375531,0.13275555983229212,0.008154466744887996,-4.437115719960905,-4.78526710607754,-1.087330818016773,0.0005201716224804877,-0.0010168187162261687
1.32,-0.0016488178988028998,1.4773023436936024,-1.0112880991556614,-0.5433892261030911,-0.00038178910564600876,-3.8936279257891396e-05,0.0008350969771147351,-0.1372006411201322,-0.04418182052774552,-0.014783347782726176,6.870790283826516e-05,-0.00010242254596789647,0.06921040187573402,0.412458567950501,0.23627679464287837,0.040166619305899154,0.20051237598462107,0.14458071790742316,0.011167817132077474,-4.399076958926102,-4.773505326691233,-1.083370632765792,0.0011097622391011395,-0.0009811565229219245
1.33,-0.0016343865203720354,1.4759695725856636,-1.0117097952805927,-0.5435313214515588,-0.0003799216483665959,-3.98862615113873e-05,0.001443137843086445,-0.13327711079388116,-0.042169612493127256,-0.014209534846764316,0.00018674572794128843,-9.499822534959008e-05,0.06883105344577829,0.4358295468716706,0.24388952891283577,0.04394481067722955,0.20079663560763766,0.15578523729820848,0.014139717308861426,-4.360486335613569,-4.761433443068995,-1.0793223228681068,0.0016960527228601634,-0.0009434416956575287
1.34,-0.0016139269680404142,1.4746780527660164,-1.0121106705205487,-0.5436674454861885,-0.0003768799395043674,-4.075809161295054e-05,0.002045955233162114,-0.1291519819647181,-0.040087523995609206,-0.013612403462974657,0.00030417088622284726,-8.71830101563244e-05,0.06817561443946037,0.4585650026932102,0.2510832850700595,0.04768197476594693,0.20003394935835034,0.1663209694138008,0.017057874836770823,-4.3214068177840135,-4.749073289531536,-1.0751929179962025,0.0022762789890827424,-0.0009038336732806741
1.35,-0.0015875170470298155,1.4734297391190818,-1.0124900606961642,-0.5437973745336162,-0.00037267569322156017,-4.1548193661168864e-05,0.002640992101059878,-0.12483136469345917,-0.03793901756154267,-0.012992904742774494,0.0004204246282807247,-7.901020482183203e-05,0.06724759181325403,0.4806246538777343,0.2578431422692501,0.05136933734587901,0.19822698547785328,0.17614263484265633,0.01991024414928836,-4.281902467908861,-4.73644732583572,-1.0709896305359254,0.002847701565032943,-0.0008624999296318227
1.36,-0.001555259727932384,1.4722265218980712,-1.0128473376216252,-0.5439208948823588,-0.0003673261589145556,-4.225333987157127e-05,0.003225731909743134,-0.12032172210106795,-0.03572769254608851,-0.012352034874258672,0.0005349534307004624,-7.051462104024077e-05,0.06605165535405016,0.5019691876376218,0.26415491655513224,0.054998113465593246,0.1953839023811118,0.18520801927956498,0.022685075790717792,-4.242038311682306,-4.72357859011051,-1.0667198406532024,0.0034076189450880923,-0.0008196152416854701
1.37,-0.0015172826312079494,1.4710702232908062,-1.0131819104135433,-0.5440378032181066,-0.000360854041329485,-4.287066412245038e-05,0.0037977096724434705,-0.11562986072649926,-0.033457279191826936,-0.011690833574770996,0.0006472117585070596,-6.173242508791071e-05,0.06459359687311296,0.5225603492124395,0.2700051979608106,0.05855952927081942,0.19151832588429163,0.1934781563350435,0.02537096394039587,-4.201880203135108,-4.710490650107175,-1.0623910808498973,0.0039533807736144904,-0.0007753609268158941
1.3800000000000001,-0.0014737374050307873,1.4699625940900705,-1.0134932267369752,-0.5441479070424489,-0.0003532873934683739,-4.339767391679822e-05,0.004354522617716218,-0.11076292007356903,-0.03113163234319329,-0.01101038243422523,0.0007566647861111077,-5.2700979434783724e-05,0.06288028494273587,0.5423610301552485,0.2753813866149325,0.062044844216062156,0.18664929686463771,0.20091749640681236,0.027956892076000626,-4.1614946867667415,-4.697207552899306,-1.0580110200533521,0.0044824007915181185,-0.0007299240525623358
1.3900000000000001,-0.0014247990006635322,1.4689053104764798,-1.0137807739852203,-0.5442510250739577,-0.00034465948284169586,-4.383226071033314e-05,0.004893840436725517,-0.10572836135907762,-0.02875472482451557,-0.010311803150881978,0.0008627910626678063,-4.3458679353492e-05,0.06091961570673124,0.5613353553078735,0.28027172772709236,0.06544537360566727,0.180801189310352,0.207494060853108,0.03043227664325779,-4.120948857130081,-4.683753773174521,-1.0535874472861781,0.004992169483487794,-0.0006834966223827339
1.4000000000000001,-0.0013706648499138053,1.4678999709217053,-1.0140440803901272,-0.5443469876305742,-0.0003350086317607386,-4.4172708562884164e-05,0.0054134150749726795,-0.10053395547743882,-0.026330640490684235,-0.009596255661653527,0.0009650851080957248,-3.40447852551021e-05,0.058720460300821634,0.5794487681424232,0.2846653453158186,0.06875251141742078,0.17400359889213285,0.21317958076966773,0.0327870086124802,-4.080310216318593,-4.670154160265829,-1.0491282549647565,0.005480266364276931,-0.0006362747409840758
1.41,-0.0013115539495666072,1.4669480932197043,-1.0142827160597345,-0.5444356369922679,-0.0003243780324966833,-4.441770107786062e-05,0.005911090034719807,-0.09518777020009592,-0.02386356696074146,-0.008864936169377958,0.0010630599264055299,-2.4499251497645806e-05,0.05629260941583053,0.5966681141456489,0.2885522745444804,0.0719577533579705,0.1662912023677827,0.2179496197387827,0.035011492814969354,-4.039646529819278,-4.656433884075689,-1.0446414218764748,0.005944371843980481,-0.0005884577629007038
1.42,-0.0012477058579829217,1.466051111653394,-1.014496293940194,-0.5445168277429668,-0.00031281553826204364,-4.4566326602134816e-05,0.006384809158368555,-0.0896981566310188,-0.021357788045947568,-0.008119075069887856,0.0011562494234639658,-1.486255242741986e-05,0.05364671552559577,0.6129617219250417,0.2919234925321429,0.075052720082041,0.1577035883140378,0.22178367998986237,0.03709668496424113,-3.9990256812056835,-4.642618380050625,-1.0401349958871824,0.006382278614148864,-0.0005402474280591731
1.43,-0.001179379609313075,1.4652103743039684,-1.0146844706990454,-0.5445904270907875,-0.0003003734310934227,-4.4618081666368857e-05,0.006832624866984676,-0.08407373494256291,-0.018817675885145844,-0.007359934782069359,0.001244210716862094,-5.175506423404331e-06,0.05079423328314549,0.6282994817172658,0.2947709475035569,0.07802918052584795,0.14828505986611987,0.22466529148378378,0.03903412627822848,-3.9585155261537093,-4.62873329336808,-1.0356170764314532,0.006791902498737758,-0.0004918469881192247
1.44,-0.0011068525509933878,1.4644271405097793,-1.0148469475270605,-0.5446563151656324,-0.0002871081678317724,-4.457287265358906e-05,0.0072527058319687265,-0.07832337941891071,-0.016247682801508494,-0.0065888074844878495,0.0013265263261650333,4.520901277979639e-06,0.047747358563575135,0.6426529209849765,0.29708758614581177,0.08087907528906069,0.13808441033144564,0.22658208351029885,0.04081597562897725,-3.918183746268926,-4.614804422500545,-1.0310957968391918,0.00717129271631241,-0.00044346032741498197
1.45,-0.0010304191103781524,1.4637025784814073,-1.0149834708560204,-0.5447143852932577,-0.0002730801055068801,-4.443101569161708e-05,0.007643344061523534,-0.07245620283719503,-0.013652332895986004,-0.005807012762530388,0.0014028062324892262,1.4185696197197642e-05,0.044518966600790535,0.6559952767940255,0.2988673790414643,0.08359454000177768,0.12715467272971684,0.22752583846689528,0.04243503915583317,-3.8780977032174113,-4.60085766232446,-1.0265793065527498,0.0075186415026005215,-0.00039529108233832494
1.46,-0.0009503894965078759,1.4630377630792153,-1.0150938329899604,-0.5447645442449616,-0.0002583532075360986,-4.4193234772771274e-05,0.00800296138702766,-0.0664815402192048,-0.011036213394006872,-0.005015895170388344,0.0014726897970781493,2.3778091884581136e-05,0.04112254962899775,0.6683015646713817,0.3001053440504081,0.08616792860795508,0.11555284449411388,0.2274925275685627,0.04388479728670459,-3.838324293652692,-4.586918946943324,-1.022075753289154,0.007832293045411935,-0.00034754176300757784
1.47,-0.0008670883431312562,1.4624336737593224,-1.015177872647592,-0.5448067124620872,-0.00024299473224286426,-4.3860658112019847e-05,0.008330115337661967,-0.06040893198928348,-0.008403965763168651,-0.004216821712567057,0.0015358475293234366,3.3257666075142846e-05,0.037572154398894254,0.6795486436532224,0.3007975675155182,0.08859183650034863,0.10333958874634716,0.226482328321048,0.04515942911961901,-3.798929805429484,-4.573014192395453,-1.0175932652021797,0.008110751687100822,-0.00030041288104915183
1.48,-0.0007808532991849045,1.4618911926935563,-1.0152354754138002,-0.5448408242545869,-0.00022707490528785457,-4.343481276246511e-05,0.008623504394635169,-0.05424810657662627,-0.005760276620819566,-0.0034111792499675613,0.0015919826955009698,4.25845349554737e-05,0.03388231989469533,0.6897152772448648,0.30094122317226224,0.09085912343612046,0.09057891372975838,0.22449962367402682,0.04625383412354776,-3.7599797755898683,-4.559169239417246,-1.0131399330988984,0.008352689353133397,-0.0002541020872875795
1.49,-0.0006920335729939345,1.4614111030685297,-1.0152665740983156,-0.5448668279729463,-0.0002106665776843026,-4.291761751463107e-05,0.008881972619096994,-0.04800896250266051,-0.0031098684515435755,-0.002600371835937813,0.0016408327603551973,5.171952478340329e-05,0.030068015531723828,0.6987821900263846,0.3005345886493524,0.09296293615436468,0.07733783214759524,0.22155298285557168,0.0471636511233176,-3.7215388506004103,-4.545409796432396,-1.0087237927649813,0.008556952168921217,-0.0002088033230907044
1.5,-0.0006009884364908614,1.4609940875685645,-1.0152711489998718,-0.5448846861528265,-0.0001938448711386565,-4.231137411348247e-05,0.009104513650307311,-0.04170154999652777,-0.0004574901556314995,-0.0017858179880239672,0.0016821706545646097,6.0624340114860396e-05,0.0261445800669009,0.7067321196526776,0.2995770594495728,0.09489673062887016,0.06368600230610375,0.2176551239739128,0.047885274538455556,-3.683670649308373,-4.53176138293644,-1.0043528074524148,0.008722566230878201,-0.00016470598905182331
1.51,-0.0005080856957624176,1.4606407270467259,-1.0152492280743781,-0.5448943756318413,-0.00017668681251813983,-4.1618756834388956e-05,0.00929027407284437,-0.03533605218386955,0.0021920925493738204,-0.000968947901475507,0.0017158058620516683,6.926172790935143e-05,0.02212766140697891,0.71354986401254,0.29806916030951897,0.09665429388004787,0.0496953531028836,0.2128228585569872,0.04841586785008643,-3.6464376290725937,-4.518249273444076,-1.0000348505824233,0.008848742501642705,-0.00012199413460952312
1.52,-0.00041370013422652847,1.4603514993877644,-1.015200887005868,-0.54489588763795,-0.0001592709592975807,-4.0842800466333076e-05,0.009438556153588918,-0.028922765896133903,0.0048341068510198894,-0.00015120061087340155,0.0017415853220559127,7.759563680558819e-05,0.018033157452827162,0.7192223233293384,0.29601255384485103,0.09822976526049532,0.03543969502743985,0.20707701828397806,0.04875337427360183,-3.6099009555093318,-4.50489844216427,-0.9957776887153031,0.008934880803556892,-8.084567210922804e-05
1.53,-0.00031821193471729466,1.46012677856627,-1.0151262491792252,-0.5448892278490154,-0.00014167701787893826,-3.9986886757513765e-05,0.00954881995092338,-0.02247208214945856,0.007463782664270381,0.0006659788934660132,0.0017593941418642437,8.5591370881931e-05,0.013877158073500359,0.7237385370036588,0.2934100463943777,0.09961765714514881,0.020994319452717826,0.2004423642446332,0.04889652461786108,-3.5741203762757046,-4.4917335085647325,-0.9915889648375162,0.008980572888798522,-4.143161869849584e-05
1.54,-0.00022200508671677357,1.4599668339028316,-1.0150254855539342,-0.5448744164231416,-0.0001239854567081196,-3.905472938509024e-05,0.009620684800052107,-0.015994466343827576,0.01007636252909985,0.0014811425873819,0.0017691561170818653,9.321573724235275e-05,0.009675888262312317,0.7270897150197003,0.2902655909844055,0.10081287494441238,0.006435588590955867,0.19294747914256416,0.048844842314296505,-3.5391540992933512,-4.478778683983495,-0.9874761820148373,0.00898560456899657,-3.915369321266392e-06
1.55,-0.00012546578492077747,1.459871829520485,-1.0148988144383548,-0.5448514879994829,-0.00010627711613486086,-3.805035751711582e-05,0.009653930179599611,-0.009500438234644581,0.012667111557940165,0.002292842365872814,0.0017708340573258754,0.00010043718679744157,0.005445652489349053,0.7292692637573414,0.28658428734863206,0.10181073635613025,-0.00815948143549201,0.18462464293641354,0.04859864560160512,-3.5050586757928093,-4.466057719440663,-0.9834466874585687,0.008949956891712268,3.154799606480945e-05
1.56,-2.8980825263754195e-05,1.4598418240031843,-1.0147465011642856,-0.5448204916692848,-8.863281697260562e-05,-3.697809804070193e-05,0.009648495965702327,-0.003000551730090134,0.01523132740692653,0.0030996330198071933,0.0017644299162255237,0.00010722594764138948,0.0012027802316254721,0.7302728060750966,0.2823723789428706,0.10260698978606086,-0.02271364189957824,0.17550969248684067,0.04815904685385888,-3.4718888885348016,-4.453593854798072,-0.97950765704984,0.00887380635581014,6.481236807849696e-05
1.57,6.706399554328676e-05,1.459876770257498,-1.014568857661842,-0.5447814909169976,-7.113296971646901e-05,-3.5842556536103545e-05,0.009604482080704095,0.00349462543135876,0.017764350244368204,0.00390007522872211,0.0017499847256136599,0.0001135541504598389,-0.003036427365836625,0.7300981955520339,0.27763724691233566,0.10319783184391307,-0.037149834603625254,0.16564186584960142,0.04752794904202672,-3.4396976455386072,-4.441409769408791,-0.9756660803648465,0.008757524162459894,9.574122351080653e-05
1.58,0.0001622854709865393,1.459976515578179,-1.0143662419349477,-0.5447345635313784,-5.385718636859289e-05,-3.464859708170658e-05,0.009522147544325253,0.009974532068095269,0.020261572689427344,0.004692738561922662,0.0017275783347876126,0.00011939594543969675,-0.007255749767054544,0.728745524801107,0.27238740097123343,0.10357992385340875,-0.05139161427585816,0.1550636319219178,0.0467080393212062,-3.4085358796198353,-4.429527534391853,-0.9719287462415194,0.008601674503275175,0.00012420819830464853
1.59,0.00025630456034486546,1.4601408019176945,-1.014139057438011,-0.544679801486579,-3.6883896801593414e-05,-3.3401320979802505e-05,0.009401908935832615,0.01642863395154173,0.022718449693673367,0.005476204479934688,0.0016973289566999477,0.00012472761019040738,-0.01143909834551605,0.7262171277914429,0.2666324671767365,0.10375040728212426,-0.06536356766444465,0.1438205062132345,0.0457027797384896,-3.378452454010573,-4.41796856666059,-0.9683022289255921,0.008407011891888421,0.0001500976154877471
1.6,0.0003487479431081153,1.4603692663592476,-1.0138877523546315,-0.5446173107932966,-2.028997156254143e-05,-3.210604449753693e-05,0.009244338276324983,0.02284644415531276,0.025130508337949123,0.0062490693282458345,0.0016593925239051985,0.00012952764822655793,-0.01557056680319643,0.7225175761428284,0.26038317258241134,0.10370691802547993,-0.07899172678629253,0.1319608535710319,0.044516395059476056,-3.3494940743043493,-4.406753584825458,-0.9647928748313885,0.008174477550056914,0.00017330496583013103
1.61,0.0004392495465161113,1.460661441792261,-1.0136128187794626,-0.5445472113201448,-4.150352982207648e-06,-3.076827572149835e-05,0.009050160340799597,0.029217543301338814,0.027493357516884524,0.007009947315176264,0.0016139618580333782,0.0001337768776038581,-0.019634480806997118,0.7176536693810345,0.2536513267750302,0.10344759946583526,-0.09220397382935505,0.11953567874686251,0.04315385771514874,-3.321705206936584,-4.395902567084182,-0.9614067899498457,0.007905194864171051,0.00019373733920909888
1.62,0.000527452040618225,1.461016757788732,-1.0133147918046286,-0.5444696365854882,1.1462303592596178e-05,-2.9393690628055122e-05,0.008820249410211367,0.035531599647110106,0.02980269748339495,0.00775747346565891,0.0015612656574803827,0.00013745850934432258,-0.023615446938848147,0.7116344191701841,0.24644980030861557,0.10297111423502736,-0.1049304352684563,0.10659840573790691,0.04162086987529219,-3.295128004378575,-4.385434711203646,-0.9581498279333798,0.0076004639327665125,0.000211313804884771
1.6300000000000001,0.0006130082953613263,1.4614345416783185,-1.0129942485123724,-0.5443847335200613,2.647797668154583e-05,-2.798810847473803e-05,0.00855562547431013,0.04177838895864415,0.032054329225621354,0.008490306542682475,0.0015015673088949653,0.00014055821533170932,-0.027498401047056344,0.704471027563501,0.2387925000623144,0.10227665461527158,-0.11710386283503861,0.0932046468846914,0.03992384265996143,-3.269802237189941,-4.375368396689215,-0.9550275788842246,0.007261755230302566,0.0002259657391173594
1.6400000000000001,0.0006955827943280256,1.4619140198194633,-1.0126518068758823,-0.5442926622007799,4.082961197052634e-05,-2.655746662069094e-05,0.008257449896669931,0.04794781411448369,0.03424416364901261,0.00920713192815155,0.001435163528898051,0.0001430641854047089,-0.031268656072364585,0.6961768593417765,0.23069434156494623,0.10136395150614197,-0.12865999907854597,0.07941196274564771,0.0380698725068279,-3.2457652330406965,-4.365721149227937,-0.9520453588697756,0.0068907024170343735,0.0002376370987919108
1.6500000000000001,0.0007748529998683871,1.462454319063333,-1.0122881245705162,-0.5441935955562303,5.445344040341503e-05,-2.5107794886462193e-05,0.007927020554036154,0.054029924386973904,0.03636823053659984,0.009906664454957234,0.0013623828432888687,0.00014496717342287453,-0.03491194940266698,0.6867674085339903,0.2221712183383044,0.1002332819000098,-0.13953792537194487,0.06527961380457432,0.03606671471963047,-3.223051822780434,-4.356509607482863,-0.9492082001853718,0.006489094329254378,0.00024628463995655004
1.6600000000000001,0.0008505106644977081,1.4630544684068156,-1.0119038976979062,-0.544087719044409,6.728927952111646e-05,-2.3645189565176207e-05,0.0075657664629321005,0.06001493434826341,0.03842268726099418,0.010587651182125037,0.0012835839117701431,0.0001462605321285985,-0.03841448978660254,0.6762602592415878,0.2132399683273679,0.09888547480831988,-0.14968039034355776,0.0508683050969012,0.033922754231475664,-3.2016942935982238,-4.34774949230591,-0.9465208423817645,0.006058866188477942,0.00025187808042500387
1.67,0.0009222630835717855,1.4637134008303148,-1.011499859425684,-0.5439752303033589,7.928081659070052e-05,-2.2175787198402174e-05,0.007175241907407741,0.06589324234990365,0.04040382722222399,0.01124887410501182,0.001199153706958406,0.00014694023667740342,-0.04176300380841973,0.6646750409130422,0.20391833749665073,0.09732191558586356,-0.1590341168605744,0.03623992486624006,0.03164697362645382,-3.1817223492834854,-4.339455578427122,-0.9439877240713571,0.0056020900722827645,0.000254400205842363
1.68,0.0009898342844007146,1.4644299553155806,-1.0110767785458217,-0.5438563387754323,9.037587216202041e-05,-2.0705738230820183e-05,0.0067571200828928915,0.07165544852658745,0.04230808798623696,0.011889152792661312,0.0011095055571319885,0.00014700489675819925,-0.044944781895806675,0.6520333782406761,0.19422494068693974,0.09554454860088768,-0.1675500858456098,0.02145727838254281,0.029248918473932062,-3.163163077565086,-4.331641668668195,-0.9416129755241271,0.0051209646934501744,0.0002538469188634076
1.69,0.0010529661471241818,1.4652028790383451,-1.0106354579548245,-0.5437312653059861,0.00010052664279008038,-1.9241180658072538e-05,0.006313186272346732,0.07729237227645724,0.04413205909971506,0.012507346944609893,0.0010150770628059966,0.00014645575727476441,-0.047947723799367514,0.6383588358752276,0.18417921983617436,0.09355587821919986,-0.17518379537340045,0.006583818068298598,0.026738660041971764,-3.146040924473742,-4.3243205707182275,-0.9394004120609794,0.004617804537780581,0.0002502272313443522
1.7,0.001111419452846983,1.4660308297300704,-1.0101767330592468,-0.5436002417173899,0.00010968992176815912,-1.7788213781979105e-05,0.005845330572280123,0.08279506917252129,0.04587248955777364,0.013102358859634167,0.0009163278978078744,0.00014529668760934327,-0.050760383448122254,0.6236768581778672,0.17380139968321467,0.09135896805578048,-0.18189549366941038,-0.00831662890973465,0.024126755469535337,-3.130377675641653,-4.317504076499826,-0.9373535282491834,0.004095028414439811,0.00024356319970029084
1.71,0.001164974854724663,1.4669123782026907,-1.0097014701102252,-0.5434635103592981,0.0001178272968287272,-1.6352872186592272e-05,0.005355540187767998,0.08815484726202649,0.047526294902157665,0.01367313580918022,0.0008137375060568089,0.00014353415953868322,-0.05337201305055478,0.6080147042504872,0.16311244108279155,0.0889574384727645,-0.18765038481368795,-0.02318013442084749,0.0214242054914319,-3.116192444423126,-4.311202944143762,-0.9354754929014928,0.0035551474759171874,0.00023388980383086237
1.72,0.00121343376789728,1.4678460110298222,-1.0092105644709384,-0.5433213236362132,0.00012490532388596037,-1.4941100047373446e-05,0.0048458913172616976,0.09336328271313958,0.04909056392868537,0.01421867230848507,0.0007078027057233178,0.0001411772139218825,-0.05577260627637285,0.5914013785064403,0.15213399207278122,0.08635546229643909,-0.19241880613944934,-0.03794294335873431,0.01864240982519832,-3.1035016666913693,-4.305426882580723,-0.933769144877566,0.003000752767619693,0.0002212547702645396
1.73,0.0012566191743957475,1.4688301333775318,-1.0087049388210991,-0.5431739435134261,0.00013089567601456145,-1.3558725884094807e-05,0.004318540649846754,0.09841223477096996,0.05056256498392042,0.01473801227871073,0.000599035212860108,0.00013823741632786393,-0.05795294032098849,0.5738675570629839,0.14088833684215282,0.08355775874614357,-0.1961763765054166,-0.05254174667745317,0.015793120345193184,-3.0923191021394545,-4.300184538749163,-0.9322369896834413,0.0024345023697696835,0.00020571834041632124
1.74,0.001294376339391315,1.46986307197741,-1.0081855413027754,-0.5430216410024887,0.00013577526698406358,-1.2211437865915457e-05,0.003775716499556753,0.10329385998781021,0.05193975183238548,0.015230251093739076,0.00048795909695021386,0.0001347288018179349,-0.05990461662366278,0.5554455102547837,0.12939834276397355,0.08056958555330285,-0.1989041148119467,-0.0669139523223137,0.012888392185940217,-3.0826558418880525,-4.295483487408932,-0.9308811968620447,0.0018591081965987405,0.00018735298509341375
1.75,0.0013265734354256228,1.4709430782343647,-1.007653343612005,-0.5428646956274322,0.00013952634879518848,-1.0904759774460088e-05,0.0032197096034307865,0.10800062569546108,0.05321976907703405,0.01569453750565013,0.00037510818111249113,0.00013066780914553695,-0.06162009998205184,0.5361690215833592,0.11768740565826767,0.07739672928801333,-0.20058852832103347,-0.08099795291521733,0.009940532934016545,-3.0745203221789534,-4.291330223541377,-0.9297035981650605,0.001277322519822258,0.00016624306661756915
1.76,0.0013531020715473088,1.4720683314612708,-1.007109339040833,-0.5427033948729993,0.00014213658279455424,-9.644027727652791e-06,0.002652863612168599,0.11252532269062396,0.05440045711719148,0.016130075443292122,0.00026102339993657505,0.00012607320468072965,-0.06309275578115411,0.5160733034319394,0.1057793934655293,0.07404549389060167,-0.20122167052935014,-0.09473338907041041,0.006962050085331429,-3.067918343911942,-4.287730157307942,-0.9287056864940061,0.0006919242850219436,0.00014248445016010235
1.77,0.0013738777245919955,1.4732369422323466,-1.0065545404745357,-0.5425380336162117,0.00014359908407544385,-8.434367763542571e-06,0.0020775653044686595,0.11686107710757353,0.055479856629727126,0.016536125678768544,0.00014625012808896113,0.00012096599641102207,-0.06431688503409529,0.4951949098876193,0.09369858851433273,0.07052268742640355,-0.20080116852827812,-0.10806140723626062,0.003965596962268266,-3.0628530977630524,-4.284687611530948,-0.9278886155959695,0.00010570529084625899,0.0001161840661052225
1.78,0.0013888400701760097,1.4744469558469029,-1.0059899783489272,-0.5423689135426406,0.0001439124390048281,-7.280674379416305e-06,0.0014962345584014188,0.12100136145563688,0.05645621256084748,0.01691200735710992,3.133549293842411e-05,0.00011536933841262663,-0.06528775691622929,0.47357164702211896,0.08146962857514327,0.06683560708976088,-0.1993302199652709,-0.12092491098420244,0.0009639173026246573,-3.0593251946051843,-4.282205821652448,-0.9272532004973115,-0.00047854369814986485,8.745942546811714e-05
1.79,0.0013979532113304288,1.4756963558949268,-1.0054166985727515,-0.542196342548792,0.00014308069584975094,-6.1875901171469055e-06,0.0009113141154419144,0.12494000480239605,0.05732797761756641,0.01725709938485774,-8.317431550771688e-05,0.0001093084262269399,-0.06600163846307683,0.45124248099162456,0.06911744689588029,0.06299202248974556,-0.19681755989574523,-0.1332688046933329,-0.0020302112506649286,-3.057332700937017,-4.280286938119594,-0.9267999186565771,-0.001058046833673037,5.64380905954307e-05
1.8,0.0014012058030807278,1.4769830679157965,-1.0048357604202551,-0.5420206341320543,0.00014111332860890514,-5.159486280988517e-06,0.000325259175029905,0.12867120208696284,0.05809381524963247,0.01757084167377001,-0.00019673672408458004,0.00010281038361583883,-0.06645582109706674,0.4282474443209041,0.056667211420607884,0.0590001572604919,-0.1932773979814672,-0.1450402286115703,-0.005004034513652921,-3.05687117901376,-4.278932031138055,-0.9265289118160341,-0.001630056989366822,2.325710356639412e-05
1.81,0.0013986110716777982,1.4783049631413079,-1.0042482343991106,-0.5418421067696908,0.00013802517428711906,-4.2004448689279705e-06,-0.00025947314029296656,0.13218952255113772,0.05875260211444614,0.017852736236346867,-0.00030881543217860756,9.590414120605464e-05,-0.06664864364793735,0.40462754074151086,0.0441442633976983,0.05486866903463494,-0.18872932665176156,-0.15618878431019892,-0.007944879718523557,-3.057933731363118,-4.2781410977287395,-0.926439988529612,-0.002191869418737258,-1.1937625107903541e-05
1.82,0.0013902067276074417,1.4796598623141053,-1.0036552000989178,-0.5416610832883868,0.00013383634398092328,-3.3142417932549208e-06,-0.0008404344070356425,0.13548991727973297,0.05930343001928311,0.018102348130398474,-0.00041888303061957707,8.862030756730497e-05,-0.06657951153723447,0.3804246489541316,0.03157405557993431,0.05060662785769532,-0.18319820099418627,-0.16666674958838593,-0.01084021378865691,-3.0605110493620513,-4.277913071017124,-0.9265326273435007,-0.0027408351947032185,-4.899196472251007e-05
1.83,0.0013760547719462901,1.4810455395725532,-1.0030577440255484,-0.541477890225883,0.00012857210827175352,-2.5043314602462067e-06,-0.0014151955661151545,0.13856772584478985,0.05974560733693699,0.01831930625037894,-0.0005264235709169768,8.099103330087142e-05,-0.06624891180839718,0.3556814256853671,0.018982090230364346,0.04622349307938722,-0.17671399128353255,-0.17642928192638224,-0.013677701643663562,-3.064591465544841,-4.278245831679436,-0.9268059806044553,-0.003274374361167404,-8.774424663499065e-05
1.84,0.001356241196090776,1.4824597263930717,-1.0024569574266213,-0.5412928571862454,0.0001222627575490701,-1.7738327727987795e-06,-0.001981357585551408,0.14141868205183278,0.060078659892704625,0.018503303963758464,-0.0006309350722683429,7.304986874474271e-05,-0.06565842370056317,0.33044120840435065,0.0063938571362373575,0.0417290888230506,-0.16931160919019445,-0.18543460963427844,-0.016445264235277084,-3.0701610093098672,-4.279136221465173,-0.9272588788697109,-0.0037899887284109485,-0.0001280259774805669
1.85,0.0013308755753602846,1.4839001155809681,-1.001853934113397,-0.5411063161903332,0.0001149434380081454,-1.1255166135167084e-06,-0.0025365620730491345,0.14403891878965688,0.0603023313224411,0.018654099591225055,-0.0007319319540924694,6.483161592820712e-05,-0.06481072448600239,0.30474791806049595,-0.006165228157180951,0.0371335780898997,-0.16103070883108578,-0.19364420989160316,-0.01913113600571081,-3.0772034656921807,-4.280580058711498,-0.9278898358915737,-0.0042852742458989795,-0.00016966258015963269
1.86,0.0013000905574636038,1.4853643653008524,-1.0012497682843648,-0.5409186010230327,0.00010665396418591195,-5.617948591894763e-07,-0.0030785017896680904,0.14642497198841964,0.060416582903208636,0.018771516730050314,-0.0008289473822233455,5.637217543272321e-05,-0.06370959031782195,0.27864596219495885,-0.018669885689283083,0.03244743559342178,-0.1519154639389887,-0.20102297292716262,-0.02172392145291415,-3.0857004368705927,-4.282572155761599,-0.9286970541490173,-0.004757932888240205,-0.00021247415929905462
1.87,0.0012640412473166331,1.486850103137792,-1.0006455523557667,-0.5407300465788277,9.743860901251839e-05,-8.47109708202144e-08,-0.003604931014697073,0.1485737836939754,0.06042159285981718,0.018855444420490627,-0.0009215355173393551,4.77083888369262e-05,-0.062359891865916096,0.25218013876800716,-0.03109503180131575,0.027681419417614483,-0.14201432252824558,-0.2075393516448798,-0.024212650482274715,-3.095631406082232,-4.28510633819636,-0.929678430898153,-0.005205783992557629,-0.0002562762877914779
1.8800000000000001,0.001222904490206113,1.4883549301804866,-1.0000423748042437,-0.5405409882072715,8.73458724655705e-05,3.040678035962817e-07,-0.004113675711052015,0.15048270426945073,0.06031775515230089,0.01890583715562508,-0.0010092736546947882,3.8877877441649606e-05,-0.060767584554484035,0.22539554103367318,-0.043415839028692546,0.02284654159244187,-0.1313797405270744,-0.2131654960603186,-0.026586832221858387,-3.1069738036234416,-4.288175465786433,-0.9308315647130696,-0.0056267749883864345,-0.000300880810934952
1.8900000000000001,0.001176878055805734,1.4898764251178662,-0.9994413180267329,-0.5403517610599159,7.642823001792083e-05,6.032565834539507e-07,-0.004602643440037894,0.1521494937379636,0.06010567775108507,0.0189227147355582,-0.0010917642447649673,2.991887798576691e-05,-0.05893969325341701,0.19833746377706574,-0.0556077949743576,0.017954037689506208,-0.12006789592945655,-0.21787737197517654,-0.02883650697839517,-3.119703074624358,-4.291771455070247,-0.9321537624884374,-0.006018991464404098,-0.0003460966646288984
1.9000000000000001,0.001126179726064046,1.4914121483406977,-0.9988434562226504,-0.5401626994402415,6.474186216782414e-05,8.119573442082378e-07,-0.0050698329741687915,0.1535723222831562,0.05978618040825427,0.018906161967437395,-0.0011686367850096695,2.0870076075428714e-05,-0.05688429131787611,0.17105131121542352,-0.06764675997811317,0.013015335553745344,-0.10813838509199261,-0.22165486338166424,-0.030952296013990944,-3.133792748294403,-4.295885303462504,-0.9336420468752701,-0.006380666519797107,-0.000391730704031997
1.9100000000000001,0.001071046290494573,1.4929596460399657,-0.9982498533033008,-0.5399741361581092,5.2346366431826786e-05,9.296617247863501e-07,-0.005513343556947301,0.15474976992679051,0.0593602919349469,0.01885632821323244,-0.0012395495735997351,1.1770438057811217e-05,-0.05461047391480287,0.14358250684493726,-0.07950902339658279,0.008042023268249071,-0.0956539028650582,-0.2244818581560084,-0.032925448829041803,-3.1492145083480345,-4.300507114797203,-0.9352931641214377,-0.006710189351860089,-0.00043758853905309127
1.92,0.0010117324529038089,1.4945164542940164,-0.9976615608333365,-0.5397864018902319,3.93044532654704e-05,9.56252145544418e-07,-0.005931383759076421,0.15568082540506115,0.05882924699643996,0.018773426787728777,-0.0013041913166356384,2.659042075806795e-06,-0.052128325621419384,0.11597640549639575,-0.09117135832613432,0.0030458164894847928,-0.08267990830150199,-0.22634631666975988,-0.0347478876450703,-3.1659382643333824,-4.305626126209326,-0.9371035922888369,-0.00700611303548281,-0.00048347537302768006
1.93,0.0009485096540885803,1.4960801031366913,-0.9970796160089568,-0.5395998245481354,2.5681627454354276e-05,8.920012359654065e-07,-0.006322279881522857,0.15636488426747988,0.0581944824379669,0.01865773420964808,-0.0013622825811116124,-6.425090957901147e-06,-0.04944888232826333,0.08827820784231107,-0.1026110745987037,-0.0019614747496680823,-0.0692842777320303,-0.2272403230188043,-0.03641224879218909,-3.183932223601701,-4.311230736259992,-0.9390695498196407,-0.007267161454486154,-0.000529196840930178
1.94,0.000881664815516832,1.4976481205989332,-0.9965050396773997,-0.5394147286550426,1.1545856587941093e-05,7.375695786634691e-07,-0.006684483857174836,0.15680174622417936,0.05745763315571115,0.01850958930927442,-0.001413577086641318,-1.5443165730193743e-05,-0.046584087527413706,0.06053287757533402,-0.11380606989769258,-0.0069679796340417766,-0.05553694703348094,-0.22716011864336666,-0.03791192071958097,-3.2031629636715926,-4.317308534210778,-0.9411870044245996,-0.007492235349293886,-0.000574559843485591
1.95,0.00081149900947143,1.4992180367166257,-0.9959388344021123,-0.5392314347330786,-3.0327717096349213e-06,4.940017835869911e-07,-0.007016580604540206,0.15699161176925638,0.05662052752873498,0.018329392196398262,-0.0014578628297576015,-2.435677950764779e-05,-0.043546743114689736,0.03278506145508997,-0.12473487884783575,-0.011961800435279113,-0.04150954494500825,-0.22610611818624046,-0.039241078363691624,-3.223595504759639,-4.3238463303545815,-0.9434516822671222,-0.007680417450146096,-0.0006193733735735503
1.96,0.0007383260615813541,1.500787387497719,-0.995381982577824,-0.5390502587021506,-1.798240206389611e-05,1.627209135612112e-07,-0.007317294789007581,0.15693507810932592,0.05568518242883325,0.018117603092795222,-0.001494963035426119,-3.312808700257799e-05,-0.04035045488207614,0.005079012397115193,-0.1353767199412627,-0.01693104654200417,-0.02727501930853385,-0.22408290751204357,-0.04039471362764855,-3.245193382267318,-4.330830187312131,-0.9458590774176587,-0.00783097666994535,-0.0006634493313625594
1.97,0.000662471092084989,1.5023537188419966,-0.9948354445995595,-0.5388715112918121,-3.32297713765624e-05,-2.5447871055006486e-07,-0.007585496949636512,0.15663313442776988,0.05465379782644265,0.017874741033854658,-0.001524736931266629,-4.1719962411127603e-05,-0.03700957292304083,-0.02254148424841171,-0.14571154017819868,-0.021863868509095163,-0.012907258123026677,-0.22109922388688386,-0.04136866174661559,-3.267918719033471,-4.338245452205621,-0.9484044615538155,-0.007943371335849136,-0.0007066033246725387
1.98,0.0005842690025625955,1.5039145904071591,-0.9943001570894417,-0.5386954974673689,-4.870057478508977e-05,-7.55440289786977e-07,-0.007820208952239352,0.15608715651625196,0.05352875101177768,0.017601382444320104,-0.0015470803408527368,-5.009615792369122e-05,-0.033539127218039186,-0.05003318110351703,-0.15572005730493163,-0.02674849202081142,0.001519292691534252,-0.2171679183932323,-0.04215962333718464,-3.2917322971811105,-4.346076789623393,-0.9510828938826044,-0.008017251443852258,-0.0007486554511389244
1.99,0.0005040629152360763,1.5054675794152184,-0.9937770311849287,-0.5385225158714344,-6.431983571865665e-05,-1.3376548700390257e-06,-0.008020608732651927,0.1552989008059142,0.052312590451308906,0.017298159593446154,-0.0015619260933566884,-5.822145802520488e-05,-0.02995475871007522,-0.07735343575722622,-0.16538379955037258,-0.031573251627618815,0.015930012925981687,-0.2123059007325569,-0.042765181954316486,-3.3165936294078313,-4.3543082152924795,-0.953889231262258,-0.008052459925811863,-0.0007894310588414116
2.0,0.00042220257226065585,1.5070102843935311,-0.9932669508919233,-0.5383528582820827,-8.001227819581948e-05,-1.9982731592698432e-06,-0.00818603429754204,0.15427049783128677,0.051008029300539444,0.01696575893517125,-0.0015692442477162833,-6.606182892308174e-05,-0.026272646220057,-0.10446027427443602,-0.17468514276869387,-0.03632662414628929,0.0302504912230116,-0.2065340666434476,-0.043183817006536035,-3.3424610295893045,-4.36292313037884,-0.9568181385021265,-0.008049032923624262,-0.0008287614821643663
2.0100000000000002,0.00033904270272214096,1.5085403288451344,-0.9927707715059756,-0.5381868090886909,-9.57026995000369e-05,-2.734118783906948e-06,-0.008315986953851488,0.15300444516032508,0.04961793859477192,0.016604919339184118,-0.0015690421304217414,-7.358456246371047e-05,-0.022509429588666485,-0.1313124511706286,-0.18360734491223418,-0.040997261593434864,0.04440690585617801,-0.19987720823866578,-0.043414911908843154,-3.3692916825858577,-4.371904356338328,-0.9598640988202594,-0.008007199070538162,-0.0008664847497734584
2.02,0.00025494136530231743,1.5100553648433759,-0.9922893181045737,-0.5380246447865009,-0.00011131634136950698,-3.54170292315076e-06,-0.008410133741982354,0.15150359982414288,0.048145340140195586,0.016216430218995735,-0.0015613641869470082,-8.075841392438118e-05,-0.01868212946504072,-0.15786950582826198,-0.19213457776511586,-0.04557402354806972,0.05832640129741938,-0.19236390763898942,-0.043458757382850856,-3.3970417131625776,-4.381234170244805,-0.963021424439416,-0.007927377784852006,-0.0009024462617237497
2.0300000000000002,0.00017025827478138548,1.5115530765461753,-0.9918233841132923,-0.5378666334908674,-0.00012677925784728748,-4.417240254111659e-06,-0.008468309052093195,0.1497711702799511,0.04659339912814167,0.015801129563348434,-0.0015462916477780504,-8.755373309608988e-05,-0.014808064192552671,-0.18409181535455632,-0.20025195588884048,-0.050046008811552634,0.07193745875223768,-0.18402641435433278,-0.0433165498447531,-3.4256662539531133,-4.390894340525185,-0.9662842673033415,-0.007810176586465737,-0.0009364994328575061
2.04,8.535312070804148e-05,1.5130311836255796,-0.9913737299483345,-0.5377130344720927,-0.0001420186779564419,-5.356666135149633e-06,-0.0084905154073344,0.1478107079404358,0.044965416495782284,0.015359901877462615,-0.0015239420109154423,-9.39425881037974e-05,-0.010904764268166537,-0.20994064390307185,-0.2079455627338002,-0.05440258627084127,0.0851702588774984,-0.17490050693360618,-0.04299038485357325,-3.455119512417298,-4.400866163034833,-0.9696466298963016,-0.007656387451909098,-0.0009685062998049047
2.05,5.838866831238334e-07,1.514487444608603,-0.9909410817377658,-0.537564097711685,-0.00015696336139289823,-6.355654949591764e-06,-0.008476923402491765,0.1456260983023413,0.04326482105686287,0.014893676040773938,-0.0014944683436456337,-9.989888144421316e-05,-0.006989884873960611,-0.23537818850300107,-0.21520247388938454,-0.05863342484986522,0.09795703493849678,-0.16502533947389783,-0.042483245624478735,-3.4853548367611755,-4.4111304974100065,-0.9731023761499017,-0.007466982228522995,-0.000998338089066765
2.06,-8.369482122976053e-05,1.5159196601256666,-0.9905261301235031,-0.5374200634808057,-0.0001715439454656963,-7.409639527160424e-06,-0.008427870791288436,0.1432215517063595,0.04149516142626997,0.014403423087929036,-0.001458058407279805,-0.00010539845775686591,-0.003081116997397148,-0.2603676214614286,-0.22201077745527337,-0.06272852244676708,0.11023241471112159,-0.15444327364531169,-0.041798986644475164,-3.516324780806536,-4.421667803637732,-0.9766452424223294,-0.007243107133398127,-0.0010258757438347042
2.07,-0.0001671334284345928,1.5173256760632625,-0.9901295291458796,-0.5372811619416068,-0.00018569328156016395,-8.513831555980176e-06,-0.008343860720483225,0.14060159375959716,0.03966009776235117,0.013890153919887856,-0.0014149336094467654,-0.00011041920288197529,0.0008039023292366105,-0.2848731294215933,-0.22835959152582974,-0.06667823376798077,0.12193374949041201,-0.14319969695191598,-0.04094231246025355,-3.547981167814,-4.432458178786719,-0.9802688485361298,-0.006986076367452196,-0.0010510104073900193
2.08,-0.00024938901957320117,1.5187033866177715,-0.9897518952123704,-0.5371476127720864,-0.00019934675945408633,-9.66324289396241e-06,-0.008225559113860834,0.13777105545089918,0.037763393350916316,0.013354916952039183,-0.0013653477893922378,-0.00011494113379822342,0.004647680130320893,-0.3088599491787096,-0.23423907879462622,-0.0704732969603179,0.13300142862890985,-0.13134282800889013,-0.03991875174005907,-3.580275153279925,-4.443481393846317,-0.9839667088616093,-0.006697364879625623,-0.0010736438611171067
2.09,-0.0003301269317152156,1.5200507372476533,-0.9893938061518227,-0.5370196248150239,-0.000212442617879853,-1.0852707684710412e-05,-0.008073791214201442,0.1347350629881708,0.03580890605476778,0.012798795706257457,-0.0013095858425766663,-0.00011894647907480024,0.008432957384011619,-0.33229440037016605,-0.2396404582944037,-0.07410485895953944,0.14337917809721296,-0.11892350967341386,-0.03873462674294008,-3.6131572867424335,-4.454716930623669,-0.9877322434338492,-0.006378600320575035,-0.0010936889153697544
2.1,-0.0004090223046782752,1.5213657275215091,-0.9890558003552984,-0.5368973957514855,-0.00022492223979658218,-1.2076905179858718e-05,-0.007889537296305964,0.1314990273855792,0.033800579652437136,0.012222906353826788,-0.0012479621916729185,-0.0001224197495148306,0.012142798168572186,-0.35514391517131133,-0.24455601429917356,-0.07756449947335997,0.15301434163428015,-0.10599499091954914,-0.03739701835933716,-3.6465775726454965,-4.466144018652245,-0.9915587890921547,-0.006031554229418274,-0.0011110697516380163
2.11,-0.000485761580369318,1.5226464138597806,-0.988738376004403,-0.5367811117993243,-0.00023673043091497893,-1.3330383166971738e-05,-0.007673927569104277,0.1280686338271483,0.03174243508954423,0.011628395216120309,-0.0011808191118396754,-0.0001253477987113019,0.015760677514312798,-0.37737706513919966,-0.2489791024235159,-0.08084425353422353,0.16185814313721825,-0.09261269839658993,-0.035913726916472655,-3.6804855303223176,-4.477741672067771,-0.9954396106315152,-0.005658132501016188,-0.0011257222146789075
2.12,-0.000560043943266823,1.5238909121680986,-0.9884419903877444,-0.5366709474370256,-0.00024781568010379676,-1.4607581899788667e-05,-0.007428236289750506,0.12444983083179978,0.029638561665855403,0.011016436229871824,-0.0011085249188817843,-0.0001277198732816928,0.019270567424449367,-0.39896358535803594,-0.25290415296662555,-0.08393663254542827,0.1698659290280848,-0.07883399865561813,-0.03429322897014099,-3.7148302531702275,-4.489488726410234,-0.9993679119563323,-0.005260365184943065,-0.0011375940534947998
2.13,-0.0006315826944406128,1.5250974003605322,-0.9881670593059374,-0.5365670651531876,-0.00025813040039981115,-1.590285842572302e-05,-0.007153875117378976,0.12064881924336275,0.02749310818069296,0.010388228383790216,-0.0010314720296014362,-0.00012952765259343529,0.022657020538683823,-0.4198743960472373,-0.2563266715558232,-0.08683464376461236,0.17699738942982152,-0.06471795206934448,-0.03254463033110054,-3.7495604670986205,-4.5013638753131495,-1.0033368472272814,-0.0048403956706836926,-0.0011466451102681938
2.14,-0.0007001065518288395,1.526264120771207,-0.9879139565653487,-0.5364696152218561,-0.00026763114944271054,-1.721051120411223e-05,-0.0068523857388226705,0.11667204106749411,0.025310274058863002,0.009744993133157576,-0.0009500749042899363,-0.00013076527783892114,0.02590525092754407,-0.4400816217990883,-0.25924323715002845,-0.08953180817894202,0.18321675708354257,-0.05032505950608403,-0.03067761559910673,-3.7846245883392244,-4.513345707043393,-1.0073395319926677,-0.004400469316682192,-0.0011528474565895772
2.15,-0.0007653608698593626,1.5273893824529654,-0.9876830135605618,-0.5363787355038668,-0.000276278828261767,-1.8524804907770048e-05,-0.006525431803052311,0.11252616817583375,0.023094300478703735,0.009087971798930328,-0.0008647678819056426,-0.00013142937036578165,0.029001211523056174,-0.4595586086176101,-0.2616514974772617,-0.09202217671433743,0.18849298304522724,-0.03571700285068236,-0.02870239450055039,-3.819970780714297,-4.525412740857027,-1.0113690542960845,-0.003942921583643447,-0.0011561854765452808
2.16,-0.0008271087719128462,1.5284715633619264,-0.9874745189453293,-0.5362945512742897,-0.00028403885745202704,-1.9839995299923988e-05,-0.006174790205348359,0.10821809089608742,0.020849461523239885,0.008418422957708055,-0.0007760029190260065,-0.0001315190392153941,0.03193166771203728,-0.4782799389316614,-0.26355016198093206,-0.09430034475110993,0.1927998883110843,-0.020956380490715347,-0.02662964534650917,-3.855547012462852,-4.537543463138236,-1.0154184857525073,-0.003470165734938102,-0.001156655896463723
2.17,-0.0008851321895752713,1.5295091124269775,-0.9872887183915818,-0.536217175076002,-0.00029088132989350406,-2.11503540786221e-05,-0.005802341766242518,0.10375490650510563,0.018580055374752102,0.007737619828775457,-0.0006842472441477009,-0.00013103587786981132,0.03468426664197345,-0.49622144475538066,-0.2649389923615195,-0.09636146490315989,0.19611629063664146,-0.00610643890857392,-0.024470455946652057,-3.8913011127279535,-4.549716363290028,-1.019480892585209,-0.002984680169076244,-0.001154267761350076
2.18,-0.0009392328031156087,1.5305005515033816,-0.9871258144358583,-0.5361467065993597,-0.00029678113928686164,-2.2450193581165512e-05,-0.0054100613540337345,0.09914390764041589,0.016290395572348734,0.007046847664228582,-0.0005899809393357561,-0.00012998395025434116,0.03724760181576504,-0.5133602191671467,-0.2658187907987621,-0.09820125805483615,0.1984261059354348,0.008769198464406979,-0.022236262330741087,-3.927180827809451,-4.561909969346675,-1.0235493466160603,-0.0024889954509831422,-0.0011490423582702833
2.19,-0.0009892328781473355,1.5314444772098226,-0.9869859664123448,-0.5360832325878796,-0.0003017180839027446,-2.3733891242061744e-05,-0.005000007503172685,0.09439257064410006,0.013984802351353454,0.006347401148015698,-0.0004936944615882971,-0.000128369766089623,0.03961127258043596,-0.5296746262748347,-0.26619138595569425,-0.09981602261054201,0.19971842376704574,0.023606803963520766,-0.019938785643361698,-3.963133877286262,-4.5741028832788935,-1.0276169362018521,-0.001985681110226422,-0.0011410130871744631
2.2,-0.0010349759939872955,1.5323395626483365,-0.9868692904715196,-0.5360268267697846,-0.0003056769450686017,-2.4995913699392314e-05,-0.004574311583995996,0.08950854385138941,0.011667594082523177,0.005640581809498123,-0.000395886116585714,-0.0001262022457330571,0.04176593814594037,-0.545144309829029,-0.26605961685711754,-0.10120264197141626,0.19998755655221484,0.038342818802306486,-0.017589967588893748,-3.999108010110348,-4.586273815963582,-1.0316767771092736,-0.0014773322754002075,-0.001130225279876054
2.21,-0.0010763276598088818,1.5331845590066855,-0.9867758596832369,-0.5359775498152154,-0.000308647540045905,-2.6230840446338573e-05,-0.0041351665821586355,0.08449963583490605,0.009343078828271812,0.0049276954569233,-0.0002970594977303285,-0.00012349267469462594,0.04370336580307744,-0.5597502006387892,-0.2654273147481415,-0.10235859022227034,0.19923306228319856,0.0529141254051105,-0.015201904812579395,-4.035051060771142,-4.598401621790537,-1.0357220233211155,-0.0009665562145662375,-0.0011167359681256614
2.22,-0.0011131758152952975,1.5339782970428266,-0.9867057042229148,-0.5359354493188556,-0.0003106247490814409,-2.7433386926901885e-05,-0.003684815548641575,0.07937380361410978,0.00701554603221171,0.0042100496359725025,-0.00019772090355358528,-0.00012025464805633119,0.04541647304432327,-0.5734745229365179,-0.2642992830386145,-0.1032819360307835,0.19745974062979196,0.06725831778982322,-0.012786782609781899,-4.0709110056243105,-4.610465332878926,-1.0397458777661053,-0.00045595885198034707,-0.0011006136019364166
2.23,-0.0011454312131291802,1.534719688451209,-0.9866588116393403,-0.5359005598076726,-0.0003116085165481563,-2.8598426977576376e-05,-0.0032255397833882765,0.07413914083824165,0.004689258357447322,0.0034889511183041396,-9.837674667154238e-05,-0.00011650400506744917,0.04689936332745861,-0.5863007998272721,-0.2626812754389846,-0.10397134477578707,0.19467760247549934,0.08131396883941944,-0.010356808359176765,-4.106636019472367,-4.62244419287646,-1.0437416029645652,5.1868668703344215e-05,-0.0010819377195298943
2.24,-0.0011730276813035196,1.535407727110708,-0.9866351272024587,-0.5358729027734248,-0.00031160382622321065,-2.972101451987051e-05,-0.00275964681743393,0.06880386594988584,0.00236844368815563,0.0027657034247779797,4.6903249456293344e-07,-0.00011225875422941362,0.04814735525940707,-0.5982138579478893,-0.2605799724002963,-0.10442607890756461,0.19090181305265874,0.09502089331488592,-0.007924145076638725,-4.142174532476961,-4.6343176903141705,-1.0477025315817923,0.0005543633049596361,-0.001060798570477266
2.25,-0.0011959222639017831,1.5360414902140602,-0.9866345543293779,-0.5358524867295469,-0.0003106206508827327,-3.079640441211242e-05,-0.0022894582598263513,0.06337631033522162,5.7287308088108894e-05,0.0020416043877923428,9.831753404779462e-05,-0.00010753898922419138,0.04915700501607731,-0.6091998314477512,-0.258002955965726,-0.10464599657317519,0.1861526089797878,0.10832040548179578,-0.0055008454850333,-4.177475287473873,-4.646065591489465,-1.0516220768807278,0.0010490032506214456,-0.0010372966938085688
2.2600000000000002,-0.0012140952396686598,1.5366201392787213,-0.9866569550866907,-0.5358393072919777,-0.00030867387652363555,-3.182007237289595e-05,-0.0018172975766876627,0.05786490646610661,-0.002240075731281917,0.0013179437569230245,0.0001946774359097168,-0.00010236679607835264,0.049926121853389016,-0.6192461653906144,-0.2549586831472648,-0.10463154852401901,0.18045518963778828,0.1211555702467527,-0.0030987869909903584,-4.21248739775146,-4.6576679728497306,-1.055493743065064,0.001533320817900596,-0.001011542453052822
2.27,-0.0012275500183729204,1.5371429210391045,-0.9867021507671021,-0.5358333472834598,-0.00030578320165202983,-3.2787733892811136e-05,-0.0013454778704260475,0.05227817603833138,-0.004519568041142858,0.0005960008517988678,0.0002890674871605741,-9.676615199151883e-05,0.050453776604566916,-0.6283416186625395,-0.2514564579358173,-0.10438377334666171,0.17383958345310843,0.13347144672867833,-0.0007296079531019769,-4.247160405342384,-4.669105252848193,-1.059311135503509,0.0020049149997578013,-0.0009836555303525058
2.2800000000000002,-0.001236312915646643,1.5376091682202018,-0.9867699225382355,-0.5358345768608007,-0.0003019730122046344,-3.369536205573432e-05,-0.0008762897273722643,0.04662471810971901,-0.00677717711334205,-0.0001229577340908579,0.00038101894473953975,-9.076281629231821e-05,0.050740303099146906,-0.6364762664567971,-0.24750640205953123,-0.1039042910383805,0.1663404897856828,0.1452153232236022,0.0015953543831097323,-4.2814443398662005,-4.680358223243041,-1.063067970825432,0.0024614636479905984,-0.0009537643819666883
2.29,-0.0012404328076664874,1.538018300192614,-0.9868600121613951,-0.5358429536645529,-0.0002972722327934691,-3.453920419590726e-05,-0.0004119892019844457,0.04091319724121072,-0.00900896231595812,-0.0008376803752221125,0.0004700779411165328,-8.438421401729405e-05,0.05078729247982982,-0.6436415023911075,-0.2431194245930903,-0.10319529499358149,0.15799709724460878,0.15633694255966904,0.0038651239195825076,-4.315289777947569,-4.691408079809953,-1.0667580868775923,0.0029007352045500112,-0.0009220056576373603
2.3000000000000003,-0.0012399806677188575,1.5383698235090508,-0.986972122777968,-0.5358584229905358,-0.00029171415508439096,-3.531579732228969e-05,4.52139947629794e-05,0.03515233164368732,-0.011211061657290484,-0.0015469325982873047,0.0005558077709078111,-7.765931263824285e-05,0.05059758043395372,-0.6498300402984518,-0.23830719053221613,-0.10225954242191104,0.1488528793768689,0.1667887168807366,0.006069143359350623,-4.348647903221191,-4.702236452437277,-1.0703754525311049,0.0033205999260603,-0.0008885235864423513
2.31,-0.001235048987357726,1.538663332322381,-0.9871059197610675,-0.5358809179825949,-0.0002853362442360979,-3.602198224720071e-05,0.0004931680361131418,0.029350881333021495,-0.013379698309956365,-0.002249499205913355,0.0006377910848293066,-7.061849249110217e-05,0.050175227397024465,-0.6550359157165311,-0.2330820884343709,-0.10110034326675743,0.13895536879103773,0.17652593094378546,0.008197329145275128,-4.3814705669204015,-4.712825434571976,-1.0739141773272307,0.003719040544287511,-0.0008534693318951764
2.32,-0.0012257510855176866,1.5388985086853384,-0.9872610316299437,-0.535910359845966,-0.00027817992443747636,-3.66549163620473e-05,0.0009297901840039486,0.023517636295736447,-0.01551118688761888,-0.0029441863371182124,0.0007156319798621529,-6.3293411484659e-05,0.049525491826102504,-0.6592544870868593,-0.22745719722997776,-0.09972154767456498,0.12835591088898876,0.18550693306541455,0.010240123367743176,-4.4137103490317156,-4.723157611983432,-1.0773685209499848,0.004094162308366244,-0.0008170003191765409
2.33,-0.0012122203095816019,1.539075122732015,-0.9874370510246204,-0.535946658080586,-0.0002702903446870594,-3.721208500894653e-05,0.0013530775936084756,0.017661404667664138,-0.01760193946767572,-0.003629823461997568,0.0007889579750416975,-5.571686468992369e-05,0.048654796680751976,-0.6624824366594513,-0.2214462523065411,-0.09812753206403446,0.1171093984840759,0.19369331290579797,0.012188542345197307,-4.44532061998257,-4.73321609081092,-1.0807329025129804,0.0044442023579361065,-0.0007792795374936376
2.34,-0.001194609133018243,1.5391930327412964,-0.9876335357381606,-0.5359897107336696,-0.0002617161260583463,-3.769131140325565e-05,0.0017611176563358815,0.011791000928141376,-0.019648471354012303,-0.004305265308363674,0.0008574218628713084,-4.792263943091176e-05,0.047570689288694644,-0.6647177710843989,-0.2150636109585795,-0.09632318387501915,0.10527398868177454,0.20105006533681122,0.014034221603160889,-4.4762556028144385,-4.7429845248594,-1.0840019096473232,0.004767538379940561,-0.0007404748206611968
2.35,-0.0011730881547968813,1.539252185082422,-0.9878500098039074,-0.5360394046708522,-0.00025250909178832145,-3.8090765068403205e-05,0.002152097822136179,0.005915234112549356,-0.021647406574671874,-0.00496939371825772,0.0009207034270024855,-3.9945366514755873e-05,0.0462817948118739,-0.6659598216592014,-0.2083242173013503,-0.09431388504353855,0.09291080348941685,0.20754573970011214,0.015769457000893328,-4.506470435778299,-4.752447142107047,-1.0871703073768102,0.005062696505682252,-0.0007007581090823249
2.36,-0.001147845006349315,1.5392526140428857,-0.9880859646350074,-0.5360956158651768,-0.00024272398161322292,-3.840896875093768e-05,0.002524314844756646,4.289604639200629e-05,-0.02359548311000598,-0.00562111943246652,0.0009785110175098536,-3.182036825344751e-05,0.044797763566457115,-0.6662092441863636,-0.20124356673563537,-0.09210549428194303,0.08008361570396111,0.21315257382502667,0.017387241779808726,-4.535921235274108,-4.761588770386594,-1.090233046766096,0.0053283584087928096,-0.0006603046963768636
2.37,-0.0011190831723818478,1.5391944415389318,-0.9883408602134829,-0.5361582097031905,-0.00023241815185502483,-3.8644803790348325e-05,0.002876183396746719,-0.005817250395398798,-0.025489557847546286,-0.0062593838013649,0.0010305829758198081,-2.3583503941064664e-05,0.04312921248694291,-0.6654680183849522,-0.19383767005049168,-0.08970432822984709,0.06685852170033132,0.21784661224127297,0.018881299334127237,-4.564565159041282,-4.770394862201481,-1.0931852733269793,0.005563367569036615,-0.0006192924639604116
2.38,-0.0010870207323369673,1.5390778767089353,-0.9886141263260877,-0.5362270413073964,-0.00022165126283381259,-3.87975139249385e-05,0.003206244004488064,-0.011656482999644694,-0.027326611260481526,-0.006883160420587768,0.0010766889021212255,-1.527101345901748e-05,0.04128766106006954,-0.6637394467880343,-0.18612301724653457,-0.08711714154574057,0.05330360280738519,0.2216078080900027,0.020246111531754055,-4.592360469492369,-4.778851518636513,-1.0960223351674336,0.005766734671307554,-0.0005779011069177323
2.39,-0.0010518890297637638,1.538903215390019,-0.9889051638441599,-0.5363019558742985,-0.00021048495524489456,-3.886670752181497e-05,0.0035131702573203416,-0.017466131891614688,-0.029103751807225582,-0.0074914566902148415,0.0011166307588918035,-6.9193596876469995e-06,0.03928546208829174,-0.6610281530478046,-0.17811654115548153,-0.08435110602095719,0.03948857701386482,0.22442010830641793,0.021476942441897066,-4.619266597067965,-4.786945512321649,-1.0987397908675414,0.005937642113770317,-0.00053631135454022
2.4,-0.0010139312772745332,1.5386708394783042,-0.9892133460446613,-0.5363827890272616,-0.00019898251719479258,-3.885235822586898e-05,0.0037957752489230613,-0.02323759117149067,-0.030818220050130875,-0.008083315296305665,0.0011502438050101983,1.4349295945988955e-06,0.037135727675149305,-0.6573400795622063,-0.1698355809329063,-0.08141378877565408,0.025484442792198497,0.2262715217190367,0.02256985735526343,-4.645244203477516,-4.794664309406546,-1.1013334170660687,0.006075447603819909,-0.0004947041889080653
2.41,-0.0009734011051397382,1.538381216173264,-0.9895380199695806,-0.5364693671833994,-0.00018720854363691417,-3.875480402943721e-05,0.004053017213479506,-0.028962330504022818,-0.03246739249192522,-0.008657815613786727,0.001177397355787842,9.75541964317692e-06,0.03485225085565107,-0.6526824843277025,-0.16129784548913323,-0.07831312962948278,0.011363116863292416,0.22715416978384795,0.02352173701261278,-4.670255244677539,-4.801996090502483,-1.1037992157410401,0.006179686825358118,-0.0004532600648940583
2.42,-0.0009305610619020515,1.538034897106725,-0.9898785078208701,-0.5365615079336977,-0.00017522858998550298,-3.857474477111413e-05,0.004284004323768674,-0.03463190665389933,-0.03404878512894353,-0.009214075029830071,0.001197995365141119,1.8005925832307813e-05,0.03244942332370051,-0.6470639369178401,-0.1525213769259266,-0.0750574177120149,-0.002802932248771983,0.22706431974601013,0.024330286987805323,-4.694263033426864,-4.808929770547566,-1.10613342116737,0.0062500751657902556,-0.00041215813494736966
2.43,-0.0008856810756702392,1.537632517357141,-0.9902341083880768,-0.5366590204355677,-0.00016310882171520458,-3.831323807891353e-05,0.004487998623181236,-0.040237974958407814,-0.03556005672067146,-0.00975125018699857,0.001211976827029839,2.615066922006013e-05,0.029942149735312982,-0.6404943134809316,-0.1435245140375253,-0.07165526739423411,-0.016941053007999862,0.22600240009582084,0.024994042202042238,-4.717232301247207,-4.8154550175504,-1.1083325065343386,0.006286508496100555,-0.0003715754819826278
2.44,-0.000839036884983132,1.537174794349861,-0.9906040985058322,-0.5367617058170233,-0.00015091566177313065,-3.797169377961727e-05,0.004664419068710723,-0.04577230072799105,-0.03699901177553562,-0.010268538145561128,0.001219315994207393,3.4154429929625306e-05,0.02734575909087923,-0.6329847906471436,-0.1343258559316416,-0.06811559362197883,-0.030978780134458567,0.22397299826261724,0.025512366576569193,-4.739129259607219,-4.8215622701670044,-1.1103931902055675,0.006289063002345755,-0.0003316863636520733
2.45,-0.0007909084483110925,1.536662526644218,-0.9909877345383646,-0.5368693575916682,-0.00013871543764055905,-3.755186680267665e-05,0.00481284366720395,-0.05122677056429617,-0.03836360325324819,-0.010765177464487593,0.0012200224132571608,4.198269769406185e-05,0.024675913721618984,-0.6245478382325783,-0.12494422582408674,-0.06444758671629858,-0.04484420248427738,0.22098484056371154,0.025885447861474474,-4.759921660139031,-4.827242754065424,-1.1123124416040073,0.006257994071885498,-0.0002926614712170601
2.46,-0.0007415783413857316,1.536096592608375,-0.9913842538882082,-0.5369817620836758,-0.00012657402988231793,-3.7055848613418086e-05,0.004933010692536078,-0.0565934035843037,-0.03965193498435459,-0.011240449200750801,0.0012141407758241125,4.9601818925856653e-05,0.021948516424617735,-0.6151972106260586,-0.11539863505053076,-0.06066068673504321,-0.05846632769191702,0.2170507545025148,0.02611428770816523,-4.779578853688189,-4.832488497032365,-1.1140874867044679,0.006193734242618768,-0.00025466720615988504
2.47,-0.0006913301516169813,1.5354779489829937,-0.9917928765262876,-0.5370986988619423,-0.00011455652401346046,-3.648605721652446e-05,0.005024818976875033,-0.06186436253811357,-0.040862263807941376,-0.011693677826652671,0.001201750586885747,5.697913968936258e-05,0.01917961630710446,-0.604947936745617,-0.10570824734169024,-0.05676455745870079,-0.07177544174912134,0.21218761358369898,0.02620068708243463,-4.798071847991353,-4.837292342776493,-1.1157158131163074,0.006096890228390937,-0.0002178649775882809
2.48,-0.0006404468788691334,1.534807629334924,-0.9922128065405749,-0.5372199411825921,-0.0001027268674950803,-3.584522577679004e-05,0.005088327274784786,-0.06703196480696519,-0.041993001428731344,-0.012124232064983401,0.0011829656518380157,6.408314397344232e-05,0.01638531391380013,-0.5938163084522534,-0.09589234339944756,-0.05276906008127158,-0.08470346172877805,0.20641626488709902,0.02614722714353985,-4.815373363770318,-4.841647963383197,-1.117195174739031,0.005968239038549489,-0.00018241052338347343
2.49,-0.000589209351823599,1.534086742402253,-0.9926432337005253,-0.5373452564390111,-9.114753364412693e-05,-3.513638990995573e-05,0.005123752704553437,-0.07208869326709362,-0.04304271599504155,-0.012531525641905732,0.0011579333850953372,7.088358668343086e-05,0.01358166622097735,-0.5818198673113271,-0.0859702858101854,-0.0486842266805152,-0.09718427990450693,0.1997614397151179,0.025957245742195746,-4.831457889027057,-4.8455498703765425,-1.1185235959738622,0.00580872321433246,-0.00014845325792886283
2.5,-0.0005378946690557505,1.5333164703322122,-0.9930833350345182,-0.5374744066185864,-7.987919420597862e-05,-3.436287370199878e-05,0.005131468276784859,-0.07702720700408622,-0.04401013339929035,-0.01291501795753085,0.0011268339438148317,7.735162079569535e-05,0.010784592087190391,-0.5689773895963104,-0.07596148432653557,-0.044520233541284426,-0.10915409756820627,0.19225164769962472,0.02563480971666018,-4.8463017313214305,-4.848993424344858,-1.1196993754747004,0.0056194452093464645,-0.00011613564913078966
2.5100000000000002,-0.0004867746737964978,1.5324980668135972,-0.9935322764175475,-0.5376071487653286,-6.8980402293487e-05,-3.3528274520553704e-05,0.00511199952592527,-0.0818403518615061,-0.04489413830293098,-0.013274214674220788,0.0010898791912491619,8.345991814450766e-05,0.008009778753214764,-0.555308869433871,-0.0658853615468295,-0.040287374402733445,-0.12055174690720362,0.18391905482297843,0.02518468319095984,-4.859883067811927,-4.851974843087764,-1.1207210894223458,0.005401660945806333,-8.559262730617982e-05
2.52,-0.00043611447113678625,1.53163285510553,-0.993989214166426,-0.5377432354475558,-5.850728734242969e-05,-3.263644668715782e-05,0.005066020265971153,-0.08652117080671265,-0.04569377488785402,-0.013608668222716292,0.0010473114951057303,8.918278333958868e-05,0.005272589982476499,-0.5408354999962348,-0.05576131901745644,-0.035996033701180874,-0.13131899936969618,0.17479934587651613,0.024612292102611313,-4.872181992839814,-4.85449120824393,-1.121587594306477,0.0051567725824429875,-5.6951028364592e-05
2.5300000000000002,-0.0003861709961659459,1.5307222259645696,-0.9944532966397905,-0.5378824152298182,-4.8513263671047874e-05,-3.169148408372435e-05,0.004994347497084031,-0.09106291409603082,-0.04640824733644589,-0.013917978226246413,0.0009994023671381818,9.449626034334662e-05,0.0025879764279613765,-0.5255796526531362,-0.04560870378139405,-0.031656659875851645,-0.14140085902144237,0.1649315719437471,0.023923685208764846,-4.8831805628383975,-4.856540470360647,-1.1222980292005298,0.004886320534016858,-3.032907355527629e-05
2.54,-0.00033719164121412756,1.5297676354723624,-0.9949236658402167,-0.5380244331482464,-3.9048754160895845e-05,-3.0697701771029906e-05,0.004897935495181836,-0.09545904922072017,-0.047036920042618176,-0.014201791842831244,0.0009464509510152028,9.937823126944482e-05,-2.9611197828491397e-05,-0.5095648540043232,-0.03544677539312967,-0.027279738805804365,-0.1507458394775037,0.15435798355900598,0.023125491839393886,-4.892862838352085,-4.858121452368545,-1.1228518175154425,0.004591974786180324,-5.835887883819026e-06
2.5500000000000003,-0.00028941294999665547,1.5287706027662167,-0.9953994590157791,-0.5381690311885069,-3.016093049791954e-05,-2.9659616701042875e-05,0.004777869121747208,-0.0997032706145716,-0.047579317556230766,-0.014459804026040479,0.0008887823662976305,0.0001038085069987029,-0.002566305586959423,-0.49281576072212563,-0.025294673417360213,-0.022875767444767048,-0.1593062230792748,0.14312385025127583,0.022224876683843455,-4.901214922954148,-4.8592338514270965,-1.1232486682191205,0.004275525552995283,1.6428940871229965e-05
2.56,-0.00024305938603614804,1.5277327076751823,-0.9958798102584134,-0.538315948765552,-2.1893471326880552e-05,-2.858192760859908e-05,0.004635356396050742,-0.10378950910342467,-0.04803512426343637,-0.014691757704513139,0.0008267459171038987,0.00010776890924437958,-0.005008902389213793,-0.4753581321437472,-0.01517138543069959,-0.01845522770704977,-0.16703830107940223,0.13127726724015704,0.021229491912613262,-4.908224998857771,-4.859878239109465,-1.123488576509486,0.003938873327711473,3.6375760793069985e-05
2.57,-0.0001983421822692119,1.5266555882644177,-0.996363852096469,-0.538464923204358,-1.4286339579358275e-05,-2.74694941712352e-05,0.004471720376693612,-0.10771194107645903,-0.048404183805559636,-0.014897443880600207,0.0007607131747522277,0.00011124334373638794,-0.007344935331588432,-0.4572188005627227,-0.005095715536954502,-0.014028560682329827,-0.17390259369400604,0.11886895010434258,0.020147426949595502,-4.913883359022128,-4.860056059898262,-1.1235718239301047,0.0035840183804319746,5.392521055223875e-05
2.58,-0.0001554582782312938,1.52554093829083,-0.9968507170788612,-0.5386156902208432,-7.375580136035471e-06,-2.6327315528906626e-05,0.00428839040379181,-0.11146499735876929,-0.0486864982392107,-0.015076701648524028,0.0006910759443322803,0.00011421786423285728,-0.009562746407974136,-0.43842563918071725,0.004913746585671112,-0.00960614121739134,-0.1798640489822797,0.1059520182927203,0.018987156221039525,-4.918182435563472,-4.859769627967139,-1.123498977918565,0.0032130497590206588,6.900852885670394e-05
2.59,-0.00011458935065912937,1.5243905045731851,-0.9973395393482654,-0.5387679844021682,-1.193138878279699e-06,-2.5160508257831997e-05,0.004086892757216443,-0.11504337176449754,-0.04888222694041373,-0.015229418132504034,0.0006182441257755772,0.00011668072710746298,-0.01165155067363676,-0.4190075276917036,0.0148386560963348,-0.005198252938124037,-0.18489221961843577,0.09258176839475579,0.017757485216207018,-4.92111682429113,-4.859022122226931,-1.1232708907791367,0.0028281338520268887,8.156781745888634e-05
2.6,-7.590094275875911e-05,1.5232060842800885,-0.9978294562008214,-0.5389215396856215,4.2332959273172595e-06,-2.3974283894812147e-05,0.0038688407900370264,-0.11844202930966558,-0.04899168525561137,-0.015355528345333458,0.0005426434805596959,0.00011862243630198517,-0.013601495214002113,-0.3989943154830628,0.024660942846968095,-0.0008150637506174618,-0.188961416728504,0.07881543812959048,0.01646749520098797,-4.922683305199112,-4.857817579618932,-1.1228886980726105,0.0024315025745066028,9.155625675502947e-05
2.61,-3.954169676221192e-05,1.5219895221394502,-0.9983196096298463,-0.539076089835301,8.880429084249871e-06,-2.2773926110058118e-05,0.003635924599654719,-0.12165621406382918,-0.04901534290249062,-0.015455014967946648,0.0004647133156932612,0.00012003577847540294,-0.015403711896144668,-0.3784167824496073,0.03436284067209645,0.0035333981135703407,-0.19205084007380416,0.06471196205161248,0.01512648692965239,-4.922880858756245,-4.856160886642175,-1.122353816417719,0.002025441239397322,9.89382732183064e-05
2.62,-5.642693741915508e-06,1.5207427075732525,-0.998809147851083,-0.5392313689158065,1.272947005508562e-05,-2.1564767627824643e-05,0.0033899003020296413,-0.1246814566197719,-0.048953822123666585,-0.015527908050553004,0.00038490409708357494,0.00012091584822334752,-0.017050363553939483,-0.35730659743024235,0.0439269160969366,0.007837267477038168,-0.19414468397566775,0.05033172000494142,0.013743923701410483,-4.921710677851104,-4.854057769106143,-1.12166794070014,0.001612276178547253,0.00010368965811529134
2.63,2.5683096026829132e-05,1.519467571761646,-0.9992972268070466,-0.5393871117621662,1.5766220102929932e-05,-2.035216699497744e-05,0.003132578976874464,-0.12751358116066042,-0.04880789559635569,-0.015574284635977029,0.0003036750047844313,0.00012126006328472021,-0.018534683303936025,-0.33569627428792564,0.05333609645628425,0.012086864953033793,-0.19523221848815744,0.03573627938970504,0.01232937410759665,-4.919176175262224,-4.851514780104977,-1.1208330406867042,0.0011943621786058387,0.0001057976371650111
2.64,5.434124956363668e-05,1.5181660846406018,-0.9997830116480594,-0.5395430544452251,1.7981134532481193e-05,-1.9141485298021843e-05,0.0028658153536807542,-0.13014871210440718,-0.04857848410128279,-0.015594268305880406,0.00022149144295512607,0.00012106816969555977,-0.01985100673824984,-0.31361912566813527,0.06257369740466348,0.016272719021742987,-0.19530784544029045,0.020988132328644,0.010892454812096015,-4.915282986539466,-4.848539286214267,-1.1198513570441606,0.0007740697977456853,0.00010526089100980124
2.65,8.025621266309774e-05,1.5168402518375474,-1.0002656781876011,-0.5396989347317313,1.936935970879169e-05,-1.7938062929085527e-05,0.002591496309946106,-0.13258328030542296,-0.04826665395418531,-0.015588028650614963,0.0001388225176310497,0.00012034223689363154,-0.020994796792732247,-0.2911092144820259,0.07162344980971683,0.020385587378800363,-0.19437112908363122,0.0061504288448559485,0.009442773702197652,-4.910038968198694,-4.8451394519167055,-1.1187253967636595,0.0003537726296074028,0.00010208952657677901
2.66,0.0001033715052027253,1.5154921115496025,-1.0007444143296353,-0.5398544925383663,1.9930744664887385e-05,-1.674719650088039e-05,0.002311529253962756,-0.13481402879449125,-0.04787361420342221,-0.015555780663499812,5.613849560956944e-05,0.00011908664282051353,-0.021962661143071435,-0.2682013031743543,0.0804695260066666,0.0244164775441415,-0.19242680119540054,-0.008713292822384075,0.007989873739450471,-4.903454191148827,-4.841324222268107,-1.1174579279939096,-6.416541906197015e-05,9.630499961703614e-05
2.67,0.00012364980985273493,1.5141237313692208,-1.0012184214656088,-0.5400094703789702,1.9669827243789672e-05,-1.5574116009770377e-05,0.002027830465000963,-0.13683801803816042,-0.047400713597344234,-0.015497784060395346,-2.6091742109771385e-05,0.00011730804911100146,-0.022752362037662423,-0.24493080084754187,0.08909656540317418,0.028356666670792008,-0.18948474060206116,-0.02353937762291894,0.006543177830430328,-4.895540929288153,-4.837103303820879,-1.116051974287891,-0.00047740277086753217,8.793998891578605e-05
2.68,0.00014107294448939986,1.5127372050622225,-1.0016869158388615,-0.5401636138042253,1.859579485553415e-05,-1.4423962344748009e-05,0.0017423134636664933,-0.13865263069982078,-0.046849437325263636,-0.015414342525504936,-0.00010740323882555231,0.00011501536650223674,-0.023362818533684753,-0.22133370832621607,0.09748969941062655,0.03219772054031017,-0.18555992720190695,-0.03826432567475041,0.00511193502571936,-4.886313643225092,-4.832487143827519,-1.1145108082698802,-0.0008836326747089607,7.703822286983584e-05
2.69,0.000155641719335699,1.5113346493033675,-1.002149129874222,-0.5403166718330694,1.6722420064792673e-05,-1.3301765238378793e-05,0.0014568774846299144,-0.14025557588551602,-0.04622140353605417,-0.015305802884417949,-0.00018733747907414755,0.00011221971063692164,-0.02379410116119225,-0.19744656125791618,0.1056345756847033,0.03593151170096773,-0.18067237067774278,-0.05282506366476629,0.0037051683419943686,-4.875788959097564,-4.827486907752481,-1.1128379447315326,-0.0012805954925186912,6.365425932810425e-05
2.7,0.00016737568056389229,1.5099182003747822,-1.0026043134706084,-0.5404683973751242,1.4067971358963512e-05,-1.2212421753617716e-05,0.0011733961228193282,-0.14164489285851967,-0.04551835963863718,-0.015172554205482596,-0.0002654448705829161,0.00010893434847610772,-0.024047419098570392,-0.1733063713572239,0.1135173816492811,0.03955023673119305,-0.1748470142030603,-0.0671592145214629,0.0023316244870565227,-4.863985642484277,-4.822114455126427,-1.1110371331676911,-0.0016660907123560585,4.785321978562453e-05
2.71,0.00017631274278935861,1.5084900108327042,-1.0030517352544968,-0.5406185476434311,1.0655099579386673e-05,-1.116067539784595e-05,0.0008937062225466341,-0.14281895420779234,-0.04474217838884108,-0.015015026830691721,-0.000341287177957684,0.0001051746355771766,-0.02412510000094763,-0.1489505659112194,0.12112486728390352,0.04304643258633601,-0.1681136135551058,-0.08120536421492994,0.0009997257510784012,-4.850924567420898,-4.81638231378266,-1.1091123497645832,-0.002037988625978476,2.9710479210843708e-05
2.72,0.00018250871355850916,1.507052246148138,-1.0034906837921709,-0.5407668845568046,6.510700628953595e-06,-1.0151095952530211e-05,0.0006195970769150546,-0.143776468456614,-0.043894853767401786,-0.014833691337346112,-0.00041443989504330776,0.00010095794453157389,-0.024030562680223504,-0.12441692567551502,0.12844436714110916,0.046412992026538494,-0.16050659215710905,-0.09490332455104528,-0.0002824756905278466,-4.83662868055386,-4.810303652521354,-1.1070677888550349,-0.0023942416108734517,9.311312969272913e-06
2.73,0.00018603671358101903,1.5056070813271485,-1.0039204687587124,-0.5409131751311232,1.6657551971002686e-06,-9.188060103585641e-06,0.00035280000225098733,-0.14451648209895457,-0.04297849665414988,-0.014629057431870245,-0.0004844945431853327,9.630358489445697e-05,-0.02376828289088917,-0.09974352129878383,0.13546382157085438,0.04964317808194971,-0.15206487267934574,-0.10819439084076776,-0.0015073408362499252,-4.821122960484383,-4.803892252252846,-1.1049078538572699,-0.002732894958890809,-1.3249497517029373e-05
2.74,0.00018698649707343023,1.5041566975166234,-1.00434042206175,-0.5410571918588958,-3.8448536327019605e-06,-8.275732953840841e-06,9.497834924112106e-05,-0.14503838105250072,-0.04199533030375181,-0.014401672777252,-0.0005510608829802229,9.123271497448003e-05,-0.023343752528977992,-0.07496864842421742,0.14217179711635483,0.05273063755034693,-0.14283168593380846,-0.12102159334651466,-0.0026676840732431798,-4.804434372375079,-4.797162475677015,-1.1026371477158117,-0.003052097196047595,-3.7868098565776835e-05
2.75,0.00018546367716308529,1.5027032786014365,-1.004749898918037,-0.5411987130764527,-9.98254390800337e-06,-7.418050494977419e-06,-0.0001522819910344936,-0.14534189151868757,-0.040947685628711025,-0.014152121755691116,-0.000613769027530141,8.576824588634217e-05,-0.022763432601706393,-0.050130761624068,0.14855750604841328,0.05566941350541832,-0.1328543579003107,-0.13332994143094667,-0.003756810362120516,-4.78659181791119,-4.790129235561283,-1.1002604628648982,-0.003350109840775569,-6.443203551742668e-05
2.7600000000000002,0.0001815888618444025,1.5012490077990206,-1.005148278880994,-0.5413375233181343,-1.6705258365146758e-05,-6.618703111964692e-06,-0.000387481531868277,-0.14542708024159287,-0.03983799629569353,-0.013881024168160231,-0.0006722714457143386,7.993473830127268e-05,-0.02203470037215164,-0.025268407332115234,0.15461082500377388,0.058453956795169515,-0.12218407582303735,-0.14506665936283272,-0.004768549227543534,-4.767626080727978,-4.782807961685302,-1.0977827707366798,-0.003625316550830148,-9.282075938371918e-05
2.77,0.00017549670648013096,1.4997960642574295,-1.0055349668174103,-0.5414734136568613,-2.396770681065393e-05,-5.881120188352652e-06,-0.0006092155364271533,-0.14529435415912,-0.038668793641633996,-0.013589033872700253,-0.000726244844550717,7.3758292361204e-05,-0.02116579112595235,-0.0004201559456990311,0.16032231268652394,0.06107913652512714,-0.11087563441503295,-0.15618141276799322,-0.005697285412188622,-4.747569767434695,-4.775214566525674,-1.0952092108382783,-0.003876231612262466,-0.0001229061665980814
2.7800000000000002,0.00016733488929526755,1.4983466196630142,-1.005909393831575,-0.5416061820304954,-3.1721626014108326e-05,-5.20845587584424e-06,-0.0008161817184863416,-0.1449444594415285,-0.03744270141647839,-0.013276837363403547,-0.0007753919203454397,6.726643125084126e-05,-0.02016573504514967,0.024375466724320834,0.16568322659501886,0.06354024950595094,-0.09898716330363855,-0.16662652475060502,-0.006537986073700514,-4.72645724438414,-4.767365409759127,-1.0925450794235234,-0.004101507727257239,-0.0001545531694714902
2.79,0.00015726301671806323,1.4969028348638735,-1.0062710181351735,-0.541735633553417,-3.9916055704238594e-05,-4.6035760863636974e-06,-0.0010071872577204326,-0.14437847991405361,-0.03616243035985071,-0.012945152292168555,-0.0008194429690130268,6.048797894805422e-05,-0.019044289707335228,0.049080048471589054,0.17068553873041364,0.06583302866036123,-0.08657983694345875,-0.17635718075211865,-0.007286224426358309,-4.704324570354791,-4.759277261667614,-1.0897958177868619,-0.004299943061243213,-0.000187620294835072
2.8000000000000003,0.00014545146577874817,1.4954668565152527,-1.0066193258613672,-0.5418615808127715,-4.8497629171142296e-05,-4.0690467593949785e-06,-0.0011811550939315053,-0.1435978348620809,-0.03483077261937462,-0.012594725935448664,-0.0008581573466903704,5.345293269687192e-05,-0.017811868755948417,0.07365535999168916,0.17532195024391545,0.06795365037691103,-0.07371756831253753,-0.1853316212609718,-0.007938199751186972,-4.681209425329587,-4.750967265533388,-1.0869670002085305,-0.004470487513469646,-0.00022196030823930745
2.81,0.00013208017108050363,1.4940408137530616,-1.0069538318215556,-0.541983844148855,-5.741087689676443e-05,-3.6071234517074896e-06,-0.0013371294698244541,-0.14260427621911062,-0.03345059601884181,-0.01222633360835486,-0.0008913247725622136,4.619233076874889e-05,-0.016479467309497477,0.09806342426519284,0.17958590497605745,0.06989874081049119,-0.060466687794217516,-0.1935113215363357,-0.00849075372001321,-4.6571510355720065,-4.742452899116575,-1.0840643215815662,-0.004612248179197049,-0.0002574208609795809
2.82,0.0001173373641075453,1.4926268149016664,-1.0072740802034046,-0.5421022519191413,-6.659854156334883e-05,-3.219742290741273e-06,-0.0014742806972958338,-0.1413998851395321,-0.032024838184893545,-0.011840777028627531,-0.0009187664666584399,3.873811609662165e-05,-0.015058584693445306,0.12226658583149658,0.18347160184511177,0.07166538110632414,-0.04689560872934752,-0.2008611575619363,-0.008941383000325112,-4.632190095215365,-4.733751935311901,-1.0810935847526628,-0.004724493975752418,-0.0002938451571293113
2.83,0.00010141827283120415,1.4912269442220658,-1.0075796452088184,-0.5422166407454725,-7.600190272605419e-05,-2.9085123269166207e-06,-0.0015919091276341156,-0.13998706796004737,-0.03055650054136922,-0.011438882633122174,-0.0009403361162705367,3.112299638246522e-05,-0.013561145088365758,0.1462275797532359,0.18697400603102507,0.07325111157155983,-0.03307448120154724,-0.20734955750470865,-0.009288248128624032,-4.606368684595915,-4.724882402085076,-1.0780606876101455,-0.004806659408930605,-0.000331072637685493
2.84,8.452378971633955e-05,1.4898432587065118,-1.007870131630628,-0.5423268557439687,-8.556110938166462e-05,-2.674709313990873e-06,-0.001689448311486459,-0.1383685515554023,-0.029048642180969857,-0.011021499849622257,-0.000955920665561042,2.3380301292574802e-05,-0.01199941669173663,0.16990960007303418,0.19008885891297994,0.07465393476212645,-0.019074835691719708,-0.21294863801206132,-0.009530178660138207,-4.5797301855735535,-4.715862541792848,-1.0749716099535458,-0.004858347460566204,-0.00036893967886728084
2.85,6.685911631754143e-05,1.4884777849255526,-1.0081451753668718,-0.542432750737238,-9.521551862066805e-05,-2.519270940335542e-06,-0.0017664673398798123,-0.13654737809591894,-0.027504373624382232,-0.010589499326932702,-0.0009654409239003424,1.5543837365533057e-05,-0.010385929988260335,0.19327636756072245,0.19281268670913002,0.07587231749918288,-0.004969218306057857,-0.21763432474677896,-0.009666674622171686,-4.55231919409627,-4.70671076999386,-1.0718324001803168,-0.004879331582532891,-0.00040728030155668727
2.86,4.863239268808479e-05,1.4871325159333912,-1.0084044438716468,-0.5425341884485015,-0.00010490403851521246,-2.4427935276775616e-06,-0.001822672362945664,-0.13452689921613753,-0.025926850477517964,-0.010143771126357731,-0.0009688519894544415,7.647741265798067e-06,-0.008733395715310965,0.21629219655190546,0.19514280776828635,0.07690519181819822,0.009169180656039173,-0.22138645662444978,-0.009697904316922147,-4.5241814302751155,-4.69744563386026,-1.068649161826127,-0.004869556786932465,-0.00044592688883150533
2.87,3.0053319805666773e-05,1.4858094082373343,-1.008647636541627,-0.5426310406772799,-0.0001145654733708075,-2.445530207467853e-06,-0.0018579072882418017,-0.1323107696056959,-0.02431926699801632,-0.009685222877825944,-0.000966143485559504,-2.7366797902912397e-07,-0.007054623095927346,0.2389220606785291,0.19707733846953887,0.0777519548374992,0.023266902971871915,-0.22418887328821435,-0.00962469853720878,-4.495363646246395,-4.688085770302415,-1.0654280399960265,-0.004829139826791783,-0.000484710908514657
2.88,1.1331783149179306e-05,1.4845103788369807,-1.0088744850374536,-0.5427231884563205,-0.0001241388694552894,-2.5273905786366537e-06,-0.0018721536656487465,-0.1299029400353564,-0.02268484958265918,-0.009214777904066163,-0.0009573396084481909,-8.186037116880081e-06,-0.0053624388922053874,0.26113165729497095,0.19861519767885308,0.07841246756305376,0.03725060173208674,-0.22602948542743578,-0.009448541275156968,-4.4659135321056755,-4.678649863921022,-1.062175207724384,-0.004758368466173809,-0.0005234636376510782
2.89,-7.323514557862052e-06,1.4832373023386523,-1.009084753539332,-0.5428105221894844,-0.00013356385931461833,-2.6879418440965303e-06,-0.0018655297707041358,-0.12730764983285103,-0.021026850187837655,-0.008733373316392536,-0.0009424989859328934,-1.6055126545987652e-05,-0.0036696078073995214,0.2828874704063604,0.1997561097182134,0.07888705262250362,0.05104742163213411,-0.2269003276208554,-0.009171557019435984,-4.435879620205119,-4.669156604902603,-1.0588968523020381,-0.004657699843208512,-0.0005620168858233339
2.9,-2.5706403586752204e-05,1.481992008150403,-1.0092782389362887,-0.5428929417703424,-0.00014278100279157603,-2.926411416988659e-06,-0.0018382889028890153,-0.12452941882493272,-0.019348539695682013,-0.008241958085793246,-0.0009217143476957701,-2.3846957289212854e-05,-0.001988754735768857,0.30415683190939424,0.20050060580083506,0.07917649094456447,0.06458537837375977,-0.2267975934602997,-0.00879649475108437,-4.405311188110768,-4.6596246469753435,-1.0555991616094411,-0.004527757934138702,-0.0006002037142300706
2.91,-4.361457278441291e-05,1.480776277762766,-1.0094547709486779,-0.542970356681274,-0.00015173212288036307,-3.2416909813638473e-06,-0.0017908169197660706,-0.121573038763693,-0.01765320123892807,-0.007741491093166093,-0.0008951120088787053,-3.152795643751885e-05,-0.000332289326160037,0.32490798096144274,0.200850023892424,0.07928201737619367,0.07779373520845323,-0.22572165278837542,-0.008326708761293492,-4.374258160520236,-4.6500725655431285,-1.052288310494809,-0.004369330131037338,-0.000637859147477489
2.92,-6.085086310404509e-05,1.4795918421201977,-1.0096142121836582,-0.5430426860729007,-0.00016036063457737965,-3.6323419857740705e-06,-0.001723629031963218,-0.11844356425682145,-0.015944123498040294,-0.0072329391626695105,-0.0008628511697016574,-3.9065100441022307e-05,0.001287666711440199,0.34511012129883983,0.20080650695371266,0.07920531526108698,0.09060337464061566,-0.22367705096182505,-0.007766136426699252,-4.342771010443434,-4.640518816115803,-1.0489704472363246,-0.00418336295036206,-0.0006748208750727617
2.93,-7.722452198180845e-05,1.4784403790879674,-1.0097564581235035,-0.5431098588237236,-0.00016861186492597033,-4.09660254215e-06,-0.0016373658877763353,-0.1151463032230322,-0.014224593984519664,-0.006717275082291564,-0.0008251230348590677,-4.642605563759298e-05,0.0028593491664357217,0.36473347633276226,0.20037299953064935,0.07894850997589975,0.1029471633049446,-0.22067249013085882,-0.0071192730887971465,-4.310900659949479,-4.630981693153476,-1.045651680127335,-0.00397095689395258,-0.0007109299396598643
2.94,-9.255241177795377e-05,1.4773235110190137,-1.0098814370467506,-0.5431718135798822,-0.00017643336250041888,-4.6323956963810746e-06,-0.0015327889796145316,-0.1116868068953638,-0.012497892324725049,-0.006195475615857031,-0.000782149757444854,-5.3579315423107456e-05,0.004371417406855348,0.38374934185785803,0.19955324265450797,0.07851416144231549,0.11476030803995271,-0.21672079260391486,-0.006391144194028025,-4.2786983807822025,-4.621479289442141,-1.0423380642232378,-0.0037333604884233758,-0.000746031409102152
2.95,-0.00010666016585414442,1.4762428024250491,-1.0099891098823395,-0.5432284987749902,-0.00018377519463173034,-5.237339031222705e-06,-0.001410775407619065,-0.10807085939645611,-0.010767283558888696,-0.0056685195108032976,-0.0007341832131311449,-6.049433348416304e-05,0.005813016671836877,0.4021301362176628,0.19835176702212295,0.07790525562617456,0.12598070119806995,-0.2118388464468593,-0.005587274859926417,-4.2462156951439844,-4.612029456116707,-1.0390355882882976,-0.003471963533140122,-0.0007799750295922035
2.96,-0.00011938328623959707,1.4751997577559368,-1.0100794699970428,-0.5432798726300518,-0.00019059023074441132,-5.908755556554484e-06,-0.0012723120385452638,-0.10430446691122276,-0.009036011470336598,-0.005137385506160187,-0.0006815036112680993,-6.714165253317794e-05,0.007173836315572492,0.4198494477795592,0.1967738844287213,0.07712519503555115,0.13654925326411987,-0.20604753354349503,-0.004713657040495204,-4.213504276943933,-4.60264976344602,-1.0357501619800846,-0.0031882895910695774,-0.0008126158570573575
2.97,-0.00013056817724364,1.4741958192911013,-1.010152542916645,-0.5433259031335044,-0.00019683441024917887,-6.643685836627414e-06,-0.0011184891004042937,-0.10039384648355407,-0.007307291960206859,-0.004603050345257295,-0.0006244179504767541,-7.349302800729296e-05,0.008444163784642226,0.43688207958222985,0.19482567743049994,0.07617778823596866,0.14641021089624556,-0.19937164042281708,-0.0037767144707333234,-4.180615853800676,-4.593357462492487,-1.0324876033084638,-0.0028839877607433196,-0.0008438148642288621
2.98,-0.00014007310979783594,1.4732323651464534,-1.010208385981477,-0.543366568001482,-0.00020246699352085835,-7.438901298789291e-06,-0.0009504932554195946,-0.09634541446480341,-0.0055843064832049516,-0.004066486797763152,-0.0005632583271679479,-7.952154621618774e-05,0.009614934153800143,0.45320409102900555,0.1925139872189947,0.0750672383982991,0.1555114585594973,-0.19183975223380706,-0.002783265576017819,-4.147602110083327,-4.584169447756371,-1.0292536264051744,-0.0025608237713507743,-0.0008734395208529399
2.99,-0.0001477691117535249,1.4723107074000252,-1.0102470879370784,-0.5434018546184393,-0.00020745079458319124,-8.290918663286972e-06,-0.0007696001955688964,-0.09216577464282148,-0.003870195560134098,-0.003528661695726652,-0.0004983801062332882,-8.52017364497682e-05,0.010677775087125163,0.46879283651164566,0.18984639969397185,0.0737981308992064,0.16380480199010605,-0.18348413032430871,-0.0017404845369131602,-4.114514591265818,-4.575102220912091,-1.0260538296390174,-0.002220670446561412,-0.0009013643446431922
3.0,-0.00015354077981718817,1.4714320903392133,-1.0102687684609093,-0.5434317599583227,-0.00021175239422233119,-9.196015429131917e-06,-0.0005771668063663258,-0.08786170608120057,-0.0021680523830869772,-0.0029905339883422397,-0.00043015996391399555,-9.050967658449441e-05,0.01162504713161774,0.48362700086096855,0.18683122972722166,0.07237541999681141,0.17124623180911866,-0.17434057395256003,-0.00065586070398094,-4.0814046098601375,-4.566171855740382,-1.0228936841104386,-0.0018654975860477629,-0.0009274714207047373
3.0100000000000002,-0.00015728700927323503,1.4705976888322216,-1.0102735776262022,-0.5434562904865247,-0.0002153423323578892,-1.0150246346699902e-05,-0.0003746229456046852,-0.0834401506991713,-0.000480916529286666,-0.0024530528201989277,-0.00035899381355579976,-9.542309175679843e-05,0.012449879288036125,0.49768663153329407,0.18347750361491053,0.07080441460458675,0.17779616569766454,-0.16444826673049745,0.0004628434396238756,-4.048323153183207,-4.557393964356605,-1.0197785225580083,-0.0014973613168228702,-0.000951650887301068
3.02,-0.00015892163811864909,1.469808606825989,-1.0102616953041983,-0.5434754620429026,-0.0002181952786138794,-1.1149460803734081e-05,-0.0001634628845414071,-0.07890820062325424,0.001188232200396888,-0.0019171556377974874,-0.0002852946255990227,-9.99214457034179e-05,0.013146199838885372,0.5109531674543145,0.17979493972452648,0.06909076318389884,0.18341966765143455,-0.15384960846476686,0.001607635567513039,-4.015320793200017,-4.548783664831225,-1.0167135287077957,-0.001118392969399503,-0.0009738013859838448
3.0300000000000002,-0.0001583740027135741,1.469065875972566,-1.010233330506176,-0.5434892997061939,-0.00022029018015116966,-1.2189321047748522e-05,5.47635405074997e-05,-0.07427308534229905,0.0028364798022382735,-0.0013837663291208207,-0.00020949015372902658,-0.0001039860244014441,0.013708762445394493,0.5234094644554401,0.17579392734448607,0.06724043779149014,0.18808664294912625,-0.14259003312687724,0.0027703378493148484,-3.982447598672543,-4.540355550294064,-1.0137037270950628,-0.000730787536408439,-0.0009938304742634616
3.04,-0.00015558940253374728,1.4683704543855867,-1.0101887206668378,-0.5434978376402042,-0.0002216103859473701,-1.3265321164500894e-05,0.0002784600179826833,-0.06954215869795147,0.0044609839338142394,-0.000853793401036022,-0.00013202057962004407,-0.00010760001167523708,0.014133167553871123,0.5350398172510255,0.1714855037555328,0.06525971730354807,0.19177200759841168,-0.1307178137432737,0.003942632136550265,-3.949753049829929,-4.53212365960903,-1.0107539733859865,-0.0003367917736616789,-0.0010116549991631188
3.0500000000000003,-0.0001505294720922991,1.467723225528158,-1.0101281308707806,-0.543501118922197,-0.0002221437468387947,-1.4372806729230961e-05,0.0005059930441448153,-0.06472288574285448,0.0060589796057215605,-0.00032812819927427786,-5.3336089142458015e-05,-0.00011074855647300682,0.014415879176830385,0.5458299779195425,0.166881329547042,0.0631551698526005,0.19445583116201737,-0.11828385505469369,0.005116105791222569,-3.91728595576022,-4.524101449700723,-1.0078689452252692,6.130799430012651e-05,-0.0010272014301709329
3.06,-0.00014317245857765814,1.4671249972331677,-1.0100518530239282,-0.5434991953539539,-0.00022188269077147245,-1.5506995044756644e-05,0.0007357013514640986,-0.05982282949903552,0.007627784685247694,0.0001923568243132357,2.6105606732225545e-05,-0.00011341883155256806,0.014554237135589865,0.5557671708646366,0.16199366220914974,0.060933634512166934,0.19612345201490028,-0.10534147484590141,0.006282297953045096,-3.8850943747085016,-4.516301769608918,-1.0050531336336022,0.0004611983003909259,-0.0010404061502822498
3.0700000000000003,-0.00013351340422917965,1.4665765008566785,-1.0099602049719616,-0.5434921272560279,-0.00022082427284342027,-1.666299587829124e-05,0.0009659054348478476,-0.05484963764893205,0.009164805196651278,0.0007068097925890682,0.00010584179280521704,-0.00011560008335345953,0.014546464868602919,0.5648401042474922,0.15683532803998815,0.058602202261071934,0.19676556424143363,-0.09194617489700893,0.007432746041516483,-3.8532255374495943,-4.508736836340907,-1.002310834976885,0.0008605511276844038,-0.0010512157040072775
3.08,-0.00012156423294093776,1.4660783905647647,-1.0098535295679312,-0.5434799832457528,-0.00021897019985775692,-1.7835832607001676e-05,0.0011949171288241898,-0.049811029191379606,0.010667540403039421,0.0012144010275109926,0.00018540729856633505,-0.00011728367287104342,0.014391672923786422,0.5730389778952584,0.15141969241133899,0.056168196276841,0.19637827554627912,-0.07815540255133438,0.00855903228973261,-3.821725773886598,-4.501418212585661,-0.999646143527015,0.001257036602339278,-0.0010595870014063734
3.09,-0.00010735374104537449,1.4656312427538185,-1.009732193691379,-0.5434628399996166,-0.0002163268292449701,-1.9020463680874096e-05,0.0014210491895563263,-0.044714781094625865,0.012133587655225502,0.001714324613615435,0.00026433706127868006,-0.00011846310738724213,0.014089858263554253,0.580355487705032,0.1457606284486779,0.05363915158520971,0.19496313572379007,-0.0640283039344586,0.00965283010786091,-3.790640443009372,-4.494356786347377,-0.9970629446318754,0.0016483357196896333,-0.0010654874774061445
3.1,-9.092749268089113e-05,1.4652355556040382,-1.0095965872214447,-0.5434407820006537,-0.00021290514235197338,-2.02118043103946e-05,0.0016426248364483369,-0.039568714978037225,0.013560646993419294,0.0022057998962928967,0.00034216868929967307,-0.00011913406295205035,0.013641899518442998,0.5867828265765271,0.13987248418321216,0.05102279412507871,0.19252713540759692,-0.04962546989493087,0.01070595007557483,-3.760013866329077,-4.487562752549318,-0.9945649085099006,0.00203215303604051,-0.0010688952058429757
3.11,-7.23476205898788e-05,1.4648917487655018,-1.0094471219665635,-0.5434139012715469,-0.000208720692234734,-2.1404748285891627e-05,0.0018579872091012324,-0.03438068385364368,0.014946525488127952,0.0026880729106838527,0.00041844501172394043,-0.0001192943975497029,0.01304954832942745,0.592315681920615,0.13377004824471384,0.048327019267033755,0.18908267500197198,-0.03500867576647397,0.011710385364427126,-3.7298892648873334,-4.481045596652115,-0.992155484682292,0.002406229258656737,-0.0010697989678759277
3.12,-5.1692533625183286e-05,1.4646001631759216,-1.009284230553491,-0.543382297094175,-0.0002037935262294555,-2.2594189835123923e-05,0.0020655086964695515,-0.02915855895801793,0.016289141307251488,0.0031604177371911094,0.0004927166005278486,-0.00011894415492322965,0.012315416920560318,0.5969502298042447,0.12746851417070892,0.045559869836805156,0.18464750387848733,-0.020240616077138285,0.012658356393115633,-3.7003086999205395,-4.474814080323739,-0.9898378970536399,0.0027683536667362546,-0.0010681982746072098
3.13,-2.90565326627811e-05,1.4643610610088795,-1.0091083652785209,-0.543346075716377,-0.0001981480837137991,-2.3775045425833073e-05,0.0022636000962402186,-0.02391021670421287,0.01758652749701917,0.003622137779789254,0.0005645442515656412,-0.00011808555907091487,0.011442962042835444,0.6006841258055102,0.12098344341378163,0.04272951369654843,0.1792446301052419,-0.005384635351138631,0.013542354520876789,-3.6713130172420665,-4.468876229191202,-0.9876151396493168,0.0031163762968226955,-0.001064103343944784
3.14,-4.54933702584976e-06,1.4641746257510535,-1.0089199969238694,-0.5433053500467419,-0.00019181306960368774,-2.494227542051035e-05,0.002450719563693134,-0.018643525782597013,0.018836835465142605,0.004072566963516044,0.0006335014110111342,-0.00011672299946772765,0.010436465427601077,0.6035164926647012,0.1143307271361461,0.039844220939524666,0.17290220115731528,0.009495543836196621,0.014355184586812971,-3.642941795387541,-4.463239322696921,-0.9854899730156352,0.0034482198271302417,-0.001057535031937239
3.15,2.1704476080129855e-05,1.4640409624066693,-1.0087196135423158,-0.5432602393382643,-0.0001848213042621327,-2.609090549154993e-05,0.0026253813105979614,-0.013366334438426608,0.020038338155362843,0.004511070847751601,0.0006991765341555012,-0.00011486300710395825,0.009301010883854986,0.6054479048298519,0.10752654689009687,0.03691234075010219,0.16565335623769772,0.024336094379471082,0.015090006105861913,-3.6152332975508843,-4.457909886075307,-0.9834649212863634,0.0037618910966294127,-0.0010485247190050156
3.16,4.956611624058736e-05,1.4639600978271403,-1.0085077192132816,-0.543210868861743,-0.00017720955062354936,-2.721604770626894e-05,0.0027861640160457505,-0.008086457952892104,0.021189432903412766,0.00493704765213419,0.0007611753638583359,-0.00011251422147190089,0.008042458168831052,0.6064803700059979,0.10058733428439925,0.03394227799530802,0.15753605101380996,0.039073358564655075,0.015740372935355386,-3.5882244273221495,-4.452893684457979,-0.9815422699168213,0.004055492196467427,-0.0010371141516835323
3.17,7.88833053656094e-05,1.4639319811636085,-1.0082848327736282,-0.5431573695698207,-0.00016901831945951594,-2.8312921192962178e-05,0.002931718912502204,-0.002811666353177837,0.022288643965342293,0.005349929192218968,0.000819123116403342,-0.00010968734866932399,0.006667413755827843,0.6066173078280562,0.09352972974912387,0.03094246960456548,0.14859285574552605,0.05364412121524055,0.016300271229726694,-3.56195068822153,-4.44819571910849,-0.9797240640843845,0.004327231073364924,-0.0010233552406818881
3.18,0.00010949108048360302,1.4639564844398507,-1.008051486526527,-0.5430998777525982,-0.00016029165382922583,-2.9376872301217245e-05,0.0030607775117993618,0.0024503276242168063,0.023334624710116512,0.005749181722259279,0.0008726665630290115,-0.00010639511082550687,0.005183198617753852,0.6058635257874283,0.08637054051361849,0.027921360800958084,0.13887072794520508,0.06798588089255655,0.0167641555049607,-3.536446147008321,-4.44382022578032,-0.978012107751908,0.004575431587035273,-0.0010073098162448435
3.19,0.00014121266985613602,1.4640334032427909,-1.007808224931833,-0.5430385346857703,-0.00015107689386937532,-3.040339417213366e-05,0.0031721589372533,0.00769188029401162,0.02432615946942277,0.006134306682784089,0.0009214759959850498,-0.00010265218709164145,0.00359781313971994,0.6042251925502782,0.07912669791874989,0.024887381254167007,0.1284207608664695,0.08203711798948742,0.017126982638868176,-3.5117434007285677,-4.439770675184552,-0.9764079633882625,0.004798542966400173,-0.0009890493419848646
3.2,0.00017386043815222402,1.4641624575276417,-1.007555603281446,-0.5429734862722609,-0.00014142442318333909,-3.1388145636856285e-05,0.0032647768296087997,0.012905428485098746,0.02526216503869326,0.00650484135094538,0.0009652470686036241,-9.84751464722623e-05,0.0019198992696400816,0.6017098088149855,0.0718152141916402,0.021848921215118278,0.11729790926551718,0.09573755857191306,0.01738424363826604,-3.487873547450624,-4.436049775546469,-0.9749129523379222,0.0049951486124138736,-0.0009686545885244056
3.21,0.00020723689611293892,1.4643432925345015,-1.0072941863632014,-0.5429048826783416,-0.0001313873981876684,-3.23269693649357e-05,0.003337645796071489,0.018083500685974876,0.026141691824464238,0.006860359391932751,0.001003702499567069,-9.388237280794147e-05,0.00015870001253146576,0.5983261758613037,0.06445313881270502,0.018814307709964284,0.10556069401590001,0.10902843284110406,0.017531993009712615,-3.4648661606248092,-4.43265947722335,-0.9735281558293554,0.0051639741986440595,-0.0009462152684556187
3.22,0.0002411357698459222,1.4645754798130441,-1.007024547116858,-0.5428328779652408,-0.0001210214618647047,-3.321590918745185e-05,0.003389887373298326,0.02321872785427122,0.026963924634351773,0.007200471310076348,0.0010365936322963688,-8.889398225161473e-05,-0.0016759836276885214,0.5940843619513888,0.05705751461377766,0.01579178085295818,0.09327088728340628,0.12185272711501727,0.017566875576631773,-3.442749266990603,-4.429600979348709,-0.9722544166098295,0.0053038950243724575,-0.000921829634284515
3.23,0.00027534312461476935,1.4648585183517802,-1.006747265285787,-0.5427576297172547,-0.00011038444345297317,-3.405122652356673e-05,0.003420735476884717,0.0283038538735962,0.027728183107107583,0.007524824798607394,0.0010637018411731528,-8.353173361148879e-05,-0.0035738381552849864,0.5889956667466026,0.04964533374321585,0.012789470363673727,0.08049318008072287,0.13415542825441557,0.01748615059252244,-3.4215493279435076,-4.426874738461633,-0.9710923411922076,0.005413942578853948,-0.0008956040411787168
3.24,0.00030963853773095204,1.4651918358082054,-1.0064629260679725,-0.5426792986673808,-9.953604568159374e-05,-3.482941584319042e-05,0.0034295413116182715,0.03333174564253292,0.02843392178144522,0.007833104987385297,0.0010848397771379432,-7.78189319623693e-05,-0.005524085433468632,0.5830725839084403,0.04223349364566857,0.009815372344006645,0.0672948341227682,0.14588375949332003,0.01728771300754822,-3.401291224263236,-4.424480479073179,-0.9700423026973233,0.00549331027949079,-0.0008676524764815783
3.25,0.0003437963149166778,1.4655747898360283,-1.0061721187699368,-0.5425980483214982,-8.853752122085342e-05,-3.5547219102734095e-05,0.003415777718572577,0.03829540278228561,0.029080729803562633,0.008125034588264968,0.0010998524460740316,-7.178032595436713e-05,-0.007515532770007132,0.576328762054334,0.034838753197722186,0.0068773264028596515,0.05374531999021541,0.15698740666942093,0.01697011175418273,-3.3819982440955827,-4.4224172061156395,-0.9691044442736841,0.0055413583510147075,-0.0008380960580902078
3.2600000000000002,0.00037758674428665267,1.4660066695055396,-1.0058754354671913,-0.5425140445821168,-7.745134007800314e-05,-3.620163909546538e-05,0.0033790429369974857,0.04318796695112597,0.02966833027455266,0.00840037393813535,0.0011086181142850283,-6.544199927312858e-05,-0.009536625123212837,0.5687789642404906,0.027477689149244047,0.003982993193797357,0.03991594368195897,0.16741873389234485,0.016532564926805614,-3.3636920740721696,-4.4206832192143475,-0.9682786830744513,0.005557617817302302,-0.0008070625039200397
3.27,0.0004107773818959811,1.466486696813094,-1.0055734696747896,-0.5424274553727165,-6.634084971500403e-05,-3.6789951662754924e-05,0.0033190637609328464,0.04800273075545451,0.030196579240161572,0.008658920940025855,0.0011110490362999117,-5.883125672895449e-05,-0.011575499306158579,0.560439026145107,0.020166653018052816,0.0011398324404712223,0.025879463696183033,0.1771329877317984,0.015974971740239013,-3.3463927934450233,-4.419276128715909,-0.9675647147699934,0.005541793582153496,-0.0007746855747937999
3.2800000000000002,0.0004431343626213575,1.4670140282755835,-1.0052668150315232,-0.5423384502636861,-5.526992970313115e-05,-3.7309716717487705e-05,0.00323569807253764,0.05273314624893935,0.03066546432663184,0.008900510903046445,0.0011070920011872882,-5.197650547327844e-05,-0.013620040057286516,0.5513258131238188,0.012921728585917891,-0.0016449184733373645,0.011709700824010523,0.18608848905689945,0.015297921163223665,-3.330118871107202,-4.418192873401398,-0.9669620185727731,0.005493766580213008,-0.0007411044931973729
3.29,0.00047442372998428425,1.4675877566057118,-1.0049560640012467,-0.5422472001008632,-4.430264275787658e-05,-3.7758788036087055e-05,0.0031289367362926732,0.05737283301282542,0.031075103027644744,0.009125016282287875,0.0010967286945254564,-4.490713185993476e-05,-0.015657937833984014,0.5414571763083533,0.005758690147319709,-0.004364265287154279,-0.002518857130655236,0.19424681170995856,0.01450269713478351,-3.3148871653657697,-4.417429739807725,-0.9664698627498729,0.005413594984184199,-0.0007064633404389716
3.3000000000000003,0.0005044127783893595,1.4682069124638328,-1.0046418065947604,-0.5421538766376613,-3.3502884016358765e-05,-3.813532178094045e-05,0.0029989048405075188,0.06191558581210953,0.03142574064863769,0.009332346320184863,0.001079975874151782,-3.765337448533953e-05,-0.017676748172459653,0.5308519079161225,-0.0013070383470656644,-0.0070114769286862,-0.01673145347579176,0.201572947253617,0.013591280284331493,-3.3007129263297172,-4.416982383075783,-0.9660873105971676,0.005301514459546309,-0.0006709104348306145
3.31,0.0005328714011388155,1.468870466282071,-1.0043246291156,-0.5420586521717494,-2.2934030428373174e-05,-3.843778372050167e-05,0.0028458622749456017,0.06635538182383367,0.031717747916027106,0.0095224465911892,0.001056885358798559,-3.024619395612206e-05,-0.019663952442417844,0.5195296959353163,-0.008260423100351522,-0.009580104815798407,-0.03085346137028351,0.20803545508917926,0.012566346090237789,-3.2876098007730126,-4.416845849239406,-0.9658132268479811,0.005157937463111229,-0.0006345976935821185
3.3200000000000003,0.000559573437497588,1.4695773301564237,-1.0040051129329992,-0.5419616991872297,-1.2658592131293487e-05,-3.86649551199494e-05,0.0026702036358772527,0.07068638743526652,0.03195161826009494,0.009695298451969543,0.0010275438297079687,-2.2717139944773305e-05,-0.021607019809040687,0.5075110783450231,-0.015086859095568401,-0.012064001302384053,-0.044810780959794475,0.21360659730536058,0.01143125942639791,-3.275589839331296,-4.417014598865184,-0.9656462844879887,0.004983451586916222,-0.000597679981157195
3.33,0.0005842980120223902,1.4703263598025356,-1.0036838332851843,-0.5418631900032328,-2.737867668285444e-06,-3.8815937280984806e-05,0.002472457452480215,0.07490296461119768,0.03212796478149602,0.009850918399689365,0.0009920724463008043,-1.5098216103540814e-05,-0.023493470197773765,0.4948173970249125,-0.0217722073950566,-0.014457337218241273,-0.058530232718319336,0.21826245768085706,0.010190065462091846,-3.2646635058903923,-4.417482531949499,-0.9655849719472236,0.004778816954115832,-0.0005603144468888274
3.34,0.0006068308593346793,1.4711163565708452,-1.0033613581160592,-0.5417632964298202,6.768395111187786e-06,-3.8890154715124727e-05,0.0022532847312289103,0.07899967683096451,0.03224751691250702,0.009989357341257225,0.000950626277947323,-7.421743413992023e-06,-0.025310938039802992,0.4814707515023433,-0.02830283098032587,-0.016754618427858636,-0.0719399448435695,0.2219830443314433,0.008847476897072284,-3.25483968902534,-4.418243013975929,-0.9656276006392569,0.0045449626786799036,-0.0005226598546864942
3.35,0.0006269656275121224,1.4719460695168167,-1.0030382469482066,-0.5416621894320526,1.5802330659677328e-05,-3.888735694066909e-05,0.0020134768177443143,0.08297129459715433,0.03231111678526108,0.010110699776765078,0.0009033935548489544,2.797774455636442e-07,-0.02704723655823521,0.4674939526780301,-0.03466562900115047,-0.01895070135031296,-0.08496973260591115,0.22475237556059513,0.007408857531313832,-3.2461257153500758,-4.419288903033297,-0.9657723128169593,0.004282982405796739,-0.0004848759076911854
3.36,0.0006445051532972244,1.4728141975220084,-1.0027150497950037,-0.5415600388030462,2.4308278079495254e-05,-3.880761889936582e-05,0.0017539525785101942,0.08681280051917292,0.032319715320284076,0.010215062900638668,0.0008505947419817925,7.973804130326889e-06,-0.028690422337131136,0.4529104766638968,-0.040848069309127974,-0.02104080738394898,-0.09755146761415104,0.22655854854423957,0.005880202187135004,-3.238527364640304,-4.420612577892276,-0.9660170897137493,0.003994128954891998,-0.0004471225707452563
3.37,0.0006592627023761315,1.4737193914617688,-1.002392306114507,-0.5414570128468029,3.223309248921682e-05,-3.8651339994639464e-05,0.0014757549078907102,0.09051939397603674,0.03227436804966394,0.010302595624327365,0.0007924814409721568,1.5627890472635754e-05,-0.030228859898180596,0.43774441885799487,-0.04683821916111218,-0.02302053616608779,-0.10961943503564997,0.22739379055186132,0.004268113020386212,-3.2320488865952095,-4.422205966936501,-0.9663597599388308,0.003679808092076779,-0.00040955939354324713
3.38,0.0006710631680661199,1.474660256415407,-1.0020705438076056,-0.5413532780715566,3.9526443745880434e-05,-3.8419241759066216e-05,0.0011800465689988382,0.0940864953638262,0.03217623069014667,0.010373477524623895,0.0007293351256663611,2.3209823557324744e-05,-0.0316512859932498,0.4220204483737958,-0.05262477397594445,-0.024885877639516774,-0.12111067689297603,0.22725449248141874,0.0025797722769869812,-3.226693019107607,-4.424060577842581,-0.9667980080946872,0.003341571463604095,-0.0003723448373166568
3.39,0.0006797442218676512,1.4756353539147493,-1.0017502782627823,-0.5412489988943369,4.614110092604894e-05,-3.811236416454378e-05,0.0008681053801531343,0.0975097499342289,0.0320265544823384,0.010427917721981136,0.0006614657180168506,3.0687759452243815e-05,-0.03294687330553427,0.4057637629305733,-0.058197084048446486,-0.02663322284835723,-0.13196531965344407,0.22614122455917177,0.0008229115711984565,-3.222461007916669,-4.426167527902377,-0.9673293835849701,0.0029811087265159196,-0.00033563560788068473
3.4,0.0006851574094867203,1.4766432042270643,-1.0014320114496522,-0.5411443373574027,5.203320104335733e-05,-3.7732060594295075e-05,0.0005413187619069044,0.10078503123150188,0.03182668131301667,0.010466153693416094,0.0005892100117308387,3.803035702487067e-05,-0.034105293238248895,0.38900004430400786,-0.06354517911989824,-0.02825937344513696,-0.14212688443009372,0.22405873413277697,-0.000994222217507754,-3.2193526275225217,-4.428517574880243,-0.9679513095809357,0.002600238917075529,-0.0002995859978340973
3.41,0.0006871691861159535,1.4776822886684242,-1.0011162310632693,-0.5410394528571545,5.716250056247095e-05,-3.727999150143708e-05,0.00020117766292332548,0.10390844413598727,0.031578038638293005,0.010488450024821207,0.0005129299519113617,4.520690928579954e-05,-0.03511677745761484,0.3717554144250614,-0.06865979072449639,-0.02976154984833701,-0.1515425782234111,0.22101592556080454,-0.002862904311387007,-3.217366203247658,-4.431101148297739,-0.9686610921147041,0.0022009011017781904,-0.0002643472406550666
3.42,0.0006856618849787939,1.4787510519436544,-1.000803409721009,-0.5409345018860776,6.149260835907658e-05,-3.675811678431618e-05,-0.00015073011371596364,0.10687632752302816,0.03128213422603657,0.010495097107689524,0.0004330107796605625,5.218747171208974e-05,-0.03597217784698837,0.3540563922067391,-0.0735323722317931,-0.031137398029854157,-0.16016356475007312,0.21702582227983136,-0.0047739725267279464,-3.216498634336263,-4.433908381038611,-0.9694559292678914,0.0017851443596927532,-0.00023006687937608352
3.43,0.0006805346133901706,1.479847904509122,-1.0004940042136437,-0.5408296377882232,6.499119887215148e-05,-3.616868691413722e-05,-0.000512727158862329,0.10968525654674824,0.030940550736545763,0.010486409785435169,0.000349859051307491,5.894298701789573e-05,-0.03666302452141632,0.3359298511679127,-0.0781551165203862,-0.032384994896047736,-0.1679452135279729,0.21210551120534163,-0.006717870732290463,-3.2167454179888386,-4.436929141167411,-0.9703329204245161,0.0013551171485860802,-0.0001968881524504162
3.44,0.0006717040708691435,1.480971224954709,-1.0001884548120341,-0.5407250105286768,6.763020429779408e-05,-3.5514232855572734e-05,-0.0008830542521027027,0.11233204455868387,0.030554940160944954,0.010462725954641148,0.00026390054256426074,6.544540585644857e-05,-0.03718158154696824,0.31740297791417854,-0.08252097122843803,-0.0335028522308074,-0.17484732601542088,0.2062760696992026,-0.008684695094048539,-3.2181006742363834,-4.440153063856374,-0.9712890755575914,0.0009130561106988764,-0.00016494939934123777
3.45,0.00065910528415374,1.4821193624014257,-0.9998871846306622,-0.5406207664774101,6.938598478281512e-05,-3.479755482601074e-05,-0.0012598786715403544,0.1148137446716875,0.030127018137192596,0.010424405126677834,0.00017557804850210377,7.166780295619907e-05,-0.03752090000709315,0.2985032315264477,-0.08662365153062027,-0.03448991919898292,-0.1808343377349469,0.19956247541107058,-0.010664242906189147,-3.220557171565108,-4.443569583316535,-0.9723213245193942,0.00046127437715755715,-0.00013438348827303227
3.46,0.0006426922543149495,1.4832906389112244,-0.9995905990490233,-0.5405170482078576,7.02394756905155e-05,-3.402170994386347e-05,-0.001641302983879053,0.11712765097986451,0.029658558163890965,0.010371826955244988,8.534909077003863e-05,7.758448821472777e-05,-0.03767486805915488,0.27925830389811673,-0.09045765041270454,-0.0353455833728043,-0.18587549544791745,0.1919934993750454,-0.012646063788642477,-3.2241063532098053,-4.44716796463109,-0.9734265263061099,2.149432804805635e-06,-0.00010531726848346149
3.47,0.0006224385115447483,1.48448335190568,-0.9992990851917001,-0.5404139943105031,7.017631113002183e-05,-3.3189998820896194e-05,-0.0020253742770201207,0.11927129944556124,0.029151385732312293,0.010305389735449746,-6.316456049368501e-06,8.317111229672715e-05,-0.037638257628253964,0.2596960810537593,-0.09401824641520386,-0.03606967029068747,-0.18994500858571092,0.18360158281515104,-0.014619513012465913,-3.2287383640408764,-4.450937335391207,-0.9746014782683472,-0.0004618893943064073,-7.787104920319233e-05
3.48,0.0005983375736009818,1.4856957765903258,-0.9990130114677283,-0.5403117392217023,6.918692306360209e-05,-3.230595115782708e-05,-0.0024100937943766446,0.1212424684645945,0.028607372397178712,0.01022550888008236,-9.893880664197422e-05,8.840476630691174e-05,-0.03740676739266743,0.23984460547296463,-0.09730150883557508,-0.03666244153612308,-0.19302217428310683,0.1744226981837989,-0.016573806696342494,-3.2344420779771097,-4.454866717037237,-0.9758429252399049,-0.0009283737523947329,-5.215810747158264e-05
3.49,0.0005704033043285884,1.4869261683815358,-0.9987327271696606,-0.5402104130679146,6.726661543290837e-05,-3.137331040647752e-05,-0.002793426927239342,0.1230391791210053,0.028028429806766494,0.010132615378765789,-0.00019203076306937132,9.326407513495579e-05,-0.03697706172558103,0.21973203943530076,-0.10030430038583668,-0.03712459134494539,-0.19509147550229372,0.16449619502537122,-0.01849807860047021,-3.2412051258632255,-4.458945055811215,-0.9771475685581488,-0.0013948093262934644,-2.8284226768322872e-05
3.5,0.0005386701691404025,1.4881727653329622,-0.9984585621325321,-0.5401101415254581,6.44156128744415e-05,-3.039601756550323e-05,-0.0031733135188185897,0.12465969514264194,0.02741650371284294,0.010027154245652283,-0.0002851002558466865,9.772928409742912e-05,-0.03634680527140086,0.19938662939468635,-0.10302427731678232,-0.03745724174104323,-0.19614265187799035,0.1538646313233048,-0.020381438228373572,-3.249013923757853,-4.463161253229914,-0.9785120749504108,-0.0018586890691546375,-6.347268305480615e-06
3.5100000000000002,0.0005031933848297898,1.4894337905586503,-0.9981908264527242,-0.5400110456958451,6.063908372604602e-05,-2.9378194180192964e-05,-0.003547678431061278,0.12610252256882465,0.02677356798079383,0.009909582961299929,-0.0003776529148395482,0.00010178233853102648,-0.03551469285171732,0.17883667138440568,-0.10545988702637765,-0.037661936224914344,-0.1961707430563638,0.14257359105197373,-0.02221302993283814,-3.2578537015842457,-4.467504195991319,-0.9799330852619396,-0.002317506535006131,1.3563223318301967e-05
3.52,0.0004640489615995585,1.4907074546500627,-0.9979298102665236,-0.5399132419967021,5.594713715924937e-05,-2.832412461997223e-05,-0.003914442323023128,0.12736640914123326,0.026101618620056964,0.009780369914306666,-0.00046919465667966473,0.0001054069560220734,-0.034480474415806824,0.15811047744759152,-0.10761036318428426,-0.03774063202949851,-0.19517610444237443,0.13067148871463016,-0.02398209270941186,-3.267708532102281,-4.471962785231353,-0.9814072230021325,-0.002768769241029761,3.136637854896519e-05
3.5300000000000002,0.00042133363572466554,1.4919919580843526,-0.9976757835879771,-0.5398168420682201,5.035479440608203e-05,-2.723823771008045e-05,-0.004271532587489296,0.12845034342898662,0.025402667854643776,0.00963999284819452,-0.0005592342753167336,0.00010858869098917828,-0.03324497477336898,0.1372363430819874,-0.10947571841408411,-0.037695690969567174,-0.19316439540999264,0.11820936170531188,-0.025678020349880735,-3.2785613601663037,-4.476525965051813,-0.9829311026870229,-0.003210011988189789,4.699032399612833e-05
3.54,0.00037516469181766337,1.493285493621339,-0.9974289962054459,-0.5397219526950308,4.38819341829765e-05,-2.6125087796391703e-05,-0.004616894390700217,0.1293535536986598,0.02467873825312564,0.009488937318930654,-0.0006472860223105532,0.00011131499136887474,-0.0318101078728329,0.11624251568262021,-0.11105673458288726,-0.037529868917015485,-0.19014654016759225,0.10524065138575797,-0.02729042161895766,-3.290394032238983,-4.481182750244876,-0.9845013379572862,-0.003638810068990271,6.037246500306779e-05
3.5500000000000003,0.00032567967423290355,1.4945862486867363,-0.9971896776360764,-0.5396286757433474,3.65532125477626e-05,-2.4989335324511716e-05,-0.004948501758475983,0.13007550653971497,0.023931856936955785,0.009327695168338526,-0.0007328721635213902,0.00011357524718799877,-0.030178885416785397,0.09515716396148219,-0.1123549507604226,-0.03724630394041396,-0.1861386616068427,0.09182097381771002,-0.028809180110252304,-3.303187326136795,-4.485922253144222,-0.9861145494523962,-0.004052792291676232,7.145972859531468e-05
3.56,0.0002730359877253101,1.4958924077392914,-0.996958037137222,-0.5395371081131624,2.839795755798026e-05,-2.383572701609949e-05,-0.005264368650759342,0.13061590525551092,0.023164049885435425,0.009156763018505543,-0.0008155254989782338,0.00011536083084122252,-0.028355419636721182,0.07400834831878826,-0.11337264891712621,-0.03684850314666663,-0.1811619885956438,0.07800788113546225,-0.030224513432523276,-3.3169209809874585,-4.490733709537441,-0.9877673724229001,-0.004449653751112744,8.02087659042747e-05
3.5700000000000003,0.00021741038806899146,1.4972021546195886,-0.9967342637736721,-0.5394473417052412,1.9450039229051517e-05,-2.2669075726824492e-05,-0.005562559965631863,0.13097468802971432,0.02237733635498325,0.008976640792114887,-0.0008947918328928745,0.00011666512892749994,-0.026344920082230928,0.05282399213801753,-0.1141128374389272,-0.036340328280600714,-0.17524273730413942,0.06386061458527091,-0.031527031374364446,-3.331573727384387,-4.495606503579474,-0.989456464064248,-0.004827168277873598,8.658611333403783e-05
3.58,0.00015899836393685188,1.4985136748783643,-0.9965185265393756,-0.5393594634026068,9.747715418632232e-06,-2.1494240071474674e-05,-0.005841202413213956,0.13115202587756022,0.021573723429655838,0.008787830263443876,-0.0009702323810419285,0.00011748356553498195,-0.024153684314368193,0.031631853972852786,-0.11457923254742354,-0.0357259801255598,-0.16841196727835028,0.049439850293561516,-0.032707792694908276,-3.3471233177271973,-4.500530191651746,-0.9911785105569735,-0.005183200498739366,9.056831191371314e-05
3.59,9.801341194133896e-05,1.4998251580822743,-0.9963109745321846,-0.5392735550661611,-6.665456119426145e-07,-2.0316103902473553e-05,-0.006098495199551292,0.13114832039101498,0.02075520071909486,0.008590833644559072,-0.0010414261030574847,0.0001178136169001122,-0.021789082429517756,0.010459500592951438,-0.11477623771820968,-0.03500998176766179,-0.16070541309576458,0.034807438858346404,-0.03375836018993784,-3.363546556741111,-4.50549452511685,-0.9929302337995336,-0.005515717443835561,9.214198445344304e-05
3.6,3.4686207335074524e-05,1.5011348000951392,-0.9961117371799922,-0.539189693544051,-1.174626508742515e-05,-1.913955572844415e-05,-0.006332720460626443,0.1309642012864831,0.019923735219241283,0.008386152211010219,-0.0011079719475482535,0.00011765481740294024,-0.019259535377773918,-0.010665719146218165,-0.11470892119858314,-0.034197160788167424,-0.15216329255254837,0.020026139884595354,-0.03467085368698995,-3.380819332171348,-4.510489471923784,-0.9947083978215323,-0.005822799638020276,9.13038702990269e-05
3.61,-3.073632653517151e-05,1.502440805332772,-0.9959209245164895,-0.5391079506943401,-2.3441175071577354e-05,-1.7969468159473584e-05,-0.006542253387024603,0.13060052376327133,0.01908126635027855,0.008174284971090094,-0.0011694909984152203,0.0001170087568970565,-0.01657448707871175,-0.03171669964617511,-0.11438299173274577,-0.03329263044312214,-0.1428300924423489,0.005159352606474474,-0.035438000629667635,-3.3989166456515325,-4.515505237023904,-0.9965098148665072,-0.0061026516168480064,8.806081765708597e-05
3.62,-9.799204634048476e-05,1.5037413889895779,-0.9957386275046362,-0.5390283934205155,-3.5697460183841704e-05,-1.6810677465385626e-05,-0.006725571980531324,0.1300583656805962,0.018229701185336376,0.007955727382470168,-0.0012256285112264348,0.00011587906940879575,-0.013744370377125645,-0.0526666031566912,-0.11380477260665568,-0.03230176990540329,-0.13275433309076293,-0.009729156243689238,-0.03605318392045482,-3.417812643747604,-4.520532281563055,-0.9983313511349339,-0.006353611810475277,8.242973363914257e-05
3.63,-0.00016680471019098891,1.5050347792351826,-0.995564918405811,-0.5389510837193179,-4.845801847456205e-05,-1.5667963332622237e-05,-0.0068812663850504165,0.12933902456048127,0.017370909882517913,0.007730970119757642,-0.0012760558290720349,0.00011427141327633877,-0.010780566921307692,-0.0734888836528395,-0.11298117413071504,-0.031230203640984167,-0.12198831290735315,-0.0245755261479675,-0.03651048670280543,-3.437480649180922,-4.525561340820436,-1.0001699321795239,-0.00657416174221522,7.443749234827186e-05
3.64,-0.0002368851875480243,1.5063192193794173,-0.9953998511924927,-0.5388760787403555,-6.166274015386732e-05,-1.4546028904273314e-05,-0.007008047735703537,0.12844401442346223,0.01650672133181818,0.007500497896245245,-0.0013204721679305265,0.00011219344283489229,-0.0076953610867399585,-0.09415731003369347,-0.11191966468099973,-0.03008377999726264,-0.11058783430944538,-0.03931607691868383,-0.03680473377717145,-3.4578931922359324,-4.530583440869849,-1.0020225479463145,-0.006762934492079511,6.412080150523434e-05
3.65,-0.0003079327522660815,1.5075929700040531,-0.995243462002218,-0.5388034308569271,-7.524880277623821e-05,-1.3449481186381914e-05,-0.00710475647180572,0.12737506246358718,0.01563891902746953,0.007264788342840883,-0.001358606262237089,0.00010965477178914,-0.004501888108115693,-0.11464598867845308,-0.11062824042469177,-0.028868549083425954,-0.0986119124559972,-0.05388758203721874,-0.036931529361833644,-3.4790220423592615,-4.535589913944155,-1.0038862574564622,-0.006918722379540143,5.152602828169175e-05
3.66,-0.0003796364528820776,1.508854311059741,-0.995095769630466,-0.5387331877474583,-8.915098139675278e-05,-1.2382811901897497e-05,-0.007170370061599611,0.1261341055687859,0.014769237175205617,0.007024310946878074,-0.0013902178620514574,0.00010666692844844173,-0.0012140766222164148,-0.1349293853941521,-0.10911539385760773,-0.02759074002149664,-0.08612246830821639,-0.06822754003968554,-0.0368872909278689,-3.500838239958067,-4.540572412488464,-1.005758193125004,-0.007040483823885024,3.67089851753934e-05
3.67,-0.00045167655377374906,1.5101015439266636,-0.9949567760600373,-0.5386653924869261,-0.00010330197213648147,-1.1350378871560318e-05,-0.007204010089167148,0.12472328669226836,0.013899357042871468,0.0067795260532089886,-0.001415099073972869,0.00010324330303371779,0.0021534141370133197,-0.1549823467885282,-0.10739008128198226,-0.026256737659118512,-0.07318400760360831,-0.082274442781409,-0.03666927885820358,-3.5233121284065474,-4.545522921892683,-1.0076355647142168,-0.007127349344903266,1.973467692552983e-05
3.68,-0.0005237260403418649,1.511332993437466,-0.9948264670244199,-0.5386000836476292,-0.00011763272752387199,-1.0356387998586035e-05,-0.00720494865681159,0.12314495108023121,0.013030903561741088,0.006530883929686748,-0.0014330755387390512,9.939908729742836e-05,0.005585262212034683,-0.17478012109838056,-0.10546168935485824,-0.024873058828814965,-0.0598632873927812,-0.09596803942632248,-0.03627562170336499,-3.5464133862696015,-4.55043377189838,-1.009515662920471,-0.007178626671197088,6.770096251296123e-07
3.69,-0.0005954521809358867,1.5125470098610736,-0.9947048126025717,-0.5385372954086407,-0.00013207280191658541,-9.40487593129174e-06,-0.007172614059402176,0.12140164236076846,0.012165442184823716,0.0062788238988501395,-0.0014440074392713432,9.515120672942943e-05,0.009065555548389193,-0.19429837850408727,-0.10334000084132824,-0.023446328230358193,-0.04622897184331171,-0.10924959502618509,-0.03570533683110402,-3.5701110597533487,-4.55529764667972,-1.0113958625947699,-0.007193804928151041,-2.0381536659311262e-05
3.7,-0.0006665181378427238,1.5137419708460589,-0.9945917678424979,-0.5384770576732676,-0.00014655070525443188,-8.49969347477552e-06,-0.007106595690683715,0.11949609849853339,0.011304476007379218,0.006023773537309502,-0.0014477903337846466,9.051824565162199e-05,0.012577869024065332,-0.21351323095616104,-0.10103515969627032,-0.02198325405201107,-0.032351279061367214,-0.12206214257764533,-0.034958346293377664,-3.594373595391867,-4.560107593602309,-1.0132736255983545,-0.007172557882471079,-4.335027030327721e-05
3.71,-0.0007365846192962882,1.5149162833222525,-0.99448727341096,-0.5384193961938271,-0.0001609942633490788,-7.644489819444582e-06,-0.00700664814535643,0.11743124761936155,0.010449443153795014,0.00576614794405762,-0.0014443558094646904,8.552036553309379e-05,0.016105345498246194,-0.23240125154039112,-0.09855763561315553,-0.020490603383114814,-0.018301620720150423,-0.13435072747482907,-0.03403548776206841,-3.6191688729795883,-4.5648570306680485,-1.0151465032959304,-0.007114746225207902,-6.813068397613041e-05
3.72,-0.0008053115641443739,1.51606838535934,-0.9943912562666207,-0.538364332703041,-0.00017533098288029694,-6.842697650596757e-06,-0.006872694484808573,0.11521020370875441,0.009601714433931373,0.005506349078610921,-0.0014336719531218153,8.017921688478253e-05,0.019630780465214118,-0.25093949340287525,-0.09591818815988108,-0.01897517754535727,-0.004152236314031679,-0.14606264330666252,-0.03293852041411052,-3.6444642387582427,-4.569539752657933,-1.0170121386901816,-0.007020418880275928,-9.461688219684732e-05
3.73,-0.0008723598505315065,1.5171967479812183,-0.9943036303539106,-0.5383118850513449,-0.00018948841924185168,-6.0975191994124436e-06,-0.006704828638713264,0.11283626218783188,0.008762591271014253,0.005244765169614762,-0.0014157436361554743,7.451784511843132e-05,0.023136709870747972,-0.26910550825646923,-0.09312783063355332,-0.01744378740384933,0.010024176121605666,-0.1571476579874048,-0.031670125677166726,-3.670226538866821,-4.5741499359884985,-1.0188682682023078,-0.006889813330641199,-0.0001226960387346284
3.74,-0.0009373930197240955,1.5182998769349192,-0.9942242973148891,-0.5382620673494024,-0.00020339454536287628,-5.411913291625572e-06,-0.0065033169192589,0.11031289537009882,0.007933303902146478,0.004981770194248483,-0.00139061261210246,6.856059077868722e-05,0.026605500622326892,-0.28687736448548984,-0.09019779375383455,-0.015903228767067956,0.02415483097229823,-0.1675582292497154,-0.03023390277846786,-3.6964221530622163,-4.578682142301001,-1.0207127231043043,-0.006723354959552901,-0.00015224888187705815
3.75,-0.0010000790060195302,1.5193763144129404,-0.9941531472163739,-0.5382148901151175,-0.00021697811962277357,-4.7885834458305075e-06,-0.006268598629543472,0.10764374780212703,0.007115009851527048,0.004717723428498519,-0.00135835742598973,6.233298457950645e-05,0.03001944330124403,-0.304233664864853,-0.08713948931909579,-0.014360257946804733,0.03816722583213558,-0.1772497085764799,-0.028634359071647603,-3.72301702871745,-4.583131320805777,-1.022543430609663,-0.0065216554094042,-0.00018315020547869052
3.7600000000000002,-0.0010600918635455337,1.5204246407278508,-0.9940900592896187,-0.5381703604244367,-0.00023016905097942393,-4.2299670688655556e-06,-0.0060012857526003495,0.10483263149103723,0.0063087926755242135,0.004452969068085038,-0.0013190931356650358,5.586163769649523e-05,0.03336084656440588,-0.32115356390587807,-0.0839644739371348,-0.012821567585855842,0.05198951026601345,-0.18618053269700813,-0.026876895149158742,-3.749976715103417,-4.587492809407213,-1.0243584146300748,-0.006285509966002038,-0.00021526940360197853
3.77,-0.0011171134806716135,1.5214434759380655,-0.9940349026798404,-0.5381284820652409,-0.0002428987594417293,-3.738225791012105e-06,-0.005702161712607984,0.1018835210214737,0.005515660977825763,0.004187835919578076,-0.0012729708462305362,4.9174127785345064e-05,0.03661213270631942,-0.33761678483963725,-0.08068441294889715,-0.011293762818028963,0.0655508507094884,-0.19431240182781823,-0.024967784780901173,-3.777266397958911,-4.591762334637494,-1.0261557962065013,-0.006015893981173725,-0.00024847102647092376
3.7800000000000002,-0.001170835272722001,1.5224314814237114,-0.9939875372029202,-0.5380892556936311,-0.0002551005300382449,-3.3152369788814857e-06,-0.005372179205038749,0.09880054856459362,0.004736547692017224,0.003922637160976373,-0.0012201770596515621,4.229888121306194e-05,0.03975593383768719,-0.35360363624562385,-0.0773110446491109,-0.009783337862204977,0.07878178969186711,-0.20161044389470312,-0.022914149752787046,-3.8048509343526784,-4.595936010430017,-1.027933793623805,-0.0057139583517137,-0.000282615355375836
3.79,-0.0012209598436999176,1.5233873614115259,-0.9939478141066392,-0.5380526789919232,-0.0002667098584637441,-2.9625864588499086e-06,-0.0050124570977916555,0.09558799878144913,0.003972309628095646,0.0036576701707881345,-0.00116093284254992,3.52650520031577e-05,0.0427751881262611,-0.3690950283316501,-0.07385614491123516,-0.008296653118875064,0.09161459759965018,-0.20804336403416124,-0.02072392971186735,-3.8326948878397773,-4.6000103357655515,-1.02969072221879,-0.005381024077649032,-0.0003175589940956521
3.8000000000000003,-0.0012672026078069001,1.524309864447756,-0.9939155768338529,-0.538018746827679,-0.0002776647866248848,-2.681562478766444e-06,-0.00462427641069825,0.09225030362301945,0.003223727278628566,0.00339321642441394,-0.0010954928161140713,2.810239800834645e-05,0.04565323553823527,-0.3840724888679278,-0.07033149231324343,-0.006839912860834074,0.10398361523708491,-0.21358357873461198,-0.018405847157105776,-3.860762563913323,-4.603982191226532,-1.0314249938921964,-0.005018575927651609,-0.0003531554743424417
3.81,-0.0013092933616684782,1.5251977848180465,-0.9938906617850577,-0.5379874514131148,-0.00028790622635450886,-2.473150930421619e-06,-0.004209075386157801,0.08879203702904992,0.0024915048795156824,0.0031295414564212524,-0.001024143972962404,2.0841154834482477e-05,0.04837391251453026,-0.39851817877717727,-0.06674883386045721,-0.0054191435824062495,0.11582558548931793,-0.21820733404530432,-0.015969367746661675,-3.889018045751096,-4.6078488344966555,-1.0331351163357578,-0.004628255244121364,-0.00038925587268146005
3.8200000000000003,-0.0013469777983586171,1.5260499639133243,-0.9938728990778618,-0.5379587824642439,-0.0002973782696212729,-2.3380318499466107e-06,-0.0037684436690138988,0.08521790952778137,0.0017762707195941832,0.002866894887086422,-0.0009472043266764064,1.3511908047500829e-05,0.050921645015946246,-0.4124149073792625,-0.06311985139353019,-0.004040173088698307,0.1270799724496183,-0.22189480734813347,-0.013424656123401742,-3.9174252302550356,-4.611607894844808,-1.0348196919859807,-0.004211851924985363,-0.0004257094363393603
3.83,-0.0013800189545495796,1.5268652915407102,-0.9938621133009351,-0.53793272735913,-0.00030602848362700554,-2.2765772079376675e-06,-0.003304115619096241,0.08153276273859826,0.0010785776926653962,0.0026055105113861944,-0.0008650214005732665,6.14546420089433e-06,0.053281539374310544,-0.4257461472875242,-0.059456128764921526,-0.0027086103945987983,0.13768926643680066,-0.22463019225937494,-0.010782527490058437,-3.94594786437999,-4.6152573666338865,-1.0364774167167983,-0.0037712956235765546,-0.0004623642152832916
3.84,-0.0014081985824004304,1.5276427071785061,-0.9938581242600861,-0.5379092712946456,-0.0003138081892580865,-2.288849995689247e-06,-0.002817962785085079,0.07774156377959301,0.00039890408490170096,0.0023456064484415743,-0.0007779705631080974,-1.2272787751579503e-06,0.055439470393447474,-0.4384960489519147,-0.055769119862717445,-0.0014298264965171281,0.14759927340093631,-0.22640176629955952,-0.00805439519377286,-3.9745495817463405,-4.618795601896356,-1.0381070782836521,-0.0033086462120517353,-0.0004990676979344056
3.85,-0.001431318438135212,1.5283812011743265,-0.993860747714186,-0.5378883974411531,-0.000320672721438893,-2.374604608495402e-06,-0.002311985573478142,0.07384939958203228,-0.00026234540998798875,0.002087385349245521,-0.0006864532180806449,-8.575461280615505e-06,0.057382166154081586,-0.45064945484197627,-0.0520701175553029,-0.0002089360814350183,0.15675938729440825,-0.2272019410450418,-0.005252214606482756,-4.003193939529378,-4.622221302019772,-1.0397075545319638,-0.002826083557659726,-0.0005356674478711895
3.86,-0.0014492014796493886,1.5290798158854637,-0.9938697960987458,-0.5378700870945496,-0.0003265816700245515,-2.5332885215642206e-06,-0.0017883041514176663,0.06986147111372161,-0.0009048384559792343,0.0018310346603492315,-0.000590894858565855,-1.5868391306881867e-05,0.05909728899050023,-0.4621919132608158,-0.048370223622975383,0.0009492197644496159,0.1651228440718706,-0.22702729454865017,-0.00238842361253977,-4.031844455616377,-4.625533508586379,-1.0412778113832677,-0.0023258966647568494,-0.0005720117388806378
3.87,-0.0014616929659187433,1.5297376467605965,-0.9938850792350356,-0.5378543198251392,-0.0003314990999664363,-2.7640452487072907e-06,-0.0012491486269354687,0.06578308751329195,-0.0015283136289736413,0.0015767269410416644,-0.0004917429941884766,-2.307567271430699e-05,0.06057351212407425,-0.47310969178005075,-0.04468031974085014,0.0020400897985335398,0.17264695607520086,-0.22587858589383225,0.0005241199621325431,-4.060464646020453,-4.628731593411971,-1.042816900612568,-0.0018104722387692442,-0.0006079501857288754
3.88,-0.0014686614514664,1.5303538433619714,-0.9939064050227269,-0.537841073622825,-0.00033539374958659166,-3.065718568637215e-06,-0.0006968485547656848,0.06161966013748403,-0.002132578769129755,0.0013246202314252846,-0.00038946496201553815,-3.016733199299244e-05,0.061800591459287894,-0.4833897902830489,-0.04101103956852942,0.0030594277605420217,0.17929332565794998,-0.2237607518224597,0.0034722036242549447,-4.089018062538078,-4.631815247829865,-1.0443239574307035,-0.001282282731305049,-0.0006433343680470582
3.89,-0.0014699996696686585,1.5309276103272071,-0.9939335801141345,-0.5378303250381382,-0.00033823920590602666,-3.4368579984531575e-06,-0.0001338218202258418,0.05737669652357048,-0.002717509140754924,0.0010748584686749634,-0.00028454563194349995,-3.711394298159426e-05,0.06276943207185036,-0.4930199536032187,-0.03737274200036406,0.004003306364375847,0.1850280370084567,-0.22068288545336792,0.0064423278172634785,-4.117468330635219,-4.634784471266614,-1.045798197885715,-0.0007438739283052984,-0.0006780184447633682
3.9,-0.0014656252992461423,1.5314582082698986,-0.9939664105682302,-0.5378220493186516,-0.00034001405608609,-3.87572548873892e-06,0.0004374370422516137,0.053059794269144624,-0.003283045409574397,0.0008275719486617177,-0.00017748501800633726,-4.388674902857627e-05,0.06347214894548522,-0.5019886837416786,-0.03377548562107661,0.0048681300960708995,0.1898218252400075,-0.21665819718586768,0.009420775465734868,-4.145779187544705,-4.637639559156567,-1.047238916097346,-0.00019785214548006727,-0.0007118597565572964
3.91,-0.001455481608890422,1.5319449546182147,-0.9940047024827053,-0.5378162205403513,-0.0003407020141613301,-4.38030330966095e-06,0.0010143690355720351,0.04867463483160684,-0.0038291914475132634,0.0005828778300357756,-6.879580752400857e-05,-5.0457782092202966e-05,0.06390212154410933,-0.5102852516478875,-0.03022900441200521,0.005650646789219005,0.1936502219298274,-0.2117039579574631,0.01239368305727176,-4.173914520555293,-4.640381090242934,-1.0486454813389254,0.00035312890270671496,-0.0007447194138679942
3.92,-0.0014395379756144955,1.5323872243907126,-0.9940482626024593,-0.5378128117335734,-0.0003402920223657794,-4.948303092555918e-06,0.001594363327592651,0.0442269772498002,-0.004356011975397753,0.0003408806777794437,4.099917955507333e-05,-5.6799978289496784e-05,0.0640540418390836,-0.5178997085449074,-0.026742684743696593,0.006347957936833959,0.19649367640698379,-0.2058414251016036,0.015347112848253049,-4.201838405470552,-4.643009913313323,-1.0500173349809538,0.0009063814925759137,-0.0007764628680541574
3.93,-0.0014177902730848181,1.5327844509086166,-0.9940968989030013,-0.5378117950031416,-0.00033877832648187086,-5.577175986758723e-06,0.0021747702529677426,0.03972265179038603,-0.004863630054211661,0.00010167304317970242,0.00015136958839085177,-6.288728942028048e-05,0.06392395544688396,-0.5248228967798468,-0.023325543689179974,0.006957527719640311,0.19833765221029598,-0.1990957511247992,0.018267125771912834,-4.229515145213291,-4.645527133418075,-1.0513539873107545,0.001459197470061327,-0.0008069604633781613
3.94,-0.0013902611268892084,1.5331361264438337,-0.9941504211473589,-0.5378131416423705,-0.00033616052477156307,-6.264123886861483e-06,0.0027529146195609693,0.035167553521702054,-0.00535222443574906,-0.00013466392289370973,0.0002617801710307771,-6.869479001027602e-05,0.063509295570797,-0.5310464601784768,-0.01998620868576692,0.007477190716240978,0.19917269826058687,-0.19149587579553615,0.02113985462209529,-4.256909308548908,-4.647934097619917,-1.052655014242559,0.002008861948651733,-0.0008360879675719161
3.95,-0.0013570000344149853,1.5334418028020138,-0.9942086414151954,-0.537816822240636,-0.0003324435901820716,-7.006111681230586e-06,0.003326109247422307,0.030567635818014683,-0.005822026783657278,-0.000368059826550114,0.0003716934589491487,-7.419877943691032e-05,0.06280890948071335,-0.5365628538825463,-0.01673289857246807,0.007905158292762948,0.19899449441859163,-0.1830744020088079,0.02395157708378349,-4.283985768898581,-4.650232380323617,-1.0539200539323703,0.00255266705570126,-0.0008637270788354603
3.96,-0.0013180833477509644,1.5337010918399865,-0.9942713746029554,-0.5378228067842407,-0.000327637865653222,-7.799880468459962e-06,0.00389166866640209,0.0259289037972603,-0.0062733187760033405,-0.0005984543604674703,0.0004805724528849586,-7.937687872293755e-05,0.06182307730777314,-0.5413653536462157,-0.01357340602329054,0.008240023646550743,0.1978038712262689,-0.17386745595912295,0.026688788182116695,-4.310709743210827,-4.652423768234477,-1.0551488033118857,0.003087925656161518,-0.0008897659072216558
3.97,-0.001273614118781164,1.5339136659169421,-0.9943384388939613,-0.5378310647503378,-0.00032175903248917896,-8.641961684521062e-06,0.0044469228969800465,0.021257407695566298,-0.006706429100584544,-0.0008257966097168657,0.0005878833164043024,-8.420812160610991e-05,0.06055352297503651,-0.5454480645676455,-0.010515081392786611,0.00848076549590493,0.19560680375819367,-0.1639145322215984,0.029338271725097294,-4.337046830857455,-4.654510244994441,-1.0563410145556906,0.0036119849829615836,-0.0009140994284706383
3.98,-0.0012237218064027925,1.5340792582787626,-0.9944096561975041,-0.5378415651937082,-0.0003148280518934907,-9.528692079699402e-06,0.004989231237837136,0.016559236182053943,-0.0071217303542772436,-0.0010500443370369257,0.0006930980595688236,-8.867303951783404e-05,0.059003417131480336,-0.548805929230616,-0.0075648179907083155,0.008626750419746365,0.1924143796379722,-0.15325832440561316,0.03188717032151185,-4.36296305251759,-4.656493975544698,-1.0574964914958178,0.004122240103804108,-0.0009366299084757644
3.99,-0.001168561846571762,1.534197663374939,-0.9944848525560817,-0.537854276826216,-0.00030687107990234007,-1.0456229480998485e-05,0.005515995983103059,0.011840509617643172,-0.0075196358577525185,-0.0012711632507827599,0.0007956971991150662,-9.275374012990826e-05,0.05717737200399642,-0.551434735230211,-0.004729038793311727,0.008677733834669299,0.18824274140224984,-0.14194454210609736,0.034323053564684826,-4.388424889011072,-4.658377290263467,-1.058615085997621,0.004616147155053003,-0.0009572672966879297
4.0,-0.0011083150866509409,1.5342687371075572,-0.9945638585200507,-0.5378691680888036,-0.00029791935608592665,-1.1420569272558193e-05,0.006024675992082102,0.007107373261812441,-0.007900596396904191,-0.0014891262587565202,0.0008951723816413421,-9.643397915597076e-05,0.055081428130584614,-0.5533311220561891,-0.002013684603628961,0.008633859631705265,0.18311300352220208,-0.13002171493696463,0.036633983984501205,-4.41339932004025,-4.660162668927659,-1.0596966943107715,0.005091236274657953,-0.0009759295868970008
4.01,-0.0010431870863049518,1.5342923970118723,-0.9946465094890738,-0.5378862072159148,-0.00028800906652134435,-1.2417561523788669e-05,0.006512800034598905,0.0023659904315091107,-0.008265096902314212,-0.0017039127111225967,0.0009910289564582302,-9.969922512304752e-05,0.05272303298709835,-0.5544925873060145,0.000575796339805236,0.008495658461237454,0.1770511445173431,-0.11754098448521327,0.038808580384546154,-4.437853862796902,-4.661852724546785,-1.0607412534089808,0.005545124167681795,-0.0009925431439669363
4.0200000000000005,-0.0009734072879457763,1.5342686223680388,-0.9947326460198543,-0.5379053622922706,-0.00027718118167148904,-1.3442928692373492e-05,0.00697797983591755,-0.0023774643833499786,-0.00861365307804867,-0.0019155076355754153,0.001082788484985532,-0.0001025367168584823,0.05011101156972074,-0.5549174922008012,0.0030344572988977234,0.008264044697912976,0.1700878747187229,-0.10455588507662186,0.04083607819813457,-4.4617566103890525,-4.663450187117368,-1.061748737331866,0.0059755262399619445,-0.0010070429952445826
4.03,-0.0008992280604810706,1.5341974542436079,-0.9948221140997645,-0.5379266013019496,-0.00026548126993277267,-1.4492283827057412e-05,0.007417922746470568,-0.007116812443088342,-0.00894680799101342,-0.0021239009679000394,0.0011699911738716371,-0.00010493551346839192,0.04725552904507571,-0.5546050663753225,0.005357860519480645,0.00794031209454138,0.1622584803588357,-0.09112211429064918,0.04270638651627688,-4.485076270040325,-4.664957887345717,-1.0627191535421192,0.0063802682377337334,-0.001019373085510332
4.04,-0.0008209236208472019,1.5340789954664555,-0.9949147653860847,-0.5379498921697599,-0.0002529592877390776,-1.5561149193212853e-05,0.007830443963386882,-0.011845877715234956,-0.009265128632017583,-0.0023290867810275115,0.0012521982193695082,-0.00010688653661554432,0.04416804562971374,-0.553555411914245,0.007542083265677735,0.0075261281444631845,0.15360264478146232,-0.07729729420673168,0.04441014146213441,-4.507782201012786,-4.666378740386633,-1.0636525393109217,0.00675729733366105,-0.001029486494491387
4.05,-0.0007387888385169914,1.5339134105278553,-0.9950104574106806,-0.5379752027949162,-0.0002396693472298278,-1.6644975242582984e-05,0.008213478233021048,-0.01655849386002417,-0.009569202459589523,-0.0025310625156333266,0.0013289940509249808,-0.00010838260493701306,0.04086126390986401,-0.551769506606382,0.009583722408790782,0.007023527187114853,0.14416424767598326,-0.06314072440303914,0.045938755610045956,-4.5298444522024655,-4.667715729645116,-1.0645489581442449,0.007104692602638544,-0.001037345616114494
4.0600000000000005,-0.0006531379288534708,1.5337009254154659,-0.9951090537500553,-0.5380025010770689,-0.00022566946260566283,-1.7739159847333192e-05,0.008565090966352051,-0.021248511238946395,-0.009859633937468379,-0.0027298282152795617,0.0013999884624164962,-0.00010941846047502065,0.03734906886076569,-0.5492492063887315,0.01147989758034261,0.0064349022768275255,0.13399114334871115,-0.04871312776408217,0.047284463172621666,-4.551233799355321,-4.668971890687721,-1.065408496262406,0.007420674833940243,-0.0010429222988341301
4.07,-0.0005643030418312206,1.53344182737606,-0.9952104241608208,-0.5380317549347593,-0.00021102127640538207,-1.883906771761212e-05,0.00888348870222502,-0.02590980394060422,-0.01013704107655393,-0.0029253857690352686,0.0014648186200280752,-0.00010999078702789279,0.03364646087226569,-0.5459972469532024,0.01322825289744857,0.0057629958562730454,0.12313491914508123,-0.03407639018440284,0.04844036070648222,-4.571921781850249,-4.670150295309597,-1.0662312591449317,0.007703615629769325,-0.0010461979465336024
4.08,-0.0004726327532618529,1.5331364646078813,-0.9953144446807402,-0.5380629323164038,-0.00019578976704201295,-1.9940049921230726e-05,0.009167028856936767,-0.030536276817863986,-0.010402051991933739,-0.0031177381644494472,0.0015231509363369134,-0.00011009822036186062,0.029769482133110453,-0.5420172444882877,0.014826957275837417,0.005010889259418283,0.11165063523271546,-0.019293295281123005,0.049400443115755685,-4.591880738994478,-4.671254035802541,-1.067017368152439,0.00795204574399417,-0.0010471635796595559
4.09,-0.0003784904662358728,1.532785245882581,-0.9954209976955946,-0.5380960012039404,-0.00018004293903350424,-2.103746342381516e-05,0.009414228702598011,-0.03512187253004085,-0.010655301485437923,-0.0033068887536673586,0.001574682800850871,-0.00010974135025844332,0.02573513677047559,-0.5373136955305288,0.016274703339596387,0.004181991103360927,0.09959654704557534,-0.00442725525036166,0.05015963476224827,-4.611083845776174,-4.672286209468865,-1.0677669572369206,0.008164662618819691,-0.001045819856414552
4.1,-0.00028225273102568273,1.532388640096745,-0.9955299719722343,-0.5381309296092945,-0.0001638514974541432,-2.212669056787662e-05,0.00962377352101901,-0.039660578583602085,-0.010897427663968041,-0.0034928405354159526,0.0016191441579361042,-0.00010892271440614612,0.021561305183247823,-0.5318919758995765,0.017570704950645534,0.003280024588309338,0.08703381177268288,0.010457960982215811,0.050713815522034154,-4.629505148018231,-4.673249903424775,-1.0684801697514148,0.008340337081315926,-0.00104217705399669
4.11,-0.0001843074921803263,1.5319471757530987,-0.9956412626582707,-0.5381676855638494,-0.00014728850821586528,-2.3203158409667732e-05,0.009794523884535644,-0.0441464343646341,-0.011129068603645861,-0.003675595455491767,0.0016562989238277923,-0.00010764678417911134,0.017266653047082515,-0.5257583386935674,0.018714693371531074,0.0023090137686645473,0.07402618035097366,0.025298501153724527,0.05105984165983044,-4.647119596877179,-4.674148179736374,-1.069157155369696,0.008478119166085329,-0.0010362550100393463
4.12,-8.505227197839877e-05,1.5314614403715379,-0.9957547712489666,-0.5382062371011324,-0.00013042904586372476,-2.426235783345771e-05,0.009925522020192751,-0.048573538156089086,-0.011350859069596113,-0.003855153728297197,0.0016859462352140512,-0.00010591994237899762,0.012870535506106123,-0.5189199113224221,0.01970691208366869,0.001273268840866315,0.06063967649135123,0.04003070342998687,0.05119556142473182,-4.663903082630871,-4.674984060930189,-1.0697980671261806,0.008577243034875618,-0.0010280830245670753
4.13,1.5107700211601933e-05,1.5309320798302117,-0.9958704055219759,-0.5382465522329511,-0.0001133498306365185,-2.5299862363953677e-05,0.01001599721900007,-0.05293605413260744,-0.01156342730093561,-0.004031513181884254,0.0017079215227206266,-0.00010375045304959694,0.008392897099982404,-0.5113846915577434,0.020548110285741245,0.0001773704898380135,0.04694226432807036,0.054591369374312776,0.05111982530341933,-4.679832467698984,-4.6757605159192055,-1.0704030585858468,0.008637130968609514,-0.0010176997229450501
4.14,0.00011576140278700506,1.5303597976369567,-0.9959880794406788,-0.5382885989192397,-9.612885660153893e-05,-2.6311346599017668e-05,0.010065370257540313,-0.057228219325509824,-0.011767391870284357,-0.004204668628859208,0.001722097403497958,-0.00010114842350639918,0.0038541680055516315,-0.5031615425808873,0.021239535094183533,-0.0009738466391699951,0.033003506335249747,0.06891803495110528,0.050832490899602935,-4.6948856188406305,-4.676480446384137,-1.0709722811535076,0.008657396412082278,-0.0010051528804583866
4.15,0.00021649397083704715,1.529745354131453,-0.9961077130269472,-0.5383323450318939,-7.884501272135397e-05,-2.729260418657108e-05,0.010073256805004208,-0.06144435055036659,-0.011963358626842608,-0.004374611265406774,0.0017283843880184964,-9.81257587553412e-05,-0.0007248428007207815,-0.4942601870121089,0.021782922474661147,-0.0021753112974753908,0.01889421319987888,0.08294923840474247,0.050334422440988597,-4.709041438474307,-4.677146673648526,-1.0715058815313379,0.008637846056448796,-0.0009904992093137113
4.16,0.00031688866878420914,1.5290895656185592,-0.9962292322042651,-0.5383777583128997,-6.157769875009148e-05,-2.8239565271632998e-05,0.010039469794716198,-0.06557885128938198,-0.012151917731783172,-0.00454132810058289,0.0017267313971262494,-9.469610850619181e-05,-0.0053230568300706846,-0.48469119990618437,0.02218048693364652,-0.0034217337564845796,0.004686087377766917,0.09662478386721224,0.04962748494723715,-4.722279895066067,-4.677761926084797,-1.0720039993330617,0.008578480949556206,-0.0009738041090076944
4.17,0.00041652887623778767,1.5283933034333523,-0.9963525686122092,-0.5384248063270789,-4.4406437886711836e-05,-2.9148313341796082e-05,0.009964020745357854,-0.0696262185206819,-0.012333640794413498,-0.004704801417917376,0.001717126086337964,-9.08748070163085e-05,-0.00991923716996489,-0.4744660007022892,0.022434909999975557,-0.004707624637748653,-0.009548637911996588,0.10988599956577777,0.04871453312399284,-4.7345820525331845,-4.6783288270871095,-1.0724667648627404,0.008479496629151826,-0.0009551413811554765
4.18,0.00051500007647133,1.5276574929384876,-0.9964776593933816,-0.5384734564097915,-2.741048813299862e-05,-3.0015101402093204e-05,0.00984712002335423,-0.07358104948646498,-0.012509078117234358,-0.0048650082712558395,0.0016995949753713215,-8.667880602971205e-05,-0.014492100710205073,-0.46359684411838015,0.022549327532062118,-0.006027314392540228,-0.0237375624783409,0.12267598952508171,0.047599395078899195,-4.745930098611711,-4.678849883645241,-1.0728942970655626,0.008341282278983123,-0.0009345929100152297
4.19,0.0006118918369135105,1.526883112454569,-0.9966044469539586,-0.538523675609958,-1.0668454314346167e-05,-3.083636741313796e-05,0.009689176044218052,-0.07743804839187066,-0.012678756057694527,-0.005021920016650257,0.0016742033818652456,-8.212660110447542e-05,-0.01902043083251023,-0.4520968099832784,0.022527315883862007,-0.00737497336065096,-0.03780848394723793,0.13493987768475296,0.04628685098536148,-4.756307372138055,-4.679327475552177,-1.0732867016575474,0.008164418912779543,-0.0009122483100831625
4.2,0.0007067997710835805,1.5260711921243058,-0.9967328786990994,-0.5385754306287779,5.742097278213195e-06,-3.1608748929619465e-05,0.00949079341700699,-0.08119203302633259,-0.012843174514088871,-0.0051755018819945,0.0016410551592559361,-7.723815164815048e-05,-0.023483189883278136,-0.4399797920017399,0.022372876970239677,-0.00874463235529399,-0.05168976175709612,0.14662504338658294,0.04478260684850565,-4.765698389196215,-4.679763845276423,-1.0736440694405034,0.00794967659604265,-0.0008882045422652781
4.21,0.0007993274715075298,1.5252228127113145,-0.9968629067445263,-0.5386286877545375,2.1745019675958087e-05,-3.232909687968245e-05,0.009252770042394932,-0.08483794129912804,-0.013002804542686864,-0.005325712575968094,0.0016002922397744892,-7.20347950062987e-05,-0.02785963074789627,-0.42726048545192635,0.02209042226775398,-0.010130203692020778,-0.06531067857391779,0.15768134722073787,0.043093263555100486,-4.7740888680842755,-4.680161088528253,-1.0739664748080437,0.0076980107204421815,-0.0008625655002578903
4.22,0.0008890884033190004,1.5243391043345067,-0.9969944876056542,-0.538683412793915,3.726595952128696e-05,-3.299448842941259e-05,0.008976093181147053,-0.08837083768079476,-0.013158086112797757,-0.0054725039377391356,0.0015520939845328876,-6.653915497301408e-05,-0.032129406848164836,-0.4139543738157783,0.021684755798074783,-0.01152550261696117,-0.07860179735287834,0.1680613462622799,0.041226281415025386,-4.781465753055567,-4.680521145547253,-1.0742539744478787,0.007410557350400291,-0.0008354415688875653
4.23,0.000975707748478758,1.5234212451390858,-0.9971275818657152,-0.5387395710002023,5.223272295788321e-05,-3.360223888055814e-05,0.008661934515975758,-0.09178591954207686,-0.013309426006091437,-0.005615820628736009,0.0014966763436596257,-6.077504511455428e-05,-0.03627267989245942,-0.4000777143476011,0.02116105613315745,-0.012924269045945236,-0.09149531229423163,0.17772049777304352,0.039189940426001955,-4.787817236792058,-4.680845793136688,-1.0745066062450177,0.007088627666117616,-0.0008069491562725373
4.24,0.0010588241908367313,1.5224704599052652,-0.997262153824376,-0.538797126998879,6.657563126217364e-05,-3.414991255373538e-05,0.008311644235797343,-0.09507852338207218,-0.013457195866083585,-0.005755599867676792,0.0014342908304290432,-5.476736731772384e-05,-0.04027022472102604,-0.3856475225875891,0.020524857473058367,-0.01432018956412806,-0.10392539197104367,0.1866173504937847,0.036993296515639956,-4.793132781569469,-4.68113663746806,-1.0747243883899056,0.006733701531830646,-0.0007772102017711024
4.25,0.0011380916326093806,1.5214880185958923,-0.9973981711284088,-0.538856044710978,8.022786440511962e-05,-3.463533261366954e-05,0.007926744177264923,-0.0982441309372899,-0.013601730403280967,-0.005891771209902053,0.0013652233142945971,-4.854200599341635e-05,-0.044103530606291526,-0.37068155583098666,0.01978202984044711,-0.015706919600997016,-0.11582851294333912,0.19471372270315968,0.03464613403525902,-4.797403139075872,-4.681395107677328,-1.0749073186948925,0.0063474202224680564,-0.0007463516617778432
4.26,0.0012131808332501812,1.5204752348442585,-0.9975356043860193,-0.5389162872746973,9.312579079192543e-05,-3.505658979749583e-05,0.007508920064080051,-0.10127837516338532,-0.01374332576104589,-0.006024256371932581,0.001289792638680582,-4.2125718382628626e-05,-0.04775489839024387,-0.35519829556530297,0.01893875844726605,-0.017078105731512916,-0.12714378221818126,0.201974866277228,0.032158914798324195,-4.800620368847468,-4.681622450271978,-1.075055374121805,0.005931578346071438,-0.0007145049755151908
4.2700000000000005,0.0012837809621496171,1.5194334643834444,-0.9976744267664873,-0.5389778169657176,0.00010520928149496792,-3.5412050011768624e-05,0.007060012889943593,-0.10417704608141974,-0.013882238046797552,-0.006152969102022297,0.001208349070304249,-3.5546021427280036e-05,-0.05120753286760072,-0.3392169288918984,0.018001522281124106,-0.018427408013117708,-0.13781324696753347,0.20836961604125764,0.02954272397260115,-4.802777855287472,-4.68181972436597,-1.07516851052271,0.005488115003343761,-0.0006818055130457491
4.28,0.0013496010571101922,1.5183641034186384,-0.9978146135868144,-0.539040595116691,0.0001164220073718275,-3.5700360768580544e-05,0.006582009496057495,-0.10693609648059661,-0.014018682032709657,-0.006277815097348932,0.0011212725876859585,-2.8831075681192157e-05,-0.05444562985458739,-0.32275732894981357,0.016977071970375936,-0.019748522309039007,-0.14778218997496256,0.2138705237696078,0.026809213149219142,-4.803870323236006,-4.681987797757311,-1.0752466625953183,0.005019104229467089,-0.0006483920077993454
4.29,0.0014103713810981633,1.5172685869439428,-0.9979561418871105,-0.5391045820363743,0.00012671171754536847,-3.592045643605684e-05,0.0060770323987971156,-0.10955164746954567,-0.014152830029600341,-0.006398691968331649,0.0010289710173540963,-2.200956674762933e-05,-0.057454457418385695,-0.3058400343629102,0.01587240697953445,-0.021035202509881,-0.1569994093484698,0.21845397625326807,0.02397054092368348,-4.803893852060881,-4.682127343860668,-1.0752897440537585,0.004526744766871788,-0.0006144059759680376
4.3,0.0014658446703732118,1.5161483870052592,-0.9980989899964827,-0.5391697369288787,0.00013603049781596094,-3.607156228344443e-05,0.00554732892750485,-0.1120199938683679,-0.014284810937227492,-0.00651548925043617,0.0009318780270592465,-1.5110584738759186e-05,-0.06022043078157414,-0.28848622773279914,0.01469475219898321,-0.022281282608929698,-0.1654174811095116,0.22210029692403102,0.02103931133346143,-4.802845888241065,-4.682238839504953,-1.0752976480147696,0.004013349220924855,-0.000579991125171778
4.3100000000000005,0.00151579726773601,1.5150050109109212,-0.9982431370912199,-0.5392360178135154,0.00014433500767670372,-3.6153197306037574e-05,0.004995259736279806,-0.11433760943380998,-0.014414709473717566,-0.00662808846366334,0.0008304509860742792,-8.163502259314766e-06,-0.06273118045874791,-0.27071771320339677,0.013451533981673126,-0.023480698531659683,-0.1729930033467959,0.22479383059238356,0.01802851050407807,-4.800725256416349,-4.6823225636034564,-1.075270247598617,0.003481332653522229,-0.0005452927548372218
4.32,0.0015600301353072762,1.5138399993918201,-0.9983885627470835,-0.5393033814457133,0.00015158669471039337,-3.6165175820252736e-05,0.0044232867571266385,-0.11650115191010922,-0.01454256558635805,-0.006736363219791443,0.0007251687033689656,-1.1978514215159048e-06,-0.06497561322885995,-0.2525568931232089,0.012150355695008816,-0.024627509683231685,-0.17968682070834574,0.22652301093050814,0.014951441860678066,-4.797532168878456,-4.6823785967014775,-1.0752073967433307,0.002933200672301341,-0.0005104571507618411
4.33,0.0015983697419558365,1.5126549247128378,-0.9985352464875383,-0.5393717832394861,0.00015775198526144977,-3.610760782426292e-05,0.003833960664856014,-0.11850746789823208,-0.01466837404547975,-0.006840179377280285,0.0006165290551056402,5.756799598981871e-06,-0.06694396559608025,-0.23402674383436525,0.010798972845492673,-0.025715920123328018,-0.18546422809544555,0.2272804104035523,0.011821660264780154,-4.793268233480329,-4.6824068214038945,-1.0751089312300908,0.002371537075626733,-0.00047563097635525196
4.34,0.0016306688212226216,1.5114513887374734,-0.9986831673297647,-0.5394411771919221,0.0001628024503964748,-3.5980898124705084e-05,0.003229907926678524,-0.12035359753642787,-0.014792084222641463,-0.006939395243604697,0.0005050465135025052,1.267096995578347e-05,-0.06862784944400326,-0.21515079061845394,0.009405267842979612,-0.0267402993138377,-0.19029515251686113,0.22706277242892836,0.008652905436490473,-4.787936459941789,-4.682406923682463,-1.0749746699168414,0.0017989911156312867,-0.00044096066305917756
4.3500000000000005,0.0016568069963374846,1.5102310209476213,-0.9988323033303028,-0.5395115158101684,0.00016671494629297027,-3.578574423506239e-05,0.002613817511486293,-0.12203677898521664,-0.014913600053811236,-0.007033861824634536,0.0003912495896495457,1.9515388964269514e-05,-0.07002028964220515,-0.19595308182967008,0.00797722446908218,-0.027695202371078365,-0.19415431216234535,0.2258710256182523,0.00545903502079894,-4.781541264530872,-4.68237839505996,-1.0748044161764316,0.0012182644434072713,-0.0004065918024470049
4.36,0.001676691269691083,1.5089954764205198,-0.99898263113218,-0.5395827500413737,0.00016947172832633008,-3.552313305637502e-05,0.001988427335359835,-0.12355445271014372,-0.015032780187714336,-0.007123423120530349,0.000275678203335981,2.6261117868737165e-05,-0.07111575342021843,-0.17645816224768807,0.006522902116450789,-0.028575389759694425,-0.19702135185793607,0.22371028003478663,0.0022539576528345985,-4.774088473101413,-4.682320535665557,-1.0745979595348105,0.0006320978019315003,-0.0003726685424931564
4.37,0.0016902563748997128,1.5077464337649613,-0.99913412551537,-0.5396548292060485,0.00017106053825987298,-3.519433635592871e-05,0.0013565105208629973,-0.12490426555584608,-0.015149438318991354,-0.007207916467473721,0.00015888099335429194,3.287967004463098e-05,-0.07191017138132112,-0.15669104568285985,0.005050409865499372,-0.029375846363003832,-0.19888095417430535,0.22058980547537996,-0.0009484336288360894,-4.7655853224684,-4.682232458153141,-1.0743550775040087,4.3257533466944775e-05,-0.00033933299048188783
4.38,0.0016974649903816327,1.5064855930189094,-0.9992867589524228,-0.5397277009352924,0.00017147466408069188,-3.480090506448828e-05,0.0007208615481919801,-0.1260840746051892,-0.015263343705279615,-0.007287172924402058,4.1412582081888484e-05,3.9343129144043115e-05,-0.07240095008678712,-0.1366771868664931,0.003567880466247078,-0.03009179986732169,-0.1997229255710819,0.21652299186417778,-0.004134327279521991,-4.756040460103379,-4.6821130924713925,-1.074075537603847,-0.000545478030992391,-0.0003067246249944379
4.39,0.00169830781414389,1.5052146735107348,-0.9994405011710907,-0.5398013111123302,0.00017071297216474408,-3.434466241746495e-05,8.428237622571354e-05,-0.12709195081745212,-0.015374221866793632,-0.007361017703775022,-7.616919159477967e-05,4.562426470233258e-05,-0.07258697619986525,-0.11644245265955314,0.0020834442967844237,-0.030718738410407287,-0.19954225707455958,0.21152729192205785,-0.007290058124568434,-4.745463942133041,-4.681961191471742,-1.0737590995655186,-0.0011313322321787628,-0.0002749797193731441
4.4,0.0016928035002537756,1.5039354116863373,-0.9995953187257552,-0.5398756038187826,0.00016877991159714947,-3.3827695970111464e-05,-0.000550431389011428,-0.12792618243974882,-0.015481755466451537,-0.007429270645246457,-0.00019330605675946065,5.169664473534879e-05,-0.07246861223717559,-0.09601309261272907,0.0006052033644328731,-0.03125242742525919,-0.19833915910448746,0.20562414635249265,-0.010402170893927453,-4.733867229624653,-4.681775337337416,-1.073405517709385,-0.0017115437247071004,-0.0002442307790110435
4.41,0.0016809984582336888,1.5026495589044764,-0.9997511745794359,-0.5399505212860923,0.00016568549061734368,-3.3252348521409065e-05,-0.0011805042020086808,-0.1285852781860877,-0.015585585368062352,-0.007491746730969736,-0.0003094420979805805,5.7534744870239567e-05,-0.07204768403307493,-0.07541570891105727,-0.0008587945810648243,-0.03168892562318065,-0.1961190701852909,0.19883889186041181,-0.013457482107638518,-4.721263183142665,-4.681553948814071,-1.0730145434885636,-0.0022833800329164935,-0.00021460599475617872
4.42,0.0016629665173674448,1.5013588792026897,-0.9999080276981314,-0.5400260038525037,0.00016144522530278912,-3.2621207985727705e-05,-0.0018031940866244088,-0.12906797017867463,-0.015685311869552732,-0.007548256641129995,-0.000424026531455457,6.311405356813608e-05,-0.0713274600792,-0.054677225734766445,-0.002300581748367077,-0.03202460007940924,-0.19289263939881385,0.19120065239501532,-0.01644314001914706,-4.70766605556114,-4.681295289219524,-1.0725859281890568,-0.0028441509529065277,-0.00018622871465121243
4.43,0.0016388084586351239,1.5000651470362272,-1.0000658326592082,-0.540101989925985,0.00015608006074860296,-3.193709625558719e-05,-0.0024158058732320874,-0.1293732166462663,-0.015780496107688124,-0.007598607348139529,-0.0005365164554186159,6.841117301405158e-05,-0.07031262295638492,-0.033824858068922756,-0.003712295755484633,-0.03225614034599508,-0.1886756825595285,0.18274221407995023,-0.01934668233917629,-4.693091483117195,-4.68099747520739,-1.0721194257764328,-0.003391221734135581,-0.0001592169361517071
4.44,0.0016086514176978475,1.4987701449924815,-1.0002245392755105,-0.540178415953463,0.00014961626514294648,-3.120305710290661e-05,-0.003015704093727651,-0.12950020437457313,-0.015870661630219926,-0.007642602747804869,-0.0006463795605656488,7.340391526805803e-05,-0.06900923312904532,-0.01288607999233235,-0.005086204757415549,-0.03238057156208815,-0.18348911221746578,0.17349988436647323,-0.022156091479870656,-4.67755647469109,-4.680658486256643,-1.0716147958783082,-0.0039220259751316724,-0.00013368282088046526
4.45,0.0015726481630290625,1.4974756614834426,-1.0003840922368192,-0.5402552163967194,0.00014208529727856688,-3.04223431699859e-05,-0.003600325466878493,-0.12944835090389364,-0.01595529613086882,-0.007680044325630992,-0.0007530967864379613,7.807139329207124e-05,-0.06742468542235168,0.008111407524257503,-0.006414732182442459,-0.03239526650814935,-0.17735884171891136,0.16351333601241344,-0.024859847077001417,-4.661079399298842,-4.680276174856222,-1.071071806891115,-0.004434078169369489,-0.00010973223388135132
4.46,0.0015309762539309768,1.496183488418749,-1.0005444307702398,-0.5403323237152824,0.00013352364817872695,-2.9598402105102165e-05,-0.0041671909098085725,-0.1292173064693437,-0.016033853342047575,-0.00771073185629821,-0.000856164909983994,8.239410648837344e-05,-0.06556765854967854,0.02913970928103673,-0.007690481007870117,-0.03229795656613695,-0.17031566368076395,0.1528254365579652,-0.02744697556703102,-4.64367997178392,-4.6798482773512715,-1.0704902391989735,-0.004924985839183563,-8.746430923417742e-05
4.47,0.0014838370837799615,1.494895418861957,-1.0007054883210371,-0.5404096683566245,0.0001239726576501508,-2.8734861901010794e-05,-0.004713917015101525,-0.12880695567920744,-0.016105755079723557,-0.007734464134208576,-0.0009550990528576131,8.635402040913702e-05,-0.06344805810153178,0.05017076894522798,-0.008906257509735236,-0.03208674153370471,-0.16239510335917373,0.14148206403072633,-0.02990709661561696,-4.62537923669486,-4.679372425414761,-1.0698698884917448,-0.005392461197705905,-6.697104378313817e-05
4.48,0.0014314548144096642,1.493613244672686,-1.0008671922553805,-0.5404871787539534,0.0001134783067058243,-2.7835515497803952e-05,-0.005238226937029719,-0.12821741892709934,-0.01617039343432602,-0.0077510397328854055,-0.001049435094432651,8.993464032068403e-05,-0.06107695344694032,0.07117640255345174,-0.010055094414409129,-0.03176009827679002,-0.15363724751710323,0.12953190967488987,-0.032230466214542786,-4.60619955033634,-4.678846158105738,-1.0692105691687426,-0.005834332281225201,-4.833692061517546e-05
4.49,0.0013740752080622007,1.492338754137348,-1.0010294635863917,-0.5405647813318621,0.00010209098692580124,-2.690430471448553e-05,-0.005737960634746358,-0.12744905353378086,-0.01622713310112717,-0.00776025779087375,-0.001138731978002306,9.312107833184235e-05,-0.05846650903392241,0.09212833239348746,-0.011130273391513219,-0.03131688816456751,-0.14408654951905825,0.11702626855476661,-0.03440801628497062,-4.586164560982004,-4.678266934472999,-1.0685121178139414,-0.0062485534970554615,-3.163856380219163e-05
4.5,0.0013119643638135007,1.491073729591202,-1.0011922167248222,-0.540642400520079,8.986524794389967e-05,-2.5945303576260867e-05,-0.006211084424869991,-0.1265024546146166,-0.016275313843052083,-0.007761918821684545,-0.0012225738981901564,9.590011382246636e-05,-0.055629910606692236,0.11299822124110603,-0.012125346818138337,-0.030756363277127913,-0.13379161150172705,0.1040188189372338,-0.0364313906461333,-4.565299187237954,-4.677632146660375,-1.067774396727957,-0.006633215534955393,-1.6944425792606054e-05
4.51,0.0012454073658064281,1.489819945034514,-1.0013553592556064,-0.540719958775531,7.685952436166333e-05,-2.496270110690214e-05,-0.006655699800707259,-0.12537845566879874,-0.016314253078421458,-0.007755825545206966,-0.0013005723582236346,9.826024693587267e-05,-0.05258128688358651,0.13375770692693495,-0.013034158753554487,-0.03007817134857238,-0.12280494458901056,0.09056539140658883,-0.03829297723002082,-4.543629594547056,-4.676939133467786,-1.0669972975015594,-0.006986554593348018,-4.314508703895847e-06
4.5200000000000005,0.0011747068510028495,1.488579163745648,-1.0015187917414634,-0.5407973766129102,6.313584349759349e-05,-2.3960783657627642e-05,-0.007070051480357862,-0.12407812888660148,-0.016343248585694164,-0.0077417837379093885,-0.001372368086406984,0.0001001917449274501,-0.0493356272610303,0.15437843720992792,-0.013850865062211434,-0.029282359425068405,-0.11118270823540419,0.07672372871042732,-0.039985936444092166,-4.521183169825226,-4.676185194319867,-1.06618074461502,-0.0073069608750311295,6.1998793709379645e-06
4.53,0.0011001815044920107,1.4873531358939374,-1.001682407554632,-0.5408745726439007,4.8759515478837484e-05,-2.2943916845717857e-05,-0.0074525346510838884,-0.12260278517105926,-0.016361581316850164,-0.007719603099051949,-0.0014376328018756007,0.00010168668119097837,-0.045908696125053654,0.17483210493460996,-0.014569952622972782,-0.028369376224072707,-0.09898442989473977,0.06255323737661672,-0.041504225605444006,-4.49798849422228,-4.675367603592015,-1.065324699047167,-0.007592986310730218,1.4556332073130266e-05
4.54,0.0010221644906663956,1.4861435961552314,-1.0018460927377386,-0.5409514636252012,3.3798807273705515e-05,-2.1916527177577462e-05,-0.007801701382561507,-0.12095397387059582,-0.01636851831065568,-0.0076890981300434865,-0.0014960708205131964,0.00010273896681403952,-0.04231694436288326,0.19509048344923563,-0.015186257566326088,-0.027340073182114843,-0.08627270632039624,0.0481147321768237,-0.04284261939106172,-4.474075314001606,-4.674483625241889,-1.0644291618777093,-0.007843351472708643,2.0721515681001285e-05
4.55,0.0009410018287971578,1.4849522613330388,-1.0020097258947054,-0.541027964515441,1.8324602346079386e-05,-2.0883083432134563e-05,-0.00811626618692379,-0.11913348221926025,-0.01636331569666874,-0.007650089023984722,-0.001547420492762613,0.00010334437454428973,-0.03857741867292076,0.2151254622626574,-0.01569498248486391,-0.026195704172506384,-0.07311288790677598,0.03347017454423884,-0.043996726269630276,-4.449474509534676,-4.673530527692658,-1.0634941778660836,-0.008056951644693585,2.4671302532796105e-05
4.5600000000000005,0.0008570507217090807,1.4837808279882252,-1.0021731781125103,-0.5411039885410647,2.410047686519151e-06,-1.984807788134367e-05,-0.008395110708807706,-0.11714333448136346,-0.01634522178048033,-0.007602402562370875,-0.0015914554659560234,0.0001035005550790893,-0.034707669271947204,0.23490908291757126,-0.016091712559759212,-0.024937923900341996,-0.05957274758143036,0.018682406079300797,-0.04496300090078927,-4.4242180624085545,-4.6725055989127835,-1.0625198389898864,-0.008232862018584402,2.6390866448865722e-05
4.57,0.000770677846370125,1.4826309700802507,-1.0023363129145137,-0.5411794472712232,-1.3869809960735792e-05,-1.8816007425123732e-05,-0.008637287533895567,-0.11498579079744814,-0.016313480200355786,-0.0075458730158548095,-0.0016279857647254943,0.00010320704562199399,-0.03072565659385102,0.2544135750576901,-0.016372430554179807,-0.02356878496590087,-0.045722135850664175,0.0038148782989609826,-0.0457387525075665,-4.398339020647043,-4.671406161635966,-1.0615062879258328,-0.008370341992761193,2.5874739787050687e-05
4.58,0.0006822576152736049,1.4815043366229639,-1.002498986245965,-0.5412542507016823,-3.0438396800986504e-05,-1.7791354718316446e-05,-0.008842023109652014,-0.11266334572867491,-0.01626733314511788,-0.0074803430459118,-0.0016568586840250712,0.00010246527068072859,-0.02664965756469507,0.27361139266554635,-0.016533530622408258,-0.022090733602261547,-0.031632623688048075,-0.01106862019912373,-0.04632214924691443,-4.371871462048603,-4.670229588663568,-1.06045372145609,-0.00846883855128377,2.31268319208916e-05
4.59,0.0005921704175029612,1.4804025493579953,-1.0026610464921935,-0.5413283073477243,-4.721799170394083e-05,-1.677856936719219e-05,-0.009008719777064366,-0.11017872649686498,-0.01620602462283656,-0.007405664604203784,-0.0016779594902954324,0.00010127853511242575,-0.022498172024543864,0.29247525044783734,-0.016571830888234947,-0.02050660410252869,-0.01737713503587314,-0.025904237974184837,-0.046712218621709954,-4.344850455647284,-4.668973318191205,-1.0593623937829062,-0.008527988707844566,1.8160409086865324e-05
4.6000000000000005,0.0005008008483313351,1.4793272004488192,-1.0028223345298897,-0.5414015243459882,-6.41301109771997e-05,-1.57820492726628e-05,-0.009136956917162604,-0.10753489091761316,-0.016128803769628927,-0.007321699826390284,-0.0016912119273258868,9.965200945293911e-05,-0.018289829847820856,0.31097816034292725,-0.016484584752044687,-0.01881961193410353,-0.003029570761582806,-0.04062833519387194,-0.046908843995198776,-4.317312021306068,-4.667634869100423,-1.0582326197345167,-0.008547621002991944,1.0998035703401192e-05
4.61,0.00040853593612242005,1.4782798501985785,-1.0029826838117661,-0.5414738075651594,-8.109589622130311e-05,-1.48061221966841e-05,-0.009226491220891503,-0.1047350250240709,-0.016034928187644765,-0.007228321917116555,-0.001696578524410341,9.759270759786983e-05,-0.014043299290861299,0.3290934681255048,-0.016269490882228666,-0.017033345577568304,0.011335574024336915,-0.055177757110236265,-0.046912757285565654,-4.289293087455602,-4.666211856156044,-1.0570647778455233,-0.00852775604784831,1.6714774205862102e-06
4.62,0.0003157633751673923,1.4772620247947865,-1.0031419204847773,-0.5415450617253882,-9.803650327578268e-05,-1.3855027627349878e-05,-0.009277256095502772,-0.10178254037920875,-0.015923667301116627,-0.007125416022879908,-0.001694060705447957,9.510945693342225e-05,-0.009777197068572437,0.3467948900800652,-0.01592470185785806,-0.01515175709555261,0.02564359732708918,-0.06949010537670451,-0.04672552793406557,-4.260831446995163,-4.664702005049652,-1.055859313295214,-0.008468606112290772,-9.77843368565011e-06
4.63,0.00022286977291737168,1.4762752140840407,-1.0032998635419692,-0.5416151905262829,-0.00011487349026277719,-1.2932899016897498e-05,-0.009289360225002064,-0.0986810710745879,-0.01579430571918993,-0.007012880089476,-0.001683698698699451,9.221286104523804e-05,-0.005510000631851154,0.3640565497152981,-0.01544883142689403,-0.013179151471609085,0.039819980295259336,-0.08350400603207714,-0.04634954825488087,-4.231965711376683,-4.663103167229753,-1.0546167406876288,-0.008370573760315353,-2.3301971207856527e-05
4.64,0.00013023891985436227,1.4753208693799014,-1.0034563250079105,-0.5416840967832901,-0.00013152920274248214,-1.2043746465269215e-05,-0.00926308530630094,-0.0954344704139252,-0.015646146594119253,-0.006890625700722803,-0.0016655712479704942,8.891525516282823e-05,-0.0012599630841077288,0.3808530144872597,-0.014840960353292059,-0.011120174738252109,0.05379077787346312,-0.0971593729936481,-0.04578801528854728,-4.202735262897257,-4.66141333445959,-1.0533376466576285,-0.008234249540047638,-3.884072307208132e-05
4.65,3.8250089988685796e-05,1.4744004013071013,-1.0036111101575438,-0.5417516825722419,-0.0001479271540129661,-1.1191439920009067e-05,-0.009198882986567647,-0.09204680728000744,-0.015478514963321909,-0.006758578895183125,-0.0016397951270483958,8.523065452601487e-05,0.002954968860491284,0.3971593324988785,-0.01410064082508175,-0.008979800942241045,0.06748300801058557,-0.11039766592194136,-0.04504490929338969,-4.173180205230044,-4.659630653044191,-1.0520226922877571,-0.008060408740570154,-5.632783590795847e-05
4.66,-5.272362031957228e-05,1.473515177685263,-1.003764017768181,-0.5418178493818182,-0.0001639923986155785,-1.0379692961130843e-05,-0.009097371030825807,-0.08852236218381122,-0.015290761063725964,-0.0066166809576272655,-0.0016065244602612384,8.117469588782235e-05,0.007117233512335772,0.4129510691398272,-0.013227899405246227,-0.006763317976099303,0.08082503733944636,-0.12316214134542627,-0.04412496902089857,-4.143341312228493,-4.65775343766917,-1.0506726153212698,-0.007850007232386155,-7.568829411391245e-05
4.67,-0.0001423169078406115,1.472666521455313,-1.0039148404042493,-0.5418824982736384,-0.0001796518971461184,-9.612047237176922e-06,-0.008959328752103922,-0.08486562299501577,-0.015082263606826149,-0.00646488918202341,-0.0015659498530539906,7.676457239539202e-05,0.011209729109880818,0.42820434362871673,-0.01222323850562674,-0.004476312331742838,0.09374696124076415,-0.13539809596431118,-0.04303366393135578,-4.113259975043905,-4.655780184794897,-1.0492882321573989,-0.007604176412908346,-9.68392324674055e-05
4.68,-0.00023017382523442834,1.4718557086517785,-1.0040633647342783,-0.5419455300496673,-0.00019483487052090055,-8.891857616010289e-06,-0.008785691739381684,-0.08108128035345351,-0.014852433002888904,-0.006303177602886946,-0.0015182973374782147,7.201896211666341e-05,0.01521588470643433,0.44289586541658726,-0.011087636376065378,-0.0021246528098242123,0.10618097621246321,-0.14705310108798977,-0.041777163515287756,-4.082978147601748,-4.6537095855512005,-1.0478704396156848,-0.007324217282827897,-0.00011969028099464583
4.69,-0.00031594928444648605,1.4710839664241642,-1.0042093718795062,-0.5420068454265862,-0.00020947314190555266,-8.222278110953851e-06,-0.008577545921205769,-0.07717422276143608,-0.0146007145228052,-0.006131537691894599,-0.0014638271384652102,6.695795050564381e-05,0.019119726796195908,0.4570029704080689,-0.00982254559730391,0.0002855267457992916,0.11806174248595412,-0.15807722720068562,-0.040362303894495334,-4.052538290487727,-4.651540538079341,-1.0464202164570473,-0.007011593683561475,-0.00014414394068398514
4.7,-0.0003993104944980321,1.470352471110591,-1.004352637793368,-0.5420663452167536,-0.00022350146458246468,-7.60624863972359e-06,-0.008336121005154606,-0.07314953135731529,-0.014326591386193192,-0.005949979016735671,-0.0014028322676912024,6.160294712302611e-05,0.022905941476520905,0.47050365695315416,-0.00842989007880128,0.002747845648376712,0.12932673486410934,-0.16842325769416677,-0.03879655188348894,-4.021983313300238,-4.649272159269974,-1.0449386246501493,-0.006667924730168667,-0.0001700959885026275
4.71,-0.00047993832785124156,1.46966234636688,-1.004492933671013,-0.5421239305153462,-0.00023685783410989166,-7.046482670207886e-06,-0.008062783335320947,-0.06901247437109205,-0.014029587764497807,-0.0057585298592716565,-0.0013356369527426982,5.597659695157036e-05,0.026559931983788376,0.48337662156044603,-0.006912060561036014,0.005255695428853402,0.13991657980043792,-0.17804689085518266,-0.03708796669820136,-3.991356515531763,-4.64690379584799,-1.0434268103726119,-0.006294976478161989,-0.000197435910058082
4.72,-0.0005575286099677977,1.4690146613542463,-1.0046300263878933,-0.5421795028932479,-0.0002494837832113442,-6.545455803537734e-06,-0.007759028211655616,-0.06476850126337953,-0.013709271688026294,-0.0055572377901665715,-0.0012625949101452562,5.010268666701519e-05,0.030067871479800494,0.49560129427801464,-0.00527190863448327,0.00780225971152948,0.14977537679654285,-0.18690692924738028,-0.03524515950386823,-3.960701526047796,-4.644435034757595,-1.041886004737651,-0.0058946528664732215,-0.00022604735813415205
4.73,-0.0006317933271316291,1.468410428988751,-1.004763678966354,-0.5422329645952206,-0.0002613246579275934,-6.105395341085804e-06,-0.00742647171638315,-0.06042323654954353,-0.01336525784608265,-0.005346170197274379,-0.0011840874716249174,4.400604624519292e-05,0.0334167510036802,0.5071578736869137,-0.0035127392835853297,0.01038053482087209,0.15885100226561258,-0.1949654556837545,-0.03327725099801421,-3.930062241237794,-4.64186571280349,-1.040317524237801,-0.005468985982474196,-0.0002558086352268668
4.74,-0.0007024617480693257,1.467850604255637,-1.0048936510690505,-0.5422842187428726,-0.00027232987366483836,-5.728270878041033e-06,-0.007066842093769652,-0.0559824733113985,-0.012997210269645513,-0.005125414765189397,-0.0011005215737244984,3.77124463044771e-05,0.03659442254057986,0.518027361447943,-0.0016383019778724375,0.012983351062967552,0.16709539409114332,-0.20218799504455232,-0.031193827227614296,-3.899482761918853,-4.639195925507042,-1.0387227708985325,-0.00502012569836108,-0.0002865931981088332
4.75,-0.0007692814553723973,1.4673360825916426,-1.005019699517914,-0.5423331695419076,-0.0002824531498807641,-5.415785962045458e-06,-0.006681970730307157,-0.05145216639942493,-0.01260484488634458,-0.00489507990350406,-0.001012327621592572,3.124849159955749e-05,0.039589637192586354,0.5281915963395277,0.00034721966771106283,0.01560339460690785,0.17446481520470547,-0.20854366125855214,-0.029004893841762573,-3.869007329078905,-4.636426035139212,-1.0371032321357587,-0.004550328731378945,-0.00031827018236162206
4.76,-0.0008320192832013077,1.4668676983383517,-1.0051415788372924,-0.5423797224931223,-0.0002916527222647402,-5.169370851067318e-06,-0.006273782782891039,-0.04683842532908906,-0.012187931937854972,-0.004655295121469068,-0.0009199572383976117,2.4641511097813973e-05,0.04239207846878281,0.5376332877221014,0.0024392196336627675,0.018233229891408298,0.18092009461295921,-0.21400528883011394,-0.02672082898263686,-3.8386802585522797,-4.633556677895416,-1.0354604803124512,-0.004061947183271666,-0.0003507049447351168
4.7700000000000005,-0.0008904621582295423,1.4664462232695967,-1.0052590418197946,-0.5424237846065914,-0.0002998915313886453,-4.99017640023589e-06,-0.005844287502823453,-0.04214750687549097,-0.011746298250233062,-0.00440621134690859,-0.0008238809123905099,1.791944508314276e-05,0.044992390740332955,0.5463360483614191,0.004632682602257687,0.02086532248515649,0.1864268444204589,-0.21854954836229645,-0.024352335018262623,-3.8085458747265095,-4.630588770180768,-1.0337961719908364,-0.0035574166169777418,-0.0003837596211208107
4.78,-0.0009444178412644853,1.4660723651958842,-1.005371840113276,-0.5424652646184654,-0.0003071373869300699,-4.879069102796293e-06,-0.005395568303494301,-0.03738580737124217,-0.011279829348152835,-0.004148001187414593,-0.0007245855541424585,1.1110729743959791e-05,0.047382202932204576,0.5542844265404596,0.006922198391550047,0.023492062319686147,0.19095565152291089,-0.22215704559559424,-0.02191038932062197,-3.7786484433850966,-4.627523513977756,-1.0321120468779295,-0.0030392437309404072,-0.00041729369786285654
4.79,-0.0009937155674583761,1.4657467666487525,-1.005479724827321,-0.5425040732097857,-0.0003133631066992632,-4.836627305674395e-06,-0.0049297726193890746,-0.0325598547131743,-0.010788471404494964,-0.0038808591320260623,-0.0006225719769193314,4.244179712189813e-06,0.04955414754586969,0.5614639373872733,0.009301977670349182,0.02610578721711132,0.19448224278369203,-0.22481240355337256,-0.019406194292072555,-3.7490321037969028,-4.624362401272173,-1.0304099264634807,-0.002509993693445863,-0.0004511645940768096
4.8,-0.0010382065834950826,1.4654700036479105,-1.0055824471574937,-0.5425401232267034,-0.0003185466298344309,-4.863138615391062e-06,-0.004449101603670642,-0.027676300084201324,-0.010272233017259963,-0.0036050016917802538,-0.0005183523135167679,-2.6511309716666875e-06,0.051501875126748066,0.5678610933439462,0.011765868902015475,0.028698806644325447,0.19698762265248512,-0.22650432745793733,-0.01685112684193021,-3.719740800168208,-4.6211072175168315,-1.028691712350688,-0.001972277201140311,-0.0004852282526013745
4.8100000000000005,-0.0010777645806050644,1.4652425845539365,-1.005679759025557,-0.5425733299014808,-0.0003226711036661315,-4.958598505249857e-06,-0.003955799710998189,-0.022741909397404766,-0.009731186806333886,-0.003320667477736734,-0.0004124473831700654,-9.545988985879564e-06,0.05322006430628748,0.5734634337002912,0.014307376467461774,0.0312634255888502,0.1984581823403861,-0.22722565215476742,-0.014256687513467127,-3.6908182125789146,-4.617760044116538,-1.0269593842813822,-0.0014287373272908127,-0.0005193397371735104
4.82,-0.0011122860227200753,1.465064949009235,-1.0057714137337894,-0.5426036110736334,-0.0003257249438898166,-5.1227101298614815e-06,-0.0034521442115010956,-0.017763554470172624,-0.009165470823236967,-0.0030281172152600106,-0.0003053840223685084,-1.6411162461162473e-05,0.0547044275613777,0.5782595531131467,0.016919679899033424,0.03379196850961508,0.19888577982887162,-0.22697337185737831,-0.011634449459558473,-3.662307687529593,-4.614323259921873,-1.025214997858686,-0.0008820362264395266,-0.0005533538333918369
4.83,-0.0011416903695294534,1.464937466969865,-1.0058571666314655,-0.5426308874105692,-0.0003277018678252632,-5.354885348180995e-06,-0.00294043468093781,-0.012748203937002944,-0.008575289767607762,-0.002727633693576373,-0.00019769239354465906,-2.3217521831951333e-05,0.0559517128435251,0.5822391290320563,0.019595654167413754,0.036276803254010614,0.19826779015776064,-0.22574865210053868,-0.008996007462832585,-3.6342521682305904,-4.610799541723209,-1.0234606819714551,-0.0003348417628518311,-0.0005871256510178097
4.84,-0.0011659201946400417,1.4648604378307613,-1.0059367757915139,-0.5426550826270675,-0.0003286009006820092,-5.654246951339085e-06,-0.002422982511058825,-0.007702913910372459,-0.007960916004838616,-0.002419521649832074,-8.990328567459944e-05,-2.9936160315809e-05,0.056959701236685534,0.5853929479503174,0.022327890949091614,0.038710364873536074,0.1966071256117039,-0.22355682386459347,-0.006352927193496694,-3.606694124769218,-4.60719186374063,-1.021698635926103,0.00021018586943104988,-0.0006205112251584567
4.8500000000000005,-0.001184941199470801,1.4648340896467624,-1.0060100026953136,-0.5426761237029385,-0.00032842635489016206,-6.019632086665542e-06,-0.0019021004830759411,-0.002634818399873549,-0.007322690379964719,-0.0021041075870988804,1.7454579184711163e-05,-3.653851353264574e-05,0.0577272008063484,0.5877129303992431,0.02510872079964467,0.04108517926603006,0.19391222560283344,-0.22040735990931593,-0.0037166948950591106,-3.579675484294815,-4.603503496109412,-1.0199311262926645,0.0007504074670588905,-0.0006533681138785795
4.86,-0.001198742123930144,1.464858578451756,-1.0060766129235499,-0.5426939410981987,-0.0003271877826953719,-6.44959686445099e-06,-0.0013800924459342885,0.0024488804993725776,-0.0066610228236178935,-0.001781739526014022,0.00012385721947901965,-4.299647777854474e-05,0.05825403680351152,0.5891921546043996,0.027930236160606345,0.04339388654518683,0.1901970162269385,-0.2163138334300747,-0.0010986676850027568,-3.5532375613653238,-4.59973800236483,-1.0181604834731905,0.001283218010759963,-0.0006855559898044495
4.87,-0.001207334555328194,1.4649339876781282,-1.0061363768510159,-0.5427084689650983,-0.0003248999023545986,-6.9424221291908364e-06,-0.0008592431398049976,0.0075409226372078805,-0.005976392746595455,-0.001452786689955772,0.00022878803407732923,-4.9282526473984695e-05,0.05854103838569276,0.5898248787207059,0.030784315112677152,0.04562926408800694,0.18548083965257323,-0.21129385922370358,0.0014899753458800119,-3.5274209886022367,-4.595899235934127,-1.0163890980017516,0.0018060596646717636,-0.000716937223304838
4.88,-0.0012107526373669678,1.4650603276785803,-1.0061890703432192,-0.5427196453563373,-0.0003215824984048384,-7.496120372322501e-06,-0.0003418082038773797,0.012634000045210494,-0.005269349220341843,-0.0011176391239066466,0.00033174039497602017,-5.5369824313166484e-05,0.0585900220136792,0.5896065615656321,0.03366264579834734,0.047784249156314074,0.17978835368506063,-0.20536901762423423,0.0040382810553085,-3.50226564780338,-4.5919913356473945,-1.0146194165864786,0.0023164345156037004,-0.0007473774548687933
4.89,-0.0012090526814284048,1.4652375353522435,-1.0062344754526333,-0.5427274124288111,-0.00031726029660949866,-8.108443758821802e-06,0.00016999559385630922,0.017720767366317898,-0.004540510941407769,-0.000776707247375494,0.000432220179533976,-6.123233864993008e-05,0.05840377167749582,0.588533881768222,0.03655675142269657,0.04985196104190237,0.17314940202664492,-0.1985647615404982,0.00653556901596095,-3.477810601665411,-4.58801872028314,-1.0128539379051549,0.002811916987521178,-0.0007767461543426576
4.9,-0.0012023126827428727,1.4654654738768744,-1.0062723811124206,-0.542731716642231,-0.00031196281431594203,-8.776893235485847e-06,0.0006739998685531957,0.022793852463077698,-0.0037905659787340258,-0.00043042134199357,0.0005297482293556644,-6.684494766640448e-05,0.05798601609832846,0.5866047552546078,0.039458015745884964,0.051825722650649775,0.1655988559326738,-0.19091030699832673,0.008971476953816063,-3.454094026269525,-4.5839860821680025,-1.0110952081669242,0.0032901658681750664,-0.0008049171647414098
4.91,-0.0011906317443689625,1.4657439325487696,-1.0063025838254545,-0.5427325089519772,-0.0003057241870821933,-9.498728684315781e-06,0.0011680938373910348,0.027845867189518522,-0.003020271303386519,-7.923097462954738e-05,0.0006238627233748704,-7.21835448829934e-05,0.05734140304554998,0.5838183509908518,0.04235770897710059,0.053699081459884335,0.15717642813771668,-0.18243850765826347,0.011336004689609816,-3.431153144485058,-4.5798983798539155,-1.0093458164536446,0.003748935886762178,-0.0008317692284110582
4.92,-0.0011741294122488252,1.4660726267318782,-1.0063248883464662,-0.5427297449955482,-0.00029858297255028925,-1.0270980080141239e-05,0.0016502332120137213,0.03286941831086794,-0.0022304521011598665,0.00027639564290084,0.000714121453190409,-7.722513958254583e-05,0.056475470899652915,0.5801751049063113,0.0452470139775636,0.05546582978377823,0.14792646009309635,-0.17318571384665682,0.013619556418713213,-3.4090241604461435,-4.575760829899366,-1.0076083898553,0.0041860887837761075,-0.0008571864933895142
4.93,-0.0011529449249218443,1.4664511979174242,-1.0063391083551587,-0.5427233852719859,-0.00029058193265764663,-1.1090459607516534e-05,0.0021184487326980955,0.03785711855459688,-0.001422000869253905,0.0006359723562236279,0.0008001039892642634,-8.194795273752949e-05,0.05539461758327493,0.5756767319228968,0.04811705268118403,0.05712002427772411,0.13789768372019257,-0.16319161670175764,0.015812981169013356,-3.3877421952567635,-4.571578897785007,-1.0058855884147637,0.004599603816790317,-0.000881058997892638
4.94,-0.0011272363817828883,1.4668792138951796,-1.0063450671181489,-0.5427133953136722,-0.00028176779538556523,-1.1953774687983334e-05,0.0025708543138955975,0.042801597775544216,-0.0005958762990100118,0.000998995831370068,0.0008814137272081383,-8.633150804667996e-05,0.054106066974101044,0.5703262360174594,0.05095891263774814,0.05865600463119858,0.12714295903694167,-0.15249907809918214,0.01790761128085102,-3.3673412240787264,-4.567358287996922,-1.0041800998978974,0.004987587648788296,-0.0009032831309398321
4.95,-0.0010971798340596553,1.4673561690373513,-1.0063425981376235,-0.5426997458499067,-0.00027219099734503225,-1.2857341865051822e-05,0.003005654772323286,0.04769551421718096,0.00024689805253265906,0.0013649463765639702,0.0009576798040532985,-9.035671770684884e-05,0.05261783290533024,0.5641279182487416,0.05376367358864667,0.06006841137798702,0.1157189891610371,-0.1411539470792762,0.01989529875778644,-3.3478540147559874,-4.563104933313919,-1.00249463440569,0.005348283568809678,-0.000923762067229169
4.96,-0.0010629683029565063,1.4678814846958554,-1.006331545784636,-0.542682412961698,-0.0002619054085938697,-1.3797401490717622e-05,0.0034211531103149092,0.05253156585040308,0.0011052352987420628,0.0017332888208765225,0.0010285588751162513,-9.400596256658008e-05,0.05093868085229548,0.557087382682112,0.05652243398124622,0.0613522027786344,0.10368601432721819,-0.12920486355601507,0.02176844934196634,-3.3293120681268347,-4.558824983338036,-1.0008319188457002,0.005680079998097067,-0.0009424061744753021
4.97,-0.0010248107296695432,1.4684545097135615,-1.0063117659150072,-0.542661378227222,-0.000250968041165514,-1.4770033154019614e-05,0.003815757328696318,0.05730250177061219,0.001977986962893671,0.002103473447587864,0.001093736742835573,-9.726316633019916e-05,0.04907808739762601,0.5492115401499919,0.0592263373299876,0.06250267072551074,0.09110748668048738,-0.11670305013960929,0.02352005417320136,-3.311745560172953,-4.554524792309911,-0.99919469128055,0.005981518238591319,-0.000959133391533815
4.98,-0.0009829308622192907,1.4690745210498939,-1.0062831264658463,-0.5426366288574231,-0.00023943874286792784,-1.577117178906816e-05,0.004187986745025266,0.06200113363324707,0.002863944916081863,0.002474936979891744,0.001152929829758616,-0.00010011386350485491,0.04704619756267195,0.5405086097897244,0.06186659833758912,0.06351545561185379,0.07804972771921787,-0.10370209295525197,0.025143718896603214,-3.2951832861513632,-4.55021090625313,-0.9975856951716693,0.006251299424516085,-0.0009738695757529277
4.99,-0.0009375660842729142,1.4697407245209677,-1.0062455080307677,-0.5426081578212592,-0.00022737987798096687,-1.6796624397146868e-05,0.004536477794637645,0.06662034710737236,0.003761843507855266,0.0028471036164005904,0.001205886488696096,-0.00010254526080787064,0.044853780089799435,0.5309881183041614,0.06443452868521969,0.06438656013517918,0.06458157036064732,-0.0902577123862347,0.026633690089812725,-3.279652606851509,-4.545890049493631,-0.9960076735367588,0.006488290641892163,-0.0009865488181168523
