time,q1,q2,q3,q4,q5,q6,dq1,dq2,dq3,dq4,dq5,dq6,ddq1,ddq2,ddq3,ddq4,ddq5,ddq6,tau1,tau2,tau3,tau4,tau5,tau6
0.0,0.0,1.5,-1.0,-0.54,0.0,0.0,0.0,0.0,0.0,0.0,0.0,0.0,0.0,0.0,0.0,0.0,0.0,0.0,-0.43175238405163124,-3.463764800820142,-3.9097578523977825,-0.8563611651930304,-0.03976388791948077,-4.158688754205139e-05
0.01,1.3091558553660122e-06,1.500002198297755,-0.9999984642984391,-0.5399996709398157,1.5220604269966012e-07,1.045550936531618e-08,0.00013091558553660122,0.00021982977549872323,0.000153570156097068,3.2906018429832496e-05,1.5220604269966013e-05,1.0455509365316179e-06,0.017874794395529355,0.024331550749114944,0.02236476733691128,-0.009749236846273657,0.009462883074714615,0.022969593116672442,0.0022058795422249242,-4.012538674250539,-4.596016500829293,-1.0315531490258176,0.0002494171579527737,-0.0004832591748740645
0.02,-3.405150095121283e-06,1.4999221373169855,-0.9999954133467641,-0.540001169773785,-9.094050818487285e-07,-3.5497886156347397e-07,-0.0004714305950487295,-0.008006098076948095,0.00030509516749657945,-0.0001498833969263468,-0.00010616111245483887,-3.6543437092879014e-05,-0.06572239009243923,-0.9721998903577065,0.11105692879419135,0.051607948974963236,-0.2074053198434182,-0.9864898161070341,-0.009546138970932478,-4.355335975335575,-4.682074170818806,-1.0620112168539344,-0.0012422250701973378,-0.0006991684311931476
0.03,-1.930375270042879e-05,1.4996882821022517,-0.9999969560359118,-0.540008092173642,-3.713985173371388e-06,-1.1034897253724046e-06,-0.0015898602605307509,-0.023385521473377566,-0.0001542689147611788,-0.0006922399856985372,-0.00028045800915226594,-7.485108638089307e-05,-0.1386924011949556,-1.8067091010808292,0.11069576160455295,0.03002748412058498,-0.21996595784870288,-0.9825807716844652,-0.02123899761367466,-4.693931544077995,-4.767180464218081,-1.0921196852872097,-0.002726314834189004,-0.0009133753460366036
0.04,-4.994360237184733e-05,1.499240520541763,-1.0000125530152468,-0.5400244955393229,-8.610305903573916e-06,-2.2360134611731207e-06,-0.0030639849671418536,-0.044776156048878954,-0.0015596979335155683,-0.0016403365680837845,-0.0004896320730202529,-0.0001132523735800716,-0.18954167295487565,-2.502202273888329,0.049506989774940086,-0.0059142751279184225,-0.22312445645106316,-0.9670034032059538,-0.03279907099114997,-5.024298263682136,-4.850333905661563,-1.1215229893961944,-0.004194364921216782,-0.0011241488719673644
0.05,-9.771651974162894e-05,1.4985290722832134,-1.0000531298883788,-0.5400544672509042,-1.5828493107738945e-05,-3.7491617559796426e-06,-0.00477729173697816,-0.07114482585496083,-0.004057687313199533,-0.0029971711581359894,-0.0007218187204165029,-0.0001513148294806522,-0.22394980461007852,-3.0740987904582524,-0.04506502470662044,-0.04645282510514903,-0.22359752224745832,-0.9436280914196918,-0.044150511473058054,-5.342665208163637,-4.9305300295175165,-1.1498735931955057,-0.005638047009389807,-0.001329793874190981
0.06,-0.0001641581645447469,1.4975136627592163,-1.000129818956644,-0.5401018540707408,-2.551184922595687e-05,-5.635560575986847e-06,-0.0066441644803117966,-0.10154095239970512,-0.007668906826531022,-0.004738681983662842,-0.0009683356118217923,-0.00018863988200072042,-0.24629419968731509,-3.5337708769238994,-0.15412770069031223,-0.08728253522961893,-0.22215790570825544,-0.9126801596415612,-0.05521844404637287,-5.645526736691442,-5.006793366736482,-1.1768391322832301,-0.007049363514573123,-0.0015286655351752427
0.07,-0.00025016490803074986,1.4961628700743208,-1.0002531328367148,-0.540170088597791,-3.7738914259820774e-05,-7.884134775648932e-06,-0.008600674348600295,-0.1350792684895486,-0.01233138800706543,-0.006823452705014169,-0.0012227065033863904,-0.00022485741996620845,-0.2596537116124981,-3.889983856549676,-0.2651090532700367,-0.1257086329241197,-0.21926150039469627,-0.8744287716802785,-0.06593091127285466,-5.929645667978891,-5.078200075360288,-1.2021073010494958,-0.008420728736538064,-0.0017191819168030113
0.08,-0.00035614644496365186,1.494453582108891,-1.0004324332730195,-0.540262081418128,-5.2538982710400845e-05,-1.0480364988865543e-05,-0.010598153693290202,-0.1709287965429921,-0.01793004363046361,-0.009199282033698,-0.0014800068450580072,-0.0002596230213216612,-0.26619046723714707,-4.1498194466630505,-0.36977748671468397,-0.16000334899842272,-0.21524054284303662,-0.8291987283566662,-0.0762201947679355,-6.1920540318445685,-5.1438940075223,-1.2253892399965989,-0.009745009688658383,-0.0018998354352206311
0.09,-0.00048213384033275524,1.4923705212285328,-1.000675601950159,-0.5403801583906802,-6.990304540402429e-05,-1.3406529529322883e-05,-0.012598739536910335,-0.20830608803581435,-0.024316867713948177,-0.011807697255219634,-0.0017364062693623443,-0.000292616454045734,-0.26743047586450874,-4.31930070569476,-0.4628651872107632,-0.18909197448510717,-0.2103336801683353,-0.7773676218266419,-0.08602380985592475,-6.430053319431343,-5.203097968285909,-1.2464218900321176,-0.01101555066093601,-0.002069203524296882
0.1,-0.0006278568770900041,1.4899058077779652,-1.0009888498584731,-0.540526029127915,-8.979154275153751e-05,-1.6641940277767105e-05,-0.014572303675724891,-0.24647134505675727,-0.03132479083140902,-0.01458707372347832,-0.0019888497347513227,-0.00032354107484442194,-0.26446144504637115,-4.403815203981167,-0.5411292121835829,-0.21234816326095007,-0.20470640401804863,-0.7193628542688891,-0.09528530297914868,-6.641215227250831,-5.2551213208734,-1.2649696102497712,-0.01222619220664235,-0.0022259585815264135
0.11,-0.0007928004360966696,1.4870585430530605,-1.0013766220152993,-0.5407007771825797,-0.00011213990895263491,-2.0163178714489367e-05,-0.01649435590066655,-0.2847264724904753,-0.0387772156826148,-0.017474805466467576,-0.00223483662010974,-0.00035212384367222624,-0.2580716116618567,-4.408399422675278,-0.6027122277370597,-0.2294559625869237,-0.19846687550178643,-0.6556583988416953,-0.10395489955578963,-6.823383348658251,-5.299364739819684,-1.2808252541157592,-0.013371288602524786,-0.00236887720623186
0.12,-0.0009762467128071559,1.4838343990153027,-1.0018415681229926,-0.5409048654710009,-0.00013686259787127359,-2.3944336117750426e-05,-0.01834462767104863,-0.32241440377578295,-0.046494610769329786,-0.0204088288421245,-0.0024722688918638663,-0.0003781157403261058,-0.24884687793173718,-4.337927497677788,-0.6467073721842838,-0.24031641779271595,-0.19167814506391356,-0.5867712060336994,-0.11199001237224325,-6.974675948221034,-5.335322702340255,-1.2938108375761912,-0.014445724659570074,-0.002496848702689063
0.13,-0.0011773080048613183,1.4802452065528409,-1.0023845591211775,-0.541138152513028,-0.00016385607705148348,-2.7957260349916522e-05,-0.020106129205416236,-0.35891924624617,-0.05429909981848951,-0.023328704202702527,-0.0026993479180209886,-0.0004012924232166096,-0.2372385078000605,-4.197233975464589,-0.6728621300744643,-0.2449841801516346,-0.18436765453823356,-0.5132572287088026,-0.11935560579705182,-7.093489763960635,-5.362584177803112,-1.303777894581671,-0.015444931356800414,-0.0026088828054342088
0.14,-0.0013949533385596905,1.4763085372306601,-1.0030047359727166,-0.5413999164600521,-0.0001930011321407085,-3.2171810467186365e-05,-0.021764533369837222,-0.39366693221807725,-0.06201768515390437,-0.026176394702417193,-0.002914505508922501,-0.00042145501172698396,-0.2236100187991888,-3.9911910198415645,-0.6813768894095975,-0.24362430072792485,-0.17653479452607146,-0.43570708177473905,-0.12602440780950322,-7.178504664121837,-5.380831890419133,-1.3106075909829935,-0.01636489925032786,-0.0027041165787263927
0.15,-0.0016280311612085433,1.4720472756430112,-1.0036995813676568,-0.5416888848269922,-0.00022416472215564036,-3.65561195133178e-05,-0.023307782264885286,-0.42612615876488613,-0.06948453949402157,-0.02889683669400085,-0.003116359001493186,-0.00043843090461314347,-0.2082693308548532,-3.7247541607468304,-0.6727680068172146,-0.23648258691722823,-0.16815714575951102,-0.354741377603784,-0.13197696410503026,-7.228688907695964,-5.389840470811614,-1.3142106508891074,-0.01720218852133882,-0.002781820441517234
0.16,-0.0018752895844248408,1.4674891809840716,-1.0044650079872344,-0.5420032684850151,-0.0002572015539120317,-4.107686521233255e-05,-0.024725842321629752,-0.4558094658939697,-0.07654266195775061,-0.03143836580229696,-0.0033036831756391373,-0.0004520745699014747,-0.19149041759563196,-3.40298630137603,-0.6477748304561439,-0.22386505637456366,-0.15919589075787977,-0.2710057930404234,-0.1372015332611518,-7.243304704418155,-5.389473766427141,-1.3145271370479223,-0.01795393464394803,-0.0028414032709639515
0.17,-0.0021353951323592286,1.462666437495714,-1.0052954589823009,-0.5423407989061538,-0.00029195549256670676,-4.569954779849183e-05,-0.026010554793438792,-0.48227434883576814,-0.08304509950664946,-0.03375304211387489,-0.0034753938654675056,-0.000462268258615928,-0.17352743307295784,-3.0310666786361913,-0.6072966712181356,-0.20612348018550186,-0.1496007540628519,-0.1851659321036726,-0.14169382749273898,-7.221913731625012,-5.379681542377974,-1.3115261167287193,-0.018617848867489763,-0.002882416540589234
0.18,-0.002406950566967172,1.4576151941787248,-1.0061840176866588,-0.5426987679445738,-0.0003282608882600387,-5.038877386797595e-05,-0.02715554346079434,-0.5051243316989081,-0.08885587043579699,-0.03579690384199773,-0.003630539569333191,-0.0004689226069484123,-0.1546234012030123,-2.614289380699019,-0.5523501538478437,-0.18364499031764225,-0.13931471750405877,-0.09790205252111528,-0.14545660902523516,-7.164382238058417,-5.360495769844503,-1.3052052359393191,-0.019192212965500884,-0.0029045574533447614
0.19,-0.002688512087473498,1.4523750946664529,-1.007122524508663,-0.5430740696364557,-0.0003659438718766263,-5.5108544871738265e-05,-0.02815615205063261,-0.5240099512271856,-0.09385068220042289,-0.03753016918818735,-0.00376829836165876,-0.0004719771003762316,-0.13501494438819941,-2.1580545747617315,-0.48404039279497935,-0.1568443890569915,-0.128278659367008,-0.009903725074411784,-0.14849915708143607,-7.070885346788872,-5.332026666948156,-1.2955902171032179,-0.01967586797888626,-0.0029076710350157135
0.2,-0.002978606003938617,1.446988798527875,-1.0081016995615653,-0.5434632436313125,-0.00040482365289957095,-5.982254866822847e-05,-0.0290093916465119,-0.5386296138577684,-0.09791750529022882,-0.03891739948568836,-0.003887978102294464,-0.00047140037964902047,-0.11493411136177614,-1.6678545902359723,-0.4035414811718706,-0.12615824460682212,-0.11643598056185694,0.07813550719536794,-0.1508366246131561,-6.9419101605353335,-5.294458626352796,-1.2827342883506738,-0.020068196956937807,-0.002891751159599748
0.21,-0.003275744845575945,1.4415014955393257,-1.0091112699977063,-0.5438625199523657,-0.0004447138371344457,-6.449445240046363e-05,-0.029713884163732794,-0.5487302988549465,-0.10095704361409859,-0.03992763210532426,-0.0039890184234874755,-0.00046719037322351674,-0.09460808491133745,-1.1492563023013473,-0.31208316758716403,-0.09204015777997032,-0.10373720543812526,0.16552340746329092,-0.1524893070173342,-6.778257272998182,-5.248046134624922,-1.266717546309029,-0.02036910196309678,-0.0028569404854603907
0.22,-0.0035784427698341732,1.4359604146744975,-1.0101401012672158,-0.5442678648361454,-0.0004854237703370511,-6.908819484212866e-05,-0.030269792425822846,-0.5541080864828212,-0.10288312695095343,-0.0405344883779745,-0.004070993320260542,-0.0004593742441665035,-0.07425736643854473,-0.6078807756026051,-0.2109415377383249,-0.05495678749240218,-0.09014447978158374,0.25157420600461383,-0.15348184703190162,-6.5810402998214315,-5.193109760703723,-1.2476462487636284,-0.02057897584905021,-0.0028035292890842153
0.23,-0.0038852300791890567,1.4304143297339478,-1.011176331671752,-0.5446750274311819,-0.0005267599046085063,-7.356827626418686e-05,-0.030678730935488355,-0.5546084940549733,-0.10362304045361587,-0.04071625950364932,-0.004133613427145513,-0.00044800814220582005,-0.05409291612511573,-0.04938079442103887,-0.10143216036598705,-0.01538435978090763,-0.07563583527283302,0.3356135978150878,-0.153842400753385,-6.351683062877278,-5.13003226493316,-1.2256520288916992,-0.020698669498025967,-0.0027319531919965433
0.24,-0.004194666622783588,1.4249130636836196,-1.0122075096579717,-0.5450795871490278,-0.0005685271772890261,-7.790004380247248e-05,-0.030943654359453145,-0.5501266050328169,-0.10311779862196938,-0.040455971784589456,-0.004176727268051983,-0.0004331767538285629,-0.034312652345404,0.5205833197525855,0.01509540102179345,0.026194521993413877,-0.060209050887197246,0.41698354288693035,-0.15360178927417123,-6.091914092005679,-5.0592548562415764,-1.2008910190452744,-0.02072945538523632,-0.002642789785601888
0.25,-0.004505353854830091,1.4195069939065963,-1.0132207333149654,-0.5454770014625008,-0.0006105303866957744,-8.204997025621184e-05,-0.031068723204650286,-0.5406069777023296,-0.10132236569936864,-0.039741431347296144,-0.004200320940674833,-0.0004149926453739353,-0.015097664878992167,1.0963693499475766,0.13726250157663883,0.06929388461267205,-0.04388492045150993,0.4950468479168152,-0.1527926589013734,-5.803758149222544,-4.98127360344835,-1.1735428693629897,-0.020672988393527443,-0.0025367541681859227
0.26,-0.00481594533716931,1.4142465606990025,-1.0142027915200154,-0.545862653939303,-0.0006525755452714097,-8.598592421771203e-05,-0.03105914823392189,-0.5260433207593871,-0.09820582050500347,-0.03856524768022729,-0.004204515857563524,-0.00039359539615001823,0.003391539556910331,1.6723801224885282,0.2636663258919957,0.11342728538556823,-0.0267097345774854,0.5691915213110494,-0.15144867046766342,-5.489524531549281,-4.896635987517904,-1.1438096448895327,-0.02053126485403442,-0.0024146934178264274
0.27,-0.005125155505953354,1.4091817814621095,-1.0151403061291182,-0.5462319022865869,-0.0006944711884815165,-8.967742942630996e-05,-0.03092101687840438,-0.5064779236893059,-0.09375146091028519,-0.03692483472839564,-0.004189564321010688,-0.0003691505208597931,0.021018473661187795,2.243091630042253,0.39288520823277145,0.15811065036895489,-0.008756806009352011,0.6388349054162861,-0.14960373511802427,-5.151791969533697,-4.8059375650128064,-1.1119145844122937,-0.020306580759704408,-0.002277580034323802
0.28,-0.005431766568390722,1.4043617731584028,-1.0160198745416094,-0.5465801261655898,-0.0007360296170891823,-9.309591125759479e-05,-0.03066110624373682,-0.4820008303706667,-0.08795684124912073,-0.034822387900286175,-0.0041558428607665785,-0.0003418481831284829,0.037673538267844746,2.8030822449388997,0.5234846524855198,0.202865074235266,0.009873090374306837,0.7034275995768533,-0.1472913104371965,-4.793390008418319,-4.709818699126026,-1.078100704891091,-0.020001490034320824,-0.0021265043923360907
0.29,-0.005734633450959492,1.3998342857079809,-1.0168282118891832,-0.5469027745168091,-0.0007770680511922391,-9.621492830452895e-05,-0.03028668825687701,-0.4527487450421876,-0.08083373475738408,-0.03226483512193408,-0.00410384341030569,-0.00031190170469341604,0.05327611782109551,3.3470629248568398,0.6540242452333536,0.24721959083235667,0.029052431004264023,0.7624571936470557,-0.14454376716473705,-4.417376836611795,-4.608961303578408,-1.042629237127922,-0.01961876364584543,-0.001962666256599676
0.3,-0.006032686781367542,1.3956452491002487,-1.0175522920147706,-0.5471954121167562,-0.0008174096765312442,-9.901038708252967e-05,-0.029805333040804925,-0.4189036607732283,-0.07240801255874008,-0.02926375999470599,-0.0040341625339005045,-0.0002795458778000733,0.06777574994923778,3.8699082924296375,0.7830655747774635,0.2907139133767096,0.04862880504538214,0.815451833011266,-0.1413918333031839,-4.027013610124032,-4.504085536415611,-1.0057778811336533,-0.01916135024730894,-0.0017873654183933486
0.31,-0.006324933948687506,1.3918383370805993,-1.018179486321557,-0.5474537650683682,-0.0008568845668944184,-0.00010146073799695403,-0.02922471673199645,-0.3806912019649225,-0.06271943067863212,-0.025835295161206268,-0.003947489036317421,-0.00024503509144243614,0.08115227736172895,4.366688437927254,0.9091811992521862,0.3329011365274024,0.06842783968730654,0.8619836325493597,-0.13786411938869594,-3.625735410080277,-4.39594637538525,-0.9678388733972813,-0.018632338927375237,-0.0016019915202518064
0.32,-0.006610458345586695,1.3884545503381975,-1.0186976994917671,-0.5476737649098218,-0.0008953304707191515,-0.00010354715084849266,-0.028552439689918916,-0.338378674240188,-0.05182131702102653,-0.0219999841453573,-0.0038445903824733136,-0.00020864128515386338,0.09341495586496672,4.832701253692745,1.0309646450174714,0.3733503885677649,0.08825703064235535,0.9016719485225698,-0.1339867262260244,-3.2171190611560267,-4.285330004171476,-0.929116862818647,-0.018034924569141294,-0.0014080131433598468
0.33,-0.006888416949939495,1.3855318221642947,-1.0190955010031444,-0.5478515910117951,-0.0009325934549175149,-0.00010525366831789711,-0.02779586043527997,-0.29227281739029076,-0.03978015113771403,-0.017782610197335867,-0.0037262984198363387,-0.00017065174694044403,0.10460055780957872,5.263505063643593,1.1470413605845027,0.41164941997117666,0.1079102580495439,0.9341865049119186,-0.129782934579411,-2.8048481293140624,-4.173049939356804,-0.8899265972663338,-0.01737237625744673,-0.0012069662390568141
0.34,-0.007158036447595483,1.3831046495658665,-1.019362251312287,-0.5479837109221085,-0.0009685284041952755,-0.00010656733606289883,-0.026961949765598847,-0.242717259842812,-0.026675030914272316,-0.01321199103133271,-0.0035934949277760583,-0.00013136677450017222,0.1147705703343144,5.654951263569035,1.2560805007835039,0.44740711424779533,0.1271727281495783,0.9592503557604801,-0.12527297517346184,-2.3926755048951476,-4.059942831602855,-0.8505904283834657,-0.01664800914317065,-0.0010004419924207236
0.35000000000000003,-0.00741860813182277,1.3812037528019767,-1.0194882215317393,-0.5480669183099413,-0.0010029993793382243,-0.00010747830827251429,-0.026057168422728687,-0.19008967638898455,-0.012597021945223377,-0.008320738783278402,-0.0034470975142948754,-9.109722096154522e-05,0.12400763721301492,6.003216640528299,1.356807370686731,0.4802559077867983,0.14582606773308648,0.976642649359231,-0.12047387684521547,-1.9843840590896327,-3.9468638812032246,-0.8114356481816207,-0.015865160162307726,-0.0007900742119116926
0.36,-0.007669481837084962,1.3798557662557156,-1.0194647054049824,-0.5480983681601936,-0.0010358798427725598,-0.00010797992775170207,-0.025087370526219198,-0.13479865462611956,0.0023516126756901196,-0.0031449850252366005,-0.003288046343433558,-5.0161947918778624e-05,0.13241142794486466,6.304834994481121,1.4480163193798614,0.5098541069142719,0.16365331289168028,0.9862011455743456,-0.11539939070373913,-1.5837459352216954,-3.834681817833943,-0.7727916769214319,-0.015027168007142757,-0.0005775263444217989
0.37,-0.007910059175444887,1.3790829634588755,-1.0192841223827802,-0.5480756088725994,-0.001067052763879817,-0.00010806877984673543,-0.024057733835992474,-0.07728027968401703,0.0180583022202074,0.0022759287594244027,-0.0031172921107257274,-8.885209503336175e-06,0.14009413577042504,6.556727644263736,1.5285838406163448,0.5358880922590359,0.18044357336420191,0.9878244259323234,-0.11005998856684142,-1.1944810982914138,-3.724273406924997,-0.7349871275585775,-0.014137357742149956,-0.0003644782196569643
0.38,-0.00813978634396914,1.3789030189464044,-1.0189401106275733,-0.5479966109303579,-0.0010964106198409697,-0.0001077447197630437,-0.02297271685242529,-0.017994451247111888,0.03440117552068995,0.00789979422415452,-0.002935785596115258,3.240600836917327e-05,0.14717580750591855,6.7562323649047595,1.5974816114118937,0.5580744022432604,0.1959962123867598,0.9814737284947168,-0.10446293460659131,-0.8202158141975207,-3.616517460439815,-0.6983467774209339,-0.01319903043288168,-0.00015261263140309815
0.39,-0.008358146762624058,1.3793288094306457,-1.018427608821065,-0.5478597918196291,-0.0011238553100587285,-0.00010701087306766727,-0.02183604186549181,0.04257904842413622,0.0512501806508143,0.01368191107288472,-0.002744469021775872,7.338466953764363e-05,0.1537796944901276,6.901130275649848,1.653789181383289,0.5761616887998571,0.21012445038449012,0.9671743367171441,-0.09861242988738747,-0.4644417616562615,-3.5122883477252786,-0.6631884825753394,-0.012215458098211765,5.6398134252474464e-05
0.4,-0.00856465378627546,1.3803682565498745,-1.0177429257243658,-0.5476640369043817,-0.0011492980034055785,-0.00010587360940384181,-0.020650702365140224,0.1039447119228814,0.06846830966992798,0.019575491524737337,-0.0025442693346850063,0.00011372636638254608,0.1600277891808588,6.989670179397639,1.6967060156779388,0.5899325388708725,0.22265836887349755,0.945016453434304,-0.09250983015984439,-0.13047649311053533,-3.4124490221217454,-0.6298200743606034,-0.011189884194811268,0.00026090571238851935
0.41000000000000003,-0.008758843713610505,1.3820242131612,-1.016883796539892,-0.5474087159907883,-0.0011726589376908616,-0.00010434248967270353,-0.01941899273350446,0.1655956611325397,0.08591291844736647,0.025532091359335037,-0.0023360934285283005,0.00015311197311382812,0.1660366805779943,7.020589845856105,1.7255625930662997,0.5992051546559587,0.2334473489092428,0.9151554973994656,-0.08615393771885194,0.17857404550560707,-3.3178436007216554,-0.5985362806561003,-0.010125529693016234,0.00045929890307486984
0.42,-0.00894026929203319,1.3842943948152062,-1.015849425248798,-0.5470936953514569,-0.0011938671899242186,-0.00010243018715496552,-0.018142557842268474,0.22701816540062325,0.10343712910940238,0.031502063933145384,-0.002120825223335697,0.00019123025177380045,0.17191382833756128,6.993133733772511,1.739830268356574,0.6038348838200172,0.24236201875012153,0.8778117696711554,-0.07954136818763201,0.4598502531745168,-3.2292895574355205,-0.5696157165062264,-0.00902560460680248,0.0006500166355674006
0.43,-0.009108493892461163,1.3871713576706772,-1.0146405122454125,-0.5467193450219447,-0.0012128604343183075,-0.00010015238325294698,-0.0168224600427973,0.2876962855471028,0.1208913003385495,0.037435032951218875,-0.001899324439408881,0.00022778039020185376,0.17775432415573877,6.907066663040066,1.7391296247037835,0.6037155879052243,0.24929580379265948,0.8332694497316349,-0.07266699260625219,0.7107702347898912,-3.147569612646329,-0.5433179896529556,-0.007893324605030063,0.0008315605454898589
0.44,-0.009263086502641479,1.3906425236856246,-1.0132592667586853,-0.5462865412297269,-0.001229584702699216,-9.752763873060135e-05,-0.015459261018031696,0.34711660149472506,0.1381245486727211,0.04328037922178834,-0.0016724268380908488,0.00026247445223456323,0.18363818250502614,6.762682976093922,1.7232370663082524,0.5987808332151978,0.2541661677966981,0.7818748957525659,-0.065524454060648,0.9290572162899497,-3.0734234253834685,-0.5198809663054007,-0.006731932069432586,0.00100250706135953
0.45,-0.009403617662793837,1.3946902534601655,-1.0117094037370247,-0.5457966638684342,-0.0012439941592745554,-9.457724151671154e-05,-0.014053116015235794,0.4047729774540999,0.15498630216606873,0.04898773612926691,-0.0014409456575339317,0.00029503972138898043,0.18962818238179405,6.5608107702583025,1.6920894349083464,0.5890048836592499,0.2569156112136639,0.7240342392680319,-0.05810675620327,1.1127625308079394,-3.0075392152174265,-0.4995182411008907,-0.005544720694135751,0.0011615189015121252
0.46,-0.00952965644331937,1.3992919666134511,-1.0099961250735863,-0.5452515889869403,-0.0012560508987452296,-9.132503231487754e-05,-0.01260387805255327,0.4601713153285608,0.17132786634385083,0.054507488149394524,-0.0012056739470674132,0.0003252209201833999,0.19576826724341523,6.302810838761393,1.6457864735615824,0.5744034699321681,0.2575124563516892,0.6602102811832578,-0.05040691836245194,1.2602837938887301,-2.950545460007667,-0.48241685272890356,-0.004335062461581102,0.0013073558879274558
0.47000000000000003,-0.009640768540862285,1.404420309057946,-1.0081260852599647,-0.544653676322812,-0.0012657247737248413,-8.779720943386362e-05,-0.011111209754291407,0.51283424444948,0.18700398136215912,0.059791266412823854,-0.000967387497961172,0.00035278228810139213,0.2020825005504804,5.990570027785835,1.5845910074860337,0.5550343044067994,0.255951408283671,0.5909187131214821,-0.04241868856319109,1.37037799973659,-2.9030028312571856,-0.4687352831731041,-0.0031064356014700507,0.001438884989430966
0.48,-0.009736515545834637,1.4100433659982419,-1.0061073417728459,-0.5440057519716804,-0.001272993254516881,-8.402211441350665e-05,-0.009574700497235196,0.562305694029593,0.20187434871188267,0.06479243511315386,-0.0007268480792039537,0.0003775095020356959,0.20857456746168782,5.626488799539084,1.5089267629790837,0.5309973068282794,0.2522538433312146,0.5167237051070126,-0.03413730182537574,1.4421693933764184,-2.865396540202954,-0.4586017740814746,-0.0018624519630764272,0.0015550895130415831
0.49,-0.009816455411182966,1.4161249189375824,-1.003949290715687,-0.5433110863470468,-0.001277841321631849,-8.003000017444297e-05,-0.007993986534832947,0.6081552939340433,0.2158051057158724,0.0694665624633652,-0.00048480671149681606,0.00039921142390636765,0.21522780736823532,5.21346288580294,1.4193738002689085,0.502434502879133,0.24646775102261287,0.4382329168708494,-0.025560266800420436,1.475152101268519,-2.8381292740544937,-0.4521129885251425,-0.0006068821253092446,0.0016550773686869924
0.5,-0.00988014412831474,1.422624744433603,-1.0016625884509143,-0.542573367647651,-0.001280261389108616,-7.585278356359547e-05,-0.006368871713177371,0.6499825496020706,0.2286702264772874,0.07377186993959252,-0.00024200674767668596,0.0004177216610847502,0.2220057556047371,4.75485902114428,1.3166615930522387,0.4695295565183919,0.23866724566829733,0.3560920048370759,-0.016688159478022522,1.4691876307139102,-2.8215149022791053,-0.4493330404929934,0.0006563234519552035,0.00173808833900536
0.51,-0.009927138591502667,1.429498951816295,-0.9992590601624108,-0.5417966711104593,-0.001280253254805801,-7.152378430039221e-05,-0.004699446318792717,0.687420738269188,0.2403528288503469,0.07766965371916884,8.13430281495608e-07,0.00043289992632032615,0.22885316502221653,4.25448485780116,1.2016598448362155,0.43250689804579423,0.22895157203825178,0.2709787091722118,-0.00752539873705458,1.4244974715860828,-2.8157731270134274,-0.45029290804033006,0.0019230188575654942,0.0018035002924621213
0.52,-0.009957000606773387,1.4367003565770489,-0.9967515964782867,-0.5409854243852222,-0.0012778240723845108,-6.707745244938739e-05,-0.002986201527072075,0.7201404760753927,0.25074636841241427,0.08112467252370235,0.0002429182421290318,0.0004446331851004825,0.2356974691089994,3.716553282538908,1.075367188309765,0.39163041357677386,0.21744355469412935,0.18359661423640816,0.0019190246370970176,1.3416511478783693,-2.8210252392947037,-0.4549902392186701,0.0031888541889872613,0.0018508342845752605
0.53,-0.009969301975558075,1.4441788856690776,-0.9941540394553481,-0.5401443694200564,-0.0012729883387166002,-6.254908665140113e-05,-0.0012301368784688666,0.7478529092028751,0.2597557022938588,0.08410549651658308,0.00048357336679106004,0.00045283657979862553,0.24245063860714589,3.1456414763614626,0.9388979671659563,0.3472016680298875,0.2042874781079378,0.09466868064205736,0.011630895763300547,1.2215501669428006,-2.8372911238722045,-0.4633895529138795,0.004449275222642414,0.0018797584987815918
0.54,-0.009963630557784065,1.451882010537433,-0.9914810593750507,-0.5392785212953293,-0.001265767889899228,-5.797454543547194e-05,0.0005671417774009676,0.7703124868355443,0.267298008029739,0.08658481247270684,0.0007220448817372152,0.0004574541215929187,0.24901137411561797,2.54664517729923,0.7934673483781531,0.2995576429001776,0.18964642867324,0.004930647531145804,0.021590230908298938,1.065408397348568,-2.864487630212091,-0.4754228296635382,0.00569953212085143,0.0018900909855721218
0.55,-0.009939597194371173,1.459755203331477,-0.9887480239222425,-0.5383931244840604,-0.0012561918988927162,-5.3389954005880295e-05,0.002403336341289183,0.7873192794043772,0.2733035452808187,0.0885396811268877,0.0009575991006511847,0.00045845914295916445,0.25526756912633775,1.9247287207107617,0.6403750553378519,0.24906798169802258,0.17369917328322426,-0.08487560028147856,0.03177086920840302,0.8747294690021716,-2.9024283965987836,-0.49099048056178407,0.006934697580392769,0.001881801166199153
0.56,-0.009896843346146173,1.467742411453194,-0.9859708614096132,-0.5374936070500352,-0.001244296867966587,-4.883140895051294e-05,0.004275384822500053,0.7987208121717161,0.27771625126292543,0.089951743402515,0.0011895030926129184,0.00045585450553673563,0.2610989722713187,1.2852715365872502,0.48098804702194903,0.1961317495761845,0.15663668606331882,-0.1740086134035002,0.042140226375639696,0.6512818294723797,-2.9508251789247795,-0.5099626756390452,0.00814969436429914,0.0018550100757445509
0.5700000000000001,-0.009835049285927459,1.4757865453689196,-0.983165919770179,-0.5365855333189831,-0.0012301266095729182,-4.43346833474648e-05,0.006179406021871399,0.8044133915725468,0.2804941639434182,0.09080737310522012,0.0014170258393668951,0.00044967256030481353,0.26637997488236226,0.6338118752035262,0.3167224942305064,0.14117372865081768,0.13865846039794927,-0.26173383088370683,0.052659230450160674,0.397072107329703,-3.0092906970893196,-0.5321810067710739,0.009339331682781471,0.001809989329845197
0.58,-0.00975394266383458,1.4838299744658856,-0.9803498230659593,-0.5356745555728286,-0.0012137322099004116,-3.993493475496048e-05,0.008110662209287928,0.8043429096966015,0.28160967042197,0.09109777461544505,0.001639439967250651,0.0004399748592504322,0.2709824504680972,-0.024011392725848995,0.14902541988633167,0.08464028618247993,0.11996875500688686,-0.34732984101241765,0.06328245257605437,0.11431742682494317,-3.077342971364167,-0.5574604543706316,0.010498349433849221,0.0017471588100447348
0.59,-0.009653307253490262,1.4918150256724723,-0.9775393272528251,-0.5347663653217968,-0.0011951719701340261,-3.566641855476742e-05,0.010063541034431727,0.7985051206586732,0.28104958131341895,0.09081902510318327,0.0018560239766385598,0.0004268516200193062,0.27477857618993184,-0.6825180008705742,-0.020643624279844508,0.02699486818139607,0.10077292019634676,-0.4300943982784001,0.07395843749531708,-0.19458271042480924,-3.154411080259642,-0.58559162198659,0.011621468912002834,0.0016670830746325347
0.6,-0.009532991679259384,1.4996844795838822,-0.9747511768998972,-0.5338666447039008,-0.0011745113212978113,-3.156220908101357e-05,0.012031557423087803,0.7869453911409929,0.2788150352927889,0.08997206178959984,0.0020660648836214796,0.0004104209473753846,0.27764357237205717,-1.3360456054792602,-0.19083047800023378,-0.03128681468205041,0.08127393519373616,-0.5093501565528007,0.08463022955439374,-0.5270744097071756,-3.239842232039255,-0.6163431986138902,0.012703448273907438,0.0015704665148755812
0.61,-0.009392917922328778,1.5073820589425115,-0.9720019644884332,-0.5329810185462603,-0.0011518227094456045,-2.7653930904838597e-05,0.014007375693060674,0.7697579358629402,0.27492124114639815,0.08856261576404026,0.002268861185220673,0.00039082781761749726,0.2794583038587771,-1.9790082594792258,-0.3601035396934845,-0.08972182954973018,0.061669262748247355,-0.5844500885930287,0.09523608115766373,-0.8804767319481375,-3.332910005769878,-0.6494646051279043,0.013739140836716266,0.0014581472905504382
0.62,-0.009233089406338938,1.5148529045114927,-0.9693079938124145,-0.5321150075982497,-0.0011271854488474641,-2.397150256106474e-05,0.01598285159898403,0.7470845568981079,0.2693970676018693,0.08660109480106506,0.002463726059814034,0.00036824283437738594,0.28011169595566526,-2.6059531253880923,-0.5270698578350392,-0.14782520320467007,0.04214809673565156,-0.654782569769338,0.10571032244824694,-1.2520079841214855,-3.432823586224959,-0.6846887789068181,0.014723554192619436,0.001331090093317448
0.63,-0.009053598471248574,1.5220440336453132,-0.9666851488744611,-0.5312739834134331,-0.0011006855416694843,-2.0542894896839264e-05,0.017949093509036434,0.7191129133820446,0.2622844937953408,0.08410241848165753,0.002649990717797985,0.0003428607664225474,0.2795029271471425,-3.2116145564334935,-0.6903898605994175,-0.2051151476944444,0.02288904620417309,-0.7197761093557263,0.11598436414859334,-1.6388106162360065,-3.5387377914405893,-0.7217350494811752,0.015651908156983117,0.0011903778013156133
0.64,-0.008854633056733209,1.5289047771954964,-0.9641487695204655,-0.530463125316643,-0.0010724154634381975,-1.7393906095007006e-05,0.019896541451536555,0.6860743550183288,0.25363793539956986,0.08108580967901086,0.002827007823128676,0.0003148988801832258,0.2775433702764489,-3.790964746610921,-0.8487904832983963,-0.26111823133365064,0.004058268540763077,-0.7789037159381436,0.12598780042074437,-2.037974482100975,-3.6497636733297245,-0.7603120580064563,0.016519689721116095,0.0010372021028851536
0.65,-0.00863648243308841,1.535387190782555,-0.9617135348892611,-0.5296873798456493,-0.0010424739143005417,-1.454795527808444e-05,0.021815062364479998,0.6482413587058524,0.24352346312043208,0.07757454709937325,0.002994154913765578,0.0002845950816922565,0.27415826303631796,-4.339260244175312,-1.001076505414652,-0.315374397612743,-0.014191962167086736,-0.8316868848545249,0.13564957559961408,-2.446558313673336,-3.764979461208175,-0.8001206745117061,0.017322703438158758,0.0008728531810014495
0.66,-0.00839954183758549,1.5414464369067786,-0.9593933555749796,-0.5289514230051079,-0.0010109655367222354,-1.2025896433601341e-05,0.023694059550291975,0.6059246124223711,0.23201793142815158,0.07359568405414392,0.0031508377578306356,0.00025220588444830987,0.2692880971872899,-4.852083735786545,-1.1461399662599037,-0.3674417392826186,-0.031724286265101265,-0.8776991956152372,0.14489917779984926,-2.8616093476906386,-3.8834416157043585,-0.8408568692120566,0.01805711600734865,0.0006987085622963607
0.67,-0.008144315896686533,1.5470411348477577,-0.9572012752149789,-0.5282596256154247,-0.0009780006007994741,-9.84585421991552e-06,0.025522594089895753,0.5594697940979163,0.21920803600007044,0.06917973896831921,0.003296493592276136,0.0002180042213685821,0.2628897237071622,-5.325380635854248,-1.2829675883424208,-0.41690094312819426,-0.048416938010306776,-0.9165695065119515,0.15366782358423325,-3.280181124985593,-4.004195766234957,-0.8822144976178983,0.018719494207685785,0.0005162212449757455
0.68,-0.007871420738612014,1.5521336758030992,-0.9551493820308621,-0.5276160219824615,-0.0009436946587807114,-8.023083015228671e-06,0.02728951580745193,0.5092540955341545,0.20518931841168053,0.06436036329632364,0.003430594201876265,0.00018227712046868494,0.25493717792854687,-5.755490152518106,-1.4106461981226497,-0.46335933229146775,-0.0641641297880089,-0.9479847326457449,0.16188960082029766,-3.6993495545016426,-4.126287318558521,-0.9238879636154645,0.019306835733799755,0.0003269072281368263
0.6900000000000001,-0.007581584725640202,1.5566905012277015,-0.9532487306694537,-0.5270242820572645,-0.0009081681706979189,-6.569850363431405e-06,0.028983601297181173,0.4556825424602197,0.19006513614083234,0.0591739925196957,0.003552648808279257,0.00014532326517972667,0.2454222345060017,-6.139170642729212,-1.5283661927076566,-0.5064544467499985,-0.07887619898694276,-0.9716921928342996,0.16950254112298663,-4.116227393467773,-4.248771539042008,-0.9655747299771197,0.019816592872146602,0.00013233257069275616
0.7000000000000001,-0.0072756477604498625,1.5606823428437009,-0.9515092745195991,-0.526487687199775,-0.0008715461031830602,-5.495345750714893e-06,0.03059369651903397,0.3991841615999478,0.17394561498545613,0.053659485748942644,0.003662206751485863,0.0001074504612716512,0.2343547066345785,-6.47361920852873,-1.635423155946123,-0.5458571181008551,-0.09247957191734713,-0.9875015106171314,0.17644959839325156,-4.527977341105982,-4.37072294806924,-1.006977651692303,0.020246689295618587,-6.58998887881723e-05
0.71,-0.0069545591451591945,1.564084423286146,-0.9499398085236527,-0.5260091096082028,-0.0008339575035914645,-4.805615418853235e-06,0.03210886152906676,0.3402080442445019,0.1569465995946453,0.047857759157218176,0.0037588599591595784,6.897303318616578e-05,0.22176250718912344,-6.756485619531563,-1.731217776383165,-0.5812740111631989,-0.10491659172985202,-0.9952860550825415,0.18267951541147465,-4.931823975058632,-4.491243885145144,-1.0478071138712957,0.020595530526307727,-0.00026616401949639326
0.72,-0.006619373994972321,1.5668766168201864,-0.9485479223631679,-0.5255909954276567,-0.0007955350514694769,-4.503523687018062e-06,0.033518515018687293,0.27921935340403997,0.139188616048485,0.04181141805460859,0.003842245212198762,3.0209173183517245e-05,0.20769149125675904,-6.985880767966968,-1.815254260870879,-0.6124496214658137,-0.1161452471744242,-0.9949839085608422,0.18814756577019037,-5.325064777550034,-4.609472141232769,-1.0877829625254922,0.020862008804269007,-0.0004668239631076978
0.73,-0.006271248230191087,1.5690435700033043,-0.947339963779399,-0.5252353515087422,-0.0007564145891950507,-4.588741016324382e-06,0.034812576478123414,0.21669531831177774,0.12079585837688608,0.03556439189144723,0.003912046227442627,-8.521732930631905e-06,0.19220509982345066,-7.1603799683062075,-1.8871374700164736,-0.6391677334740713,-0.12613882737630033,-0.9865983503561524,0.19281616326027837,-5.70508050284549,-4.724587588186245,-1.1266362230256275,0.02104550319789132,-0.0006662476499266359
0.74,-0.005911432190623744,1.5705747825638796,-0.946321011692673,-0.5249437357499126,-0.0007167346332995916,-5.057758812434811e-06,0.035981603956734325,0.15312125605752147,0.10189520867259833,0.029161575882962063,0.00396799558954591,-4.6901779611042915e-05,0.17538382314106538,-7.279021500340176,-1.94656902416325,-0.6612523588321508,-0.13488551561390616,-0.9701978485201392,0.19665533490320453,-6.06934513001689,-4.83581776933871,-1.1641106072458491,0.02114587580050276,-0.0008628201464047998
0.75,-0.0055412629351225175,1.5714646491202209,-0.9454948587114499,-0.52471725092688,-0.0006766358675681193,-5.903930723866648e-06,0.037016925550122634,0.08898665563411755,0.08261529812231433,0.022648482303261035,0.004009876573147226,-8.461719114318371e-05,0.15732449962020056,-7.34130086042793,-1.9933426408139612,-0.6785681863080484,-0.1423879232222658,-0.9459155550515237,0.19964305702268834,-6.415435626874235,-4.94244244801504,-1.1999638160967285,0.02116346478727375,-0.0010549567212678717
0.76,-0.005162155306247565,1.5717124626691468,-0.9448640025719984,-0.524556541888558,-0.0006362606185418375,-7.117539959510225e-06,0.03791076288749525,0.02478135489259141,0.06308561394514212,0.016070903832197114,0.004037524902628182,-0.00012136092356435778,0.13813946214277598,-7.347161229496675,-2.027338966326841,-0.6910205850807536,-0.1486625539220352,-0.9139483036536211,0.20176545607088525,-6.741041723884189,-5.043797140788496,-1.2339686491423771,0.021099074971626077,-0.0012411155257802768
0.77,-0.004775591856130983,1.5713223810293317,-0.9444296460222229,-0.5244617959817458,-0.0005957523135500613,-8.685891920569532e-06,0.0386563450116582,-0.039008163981510205,0.043435654977558275,0.009474590681226552,0.0040508304991776125,-0.00015683519610593057,0.1179555387514281,-7.296980688284719,-2.048520156801821,-0.6985552101861181,-0.1537391796531739,-0.8745551131049846,0.2030168774723106,-7.043975862754628,-5.139275688735306,-1.2659139371293857,0.02095396632082883,-0.0014198097925996775
0.78,-0.004383111744812009,1.570303357632814,-0.9441917046566436,-0.5244327465557542,-0.0005552549209223206,-1.0593431221886986e-05,0.039248011131897395,-0.10190233965177116,0.02379413655793278,0.0029049425991609637,0.004049739262774065,-0.00019075393013174554,0.09691290914335186,-7.191556711325518,-2.0569244461217058,-0.7011572632920355,-0.15766010183620538,-0.8280552032164454,0.20339982670799284,-7.322183444881041,-5.228331942057377,-1.2956053164132835,0.020729840688224255,-0.0015896194668687887
0.79,-0.003986298736960154,1.5686690382208621,-0.9441488222215385,-0.5244686793928738,-0.0005149123716277115,-1.2821881967533362e-05,0.03968130078518561,-0.16343194119520094,0.004288243510510836,-0.0035932837119594307,0.004034254929460911,-0.0002228450745646375,0.07516381276640205,-7.032088453176727,-2.0526609142998797,-0.6988504633761821,-0.16047926727551234,-0.7748255341123348,0.20292478746325981,-7.573753461690028,-5.310480650792984,-1.3228658663802269,0.020428826816905086,-0.0017492021923501194
0.8,-0.003586768437286199,1.5664376251217211,-0.944298392936897,-0.5245684419102562,-0.00047486796131262804,-1.5350409947657967e-05,0.03995302996739542,-0.22314130991408887,-0.014957071535853676,-0.009976251738244592,0.00400444103150835,-0.00025285279801246055,0.05287109915926817,-6.820157305977492,-2.035904637936818,-0.6916957806844941,-0.16226120599515903,-0.7152978830686589,0.2016099221467255,-7.796929543591867,-5.385297666718755,-1.3475366320006572,0.020053463487538753,-0.0018973035842776188
0.81,-0.0031861549192598168,1.5636317108726627,-0.9446365904218298,-0.5247304549825571,-0.0004352637316164512,-1.8155805239841567e-05,0.040061351802638236,-0.2805914249058372,-0.03381974849327472,-0.016201307230092034,0.003960422969617684,-0.00028053952921836006,0.03020660712424893,-6.557706159630807,-2.0068923682554165,-0.6797899837450672,-0.16307975945886294,-0.6499554763085615,0.19948066067547704,-7.990121418108171,-5.452419568991058,-1.3694770536327172,0.019606680539265835,-0.0020327667289845603
0.8200000000000001,-0.0027860969160622565,1.5602780830030278,-0.9451584028588389,-0.5249527272415905,-0.0003962398297918529,-2.1212683530425653e-05,0.04000580031975605,-0.3353627869634998,-0.05218124370090669,-0.022227225903341422,0.0039023901824598323,-0.0003056878290584086,0.007349357022516072,-6.247017738096466,-1.965918842455236,-0.6632640436320578,-0.16301657214534618,-0.5793291959839042,0.1965691842834841,-8.151916721937091,-5.511542828804121,-1.3885653251700694,0.019091777400816735,-0.002154540858133679
0.8300000000000001,-0.002388223756872026,1.5564075018248913,-0.9458576740861901,-0.5252328717182477,-0.0003579338460898511,-2.449370432126969e-05,0.03978731591902303,-0.38705811781366367,-0.06992712273512292,-0.02801444766572894,0.0038305983702001784,-0.0003281020790844036,-0.015516459432039406,-5.890692320867435,-1.9133337925835452,-0.6422814326542081,-0.16215932754130216,-0.5039933851124483,0.19291381234941013,-8.2810930672583,-5.562422626737204,-1.4046986996885107,0.01851239873770557,-0.0022616891524434015
0.84,-0.0019941412452605415,1.5520544530900258,-0.9467271503628545,-0.5255681247019995,-0.0003204801291263072,-2.7969804056775265e-05,0.039408251161148475,-0.4353048734865626,-0.08694762766643688,-0.033525298375180715,0.003745371696354391,-0.00034760997355055763,-0.03820370447168414,-5.491625091033696,-1.8495396743136459,-0.6170363466085043,-0.1605997214028162,-0.4245612755965831,0.1885583018791124,-8.376630220332274,-5.604871431023925,-1.417793759003525,0.017872506853501544,-0.002353395636142903
0.85,-0.0016054176890784918,1.5472568773723643,-0.947758532603559,-0.5259553667034205,-0.00028400908054682707,-3.161044209634725e-05,0.038872355618204985,-0.47975757176614137,-0.10313822407045571,-0.03872420014209349,0.003647104857948011,-0.000364063803957199,-0.060524740845675155,-5.052983283529738,-1.7749900973453845,-0.587751871349159,-0.15843118058292588,-0.34168006677485163,0.1835510712583869,-8.43772221118096,-5.638757436281513,-1.4277866601434221,0.017176350575989464,-0.0024289711290160472
0.86,-0.0012235703019264576,1.542055878030168,-0.9489425339291159,-0.5263911454144145,-0.00024864643175066814,-3.538385737009679e-05,0.03818473871520343,-0.5200999342196178,-0.11840013255568095,-0.04357787109939721,0.0035362648796158904,-0.00037734152737495377,-0.08229409580827332,-4.578183242000423,-1.6901889008869944,-0.5546781060916999,-0.1557463545587437,-0.25602568444581986,0.17794436208007963,-8.463789157553398,-5.66400295090606,-1.4346333678224918,0.016428430504375657,-0.002487858227869957
0.87,-0.0008500522041069485,1.5364954095970507,-0.9502689424164387,-0.5268717005683319,-0.00021451250719527477,-3.9257333491643284e-05,0.037351809781950907,-0.5560468433117509,-0.13264084873228071,-0.04805551539174139,0.0034133924555393358,-0.0003873476121546494,-0.10333132503005066,-4.070867432585401,-1.5956897829344139,-0.5180902481449063,-0.15263442841574026,-0.1682972531649326,0.17179335505551385,-8.45448855515258,-5.6805828080000875,-1.438309877728176,0.015633460678751945,-0.002529635293688208
0.88,-0.0004862402546834054,1.530621948450654,-0.9517266889609975,-0.5273929906072419,-0.0001817214808260972,-4.319747006212253e-05,0.036381194942354304,-0.5873461146396652,-0.1457746544558836,-0.052129003891004104,0.0032791026369177567,-0.00039401365704792407,-0.12346404203617327,-3.5348814097464745,-1.4920963617551521,-0.47828663704717833,-0.1491783294575929,-0.07921131805913517,0.1651552580167367,-8.409725759893053,-5.688522859960904,-1.4388124309830734,0.014796326941350982,-0.0025540194247375522
0.89,-0.00013342394469225945,1.5244841476160227,-0.9533039201798779,-0.5279507210656805,-0.00015038063437436937,-4.7170457884293196e-05,0.0352816309991146,-0.6137800834631406,-0.1577231218880274,-0.05577304584386051,0.003134084645172783,-0.0003972987822170672,-0.14253105933385063,-2.974250684525358,-1.3800625228543928,-0.4355867506960589,-0.1454519233369278,0.01050414340030248,0.15808838556872462,-8.329663367445855,-5.6878986012932256,-1.4361577156740841,0.013922042472041542,-0.0025608683996575315
0.9,0.000207204426525672,1.5181324775805776,-0.9549880762846156,-0.528540374578822,-0.00012058962851981973,-5.114235581474137e-05,0.034062837121793144,-0.6351670035445214,-0.1684156104737764,-0.05896535131414044,0.0029791005854549633,-0.0003971897930448178,-0.16038556655273953,-2.393157410347481,-1.2602928853225193,-0.390329142261594,-0.1415173177000213,0.1001158741816146,0.15065125084571926,-8.214729181191196,-5.678833948334685,-1.4303830470209267,0.013015701178796503,-0.002550181578264709
0.91,0.0005345580855146833,1.5116188550310938,-0.9567659738386528,-0.5291572424179692,-9.243980007835954e-05,-5.5079367014745234e-05,0.032735365898901136,-0.6513622549483709,-0.17778975540372047,-0.0616867839147309,0.00281498284414602,-0.00039370112000038603,-0.17689825024871705,-1.795916776300722,-1.1335432082257375,-0.34286930461338905,-0.13742240944081185,0.18889160367544183,0.14290168989817706,-8.06562245262531,-5.66150018885292,-1.421546513740584,0.012082429789550046,-0.002522099751650211
0.92,0.000847662446911234,1.5049962614712764,-0.9586238932842545,-0.5297964574474462,-6.601350027673624e-05,-5.8948112414788394e-05,0.031310436139655076,-0.6622593559817522,-0.18579194456017045,-0.06392150294769905,0.0026426299801623307,-0.0003868745400043157,-0.19196024144665585,-1.1869529829521717,-1.000620550873681,-0.29357744868152036,-0.1331988231266994,0.2761063689929477,0.1348960383924394,-7.883318078919813,-5.636115099278234,-1.4097270745984634,0.011127339610037063,-0.0024769039373424688
0.93,0.0011456599535568403,1.4983183537414935,-0.9605476710782935,-0.5304530283844837,-4.1383490634887244e-05,-6.271589928166159e-05,0.02979975066456062,-0.6677907729782998,-0.1923777794039071,-0.06565709370375401,0.0024630009641848994,-0.0003767786866873193,-0.2054857627141913,-0.5707746711350318,-0.8623830004634278,-0.2428361835679418,-0.12886039032636565,0.36104882686779277,0.12668837853615506,-7.669068451318993,-5.602942213001882,-1.3950245861528254,0.010155478972649795,-0.0024150131200302567
0.9400000000000001,0.001427812985062354,1.4916390685391328,-0.9625227962162453,-0.5311218752277747,-1.8612413811934308e-05,-6.635098286753045e-05,0.02821530315055138,-0.6679285202360669,-0.1975125137951756,-0.06688468432909207,0.0022771076822952936,-0.00036350835858688557,-0.21741433883666889,0.04805032062940005,-0.719738786738955,-0.1910380891595187,-0.12440231009353886,0.4430274848691903,0.118329871530845,-7.424402665897113,-5.56229020996568,-1.377559740411902,0.009171787399688852,-0.0023369809437428224
0.9500000000000001,0.0016935047733865221,1.4850122231271554,-0.9645345108503951,-0.531797865701414,2.2476431783846775e-06,-6.982281922366639e-05,0.02656917883241681,-0.662684541197739,-0.20117146341498582,-0.06759904736393192,0.0020860056990318985,-0.00034718363561359354,-0.22771243610110808,0.6649209799131051,-0.5736446157370083,-0.1385831762295204,-0.11980110812797529,0.5213767750066697,0.10986818756422873,-7.151122835250842,-5.514512385911101,-1.3574738896296588,0.008181052442725859,-0.0022434913675603812
0.96,0.0019422383177992591,1.4784911145172364,-0.9665679146235024,-0.5324758525394742,2.115547683744056e-05,-7.310230737378625e-05,0.024873354441273705,-0.6521108609919124,-0.2033403773107341,-0.06779868380602089,0.001890783365905588,-0.00032794881501198563,-0.236374406417425,1.2752300122373614,-0.42510307313109946,-0.08587623420347601,-0.11501547570773574,0.5954628889632193,0.10134704161986682,-6.851297276143574,-5.460006149324169,-1.3349287348417445,0.007187870046506223,-0.0021353533039106263
0.97,0.0021736333490020208,1.4721281195191704,-0.9686080722452951,-0.5331507114131311,3.8080971431955596e-05,-7.616201915912584e-05,0.023139503120276177,-0.6362994998065961,-0.20401576217927037,-0.06748588736569273,0.0016925494594515038,-0.0003059711785339596,-0.2434226348412374,1.874391657379905,-0.27515897167729264,-0.03332407260877357,-0.10998802046295864,0.6646892929794251,0.0928058394701981,-6.527250393871478,-5.399212485454044,-1.3101058550395484,0.006196609134569674,-0.002013494266253058
0.98,0.0023874214504647348,1.4659742981561543,-0.9706401237388992,-0.5338173792777929,5.300516774168065e-05,-7.897641518579493e-05,0.021378810146271413,-0.6153821363016067,-0.20320514936041098,-0.06666678646618178,0.0014924196309725058,-0.0002814396026669086,-0.24890682227027627,2.457870449552121,-0.12489454627700604,0.018667331772028284,-0.10464790231761856,0.7285018425737695,0.08427943440882238,-6.1815491388145745,-5.3326153199281965,-1.2832060551235798,0.005211380941760926,-0.0018789530613484652
0.99,0.002583439501172517,1.4600790030518067,-0.9726493966806691,-0.5344708928929043,6.592018814502318e-05,-8.152204542161712e-05,0.019601805070778206,-0.5895295104347615,-0.2009272941769878,-0.06535136151112997,0.0012915020403342524,-0.00025456302358221823,-0.2529023776574566,3.02121089860009,0.024576566536303024,0.06969576413232303,-0.09891426409127813,0.7863934233354888,0.07579799182266173,-5.816985973567592,-5.260740709552847,-1.2544485129658376,0.004236013444467929,-0.0017328715701771383
1.0,0.002761621654831643,1.4544894974946516,-0.9746215196531519,-0.5351064272428575,7.682901434913147e-05,-8.377773310255221e-05,0.017818215365912587,-0.5589505557154992,-0.19721229724828412,-0.06355343499532673,0.0010908826204108287,-0.00022556876809350898,-0.25550794320603426,3.560068023037908,0.17211659110094069,0.1193657540709605,-0.09270030340155189,0.837908054111159,0.06738695580724971,-5.436558359154562,-5.184155784987771,-1.2240697090139576,0.003274031079848124,-0.0015764856706804266
1.01,0.0029219901132312752,1.4492505849743114,-0.9765425360305288,-0.5357193335646273,8.574511904605792e-05,-8.572474071718806e-05,0.016036845839963208,-0.5238912520340165,-0.19210163773768638,-0.06129063217697908,0.0008916104696926458,-0.0001947007614635853,-0.25684212773288695,4.0702386165763595,0.31657210424747373,0.16729158360158358,-0.08591777752242002,0.8826444027110476,0.05906710982187561,-5.043444844692191,-5.103467369230115,-1.1923221258268801,0.0023286398137896285,-0.0014111153646048774
1.02,0.0030646449834369482,1.4444042530557468,-0.978399017122314,-0.5363051766672261,9.269195797049197e-05,-8.734691694228783e-05,0.014265487020567284,-0.48463319185645287,-0.1856481091785256,-0.058584310259878584,0.000694683892443404,-0.00016221762250997763,-0.25703957298252966,4.547693079176265,0.4567837024216914,0.21310028985306673,-0.07848169252294102,0.9202586809866979,0.05085472192096802,-4.640977924697443,-5.01932019734005,-1.1594727096519954,0.0014027175215529277,-0.001238154179575022
1.03,0.0031897535280655848,1.439989334508488,-0.9801781736178176,-0.5368597712107146,9.77023339240136e-05,-8.863082350488624e-05,0.012510854462863642,-0.4414918547258819,-0.17791564955035755,-0.05545945434885399,0.0005010375953521627,-0.00012839065625984156,-0.2562465202115239,4.988607592877093,0.5915967496593759,0.25643462959554597,-0.07031490799268747,0.9504669045410699,0.042761764364660705,-4.232613909923886,-4.9323946666911604,-1.1258010915175307,0.0004988095859362037,-0.0010590579258807473
1.04,0.003297539124219204,1.4360411886319866,-0.9818679642041873,-0.53737921659908,0.00010081764898939023,-8.956584104988412e-05,0.01077855961536189,-0.39481458765014044,-0.16897905863697135,-0.05194453883653135,0.000311531506537664,-9.350175449978707e-05,-0.25461607535838454,5.389396373072334,0.7198730716531598,0.2969559721499273,-0.06135239248173474,0.9730465208975374,0.034796197323562955,-3.8219001387725773,-4.843404053311565,-1.0915975711746868,-0.00038087041019240555,-0.0008753328951491136
1.05,0.0033882702398739064,1.4325914057113627,-0.9834572001778141,-0.5378599301325405,0.00010208706508716427,-9.014425320007908e-05,0.009073111565470238,-0.34497829206240194,-0.15892359736268286,-0.04807135334605809,0.00012694160977740372,-5.784121501949579e-05,-0.25230338720602846,5.746743678873663,0.8405034232284788,0.3343470879831649,-0.05154489308711918,0.9878374270433155,0.026962306825407976,-3.412439934364184,-4.753091138650499,-1.057160873412049,-0.0012344350280532582,-0.0006885235949391341
1.06,0.0034622497177213725,1.429667537495693,-0.9849356448352197,-0.5382986780613744,0.00010156659598233808,-9.036130811182385e-05,0.007397947784746617,-0.2923868215669552,-0.14784446574054874,-0.04387479288339231,-5.2046910482619755e-05,-2.1705491174478087e-05,-0.24946095243207103,6.057635223058568,0.9524205220585177,0.3683148022228053,-0.04086183284334266,0.9947424114088315,0.019261087896301644,-3.0078557845705642,-4.662224202366991,-1.0227956925917931,-0.002060312487014215,-0.0005002001192604411
1.07,0.0035198046275466146,1.4272928565099359,-0.9862941064175341,-0.5386926041856991,9.931815566532106e-05,-9.021525695737965e-05,0.00575549098252421,-0.23746809857571766,-0.1358461582314433,-0.0393926124324694,-0.00022484403170170122,1.4605115444419547e-05,-0.24623424459307444,6.319388584135991,1.0546124115851425,0.3985924852528804,-0.02929331615576114,0.993727065434538,0.011690664873650121,-2.6117512859650196,-4.571592350440361,-0.9888100475227641,-0.0028572314932662855,-0.00031194526002204176
1.08,0.003561276911694829,1.4254861468886075,-0.9875245233940813,-0.5390392556541395,9.5408588632195e-05,-8.970736890703922e-05,0.004147228414821443,-0.18067096213282868,-0.12304169765471104,-0.03466514684403688,-0.00039095670331260637,5.0788805034043756e-05,-0.24275783312530846,6.529682191553859,1.14613589199792,0.42494235608150177,-0.016851197625073144,0.9848192153418424,0.004246741967139024,-2.227672445144885,-4.482000163918479,-0.9555124747845019,-0.003624201561879579,-0.00012534146843954166
1.09,0.003587015006841113,1.4242615292522516,-0.9886200409065878,-0.5393366056292389,8.990870699046965e-05,-8.88419223415314e-05,0.002573809514628396,-0.122461763635587,-0.10955175125066352,-0.029734997509940884,-0.0005499881641725341,8.654465655078222e-05,-0.23915211721952045,6.686582431208917,1.2261297407044687,0.447157578028353,-0.00356924429823402,0.9681079256006365,-0.003076921809653118,-1.8590689698154392,-4.394261671730636,-0.9232090941464506,-0.004360489076600191,5.804222155172771e-05
1.1,0.003597366581954836,1.4236283219352557,-0.9895750772566733,-0.5395830725088797,8.289235761785904e-05,-8.762617219798287e-05,0.0010351575113723116,-0.06332073169959332,-0.0955036350085389,-0.024646687964075847,-0.0007016349372610609,0.00012157501435485272,-0.2355207528262965,6.788568403320848,1.2938274337849704,0.4650641300722995,0.010497513072156184,0.9437421224523691,-0.010288018330276788,-1.5092562053553555,-4.309193670877691,-0.8922005845974079,-0.005065589432201868,0.00023666319384242065
1.11,0.003592672489613285,1.4235909406154115,-0.990385379405404,-0.5397775354208145,7.44355399720308e-05,-8.607029353928017e-05,-0.000469409234155109,-0.003738131984430758,-0.08103021487307482,-0.019446291193476746,-0.0008456817645828235,0.0001555878658702699,-0.23194880424330305,6.834553859402403,1.3485690780308917,0.47852244057523663,0.02527409495701949,0.9119288797149026,-0.017395181030751283,-1.1813783787271799,-4.227608438544705,-0.862779113540771,-0.005739195736576658,0.000409018059710708
1.12,0.003573261987759757,1.4241488380925516,-0.9910480665639974,-0.5399193457414383,6.461559180581912e-05,-8.418730163426222e-05,-0.0019410501853527942,0.0557897477139995,-0.06626871585932784,-0.014181032062371608,-0.0009819948166211677,0.00018829919050179577,-0.22850160942295056,6.823905850366006,1.3898122696253044,0.4874287727931801,0.04066738110404289,0.8729314011708817,-0.024407464624890778,-0.8783737995293666,-4.150305902723051,-0.8352252647772929,-0.006381164705267407,0.0005736551616996324
1.1300000000000001,0.003539449253099726,1.4252964856175565,-0.9915616610876966,-0.5400083344297664,5.3510456227814744e-05,-8.199294904101848e-05,-0.0033812734660030952,0.1147647525004861,-0.05135945236992709,-0.00889886883280235,-0.0011105135578004372,0.0002194352593243731,-0.22522431390934083,6.756459634448906,1.4171416103739736,0.4917163534090392,0.05656823285955159,0.8270667253379144,-0.03133381798961638,-0.6029426373333231,-4.078065360139148,-0.8098050128780903,-0.0069914805464563815,0.0007291866585936278
1.1400000000000001,0.0034915311764028454,1.4270233967870904,-0.991926106038248,-0.5400448150126917,4.1198039509448956e-05,-7.950560039330252e-05,-0.0047918076696880545,0.17269111695339937,-0.03644449505514474,-0.0036480582925373433,-0.0012312416718365789,0.0002487348647715969,-0.22214200425131314,6.6325294221004505,1.430276635408354,0.4913562361813,0.07285376592943948,0.7747031703564288,-0.0381825548375888,-0.3575178455357997,-4.011636851934331,-0.7867667923731434,-0.007570217793359843,0.0008743000810961839
1.1500000000000001,0.0034297864042186228,1.429314194597851,-0.9921427689514681,-0.540029582107293,2.7755665009135793e-05,-7.674608579611094e-05,-0.00617447721842228,0.22907978107604018,-0.02166629132200773,0.001523290539877758,-0.0013442374500313163,0.00027595145971915725,-0.21926035830823842,6.452914575495385,1.429077936950955,0.486357892713432,0.08938964122471937,0.7162575298294338,-0.04496082769848209,-0.1442397358400842,-3.951732327824635,-0.76633870981117,-0.008117504176552881,0.0010077692520489125
1.16,0.0033544755705863104,1.432148721802302,-0.9922144315317544,-0.5399639054194411,1.3259624765513964e-05,-7.373753393638876e-05,-0.007531083363231255,0.2834527204450992,-0.007166258028624762,0.006567668785196704,-0.0014496040243621828,0.0003008551859722176,-0.2165667260718184,6.21890093286454,1.4135513062707363,0.4767695215275509,0.1060322831194126,0.6521920251114679,-0.051674112016859376,0.035065374060955445,-3.8990167475490427,-0.7487259451921852,-0.008633484725064419,0.0011284644707462192
1.17,0.003265842645519008,1.435502194232298,-0.99214526519122,-0.5398495192142805,-2.215173129097882e-06,-7.050518620461102e-05,-0.008863292506730219,0.3353472429996277,0.006916634053428806,0.011438620516059293,-0.0015474797894611846,0.00032323477317777423,-0.21403155839357188,5.932256991988643,1.3838497593779122,0.4626780652462479,0.12263097927914834,0.5830110158833877,-0.058325708764415056,0.17890211152776603,-3.8540992834433343,-0.7341083865797571,-0.00911828832893491,0.0012353618680991875
1.18,0.0031641173134617554,1.4393453962651626,-0.9919407925532204,-0.5396886073123036,-1.859546620496002e-05,-6.7076193299317e-05,-0.010172533205725268,0.38432020328644123,0.020447263799957094,0.016091190197687042,-0.001638029307586214,0.0003428992905294017,-0.2116101096752955,5.59522476223674,1.340273360067848,0.44420892420233926,0.1390298574257246,0.5092574688104784,-0.06491627572796273,0.28611837506597304,-3.8175247991417782,-0.7226385379459321,-0.009571997977985079,0.0013275518480386382
1.19,0.003049518283625273,1.4436449171070025,-0.9916078352439122,-0.5394837837235877,-3.5809815534144484e-05,-6.347939594694806e-05,-0.011459902983648233,0.4299520841839911,0.03329573093082346,0.020482358871584887,-0.0017214349329184463,0.00035967973523689416,-0.20924435142447698,5.2105051793150245,1.2832668052672354,0.42152535349968545,0.15506976646771597,0.43150918352214074,-0.0714433993943442,0.35591292252381823,-3.789765785976593,-0.7144397355983078,-0.009994625807054028,0.0014042465405055462
1.2,0.0029222574242553584,1.448363426069354,-0.9911544484965358,-0.5392380690911557,-5.378870883638527e-05,-5.9745091511742064e-05,-0.012726085936991488,0.4718508962351487,0.04533867473764021,0.02457146324320468,-0.001797889330224079,0.0003734304435205994,-0.2068650442504721,4.781238069873061,1.2134147907266715,0.39482752996222104,0.17059010878571979,0.3503747759513287,-0.07790122089290423,0.3878382216202976,-3.7712149400058532,-0.7096047030200525,-0.010386093927079555,0.001464786202474723
1.21,0.002782544603905271,1.453459984527135,-0.9905898432867104,-0.5389548631711527,-7.246459885575637e-05,-5.5904788393847424e-05,-0.01397128203500876,0.5096558457780831,0.05646052098254046,0.028320592000301542,-0.00186758900193711,0.0003840303117894638,-0.20439392470638149,4.310976752345057,1.1314352283793312,0.3643512758288274,0.185430675849648,0.26648942116022156,-0.08428013053724846,0.38179867455626404,-3.7621785583106218,-0.7081944677720733,-0.010746221809118845,0.0015086445154504518
1.22,0.002630593114304738,1.4588903917781093,-0.9899242968986814,-0.5386379136314102,-9.17718876588121e-05,-5.1990950217702843e-05,-0.01519514896005328,0.5430407250974242,0.06655463880289537,0.03169495397424881,-0.0019307288803055728,0.0003913838176144583,-0.20174596949274465,3.8036574635346754,1.0381704385147033,0.33036642786549564,0.19943353175454548,0.1805103611317822,-0.09056654589544735,0.3380444342797868,-3.7628709230245674,-0.7102376574261683,-0.011074720724308134,0.0015354327404647013
1.23,0.0024666255414240407,1.4646075615863325,-0.9891690529879253,-0.5382912814998231,-0.00011164686755843302,-4.8036731896990996e-05,-0.01639675728806975,0.5717169808223194,0.07552439107561285,0.0346632131587153,-0.0019874979899620923,0.00039542183207118487,-0.19883170282244877,3.2635639047904483,0.9345764887174437,0.2931748439617685,0.21244497155059539,0.09311218760557366,-0.09674278780793164,0.2571611262291098,-3.7734098254930175,-0.7157301844895984,-0.011371195440413848,0.0015449027044693343
1.24,0.002290879944034922,1.4705619257937534,-0.9883362123509418,-0.5379193036386997,-0.00013202762898799548,-4.407570972731109e-05,-0.017574559738911866,0.5954364207420817,0.08328406369835673,0.03719778611234336,-0.0020380761429562464,0.00039610221696799057,-0.19555951369137753,2.695287304188755,0.8217108957726409,0.25310804434830203,0.22431755748406723,0.004981915798063868,-0.10278706722226694,0.14005587259968477,-3.7938133612597493,-0.7246353231175421,-0.011635153051885498,0.0015369486047976167
1.25,0.0021036161928908344,1.4767018610340754,-0.9874386157351189,-0.537526552659855,-0.00015285394492801604,-4.014160770348127e-05,-0.01872637511440877,0.6139935240321918,0.0897596615822889,0.03927509788446213,-0.002082631594002056,0.00039341020238298175,-0.19183794926177386,2.103682488772423,0.7007189450470224,0.2105244912458586,0.23491221096933546,-0.0831861284230307,-0.10867359306762338,-0.012059916514195468,-3.823998099769166,-0.7368841732611713,-0.011866018494326058,0.0015116076307385442
1.26,0.0019051223191246872,1.4829741342889944,-0.9864897201175259,-0.5371177947268334,-0.00017406714051628727,-3.626802228548696e-05,-0.019849387376614715,0.6272273254918995,0.0948895617593063,0.040875793302166105,-0.0021213195588271234,0.0003873585417994306,-0.1875779495216741,1.4938205503381434,0.5728189129740584,0.16580651889775844,0.244100315466227,-0.17069557797894538,-0.11437280769731559,-0.19769047153778052,-3.863778701526144,-0.7523765009317481,-0.012063155986290378,0.0014690594129109608
1.27,0.0016957207181610935,1.4893243627956894,-0.9855034699493816,-0.5366979457145657,-0.00019560995534447756,-3.248814784593584e-05,-0.020940160096359357,0.6350228506695058,0.0986250168144296,0.041984901226769546,-0.0021542814828190283,0.00037798744395511154,-0.1826949877218359,0.8709387663398832,0.4392865012138154,0.11935693507568601,0.2517657686911686,-0.2568534131691329,-0.11985175184396107,-0.41507776804557706,-3.912869020985774,-0.7709819366345794,-0.012225895371232717,0.0014096243217845933
1.28,0.0014757740558785616,1.4956974836511572,-0.9844941649015625,-0.536272026212481,-0.00021742640474351255,-2.883450502282731e-05,-0.0219946662282532,0.6373120855467809,0.10093050478191799,0.04259195020846962,-0.0021816449399034996,0.00036536428231085326,-0.17711108147234064,0.24038850119412133,0.3014388050207937,0.07159532497919363,0.25780691368988207,-0.34097542477657106,-0.12507455582036342,-0.6622252543517884,-3.9708846968553297,-0.7925415078917666,-0.012353562118326437,0.0013337606461818119
1.29,0.0012456907273312812,1.502038228367182,-0.9834763256554818,-0.5358451158642971,-0.00023946164515996235,-2.5338674174825954e-05,-0.02300833285472804,0.634074471602487,0.10178392460807298,0.04269103481839911,-0.002203524041644979,0.00034958308480013565,-0.17075664117217731,-0.3924181399782294,0.1606181428897903,0.02295409830545192,0.26213827777132476,-0.42239170079969135,-0.13000304820352454,-0.9369226583378203,-4.037347194126165,-0.8168694762696873,-0.01244550959742146,0.0012420606907983598
1.3,0.0010059297252774813,1.5082915976111124,-0.9824645592634934,-0.535422307536358,-0.0002616618475859559,-2.2031036092374928e-05,-0.023976100205379984,0.6253369243930484,0.10117663919884615,0.04228083279390816,-0.0022200202425993526,0.00033076380824510277,-0.1635721257280093,-1.0220621054610088,0.01817606947761967,-0.0261256703819428,0.26469205540690693,-0.5004520810491578,-0.1345974678512325,-1.236771357432985,-4.111689225435988,-0.8437554445836878,-0.012501152180413231,0.0011352458386809968
1.31,0.0007570047860950725,1.5144033314219416,-0.9814734255549763,-0.5350086617966392,-0.0002839740819714694,-1.894052205726861e-05,-0.02489249391824088,0.6111733810829139,0.09911337085171569,0.04136457397187808,-0.0022312234385513524,0.000309051403510632,-0.15550948013726756,-1.6431708320334577,-0.12454212072334642,-0.0751985495609766,0.2654192842491456,-0.5745315207066101,-0.13881726021993554,-1.559209839330924,-4.193261444718399,-0.8729666960806395,-0.012519997742658693,0.0010141606302574923
1.32,0.0004994876942319101,1.5203203703162689,-0.9805173059905905,-0.5346091621688174,-0.00030634621465195873,-1.609437526618693e-05,-0.02575170918631625,0.5917038894327364,0.09561195643857807,0.0399499627821835,-0.0022372132680489286,0.0002846146791081679,-0.14653333515099506,-2.2504705282168267,-0.2662121149333938,-0.12381914189795484,0.2642906801978955,-0.6440353027028771,-0.1426219349430416,-1.9015388379935572,-4.2813402748815665,-0.9042507244929536,-0.01250167824118149,0.0008797659150671174
1.33,0.00023401064279450625,1.5259913028904741,-0.9796102762707236,-0.5342286716007548,-0.00032872682008532105,-1.3517925540769029e-05,-0.026547705143740385,0.5670932574205327,0.0907029719866915,0.03804905680625108,-0.0022380605433362333,0.0002576449725417899,-0.13662195549382491,-2.8388365479359057,-0.4055442763970957,-0.17154648904065262,0.2612971155983799,-0.7084040394363356,-0.14597195877876562,-2.2609457965737043,-4.375136704682982,-0.9373379119858586,-0.012445977222147991,0.0007331311359830884
1.34,-3.873243326415316e-05,1.5313667957780084,-0.9787659838883698,-0.5338718905552224,-0.0003510651076182418,-1.123437913882576e-05,-0.027274307605865942,0.5375492887534338,0.08442923823538553,0.03567810455323787,-0.0022338287532920787,0.00022835464019432686,-0.12576792958525446,-3.403341151949164,-0.5412960975435238,-0.21794841831887624,0.2564497420749941,-0.7671184067612309,-0.14882965652883276,-2.634528382604951,-4.473805869033292,-0.9719443112268523,-0.012352853343571018,0.0005754258086839818
1.35,-0.0003179856142324749,1.5364000021267146,-0.9779975316855949,-0.5335433170937138,-0.0003733108635922656,-9.264625359188608e-06,-0.027925318096832175,0.5033206348706203,0.0768452202774933,0.03285734615085807,-0.0022245755974023757,0.00019697537796371523,-0.11397859998724269,-3.9392980276139733,-0.6722832421893952,-0.2626057600990279,0.24977977453007943,-0.8197035570568606,-0.15116009242330206,-3.0193168576057117,-4.576457212407256,-1.0077744881054163,-0.01222245927100477,0.00040791026166187846
1.36,-0.0006029318840534352,1.541046945111859,-0.9773173683306818,-0.5332472092829604,-0.0003954144088464875,-7.627061497569649e-06,-0.028494626982096028,0.46469429851442745,0.06801633549130673,0.02961078107534228,-0.002210354525422189,0.0001637563861618959,-0.10127623956153255,-4.442303026209878,-0.797389055040191,-0.30511636765090344,0.24133796438195054,-0.8657331632024734,-0.15293190569764076,-3.412295179671167,-4.6821650273001385,-1.0445243830018462,-0.012055155592030674,0.00023192570438083514
1.37,-0.0008926951687798547,1.5452668733864832,-0.9767371864845558,-0.5329875502095016,-0.00041732657156315074,-6.337437563923975e-06,-0.028976328472641942,0.42199282746241856,0.05801818461261143,0.02596590734588282,-0.0021912162716663268,0.00012896239336456736,-0.08769798328393875,-4.908270677802537,-0.9155724669798175,-0.34509887700579434,0.2311937976796317,-0.9048330510740304,-0.15411807648023237,-3.8104207905026612,-4.789979158859583,-1.081884150890643,-0.011851519676853696,4.888369351475441e-05
1.3800000000000001,-0.0011863435215621206,1.5490225857815967,-0.9762678292747032,-0.532768015841716,-0.00043899867541697264,-5.408722014552633e-06,-0.02936483527822659,0.37557123951135535,0.046935720985257605,0.021953436778560934,-0.002167210385382189,9.287155493713426e-05,-0.0732955296285195,-5.333466152646375,-1.0258742752040988,-0.3821961521328703,0.219434457322044,-0.9366843844131438,-0.15469660140191188,-4.210643104881575,-4.898935672743133,-1.1195409438750392,-0.011612349666082133,-0.00013974493035844043
1.3900000000000001,-0.001482893429076638,1.5522807229942575,-0.9759192055469244,-0.5325919459323801,-0.0004603825431076235,-4.850989586044002e-06,-0.029654990751451737,0.3258137212660721,0.03486237277788415,0.01760699093358841,-0.002138386769065089,5.577324285086313e-05,-0.0581346282638833,-5.714532451235818,-1.1274218262902878,-0.4160783704675488,0.20616358862951048,-0.9610263723126039,-0.15465106222485855,-4.60992077857762,-5.008067295397368,-1.157181603859878,-0.01133866397490652,-0.000332441560568299
1.4000000000000001,-0.001781315193799891,1.5550120244315833,-0.9757002142239752,-0.5324623181093479,-0.00048143051555347104,-4.671332144662324e-06,-0.029842176472325288,0.27313014373257194,0.02189913229491324,0.012962782303225583,-0.002104797244584754,1.796574413816772e-05,-0.042294372424297996,-6.048512718073171,-1.219432176062651,-0.446445714811297,0.1914999046288262,-0.9776584759083397,-0.15397107494655493,-5.005237878406647,-5.1164134535623935,-1.1944952378253082,-0.011031696852534377,-0.0005276517187414444
1.41,-0.002080539327422441,1.5571915488036043,-0.9756186779691026,-0.5323817252584866,-0.0005020954872768451,-4.873793285504753e-06,-0.029922413362254995,0.21795243720210195,0.008153625487260865,0.00805928508612615,-0.00206649717233741,-2.0246114084242882e-05,-0.025866314722272864,-6.332867682890775,-1.3012138410021006,-0.4730306493821459,0.17557566241866404,-0.9864420970179554,-0.15265261097148913,-5.39361911452767,-5.223029761901435,-1.2311756533845357,-0.010692890619911048,-0.0007237972447701397
1.42,-0.0023794638731687258,1.5587988574689164,-0.9756812862347025,-0.5323523562625722,-0.0005223309587875324,-5.459327232188239e-06,-0.029892454574628493,0.1607308665312077,-0.006260826559985262,0.0029368995914488957,-0.002023547151068729,-5.8553394668348634e-05,-0.008953424417447502,-6.565488333643257,-1.372167290592078,-0.49559976972976116,0.15853503571178457,-0.9873017373483515,-0.15069818582019961,-5.772144319571002,-5.326996833117879,-1.266923637799057,-0.010323885226792135,-0.0009192886982059761
1.43,-0.0026769625589131117,1.5598181599268062,-0.9758935476742259,-0.5323759801232654,-0.0005420911070404484,-6.425782401461078e-06,-0.029749868574438617,0.10193024578896401,-0.021226143952330044,-0.0023623860693178927,-0.001976014825291603,-9.664551692728388e-05,0.008331097620184207,-6.744704014783648,-1.431784357341788,-0.5139552276693315,0.14053240189226227,-0.9802256224841855,-0.14811691429868523,-6.137962371820347,-5.427428312548154,-1.3014490691798866,-0.009926505726494832,-0.0011125378838265912
1.44,-0.0029718936687301903,1.5602384212117546,-0.9762597518106674,-0.5324539334611951,-0.0005613308752718508,-7.76790980933744e-06,-0.029493110981707867,0.0420261284948472,-0.0366204136441466,-0.007795333792974909,-0.0019239768231402428,-0.00013421274078763624,0.025865132612258382,-6.869286219518643,-1.4796467604962276,-0.5279357429352416,0.12173055538550479,-0.9652657901788705,-0.1449244340010906,-6.488304760881029,-5.523478067791236,-1.3344728540191684,-0.009502748173736152,-0.0013019704112459242
1.45,-0.003263109507783068,1.560053431276365,-0.9767829397883842,-0.5325871113619621,-0.0005800060836708893,-9.477396307390468e-06,-0.029121583905287764,-0.018498993538969243,-0.0523187977716756,-0.013317790076709732,-0.0018675208399038445,-0.0001709486498053028,0.04351907574028308,-6.9384484040304875,-1.5154239502795388,-0.537417222283274,0.10229885341519182,-0.9425376475345897,-0.14114270146501368,-6.8204989848658615,-5.614346492284636,-1.3657286902784789,-0.0090547643224508,-0.0014860381959579541
1.46,-0.003549466324091669,1.5592618367437612,-0.9774648839867248,-0.532775961513742,-0.0005980735623839145,-1.1542922450842749e-05,-0.02863568163086013,-0.0791594532603864,-0.06819441983407089,-0.018885015177979143,-0.0018067478713025098,-0.00020655261434522805,0.06115737902263306,-6.951842193986185,-1.5388704818289276,-0.5423130140734713,0.08241129580661377,-0.9122190065109251,-0.13679966730846124,-7.131981949202292,-5.699285908796076,-1.3949646598310683,-0.008584845353415691,-0.0016632318072930178
1.47,-0.0038298345405858637,1.5578671356689207,-0.9783060762433909,-0.5330204815650631,-0.0006154913082425818,-1.3950244615052166e-05,-0.028036821649419456,-0.13947010748406213,-0.08411922566660944,-0.02445200513211368,-0.0017417745858667277,-0.0002407322164209418,0.07864020118045555,-6.909550378778809,-1.5498231220907144,-0.5425738315637396,0.06224453778879413,-0.8745486118747976,-0.13192883836300953,-7.4203135099743145,-5.777605083648963,-1.42194465796313,-0.008095404713763358,-0.0018320925675851928
1.48,-0.00410310914182611,1.5558776361702582,-0.9793057244213125,-0.5333202196190328,-0.000632218666320504,-1.6682300794749423e-05,-0.02732746012402458,-0.19894994986624207,-0.09996481779214814,-0.02997380539696939,-0.0016727358077922277,-0.00027320561796972574,0.09582516296114388,-6.812077097361322,-1.5481978794165188,-0.5381873812439331,0.04197583406071648,-0.8298241801998799,-0.12656873631223794,-7.683190270627273,-5.848672884394322,-1.4464496707622236,-0.007588960019091129,-0.0019912243065374024
1.49,-0.0043682200518364795,1.5533063799794908,-0.9804617570532199,-0.5336742777723386,-0.0006482165369286306,-1.971933934164049e-05,-0.02651109100103698,-0.2571256190767334,-0.11560326319074929,-0.03540581533058344,-0.0015997870608126616,-0.00030370385468910665,0.11256920776035707,-6.660335612440639,-1.5339871252923436,-0.5291777334527801,0.021780913957033743,-0.7783999728196159,-0.12076226377572186,-7.918459701290193,-5.9119211320329965,-1.4682789134722438,-0.007068113868627225,-0.0021393046754391203
1.5,-0.0046241423327251325,1.5501710321119668,-0.981770835810657,-0.5340813186031984,-0.0006634476079353176,-2.3039069721313078e-05,-0.025592228088865302,-0.31353478675240487,-0.13090787574371202,-0.0407040830859862,-0.0015231071006686935,-0.0003319730379672588,0.12873056717987305,-6.455634048950596,-1.5072569515818381,-0.5156044714490484,0.0018317915380460237,-0.7206839296786587,-0.11455599024529993,-8.124134606305772,-5.966846713430071,-1.4872508442235137,-0.006535533366028427,-0.0022750959276206847
1.51,-0.004869906028391875,1.5464937379848136,-0.983228375566146,-0.5345395745113453,-0.000677876611331848,-2.6616834200246722e-05,-0.02457636956667427,-0.36772941271531906,-0.145753975548892,-0.04582559081468135,-0.0014429003396530362,-0.0003577764478933645,0.1441708289626985,-6.1996594403124154,-1.4681448760716553,-0.4975616522833377,-0.01770547909520881,-0.6571343947203281,-0.10799937183247135,-8.298407919159267,-6.013013030091683,-1.503204067940519,-0.005993928129644816,-0.002397455074365627
1.52,-0.0051046054740271005,1.542300949410744,-0.9848285718455755,-0.5350468598143251,-0.0006914706017597961,-3.042579920852086e-05,-0.023469944563522582,-0.4192788574069615,-0.1600196279429569,-0.05072853029798119,-0.0013593990427948077,-0.00038089650082741365,0.158757100225934,-5.894460384507046,-1.4168579752630692,-0.4751766085240483,-0.03667308404558056,-0.5882564666690296,-0.10114392041473143,-8.439667756167326,-6.050050866013544,-1.5159981447116042,-0.005446026618312336,-0.002505343329460678
1.53,-0.005327407890837624,1.5376232209759557,-0.9865644354994666,-0.5356005855070083,-0.0007041992532913925,-3.44371649639335e-05,-0.022280241681052415,-0.4677728434788325,-0.17358636538910632,-0.05537256926831508,-0.0012728651531596375,-0.00040113657554126397,0.17236425186678161,-5.542428564063433,-1.353671487565855,-0.4486086146078705,-0.054923735075163904,-0.5145980116678686,-0.09404233940290647,-8.546512612272494,-6.077658760034663,-1.5255143155313857,-0.004894550688636433,-0.0025978347606202285
1.54,-0.005537561087183113,1.532494978376315,-0.9884278344534044,-0.5361977765944025,-0.0007160351691457901,-3.862039178913226e-05,-0.02101531963454887,-0.5128242599640535,-0.1863398953937837,-0.059719108739418686,-0.001183591585439757,-0.0004183226825198755,0.18487722043356955,-5.146279332369808,-1.2789278936414088,-0.418047435689509,-0.0723229170032107,-0.4367453760475637,-0.08674764486288233,-8.617766535286112,-6.095602967339559,-1.5316561561846496,-0.004342188429202264,-0.0026741240721193183
1.55,-0.005734400092868146,1.5269542603419857,-0.9904095424265292,-0.5368350919107738,-0.0007269541972928128,-4.294344140561093e-05,-0.019683900568503315,-0.5540718034329462,-0.1981707973124766,-0.06373153163713266,-0.0010919028147022673,-0.0004323049616478669,0.19619333185621313,-4.709031515813635,-1.1930364448732231,-0.3837117708111073,-0.08875103978543442,-0.35531883837630907,-0.07931229194306086,-8.652494070095335,-6.103717090843739,-1.5343501672434119,-0.0037915654739818366,-0.0027335334500141082
1.56,-0.00591735256355078,1.5210424358317118,-0.9924992945296576,-0.5375088463399426,-0.0007369357431250011,-4.737303134786974e-05,-0.018295247068263375,-0.5911824510273729,-0.20897521031283411,-0.06737544291686977,-0.0009981545832188268,-0.00044295899422588166,0.2062245977350303,-4.233986529527349,-1.0964730769747144,-0.34584759649388097,-0.10410542398603018,-0.27096783973639715,-0.07178732729188222,-8.650014722840421,-6.101901456631584,-1.533546304831094,-0.0032452151661653415,-0.002775518409194678
1.57,-0.006085942807902555,1.514803898228588,-0.9946858496687829,-0.5382150353517227,-0.0007459630686757563,-5.1874900508842975e-05,-0.016859024435177526,-0.6238537603123726,-0.21865551391253482,-0.07061890117801127,-0.0009027325550755236,-0.00045018691609732315,0.2148999202364153,-3.7247068560866583,-0.9897806146681298,-0.3047264118041788,-0.11830203567644626,-0.1843660298133929,-0.06422158821174927,-8.609916658008519,-6.090122298890242,-1.5292184531206012,-0.002705548107899458,-0.002799672590047861
1.58,-0.006239794311951567,1.5082857383232517,-0.996957059683156,-0.538949361767227,-0.0007540235663546572,-5.641408370545952e-05,-0.015385150404901151,-0.6518159905336355,-0.2271210014372998,-0.07343264155043538,-0.0008060497678901011,-0.00045391831966165445,0.2221671272287508,-3.184993893190989,-0.8735691461136172,-0.2606433819580882,-0.1312768771859626,-0.09620616388298942,-0.05666096853386306,-8.532069309907445,-6.068410809405141,-1.5213648356391576,-0.0021748217742038143,-0.0028057314615316437
1.59,-0.006378630663369667,1.5015373979313238,-0.9992999451381133,-0.5397072646606961,-0.000761108994005351,-6.095519304300556e-05,-0.013883635141810024,-0.674834039192801,-0.23428854549573022,-0.07579028934691068,-0.0007085427650693805,-0.0004541109337546036,0.22799474662962488,-2.6188651396258056,-0.7485164231620911,-0.213915374827355,-0.14298693555429487,-0.007194882259031088,-0.04914776951954821,-8.416634565193942,-6.036862095147534,-1.510008358521119,-0.001655110975732592,-0.0027935748967908665
1.6,-0.0065022748133655136,1.49461030606206,-1.0017007776700353,-0.5404839502973117,-0.0007672156574194853,-6.546270376140246e-05,-0.012364414999584655,-0.6927091869263848,-0.24008325319220183,-0.07766856366155955,-0.0006106663414134258,-0.0004507510718396893,0.23237341980302184,-2.0305306597940436,-0.6153681262050527,-0.16487888351641722,-0.15341059304451388,0.08195260049167254,-0.04172015148454951,-8.264076156128151,-5.995634075258957,-1.495196875051729,-0.0011482800136640833,-0.002763228596892327
1.61,-0.006610646654876276,1.4875574996362408,-1.004145168743543,-0.5412744249949544,-0.0007723445264108255,-6.990124216866799e-05,-0.010837184151076259,-0.7052806425819056,-0.2444391073507759,-0.07904746976426862,-0.0005128868991340234,-0.0004438538407265529,0.23531685015292028,-1.424368746591941,-0.4749378209540823,-0.11388782846945933,-0.16254741555566266,0.17051787382677214,-0.03441169838219448,-8.075166896049607,-5.944946336246946,-1.477003357347427,-0.000655957374414964,-0.0027148643476591562
1.62,-0.0067037589419122285,1.4804332308441026,-1.0066181646291257,-0.5420735297830498,-0.0007765012712972889,-7.423587321011555e-05,-0.009311228703595235,-0.7124268792138145,-0.24729958855827563,-0.07991047880954362,-0.0004156744886463307,-0.00043346310414475595,0.23686218665274053,-0.804900690845907,-0.3281064292459068,-0.06131123442688935,-0.1704172566178217,0.2577847585394542,-0.02725110344005074,-7.850993390170529,-5.885078951828497,-1.455525957982204,-0.000179513761580279,-0.00264879910380514
1.6300000000000001,-0.006781711624604523,1.4732925633384986,-1.0091043473432317,-0.5428759767136643,-0.0007796962082500149,-7.843238518982633e-05,-0.007795268269229409,-0.7140667505604107,-0.24861827141060705,-0.08024469306144517,-0.0003194936952726025,-0.0004196511979710787,0.2370697544525471,-0.176764563073022,-0.17582103721148828,-0.007530780673661419,-0.1770586473701543,0.3430447679400249,-0.020261979373230692,-7.592957866974268,-5.816371261920653,-1.4308879419423854,0.00027995583684708764,-0.002565492903520926
1.6400000000000001,-0.006844684725571002,1.4661909595735203,-1.0115879412134283,-0.5436763866591541,-0.0007819441444899908,-8.24575691570095e-05,-0.006297310096647895,-0.7101603764978359,-0.24835938701965585,-0.08004099454898274,-0.00022479362399759948,-0.0004025183967183158,0.2360220668174182,0.45531208015312796,-0.019092871885148632,0.047061772637690735,-0.18252648576281594,0.42560258931048656,-0.013462792002202769,-7.302776798914961,-5.739220594059873,-1.4032374676055215,0.000721645485032642,-0.0024655456253105156
1.6500000000000001,-0.006892929933008861,1.4591838617227055,-1.0140529246400611,-0.54446932840738,-0.0007832641177182545,-8.627949049692959e-05,-0.004824520743785872,-0.7007097850814794,-0.24649834266327322,-0.07929417482259568,-0.00013199732282637099,-0.00038219213399200873,0.23382208444123345,1.0865406378265279,0.14100570845735352,0.102067274309527,-0.18688908886560696,0.5047815711802468,-0.006866911613232091,-6.982476016117197,-5.6540809002712535,-1.3727471946032082,0.0011450466380380927,-0.0023496926072375437
1.6600000000000001,-0.006926761131508504,1.4523262687411465,-1.0164831465249502,-0.5452493588403271,-0.0007836790283504582,-8.986775032609376e-05,-0.0033831198499642574,-0.6857592981559053,-0.2430221884888987,-0.078003043294703,-4.1491063220367946e-05,-0.00035882598291641694,0.23059072843480208,1.7121011035819194,0.3033453445781232,0.1570819747558181,-0.19022472659469203,0.5799291982116863,-0.00048277243081060227,-6.634382063447459,-5.561461273306053,-1.3396136965282535,0.001549951245093909,-0.0022187991568830175
1.67,-0.006946544129966855,1.4456723122690323,-1.0188624467295326,-0.546011063955591,-0.0007832151679031589,-9.319373438502062e-05,-0.0019782998458351417,-0.6653956472114247,-0.2379300204582495,-0.0761705115263833,4.638604472992412e-05,-0.0003325984058926861,0.22646369946834893,2.3271729212911505,0.4667450353646469,0.2117004027702949,-0.1926178078115699,0.6504225286495231,0.005685872610776949,-6.261109609394266,-5.461924298397063,-1.3040566575403094,0.0019364495311355143,-0.0020738539883364757
1.68,-0.006952685874404072,1.4392748342065393,-1.0211747798123907,-0.5467491004633575,-0.0007819016519834232,-9.623084724823554e-05,-0.0006141744437216626,-0.6397478062492878,-0.23123330828581165,-0.0738036507766481,0.00013135159197356686,-0.000303711286321491,0.2215877038448534,2.9269670395440035,0.6299788026036679,0.26551830265225895,-0.19415493395191652,0.7156735596642329,0.011639616818323865,-5.8655447839785,-5.356084190404549,-1.266317834035573,0.0023049224951233625,-0.0019159616305455018
1.69,-0.006945623449742992,1.433184968917155,-1.0234043411824865,-0.5474582376650244,-0.0007797697714405468,-9.89547298274959e-05,0.0007062424661079859,-0.6089865289384314,-0.22295613700958392,-0.07091372016669506,0.00021318805428764524,-0.0002723882579260366,0.21611623289152931,3.506759105377739,0.7917837025884082,0.3181356037601226,-0.19492106418523703,0.7751344742845212,0.017383000578978527,-5.450824401322479,-5.2446046615891895,-1.2266597656648717,0.002656029253344335,-0.0017463338594193981
1.7,-0.006925813177310121,1.4274517331337189,-1.0255356946931051,-0.548133399294351,-0.0007768522799899676,-0.00010134345832630842,0.001981027243287072,-0.5733235783436098,-0.21313535106186643,-0.06751616293266162,0.00029174914505792086,-0.0002388728498812523,0.21020507971791064,4.061923691478171,0.9508691864856681,0.3691593915705571,-0.1949960434898671,0.8283027112288466,0.022924064342701576,-5.02031110900576,-5.128196462398387,-1.1853642240631297,0.0029906894088960203,-0.0015662802142612136
1.71,-0.0068937201036122385,1.422121626743678,-1.0275539005960497,-0.5487697049788299,-0.000773182640655251,-0.00010337772300582285,0.0032093073697882623,-0.5330106390040897,-0.20182059029445393,-0.0636305684478947,0.00036696393347165765,-0.00020342646795144288,0.20400780210323421,4.587969402007883,1.1059277697447052,0.41820684774215877,-0.19445172686225864,0.874725787409924,0.028273869134233128,-4.57756459897136,-5.007614536732624,-1.1427303926067622,0.003310060650645694,-0.0013771976673628461
1.72,-0.006849808151623777,1.417238247712104,-1.0294446426796462,-0.5493625109587114,-0.0007687942563712415,-0.00010504098533752683,0.004391195198846184,-0.4883379031574198,-0.18907420835965516,-0.05928059798813989,0.00043883842840095814,-0.0001663262331703979,0.1976713481376035,5.08057465149756,1.255646927936866,0.46490812673812343,-0.19334988815626442,0.9140057939306929,0.03344599832242101,-4.1263091111669254,-4.883654734311934,-1.099072776221774,0.0036155117882155107,-0.0011805595238402852
1.73,-0.006794531170279586,1.4128419244577621,-1.0311943533311325,-0.5499074496845763,-0.0007637197117986707,-0.00010631961233991168,0.005527698134419093,-0.4396323254341851,-0.17497106514863808,-0.05449387258649333,0.0005074544572570724,-0.00012786270023848467,0.19133205021076385,5.535623860174812,1.3987220935840017,0.5089091381509796,-0.1917410335232993,0.9458034815597989,0.03845605213620904,-3.6703975586191753,-4.757150026125059,-1.054718846567327,0.00390859143020793,-0.0009779036368395488
1.74,-0.00672832507392382,1.4089693690239278,-1.032790335197367,-0.5504004679023083,-0.0007579900536660031,-0.00010720298711795623,0.006620609635576619,-0.3872555433834368,-0.15959818662345157,-0.04930182177320888,0.0005729658132667593,-8.833747780445425e-05,0.1851121633903991,5.949243759033039,1.5338705870611358,0.5498742070562272,-0.18966415369903844,0.9698418520598239,0.043321143824469444,-3.2137726982845325,-4.628966174636058,-1.0100064346294266,0.004190992528302934,-0.0007708200308833927
1.75,-0.006651601214562027,1.405653354376957,-1.0342208780705653,-0.5508378628274113,-0.0007516341357427013,-0.00010768359484051714,0.007672385936179265,-0.3316014646970933,-0.14305428731982106,-0.04373949251030023,0.0006355917923301791,-4.8060772256090826e-05,0.1791170791134215,6.31783945020688,1.659846275940072,0.5874885890986903,-0.18714735627409973,0.985909177709994,0.04805940363320174,-2.760425862656521,-4.499996818537187,-0.9652808896643108,0.004464513055200287,-0.0005609380331030083
1.76,-0.00656474107958483,1.4029224191175196,-1.0354753696006216,-0.551216316009434,-0.0007446780519428765,-0.00010775708359776402,0.008686013497719736,-0.2730935259437415,-0.1254491530056339,-0.03784531820227107,0.0006956083799824882,-7.348875724688842e-06,0.17343328967960328,6.638129824150816,1.7754547224656334,0.621460822338296,-0.18420923032579173,0.9938613824797207,0.05268949412284112,-2.314353849538732,-4.371157942423007,-0.9208920303011493,0.004731013169690254,-0.0003499130181630586
1.77,-0.006468092359691045,1.4008006027980888,-1.0365443984346911,-0.5515329244922411,-0.0007371446772502018,-0.0001074222997767903,0.009664871989378434,-0.2121816319430846,-0.106902883406962,-0.03166084828071413,0.0007533374692674618,3.3478382097373565e-05,0.16812712010122696,6.907181896037427,1.8795685494759309,0.651524903672545,-0.18086072325989178,0.9936237333668241,0.057230137952538035,-1.8795146384603978,-4.243381714807021,-0.877190920210118,0.004992369350312926,-0.00013941287763523266
1.78,-0.006361966388996138,1.3993072149026495,-1.037419848409728,-0.5517852288873337,-0.0007290533314188771,-0.00010668129777849014,0.01061259706949068,-0.14933878954392749,-0.08754499750366651,-0.025230439509260984,0.0008091345831324695,7.410019983001529e-05,0.1632441887412339,7.122443590987817,1.9711427321037283,0.6774422833905582,-0.17710726355096518,0.9851918076878141,0.06169965727800371,-1.459782658954843,-4.117609693320531,-0.8345265068282545,0.00525042614513869,6.889567173774694e-05
1.79,-0.006246636923880181,1.398456640358341,-1.038094982475606,-0.5519712379955627,-0.0007204195750695222,-0.00010553932407436846,0.011532946511595706,-0.08505745443086643,-0.06751340658781353,-0.018600910822891736,0.0008633756349354887,0.00011419737041216858,0.15880951349517627,7.281774482461045,2.0492295069591,0.6990036765939038,-0.1729508499944188,0.9686317196845853,0.06611552248750731,-1.0589043756884462,-3.9947854135404453,-0.7932421669875929,0.0055069463769868154,0.00027336082408569286
1.8,-0.006122340200099668,1.39825818421248,-1.0385645151056384,-0.5520894496374407,-0.0007112551422114359,-0.00010400477577094484,0.012429672378051319,-0.019845614586105564,-0.0469532630032293,-0.011821164187801598,0.000916443285808631,0.00015345483034236276,0.15482815090094856,7.383473971542701,2.1129925829225775,0.7160306943443189,-0.16839185027107428,0.9440796059923793,0.0704939072623007,-0.6804549760099419,-3.8758463973961694,-0.7536722077064995,0.005763560843313008,0.00047235934691443966
1.81,-0.005989276189101087,1.3987159578217685,-1.038824672057374,-0.5521388673837455,-0.0007015680077209172,-0.00010208913401518235,0.013306401099858095,0.04577736092885845,-0.026015695173552147,-0.004941774630489403,0.0009687134490518743,0.00019156417557624844,0.15128624383153702,7.426306388084271,2.1617203386562744,0.728377300004972,-0.16343030632475497,0.9117403831387805,0.07484924699690215,-0.3277969452396725,-3.761715638096089,-0.7161383737172158,0.006021718737620842,0.0006643100524121915
1.82,-0.0058476109634289135,1.399828808564191,-1.0388732364784545,-0.5521190129159751,-0.0006913625831901308,-9.980687274020302e-05,0.01416652256721739,0.1112850742422502,-0.004856442108054297,0.001985446777045493,0.0010205424530786442,0.00022822612749793316,0.1481523588618052,7.409522498634516,2.194837701670265,0.7359310971171666,-0.15806662398400417,0.8718858008996055,0.07919379852219771,-0.00404129295548783,-3.653292640458723,-0.6809464153820681,0.006282640174075402,0.0008476869612039071
1.83,-0.005697480075988111,1.4015902947000813,-1.0387095805082465,-0.5520299337900809,-0.0006806400300788522,-9.717534341910781e-05,0.015013088744080215,0.17614861358902795,0.016365597020811643,0.00890791258942304,0.0010722553111278527,0.0002631529321095215,0.14537901392509192,7.332876921731923,2.21191642222949,0.7386144540016915,-0.15230161866753983,0.8248518233484468,0.08353720086158911,0.28798785057733545,-3.5514441177806484,-0.6483827714154127,0.006547272300852388,0.001021032044466513
1.84,-0.005538992856636282,1.403988706580221,-1.0383346817035062,-0.5518722064262442,-0.000669398675434653,-9.421463666761406e-05,0.015848721935182882,0.23984118801397497,0.03748988047402731,0.015772736383668322,0.0011241354644199262,0.0002960706751493759,0.14290432548260013,7.1966409790501755,2.212683482188452,0.7363854672718126,-0.1461359852180405,0.7710353757059547,0.08788603937046502,0.5457846142605391,-3.456994468162862,-0.6187114202455531,0.006816250526576974,0.0011829674334083826
1.85,-0.005372237529958953,1.4070071349300097,-1.0377511238124097,-0.5516469342016039,-0.000657634512710612,-9.094742171377529e-05,0.016675532667732966,0.30184283497887665,0.05835578910963932,0.022527222464026463,0.0011764162724040952,0.0003267214953838767,0.14065373614552698,7.001610551572409,2.1970274134279046,0.7292387616473341,-0.13956934506989016,0.7108905007579489,0.09224341893027993,0.7671881743601938,-3.3707161736996185,-0.5921709519370473,0.007089866348955813,0.001332206988911553
1.86,-0.005197287058120844,1.4106235864353636,-1.0369630816322442,-0.5513557405810122,-0.0006453417684531578,-8.739876493421535e-05,0.017495047183810866,0.36164515053539126,0.07880421801654947,0.029119362059174564,0.0012292744257454131,0.00035486567795599337,0.1385418126487386,6.749108563590678,2.1650023420701645,0.7172061173932534,-0.13259908683153665,0.6449239746910234,0.09660855566436499,0.9504044865449748,-3.29332028419854,-0.5689719094122128,0.00736804316153339,0.0014675671285552306
1.87,-0.005014205610814154,1.414811146324896,-1.0359762899078104,-0.5510007572821711,-0.0006325135148462873,-8.35959288387898e-05,0.018308144730669003,0.41875598895324606,0.09867917244337676,0.03549832988411318,0.0012828253606870551,0.0003802836095425543,0.13647412549272225,6.440981783766364,2.1168296220338787,0.7003569097767013,-0.12521924885076047,0.573690439252275,0.10097640059469709,1.0940226154838335,-3.2254471622123844,-0.5492944433655449,0.007650321224374342,0.0015879768132530856
1.8800000000000001,-0.004823055559569629,1.4195381870920862,-1.0347979964556178,-0.5505846075348739,-0.0006191423082206899,-7.956815306606423e-05,0.01911500512445256,0.4727040767190245,0.11782934521926812,0.041614974729715225,0.001337120662559739,0.00040277757727255766,0.13434923246015928,6.079591711243476,2.052896973490689,0.6787983379218723,-0.11741969056711771,0.49778711508655615,0.10533731237134444,1.1970254449931779,-3.167657677203959,-0.5332863198941318,0.007935852722529883,0.0016924866013616846
1.8900000000000001,-0.004623904885763196,1.424768621939544,-1.0334368999284813,-0.5501103845584265,-0.0006052208345633666,-7.53464191264588e-05,0.019915067380643327,0.5230434847457647,0.13610965271365555,0.04742229764474469,0.0013921473657323258,0.0004221733939605416,0.13206078772619942,5.667799404988174,1.9737550970346995,0.6526754139526361,-0.1091857643519879,0.4178481692058227,0.1096767992356783,1.2587946877440204,-3.1204250427861515,-0.5210613136336604,0.008223407511133667,0.001780276684418491
1.9000000000000001,-0.004416834880909901,1.4304622009649814,-1.0319030728612169,-0.5495816254454687,-0.0005907425446590832,-7.096320079401945e-05,0.02070700048532951,0.5693579025437642,0.15338270672644438,0.052875911295782244,0.0014478289904283326,0.00043832183324393526,0.12949978763515121,5.208944214772921,1.8801117913596748,0.6221706781813978,-0.10049863660807157,0.33453881656368933,0.1139753522752677,1.2791102515906574,-3.0841274914482835,-0.5126980122718134,0.008511389769844047,0.0018506638257474934
1.9100000000000001,-0.00420194800522716,1.436574847555624,-1.0302078708557918,-0.5490022807031155,-0.0005757022636019149,-6.645220219724928e-05,0.02148868756827406,0.6112646590642526,0.16952020054251282,0.05793447423531997,0.0015040281057168321,0.0004510998596770172,0.12655694626559777,4.706816480720433,1.772823659413128,0.5875036028979927,-0.09133632541368364,0.24854924025635594,0.11820839238802484,1.2581441547339556,-3.0590419754382996,-0.5082390508939161,0.00879786537712743,0.0019031071311595902
1.92,-0.003979375757324294,1.4430590319254395,-1.0283638289686416,-0.5483766797623139,-0.0005600967618653599,-6.184808579035237e-05,0.022257224790286616,0.6484184369815489,0.1844041887150251,0.0625600940801672,0.0015605501736555014,0.0004604116406896909,0.12312517245725677,4.165624382765336,1.652885543758218,0.5489296466606213,-0.08167543349706813,0.16058841574690796,0.12234635188931899,1.1964493092535173,-3.0453390701800434,-0.5076907868844446,0.009080599384618098,0.0019372125900152198
1.93,-0.0037492863958109544,1.4498641782288337,-1.026384546549265,-0.5477094928223031,-0.0005439252777458948,-5.7186192495305365e-05,0.02300893615133393,0.6805146303394304,0.19792824193767194,0.06671869400108003,0.0016171484119465117,0.00046618932950470064,0.1191020990089929,3.5899552390230296,1.521417884652367,0.5067389232588138,-0.07149347181840227,0.07137792104025831,0.12635490821017914,1.0949436073443648,-3.043079237690727,-0.5110234182408063,0.009357102544454236,0.0019527363351431396
1.94,-0.0035118923442115303,1.456937101226192,-1.0242845619433671,-0.5470056894478373,-0.0005271899836413096,-5.25022563898659e-05,0.023739405159942415,0.7072922997358314,0.20999846058976873,0.07038033744657841,0.0016735294104585155,0.000468393610543946,0.11439259772523612,2.984731669707117,1.3796522426316822,0.4612544548316766,-0.060771601119265606,-0.018354193039123556,0.1301953816754326,0.9548898426572556,-3.052210582146692,-0.518171540321366,0.009624685441449163,0.0019495865816261092
1.95,-0.0032674571052609806,1.4642224680712426,-1.022079218611965,-0.5462704943812176,-0.0005098963911554822,-4.783211637528541e-05,0.024443523895054994,0.7285366845050569,0.22053433314022305,0.07351950666198401,0.001729359248582751,0.00046701400145804877,0.1089112032882438,2.3551631574050385,1.2289152697252808,0.4128299870089176,-0.04949757411124461,-0.10787940962472548,0.13382530215200572,0.7778720769452017,-3.0725681985587623,-0.5290351284052102,0.009880518431959563,0.00192782421732071
1.96,-0.0030163015105621797,1.4716632804471619,-1.0197845243268207,-0.5455093410681418,-0.0004920536923257312,-4.321142728928605e-05,0.025115559469880096,0.7440812375919338,0.22946942851443072,0.0761153313075765,0.0017842698829750884,0.0004620689085999361,0.10258436567989146,1.706693641481002,1.0706114485272245,0.3618473550339516,-0.03766864326139857,-0.19647458028505058,0.13719914085628843,0.565769117125515,-3.1038751793085364,-0.5434809261329752,0.01012169531680276,0.0018876620321440956
1.97,-0.00275880913741365,1.4792013720059276,-1.0174170051799323,-0.5447278234250187,-0.00047367503626830363,-3.867537293470712e-05,0.025749237314852964,0.7538091558765705,0.23675191468884302,0.07815176431230121,0.0018378656057427627,0.00045360543545789293,0.09535245493152093,1.0449458803271023,0.9062049450991035,0.3087134031453749,-0.025294208037675125,-0.28342755184750135,0.14026919441444946,0.3207257982755891,-3.1457453032034177,-0.5613442130625712,0.010345298498504015,0.0018294625885036714
1.98,-0.002495430736614903,1.4867779158704044,-1.0149935561889463,-0.5439316463949909,-0.0004547777421841591,-3.425838347266474e-05,0.026337840079874705,0.7576543864476881,0.24234489909859458,0.07961770300277672,0.0018897294084144547,0.00044169894620423825,0.0871714522097072,0.3756633964124366,0.7372009391358845,0.2538564743681859,-0.012398007090442753,-0.36804256308141536,0.14298659910740716,0.045122773515005044,-3.1976873891254707,-0.5824309183395406,0.01054846331048948,0.0017537347515207448
1.99,-0.0022266875330107126,1.494333936845941,-1.0125312902906005,-0.5431265758499993,-0.0004353834509431019,-2.9993859582115362e-05,0.026874320360419063,0.7556020975536616,0.24622658983458215,0.08050705449915214,0.0019394291241057213,0.00042645238905493737,0.07801427589416336,-0.2953491178409328,0.5651268023702891,0.197722503392864,0.0009802912459327406,-0.449645399132326,0.1453024448726664,-0.25845450713822204,-3.259111252865556,-0.6065200419708208,0.01072843926718914,0.0016611289145435574
2.0,-0.0019531732838198486,1.5018108229607057,-1.0100473874908626,-0.5423183883965529,-0.000415518218377385,-2.5913905716715752e-05,0.027351424919086403,0.7476886114764604,0.24839027997378055,0.08081874534464964,0.001986523256571691,0.00040799538653996114,0.06787170839494525,-0.9622860133585253,0.39151349340905184,0.1407707606242381,0.014784190120556429,-0.5275882986345842,0.14716895180722137,-0.5872469882306599,-3.329335163058408,-0.6333663405184095,0.010882646169773238,0.0015524309723909074
2.0100000000000002,-0.0016755550074505272,1.5091508310122128,-1.007558945884509,-0.5415128216334791,-0.0003952125539945542,-2.2049074696387837e-05,0.02776182763693214,0.7340008051507115,0.24884416063537096,0.08055667630737955,0.0020305664382830814,0.00038648310203279147,0.05675290712679623,-1.6194005783209582,0.21787752409109204,0.08346930968457222,0.02894018909899737,-0.6012546118406789,0.14854066722365544,-0.9383527910680205,-3.407594652004362,-0.6627032303033237,0.011008723302645046,0.0014285551112665736
2.02,-0.001394572326344136,1.5162975809397699,-1.005082836170582,-0.5407155253911451,-0.0003745014091061469,-1.8428125756707027e-05,0.02809826811063912,0.7146749927557078,0.24761097139268826,0.0797296242334083,0.002071114488840726,0.00036209489396808113,0.0446854997880769,-2.2610636803904676,0.045703829284415465,0.026290253002546393,0.04335831209458038,-0.6700632081382109,0.14937563916555507,-1.3087570843070102,-3.4930525012534717,-0.6942458585265691,0.011104570351127468,0.0012905354997474955
2.0300000000000002,-0.0011110354000950617,1.5231965340648774,-1.0026355611764792,-0.5399320144540312,-0.000353424118414796,-1.5077798045882973e-05,0.02835369262490742,0.689895312510764,0.2447274994102608,0.07835109371139592,0.002107729069135092,0.0003350327710824053,0.0317152788046165,-2.881820256577098,-0.12357016049303421,-0.03029515031746932,0.05793327420817804,-0.7334726286381056,0.14963652285757,-1.6953606297926092,-3.5848096916508214,-0.7276942911528043,0.01116837913276296,0.0011395169790899492
2.04,-0.0008258214583293053,1.529795450537707,-1.0002331217660898,-0.5391676232329786,-0.0003320242989610643,-1.2022601408483345e-05,0.028521394176575645,0.6598916472829505,0.24024394103893532,0.07643912210525892,0.0021399819453731704,0.0003055196637399627,0.01790552186809831,-3.4764428064272006,-0.2885689851488512,-0.08582140379126102,0.07254619210899817,-0.7909849750114277,0.14929157976206567,-2.0950066870429422,-3.6819170843618005,-0.7627367660216757,0.01119865572906199,0.000976744862787851
2.05,-0.0005398699753178177,1.5360448216894114,-0.9978908903508332,-0.5384274628109909,-0.0003103497100553424,-9.284626128992981e-06,0.02859514830114875,0.6249371151704461,0.23422314152566198,0.07401604219877708,0.0021674588905721886,0.0002737975279490364,0.003335974676633591,-4.039981123660774,-0.4479919492123841,-0.13983363673486693,0.08706672399289372,-0.842149520387871,0.14831553440981451,-2.5045060590658594,-3.7833875841522513,-0.7990529604799756,0.011194233094487223,0.0008035539644289517
2.06,-0.00025417655892356244,1.5418982734072475,-0.9956234930515432,-0.537716380738439,-0.0002884520774574705,-6.883373128689853e-06,0.028569341639425528,0.5853451717836238,0.2267397299290003,0.07110820725518971,0.0021897632597871926,0.0002401253000303127,-0.011898461696159131,-4.567807601196598,-0.6006240868262263,-0.19189231911317783,0.10135551837530188,-0.8865660228132173,0.14669026144315123,-2.920660159729363,-3.8882085294508797,-0.8363172248581491,0.011154274669061562,0.0006213569791402058
2.07,3.021434569954823e-05,1.5473129371110073,-0.9934447013790855,-0.5370389239013306,-0.0002663868846595635,-4.835605918112471e-06,0.028439090462311068,0.5414663703759826,0.2178791672457717,0.06774568371084491,0.0022065192797906972,0.0002047767210577382,-0.027689292708764753,-5.055657561030323,-0.7453451969225858,-0.24157774053929337,0.1152668541286955,-0.9238877172119344,0.14440528370591704,-3.3402820746312907,-3.9953540556192637,-0.8742017362998814,0.011078269898916793,0.00043163234717181814
2.08,0.00031221781292909096,1.5522497854028874,-0.991367334117717,-0.5363993047314743,-0.0002442131337115602,-3.1552254066337923e-06,0.02820034672295427,0.49368482918801687,0.20773672613684024,0.06396191698562358,0.002217375094800334,0.00016803805114786786,-0.04391619411877376,-5.499664189243796,-0.8811369060951211,-0.28849417400337884,0.1286513648300749,-0.9538239585284778,0.14145807103684538,-3.7602156698448876,-4.103797188133331,-0.9123795317032953,0.010966022851566217,0.00023591172849159018
2.09,0.000590717708960157,1.5566739299760484,-0.9894031699127269,-0.5358013709714646,-0.0002219930776339131,-1.8531684624788646e-06,0.0278499896031066,0.44241445731610596,0.196416420499014,0.059793376000970094,0.0022220056077647066,0.00013020569441549276,-0.06044893087580172,-5.896387792553863,-1.0070877740760558,-0.33227365590673585,0.14135875609521012,-0.9761424870057036,0.13785413800414156,-4.177352873306264,-4.2125214403815425,-0.9505273837128975,0.010817635285476728,3.576721486241348e-05
2.1,0.0008645767183764711,1.5605548798871585,-0.9875628708877945,-0.535248579151945,-0.00019979192611201612,-9.373309031421438e-07,0.02738590094163141,0.38809499111101636,0.1840299024932484,0.055279181951957475,0.0022201151521896996,9.158375593367208e-05,-0.07714938674719746,-6.242839231004962,-1.122396511332735,-0.3725793271688467,0.1532404427576316,-0.9906712864774944,0.1336069465904461,-4.588649310016828,-4.320531715507729,-0.9883284896393993,0.010633485592917363,-0.00016720159888729307
2.11,0.0011326469519365385,1.5638667588131516,-0.985855917452269,-0.5347439718850264,-0.0001776775258827099,-4.125153798547136e-07,0.026807023356006744,0.33118789259932296,0.17069534355255064,0.050460726691862905,0.0022114400229306212,5.248155232874301e-05,-0.0938736639351575,-6.536497516417013,-1.2263734281140692,-0.4091082949286218,0.16415205149189827,-0.9973000080260231,0.1287376263787421,-4.991138513543378,-4.426864341891117,-1.0254749496721638,0.010414204987590197,-0.0003713805693574375
2.12,0.0013937809546794363,1.5665884804111727,-0.9842905543080898,-0.5342901590273189,-0.00015572001702171418,-2.804044028291214e-07,0.026113400274289773,0.2721721598021015,0.15653631441792526,0.04538128577074602,0.002195750886099573,1.3211097702559218e-05,-0.1104742165590395,-6.775321693046913,-1.3184402775811117,-0.4415939897912615,0.1739557522112971,-0.995980934184562,0.12327452985461719,-5.381944962187423,-4.53059610598887,-1.0616700175538742,0.010160652169662754,-0.0005751538778381042
2.13,0.0016468429293921539,1.5687038813734946,-0.982873747533471,-0.5338893027198922,-0.00013399146623694879,-5.395585387719136e-07,0.025306197471271764,0.21154009623218756,0.14168067746186988,0.04008563074266991,0.00217285507847654,-2.5915413594279212e-05,-0.12680198710040633,-6.957757231181831,-1.3981286909961606,-0.46980800894642627,0.18252239717998642,-0.9867294628013425,0.11725264395746816,-5.758296199054451,-4.630852182789963,-1.0966301137624965,0.009873887492783093,-0.0007769167242270321
2.14,0.0018907199897823155,1.5702018122079695,-0.9816111525080703,-0.5335431062714686,-0.00011256547827928257,-1.1854396008504488e-06,0.024387706039016164,0.14979308344749592,0.12625950254007454,0.03461964484235676,0.002142598795766621,-6.458810620785352e-05,-0.14270852037153425,-7.0827372623796325,-1.465077429263882,-0.4935614500008114,0.18973345956924392,-0.9696240944349143,0.11071288106723468,-6.117534292068757,-4.726812901452223,-1.1300865979431864,0.009555147406918268,-0.0009750877526896948
2.15,0.00212433325992304,1.5710761861730447,-0.9805070923535484,-0.5332528068159034,-9.151678671000158e-05,-2.2104584460857956e-06,0.023361327014072474,0.08743739650750937,0.11040601545218677,0.029029945556525015,0.002104869156928099,-0.00010250188452353467,-0.15804803488890723,-7.149679064060912,-1.51902869173528,-0.5127057534664488,0.19548277280272564,-0.9448059124540816,0.10370127340850273,-6.45712687420396,-4.817719320298818,-1.1617873036142954,0.009205819685242441,-0.001168121129197795
2.16,0.002346648641239077,1.5713259871502303,-0.9795645464947269,-0.5330191716458582,-7.092082552119492e-05,-3.6040467980383514e-06,0.022231538131603668,0.024980097718560877,0.0942545858821438,0.023363517004510677,0.0020595961188806665,-0.00013935883519525558,-0.17267943632480212,-7.158476259410718,-1.5598237299035471,-0.5271330828705345,0.19967807838289753,-0.9124775506334565,0.09626809466972926,-6.774677977607823,-4.902877619864606,-1.1914978438207187,0.00882741968933267,-0.0013545181995954524
2.17,0.0025566870750895424,1.5709552375438118,-0.9787851488995724,-0.532842498101623,-5.0853283495512516e-05,-5.3527523255047185e-06,0.02100384338504655,-0.037074960641843596,0.07793975951545315,0.017667354423521485,0.0020067542025682407,-0.00017487055274663675,-0.18646826159630336,-7.10948723539566,-1.587398010603824,-0.5367762801338252,0.20224239307376113,-0.872901648763198,0.08846693177928903,-7.067938839858606,-4.981662353940338,-1.2190027012401816,0.008421567707546375,-0.0015328386645294635
2.18,0.002753534137559776,1.5699729275571055,-0.9781691955298065,-0.53272261687711,-3.1389643714409786e-05,-7.44035603239993e-06,0.019684706247023332,-0.09823099867063526,0.06159533697658329,0.011988122451297567,0.0019463639781102733,-0.0002087603706895211,-0.19928854479059016,-7.003520297483546,-1.6017761611772503,-0.5416084399223529,0.2031152065719073,-0.8263988024943283,0.08035372854387726,-7.3348188183292695,-5.05351862564274,-1.2441061201188024,0.007989967234243037,-0.001701711214252635
2.19,0.002936348813200389,1.568392907407987,-0.9777156605261386,-0.5326588985937493,-1.2604711271431381e-05,-9.848010851475901e-06,0.018281467564061307,-0.15800201491184743,0.04535350036679556,0.0063718283360674295,0.0018784932442978406,-0.00024076548190759718,-0.2110245972367129,-6.841816075640529,-1.6030669087014022,-0.5416421500351127,0.20225351845898332,-0.773345019216743,0.07198582148037416,-7.573396501555337,-5.11796327778689,-1.2666328202214248,0.007534383953631325,-0.0018598435718762683
2.2,0.003104371306068666,1.5662337442166145,-0.9774222206604165,-0.5326502634867462,5.427866996606534e-06,-1.2554400186194306e-05,0.0168022492868277,-0.21591631913723544,0.029343986572200813,0.0008635107003078886,0.0018032578268037916,-0.0002706389334718405,-0.22157269342816277,-6.626027674427774,-1.5914581980166804,-0.5369284456929755,0.19963271870503463,-0.7141686971742744,0.06342098682820527,-7.781931056497545,-5.17458520387123,-1.2864285546772731,0.007056625155747891,-0.002006031898110686
2.21,0.003256929759586674,1.5635185454293319,-0.977285287608405,-0.5326951940461765,2.263608610812221e-05,-1.5535915011830336e-05,0.015255845351800782,-0.2715198787282627,0.01369330520114716,-0.004493055943034441,0.0017208219111515676,-0.000298151482563603,-0.23084265210867422,-6.358199023185381,-1.5672126403080973,-0.5275555240306176,0.1952473097589511,-0.6493471502437287,0.054716516500619324,-7.958873799399267,-5.223044897678241,-1.3033605341767613,0.0065585193409808526,-0.002139169513968712
2.22,0.0033934457715968816,1.5602747507397636,-0.97730004762808,-0.5327917504568139,3.8950064326189095e-05,-1.876684802934785e-05,0.013651601201020765,-0.3243794689568349,-0.0014760019674881601,-0.009655641063742136,0.0016313978218066884,-0.00032309330175175167,-0.23875929773539065,-6.040741833471593,-1.5306634069680722,-0.5136472614997807,0.18911146087235564,-0.579402705856888,0.04592833962386745,-8.102879927125741,-5.263073365951621,-1.317317739470131,0.006041895855230272,-0.002258254900458615
2.23,0.003513438607820908,1.5565338945368516,-0.9774605082657731,-0.5329375886844614,5.430251591473211e-05,-2.2219603264069495e-05,0.011999283622402632,-0.37408562029118986,-0.016046063769316762,-0.01458382276475173,0.0015352451588543014,-0.00034527552347216425,-0.24526378197932713,-5.67641151342399,-1.482210643954963,-0.49536157173595186,0.18125937739889963,-0.5048984084586561,0.03711020525800868,-8.212820296817553,-5.294470530135944,-1.3282111426125731,0.005508564526989383,-0.0023623989361514176
2.24,0.0036165280360046146,1.5523313409561328,-0.9777595517526403,-0.5331299810619214,6.862920801188984e-05,-2.5864919415661136e-05,0.010308942818370668,-0.4202553580718899,-0.02990434868671073,-0.01923923774600162,0.0014326692097157733,-0.0003645316151591641,-0.2503147383467123,-5.268282325904697,-1.4223184414448036,-0.47288863516473967,0.17174546013058656,-0.426433365684751,0.02831294077941878,-8.28779309561035,-5.317103240214788,-1.3359738550078295,0.00496029543368292,-0.002450831334896893
2.25,0.0037024357246452674,1.5477059936410873,-0.9781889947932929,-0.5333658392336227,8.186939367407054e-05,-2.9672105196122697e-05,0.008590768864065295,-0.4625347315045468,-0.04294430406526494,-0.023585817170121523,0.0013240185662180698,-0.0003807185780461562,-0.2538892360264612,-4.81972201242301,-1.3515123537607838,-0.4464490247650801,0.1606442231157672,-0.3446377791228541,0.0195837990987213,-8.327135200133847,-5.330903016828938,-1.3405612171653964,0.004398799089102241,-0.0025229062471287104
2.2600000000000002,0.0037709851745491626,1.5426999823418763,-0.9787396544837852,-0.5336417393234191,9.396621265194141e-05,-3.3609284837653324e-05,0.006854944990389519,-0.5006011299210968,-0.05506596904922521,-0.027590008979639098,0.0012096818977870875,-0.0003937179641530629,-0.25598349247995716,-4.334366040915534,-1.2703774267343793,-0.4162917454371353,0.14804993376727005,-0.26016770605405715,0.010965906260463103,-8.33043298845762,-5.3358636277374245,-1.3419508413688177,0.003825707498275945,-0.0025781069893935265
2.27,0.0038221001786204684,1.5373583284947394,-0.979401420124543,-0.5339539491943622,0.00010486705125111195,-3.764365191143746e-05,0.005111500407130581,-0.5341653847136922,-0.06617656407577642,-0.031220987094312043,0.0010900838599170535,-0.0004034367073784136,-0.256613299019062,-3.816091575158998,-1.1795566550388996,-0.38269219783119546,0.13407593736768675,-0.17369960288545838,0.002497818925693422,-8.297532335956273,-5.332038591973267,-1.3401426143317487,0.003242556653760651,-0.002616049868207804
2.2800000000000002,0.0038558018350812852,1.5317285919416639,-0.9801633307127631,-0.534298457671615,0.00011452385278260449,-4.174172957027578e-05,0.0033701656460816643,-0.5629736553075589,-0.07619105882200372,-0.034450847725280606,0.0009656801531492541,-0.00040980776588383193,-0.25581411067609444,-3.2689912091500983,-1.0797497617010012,-0.34595007166249303,0.11885363021869355,-0.08592470493338822,-0.005786801268516293,-8.228547502009938,-5.319538690412872,-1.3351586625796341,0.0026507711343654095,-0.0026364870663176557
2.29,0.003872204171347504,1.525860500970767,-0.9810136579062618,-0.5346710055995523,0.0001228933706892171,-4.5869635311011594e-05,0.0016402336266218749,-0.5868090970896699,-0.08503271934987273,-0.03725479279372455,0.0008369517906612605,-0.0004127905740735812,-0.25364075206184256,-2.697346463003231,-0.9717121668069328,-0.30638716882310213,0.1025310524179266,0.002456699393355577,-0.01385939242603218,-8.123868597264227,-5.2985295455650006,-1.3270432789242441,0.0020516515042535246,-0.0026393085621090797
2.3000000000000003,0.0038715084693068127,1.5198055678863867,-0.9819399942452414,-0.5350671186010616,0.0001299373574942822,-4.999334834516802e-05,-6.957020406913e-05,-0.6054933084380514,-0.09263363389795742,-0.039611300150932144,0.0007043986805065111,-0.0004123713034156425,-0.2501666955300124,-2.1056009991304663,-0.8562539930715722,-0.26434515317748186,0.08527108303524655,0.09074103939456951,-0.021696575434951557,-7.984167312016483,-5.269229316785319,-1.3158628041778786,0.001446365192757414,-0.002624543056446087
2.31,0.0038539964167188696,1.5136166923564034,-0.9829293463990585,-0.5354821414008669,0.00013562268428414634,-5.407897766636486e-05,-0.0017512052587943061,-0.6188875529983288,-0.09893521538170812,-0.04150227998053398,0.0005685326789864136,-0.0004085629321196838,-0.24548287747437705,-1.4983334895637679,-0.7342389429036225,-0.22018322201091411,0.06724923731213228,0.1782272158027508,-0.029280118077070233,-7.810400585773687,-5.231906540368211,-1.3017054543563673,0.000835941464019065,-0.0025923578857092065
2.32,0.003820022242544728,1.5073477548341092,-0.9839682331715234,-0.5359112735652554,0.00013992138749612993,-5.809302890929219e-05,-0.0033974174174141837,-0.6268937522294119,-0.10388867724648612,-0.04291321643884596,0.0004298703211983578,-0.0004014051242927336,-0.2396960332587007,-0.8802300477261891,-0.6065828752143797,-0.17427569361034934,0.04865108683734576,0.26422227535633974,-0.03659678642301793,-7.6038119066539585,-5.1868781275241425,-1.2846810802037711,0.00022127096671556011,-0.0025430579053170805
2.33,0.00377000402464426,1.501053202413222,-0.9850427879508153,-0.5363496064979795,0.0001428106422904554,-6.200266810593885e-05,-0.005001821790046779,-0.6294552420887253,-0.10745547792919431,-0.04383329327241571,0.0002889254794325476,-0.0003909639196646667,-0.23292655089478947,-0.25605613083970086,-0.47425191058695393,-0.12700950641487152,0.029669348182412958,0.34804694584677665,-0.043638092972059485,-7.365929947470425,-5.13450751751554,-1.2649208430778351,-0.0003968898020856019,-0.002477083334529601
2.34,0.003704414384759902,1.4947876295467633,-0.9861388652296498,-0.5367921615165682,0.0001442726646439299,-6.577598045954202e-05,-0.006558963988435803,-0.6265572866458593,-0.10960772788344121,-0.04425550185887198,0.00014620223534744884,-0.00037733123536031697,-0.2253058673183054,0.36937217777190134,-0.3382599005183873,-0.0787816273535735,0.010500711215496783,0.429040974868814,-0.050399953766888723,-7.0985642732780345,-5.0752029685312054,-1.2425767891835386,-0.0010179089652563717,-0.0023950065607843064
2.35,0.0036237708063445477,1.488605356141831,-0.9872421507493016,-0.537233928815196,0.00014429454737702597,-6.938222227511449e-05,-0.00806435784153543,-0.618227340493225,-0.11032855196517782,-0.04417672986279185,2.188273309607368e-06,-0.0003606241815572473,-0.2169734575065296,0.9912175845027901,-0.19966511006426013,-0.02999637015522527,-0.008657497372787759,0.5065682210726449,-0.05688226881863689,-6.8037978929140905,-5.009415955506585,-1.2178213029279168,-0.0016412647024072412,-0.0022975279100884644
2.36,0.003528625824071406,1.4825600056303623,-0.9883382747394176,-0.5376699071001535,0.0001428680384372537,-7.279206420795527e-05,-0.009514498227314181,-0.6045350511468812,-0.10961239901160673,-0.04359782849575051,-0.00014265089397722712,-0.00034098419328407816,-0.2080734936936064,1.6046517558150981,-0.05956598297306567,0.018937371704700112,-0.02761069992681331,0.5800214541198538,-0.06308844147258647,-6.483976474413071,-4.937639632276507,-1.1908464198610604,-0.002266525876983123,-0.002185470398916504
2.37,0.003419557338598826,1.4767040857076184,-0.9894129276366295,-0.5380951436624566,0.0001399892727046099,-7.597782401959886e-05,-0.010906848547257968,-0.5855919922743978,-0.10746528972118857,-0.042523656230314365,-0.00028787657326437933,-0.00031857598116435964,-0.1987512770875738,2.2048862699946796,0.08090411621442631,0.06760896853595799,-0.04617037529642265,0.6488268284462764,-0.0690248527606552,-6.141694100632483,-4.8604073053744505,-1.1618629803051086,-0.0028933282447514063,-0.002059773492458022
2.38,0.0032971593056531725,1.4710885745214901,-0.9904519775715809,-0.5385047746299633,0.00013565847114082902,-7.891368706630596e-05,-0.012239803294565386,-0.5615511186128153,-0.10390499349514336,-0.04096309675066271,-0.000433080156378087,-0.00029358630467070954,-0.18914956512118095,2.7872043408460607,0.22058325829911773,0.11560896129889286,-0.06415715791153287,0.7124480057815422,-0.07470030633457737,-5.779775506181965,-4.778290858637939,-1.131099606363256,-0.0035213467794436657,-0.0019214859037260518
2.39,0.003162033034635019,1.465762515182492,-0.9914415888191951,-0.5388940651193088,0.0001298796230613579,-8.157591279113291e-05,-0.013512627101815358,-0.5326059338998015,-0.0989611247614201,-0.038929048934552256,-0.0005778848079471098,-0.00026622257248269557,-0.17940493087608966,3.346993261936913,0.3582884445220298,0.16253201475662138,-0.08140360801147506,0.7703899114461209,-0.08012545834625372,-5.401254808656017,-4.691899061696211,-1.0988014875204188,-0.004150264767337009,-0.0017717574777731185
2.4,0.0030147793092977315,1.4607726215417578,-0.9923683403141175,-0.539258448986877,0.00012266016848402366,-8.394302554985733e-05,-0.01472537253372875,-0.4989893640734255,-0.09267514949224262,-0.03643838675681687,-0.0007219454577334253,-0.0002367112758724423,-0.1696442959477773,3.879777473817165,0.4928242437305278,0.20797989650107418,-0.09775655418521156,0.8222021189370128,-0.085312244800128,-5.009350824741876,-4.6018756915446195,-1.0652289634398926,-0.0047797404102127156,-0.0016118302148918542
2.41,0.002855991512776824,1.4561628982475043,-0.9932193432456974,-0.5395935678587294,0.0001140106977669544,-8.599598817658535e-05,-0.01587877965209076,-0.4609723294253487,-0.0851002931579928,-0.03351188718522876,-0.0008649470717069256,-0.00020529626267280145,-0.15998177260326205,4.381252107562203,0.6229925349676835,0.25156445895563806,-0.11307894155764964,0.8674818654136547,-0.0902733166575923,-4.607439143181192,-4.508897394881984,-1.030655896738,-0.005409371739315438,-0.0014430284960386872
2.42,0.0026862499030878744,1.4519742781342109,-0.9939823566680493,-0.5398953091027748,0.00010394468502222886,-8.771835678932725e-05,-0.01697416096889496,-0.4188620113293368,-0.07630134223519132,-0.030174124404550935,-0.001006601274472554,-0.00017223686127419,-0.150515935717018,4.847316807447635,0.7476032781615823,0.2929105998887884,-0.1272511584725341,0.9058767067533005,-0.0950214905622761,-4.1990212096711375,-4.413671219822852,-0.9953678333629734,-0.006038660687887191,-0.0012667485826746458
2.43,0.0025061171452627224,1.4482442800181308,-0.99464589999401,-0.5401598423932815,9.247827008942082e-05,-8.909641545104449e-05,-0.01801327578251519,-0.3729998116080115,-0.06635433259606659,-0.02645332905066654,-0.0011466414932808043,-0.00013780586617172306,-0.14132762099378834,5.27410958499183,0.8654861952112017,0.33165917642487486,-0.14017185664583454,0.9370868244190058,-0.09956922071652018,-3.787690761199878,-4.316931749100284,-0.9596599535698611,-0.006666977203470002,-0.0010844474716471101
2.44,0.002316135164827043,1.445006689962858,-0.9951993611903361,-0.5403836545088625,7.963010126211914e-05,-9.011928943842633e-05,-0.01899819804356794,-0.32375900552727044,-0.055346119632620885,-0.022381211558101292,-0.0012848168827301676,-0.00010228739873818492,-0.13247831587442707,5.658040407456965,0.9755032049624248,0.3674698479458769,-0.15175831889307467,0.9608669973600652,-0.10392809539226597,-3.377098026426361,-4.219437773024574,-0.9238348222014792,-0.0072935243093150744,-0.0008976311935282604
2.45,0.0021168233465404126,1.4422912690349898,-0.995633099458136,-0.5405635820009945,6.542124764057835e-05,-9.077903602850526e-05,-0.019931181828663068,-0.2715420927868046,-0.04337382677998562,-0.01799274921320645,-0.0014208853621540788,-6.597465900789261e-05,-0.12400917655556633,5.995824177624591,1.0765614196258908,0.40002382447998386,-0.161946459025897,0.9770282507284859,-0.10810835998601598,-2.9709121818264697,-4.121968449298672,-0.8881999528705997,-0.007917305050276576,-0.0007078426498689176
2.46,0.001908678064140786,1.4401234904883977,-0.9959385411697693,-0.5406968413715133,4.987518615265772e-05,-9.107071189046984e-05,-0.02081452823996265,-0.21677785465920762,-0.030544171163324564,-0.013325937051875111,-0.0015546061487920636,-2.9167586196458433e-05,-0.11594067232926067,6.284512719692849,1.167626478345328,0.4290264989901651,-0.1706905556693094,0.985439189808191,-0.11211846756088453,-2.5727826177079933,-4.025318908296887,-0.8530652064933629,-0.008537092282501043,-0.0005166490910009813
2.47,0.0016921734927168343,1.4385243091928186,-0.9961082678432892,-0.5407810564048471,3.3017864198002506e-05,-9.099241636386899e-05,-0.021650457142395184,-0.15991812955791984,-0.01697266735198849,-0.008421503333377824,-0.001685732195465521,7.829552660085375e-06,-0.1082728302969612,6.521525349879014,1.2477359670461363,0.4542099440735292,-0.17796282268016733,0.986027022846525,-0.11596465753757225,-2.1862996212141494,-3.930295276505678,-0.8187400502480914,-0.00915140228445109,-0.0003256293411960174
2.48,0.0014677636261652984,1.4375099659557098,-0.9961360949693765,-0.5408142823143238,1.487783479493408e-05,-9.054531011115471e-05,-0.022440986655153598,-0.1014343237108877,-0.0027827126087238054,-0.003322590947670862,-0.0018140029403068425,4.4710625271427913e-05,-0.10098603195789671,6.704677581110524,1.3160126534119652,0.4753352557133361,-0.1837529031281217,0.9787782711118491,-0.11965056362132516,-1.8149551226640144,-3.8377091073313974,-0.7855307082306654,-0.009758473172641623,-0.00013636088202228082
2.49,0.0012358853982770907,1.4370918291737587,-0.9960171405644663,-0.5407950263819055,-4.513542697369403e-06,-8.973360884802118e-05,-0.023187822788820766,-0.041813678195111545,0.011895440491019291,0.001925593241830557,-0.0019391377492303484,8.117012631335242e-05,-0.09404229953405634,6.8322074903398216,1.3716772527204015,0.4921947285438186,-0.18806734369815403,0.9637391590779679,-0.12317685314653576,-1.4621041749261994,-3.748371227128716,-0.7537372396638442,-0.010356249090173597,4.959309250467429e-05
2.5,0.0009969627871020893,1.4372762759912727,-0.9957478824075614,-0.5407222647972094,-2.5121846522582486e-05,-8.856455207499705e-05,-0.023892261117500136,0.01844468175141227,0.02692581569049588,0.007276158469609922,-0.002060830382521308,0.00011690567730241345,-0.08738700411733033,6.902799265728041,1.4140604349922972,0.50461384835085,-0.19092906662953785,0.9410156725873713,-0.12654090169070456,-1.1309278413382584,-3.663085024710255,-0.7236505843292391,-0.010942371090334482,0.00023069653404056293
2.5100000000000002,0.0007514117677264753,1.4380646148371514,-0.995326203026535,-0.5405954554345435,-4.690929402285147e-05,-8.704834695422353e-05,-0.02455510193756141,0.07883388458786161,0.042167938102641724,0.012680936266599066,-0.002178744750026899,0.0001516205120773524,-0.08095092847304812,6.915603450292247,1.442613786905218,0.5124530880146985,-0.1923768134644756,0.910773268447898,-0.12973650890579255,-0.8243981548729522,-3.5826392342625275,-0.6955496177902158,-0.01151417555259747,0.0004054531965348272
2.52,0.0004996459675767944,1.4394530508616723,-0.9947514216313377,-0.5404145463456405,-6.983441543133728e-05,-8.51980876928358e-05,-0.02517658001496809,0.1388436024520956,0.05747813951973326,0.018090908890305766,-0.0022925121408485807,0.0001850259261387729,-0.07465262233661757,6.870253409531515,1.4569194533722816,0.5156094927350345,-0.19246449626673579,0.8732362152997956,-0.13275366383679474,-0.5452457793562631,-3.5078002838985785,-0.6696982608569177,-0.012068700837803262,0.0005724189783365013
2.5300000000000002,0.00024208286990668815,1.4414326954015544,-0.9940243123445138,-0.5401799797903803,-9.385171572562545e-05,-8.302965100611434e-05,-0.02575630976701062,0.19796445398820836,0.07271092868237988,0.02345665552600951,-0.002401730029428817,0.00021684366867214628,-0.06840099459383192,6.766877573781904,1.456698203520388,0.5140180391049185,-0.19126036453586176,0.8286865428539091,-0.13557837029855851,-0.29593095281235726,-3.439304304299638,-0.6463426885418582,-0.012602702709763687,0.0007302138400841346
2.54,-2.084959559087076e-05,1.4439896201705655,-0.9931471082512412,-0.5398926916774499,-0.00011891134049123895,-8.05615684376195e-05,-0.02629324654975589,0.2556924769011166,0.0877204093272581,0.028728811293049238,-0.00250596247656135,0.0002468082568494839,-0.062098092281171725,6.6061070420932815,1.4418156936531723,0.5076527506045956,-0.18884588516448275,0.777462574896808,-0.1381925448821582,-0.07861822444837152,-3.3778489132229863,-0.6257086834349402,-0.013112678822296452,0.0008775331935174993
2.5500000000000003,-0.0002887062416336992,1.4471049564084772,-0.9921234909785421,-0.5395541063408584,-0.00014495876115652097,-7.781487650862138e-05,-0.026785664604282847,0.311533623791161,0.1023617272699031,0.03385853365915301,-0.002604742066528202,0.00027466919289981175,-0.05564201896930573,6.389078183489387,1.4122867350466102,0.49652754955832634,-0.1853142413699605,0.7199570210540647,-0.14057400156399194,0.10484458785120587,-3.324084911203574,-0.607999176996397,-0.013594902298079985,0.0010131586625731106
2.56,-0.0005610177628274091,1.4507550387297634,-0.9909585657126635,-0.5391661266356279,-0.000171934493703128,-7.481294585461279e-05,-0.027231152119370983,0.3650082321286181,0.11649252658786599,0.03879797052305613,-0.002697573254660702,0.0003001930654008588,-0.048929943885590764,6.117429933434638,1.3682774162399904,0.48069682287540516,-0.18076838442970533,0.656614603607577,-0.14269653740245705,0.25294289089760325,-3.2786080406455946,-0.593392019766386,-0.01404546411691143,0.0011359681255460538
2.57,-0.0008372840004311389,1.4549115929025986,-0.9896588217707063,-0.5387311193957884,-0.00019977386316617313,-7.158129068223526e-05,-0.027626623760372983,0.41565541728351163,0.12997439419571724,0.043500723983950586,-0.002783936946304513,0.0003231655172377527,-0.04186114829098186,5.7932955576760365,1.3101049767425856,0.46025567645045484,-0.17531861601940565,0.5879291991618922,-0.14453013317160346,0.3645070405391726,-3.241950973792473,-0.5820380179935893,-0.014460323697860263,0.0012449449554730813
2.58,-0.001116967509052063,1.4595419662669185,-0.988232079052892,-0.5382518963589245,-0.00022840682406925192,-6.814736004538556e-05,-0.02796835086209242,0.4630373364319797,0.14267427178142972,0.04792230368640034,-0.0028632960903078788,0.0003433930636849696,-0.03434004835086707,5.4192887414081,1.2382353805271404,0.4353398512637874,-0.16907973310775717,0.5144404810756646,-0.14604128080788653,0.4387191925999443,-3.2145757039434826,-0.5740592697916416,-0.014835366717577647,0.0013391863849333693
2.59,-0.0013994876017010176,1.4646093989769418,-0.9866874209106288,-0.5377316907227252,-0.0002577578445526093,-6.454031259436156e-05,-0.028252009264895444,0.506743271002331,0.1544658142263255,0.05202056361992195,-0.002935102048335735,0.00036070474510240127,-0.026279125908386144,4.998483957511892,1.153278591832037,0.4061252736123322,-0.16216782408533992,0.4367300575635732,-0.1471934461425082,0.4751152943057759,-3.1968665180263462,-0.5695478287620139,-0.015166468873477185,0.001417910930873496
2.6,-0.0016842150464727603,1.4700733337386105,-0.9850351141679515,-0.537174129559031,-0.00028774585950210827,-6.079077659617827e-05,-0.028472744477174274,0.5463934761668656,0.1652306742677267,0.05575611636942341,-0.002998801494949901,0.00037495359981832877,-0.017601692308859728,4.53439117155966,1.0559816111225813,0.3728272127608925,-0.15469685597120572,0.35541711212926097,-0.14794767058977137,0.4735823467910034,-3.189123726669907,-0.5685647172110131,-0.015449563995330411,0.0014804648245452983
2.61,-0.001970467581231865,1.4758897612163089,-0.9832865172251475,-0.5365832023684401,-0.00031828429561106444,-5.693059715683267e-05,-0.028625253475910488,0.5816427477698403,0.17485969428040932,0.059092719059080506,-0.003053843610895617,0.00038601794393455986,-0.008244407658347197,4.030925050980601,0.9472193838859695,0.33569902209328717,-0.14677523081661498,0.2711535670086774,-0.14826330943511717,0.43435118010235074,-3.191558319889049,-0.5711393047833067,-0.015680714652528033,0.0015263274009312154
2.62,-0.002257506401483029,1.4820115978165034,-0.9814539773488357,-0.5359632261123652,-0.00034928116912138574,-5.299257269615561e-05,-0.02870388202511636,0.6121836600194592,0.18325398763118342,0.061997625607491884,-0.003099687351032132,0.00039380244606770584,0.0018405200289368841,3.492368958440896,0.8279837475945515,0.2950304447007266,-0.138502509430956,0.1846188056673051,-0.1480988974332523,0.3579850829313602,-3.2042877022801273,-0.5772690616870169,-0.015856183216764297,0.0015551154109036543
2.63,-0.002544533760724439,1.4883890921289316,-0.9795507184081642,-0.5353188071082474,-0.0003806392550810856,-4.901018283148278e-05,-0.028702735924140996,0.6377494312428112,0.19032589406714465,0.06444190041178272,-0.0031358085959699864,0.0003982389864672829,0.012683523888610876,2.9233341218940083,0.6993706310169587,0.2511454713072343,-0.12996649965440676,0.09651400589056669,-0.1474131250359979,0.24536471637483004,-3.2273326413901606,-0.5869196888511743,-0.015972501238920578,0.0015665862276759137
2.64,-0.002830691801981203,1.4949702559284728,-0.9775907204483152,-0.5346548002163025,-0.00041225632537745393,-4.501730991600224e-05,-0.02861580412567639,0.658116379954116,0.19599979598490658,0.06640068919448504,-0.003161707029636833,0.0003992872915480544,0.024296311042243435,2.328714482405947,0.5625657634756787,0.20439974747372336,-0.12124088499537153,0.007556149283061142,-0.14616590126875742,0.09766981120352503,-3.2606155371178005,-0.6000256204904528,-0.016026534998098974,0.0015606399267902237
2.65,-0.0031150627141908792,1.5017013153217837,-0.9755885925969673,-0.533976265781631,-0.0004440254515839157,-4.104795654950728e-05,-0.028437091220967634,0.6731059393310989,0.200212785134793,0.06785344346714466,-0.003176912620646172,0.00039693533664949567,0.03667097822809546,1.7136378220720938,0.41882918821264276,0.15517753776325804,-0.11238353073103458,-0.08152821522163156,-0.1443194726621353,-0.08364180096879448,-3.303960089368571,-0.6164908878088411,-0.01601554518788511,0.0015373202259819406
2.66,-0.0033966702782924625,1.5085271773698923,-0.9735594408742866,-0.5332884248229071,-0.00047583536779132406,-3.7135961431672843e-05,-0.028160756410158343,0.6825862048108639,0.20291517226806638,0.06878409587239752,-0.003180991620740838,0.0003911995117834435,0.04977963017934535,1.0834138644132816,0.26947890242898864,0.10388826661528539,-0.10343555383073753,-0.17000936793871502,-0.14183956231039904,-0.2968572420708586,-3.357092406731069,-0.6361903261052047,-0.01593723892040752,0.001496814277874466
2.67,-0.0036744828361638315,1.5153919073374245,-0.9715187325207407,-0.5325966129774895,-0.0005075708880558775,-3.331471595935797e-05,-0.02778125578713691,0.6864729967532144,0.20407083535458143,0.06918118454175846,-0.003173552026455341,0.0003821245472314876,0.06357450085793598,0.4434801150058531,0.11587396576977266,0.050962668493448327,-0.09442118672164951,-0.2571608849660132,-0.1386964895868545,-0.5400331380952674,-3.4196435619055023,-0.6589711014979287,-0.015789812544668255,0.0014394513147873247
2.68,-0.00394741768208054,1.5222392116153922,-0.9694821584688078,-0.5319062337222255,-0.0005391133728440117,-2.9616883978616464e-05,-0.027293484591670917,0.6847304277967712,0.20365740519329462,0.06903792552640672,-0.0031542484788134218,0.0003697831980741506,0.07798855867507228,-0.2006537324626083,-0.04060257172597091,-0.003151407282660501,-0.08534840946819833,-0.34226608448234963,-0.13486622967946654,-0.8110210882760649,-3.4911535614188853,-0.6846545280066305,-0.01557198417550125,0.0013657001512209245
2.69,-0.0042143468423723246,1.5290129213399006,-0.9674654955646568,-0.5312227113892526,-0.0005703412388371161,-2.607412708828471e-05,-0.026692916029178396,0.6773709724508488,0.2016662904151066,0.06835223329728546,-0.0031227865993104526,0.0003542756890331752,0.09293656008039994,-0.84346196272567,-0.19856057235795835,-0.057993479339191634,-0.0762102760289925,-0.4246243663850436,-0.1303313731175264,-1.1074935067766507,-3.5710766593260876,-0.7130381409523796,-0.01528301528918154,0.0012761655560764714
2.7,-0.004474104175702668,1.535657471783991,-0.9654844700952371,-0.5305514444868359,-0.0006011305066190694,-2.271683785488032e-05,-0.025975733333034382,0.6644550444090382,0.19810254694196797,0.06712669024167135,-0.00307892677819532,0.0003357289233404391,0.10831650232805347,-1.4794587019228158,-0.35661920595927943,-0.113095136158476,-0.06698682203935336,-0.5035573657159407,-0.1250819488309782,-1.426969339200992,-3.658787908673096,-0.7438979886894688,-0.014922721230995192,0.0011715835136235568
2.71,-0.00472549369510107,1.5421183727321717,-0.9635546240969752,-0.5298977598170516,-0.0006313553810516305,-1.957388323823034e-05,-0.025138951939840243,0.6460900948180709,0.19298459982617985,0.06536846697843281,-0.003022487443256112,0.00031429546166499803,0.12401141633552691,-2.1032526105632146,-0.5134225211532826,-0.1679848796658634,-0.057647416381440275,-0.5784148493888959,-0.11911607979325942,-1.76683921885214,-3.7535908119793353,-0.7769911016716525,-0.014491470965353938,0.0010528153998358367
2.72,-0.004967298984610471,1.5483426652528756,-0.9616911858173361,-0.5292668678555867,-0.0006608888594958711,-1.667236044434241e-05,-0.024180528950940056,0.6224292520703913,0.1863438279639123,0.0630891961464819,-0.0029533478444240574,0.00029015227938879314,0.13989143444627378,-2.709599573653152,-0.6676539075627955,-0.2221930267765373,-0.048153407191566466,-0.648580295978716,-0.11244044753003692,-2.1243897009351396,-3.8547259042280224,-0.8120580958737762,-0.01399017684633373,0.0009208411090914962
2.73,-0.005198293559051074,1.5542793605569372,-0.9599089455735191,-0.528663819824933,-0.0006896033634188199,-1.4037367317527285e-05,-0.023099457444060372,0.5936695304061683,0.1782240243817013,0.06030480306536675,-0.0028714503922948847,0.0002634993126815123,0.15581606538351195,-3.2934526120013965,-0.8180492035625212,-0.27525658183997415,-0.03846091391861328,-0.7134761088352635,-0.10507055016792553,-2.496826293045139,-3.9613800799649312,-0.8488258666993701,-0.013420275564745135,0.000776751175392749
2.74,-0.005417251995588248,1.55987985696221,-0.958222138107801,-0.5280934668519185,-0.0007173713892988626,-1.1691789259004686e-05,-0.021895843653717335,0.5600496405273017,0.16868074657181037,0.05703529730146091,-0.002776802588004279,0.00023455780585225985,0.17163660932856617,-3.8500083168464254,-0.963408250852674,-0.32672399281035247,-0.02852362849464163,-0.7725684227787317,-0.09703074760373359,-2.8812950834211133,-4.072696460940108,-0.887010329738088,-0.012783701711846824,0.0006217379420997291
2.75,-0.005622961650912984,1.5650983313661047,-0.9566443323812451,-0.5275604215551206,-0.0007440661750854854,-9.65610451577244e-06,-0.020570965532473666,0.5218474403894476,0.15778057265558573,0.05330452967978651,-0.0026694785786622777,0.00020356847432322458,0.18719864934869,-4.374749206555704,-1.1026047490876194,-0.3761597071344802,-0.018295507869199645,-0.8253714735753426,-0.08835409613782516,-3.2749028508426536,-4.187784592797713,-0.926319166089663,-0.012082855572738863,0.00045708584449332616
2.7600000000000002,-0.005814234768029913,1.5698921020484273,-0.9551883295816955,-0.5270690223586495,-0.0007695623787608683,-7.948209523184714e-06,-0.01912731171169288,0.4793770682322727,0.14560027995495983,0.04913991964710767,-0.002549620367538281,0.00017078949925877272,0.2023445607798779,-4.863481515548592,-1.2345943190898097,-0.4231484496302045,-0.007733264172626542,-0.8714515069781887,-0.07908198293304282,-3.674735618283526,-4.305730758784007,-0.9664545323996991,-0.011320566817282529,0.00028416087998338595
2.77,-0.005989920771792145,1.5742219600750176,-0.9538660699532759,-0.526623300777559,-0.0007937367657811876,-6.583265809394183e-06,-0.017568600376223268,0.43298580265902264,0.1322259628419549,0.04457215810904175,-0.002417438702031929,0.00013649437137905308,0.21691598709609797,-5.31236804746002,-1.3584207397210353,-0.46729915375314235,0.0032014151534776047,-0.910430210261869,-0.06926357744659227,-4.077875683576026,-4.425608205104701,-1.0071156991732757,-0.010500055696292851,0.00010439935110281482
2.7800000000000002,-0.006148918552107733,1.5780524670365657,-0.952688548888029,-0.5262269518682492,-0.0008164689023374795,-5.57356978157019e-06,-0.015899778031558797,0.3830506961548158,0.11775210652469843,0.03963489093098101,-0.002273213655629191,0.00010096960278239925,0.230756238762815,-5.717955852113546,-1.473220379164454,-0.5082484890975323,0.014539959145837278,-0.9419876539758397,-0.05895512220577798,-4.481417222036529,-4.546487085886261,-1.0480015852220097,-0.00962489318854343,-8.070402381782165e-05
2.79,-0.00629018853768415,1.5813522173251127,-0.9516657425605772,-0.5258833079861099,-0.0008376418514657041,-4.928446514645013e-06,-0.014126998557641636,0.3299750288547083,0.10228063274517676,0.03436438821392886,-0.0021172949128224657,6.451232669251773e-05,0.24371258011730595,-6.077198614159046,-1.5782248941142454,-0.5456639411912718,0.026305335268895336,-0.965864735294892,-0.04821908880480576,-4.882480606562146,-4.667443954853437,-1.0888131611009024,-0.00869896130062483,-0.00026960852860510273
2.8000000000000003,-0.006412764370669536,1.584094063612079,-0.9508065432380273,-0.5255953159436906,-0.0008571428690509352,-4.6541684552958075e-06,-0.012257583298538604,0.2741846286966394,0.08591993225500089,0.028799204241935918,-0.0019501017585231162,2.742780593492052e-05,0.2556383780164946,-6.387473765382799,-1.6727623182708622,-0.5792464139147029,0.03851079951040548,-0.9818651171440633,-0.037123226807750244,-5.27822562910346,-4.787570654763818,-1.1292556999159848,-0.0077264144234273895,-0.00046074028465260483
2.81,-0.006515764002917905,1.586255304636269,-0.950118704263408,-0.5253655176170633,-0.0008748640967096719,-4.7538997389436735e-06,-0.010299963224836827,0.21612410241900581,0.06878389746192115,0.02297983266272455,-0.0017721227658736628,-9.973128364786636e-06,0.2663950944492399,-6.646594448185245,-1.7562567029206728,-0.6087323395294355,0.05115895649554014,-0.9898566595213313,-0.025739533522147206,-5.665863833256932,-4.905982483109634,-1.1690408597247868,-0.006711642325473613,-0.0006525053867290209
2.82,-0.006598400047158719,1.5878178348294585,-0.9496087945946631,-0.5251960340067967,-0.0008907032483955796,-5.227666597695656e-06,-0.008263604424081349,0.15625301931895147,0.05099096687449553,0.016948361026654143,-0.001583915168590768,-4.7376685875198245e-05,0.27585411314926145,-6.852816560593046,-1.828226505909773,-0.633895295572092,0.06424109982337822,-0.9897723414110863,-0.014143171642842787,-6.0426701811833485,-5.021825542288788,-1.2078885876903502,-0.005659235044190207,-0.0008433032180551846
2.83,-0.006659989230430971,1.5887682556937794,-0.9492821626847002,-0.5250885527238571,-0.0009045642873562339,-6.072354114261026e-06,-0.006158918327225258,0.09504208643209736,0.03266319099628189,0.010748128293955437,-0.0013861038960654366,-8.446875165653699e-05,0.28389839711464226,-7.004841200224007,-1.888281950004566,-0.6545471411503776,0.0777367955698578,-0.9816106736213669,-0.0024113599094205676,-6.405994279800281,-5.134283213027383,-1.245528841966246,-0.0045739496487251785,-0.001031539821376777
2.84,-0.006699960812167893,1.5890979491937895,-0.9491429094125035,-0.525044318840349,-0.0009163580897712078,-7.281729352756046e-06,-0.003997158173692197,0.03296935000102051,0.013925327219682291,0.004423388350814202,-0.001179380241497389,-0.00012093752384950201,0.29042397951197924,-7.1018128935466915,-1.9361215869157906,-0.6705386968576441,0.09161366878055732,-0.9654356049554559,0.009377740453903768,-6.753271382243355,-5.2425817200292375,-1.2817031327746626,-0.0034606786147343364,-0.0012156412025716191
2.85,-0.006717863844826256,1.5888031137332919,-0.9491938697212096,-0.5250641290205791,-0.0009260030910264828,-8.84649067371061e-06,-0.001790303265836274,-0.029483546049773254,-0.005096030870613097,-0.0019810180230083246,-0.0009645001255275012,-0.00015647613209545622,0.2953412944296268,-7.143314046213586,-1.9715283089779996,-0.6817600021522594,0.10582735336927174,-0.9413759264572743,0.021146123290364777,-7.082033362223722,-5.345994787475369,-1.316165889100539,-0.0023244193891399528,-0.0013940664450446227
2.86,-0.006713373170623527,1.5878847635509037,-0.9494366025859136,-0.5251483288295136,-0.0009334259101310879,-1.0754342819162746e-05,0.0004490674202728708,-0.09183501823882464,-0.024273286470398038,-0.008419980893443963,-0.0007422819104605087,-0.0001907852145452137,0.29857635611067945,-7.129356079813046,-1.9943650468685177,-0.6881401912901346,0.12032156964189644,-0.9096241810843123,0.03281700125245406,-7.3899198325600715,-5.443847408106938,-1.3486856616971543,-0.0011702446405656472,-0.001565320516655227
2.87,-0.00668629406361752,1.5863486925890578,-0.9498713889205616,-0.5252968131030841,-0.0009385619472679199,-1.2990097136049878e-05,0.002707910700600763,-0.15360709618459378,-0.043478633464804725,-0.014848427357050673,-0.0005136037136831973,-0.00022357543168871329,0.30007179548326357,-7.0603677305962895,-2.0045703794112137,-0.6896470335927241,0.1350283001382544,-0.8704350890362289,0.04431582003130889,-7.674689546316637,-5.535518772405563,-1.379046176550334,-3.2726909622399306e-06,-0.001727966656014178
2.88,-0.006636565442043075,1.584205404070109,-0.9504972370377309,-0.5255090292575664,-0.0009413559489065503,-1.553579609368486e-05,0.004972862157444418,-0.2143288518948682,-0.06258481171693289,-0.021221615448233103,-0.0002794001638630395,-0.00025456989576349816,0.29978776094918036,-6.9371809779338465,-2.0021542613583088,-0.6862861858855247,0.14986804307686907,-0.8241235020372125,0.05557120904391172,-7.934232181100124,-5.620444423260638,-1.4070472554843925,0.0011713622991986485,-0.0018806382314660633
2.89,-0.00656426159167216,1.5814700071534729,-0.9513118952948899,-0.5257839834127871,-0.0009417625343132251,-1.8370861045381956e-05,0.007230385037091493,-0.27353969166362574,-0.0814658257158967,-0.02749541552206896,-4.065854066748011e-05,-0.0002835064951697096,0.2977026865416259,-6.761015046441729,-1.987194048205012,-0.6781002045511215,0.16475013283811513,-0.7710619030014754,0.06651585578754493,-8.166580565545862,-5.698117716129655,-1.4325056221564791,0.002348540677155708,-0.0020220499737051826
2.9,-0.006469592357285536,1.5781620821533011,-0.9523118715929567,-0.5261202492054521,-0.0009397466767020575,-2.1472261986676142e-05,0.00946692343866242,-0.33079250001717325,-0.09999762980668518,-0.03362657926650095,0.0002015857611167589,-0.00031014009412941854,0.29381392489969793,-6.533458888417974,-1.9598309649096253,-0.6651673619359606,0.17957312805192926,-0.7116774705876989,0.07708729196034998,-8.369923363139478,-5.768090674912011,-1.4552556122596552,0.003523188268431308,-0.0021510084915123476
2.91,-0.006352901776532896,1.5743055158720523,-0.9534924594343726,-0.5265159791735595,-0.0009352841317201181,-2.4814707874439776e-05,0.011669058075263996,-0.38565662812488627,-0.11805878414157955,-0.03957299681073878,0.0004462544981939427,-0.0003342445887763636,0.28813823535591265,-6.256452505299894,-1.9202671292702655,-0.647600307236285,0.1942252793461583,-0.6464487309930521,0.08722858013890114,-8.542618183435378,-5.82997433961803,-1.4751498063581072,0.004690307843050516,-0.0022664219893048457
2.92,-0.006214665148961736,1.5699283086569338,-0.9548477702950322,-0.5269689185997141,-0.0009283618054949667,-2.8370855893942228e-05,0.013823662757116054,-0.4377207215118467,-0.13553108606596567,-0.04529394261545576,0.000692232622515137,-0.0003556148019502452,0.2807121092679048,-5.932267411313388,-1.8687632021113032,-0.6255446058723386,0.20858509997688146,-0.5759018218316152,0.09688889049409476,-8.683205045494049,-5.883438703636271,-1.492059602463851,0.005845010719433693,-0.0023673091148249496
2.93,-0.006055484553253169,1.5650623548194285,-0.9563707721137761,-0.5274764217092326,-0.0009189780541513659,-3.211153789596141e-05,0.015918059570856652,-0.4865953837505359,-0.15230018187438504,-0.050750310951852354,0.0009383751343600799,-0.0003740682002019187,0.27159190617264706,-5.5634864823837065,-1.8056366967899076,-0.5991771841944882,0.22252207263287005,-0.5006063949411108,0.10602395792460889,-8.790420073918604,-5.928212336330094,-1.50587574331671,0.006982547933234601,-0.002452806875127172
2.94,-0.005876082848080974,1.5597431980788101,-0.9580533337512972,-0.5280354701272518,-0.000907142906586045,-3.6006002074962754e-05,0.01794017051721949,-0.5319156740618308,-0.1682561637521148,-0.05590484180192775,0.0011835147565320903,-0.00038944641790013425,0.2608537661687075,-5.15298337161574,-1.731260941212355,-0.5687046986813229,0.23589753381999845,-0.4211711863968612,0.11459641128518357,-8.863209265107376,-5.964081781273935,-1.5165088104570215,0.008098340218975996,-0.0025221775688482042
2.95,-0.005677296216729147,1.5540097637044017,-0.9598862753140092,-0.5286426935067116,-0.000892878202440653,-4.002216782373624e-05,0.019878663135182686,-0.5733434374408494,-0.18329415627119353,-0.0607223379459724,0.001426470414539189,-0.0004016165748773487,0.2485932570264355,-4.70390161191654,-1.646064647800821,-0.5343618410740518,0.24856578245009397,-0.33823928285270094,0.1225759682324756,-8.900742121096053,-5.990890812182569,-1.523889693713083,0.009188005926133615,-0.00257481469236082
2.96,-0.005460065342669884,1.547904069043599,-0.9618594242746631,-0.5292943922452437,-0.0008762176376982988,-4.4126891581466524e-05,0.021723087405926305,-0.6105694660802605,-0.19731489606539437,-0.06516987385321246,0.0016660564742354313,-0.000410472375773028,0.23492470986033154,-4.219633468987385,-1.550532011805387,-0.496409583631209,0.2603754606007198,-0.25248311361060605,0.12993949168373523,-8.902424911469591,-6.008539618039203,-1.5279700408078631,0.010247385931892169,-0.002610247786648911
2.97,-0.005225425332448552,1.5414709141381058,-0.9639616773476885,-0.5299865622129264,-0.0008572067112075402,-4.828624139285316e-05,0.023464001022133196,-0.6433154905493268,-0.21022530730253483,-0.06921699676827553,0.0019010926490758593,-0.0004159349811386637,0.21998019577138508,-3.7037985559589215,-1.4452032269892197,-0.45513336231089063,0.2711712509447721,-0.16459919768204928,0.13667090697860904,-8.867913291121997,-6.0169839766461735,-1.528722687578369,0.011272564628220015,-0.002628146200448927
2.98,-0.0049744945328513476,1.5347575541533884,-0.96618106809117,-0.5307149214139513,-0.0008359025667564455,-5.246577781751284e-05,0.0250930799597204,-0.6713359984717344,-0.22193907434815252,-0.07283592010249294,0.002130414445109475,-0.00041795364246596816,0.20390809863223414,-3.16022217599253,-1.3306752808584108,-0.41084119053833135,0.2807959262776434,-0.07530267474199709,0.14276098245762542,-8.797123973996252,-6.016234462346056,-1.5261420649589486,0.012259886152999177,-0.0026283217532716064
2.99,-0.004708462420502091,1.5278133553792888,-0.9685048402073804,-0.5314749385030464,-0.000812373727105889,-5.663083877338954e-05,0.026603211234925695,-0.6944198774099719,-0.23237721162104297,-0.07600170890951405,0.0023528839650556552,-0.00041650609558767056,0.1868712469468784,-2.592913322437358,-1.2076028699300416,-0.36386169260535617,0.28909277140837575,0.014678351406182177,0.14820698014234454,-8.690245141237316,-6.006355719500815,-1.520244574571998,0.013205965198921511,-0.002610730289279772
3.0,-0.0044285767724595755,1.5206894366053252,-0.9709195264986974,-0.5322618630716955,-0.0007866997186456693,-6.074682586705556e-05,0.02798856480425156,-0.7123918773963558,-0.24146862913169792,-0.07869245686491261,0.002567400846021963,-0.0004115987093666018,0.16904458100633615,-2.006042238451952,-1.0766992595766576,-0.3145420437931765,0.2959083763921694,0.1046086280860636,0.1530121872716456,-8.547745247346004,-5.987465818938701,-1.511068920659706,0.014107691958548284,-0.002575472119637449
3.0100000000000002,-0.004136130354475661,1.5134382977339023,-0.9734110334049494,-0.5330707576096527,-0.0007589705880245654,-6.477948975911015e-05,0.02924464179839146,-0.7251138871422831,-0.2491506906252039,-0.08088945379572227,0.0027729130621103907,-0.00040326638920545947,0.15061235052046837,-1.403917419846805,-0.9387369031089112,-0.26324580416368004,0.3010957732642552,0.19375169798362452,0.15718534332112746,-8.370379880826633,-5.959735700396784,-1.498676382336851,0.014962231032573022,-0.0025227913569043888
3.02,-0.003832447387515795,1.5061134375688978,-0.9759647310017293,-0.5338965310339983,-0.0007292863151505788,-6.869521213541856e-05,0.030368296695986542,-0.7324860165004432,-0.2553697596779965,-0.08257734243455495,0.002968427287398663,-0.0003915722376308412,0.13176486214885239,-0.790961936436052,-0.794547631238197,-0.21035063451323133,0.30451785744039084,0.2813759404487916,0.16073998050081545,-8.159196337331021,-5.923388690362729,-1.4831510068967493,0.0157670144199745,-0.0024530741504284934
3.0300000000000002,-0.0035188700710299782,1.4987689628054919,-0.9785655482775314,-0.5347339736612001,-0.0006977561302409745,-7.24612819050687e-05,0.03135773164858169,-0.7344474763406021,-0.2600817275802071,-0.0837442627201907,0.0031530184909604312,-0.00037660697696501413,0.11269482486768803,-0.1716889482722697,-0.64502222598087,-0.1562458861242515,0.30605100196288365,0.3667606742823041,0.16369369830733055,-7.915535574177102,-5.878700071958533,-1.464599702296757,0.01651972900020282,-0.0023668458366405106
3.04,-0.0031967454514479597,1.4914591903483365,-0.9811980734318125,-0.535577793477676,-0.0006644977459610399,-7.604616332320247e-05,0.032212461958201856,-0.7309772457155352,-0.2632525154281113,-0.08438198164758581,0.0033258384279934603,-0.00035848814181337627,0.09359337220400696,0.4493236966025347,-0.49110920240278555,-0.10133006048842069,0.305588740760261,0.44920228111618676,0.16606739427720887,-7.641031235980158,-5.825996671869076,-1.4431522051068009,0.017218299185657676,-0.0022647670228762343
3.0500000000000003,-0.00286741292485919,1.4842382451971212,-0.9838466588478884,-0.5364226535416675,-0.0006296365189266838,-7.941975383986762e-05,0.032933252658877,-0.7220945151215342,-0.26485854160757866,-0.08448600639914966,0.003486122703435609,-0.00033735905166651543,0.07464587170095553,1.0674598774074937,-0.333812637197695,-0.04600814071128334,0.303045369614849,0.5280203016066785,0.16788447351459262,-7.337605472393774,-5.7656564190124735,-1.418960899224723,0.01786086564683273,-0.00214762862806141
3.06,-0.0025321926526646827,1.4771596562583993,-0.9864955302960752,-0.5372632103244513,-0.0005933045577351224,-8.255362960225284e-05,0.033522027219450724,-0.7078588938722002,-0.26488714481868714,-0.0840556782783834,0.003633196119156136,-0.0003133875762385219,0.05602766068556479,1.6780926967219894,-0.17418890462647368,0.009311197462613663,0.29835929441122855,0.6025634485301603,0.16917005882441982,-7.007461310770058,-5.698107820854771,-1.392200460622851,0.018445761176723523,-0.0020163459085131602
3.0700000000000003,-0.002192375147605417,1.4702759525666906,-0.9891288998162533,-0.5380941527727224,-0.0005556397969985068,-8.542127668362598e-05,0.033981750505926556,-0.6883703691708611,-0.2633369520178081,-0.08309424482710444,0.003766476073661563,-0.00028676470813731453,0.03789987035731483,2.2766130916942884,-0.013342207360994007,0.0642184805915944,0.29149594902247383,0.6722154721346035,0.1699502214615641,-6.653071398755197,-5.623829296138262,-1.3630673043415378,0.018971484856070815,-0.0018719515024343035
3.08,-0.0018492122551752466,1.463638262522271,-0.9917310816179938,-0.538910241847191,-0.0005167850583703271,-8.799830627367158e-05,0.03431628924301704,-0.6637690044419596,-0.26021818017405557,-0.08160890744686229,0.003885473862817978,-0.00025770295900455964,0.020405514343694846,2.8584595551485656,0.14758117832370915,0.11830641775733497,0.2824501125972964,0.7364008046447247,0.17025124980247916,-6.277162993916422,-5.543348297450824,-1.3317788119079834,0.019436675704917136,-0.0017155875325479267
3.09,-0.001503909713020576,1.4572959188731684,-0.9942866102238136,-0.5397063502658884,-0.00047688712009506286,-9.026265223685042e-05,0.034530254215467064,-0.6342343649102672,-0.25555286058197507,-0.07961084186973476,0.003989793827526426,-0.00022643459631788382,0.003666020628050596,3.419148917142613,0.30739998754555203,0.17117293971006475,0.271247479284235,0.7945899037438625,0.17009896993629353,-5.882699148537551,-5.457240153630676,-1.298572320320888,0.019840086964476974,-0.0015484968128136839
3.1,-0.001157621420310175,1.451296072279847,-0.9967803599704445,-0.5404775021552575,-0.0004360958160606821,-9.219474962287277e-05,0.0346288292710401,-0.5999846593321595,-0.2493749746630824,-0.07711518893690454,0.004079130403438079,-0.0001932097386022346,-0.012221624459416755,3.9543080897240404,0.4649063872970622,0.22242426588470288,0.2579453718867425,0.8463042103091265,0.16951812858287205,-5.472856116400294,-5.366126560587124,-1.2637038576578987,0.02018056205860947,-0.00137201321227754
3.11,-0.0008114454927010558,1.4456833163977838,-0.9991976648778165,-0.5412189122887173,-0.0003945631836545721,-9.37776928916947e-05,0.03461759276091193,-0.5612755882063094,-0.24173049073720343,-0.07414101334598584,0.004153263240611002,-0.0001582943268821926,-0.027186974968417585,4.4597066275129595,0.6188756962702855,0.2716779649002383,0.24263254169458598,0.8911206347113519,0.16853184521121736,-5.050997092958154,-5.270673649827578,-1.2274466151533425,0.02045701315281339,-0.00118755123674337
3.12,-0.0004664221193842987,1.440499327490485,-1.0015244377993384,-0.5419260245718993,-0.0003524426769714227,-9.499737279069923e-05,0.03450233733167571,-0.5183988907298847,-0.23267729215220567,-0.07071122831819923,0.004212050668314933,-0.0001219679899004536,-0.041187357032508976,4.931289905597092,0.7680773254264749,0.3185659722589964,0.22542805483818457,0.9286754893866661,0.16716113705859134,-4.620642488696531,-5.17158956691245,-1.190089151144282,0.020668403079023522,-0.0009965948969540197
3.13,-0.00012353317993525262,1.4357825216383333,-1.003747287683527,-0.5425945494169967,-0.00030988845824452785,-9.5842590991159e-05,0.03428889394490461,-0.47168058521515355,-0.22228498841884436,-0.0668524845097419,0.004255421872689485,-8.452182004597757e-05,-0.05420816851701237,5.365212665377117,0.9112868184417807,0.3627375287660861,0.20647932445125847,0.9586677934840082,0.16542451818319076,-4.18543702520689,-5.069621497299522,-1.1519333284472748,0.020813731243878204,-0.0008006859401140764
3.14,0.00021629647660379207,1.4315677326321214,-1.0058536337093924,-0.5432204996364095,-0.00026705477600091844,-9.630515175335135e-05,0.03398296565390447,-0.4214789006211968,-0.21063460258653555,-0.06259502194127955,0.0042833682243609405,-4.625607621923456e-05,-0.06626223148593471,5.757872629771778,1.0472988304050093,0.40386200458468124,0.1859594005590027,0.9808618880209136,0.16333767188206078,-3.749114031863569,-4.965552084654548,-1.113291993331348,0.02089202400021501,-0.0006014115296283368
3.15,0.0005521962371119351,1.4278859136295867,-1.0078318150092525,-0.543800224478774,-0.00022409543366923575,-9.637993004493319e-05,0.03358997605081431,-0.36818190025346553,-0.19781812998601161,-0.057972484236443675,0.004295934233168269,-7.477829158184403e-06,-0.07738823271021687,6.105943842915499,1.1749408452081656,0.4416315766902379,0.16406366927032606,0.9950893164390426,0.16091319483910396,-3.3154574050743775,-4.860195196731216,-1.0744864110958718,0.02090232984446391,-0.0004003914656185135
3.16,0.0008833456018400318,1.4247638656046457,-1.009671194665414,-0.5443304414291102,-0.0001811633475250619,-9.606491568681986e-05,0.033114936472809664,-0.31220480249409216,-0.18393796561615597,-0.053021695033632306,0.004293208614417386,3.15014358113327e-05,-0.08764833341832029,6.406409347454837,1.293087398239078,0.47576373160726604,0.14100613456888403,1.0012499446041718,0.15816041121281274,-2.8882617688979875,-4.754391006350714,-1.0358434801292444,0.02084371970813214,-0.00019926504588347872
3.17,0.0012089689528602197,1.422223995528756,-1.0113622566635745,-0.5448082653996388,-0.00013841018827123188,-9.536123324727055e-05,0.03256233510201879,-0.25398700758899073,-0.16910619981604097,-0.047782397052854614,0.004275315925383,7.036824395493073e-05,-0.09712506697487112,6.656592776059861,1.4006745424873221,0.5060035702345935,0.1170154574379928,0.9993123147355502,0.1550852554276298,-2.471291442436594,-4.6490003697679505,-0.9976927529901259,0.020715292535435064,3.2232671031188175e-07
3.18,0.0015283294537957437,1.4202841070891328,-1.0128966945074014,-0.5452312349491094,-9.59860965202066e-05,-9.427313755110066e-05,0.031936050093552416,-0.1939888439623212,-0.1534437843826888,-0.04229695494706326,0.004242409175102529,0.00010880956961698914,-0.10591766934353204,6.854188404034769,1.4967142740758592,0.5321258969951899,0.0923309090821755,0.9893132480025997,0.1516902235322968,-2.0682388730415227,-4.544898501649602,-0.960363299291281,0.020516186272322712,0.00019673267903550488
3.19,0.001840722332776957,1.418957226567415,-1.014267490246476,-0.5455973351864175,-5.4039459214634894e-05,-9.280798481984505e-05,0.031239287898121314,-0.13268805217176022,-0.13707957390743944,-0.03661002373080898,0.00419466373055717,0.00014651527312556107,-0.11413800091978062,6.997289188108745,1.5803086184752502,0.5539370808829425,0.06719836164601872,0.9713567292706139,0.1479743944251849,-1.682683232524427,-4.442967964769295,-0.9241804507596502,0.02024559432299592,0.0003883490289982834
3.2,0.002145467803514163,1.4182514662737578,-1.0154689827438916,-0.5459050170388466,-1.2716731757464388e-05,-9.097617961271143e-05,0.030474547073720604,-0.0705760293657246,-0.12014924974158023,-0.030768185242915816,0.004132272745717051,0.00018318052071336296,-0.12190622023761592,7.084412303687857,1.6506630719213966,0.5712766809056582,0.04186639762044597,0.9456121236597831,0.14393352378656374,-1.3180498941785594,-4.344091013005736,-0.8894624735960013,0.01990278744649183,0.0005735888544055198
3.21,0.002441903874986731,1.4181699276552198,-1.0164969241098416,-0.5461532125963353,2.7837710594309765e-05,-8.879109789881497e-05,0.029643607147256824,-0.00815386185379667,-0.1027941365949895,-0.02481955574887253,0.004055444235177415,0.00021850817138964473,-0.12934636228279092,7.114521690020554,1.7070990943206956,0.5840188324056754,0.01658257600450752,0.912311787535939,0.13956021495647603,-0.9775715099494682,-4.249141347861276,-0.8565172169918417,0.01948714095796024,0.000750917348480068
3.22,0.002729379290089705,1.4187106458747762,-1.0173485233523338,-0.54634134628041,6.748170869145929e-05,-8.626898675886347e-05,0.02874754151029739,0.054071821955643515,-0.08515992424922653,-0.01881336840746392,0.0039643998097149535,0.0002522111139951499,-0.13658195976029938,7.087047120705312,1.7490653603627329,0.5920733935363032,-0.008410142838197632,0.871748145928383,0.13484417201213786,-0.6642513886488977,-4.1589753709411195,-0.8256387892429949,0.018998166960468847,0.0009188603403453538
3.23,0.003007246819179687,1.4198665772905372,-1.0180224764439292,-0.5464693416294095,0.00010607545863779769,-8.342884138834973e-05,0.027786752908998194,0.11559314157609421,-0.06739530915952377,-0.012799534899950137,0.00385937499463384,0.0002840145370513739,-0.14373182801934004,7.001899336406529,1.7761474945703846,0.59538685254482,-0.032876834372108865,0.8242703141058302,0.1297725407029558,-0.3808298374921164,-4.074423036987272,-0.7971043142328953,0.018435551162023837,0.0010760167593677364
3.24,0.003274857117118746,1.4216256308572075,-1.0185189821715561,-0.5465376235397557,0.00014348166833097362,-8.029226025248963e-05,0.026761029793905912,0.1759053566670355,-0.04965057276269798,-0.006828191034612064,0.0037406209693175924,0.0003136581135860107,-0.1509061163973165,6.859480808002091,1.7880760432231293,0.5939429964024185,-0.05659393530053458,0.7702803432032216,0.12433034249428385,-0.12975407102578362,-3.9962784333954797,-0.7711708210927146,0.017799193632645257,0.001221070524209792
3.25,0.0035315533330794848,1.4239707440280494,-1.0188397433219538,-0.5465471158555698,0.00017956574335254376,-7.688327942282967e-05,0.025669621596073854,0.23451131708418183,-0.03207611503976978,-0.0009492315814137991,0.003608407502157016,0.0003408980829659957,-0.15820271256227939,6.660691741869385,1.7847324708306869,0.5877633398112323,-0.0793524710447494,0.7102291685247418,0.1185010055957285,0.08684778494582801,-3.925290231842959,-0.7480723185751755,0.017089252636449448,0.0013528017408952432
3.2600000000000002,0.0037766666416074067,1.426880003261342,-1.0189879529544537,-0.5464992342550569,0.00021419601146476714,-7.322818730329075e-05,0.02451133085279221,0.2909259233292743,-0.014820963249990965,0.004788160051294043,0.0034630268112223377,0.0003655092119538921,-0.16570407289991892,6.406930994557262,1.766153010191557,0.5769073109923113,-0.10096117201464816,0.6446123346222257,0.11226699440930117,0.26718815942288954,-3.862152174865984,-0.7280171031438578,0.01630619044662787,0.0014700970992048827
3.27,0.004009512841438333,1.4303268087373955,-1.0189682657215822,-0.5463958744408125,0.000247243992045484,-6.935532112584589e-05,0.023284619983092607,0.3446805476053426,0.0019687232871557284,0.010335981424440373,0.003304798058071682,0.00038728661774448667,-0.17347454085739342,6.1000916312877305,1.7325302419261461,0.5614721872288975,-0.12124942927121274,0.5739655636784082,0.10561053530934998,0.40983664315208035,-3.807493774095927,-0.7111853460612056,0.01545081983297577,0.0015719593633884811
3.2800000000000002,0.004229390145263572,1.4342800823783635,-1.0187867544119076,-0.546239395701516,0.0002785847138327098,-6.529484675957435e-05,0.02198773038252397,0.3953273640967957,0.01815113096745989,0.015647873929650922,0.0031340721787225826,0.0004060474366271532,-0.1815582053190794,5.7425509408247155,1.6842123303964112,0.5415927694431133,-0.14007000268208958,0.49886022347264947,0.09851443213870051,0.5137315231157586,-3.761871406576696,-0.6977269999729017,0.014524349720051791,0.0016575158615415651
3.29,0.004435578258795812,1.438704517742099,-1.0184508521040396,-0.54603259997323,0.0003080970815285738,-6.107852352836346e-05,0.020618811353223958,0.4424435363735508,0.03359023078679518,0.020679572828609806,0.0029512367695863962,0.00042163232312108996,-0.18997734104260613,5.337154807094038,1.6216998966636589,0.5174407816241562,-0.1573013638192703,0.41989873884282425,0.09096295946129387,0.5781861529491472,-3.725760000417093,-0.6877600597791329,0.013528428367425075,0.0017260258880648005
3.3000000000000003,0.0046273388208679135,1.443560869842428,-1.0179692805309628,-0.5457787065885679,0.00033566428926589276,-5.673945586942785e-05,0.019176056207210194,0.4856352100328982,0.048157157307684426,0.025389338466211095,0.0027567207737318987,0.00043390676589356034,-0.1987314615140082,4.887196433979257,1.5456405640428885,0.48922397825256425,-0.17284953858337904,0.33770997694487603,0.08294281575055992,0.6028901910509488,-3.6995455003809927,-0.6813692061207415,0.0124651823390656,0.001776886945345739
3.31,0.004803917247754978,1.4488062824413206,-1.0173519654552423,-0.5454813229601241,0.00036117427676955185,-5.231183378506446e-05,0.01765784268870648,0.5245412598892469,0.06173150757205474,0.0297383628443831,0.0025509987503659114,0.0004427622084363396,-0.20779700038766344,4.39638952198787,1.4568212662807578,0.4571849415155036,-0.1866493154653759,0.2529446228746153,0.07444411271776552,0.5879058587916917,-3.683518297463598,-0.678604852769465,0.011337249521498683,0.0018096397640520096
3.3200000000000003,0.0049645459945092014,1.454394649873554,-1.0166099400435242,-0.5451444114995878,0.0003845202223088409,-4.783066414222827e-05,0.016062874675422306,0.5588367432233409,0.07420254117179928,0.033691146053632104,0.0023345945539289055,0.0004481169642836192,-0.21712762082075138,3.8688361016199266,1.3561584608352044,0.4215995504425294,-0.1986647059167238,0.16627054965935834,0.06546137137882564,0.5336594847488603,-3.6778677938348165,-0.6794826117815496,0.0101478045306147,0.0018239720559936762
3.33,0.005108449214157578,1.4602770100116031,-1.0157552373989067,-0.5447722531247337,0.00040560106525808817,-4.333149495769369e-05,0.014390321964837695,0.5882360138049033,0.08547026446176186,0.03721583748541927,0.0021080842949247275,0.00044991691845345757,-0.22665513315602898,3.308989335558361,1.24468643859649,0.3827751064765845,-0.20888858159178947,0.07836817656168871,0.05599449074713607,0.4409287031980029,-3.6826782557879594,-0.6839831826374636,0.008900575020292196,0.001819720969107488
3.34,0.005234848762724611,1.4664019645673296,-1.014800773558341,-0.5443694077518939,0.0004243220502502346,-3.885013487026721e-05,0.012639954856703293,0.612495455572638,0.09544638405655256,0.04028453728397978,0.0018720984992146457,0.00044813600874264796,-0.23629098185661757,2.721611707224282,1.1235439652301566,0.34104810448414113,-0.21734146442584412,-0.010074196840437144,0.046049651742399604,0.3108257625107904,-3.6979260828169735,-0.6920526639270785,0.007599847670956317,0.0017968742303622548
3.35,0.005342971465036053,1.4727161225666232,-1.0137602223859488,-0.5439406722105805,0.00044059528448356806,-3.442237004554673e-05,0.010812270231144179,0.6314157999293525,0.10405511723922822,0.04287355413134165,0.001627323423333342,0.0004427764824720482,-0.24592824400642152,2.1117291135882232,0.9939595268012155,0.2967816447990419,-0.22406950284245264,-0.09836509551038321,0.03564011747564891,0.14477746864495034,-3.723478591235422,-0.7036032786207712,0.006250462984176844,0.001755569978840967
3.36,0.005432057524142018,1.479164562531558,-1.012647883889331,-0.5434910360487704,0.0004543402996687706,-3.008368078307333e-05,0.008908605910596404,0.6448439964934788,0.11123384966177768,0.04496361618101947,0.001374501518520258,0.00043386892624734034,-0.2554440657172264,1.4845814720913073,0.8572354823146817,0.2503624903587971,-0.22914172335846095,-0.18581462516558653,0.0247868918422523,-0.05549766165604986,-3.7590943766879676,-0.718514496753764,0.004857798424235276,0.0016960953074333855
3.37,0.005501369927066014,1.4856913086687384,-1.011478547552721,-0.5430256357212917,0.0004654846103136958,-2.5868960100485402e-05,0.006931240292399682,0.6526746137180568,0.11693363366099555,0.04654003274786846,0.0011144310644925206,0.0004214720682587927,-0.2647024507777958,0.8455705318500684,0.714731447346125,0.20219778291330037,-0.2326466945706589,-0.27173928588536855,0.01351920149112961,-0.2880144353062106,-3.8044252825745746,-0.7366345325938668,0.0034277399062137654,0.001618883546968374
3.38,0.005550204672534427,1.4922398161976829,-1.0102673523170382,-0.542549707669244,0.00047396426046524844,-2.181223655460852e-05,0.00488347454684133,0.6548507528944355,0.12111952356828837,0.04759280520476157,0.0008479650151552655,0.00040567235458768825,-0.2735573086767366,0.20020564493220833,0.5678472453492419,0.15271144315082452,-0.23468877469067273,-0.3554668395711343,0.0018747716996432055,-0.5505475960176409,-3.8590199620934444,-0.7577821872003861,0.001966642104113245,0.0015245103407422428
3.39,0.005577901623367242,1.4987534608629651,-1.009029644842305,-0.542068540805148,0.00047972435159256686,-1.794640352548154e-05,0.0027696950832815236,0.6513644665282174,0.12377074747330971,0.048116686409601095,0.000576009112731844,0.0003865833029126979,-0.2818556669674846,-0.445951698310332,0.4180057660909431,0.10234029079831608,-0.23538413144725734,-0.436341216162353,-0.01010012578479951,-0.8406594219734571,-3.9223289817411646,-0.781749001841327,0.00048127851018457506,0.001413688569828048
3.4,0.005583855768140716,1.5051760276601658,-1.00778083766308,-0.5415874289164937,0.00048271954494219217,-1.430295713637513e-05,0.0005954144773474253,0.6422566797200752,0.12488071792250535,0.04811118886543158,0.0002995193349625314,0.00036434463891064114,-0.2894409555080539,-1.0873437372714736,0.2666360638917128,0.051529931568860654,-0.23485672375080568,-0.5137274313568722,-0.02235086572816005,-1.1557277481401362,-3.9937113751948417,-0.8083016831313815,-0.0010212174139080069,0.0012872621999417057
3.41,0.005567528664160044,1.5114521938682104,-1.0065362687939867,-0.5411116234897145,0.00048291453237352437,-1.09117449112501e-05,-0.001632710398067205,0.6276166208044622,0.12445688690931862,0.04758054267791819,1.9498743133216756e-05,0.00033912122251250306,-0.29615627666609645,-1.7184718724510923,0.11515701212128401,0.0007304676450692327,-0.23323441965405878,-0.5870164771477566,-0.03481490586163353,-1.4929739046759134,-4.072442520050286,-0.8371847570844198,-0.0025334183214398443,0.001146199128775067
3.42,0.005528459827033346,1.5175280016171364,-1.0053110642623662,-0.5406462874377747,0.00048028447035299547,-7.800727181332395e-06,-0.003906883712669855,0.6075807748925938,0.12252045316206048,0.04653360519399069,-0.00026300620205289,0.0003111017729917703,-0.30184758515285054,-2.3339508345585984,-0.03503819473266284,-0.04960790346565069,-0.23064539811481355,-0.6556301368587953,-0.0474224590098834,-1.8494901282258627,-4.1577231773334065,-0.868123406624143,-0.004047674396622458,0.0009915831185033136
3.43,0.005466277831270646,1.523351315426491,-1.004120004941518,-0.5401964501881767,0.00047481537242106015,-4.995753145259598e-06,-0.006218199576269907,0.5823313809354747,0.11910593208481962,0.044983724959789036,-0.0005469097931935304,0.00028049740360727965,-0.30636671268479826,-2.92856080200635,-0.1825964332979127,-0.09903933092242667,-0.22721494704561418,-0.7190256693027225,-0.0600973831192397,-2.222266078627622,-4.248689506313529,-0.9008264455272662,-0.005556188083070196,0.000824604901698577
3.44,0.005380710891133523,1.5288722604193388,-1.0029773989345858,-0.5397669645551373,0.0004665044560304842,-2.5203533635379375e-06,-0.00855669401371235,0.5520944992847782,0.11426060069320866,0.04294856330394539,-0.0008310916390575899,0.00024753997817216606,-0.30957418517907204,-3.4972967344619996,-0.32621771983502884,-0.14712671922523235,-0.22306273151176548,-0.7767003025830012,-0.07275826256163986,-2.608214175820354,-4.344423845976577,-0.934989381322664,-0.007051090111359258,0.0006465525503354761
3.45,0.00527159670099203,1.5340436372425597,-1.001896960619985,-0.5393624657809835,0.000455360440178611,-3.9555032906692894e-07,-0.010911419014149363,0.5171376823220829,0.10804383146009051,0.04044987741537891,-0.0011144015851873232,0.00021248030344710086,-0.3113417928283092,-4.035414266034643,-0.46466678261970124,-0.1934460288690545,-0.21830056772070727,-0.8281954769551553,-0.08531964694066388,-3.004193556620857,-4.443966040327264,-0.9702975203456171,-0.008524514933839765,0.00045880119727485043
3.46,0.005138891329078958,1.5388213100967274,-1.0008916973188686,-0.5389873330886968,0.0004414037907168388,1.3603113972630222e-06,-0.013270537191307216,0.4777672854167785,0.10052633011164051,0.03751326922866213,-0.0013956649461772214,0.00017558617263299512,-0.3115548855158649,-4.538471593746934,-0.5967830152357962,-0.2375903966126689,-0.21303070388174294,-0.8731007778020088,-0.09769340855953619,-3.4070325347179358,-4.546325077923223,-1.0064290699244973,-0.009968673896823477,0.0002628021979625316
3.47,0.004982676977009714,1.5431645646883319,-0.9999738043881428,-0.5386456540412505,0.00042466691061705206,2.7317141616704745e-06,-0.015621435206924463,0.43432545916045584,0.0917892930725812,0.03416790474462874,-0.0016736880099786724,0.00013714027644074525,-0.3101143771457655,-5.002366901760709,-0.7214887393764511,-0.27917400809864823,-0.20734458038654657,-0.911057503722943,-0.10979017690468465,-3.8135495262774874,-4.650490816794429,-1.0430581954981937,-0.011375924779021017,6.0071817529327304e-05
3.48,0.004803168438929415,1.5470364333528275,-0.9991545693836438,-0.5383411919553085,0.00040519427280794545,3.706094153898709e-06,-0.017950853808029854,0.3871868664495546,0.08192350044990264,0.030446208594203616,-0.0019472637809106613,9.743799922282346e-05,-0.3069384522420222,-5.423370975416296,-0.8377957575149457,-0.31783566314979694,-0.2013220203702204,-0.9417618204303736,-0.12152080791840952,-4.220572474965945,-4.7554455739183,-1.0798579942305535,-0.012738836671201797,-0.0001478204745176705
3.49,0.0046007181178145205,1.5504039850481033,-0.9984442857818168,-0.5380773565683125,0.00038304249346468095,4.273945338382515e-06,-0.02024503211148949,0.3367551695275799,0.07102836018270481,0.026383538699606836,-0.0022151779343264504,5.6785118448380545e-05,-0.3019639763952891,-5.798154777198412,-0.9448102259290873,-0.353241983732957,-0.1950307879803883,-0.9649674580219538,-0.13279784725732177,-4.624956871593041,-4.860175373130657,-1.1165033512720248,-0.014050249533308497,-0.00035926402284016046
3.5,0.004375819481494247,1.5532385783738318,-0.9978521765987741,-0.5378571781102676,0.0003582803438430951,4.428899602193096e-06,-0.022489863632027388,0.28345933257285827,0.059210918304263754,0.02201784580448514,-0.0024762149621585846,1.5495426381058126e-05,-0.2951476186465162,-6.123811874825117,-1.0417359252589646,-0.3850902257519806,-0.18852644533580598,-0.980487916730673,-0.143536949789871,-5.023602513201989,-4.963680665898859,-1.152673650055737,-0.015303328109975681,-0.0005726192415585929
3.5100000000000002,0.004129108866658413,1.5555160762226874,-0.9973863281066937,-0.5376832848858338,0.00033098869889432636,4.167782533943483e-06,-0.024671061483583424,0.2277497848855459,0.04658484920804745,0.01738932244337501,-0.0027291644948768718,-2.6111706824961233e-05,-0.2864666985864518,-6.39787572544842,-1.12787604742705,-0.4131106679379002,-0.18185243941691853,-0.9881981540000415,-0.15365822181681446,-5.413469183218429,-5.064986364684213,-1.1880553137167071,-0.016491610185377162,-0.0007862300318663242
3.52,0.003861365564904697,1.5572170211054976,-0.9970536337222762,-0.5375578844296762,0.0003012604209773659,3.4906444413861494e-06,-0.026774330175371574,0.17009448828102297,0.033269438441751925,0.01254004561576099,-0.002972827791696045,-6.771380925573338e-05,-0.2759197737389298,-6.61833192545401,-1.2026336529622577,-0.43706856350226886,-0.1750403559317597,-0.9880357333668206,-0.16308745741512673,-5.791591457771455,-5.163151057435211,-1.2223441606811034,-0.01760904939142512,-0.000998436288837094
3.5300000000000002,0.00357351015032954,1.5583267706060733,-0.9968597480328587,-0.537482748259286,0.0002692001770076772,2.4007664083152945e-06,-0.028785541457515725,0.11097495005755792,0.019388568941745572,0.00751361703902059,-0.003206024396968869,-0.00010898780330708546,-0.2635269836424017,-6.783625629084823,-1.2655109804618074,-0.4567656522446981,-0.16811028731904187,-0.9800014229368599,-0.17175724545098947,-6.155092853667538,-5.257275302755572,-1.2552475634705336,-0.01865005293523447,-0.0012075864247345688
3.54,0.00326660103303564,1.558835592806256,-0.9968090508344545,-0.5374592002153006,0.0002349241873453228,9.046413816918149e-07,-0.030690911729389984,0.05088222001827388,0.005069719840426782,0.0023548043985356544,-0.003427598966235439,-0.00014961250266234797,-0.2493301659553125,-6.8926644182863015,-1.3161078093195573,-0.4720412419394435,-0.1610712752531338,-0.9641592381065649,-0.17960792880226784,-6.501199531374201,-5.346508937143908,-1.2864864055870826,-0.019609514676884134,-0.0014120498357522544
3.5500000000000003,0.002941829247141138,1.5587387218727549,-0.9969046209833553,-0.5374881083501539,0.00019855990464702201,-9.880695340653381e-07,-0.03247717858945021,-0.009687093350128281,-0.009557014890086772,-0.002890813485339821,-0.003636428269830081,-0.0001892710915757153,-0.23339275696377104,-6.944816968783991,-1.354119087555849,-0.4827728775279212,-0.1539218031138614,-0.940635929587933,-0.18658840190800052,-6.827253752798689,-5.430057357125361,-1.3157968367814439,-0.02048284397006961,-0.001610229238025484
3.56,0.002600511505515955,1.5580363743113468,-0.9971482198090948,-0.5375698803018727,0.0001602456208013309,-3.2646052183991987e-06,-0.03413177416251831,-0.0702347561408001,-0.024359882573953856,-0.008177195171876695,-0.003831428384569109,-0.00022765356843338605,-0.21579948423477974,-6.939907902295651,-1.3793320385563217,-0.48887662453297054,-0.14665032977863746,-0.9096199237821854,-0.19265673678160575,-7.130727269963057,-5.507186768926355,-1.3429318318711048,-0.021265990587486874,-0.0018005727971475128
3.5700000000000003,0.0022440815767543385,1.5567337266694352,-0.9975402838008709,-0.5377044620709687,0.00012012999996108918,-5.909196580997672e-06,-0.03564299287616164,-0.13026476419115823,-0.03920639917760208,-0.013458176909596494,-0.004011562084024174,-0.0002644591362598473,-0.19665585311913913,-6.878209241656108,-1.3916229540675555,-0.49030699894632335,-0.13923587178046248,-0.8713597282099133,-0.1977806310697641,-7.40923478841246,-5.577228425584758,-1.3676625624079375,-0.02195546590754117,-0.0019815859735226355
3.58,0.0018740800631218241,1.5548408557047544,-0.9980799262606298,-0.5378913401044203,7.837153561786694e-05,-8.90318181723421e-06,-0.03700015136325143,-0.189287096468087,-0.05396424597588787,-0.018687803345165743,-0.004175846434322224,-0.00029939852362365386,-0.17608742177987996,-6.760428895002099,-1.3909538665263521,-0.4870565794830668,-0.1316486554162677,-0.8261618201368244,-0.20193767470020685,-7.660547609980771,-5.63958189523925,-1.389779593768043,-0.022548360361697307,-0.002151843003964248
3.59,0.0014921426817246543,1.5523726422376312,-0.9987649476119634,-0.5381295465812539,3.513792967379935e-05,-1.222514401969197e-05,-0.03819373813971698,-0.24682134671232409,-0.06850213513335969,-0.023820647683359154,-0.004323360594406759,-0.00033219622024577603,-0.15423885195734957,-6.587696588273553,-1.377369272605784,-0.47915533955654865,-0.1238508729124792,-0.7743880418366361,-0.20511543430423734,-7.882607515043452,-5.6937174242232125,-1.409093922563263,-0.023042356957377698,-0.0023099979382730173
3.6,0.001099987175243577,1.5493486400693104,-0.9995918540623145,-0.5384176677886361,-9.39460839066208e-06,-1.5851070144624173e-05,-0.03921555064810773,-0.3024002168320869,-0.0826906450351101,-0.02881212073821733,-0.004453253806446142,-0.0003625926124932201,-0.13127271547161787,-6.361547643973858,-1.3509930528533474,-0.4666697357349108,-0.11579758639596027,-0.7164525311793527,-0.20731135712628634,-8.073540896248527,-5.739177474139816,-1.425437870605807,-0.023435740524745702,-0.002454795148386516
3.61,0.000699399003453154,1.5457929114831201,-1.0005558843338922,-0.5387538554749566,-5.504214382061914e-05,-1.9754530192821657e-05,-0.040058817179042305,-0.35557285861901916,-0.09640302715775545,-0.03361876863205316,-0.004564753542995706,-0.0003903460048197483,-0.10736803031896199,-6.08390497071974,-1.312025700720775,-0.4497015870833607,-0.10743782934124468,-0.6528182214316365,-0.2085324987422953,-8.23167310551441,-5.775577523172174,-1.4386658519891127,-0.023727402209788858,-0.002585079227335926
3.62,0.0002922159924395904,1.5417338309531485,-1.0016510442030724,-0.5391358410663051,-0.00010161388134418911,-2.390687533346467e-05,-0.04071830110135636,-0.4059080529971569,-0.10951598691802378,-0.03819855913484969,-0.004657173752356997,-0.00041523451406430106,-0.08271849604948107,-5.757059585220524,-1.2607419395184392,-0.4283867759441726,-0.09871595653721393,-0.5839929492857343,-0.20879508175876435,-8.355542925311969,-5.802606228535051,-1.4486550292128184,-0.02391683866941536,-0.0026998041959110743
3.63,-0.00011968785527941315,1.5372038587715768,-1.0028701486156872,-0.5395609526341746,-0.00014891311246961877,-2.8277453576546934e-05,-0.04119038477190035,-0.4529972181571693,-0.1219104412614847,-0.04251115678695229,-0.004729923112542966,-0.00043705782430822647,-0.05753039687340444,-5.383649938756084,-1.1974887692375038,-0.40289379585653506,-0.08957328966539657,-0.5105252150567321,-0.20812389583958174,-8.443917025322808,-5.820025049422193,-1.4553058727485937,-0.0240041454294676,-0.002798041936813738
3.64,-0.0005344191601519457,1.5322392863760887,-1.0042048711732574,-0.5400261345042917,-0.00019673824415122475,-3.2833841483565915e-05,-0.04147313048725325,-0.4964572395488068,-0.13347225575701474,-0.04651818701171118,-0.004782513168160599,-0.0004556387907018983,-0.03202014357544915,-4.966640266792434,-1.1226839481785098,-0.37342216681451745,-0.07995009564483291,-0.43299964352447984,-0.20655155289938656,-8.495804217816497,-5.827667428402274,-1.4585426361200136,-0.023990003949163795,-0.002878989779314051
3.65,-0.0009500823193081102,1.526879955218049,-1.005645800809812,-0.5405279693983371,-0.0002448839060000377,-3.754209029640795e-05,-0.04156631591561645,-0.5359331158039834,-0.14409296365546112,-0.05018348940454251,-0.004814566184881293,-0.0004708248812842039,-0.006411432658681408,-4.50929812579183,-1.036814878197153,-0.34020073246489346,-0.06978791853927363,-0.35203219775750894,-0.2041176150002119,-8.510469280776022,-5.825437624424055,-1.4583137555848298,-0.02387566209323695,-0.002941977162098305
3.66,-0.0013647967357319876,1.521168951065414,-1.0071825054975772,-0.5410627030012044,-0.000293142131152944,-4.2366984759708654e-05,-0.04147144164238773,-0.5711004152634829,-0.1536704687765175,-0.05347336028673091,-0.004825822515290631,-0.0004824894463300704,0.01906798617517091,-4.015171228065524,-0.9404378283918743,-0.30348584847234683,-0.05903226295648728,-0.26826520110348373,-0.2008676161884587,-8.487446078127478,-5.813309282935386,-1.454592180015423,-0.023662907935884388,-0.002986471308123557
3.67,-0.0017767138238270327,1.5151522756861757,-1.008803602829963,-0.5416262708456565,-0.0003413036034619876,-4.72723128115213e-05,-0.04119170880950451,-0.6016675379238233,-0.1621097332385847,-0.05635678444520554,-0.004816147230904362,-0.0004905328051812642,0.0441899247721674,-3.488063635902848,-0.8341774012888263,-0.2635594666350869,-0.0476355979294229,-0.18236222397116242,-0.19685200293459734,-8.42654967254471,-5.791323818661644,-1.4473756327420662,-0.02335403709138843,-0.003012081852816439
3.68,-0.0021840334773486516,1.5088784979125167,-1.0104968373297958,-0.5422143274032059,-0.00038915896088049997,-5.2221144220233114e-05,-0.04073196535216189,-0.6273777773658985,-0.16932344998328164,-0.05880565575493696,-0.004785535741851233,-0.0004948831408711817,0.06872972025028909,-2.932011332090687,-0.7187261190265677,-0.22072711565102665,-0.03556061635970559,-0.09500289167086085,-0.1921250206712564,-8.327887099306022,-5.759588674895919,-1.4366868031333995,-0.022951814062039385,-0.003018564375736491
3.69,-0.0025850196778636862,1.502398386146063,-1.0122491643179652,-0.5428222772643254,-0.0004365001419059713,-5.717611615215449e-05,-0.04009862005150344,-0.648011176645367,-0.17523269881693504,-0.060794986111954157,-0.0047341181025471295,-0.0004954971931921371,0.09247048591187382,-2.3512571468359753,-0.594843985507395,-0.1753157770045135,-0.02278364813859124,-0.006877667085477407,-0.18674357585103193,-8.191866450622188,-5.718275510275836,-1.422573461722399,-0.022459428388267734,-0.0030058227956642086
3.7,-0.0029780149231385645,1.4957645244330837,-1.0140468401514517,-0.5434453082823961,-0.0004831217588383218,-6.20997235645603e-05,-0.039299524527487834,-0.663386171297921,-0.17976758334866041,-0.06230310180706569,-0.004662161693235054,-0.0004923607412405804,0.11520755573307923,-1.7502249921670419,-0.4633578646406764,-0.12767165335659314,-0.009298087819706036,0.0813173429150941,-0.1807661036946058,-8.019203909705425,-5.667618350473849,-1.4051084889255647,-0.021880446651134394,-0.0029739105997054344
3.71,-0.003361453166862082,1.489030914316799,-1.0158755185995005,-0.5440784265439845,-0.000528822478617555,-6.695461223452556e-05,-0.03834382437235173,-0.6733610116284628,-0.18286784480486995,-0.06331182615883735,-0.0045700719779233154,-0.00048548886699652694,0.1367529959021582,-1.133493334888971,-0.32516050513625555,-0.07815782716755226,0.004882336191941339,0.1688855156521575,-0.1742514711924787,-7.810928373480262,-5.607911728474053,-1.38438980402207,-0.02121876158791038,-0.0029230308881205754
3.72,-0.0037338709851665094,1.4822525647627687,-1.0177203530725145,-0.5447164930131356,-0.0005734063893434579,-7.170387215697822e-05,-0.03724178183044275,-0.677834955403027,-0.18448344730138982,-0.06380664691511165,-0.00445839107259029,-0.00047492599224526475,0.15694002575265356,-0.5057678285192743,-0.1812090391519132,-0.027151808939316346,0.019720650320856126,0.25513474314691054,-0.16725794290145093,-7.568383312985195,-5.539508823556249,-1.3605401782194564,-0.020478539716654105,-0.002853535227864821
3.73,-0.004093916722181555,1.4754850725523943,-1.0195661043506672,-0.5453542616795453,-0.0006166843284999845,-7.631132897929755e-05,-0.03600457370150464,-0.6767492210374393,-0.18457512781526414,-0.06377686664096816,-0.004327793915652657,-0.00046074568223193255,0.17562716453614075,0.12814697657820223,-0.03252278562273491,0.024957022732152834,0.035154296082783865,0.3393823436978676,-0.15984223372137543,-7.293225541736936,-5.462819596107786,-1.3337069134770607,-0.019664168912210716,-0.002765921318950988
3.74,-0.004440357416175481,1.4687841956477317,-1.0213972533794244,-0.5459864190200688,-0.0006584751476564782,-8.074183108872744e-05,-0.0346440693993926,-0.6700876904662632,-0.18311490287572887,-0.06321573405235494,-0.0041790819156493735,-0.00044305021094298867,0.19270190349367952,0.7633769176188451,0.11981980072273854,0.07777008339930358,0.05109357378741386,0.4209598449719149,-0.15205866836953005,-6.987420594957868,-5.3783089032298435,-1.304061367409453,-0.018780207330050862,-0.002660829488447699
3.75,-0.004772083368582741,1.4622054221460936,-1.0231981186088426,-0.5466076245604916,-0.0006986068882197829,-8.496152993771313e-05,-0.033172595240725945,-0.6578773501638108,-0.18008652294181568,-0.06212055404228083,-0.004013174056330463,-0.0004219698848985684,0.20808369814883165,1.3950085543469168,0.2746851769971821,0.13088233714034025,0.06742106038935569,0.4992176402728428,-0.14395846202893856,-6.65323446665869,-5.286494569044549,-1.2717983041456686,-0.01783133494214751,-0.0025390380369982347
3.7600000000000002,-0.005088110288254944,1.45580353756256,-1.0249529772548638,-0.5472125523004158,-0.0007369178438346471,-8.893815118613598e-05,-0.031602691967220355,-0.6401884583533721,-0.17548586460212318,-0.060492773992412,-0.00383109556148642,-0.0003976621248422847,0.22172608651182846,2.0181205855943225,0.43088987600639117,0.1838851284604477,0.08399215037642482,0.573529528993372,-0.13558913105366543,-6.293221506859454,-5.187945373850905,-1.2371350515422133,-0.01682230874662789,-0.002401457472071569
3.77,-0.005387579019519244,1.4496321932990586,-1.0266461897565051,-0.5477959327391874,-0.000773257487362906,-9.264125426318047e-05,-0.029946873126429976,-0.6171344263501511,-0.16932125016413888,-0.058338043877160975,-0.0036339643528258865,-0.0003703103077044494,0.23361776657531624,2.627816346438028,0.5872068775273316,0.23636907287195186,0.10063680715193446,0.643297158290601,-0.12699403711898927,-5.910208347098761,-5.083278918000909,-1.2003104466724044,-0.0157579224639301,-0.002249123670713296
3.7800000000000002,-0.005669752941233548,1.443743479276094,-1.0282623265958306,-0.5483525952157643,-0.0008074872440003932,-9.6042478009242e-05,-0.02821739217143044,-0.5888714022964708,-0.16161368393255393,-0.05566624765769001,-0.003422975663748721,-0.00034012237460615246,0.24378251098880238,3.219257346647949,0.7423732449954842,0.2879269836170515,0.11716253518572861,0.7079543845103302,-0.11821206323227122,-5.507273797813034,-4.973159309735985,-1.1615835540406243,-0.014642971264909332,-0.0020831900224134504
3.79,-0.005934013200664008,1.4381875038129737,-1.0297862965411946,-0.5488775102511143,-0.0008394810968854701,-9.911577015246736e-05,-0.026426025943046053,-0.5555975463120204,-0.15239699453638783,-0.052491503535005216,-0.003199385288507691,-0.00030732921432253526,0.2522778559634507,3.7876977677532646,0.8950990483412767,0.3381568092563185,0.1333584969180459,0.7669715689947328,-0.10927741591894498,-5.087724744749534,-4.858294621391676,-1.12123214446009,-0.013482221819665493,-0.0019049186099800047
3.8000000000000003,-0.0061798520162558305,1.4330119839396505,-1.0312034752719164,-0.5493658315589879,-0.0008691260172718823,-0.00010183759850590325,-0.02458388155918224,-0.5175519873323181,-0.14171787307217362,-0.04883213078735317,-0.0029644920386412126,-0.0002721828353435901,0.25919257103123905,4.3285197888543365,1.0440775534923663,0.3866645552372425,0.14900061188551494,0.8198598134498092,-0.1002195448986977,-4.655068161490444,-4.739434055496613,-1.079550926912361,-0.012280387735104668,-0.00171567049316419
3.81,-0.00640686434313333,1.4282618494029788,-1.0324998332478525,-0.5498129373705655,-0.0008963222176407823,-0.00010418714193831872,-0.02270123268774998,-0.4750134536671672,-0.12963579759361055,-0.04471058115775375,-0.0027196200368900052,-0.0002349543432415467,0.2646429902350429,4.837269561556949,1.18799661700138,0.4330671622572204,0.16385739882735995,0.8661751255927391,-0.09106316976387639,-4.212979449214255,-4.617364761511335,-1.0368495308659673,-0.011042110282430956,-0.0015168951663854001
3.8200000000000003,-0.006614738241100735,1.4239788636871191,-1.0336620616038033,-0.5502144707013703,-0.0009209832326030022,-0.00010614645937087074,-0.020787389796740555,-0.4282985715859671,-0.11622283559505996,-0.040153333080485756,-0.002466101496221991,-0.0001959317432552012,0.26876835652469466,5.3096936034474,1.3255511816052121,0.4769953153549302,0.17769626431914798,0.9055224876817308,-0.0818284025227274,-3.7652674104637986,-4.492908245419875,-0.9934502423254178,-0.009771944211070019,-0.001310119268366884
3.83,-0.006803244314752292,1.4202012653968936,-1.0346776947797462,-0.5505663781757322,-0.0009430358386551419,-0.00010770063527726743,-0.018850607365155644,-0.3777598290225508,-0.10156331759430383,-0.035190747436187636,-0.002205260605213975,-0.000155417590639668,0.2717253922933569,5.741775328735647,1.4554567266311687,0.5180961599786933,0.1902899114720007,0.9375597807551328,-0.07253095521389033,-3.315836258107955,-4.366916318238978,-0.9496855031355929,-0.008474348400362174,-0.0010969346278628862
3.84,-0.006972224608061118,1.4169634333492056,-1.0355352285467034,-0.5508649470157038,-0.0009624198293801718,-0.00010883790040991952,-0.016898029330882622,-0.32378320476879674,-0.08575337669572528,-0.02985688399715556,-0.0019383990725029862,-0.00011372651326520982,0.27368235375847544,6.12977138544203,1.5764634873463204,0.556035904771857,0.20142254366143408,0.9620014983051983,-0.06318242289048431,-2.8686451508597997,-4.240266535861053,-0.9058951895799118,-0.007153681102223004,-0.000878985735893283
3.85,-0.007121581331869476,1.4142955786766118,-1.0362242320574515,-0.5511068397982918,-0.0009790876671631607,-0.00010954972673104304,-0.014935672380835763,-0.26678546725938185,-0.06890035107481024,-0.024189278258799546,-0.0016667837782988915,-7.118263211235216e-05,0.27481285085847545,6.470247422187567,1.6873712209813094,0.590502294996412,0.2108955709094582,0.9786221670902333,-0.05379063382182662,-2.427665829526852,-4.113857091574767,-0.8624236928651128,-0.005814199556974492,-0.000657956740874602
3.86,-0.007251265783652457,1.4122234671646983,-1.0367354525437058,-0.5512891265876885,-0.0009930040356588951,-0.00010983089578818126,-0.012968445178298104,-0.2072111511913511,-0.05112204862542563,-0.018228678939669646,-0.0013916368495734467,-2.8116905713822646e-05,0.2752897157331392,6.760112865644084,1.787044265489526,0.6212069451334301,0.21853258562206324,0.9872593818519835,-0.044360060470766814,-1.996839000510905,-3.988601134133554,-0.8196168304521114,-0.004460063797116644,-0.0004355580685515575
3.87,-0.007361267787356214,1.410768174917601,-1.0370609112987157,-0.5514093140582812,-0.001004145318952066,-0.00010967954003140411,-0.01100020037037578,-0.14552922470970883,-0.03254587550098692,-0.012018747059268493,-0.0011141283293170886,1.5135575677715455e-05,0.2752791828164301,6.996654253358188,1.8744266113162855,0.6478875237216144,0.22418345113237503,0.9878163562316769,-0.0348922864004194,-1.5800301719753627,-3.865420498317773,-0.7778186231423313,-0.003095344466817913,-0.00021351277345828002
3.88,-0.007451605940227343,1.4099458802711138,-1.0371939896277207,-0.5514653712398531,-0.001012499033569394,-0.00010909715681919817,-0.009033815287112841,-0.08222946464873414,-0.013307832900490639,-0.005605718157186572,-0.0008353714617328073,5.8238321220592985e-05,0.27493560586071136,7.1775666373125455,1.9485566875609786,0.6703097874594341,0.22772742971641002,0.9802638947101405,-0.025386525514159836,-1.1809856908459002,-3.7452388514175587,-0.7373679781421454,-0.0017240344595575456,6.45726746028799e-06
3.89,-0.007522318906781202,1.4097676946485083,-1.0371295035190795,-0.5514557515387054,-0.0010180632383313879,-0.00010808859509822897,-0.007071296655385887,-0.01781856226056125,0.006448610864118482,0.0009619701147660312,-0.000556420476199377,0.00010085617209692052,0.27439688749669733,7.300982552499996,2.00858155272969,0.6882694646013867,0.22907535471506701,0.9646416996263776,-0.015840190757053837,-0.8032897530879186,-3.6289742777012957,-0.6985953228045003,-0.0003500641011379515,0.000222645205653998
3.9,-0.00757345795067335,1.4102395347796202,-1.0368637658860775,-0.5513794107174248,-0.0010208459446619624,-0.00010666201496700186,-0.0051139043892148,0.047184013111200004,0.0265737633002057,0.0076340821280600785,-0.00027827063305746306,0.00014265801312271173,0.27378074174014466,7.365498033153512,2.0537701774021526,0.7015939893078631,0.22817091393081834,0.941058942293884,-0.006249509477848738,-0.4503231637156695,-3.51753134336111,-0.6618192372158297,0.0010226805224140486,0.00043337300125610825
3.91,-0.0076050808460367035,1.4113620383791556,-1.0363946353526938,-0.5512358205515392,-0.0010208645466689844,-0.00010482882054486253,-0.003162289536335322,0.11225035995355667,0.04691305333836093,0.014359016588559908,-1.8602007022063861e-06,0.00018331944221393215,0.2731818554591699,7.370195158223245,2.0835255119240914,0.7101440885716528,0.22499115163489902,0.9096940464929368,0.0033898180096745578,-0.12522460555391657,-3.4117927061449853,-0.627343136123491,0.002390336666277667,0.0006370050176775011
3.92,-0.007617247262945357,1.41313052500699,-1.0357215507045372,-0.5510249779230548,-0.0010181452863680714,-0.000102603566766885,-0.001216641690865316,0.17684866278344602,0.0673084648156721,0.021084262848437146,0.00027192603009129184,0.00022252537779775247,0.27266996628113777,7.314660618184532,2.0973950467454747,0.7138152215926254,0.21954631167737815,0.8707936546086275,0.013081921548923119,0.16914486354986913,-3.312610356275791,-0.5954520517940651,0.003749042237180416,0.0008319613163567346
3.93,-0.007610015678417152,1.4155350034141176,-1.0348455502965803,-0.5507474091583964,-0.0010127227651535126,-0.00010000384091385424,0.0007231584528205395,0.24044784071275938,0.08760004079568853,0.02775687646584106,0.0005422521214558911,0.0002599725853030763,0.2722888349836772,7.198999818130668,2.0950795960980275,0.7125388679264049,0.21187913621458976,0.8246707699033753,0.022830032992927574,0.43023342623716143,-3.2207965975797297,-0.5664095692112487,0.005094912308872843,0.001016730539692051
3.94,-0.007583441825388954,1.4185602262168056,-1.0337692758994625,-0.550404169470995,-0.0010046395083137146,-9.705011986683597e-05,0.0026573853028197584,0.30252228026878436,0.10762743971178473,0.034323968740137545,0.0008083256839797957,0.00029537210470182736,0.2720560613050545,7.0238460679616646,2.0764400668637473,0.7062836556889209,0.20206370920045935,0.7717020915768082,0.03263573666432166,0.6558256562898528,-3.137114899159873,-0.5404549635668306,0.006424016043153218,0.0011898822733406964
3.95,-0.007537578657397116,1.422185792243649,-1.03249696067256,-0.5499968374259496,-0.000993945585296222,-9.376560424956592e-05,0.004586316799183787,0.3625566026843485,0.12723152269024973,0.04073320450453699,0.0010693923017492412,0.00032845156172700427,0.2719636727547603,6.7903644596755095,2.041502013044359,0.695056314881775,0.1902038993583297,0.7123245813315242,0.042498211658390496,0.844064726424707,-3.0622707675371297,-0.5178005873172713,0.007732355384144836,0.0013500787830220658
3.96,-0.00747247777584829,1.4263862963721181,-1.0310344011708334,-0.5495275044049648,-0.0009806982847509825,-9.017603079031343e-05,0.006510088154882654,0.4200504128469159,0.14625595017264925,0.0469333020984872,0.0013247300545239618,0.0003589573459252494,0.2719794045767004,6.500250094356777,1.99045782125545,0.6789024340508334,0.17643142303336923,0.647031320307456,0.052413482898733224,0.9934693103342562,-2.996902805981641,-0.49862955025950706,0.009015847001136477,0.0014960860255216683
3.97,-0.007388192239129969,1.4311315261205415,-1.0293889135192476,-0.5489987591131473,-0.0009649618402656473,-8.630946439840443e-05,0.008428553671832045,0.4745229748423377,0.16454876515858424,0.0528745291817498,0.0015736444485335227,0.00038665663919089973,0.2720485831002646,6.155720397115109,1.9236664230163776,0.6579069916187699,0.16090352140634545,0.5763667327120106,0.06237370155847082,1.1029449431168241,-2.941574140812685,-0.48309373124377486,0.010270308984244964,0.00162678383861164
3.98,-0.0072847806477215,1.4363867036971203,-1.0275692741186033,-0.5484136672341298,-0.0009468072002417913,-8.219607160877583e-05,0.010341159140846976,0.5255177576578735,0.18196394006442468,0.0585091879017602,0.001815464002385602,0.00041133927896286083,0.2720965219673835,5.759501346211397,1.8416504839606556,0.6321946270850525,0.14380023489887295,0.500921266588676,0.07236647883877063,1.1717897390151801,-2.8967644028461366,-0.47131215443488916,0.011491453733905114,0.0017411752199902502
3.99,-0.00716231237640096,1.4421127716392899,-1.0255856454749626,-0.5477757464051786,-0.0009263118335809988,-7.786787719951351e-05,0.012246827132053923,0.5726067942169631,0.19836286436407824,0.06379208289512221,0.0020495366660792436,0.0004328194409262319,0.2720313393654053,5.314807541723394,1.7450910770324137,0.6019296125030777,0.12532126275119082,0.42132563225958153,0.08237429974919133,1.1996945032305617,-2.8628624551075648,-0.4633697566185834,0.012674888322883437,0.0018383946110803314
4.0,-0.00702087380332662,1.448266719615113,-1.0234494879664138,-0.5470889367481763,-0.0009035595617430535,-7.335850593038057e-05,0.014143857307434067,0.6153947975823163,0.2136157508548798,0.06868096570023047,0.002275227183794531,0.0004509371269132945,0.27174710345407493,4.825316147638848,1.6348199046947558,0.5673154819517201,0.10568241662404354,0.3382447045067085,0.09237404504484885,1.1867374105488953,-2.840160054758165,-0.459316565096904,0.013816123348807583,0.0019177151076773783
4.01,-0.006860575366225796,1.4548019494144897,-1.02117345857069,-0.5463575672543192,-0.0008786404072551327,-6.87029114825057e-05,0.016029843710082363,0.6535229799376656,0.22760293957237412,0.07313694938570905,0.00249191544879208,0.00046555944478748646,0.2711272124809963,4.295134856999926,1.5118091925653259,0.5285942766098728,0.08511170944701485,0.2523711951887362,0.10233664945775506,1.1333735526030733,-2.8288466274629,-0.4591672983977393,0.01491059094474008,0.0019785545261408336
4.0200000000000005,-0.0066815592584584535,1.4616686746431633,-1.0187712977702383,-0.5455863183787174,-0.0008516504488129384,-6.393709479810579e-05,0.017901610776734293,0.6866725228673606,0.2402160800451674,0.07712488756017646,0.0026989958442194236,0.0004765816684399917,0.2700479160606704,3.7287641499379767,1.3771594320739307,0.4860453659321138,0.0638451582649946,0.16441919875146505,0.11222692250918732,1.0404197729801359,-2.8290053159870965,-0.46290139450539414,0.015953672191629627,0.0020204802612739264
4.03,-0.006484007562876704,1.4688143511580658,-1.0162577060231994,-0.5447801812545098,-0.0008226916736260732,-5.9097814121805195e-05,0.01975516955817489,0.7145676514902495,0.25135917470388025,0.0806137124207575,0.002895877518686524,0.00048392806763005916,0.26838188545900044,3.131054235933355,1.232085201103153,0.4399838114470356,0.04212241544528306,0.07511770445655042,0.12200355433442214,0.9090353106673237,-2.840610441758707,-0.47046346376148784,0.01694073370338256,0.002043212880471065
4.04,-0.006268150609853274,1.476184133859351,-1.0136482113352885,-0.5439444139833615,-0.0007918718185164983,-5.4222289129440296e-05,0.021585695302343066,0.7369782701285366,0.26094946879108993,0.08357672711482887,0.0030819855109574888,0.00048755249923648975,0.26600174415564654,2.507157190823284,1.0778993375560728,0.39075824888165656,0.020182369859746307,-0.014795842966880413,0.13161932309321164,0.7406988537834422,-2.863526488917638,-0.48176415613907186,0.017867172662623755,0.0020466284083585497
4.05,-0.006034275338314558,1.4837213550926047,-1.010959029585259,-0.5430844954991467,-0.000759304192376913,-4.934790159419209e-05,0.02338752715387158,0.7537221233253593,0.26891817500294607,0.08599184842146848,0.0032567626139585254,0.00048743875352482026,0.26278347585599815,1.8624749120872015,0.9159957799748547,0.33874827624115866,-0.0017411261004209866,-0.10458186685788345,0.14102151288253728,0.5371826642936677,-2.897508685757524,-0.49668142540040183,0.018728469106787902,0.0020307592672085036
4.0600000000000005,-0.005782733435729416,1.4913680196231207,-1.0082069193426964,-0.5422060775332314,-0.0007251074738392985,-4.451189508189239e-05,0.0251541902585142,0.7646664530516086,0.2752110242562827,0.08784179659153125,0.0034196718537614465,0.00048360065122997033,0.25860963550929544,1.2026036187404008,0.7478314203779288,0.2843613497766304,-0.023423248798964735,-0.19350481400218555,0.15015254201933387,0.30052446862090587,-2.9422052195286534,-0.5150621658461458,0.019520243835155108,0.001995793850983444
4.07,-0.005513949035254577,1.4990653109302439,-1.0054090329693457,-0.5413149352322367,-0.0006894054793093077,-3.975107618627195e-05,0.02687844004748389,0.7697291307123152,0.27978863733507225,0.08911423009946395,0.0035701994529990927,0.00047608188956204344,0.25337229939598765,0.5332757107812813,0.5749073363231721,0.22802920561104223,-0.04465177587469471,-0.2808391038135105,0.15895079170614546,0.03299781804831525,-2.9971610786701994,-0.5367241910818834,0.020238319961204884,0.0019420747249733342
4.08,-0.005228425755875749,1.5067541034391712,-1.002582765812987,-0.5404169169919028,-0.0006523268978218802,-3.510151981008665e-05,0.028552327937882743,0.7688792508927381,0.2826267156358533,0.0898018240333983,0.0037078581487427556,0.00046495563761852983,0.2469757023386317,-0.1397001261952696,0.39874978096301905,0.1702038414286512,-0.06523012809565087,-0.3658748456126535,0.16735161514695757,-0.26291839296261577,-3.0618234732544707,-0.5614585185941987,0.020878785899548193,0.0018700954584841645
4.09,-0.004926752884399351,1.5143754752638106,-0.9997456052859244,-0.5395178940733334,-0.0006140049904161073,-3.059828096920403e-05,0.030167287147639856,0.7621371824639323,0.28371605270627753,0.08990229185693563,0.0038321907405772823,0.00045032388408826183,0.23933852280241913,-0.8104996361961685,0.2208913109882087,0.1113531090622677,-0.08497980600162969,-0.4479233077788794,0.17528849791561996,-0.5845706013070289,-3.1355487414805996,-0.5890319190675346,0.021438057472953877,0.0017804961146438343
4.1,-0.004609610516259183,1.521871216078477,-0.9969149815693794,-0.5386237105604514,-0.0005745772528771678,-2.6275115543960875e-05,0.031714236814016764,0.7495740814666605,0.2830623716544951,0.08941835128819378,0.003942773753893954,0.00043231654252431554,0.23039578934089136,-1.47334356732585,0.0428524226296951,0.05195598412394897,-0.10374218669027002,-0.5263221287647353,0.18269433254020587,-0.9291608527347006,-3.2176106092313317,-0.6191896854031562,0.021912936862377233,0.0016740574386807131
4.11,-0.004277773494766256,1.529184324867168,-0.9941081216023692,-0.5377401342001553,-0.0005341850417276212,-2.2164212325832057e-05,0.03318370214929269,0.7313108788690801,0.2806859967010223,0.08835763602961094,0.004039221114954658,0.00041109032181288176,0.22010039389371774,-2.122557145302412,-0.13387595455080847,-0.007502407890823015,-0.12137968499032792,-0.600440262935994,0.18950276448656056,-1.293776168662537,-3.3072096327441067,-0.6516585734331564,0.02230066629933443,0.0015516938034558926
4.12,-0.003932114014894029,1.5362594925132056,-0.9913419079018179,-0.5368728086399948,-0.0004929731642573242,-1.829593860838167e-05,0.03456594798722273,0.7075167646037686,0.27662137005513143,0.0867325560160519,0.004121187747029702,0.0003868273717450385,0.2084242084218853,-2.752627512494855,-0.3078487869708521,-0.06653591911201495,-0.1377763173771509,-0.6696826543285271,0.19564956345169437,-1.6754165775921166,-3.4034836229431766,-0.6861498644509918,0.022598974701372725,0.0014144449879642934
4.13,-0.0035736027870412997,1.5430435644831872,-0.9886327436234229,-0.5360272075429898,-0.00045108943415573264,-1.4698601450550692e-05,0.03585112278527296,0.678407196998161,0.2709164278394976,0.08456010970049212,0.004188373010159155,0.00035973371578309793,0.19535881101639774,-3.3582582519822437,-0.47768181019636485,-0.12466256344392157,-0.15283773369114384,-0.7334946293694669,0.20107397332571866,-2.0710214834575633,-3.5055188252909257,-0.722362498979445,0.022806115852909845,0.0012634668803038008
4.14,-0.0032033086874402946,1.5494859792192195,-0.9859964251145519,-0.5352085910165894,-0.0004086841949516921,-1.1398226598758275e-05,0.037029409960100526,0.6442414736032246,0.2636318508871063,0.08186165264004873,0.004240523920404057,0.00033003748517924176,0.18091583583172477,-3.934420193891089,-0.6420647145357459,-0.18140965715338453,-0.16649079965029734,-0.7913659961812187,0.20571999630691296,-2.477494143636986,-3.612361612182296,-0.7599862317121138,0.02292089720214802,0.0011000212106138624
4.15,-0.0028223968539379373,1.5555391782723316,-0.9834480230361898,-0.5344219647440066,-0.0003659098139753621,-8.418356893473795e-06,0.03809118335023573,0.6053199053112106,0.25484020783620265,0.0786626272582787,0.004277438097633001,0.000297986970528448,0.16512696795739226,-4.476397801164886,-0.7997724657320027,-0.2363188164460297,-0.17868282208690178,-0.8428348340812637,0.2095375711710062,-2.8917241285622954,-3.7230304365815856,-0.7987047593041159,0.022942698841866057,0.0009254644311544232
4.16,-0.0024321252177675564,1.5611589846761873,-0.9810017729460524,-0.5336720421527541,-0.00032292014993674084,-5.779871807500179e-06,0.03902716361703809,0.5619806403855638,0.24462500901374237,0.07499225912525076,0.004298966403862121,0.0002638485085973616,0.14804360967443944,-4.979830550294613,-0.9496746418725889,-0.28895071731429667,-0.18938050950376978,-0.8874909530267789,0.21248361211308528,-3.310607728663747,-3.836527796020242,-0.8381987756176938,0.022871482728228212,0.0007412358696105031
4.17,-0.0020338394927310196,1.5663049465611891,-0.9786709760449831,-0.5329632098987187,-0.0002798699974676223,-3.5008295690672646e-06,0.039828572503653695,0.5145961885001772,0.23307969010693533,0.07088322540354407,0.004305015246911855,0.00022790422384329144,0.12973624847321713,-5.44074885487535,-1.0907427283135172,-0.3388895312605342,-0.19856875428630255,-0.924978999595647,0.21452288227098923,-3.7310663591859763,-3.9518519650431303,-0.8781489130695327,0.022707792630565767,0.0005488452876078804
4.18,-0.0016289666721495345,1.5709406435316513,-0.9764679105991955,-0.5322994968862091,-0.00023691451210156115,-1.5963331150568707e-06,0.040487282058148506,0.46356969704622714,0.22030654457875992,0.0663713012509595,0.004295548536606115,0.0001904496454010394,0.11029355974520423,-5.855604220974889,-1.222055373039856,-0.3857469620273264,-0.20624931142509823,-0.9550011840394632,0.2156286843147145,-4.1500630863464165,-4.068008271103096,-0.9182385337530636,0.02245274566573944,0.00034985997923063364
4.19,-0.001219007110408927,1.5750339538597433,-0.9744037543670915,-0.5316845469866998,-0.0001942086191738991,-7.842090055628441e-08,0.04099595617406075,0.4093310328092037,0.20641562321040166,0.061494989950941194,0.004270589292766205,0.00015179122145005862,0.08982127819927048,-6.221293467669732,-1.3428016632251203,-0.4291658224584687,-0.21243943369474616,-0.9773196021863167,0.2157833586783197,-4.564617457328814,-4.184019712786431,-0.9581563398512092,0.02210801653126134,0.00014589154414219147
4.2,-0.0008055252895080617,1.5785572810766757,-0.9724885181861438,-0.5311215955630243,-0.00015190641001834322,1.0440166370732766e-06,0.04134818209008654,0.3523327216932451,0.19152361809476906,0.05629514236754392,0.004230220915555588,0.0001122437537629561,0.06844087178841192,-6.535176988134074,-1.45228253765584,-0.46882310632306456,-0.21717050660034526,-0.9917581265749209,0.21497858753919455,-4.9718188605250315,-4.298936748837091,-0.997598779306839,0.021675815700210974,-6.141753301387276e-05
4.21,-0.0003901393915013934,1.5814877390523585,-0.9707309907169295,-0.5306134498529514,-0.0001101605286295434,1.7652943957287157e-06,0.04153858980066683,0.29304579756827215,0.17575274692143458,0.05081457100727965,0.004174588138879981,7.212777586554391e-05,0.04628805029128428,-6.795091160994751,-1.5499104972068491,-0.5044325265684826,-0.22048670953857374,-0.9982038430621092,0.21321550907629733,-5.368838670873212,-4.411846120249859,-1.036272229544333,0.0211588628771874,-0.0002704073705265739
4.22,2.5490184917399455e-05,1.5838072951390822,-0.9691386942013311,-0.5301624732176051,-6.912155166972765e-05,2.0829633817238445e-06,0.04156295764187928,0.2319556086723802,0.15922965155983604,0.04509766353463039,0.004103897695981574,3.176689859951289e-05,0.023511137751850486,-6.999355143472618,-1.635207815082305,-0.535746508091357,-0.2224437137377716,-0.9966080121012985,0.2105046515979323,-5.75294144844765,-4.52187860411957,-1.073894948984799,0.020560356947160293,-0.00047941412557158124
4.23,0.00043967321107155343,1.5855028714039334,-0.9677178509728273,-0.5297705732170568,-2.893736434531802e-05,1.9978148514003844e-06,0.041418302615415396,0.1695576264851067,0.14208432285039085,0.039190000054837304,0.004018418732440962,-8.514853032346013e-06,0.0002693338969231842,-7.1467723830722125,-1.7078034788162522,-0.5625576389927254,-0.2231074135713839,-0.9869865376976402,0.20686570073322408,-6.121495457607875,-4.628215635336651,-1.1101987929138881,0.01988394349556296,-0.0006867832674063459
4.24,0.0008507027539120873,1.5865664043818124,-0.9664733603603772,-0.5294391934383258,1.0247465703115941e-05,1.5138579709981091e-06,0.04110295428405339,0.10635329778789164,0.12444906124500224,0.03313797787309962,0.003918483004843396,-4.8395688040227535e-05,-0.023269115325634544,-7.236627270157833,-1.7674291162358706,-0.5846995987175134,-0.2225526764379904,-0.9694199314506817,0.20232711510523269,-6.471982760458369,-4.730094769044639,-1.1449306966977018,0.019133680761872288,-0.0008908825862836176
4.25,0.0012568688669696575,1.586994864141323,-0.965408785554435,-0.5291693089704106,4.829231473058705e-05,6.382713771084741e-07,0.04061661130575703,0.04284597595105483,0.1064574805942195,0.026988446791517694,0.0038044849027471105,-8.755865938896349e-05,-0.04692882346870795,-7.268677417670143,-1.813914167411275,-0.602047593759206,-0.22086208799834997,-0.9440527638523316,0.19692560695418634,-6.8020091138884435,-4.826813991604844,-1.1778539351732515,0.018314004637298792,-0.0010901148461450179
4.26,0.001656472665631696,1.586790233766723,-0.9645263499539228,-0.5289614253969895,8.506112799857901e-05,-6.186707544514837e-07,0.03996037986620384,-0.020463037459991174,0.08824356005121825,0.020788357342106517,0.003676881326799196,-0.0001256942131559958,-0.07052923658079845,-7.243142095604383,-1.847180564103763,-0.614518341469477,-0.21812466440172512,-0.9110925998812633,0.1907055043506674,-7.109313866021668,-4.917734919434052,-1.2087491720711159,0.01742969305793449,-0.0012829299986075898
4.2700000000000005,0.002047840599856029,1.5859594506199133,-0.9638269424855208,-0.5288155811599582,0.00012042304246415503,-2.243697307409308e-06,0.039136793422433286,-0.08307831468097647,0.06994074684020556,0.01458442370313956,0.003536191446557601,-0.0001625026552957824,-0.09388666971851195,-7.160687366896098,-1.867237167951684,-0.6220696495120137,-0.2144345013334819,-0.8708084207655178,0.18371801126446854,-7.391780007529947,-5.002284952529948,-1.2374153174045117,0.01648582990396815,-0.0014678368847174527
4.28,0.0024293387327568236,1.584514310958268,-0.9633101313795484,-0.5287313531356398,0.00015425300594151727,-4.220662463074242e-06,0.03814981329007947,-0.14451396616452128,0.05168111059724185,0.008422802431840936,0.0033829963477362253,-0.00019769651556649347,-0.11681640749644855,-7.022408469261302,-1.8741741994747867,-0.6246996426505085,-0.20988933128807763,-0.8235285384256479,0.1760203811623276,-7.647444487943828,-5.0799584720878865,-1.2636702137722022,0.015487768315808522,-0.0016434143591457036
4.29,0.0027993868298069567,1.5824713396498282,-0.9629741858975331,-0.5287078652597321,0.00018643239154601766,-6.530690358547721e-06,0.037004809705013325,-0.20429713084396978,0.03359454820152155,0.0023487875907679777,0.003217938560450038,-0.00023100278954734787,-0.13913487194863355,-6.829809966383997,-1.8681578631580746,-0.6224456898696076,-0.2045889653644939,-0.7696380135113552,0.16767501927721568,-7.8745088586756165,-5.150317188931473,-1.2873511744111907,0.01444109319621823,-0.0018083217787673446
4.3,0.003156472060638066,1.5798516268511889,-0.9628161055322532,-0.5287438000360722,0.00021684960592821068,-9.152340770895995e-06,0.03570852308311094,-0.2619712798639424,0.015808036528000842,-0.0035934776340159963,0.0030417214382193023,-0.0002621650412348273,-0.16066186167704544,-6.584784154367683,-1.8494253408312518,-0.6153830835022092,-0.19863360397530538,-0.7095755920880276,0.15874852842707363,-8.071350254647863,-5.212989761383577,-1.3083153965855836,0.01335158259453885,-0.001961308803805102
4.3100000000000005,0.0034991621137210474,1.5766806336006074,-0.9628316562381907,-0.5288374127672147,0.0002454006892582945,-1.206179427522262e-05,0.03426900530829812,-0.31709932505814564,-0.0015550705937468316,-0.009361273114247342,0.0028551083330083816,-0.0002909453504326625,-0.18122286445737096,-6.289588158793061,-1.818280287867889,-0.6036235184530945,-0.19212201196971124,-0.6438301799624547,0.14931071337092486,-8.236532676678348,-5.267670807791115,-1.3264402735427634,0.01222516766861688,-0.002101224464928066
4.32,0.003826117523916249,1.5729879683354642,-0.9630154132953028,-0.5289865483506361,0.0002719899041167004,-1.5233055185438411e-05,0.03269554101952013,-0.36926652651431374,-0.018375705711214448,-0.014913558342133596,0.0026589214858405894,-0.0003171260910215792,-0.20065144083422337,-5.946820097511653,-1.7750889260460112,-0.5873134141412031,-0.1851495674999365,-0.5729368774543206,0.13943355918396932,-8.368818488399215,-5.314119440485437,-1.3416236268798276,0.011067890989201525,-0.0022270254539307316
4.33,0.004136103014536297,1.568807136375655,-0.9633608104580724,-0.5291886604920757,0.00029653030939017253,-1.8638170467288933e-05,0.03099854906200483,-0.4180831959809086,-0.034539716276965324,-0.02021121414396104,0.0024540405273472147,-0.00034051152818505233,-0.21879166861988159,-5.559394618004887,-1.7202767848660614,-0.566632114992295,-0.1778062100797404,-0.4974726012386893,0.1291901999255779,-8.467179995592165,-5.352157444972632,-1.3537838788503798,0.009885863081238804,-0.002337783598999366
4.34,0.004427997659884187,1.564175264429364,-0.9638601950912822,-0.5294408331960675,0.000318944313991394,-2.2247462714770517e-05,0.02918946453478898,-0.4631871946290966,-0.049938463320971564,-0.02521727039917906,0.0022414004601221467,-0.0003609292247481585,-0.2355006276915945,-5.130518049178163,-1.6543261012920436,-0.5417899976767551,-0.170174331053198,-0.4180513238616157,0.11865389480329704,-8.530810933357413,-5.381667221183848,-1.362860181040846,0.008685217272291003,-0.0024326924882672827
4.3500000000000005,0.004700803682062646,1.5591328021813304,-0.9645048890403766,-0.5297398044021288,0.0003391642037650653,-2.6029775204008344e-05,0.027280602217845954,-0.5042462248033686,-0.06446939490944266,-0.02989712060612125,0.002021988977367128,-0.00037823124892378277,-0.25065089141400776,-4.66366333902111,-1.577773847693724,-0.5130265053974945,-0.16232666823512742,-0.33531896578953824,0.10789702988844176,-8.559137648334303,-5.4025895933262955,-1.368812512114153,0.00747206312200324,-0.0025110732075705458
4.36,0.004953653708103975,1.553723203022167,-0.9652852550244609,-0.5300819916424463,0.00035713263339072515,-2.995272698314974e-05,0.02528500260413298,-0.5409599159163447,-0.07803659840843662,-0.03421872403175564,0.0017968429625659867,-0.0003922951779141394,-0.2641329760538646,-4.1625448844730375,-1.491210320529574,-0.48060812184529134,-0.1543242846208317,-0.249947979522663,0.09699016397992397,-8.551829730006812,-5.41492158194743,-1.3716217531295352,0.006252438917588843,-0.0025723791602720986
4.37,0.005185816331015971,1.5479925859758707,-0.9661907683711433,-0.5304635196024438,0.0003728030735438621,-3.398297592254101e-05,0.023216262291199587,-0.5730617046296391,-0.09055133466823642,-0.03815279599974957,0.001567044015313694,-0.00040302489393912724,-0.27585768368823455,-3.6310933004730095,-1.3952781891020343,-0.444826290464464,-0.14621472731908836,-0.16263167043127236,0.08600113721932022,-8.508809817650011,-5.418714216941624,-1.3712897444805139,0.005032263917658825,-0.0026161999389712216
4.38,0.005396699841912633,1.5419893808859595,-0.9672100939322542,-0.5308802494686654,0.00038614020215560106,-3.808648763558053e-05,0.021088351089666228,-0.6003205089911301,-0.101932556111098,-0.04167298662217051,0.001333712861173896,-0.0004103511713039522,-0.28575825864007104,-3.0734301234638277,-1.2906718754781956,-0.4059952787349186,-0.13803047548368497,-0.07407830454484876,0.07499426035130806,-8.43026228836159,-5.414070454045124,-1.3678393239309288,0.0038172911907077495,-0.0026422642211069765
4.39,0.005585854030475232,1.5357639589323655,-0.968331168026191,-0.5313278099484721,0.00039712022745792727,-4.222880818578037e-05,0.018915418856259907,-0.6225421953594098,-0.11210740939368323,-0.044756047980661066,0.0010980025302326213,-0.0004142320550199844,-0.2937922639905118,-2.4938424019920764,-1.1781371140883725,-0.3644499826586909,-0.12978779307129007,0.014994940599440287,0.06402960098798775,-8.31664051751078,-5.4011432404859505,-1.3613143407502724,0.002613062008691059,-0.0026504416631401902
4.4,0.005752969987675506,1.5293682505740052,-0.9695412852450265,-0.5318016298427659,0.00040573112976498646,-4.637533851775387e-05,0.016711595720027384,-0.6395708358360445,-0.12101172188354052,-0.04738198942938332,0.0008610902307059215,-0.0004146530331973496,-0.29994307499589,-1.896757094465309,-1.0584705231597136,-0.32054366360226183,-0.12148610177998975,0.10386812002404167,0.05316238084910463,-8.168672396431102,-5.380133758421257,-1.351779636725357,0.0014248628086784615,-0.0026407437713751674
4.41,0.005897877887620997,1.5228553530475357,-0.970827189941985,-0.5322969720461814,0.000411972808767658,-5.049160858657441e-05,0.014490789994549091,-0.6512897526469524,-0.12859046969585908,-0.049534220341554164,0.0006241679002671587,-0.00041162700688205365,-0.30422088211802756,-1.2867151721221872,-0.9325190103122533,-0.27464560834153495,-0.1131079797737784,0.19182469270618902,0.04244249478377742,-7.987363793850234,-5.351289858075624,-1.3393209810146804,0.0002576857208527355,-0.0026133237317370293
4.42,0.0060205427736395025,1.516279129601861,-0.9721751721774111,-0.532808968838892,0.0004158571236379783,-5.454354920828772e-05,0.012266488601850605,-0.6576223445674679,-0.13479822354260665,-0.051199679271050534,0.0003884314870320271,-0.000405194062171331,-0.3066630995718714,-0.6683453139713846,-0.8011788315631523,-0.22713870340682263,-0.10461987152526708,0.27815764804121085,0.03191415859471677,-7.773999657887,-5.31490467648901,-1.3240449425586442,-0.0008838064198719408,-0.0025684751860751507
4.43,0.006121058425815986,1.509693802710153,-0.9735711678495138,-0.5333326583205614,0.0004174078145499295,-5.849775971111625e-05,0.010051565217648384,-0.6585326891707911,-0.13959956721026617,-0.052368948166948766,0.00015506909119512388,-0.0003954210502828528,-0.30733408715936417,-0.0463370796578159,-0.6653941266229463,-0.17841691662220915,-0.09597356289376924,0.36217551194968284,0.02161568851960193,-7.530142474847391,-5.271315422823578,-1.3060786811884786,-0.001995309800961561,-0.002506629948872795
4.44,0.006199639441091272,1.503153543575246,-0.9750008626711305,-0.5338630218203373,0.0004166602963743509,-6.232176952886339e-05,0.00785810152752854,-0.6540259134906884,-0.1429694821616688,-0.05303634997759093,-7.475181755786103e-05,-0.0003824009817747144,-0.30632411443851126,0.5745865445860003,-0.5261547636050256,-0.12888268183100557,-0.08710843410508451,0.4432081562048785,0.011579410961164481,-7.257627829766532,-5.220902297537302,-1.2855696367941787,-0.0030729035051729236,-0.002428354665587475
4.45,0.0062566117102270105,1.4967120603281114,-0.9764497995771809,-0.5343950220975975,0.0004136613182885451,-6.598429194227576e-05,0.005697226913573859,-0.6441483247134651,-0.14489369060503862,-0.05320002772602043,-0.00029989780858058116,-0.00036625224134123667,-0.3037475268650353,1.189697313283532,-0.3844933428057386,-0.07894418688472182,-0.0779544536832919,0.5206123363222395,0.0018316969979448876,-6.9585568517253655,-5.164087500630321,-1.2626850949980255,-0.004113067148271783,-0.0023343464221293663
4.46,0.006292401525629745,1.4904221874098178,-0.9779034890615566,-0.5349236421270264,0.00040846848677608325,-6.945546823831066e-05,0.0035789815402734147,-0.6289872918293611,-0.14536894843756265,-0.05286200294288956,-0.000519283151246184,-0.0003471176296034912,-0.29974011229644926,1.7942906619451318,-0.24148123159867502,-0.029012569794812926,-0.06843582209723653,0.5937768883278276,-0.007606887368113967,-6.635285374235308,-5.101334273792966,-1.2376116077912604,-0.005112692119659656,-0.0022254273240393816
4.47,0.006307523597309821,1.4843354787213454,-0.9793475218494929,-0.5354439242391922,0.0004011496538270585,-7.270710061993027e-05,0.0015122071680076254,-0.6086708688472439,-0.14440327879363837,-0.05202821121657838,-0.0007318832949024722,-0.00032516323816196037,-0.29445571090053857,2.3837154457419993,-0.09822353016102915,0.020500966968641343,-0.058475119706301815,0.6621275230816808,-0.01672132713558196,-6.2904096969617145,-5.033145912787463,-1.210554248555284,-0.006069086470545403,-0.002102538073532357
4.48,0.006302568288390335,1.4785018072186975,-0.9807676832149353,-0.5359510093649064,0.00039178217686321496,-7.571287225986869e-05,-0.0004955308919486639,-0.5833671502647885,-0.14201613654423975,-0.05070851257141803,-0.0009367476963843579,-0.0003005771639938423,-0.28806215874359736,2.9534044621020454,0.04414710003035949,0.06918810896971017,-0.04799776518502785,0.7251311684117137,-0.025501814310603756,-5.926748898961444,-4.96006467991703,-1.1817356828042829,-0.006979973671463754,-0.001966730582464705
4.49,0.006278188404266149,1.4729689737183684,-0.9821500681552374,-0.5364401761090987,0.00038045206173073303,-7.84485529517083e-05,-0.002437988412418629,-0.5532833500329083,-0.13823849403020197,-0.04891667441923457,-0.001133011513248191,-0.00027356806918396066,-0.2807367010241954,3.498905697862664,0.18447777706449447,0.11664642937624237,-0.036936553872318756,0.7822998235247351,-0.03394332899260753,-5.547323724316625,-4.882670542103279,-1.1513950388223366,-0.007843485597086173,-0.001819159669201201
4.5,0.0062350858791065545,1.4677823277554838,-0.9834811965410994,-0.5369068793585988,0.00036725300471708697,-8.089218887268915e-05,-0.004310252515959392,-0.5186645962884716,-0.13311283858620634,-0.046670324950010104,-0.0013199057013646084,-0.0002443635920980846,-0.27266105055291034,4.015914193356256,0.32160390229303804,0.16248241195945212,-0.025236025730985823,0.8331939060445992,-0.04204516073255268,-5.1553321370814205,-4.801579658024113,-1.119786566062539,-0.00865815018635083,-0.0016610738970349735
4.51,0.006173998699128035,1.4629844033987827,-0.9847481272714166,-0.537346788108947,0.0003522853536420561,-8.302427503813238e-05,-0.006108717997851964,-0.4797924356701042,-0.12669307303171579,-0.04399087503481901,-0.0014967651075030865,-0.00021320861654432275,-0.2640162963179451,4.500304365517924,0.4543587800251299,0.20631447086323007,-0.012856413628520524,0.8774250882919512,-0.049810384785365584,-4.754121722010169,-4.717442538070731,-1.0871780736359742,-0.009422874272065347,-0.0014938056210363215
4.5200000000000005,0.006095688384143157,1.458614572967973,-0.9859385703840944,-0.5377558221790094,0.00033565501135536725,-8.482790910104412e-05,-0.007831031498487795,-0.43698304308096475,-0.11904431126777638,-0.04090340700624129,-0.0016630342286688853,-0.00018036340629117535,-0.2549778822706763,4.948162581190944,0.5815842656023729,0.24777593861218428,0.0002230540076919585,0.9146586346217636,-0.05724530670944854,-4.3471591884886776,-4.630941803663854,-1.053849146323136,-0.01013692208490013,-0.0013187603187951452
4.53,0.00600092831850624,1.4547087216148893,-0.9870409960082125,-0.5381301874695459,0.0003174723072065217,-8.628892523647352e-05,-0.009476006563691713,-0.3905851353083606,-0.11024256241181223,-0.037436529053647145,-0.0018182704148845554,-0.00014610161354294008,-0.24571087562923957,5.355819721692842,0.7021423142167025,0.28651799309006876,0.01400167770278804,0.9446152643484051,-0.06435888720782093,-3.937997315069617,-4.542789477805596,-1.0200891411417576,-0.010799889925519557,-0.0011374052883587381
4.54,0.005890493181789659,1.4512989457156165,-0.988044738993246,-0.5384664094137077,0.00029785086307570493,-8.73960069523225e-05,-0.01104351367165806,-0.34097758992727656,-0.10037429850335193,-0.03362219441617993,-0.001962144413081676,-0.0001107081715848976,-0.23636572662555408,5.719883431808049,0.814927264833483,0.32221249462847723,0.028455758812584886,0.9670725738554197,-0.07116215737003947,-3.5302397484549823,-4.453723746684001,-0.9861949734327228,-0.011411677481278061,-0.0009512578036772227
4.55,0.00576514968107023,1.44841327797198,-0.9889400980201373,-0.538761364264367,0.00027690648030140753,-8.814077778954777e-05,-0.012534350071942816,-0.28856677436363365,-0.08953590268913554,-0.029495485065932654,-0.0020944382774297408,-7.447708372252778e-05,-0.22707468924234123,6.037269702083286,0.9188786588705031,0.3545547057102567,0.04353806726389964,0.9818660561485614,-0.07766763275640884,-3.1275041410149518,-4.364505142698763,-0.9524687074931107,-0.011972456255768343,-0.0007618728240174229
4.5600000000000005,0.005625648733708683,1.4460754420337822,-0.9897184279891782,-0.5390123078657348,0.00025475607234247356,-8.851786901684027e-05,-0.013950094736154774,-0.23378359381978897,-0.07783299690408899,-0.025094360136776777,-0.002215040795893398,-3.770912272924984e-05,-0.21794902842150368,6.305233394006515,1.0129943630507174,0.383265867952435,0.05917827975300749,0.988889756191717,-0.0838887332273891,-2.7333841723148002,-4.275912112384048,-0.9192149727940773,-0.012482635592753052,-0.0005708303590712344
4.57,0.005472719195171164,1.4443046393247547,-0.990372224492725,-0.5392169015653153,0.00023151666539477327,-8.852496358822139e-05,-0.0152929538537519,-0.17708027090276232,-0.06537965035468134,-0.02045936995804639,-0.0023239406947700297,-7.094571381127942e-07,-0.20907708813202872,6.521397284661453,1.0963437412270411,0.4080956136461644,0.07528429543889115,0.9880965962395228,-0.08983921418088389,-2.3514110500970555,-4.188735948240921,-0.8867382325707481,-0.012942826817607979,-0.0003797225958457025
4.58,0.00530706317374724,1.4431153705830975,-0.990895199217981,-0.539373234937145,0.00020730448564803094,-8.816281581531088e-05,-0.0165656021423924,-0.1189268741657154,-0.05229747252559419,-0.015633337182962177,-0.002421217974674232,3.6214777291051025e-05,-0.20052324188850787,6.683779182044731,1.1680806019366172,0.4288241919095839,0.09174428255746192,0.9794983979339781,-0.095532613994972,-1.9850151224120167,-4.103775081239437,-0.8553399368648487,-0.01335380608994841,-0.00019014089684057142
4.59,0.005129352925455586,1.4425172944102502,-0.9912823451870431,-0.5394798450085891,0.00018223414767361198,-8.743524640660556e-05,-0.01777102482916536,-0.05980761728472063,-0.038714596906204116,-0.010661007144424608,-0.0025070337974418956,7.275694087053162e-05,-0.19232769802050625,6.790816645594582,1.2274556377733075,0.4452644921789286,0.1084292752298952,0.9631656183832972,-0.10098172202130518,-1.637488253137086,-4.021828750390988,-0.8253155967547146,-0.013716476654724783,-3.6627814306970934e-06
4.6000000000000005,0.004940229279822607,1.4425151248587977,-0.9915299908280727,-0.5395357317106906,0.00015641795386452375,-8.634911274010917e-05,-0.018912364563297875,-0.00021695514524305848,-0.024764564102966076,-0.005588670210145134,-0.002581619380908823,0.00010861336664963906,-0.18450709057250328,6.841388839682646,1.2738280699855258,0.45726384991873203,0.12519612764749521,0.9392268071320186,-0.10619807143919424,-1.3119476164661696,-3.9436900868991476,-0.796951820358406,-0.014031831284377013,0.00017816099631229863
4.61,0.0047403015116461635,1.4431085697828276,-0.9916358419820553,-0.5395403693059816,0.0001299653101914162,-8.491425445843649e-05,-0.01999277681764438,0.05934449240299634,-0.010585115398268728,-0.00046375952910213646,-0.0026452643673107548,0.00014348582816726816,-0.17705575612478147,6.83483505180694,1.3066762173140272,0.46470562100965296,0.14189064218810865,0.9078677811385543,-0.11119146163794671,-1.0113015511338004,-3.8701386724346545,-0.7705233541073894,-0.014300915806473486,0.000353819160010127
4.62,0.004530148545653999,1.4442923113234614,-0.9915990110827202,-0.5394937135874431,0.00010298225905817671,-8.314341470211198e-05,-0.02101529659921648,0.11837415406336137,0.0036830899335102973,0.004665571853850935,-0.0026983051133239494,0.00017708397563245197,-0.16994757833917554,6.770969422767356,1.3256067221014312,0.46751051199410654,0.15835071530282785,0.8693305066068593,-0.11596951549418073,-0.7382180818572519,-3.8019326534042985,-0.7462901746568891,-0.014524794692878137,0.0005218523014237068
4.63,0.004310321359830589,1.446056029511705,-0.9914200329006865,-0.5393962046873997,7.557112596317468e-05,-8.105213752230518e-05,-0.021982718582340976,0.17637181882437689,0.01789781820336691,0.009750890004345899,-0.002741113309500204,0.00020912771798067945,-0.1631382752535662,6.650091463750883,1.3303621889144597,0.4656376532982307,0.17440938442170884,0.8239116704655541,-0.1205372778736139,-0.49509666412770814,-3.73980051495887,-0.7244946775572652,-0.01470451973183176,0.0006808648393897789
4.64,0.004081346438330193,1.448384469544446,-0.9911008664140357,-0.5392487653849335,4.783027317110521e-05,-7.86586422342423e-05,-0.022897492150039587,0.2328440032741032,0.03191664866507038,0.014743930246624331,-0.0027740852792069465,0.0002393495288062885,-0.15656800749592037,6.472991975316834,1.3208270208733115,0.45908540171978274,0.18989770369170705,0.7719609207777173,-0.12489686280610662,-0.2840436401748607,-3.6844326391013467,-0.7053590084291385,-0.01484110280001397,0.0008295364417238054
4.65,0.0038437301152390267,1.4512575528327538,-0.9906448825529655,-0.539052794854077,1.985395079241792e-05,-7.59836756832411e-05,-0.02376163230911662,0.28730832883077484,0.045598386107027815,0.01959705308565072,-0.002797632237868729,0.00026749665510012035,-0.1501641959825965,6.240954035752814,1.297031275843072,0.44789185713882773,0.2046474190790728,0.7138787544334281,-0.129047157921735,-0.10685181050851478,-3.6364727897579177,-0.6890825808720168,-0.014935493688528628,0.0009666328100533706
4.66,0.003597963644819023,1.4546505314411948,-0.9900568377621464,-0.5388101578516842,-8.267766387744235e-06,-7.305034359379246e-05,-0.024576647042000393,0.339297860844093,0.05880447908191175,0.024263700239283714,-0.0028121717180162155,0.0002933332089448643,-0.14384445228008505,5.955748790826835,1.2591524076570444,0.43213507679319463,0.21849344830041023,0.6501140319651011,-0.132983595729826,0.03501557057256344,-3.5965096831967385,-0.675839822736721,-0.014988563810834491,0.0010910157344177743
4.67,0.0033445288311569413,1.4585341850401885,-0.9893428335266767,-0.5385231694024452,-3.644896928407156e-05,-6.988392235625152e-05,-0.025343481366208145,0.3883653598993616,0.07140042354696087,0.028698844923897158,-0.0028181202896327326,0.0003166421237540937,-0.13751954079819012,5.619625852882169,1.2075148054122637,0.411932969005651,0.23127619411741884,0.581161102961664,-0.13669800198781454,0.14043617260430485,-3.56506881388689,-0.6657781887823602,-0.015001096433485798,0.0012016523325894797
4.68,0.0030839040494577852,1.4628750589890056,-0.9885102622116083,-0.5381945750978788,-6.460784561453082e-05,-6.6511652774164e-05,-0.026062478169915592,0.4340873948817004,0.08325713150684434,0.03285943045662869,-0.0028158876330459256,0.0003372269582087521,-0.13109630707972136,5.2352982033619,1.1425870952633468,0.3874428472885505,0.2428437289954377,0.507556531062441,-0.14017853155174856,0.20863524817062462,-3.542604713025741,-0.6590164732236655,-0.014973783829082191,0.0012976233982454274
4.69,0.002816570491946475,1.4676357416640293,-0.987567739766252,-0.5378275271851157,-9.26665651816625e-05,-6.296251744731939e-05,-0.02673335575113104,0.47606826750237896,0.09425224453563354,0.03670479127630501,-0.002805871956713167,0.0003549135326844612,-0.12448051919828236,4.805921587649247,1.0649772225278047,0.35886062574081024,0.2530538855973266,0.4298754145900838,-0.1434097015479555,0.23918759544647372,-3.5294938188913623,-0.6556434503802949,-0.014907231466819321,0.0013781307920891683
4.7,0.002543018473171659,1.4727751786550802,-0.9865250260381736,-0.5374255566786467,-0.00012055113215423919,-5.92670036010167e-05,-0.027355201877481593,0.513943699105089,0.10427137280784432,0.04019705064690484,-0.002788456697257669,0.000369551384630269,-0.117579579061199,4.3350684925607315,0.9754253857182762,0.3264196379402353,0.2617762736883501,0.3487273072694336,-0.14637253031517622,0.23201495691030205,-3.5260281344308106,-0.6557168657089348,-0.014801969045211616,0.001442503820512239
4.71,0.00226375363242167,1.4782490209819095,-0.9853929336233735,-0.5369925417827175,-0.0001481912161101364,-5.5456853290734626e-05,-0.027926484074998908,0.5473842326829268,0.11320924148000581,0.04330148959291754,-0.0027640083955897204,0.0003810150310282075,-0.11030506736058267,3.8266969024985427,0.8747949467064825,0.2903890643790046,0.26889422375737054,0.2647517528649908,-0.1490447882586524,0.18737909189637625,-3.5324098378184168,-0.6592627930855351,-0.014658467852556032,0.00149020455708176
4.72,0.001979302875171801,1.4840100040433628,-0.9841832263442829,-0.5365326729624922,-0.00017551997222533448,-5.156480301350081e-05,-0.028445075724986904,0.5760983061453232,0.1209707279090612,0.04598688202253076,-0.0027328756115198092,0.0003892050277233816,-0.10257509065467538,3.2851141373585215,0.7640614909483683,0.25107195812324434,0.27430663557313506,0.17861345758687702,-0.15140136353421169,0.10587085536331031,-3.5487469960949705,-0.6662753674686546,-0.014477163633783952,0.0015208320727547152
4.73,0.0016902199013323687,1.4900083536128248,-0.9829085085919459,-0.5360504150473322,-0.00020247385942272282,-4.762431484281142e-05,-0.028908297383943227,0.5998349569461918,0.12747177523370398,0.048225791515994175,-0.0026953887197388336,0.0003940488170689393,-0.09431640247905486,2.7149361806800125,0.6443002570075075,0.20880286475712317,0.2779296903057232,0.09099713431324569,-0.1534147414389257,-0.011604303605222466,-3.57505051067894,-0.6767168951783683,-0.01425848386803157,0.001534125550980642
4.74,0.0013970901759543693,1.4961922148443927,-0.9815821068896656,-0.5355504667885035,-0.00022899246363799412,-4.366930127291638e-05,-0.029312972537799957,0.6183861231567827,0.13264017022802946,0.04999482588287635,-0.0026518604215271285,0.000395501356989504,-0.08546627337716149,2.1210430068841144,0.5166721940097192,0.16394504077616645,0.2796983711452156,0.0026020625230299133,-0.15505559172161834,-0.1638439453208882,-3.611232397046078,-0.6905183371304452,-0.014002878138825182,0.0015299662735458665
4.75,0.0011005352083289584,1.5025080999628355,-0.980217945129662,-0.5350377183254069,-0.00025501833171467524,-3.9733846010477345e-05,-0.029655496762541082,0.6315885118442937,0.1364161760003638,0.051274846309655064,-0.002602586807668113,0.00039354552624390395,-0.07597408802675912,1.5085305083610165,0.3824089378599691,0.1168872840551245,0.2795677315843982,-0.0858635832331468,-0.15629345302691847,-0.34936882056274143,-3.657105469991746,-0.7075801536320894,-0.013710850124744066,0.0015083784719826748
4.76,0.0008012160183290619,1.5089013500835884,-0.9788304149998578,-0.5345172070382954,-0.0002804968198852865,-3.585192298672456e-05,-0.02993191899998965,0.6393250120752946,0.13875301298042267,0.052051128711149364,-0.0025478488170611263,0.0003881923023752787,-0.06580265167570899,0.8826597032650364,0.2427970209307459,0.0680404005228632,0.277513853226322,-0.1736885760187871,-0.15709749870309886,-0.5664450782624653,-3.712384471648465,-0.727773492928188,-0.013382989665088637,0.0014695290475402116
4.7700000000000005,0.0004998356844611368,1.5153166064520822,-0.9774342431535209,-0.5339940722808396,-0.00030537595939095826,-3.205711588091082e-05,-0.03013803338679251,0.6415256368493731,0.1396171846336891,0.052313475745577154,-0.002487913950567176,0.00037948071058137425,-0.05492919304851356,0.24880397000937157,0.09916164464897109,0.017833342161591603,0.27353444529227255,-0.2601645844669576,-0.15743736362268376,-0.8131079424831822,-3.776688643058738,-0.7509416997346798,-0.01302000336925817,0.0014137261700945156
4.78,0.00019714088630645303,1.5216982863081647,-0.9760443566797571,-0.5334735094925311,-0.00032960634057893097,-2.838234044570186e-05,-0.030269479815468372,0.6381679856082418,0.13898864737638628,0.052056278830842115,-0.0024230381187972734,0.00036747754352089594,-0.04334605665144788,-0.38760489814687205,-0.047149650591874606,-0.03329093766745839,0.2676490540450652,-0.34459215672234667,-0.1572840078648332,-1.0871863144935854,-3.849545702973045,-0.7769021146488618,-0.01262274234068728,0.0013414167730411053
4.79,-0.00010607762547298818,1.5279910585728345,-0.974675748408271,-0.5329607241886857,-0.0003531410158200252,-2.4859571906833272e-05,-0.030321851177944118,0.6292772264669797,0.13686082714861453,0.05127853038455166,-0.0023534675241094253,0.00035227685388685884,-0.031061083717570055,-1.021130997577474,-0.19478308871258646,-0.08487985541009735,0.2598988696307221,-0.4262866699729474,-0.1566105904194263,-1.3863277869074735,-3.930397161105584,-0.8054481307151475,-0.012192225770005045,0.0012531829673050937
4.8,-0.0004089856760851958,1.534140314620587,-0.9733433435287819,-0.5324608863149172,-0.000375935420814865,-2.1519579672717062e-05,-0.03029080506122076,0.6149256047752563,0.13324048794890914,0.04998378737684816,-0.002279440499483978,0.0003339992234116211,-0.01809768752698894,-1.6463881510178475,-0.3423942197163852,-0.13647573002760893,0.25034613777393566,-0.5045841762508468,-0.1553933247362018,-1.708023603848595,-4.018604858788436,-0.8363514696649593,-0.011729659404772897,0.0011497374033030967
4.8100000000000005,-0.0007107074515327002,1.5400926295389203,-0.9720618689262148,-0.5319790854338365,-0.0003979473133042537,-1.839167153469605e-05,-0.030172177544750434,0.5952314918333336,0.12814746025671378,0.04818008810806373,-0.002201189248938869,0.00031279081380210146,-0.004494635126061819,-2.2580924659328905,-0.48866264935457016,-0.18762040532496993,0.23907320202060084,-0.5788470781794809,-0.1536122880830421,-2.0496331610596146,-4.113458599194129,-0.8693646375391475,-0.011236448206323756,0.001031917615200115
4.82,-0.001010328418511753,1.5457962094825477,-0.9708457265302786,-0.5315202871850537,-0.00041913672785183964,-1.5503449465547426e-05,-0.029962096697905283,0.5703579943627312,0.12161423959362941,0.045879824878283494,-0.002118941454758595,0.0002888222069148622,0.009694446801325791,-2.8511128421018124,-0.6323056787329399,-0.23785988543014014,0.22618121703685873,-0.6484695728904009,-0.1512521582885239,-2.4084077094992917,-4.214184703270284,-0.9042235176159016,-0.010714202835372078,0.000900679387316724
4.83,-0.0013068993524752073,1.5512013209973652,-0.9697088718559379,-0.5310892914262426,-0.00043946594520531397,-1.2880579033095931e-05,-0.02965709339634542,0.5405111514817588,0.113685467434063,0.04309957588110634,-0.002032921735347432,0.0002622870432451496,0.024401819273517103,-3.4205187150455165,-0.77209063587957,-0.28674890507688744,0.21178858378122872,-0.7128828079740461,-0.1483028543878452,-2.7815130017095786,-4.319955307251612,-0.9406500578550591,-0.010164739942573595,0.0007570891882210406
4.84,-0.0015994414241320084,1.5562606985103802,-0.9686646987737503,-0.5306906924241387,-0.000458899474740483,-1.054657433812294e-05,-0.02925420716568012,0.5059377513014998,0.10441730821876592,0.03985990021038822,-0.0019433529535169017,0.0002334004694972991,0.03954660509683681,-3.961624399789122,-0.9068457271539361,-0.333855357333654,0.19602916278884552,-0.771559699629389,-0.14476006171785538,-3.166050698478802,-4.429898203812447,-0.9783550104477924,-0.009590076553589611,0.0006023157239968454
4.8500000000000005,-0.0018869522732566763,1.5609299265474588,-0.9677259314006101,-0.5303288414211208,-0.000477404048622444,-8.522600262086358e-06,-0.028751084912466793,0.46692280370785133,0.0938767373140105,0.03618510030178499,-0.0018504573881960953,0.00020239740760365823,0.05503596059127556,-4.470029493265156,-1.0354692864328587,-0.37876450524976235,0.17905032258247394,-0.824019369732288,-0.14062562678368903,-3.5590784306126775,-4.543107022012894,-1.0170406825106928,-0.008992419108305581,0.0004376206684599651
4.86,-0.0021684129793119104,1.5651677936408068,-0.9669045238468572,-0.5300078118568162,-0.0004949486265499941,-6.827293671630092e-06,-0.028146070605523408,0.42378670933481255,0.08214075537529487,0.03210295643046112,-0.0017544577927550138,0.00016953065904562665,0.07076641445778037,-4.941654899848786,-1.1569373523782764,-0.42108291043543034,0.16101087703084443,-0.8698311650356697,-0.13590781237151264,-3.9576284837988034,-4.658651541259667,-1.0564036594304211,-0.008374147922881062,0.0002643486346736944
4.87,-0.0024427958214263065,1.5689366153118813,-0.9662115683996991,-0.5297313674763401,-0.0005115044102527374,-5.476605074756608e-06,-0.027438284211439592,0.37688216710745226,0.06929554471580529,0.02764443804761924,-0.0016555783702743277,0.0001350688596873484,0.08662534314198495,-5.372774158977047,-1.2703095568422895,-0.46044202048054217,0.14207895927469605,-0.9086182279236288,-0.13062140853456453,-4.358725140905637,-4.775587941307605,-1.0961374657573673,-0.007737797979346185,8.391645889501347e-05
4.88,-0.0027090727059512786,1.572202523952132,-0.9656572125700738,-0.5295029335087186,-0.0005270448672541441,-4.48366205927718e-06,-0.026627688452497206,0.3265908640250679,0.05543558296253349,0.022843396762153436,-0.0015540457001406791,9.929430154794275e-05,0.1024925530872045,-5.7600398721141834,-1.374733358631686,-0.4965013679436936,0.12242987169951025,-0.9400605939312233,-0.12478769989883198,-4.75940077342565,-4.892968803323863,-1.1359351327369045,-0.007086037005359726,-0.00010219812508695497
4.89,-0.0029662241282351538,1.5749357238630495,-0.9652505852846748,-0.5293255710520616,-0.0005415457637668904,-3.8586556692442665e-06,-0.02571514222838753,0.27331999109173744,0.04066272853990059,0.017736245665703886,-0.0014500896512746246,6.250063900329138e-05,0.1182419423752401,-6.100505144001772,-1.4694467045838255,-0.5289513458229251,0.10224394240177415,-0.963897796584353,-0.1184342939588447,-5.1567108205878744,-5.009852695416958,-1.1754916463972935,-0.006421641788315007,-0.00029246833658112543
4.9,-0.0032132485263525715,1.5771107101485196,-0.9649997323706744,-0.529201954757355,-0.0005549852069179261,-3.608750691055225e-06,-0.024702439811741788,0.21749862854700142,0.025085291400036795,0.012361629470656017,-0.0013439443151035699,2.499049781890415e-05,0.13374321725522617,-6.391640065813104,-1.5537792425197146,-0.5575155373274043,0.08170440960291403,-0.9799309650152493,-0.11159481849513284,-5.547747829955739,-5.125313198780653,-1.214506255401002,-0.005747473581508515,-0.00048533063265096066
4.91,-0.0034491718781561372,1.5787064505675397,-0.9649115613608614,-0.5291343538613897,-0.0005673436967788614,-3.7380206293573096e-06,-0.023592335180356562,0.159574041902011,0.008817100981296705,0.006760089596527634,-0.0012358489860935322,-1.2926993830208462e-05,0.14886364273308522,-6.631343371551107,-1.6271522466972703,-0.58195259077646,0.060995347275398126,-0.9880244043492976,-0.10430849887589266,-5.929654756703044,-5.238447256560869,-1.2526846234117788,-0.005066453319247679,-0.0006791973301571186
4.92,-0.0036730573889348483,1.5797065298462656,-0.9649917955439342,-0.5291246165821933,-0.0005786041888720087,-4.247407955326423e-06,-0.0223885510778711,0.10000792787260229,-0.00802341830727651,0.0009737279196424132,-0.0011260492093147316,-5.0938732596911336e-05,0.16346981046094378,-6.817949490377907,-1.6890774447617516,-0.602057642946054,0.04029963843285511,-0.9881066531193945,-0.09661962783505877,-6.299637730347727,-5.348382755491077,-1.2897408163254145,-0.00438153718012283,-0.0008724694636699673
4.93,-0.0038840151148836644,1.580099256308947,-0.9652449371002435,-0.5291741578580376,-0.0005887521679047212,-5.1347100078421936e-06,-0.02109577259488163,0.03927264626815849,-0.02531415563092371,-0.00495412758441788,-0.0010147979032712523,-8.873020525157702e-05,0.17742941130622777,-6.950231293840909,-1.7391549551225602,-0.6176633055350464,0.01979699749803354,-0.9801710160331931,-0.08857694145532898,-6.65497849807452,-5.454285279021459,-1.3253991201509616,-0.003695692842855825,-0.0010635497738701151
4.94,-0.004081211367216496,1.5798777310129974,-0.9656742390982548,-0.5292839503840697,-0.000597775733427834,-6.394590722988498e-06,-0.019719625233283168,-0.022152529594960682,-0.04293019980113301,-0.010979252603218224,-0.0009023565523112914,-0.00012598807151463045,0.1906130038395842,-7.027398896298004,-1.7770705547604102,-0.628640239189064,-0.00033795986405216194,-0.9642755743758772,-0.0802329156906291,-6.99304674379308,-5.55536399891378,-1.3593956904151625,-0.00301187658708478,-0.0012508557183509694
4.95,-0.0042638777428280535,1.5790398798613245,-0.9662816860814902,-0.5294545188790455,-0.0006056656978950422,-8.018618160546492e-06,-0.01826663756115569,-0.08378511516728365,-0.06074469832354809,-0.017056849497580184,-0.0007889964467208176,-0.00016240274375579932,0.2028957731863909,-7.049094908226081,-1.80259249965623,-0.6348973473296979,-0.019937601963486595,-0.9405426802124686,-0.07164299802702043,-7.3113124628948185,-5.650876699023043,-1.391480038518404,-0.0023330112205948842,-0.0014328323952990554
4.96,-0.004431319629733902,1.5775884494138703,-0.9670679829490411,-0.5296859374984695,-0.0006124156972012224,-9.9953275890151e-06,-0.016744188690584853,-0.1451430447454266,-0.07862968675507732,-0.023141861942394586,-0.0006749999306180153,-0.0001976709428468608,0.21415927686622582,-7.015386565366534,-1.8155681136688635,-0.6363816275731722,-0.03884312263387524,-0.9091579443906389,-0.06286478899000045,-7.607358545576515,-5.740133949331166,-1.4214163643437494,-0.0016619646803426426,-0.001607965270416453
4.97,-0.004582924038998107,1.5755309673303675,-0.9680325518235472,-0.5299778302994155,-0.0006180223131884133,-1.2310309684407511e-05,-0.015160440926420524,-0.2057482083502943,-0.09645688745061134,-0.02918928009460038,-0.0005606615987190934,-0.0002314982095392411,0.22429317505089155,-6.926755162467951,-1.8159203473896826,-0.6330777217331125,-0.05690633708603032,-0.8703687320969555,-0.053957188315919724,-7.87889368795009,-5.822502469514167,-1.4489847474911857,-0.0010015290685167118,-0.00177479259867845
4.98,-0.004718166619523086,1.5728796685493498,-0.9691735366068314,-0.530329374655938,-0.0006224852068268421,-1.4946323193776265e-05,-0.013524258052497866,-0.2651298781017604,-0.11409847832842221,-0.03515443565225584,-0.0004462893638428759,-0.0002636013509368754,0.2331969418082985,-6.7840832100852415,-1.8036444871823107,-0.6250072062752459,-0.07399142479083098,-0.8244821833438155,-0.04497952082190201,-8.12376571131982,-5.897407738891591,-1.4739822116919166,-0.00035439985331603733,-0.0019319174350639883
4.99,-0.004836617718092971,1.5696513884473748,-0.9704878149426568,-0.5307393075216751,-0.000625807259814539,-1.7883431213203333e-05,-0.011845109856988497,-0.3228280101974893,-0.1314278335825432,-0.040993286573710604,-0.0003322052987696872,-0.0002937108019427067,0.24078155115094105,-6.588639708405606,-1.7788051673738074,-0.6122276637634876,-0.08997660512760597,-0.771862779166053,-0.03599065737497635,-8.3399753272999,-5.964335923204368,-1.4962236782031817,0.0002768450116232348,-0.0020780191321950452
