time,q1,q2,q3,q4,q5,q6,dq1,dq2,dq3,dq4,dq5,dq6,ddq1,ddq2,ddq3,ddq4,ddq5,ddq6,tau1,tau2,tau3,tau4,tau5,tau6
0.0,0.0,1.5,-1.0,-0.54,0.0,0.0,0.0,0.0,0.0,0.0,0.0,0.0,0.0,0.0,0.0,0.0,0.0,0.0,0.027984878887552824,-3.2651793971153626,-4.541569110602006,-0.994463363039676,0.0066915301851118835,-0.000997113724874468
0.01,1.1177732838669192e-06,1.5000018881773531,-0.9999974265635911,-0.5399994240552218,1.1796014026826657e-07,6.744559238653939e-09,0.00011177732838669191,0.00018881773531548906,0.0002573436408887935,5.7594477825544944e-05,1.1796014026826657e-05,6.744559238653939e-07,0.01564445459189377,0.019261676105338525,0.03708399404692353,-0.004270269956578726,0.00408843712988935,0.013553884889630455,0.0018825833517284222,-4.0126560362542065,-4.59426101032166,-1.0311386998806655,0.00020947670576985852,-0.00048525281173786674
0.02,4.752062646519211e-06,1.4999689543633066,-1.0000699343358526,-0.5400174185599821,6.260593841895797e-07,-1.66061741946381e-09,0.00036342893626522914,-0.0032933814046535105,-0.007250777226140367,-0.0017994504760295866,5.0809924392131316e-05,-8.40517665811775e-07,0.03150210624367585,-0.31228438497105443,-1.029083252487965,-0.2396897653544081,0.05053942437468989,-0.02637714971050685,0.004778410039005993,-4.246588798437419,-4.785606378067316,-1.0830458886623247,0.0005686399993764182,-0.000514132396689473
0.03,1.1878343336226593e-05,1.4998639155856537,-1.0002744798753314,-0.5400684487142902,1.627465550970883e-06,-3.1954310671115105e-08,0.0007126280689707383,-0.010503877765297601,-0.020454553947884535,-0.005103015430807604,0.00010014061667813033,-3.0293693251651292e-06,0.04533632179582442,-0.6769193093974524,-1.7950064702011779,-0.42925734738945387,0.05320042291218702,-0.026558610019799117,0.0076556239975344885,-4.478343862158927,-4.975223779808487,-1.1344632528879672,0.0009259278376490343,-0.0005427606470245422
0.04,2.3162317716453847e-05,1.4996509072085455,-1.000652677812035,-0.5401633569552559,3.189584956000145e-06,-8.92268451818755e-08,0.0011283974380227252,-0.021300837710815868,-0.03781979367036218,-0.009490824096567672,0.00015621194050292618,-5.72725345107604e-06,0.05486107896133191,-1.044776085062638,-2.3437789404629923,-0.5700388627193664,0.05413250702829556,-0.02651158600714304,0.010503977093069768,-4.7058773729125685,-5.161432543246493,-1.1849204063226788,0.0012803277048338436,-0.0005708753701218133
0.05,3.9047441564132285e-05,1.499296756525505,-1.0012344647215026,-0.5403101708437477,5.3567616826721645e-06,-1.7726195309253954e-07,0.0015885123847678437,-0.035415068304045914,-0.05817869094675679,-0.014681388849185899,0.00021671767266720195,-8.803510791066406e-06,0.061214749788235434,-1.3960749235560304,-2.7294838901513394,-0.6725145911564887,0.05468446603974647,-0.02636886092519225,0.013313229199083707,-4.927307427887875,-5.342616839282108,-1.2339711091859848,0.001630856166732554,-0.000598225394896683
0.06,5.981643203218271e-05,1.4987717669859542,-1.0020406350334283,-0.540514669944767,8.15684916984865e-06,-2.9877033333780506e-07,0.0020768990468050426,-0.052498953955085956,-0.08061703119258397,-0.020449910101940715,0.0002800087487176486,-1.2150838024526552e-05,0.06527323612200045,-1.7182460685956544,-2.989271819511479,-0.744669349757789,0.055001660602800595,-0.026131561829218386,0.01607314414611745,-5.14087530639156,-5.517227303610955,-1.2811914611398416,0.0019765586664256323,-0.0006245707725436147
0.07,8.563428313067698e-05,1.498050171031512,-1.0030846171908137,-0.5407807860804674,1.1605749243031834e-05,-4.555554450636231e-07,0.002581785109849427,-0.07215959544421922,-0.1043982157385313,-0.026611613570040295,0.0003448900073183184,-1.5678511172581803e-05,0.06765088922215512,-2.003624868504811,-3.14902849539809,-0.7921214124136498,0.05516773288812121,-0.02580011026507334,0.018773556996922947,-5.344921557049997,-5.683786517356637,-1.3261797965437936,0.0023165120454110757,-0.0006496833958578715
0.08,0.00011657832466052326,1.4971103594087911,-1.0043737391536345,-0.541110891579734,1.5710588499094037e-05,-6.486339607557213e-07,0.0030944041529846274,-0.09398116227208216,-0.1289121962820916,-0.03301054992665797,0.00041048392560622037,-1.930785156920981e-05,0.06877670913284469,-2.2478591901215235,-3.2270702768213546,-0.8188790365149039,0.05524397820208532,-0.025374809505697593,0.021404465143715096,-5.537870954898761,-5.840896485127927,-1.3685575482829444,0.0026498274680952123,-0.0006733478923737295
0.09,0.0001526592373902387,1.4959349604314658,-1.005910152030098,-0.5415060127435768,2.0471940530251677e-05,-8.783267036252953e-07,0.0036080912729715446,-0.11753989773252588,-0.1536412876463384,-0.03951211638428078,0.000476135203115764,-2.2969274286957394e-05,0.06895029164530786,-2.4488237435457845,-3.2366415473960344,-0.8278894927212441,0.055275158787910894,-0.024856131485243793,0.023956127318901635,-5.718223300948305,-5.987246919729249,-1.4079706338443327,0.002975653301773791,-0.0006953626673361937
0.1,0.00019383578226790795,1.494510819150587,-1.007691526001728,-0.5419659936694032,2.5885380270716117e-05,-1.1443306030524406e-06,0.004117654487766925,-0.1424141280878923,-0.1781373971630187,-0.045998092582642564,0.0005413439740464441,-2.6600389942714524e-05,0.06838130570379183,-2.605881831495407,-3.187605019926773,-0.8214090890530201,0.05529316741229967,-0.024244878760858457,0.026419165725081104,-5.88454857593708,-6.121623610765852,-1.4440910962293398,0.0032931780439573195,-0.0007155410054694308
0.11,0.00024002518500199844,1.4928289103098116,-1.0097115955661538,-0.5424896273565514,3.194257216194877e-05,-1.4457786226265818e-06,0.004618940273409049,-0.1681908840775351,-0.20200695644257505,-0.052363368714813174,0.0006057191891232649,-3.014480195741412e-05,0.06721727108900273,-2.719384466646907,-3.0875833315769543,-0.8012497390804256,0.05531974784189064,-0.023542270779817964,0.02878466965058025,-6.035485721570013,-6.242916456394685,-1.4766188401384328,0.0036016334465652383,-0.0007337121689728924
0.12,0.00029111054115508447,1.4908842079417193,-1.0119606058717356,-0.5430747654292372,3.8632034153846396e-05,-1.781292215937863e-06,0.005108535615308602,-0.19447023680923523,-0.22490103055819619,-0.05851380726858196,0.0006689461991897631,-3.355135933112813e-05,0.06556308259459889,-2.790331823350971,-2.9427275303726312,-0.7689416754926963,0.05536852163852546,-0.0227499916178584,0.03104429927186815,-6.169744663954501,-6.350126920824965,-1.5052833668807044,0.003900297905625755,-0.0007497224497451289
0.13,0.0003469462007120981,1.4886755268880854,-1.01442569475533,-0.5437184140177369,4.5939677488945256e-05,-2.149029256502051e-06,0.0055835659557013605,-0.22086810536339976,-0.2465088883594324,-0.06436485884997901,0.000730764333509886,-3.6773704056418806e-05,0.06349472208478922,-2.820145954141408,-2.7582318945366326,-0.7258391839978682,0.05544649310569438,-0.02187022090981583,0.033190387853649084,-6.286111313445543,-6.442374784823745,-1.5298454470007972,0.004188500087508508,-0.0007634361474441031
0.14,0.00040736180485674605,1.4862053463058185,-1.017091233428798,-0.5444168207606919,5.3849192606088134e-05,-2.5467293089023126e-06,0.006041560414464796,-0.24701805822668838,-0.26655386734678926,-0.06984067429549635,0.0007909515117142882,-3.977000524002615e-05,0.06106888127664358,-2.8105199814529427,-2.538676274191726,-0.6731875995022474,0.055555167102060043,-0.020905659686586975,0.03521603996166772,-6.383455282117875,-6.5189041117300865,-1.5500986887764583,0.004465622683717004,-0.0007747364535084875
0.15,0.00047216544583985026,1.4834796216109882,-1.0199391408318796,-0.5451655561417454,6.234233068437361e-05,-2.971757384227853e-06,0.006480364098310418,-0.2725724694830335,-0.2847907403081716,-0.07487353810535624,0.0008493138078285468,-4.250280753255408e-05,0.05832970675207775,-2.7633199945747067,-2.2882511339511584,-0.6121640104587822,0.05569138689192599,-0.019859556601196426,0.03711522283359083,-6.460740014567767,-6.579088377373512,-1.5658709704579754,0.004731106131248323,-0.0007835262264042378
0.16,0.0005411462781308306,1.4805075888166883,-1.0229491812844158,-0.545959591188294,7.139911572203997e-05,-3.4211468380073785e-06,0.006898083229098035,-0.29720327943000086,-0.3010040452536213,-0.07940350465484684,0.0009056785037666359,-4.493894537795251e-05,0.05531351589008285,-2.680523323044315,-2.010902813223219,-0.543900215869698,0.05584797755038495,-0.0187357361364468,0.03888284777298704,-6.517034962325791,-6.622434721989739,-1.5770257086630466,0.004984452101775673,-0.0007897286464222064
0.17,0.000614076807683587,1.4773015634999302,-1.0260992514191358,-0.5467933727597415,8.09980117590916e-05,-3.891641745503323e-06,0.007293052955275639,-0.320602531675815,-0.31500701347199755,-0.08337815714475083,0.000959889603705163,-4.7049490749594455e-05,0.05205207576653947,-2.564181876398831,-1.710424539029183,-0.4694938421695962,0.05601426311679522,-0.017538627906992066,0.04051483835504784,-6.551529364458213,-6.648587284117854,-1.583462937298156,0.005225226547027687,-0.0007932877402288944
0.18,0.0006907150135711295,1.4738767354613156,-1.029365659907239,-0.5476608971155342,9.111606259732465e-05,-4.379738875569255e-06,0.007663820588754256,-0.34248280386147345,-0.32664084881031125,-0.08675243557927598,0.0010118050838233052,-4.880971300659316e-05,0.04857485616735748,-2.4164026263795693,-1.390510600571493,-0.39001173461398864,0.056176511637460985,-0.016273294543024563,0.04200818236357924,-6.563547136456527,-6.657329575743065,-1.585120172301619,0.005453062087418942,-0.0007941687666428343
0.19,0.0007708064036601916,1.4702509593650719,-1.032723401829149,-0.5485557820965397,0.00010172901622151765,-4.881729245502816e-06,0.00800913900890621,-0.36257760962435975,-0.33577419219099053,-0.08948849810054609,0.0010612953624193004,-5.0199036993356103e-05,0.0449105409342732,-2.239339598737784,-1.054785584423019,-0.3064885105674051,0.05631835059578791,-0.014945454558483173,0.04336096471514205,-6.552562321426578,-6.648585857712055,-1.5819730383045862,0.005667659544846744,-0.0007923584561317061
0.2,0.000854086067299338,1.4664445411609681,-1.036146428438029,-0.5494713380205077,0.0001128114424288652,-5.3937391520756945e-06,0.00832796636391463,-0.3806418204103687,-0.34230266088801375,-0.09155559239681027,0.0011082426207347552,-5.120099065728789e-05,0.04108799340789991,-2.035193301849077,-0.7068168305910936,-0.21992231378572225,0.056421185264390106,-0.013561495912286836,0.04457237915795548,-6.518214524728686,-6.622421476404784,-1.5740356344979063,0.005868788447530207,-0.0007878650975101431
0.21,0.0009402807589860744,1.462480019820575,-1.0396079123407513,-0.5504006372447191,0.00012433684947287955,-5.911770522416821e-06,0.008619469168673653,-0.39645213403932195,-0.3461483902722205,-0.09292992242113624,0.0011525407044014346,-5.180313703411265e-05,0.03713681074155752,-1.806214594097253,-0.3501157303246685,-0.1312692149311312,0.056464643633552386,-0.012128475609991779,0.045642717237753774,-6.460323737134528,-6.579042127595565,-1.56136061883999,0.006056286373487255,-0.0007807184663799803
0.22,0.001029111024829702,1.4583819438162962,-1.0430805076615999,-0.5513365822598885,0.0001362778035046551,-6.431740401955877e-06,0.008883026584362762,-0.4098076004278844,-0.34725953208485366,-0.09359450151693464,0.0011940954031775541,-5.1996987953905576e-05,0.03308756052367852,-1.5547107463658845,0.011868242024235559,-0.04143728092347043,0.056427063333147454,-0.01065410066647246,0.04657333386305135,-6.378903953004706,-6.51879202156243,-1.5440389923500968,0.006230057047764055,-0.0007709695910483913
0.23,0.0011202933664793868,1.4541766417942616,-1.0465366044766942,-0.5522719721305404,0.0001486060530301591,-6.949519387855783e-06,0.009118234164968483,-0.4205302022034437,-0.34560968150943866,-0.09353898706518418,0.0012328249525503997,-5.177789858999063e-05,0.028971765912750892,-1.2830519999595242,0.3757580518975422,0.04871897112233947,0.05628602809782815,-0.00914668608070375,0.04736658972727332,-6.274175009110888,-6.442150934580903,-1.522199568605912,0.006390067164152619,-0.0007586903530041364
0.24,0.0012135424238714986,1.4498919870121545,-1.0499485766555805,-0.5531995670755521,0.00016129265935095415,-7.460968820150135e-06,0.009324905739211173,-0.42846547821072595,-0.34119721788862284,-0.09275949450117094,0.0012686606320795053,-5.114494322943521e-05,0.024821688371207292,-0.9936773265719476,0.7382622831659129,0.13840324769705592,0.05601895372875852,-0.007615086191916076,0.048025771793447074,-6.146572106164166,-6.349730145464638,-1.4960081176378182,0.006536341961474964,-0.0007439729205268022
0.25,0.0013085731479750256,1.4455571553067563,-1.0532890221812534,-0.5541121509792882,0.00017430813292411616,-7.961976555477792e-06,0.009503072410352706,-0.4334831705398076,-0.3340445525672945,-0.09125839037361573,0.0013015473573162002,-5.010077353276571e-05,0.020669947174486572,-0.6890984130010519,1.0961896374709421,0.22688096644966116,0.05560371624576779,-0.0060685969031097076,0.04855499395222157,-5.996752527993932,-6.2422672711164084,-1.4656661780732614,0.006668959643746278,-0.00072692901563636
0.26,0.0014051029273062935,1.441202376603709,-1.0565309950130863,-0.555002591632231,0.0001876225747104054,-8.448491167124099e-06,0.009652977933126774,-0.43547787030472934,-0.3241972831832984,-0.08904406529427834,0.001331444178628924,-4.865146116463076e-05,0.016549009984978203,-0.37190114966042365,1.4464638165123125,0.31348137891859196,0.055019308218871896,-0.0045168277623912345,0.048959080761119544,-5.825599141271116,-6.120620031357197,-1.4314095364915707,0.0067880447886900395,-0.0007076890163433027
0.27,0.0015028536271678992,1.4368586802666037,-1.0596482275886279,-0.5558638985155258,0.00020120582085145818,-8.9165544378704e-06,0.009775069986160567,-0.4343696337105196,-0.3117232575541497,-0.08613068832947968,0.0013583246141052779,-4.6806327074630026e-05,0.012490587219277814,-0.04474411768446618,1.7861381347242966,0.3975982574575294,0.05424650344989029,-0.0029695447315666312,0.04924343780604036,-5.634220339827973,-5.985758989808344,-1.3935063783443364,0.006893760936451829,-0.0006864008980128949
0.28,0.0016015534982645502,1.432557634888936,-1.0626153431152434,-0.5566892779629388,0.00021502758842026354,-9.362332037113702e-06,0.0098699871096651,-0.4301045377667787,-0.29671155266156524,-0.08253794474130548,0.0013821767568805356,-4.457775992433023e-05,0.00852496332880227,0.28964624383703647,2.1124094192667533,0.47868916184783217,0.05326850564870286,-0.001436486553466343,0.049413912653821106,-5.4239461896986505,-5.838759333534506,-1.3522551203136963,0.00698630258686737,-0.0006632290195882011
0.29,0.0017009389115060628,1.4283310834471445,-1.0654080568701962,-0.5574721855537929,0.00022905761953082333,-9.782142299265459e-06,0.00993854132415126,-0.4226551441791361,-0.2792713754952922,-0.07829075908540573,0.0014030031110559803,-4.198102621517565e-05,0.004680299319371576,0.6284839445108836,2.4226309118532035,0.5562733707330203,0.05207155392659083,7.284018208481013e-05,0.04947665056514316,-5.196320631337285,-5.680791768807593,-1.307981939456988,0.00706588685716642,-0.0006383527623998839
0.3,0.0018007558783356401,1.4242108750437972,-1.068003365799801,-0.5582063756096066,0.0002432658207859193,-1.0172483045151572e-05,0.009981696682957722,-0.4120208403347395,-0.2595308929604608,-0.0734190055813739,0.001420820125509595,-3.9034074588611376e-05,0.0009819419051599867,0.968935231421359,2.7143240079621753,0.6299286185781341,0.05064545716465891,0.001549380048577076,0.049437949109680905,-4.953089701143998,-5.513112623126463,-1.2610380197658972,0.0071327450616076185,-0.0006119650312959642
0.31,0.0019007613206544482,1.4202285947661988,-1.0703797257786964,-0.5588859476840383,0.00025762239490103206,-1.0530056410740399e-05,0.010000544231880817,-0.39822802775984223,-0.23763599788955037,-0.067957207443166,0.0014356574115112755,-3.575733655888266e-05,-0.002548225139969573,1.3081337394458097,2.9851887630529133,0.6992868219796797,0.04898403082680246,0.002984752776975963,0.04930411559046559,-4.696185842370354,-5.337053254063477,-1.2117965417099303,0.007187114470579877,-0.0005842706298156552
0.32,0.00200072406108777,1.4164152934578709,-1.0725172159547025,-0.5595053899493767,0.00027209796137901335,-1.0851791666914886e-05,0.009996274043332153,-0.3813301308327907,-0.21374901760061427,-0.06194422653384214,0.0014475566477981311,-3.2173525617448775e-05,-0.005892353171503679,1.643198769914459,3.233113168309419,0.7640290111405061,0.04708541359453747,0.004371471726193676,0.04908133078005024,-4.4277084825682085,-5.154008873301802,-1.160649444813715,0.007229230490702841,-0.0005554845230651348
0.33,0.0021004255125867113,1.412801219440377,-1.074397689660212,-0.5600596193926556,0.0002866636633280865,-1.1134866029285696e-05,0.009970145149894121,-0.3614074017493847,-0.1880473705509597,-0.05542294432788722,0.0014565701949073183,-2.8307436237080983e-05,-0.009037093249744855,1.9712563678864672,3.4561812535738445,0.8238797039280925,0.04495224708531137,0.005703145536559151,0.04877552194775958,-4.149901157941926,-4.965426899236383,-1.1080039972315296,0.007259319481897336,-0.000525830003781245
0.34,0.0021996600557246584,1.4094155544241382,-1.076004911415971,-0.5605440187402342,0.0003012912579088929,-1.1376723467588127e-05,0.009923454313794692,-0.33856650162387164,-0.16072217557589094,-0.04843993475786471,0.0014627594580806389,-2.418574383024299e-05,-0.011973926952706552,2.2894627877917966,3.6526801144177226,0.8786009719990524,0.0425917094048032,0.0069746516451068,0.04839224757155777,-3.8651255613791373,-4.7727949537567795,-1.0542792095478115,0.007277592395355291,-0.0004955367787387207
0.35000000000000003,0.0022982351020073453,1.4062861560038133,-1.0773246795868558,-0.5609544700314265,0.0003159531884466204,-1.1575091529708006e-05,0.009857504628268707,-0.31293984203248193,-0.1319768170884639,-0.041045129119235337,0.0014661930537727488,-1.9836806211987867e-05,-0.014699344012149805,2.5950298725802927,3.82110598490655,0.9279864516239194,0.04001540168537918,0.008182271137433972,0.04793659553541379,-3.57583297793073,-4.577628618482633,-0.9999021325880464,0.007284239381060943,-0.0004648389941141487
0.36,0.0023959708515209274,1.4034393092424662,-1.0783449342723606,-0.5612873847597649,0.0003306226369220515,-1.1727996195881412e-05,0.009773574951358195,-0.2846846761347202,-0.10202546855047183,-0.03329147283384196,0.0014669448475431058,-1.529046661734065e-05,-0.01721485542070106,2.885251822536293,3.9601694883831664,0.9718555468631749,0.037239095237953615,0.009323776013772322,0.047413096061883195,-3.2845336467523434,-4.3814590630824535,-0.945304080829771,0.007279425477967679,-0.0004339732196146971
0.37,0.0024926997627616712,1.4008994899063405,-1.0790558500283407,-0.5615397304952844,0.0003452735563208489,-1.183377477450812e-05,0.009672891124074387,-0.25398193361257676,-0.07109157559801367,-0.025234573551949586,0.0014650919398797421,-1.057785786267089e-05,-0.019526839459055097,3.1575327960436823,4.068800196407154,1.0100480602842126,0.03428235461144357,0.010398462259108676,0.04682565015655653,-2.9937646500202644,-4.185820653776833,-0.8909168240377339,0.00726328746644189,-0.00040317641206826085
0.38,0.0025882657610504585,1.3986891419170622,-1.0794499130232993,-0.5617090538935324,0.00035988068312659715,-1.1891086843039116e-05,0.009556599828878728,-0.22103479892782818,-0.03940629949584975,-0.016932339824802377,0.0014607126805748199,-5.731206853099613e-06,-0.02164622693495401,3.409414765078333,4.1461506118960045,1.042419467293854,0.03116805791758165,0.011407124955541637,0.046177473968045175,-2.7060569754760566,-3.99223864418161,-0.8371687900080041,0.007235931932576624,-0.0003726838797211397
0.39,0.0026825232191564903,1.3968284715400734,-1.0795219822349866,-0.561793499987744,0.0003744195310398336,-1.1898923226551325e-05,0.009425745810603167,-0.18606703769887833,-0.007206921168727329,-0.008444609421150634,0.001453884791323645,-7.836383512208345e-07,-0.023588040097393268,3.638605042128961,4.191599667909388,1.0688370250289765,0.027921839648425067,0.0123519748349884,0.04547105920103345,-2.4239024288024162,-3.802217043795765,-0.7844813208079652,0.0071974345679007255,-0.00034272726868039453
0.4,0.0027753357493778843,1.3953352607277145,-1.0792693342946407,-0.561791827650796,0.00038886636774346136,-1.1856612994110248e-05,0.009281253022139405,-0.14932108123588578,0.02526479403460228,0.00016723369479432378,0.0014446836703627776,4.231023244107778e-06,-0.025370806559657212,3.8430029015315985,4.204755800096224,1.0891768764310221,0.024571482601776717,0.01323649888870193,0.0447081495532793,-2.1497210841358743,-3.6172267521945387,-0.7332650236735133,0.007147840705406139,-0.0003135325927656489
0.41000000000000003,0.002866574850222249,1.3942247018842178,-1.078691691590505,-0.56170342110429,0.0004031981771707998,-1.1763828440144187e-05,0.009123910084436493,-0.11105588434968489,0.057764270413579205,0.00884065465061125,0.001433180942733845,9.278455396606169e-06,-0.027015874666362537,4.020724735706631,4.185459610631263,1.103322275249777,0.02114628449523387,0.014065270682141695,0.04388973306147346,-1.885829955216503,-3.438694039831209,-0.6839162558177656,0.007087167072546197,-0.00028531832750852877
0.42,0.0029561184529928826,1.3935092561204376,-1.0777912332531772,-0.5615282973445742,0.00041739261023127447,-1.16205880061094e-05,0.008954360277063355,-0.07154457637802325,0.09004583373277553,0.01751237597156976,0.001419443306047466,1.4324043403478725e-05,-0.028546659824516617,4.170127214363591,4.133786096787521,1.111163019054672,0.017676421790772515,0.01484371865594436,0.043016050208619115,-1.6344135458840856,-3.2679894496993267,-0.6368137798775984,0.007015404722410662,-0.0002582935881784746
0.43,0.003043849414118607,1.393198536821725,-1.0765725886667057,-0.5612671093509056,0.00043142792728690277,-1.1427257087915237e-05,0.008773096112572428,-0.031071929871264052,0.12186445864715478,0.02611879936685889,0.0014035317055628323,1.9333091819416307e-05,-0.029987852372653907,4.289827951294899,4.0500463706156475,1.1125961355621747,0.014192328831916012,0.015577862763758277,0.042086617635770755,-1.3974968971746224,-3.1064171882919096,-0.5923156236492995,0.006932523084137578,-0.000232656410551791
0.44,0.0031296539981505826,1.3932992200669767,-1.0750428131848286,-0.5609211449404014,0.0004452829358393657,-1.1184546667931188e-05,0.008580458403197556,0.01006832452517014,0.1529775481876966,0.034596441050429014,0.001385500855246297,2.427104199840486e-05,-0.03136461678357468,4.3787232279237704,3.9347887500982734,1.1075278235248227,0.01072410542859506,0.016274031209246087,0.041100267281513315,-1.1769216898814716,-2.955205069539229,-0.5507561742283756,0.006838475051576614,-0.00020859215171277143
0.45,0.003213420394219694,1.393814983115291,-1.073211345784663,-0.5604923211390516,0.0004589369268840169,-1.0893509707721177e-05,0.008376639606911122,0.051576304831433564,0.1831467400165701,0.042882380134980524,0.0013653991044651212,2.9103696021001158e-05,-0.03270180974101339,4.436002374444951,3.788799059191496,1.0958766039373202,0.007300961332761438,0.016938569756023147,0.04005520071389961,-0.9743258872808074,-2.815495071815202,-0.512443532766665,0.006733203004649015,-0.00018627202651996778
0.46,0.003295037305652447,1.3947464718241955,-1.071089948463278,-0.5599831739488005,0.00047236961322620494,-1.0555535239504695e-05,0.00816169114327533,0.09314887089045296,0.21213973213849785,0.050914719025107094,0.0013432686342188013,3.379744682164823e-05,-0.034023241337845594,4.461158467482415,3.613099936839512,1.0775775913437897,0.003950702321614402,0.017577556110822345,0.03894905829747835,-0.7911273143914466,-2.6883345656519153,-0.4776571518955969,0.006616645630868992,-0.00016585179352518735
0.47000000000000003,0.003374392648621119,1.3960912974860566,-1.0686926272780835,-0.5593968434083778,0.00048556107275823094,-1.0172340101042727e-05,0.007935534296867176,0.13448256618611093,0.23973211851946305,0.05863305404226709,0.0013191459532025994,3.831951384619686e-05,-0.03535099975909297,4.453995067103822,3.4089489256009258,1.0525877497955207,0.0006992602928382885,0.01819653127053167,0.03777900263596443,-0.6285114697184837,-2.5746682683453854,-0.4466457735445777,0.006488745385985258,-0.00014747060213290102
0.48,0.003451372391365142,1.3978440631735811,-1.0660355350511261,-0.5587370538707752,0.0004984916992898537,-9.745958270272953e-06,0.007697974274402311,0.17527656875243602,0.2657092226957306,0.06597895376026444,0.0012930626531622736,4.263818307697743e-05,-0.03670485572428464,4.414628785295148,3.1778350909666857,1.0208919547434547,-0.0024297309792700728,0.01880025855377032,0.03654181544195057,-0.4874237554638672,-2.475330980912051,-0.41962568051498716,0.006349456404258637,-0.00013125001066542337
0.49,0.0035258595608355942,1.399996419278358,-1.0631368559006582,-0.558008089453381,0.0005111421630426518,-9.278727772457858e-06,0.007448716947045242,0.21523561047770381,0.2898679150467931,0.07289644173941942,0.001265046375279811,4.672304978150947e-05,-0.038101758956064095,4.343487552180441,2.921473914385838,0.9825096423330955,-0.005415312147371426,0.01939251939786557,0.03523400661257354,-0.3685661956749495,-2.391041162506777,-0.39677927085568254,0.006198752642646237,-0.0001172931827829745
0.5,0.0035977334387117506,1.402537147515742,-1.0600166719301025,-0.5572147646578974,0.0005234933823906967,-8.773275153578921e-06,0.007187387787615658,0.2540728237383904,0.3120183970555756,0.07933247954835661,0.0012351219348044856,5.054526188789365e-05,-0.03955543518485493,4.241304524918156,2.6418002076302627,0.9375017927815108,-0.008239522788921982,0.01997595299310706,0.03385193384929627,-0.27239859215738216,-2.3223953970081253,-0.3782539599186353,0.006036636021564903,-0.00010568426742362625
0.51,0.0036668689637106354,1.405452272263025,-1.056696812593164,-0.5563623902060466,0.0005355265078872849,-8.232497538792418e-06,0.006913552499888465,0.29151247472828684,0.3319859336938487,0.08523744518508773,0.0012033125496588165,5.407776147865034e-05,-0.04107608875551293,4.1091076667618225,2.340958814091916,0.8859779664084684,-0.010887668291696045,0.020551944558503732,0.032391930677135444,-0.19914394895347343,-2.2698638055434084,-0.3641614110339616,0.005863144310468088,-9.648796510128543e-05
0.52,0.003733136352024575,1.4087251977041313,-1.0532006874615827,-0.5554567341931795,0.0005472229190870117,-7.659542323429754e-06,0.006626738831393987,0.32729254411063446,0.34961251315812353,0.09056560128671096,0.0011696411199726762,5.72955215362664e-05,-0.042670212757351104,3.948205109493279,2.0212928940639796,0.8281030910133751,-0.013348521671387503,0.0211205646572471,0.0308504402296161,-0.14879788175873054,-2.233786456784888,-0.35457709209614396,0.005678358501485557,-8.974928105629052e-05
0.53,0.0037964009426323586,1.4123368688814912,-1.0495531033451122,-0.5545039787243433,0.000558564234176768,-7.057784575655927e-06,0.006326459060778371,0.3611671177359893,0.3647584116470377,0.09527554688362573,0.0011341315089756325,6.0175774777382746e-05,-0.044340505700468325,3.760166500282803,1.6853296355338405,0.7641036892277313,-0.015614452084648622,0.02168055953610415,0.02922415171349902,-0.12114162287508368,-2.2143708234526174,-0.34954015204314204,0.005482409420666307,-8.54934634215422e-05
0.54,0.003856523269190594,1.416265954412883,-1.045780066946967,-0.5535106722649092,0.0005695323319856252,-6.430802263788772e-06,0.006012232655823526,0.39290855313918827,0.3773036398145205,0.09933064594341029,0.0010968097808857157,6.269823118671547e-05,-0.04608589105411741,3.5468006226126714,1.3357632884853032,0.6942732353592618,-0.017681472288520766,0.022229390185319886,0.027510136098349163,-0.11575813913461275,-2.211690328231638,-0.34905360826354803,0.005275483345048035,-8.372612228025044e-05
0.55,0.003913359355286093,1.4204890483262629,-1.0419085744765497,-0.5524836780089744,0.0005801093855639634,-5.782349456645224e-06,0.005683608609549925,0.42230939133797496,0.38714924704172704,0.10269942559349265,0.0010577053578338298,6.484528071435476e-05,-0.04790163341790489,3.3101296683943087,0.9754354875106032,0.6189763440886473,-0.01954919921762796,0.022763315785902405,0.02570597733551937,-0.13205080332459662,-2.2256840149801045,-0.3530848333913196,0.005057826425085752,-8.443352328718325e-05
0.56,0.00396676122509497,1.4249808882068766,-1.0379663898783824,-0.5514301186415844,0.0005902779062134138,-5.116327681259958e-06,0.00534018698088763,0.44918398806137877,0.39421845981673687,0.1053559367389979,0.001016852064945038,6.660217753852657e-05,-0.049779542726426484,3.052360622551567,0.6073129025094897,0.5386515184450307,-0.02122072510806483,0.023277515557299733,0.023809895337918857,-0.1692640021423526,-2.2561573715361503,-0.3615663277343941,0.004829747755145856,-8.758304744671671e-05
0.5700000000000001,0.004016577617042502,1.4297145866455487,-1.0339818135649257,-0.5503573179433228,0.0006000207966134823,-4.436755657988832e-06,0.004981639194753199,0.4733698438672087,0.39845763134566636,0.10728006982616521,0.0009742890400068411,6.795720232711264e-05,-0.05170825574619846,2.77585429942822,0.23446233768580949,0.45381222179309866,-0.02270240086746092,0.02376624182473769,0.021820857073372318,-0.22650502802611605,-2.3027843186476553,-0.37439676171106406,0.004591620988027705,-9.312380673500743e-05
0.58,0.00406265488399474,1.4346618728311822,-1.0299834437542352,-0.549272739755732,0.0006093214115266344,-3.747737667379404e-06,0.004607726695223867,0.4947286185633501,0.3998369810690383,0.1084578187590788,0.0009300614913152164,6.890179906094283e-05,-0.053673582295686355,2.483092639339712,-0.13997651811006756,0.3650460872146626,-0.024003538181269574,0.024222996443505812,0.019738672452018543,-0.30276658987227956,-2.3651103657422152,-0.3914422711067257,0.004343884450071068,-0.00010098740356928354
0.59,0.004104838059948472,1.4397933410491137,-1.0259999327040128,-0.5481839248910673,0.0006181636244667913,-3.053430835241121e-06,0.004218317595373221,0.5131468217931612,0.3983511050222326,0.10888148646647068,0.0008842212940156927,6.943068321382826e-05,-0.0556589022030409,2.1766449301165087,-0.5128204047718214,0.2730121363103075,-0.02513604158236618,0.02464072254727767,0.01756407221507367,-0.39694928915664285,-2.442556918781907,-0.4125379866801776,0.0040870397778160665,-0.00011108882071273005
0.6,0.004142972070226634,1.445078702833274,-1.0220597402947293,-0.5470984266277179,0.0006265318986803114,-2.3580116510475856e-06,0.0038134010278162347,0.5285361784160393,0.39401924092834295,0.10854982633493074,0.0008368274213520103,6.954191841935357e-05,-0.0576455981038971,1.859133659196498,-0.880873505724108,0.1784359460970446,-0.026113985833189662,0.025012003885311995,0.015298765732041957,-0.5078834427252579,-2.53442670881524,-0.4374897786106259,0.003821649161336896,-0.00012332742710223927
0.61,0.004176903059923478,1.4504870395754428,-1.0181908875398742,-0.5460237454810803,0.0006344113608061433,-1.6656420591494704e-06,0.0033930989696843265,0.5408336742168647,0.3868852754855187,0.10746811466375196,0.0007879462125831868,6.923695918981153e-05,-0.05961350884195455,1.5332007235046197,-1.2409597322381076,0.0821027747421369,-0.026953157006929768,0.025329264697949466,0.01294547744190932,-0.6343496898035701,-2.6399102926728126,-0.4660761954559881,0.0035483313390055164,-0.00013758808433327112
0.62,0.004206479813845778,1.4559870525184089,-1.0144207126856761,-0.5449672639767469,0.0006417878756449637,-9.804354813375797e-07,0.0029576753922300678,0.5500012942966113,0.3770174854197971,0.10564815043334605,0.0007376514838820386,6.852065778118907e-05,-0.06154138850128179,1.2014747242200783,-1.5899557869775671,-0.015151268604643109,-0.02767057729022826,0.025584964039877173,0.010507961572742737,-0.7750978958592554,-2.7580935602576497,-0.49805057666918884,0.0032677565394607865,-0.00015374233815359904
0.63,0.004231555240499523,1.4615473072484135,-1.01077563260164,-0.5439361821769223,0.0006486481205678129,-3.0642314225644264e-07,0.002507542665374512,0.55602547300046,0.36450800840361924,0.103108179982458,0.0006860244922849295,6.74012339081137e-05,-0.06340735696394215,0.8665400494956224,-1.924824471940896,-0.11244985084098502,-0.028284033629760508,0.02577177957599508,0.007990995676767101,-0.9288639562333345,-2.8879661667876313,-0.5331433172788957,0.0029806406054145905,-0.0001716496793124275
0.64,0.00425198789277513,1.4671364700503584,-1.0072809121541049,-0.5429374547207281,0.0006549796582253694,3.524789246227724e-07,0.0020432652275607847,0.5589162801944795,0.3494720447535147,0.09987274561942382,0.000633153765755646,6.58902066879215e-05,-0.06518932930213497,0.5309083991608697,-2.242647677521878,-0.20888861006990922,-0.02881162895671474,0.02588277702778477,0.005400354356151335,-1.0943842036499283,-3.028430793863115,-0.5710642630791459,0.002687738557958604,-0.00019115885847217082
0.65,0.004267643498848728,1.472723533789161,-1.0039604441964385,-0.5419777301337008,0.0006607710063723959,9.925018137563004e-07,0.001565560607359755,0.5587063738802696,0.33204679576664564,0.09597245870273256,0.0005791348147026548,6.400228891335281e-05,-0.06686541319815566,0.19699333152916038,-2.540658478510763,-0.3035486277493247,-0.02927137205294844,0.025911562540479716,0.0027427652657420697,-1.2704072311421877,-3.178313130985551,-0.6115052145887414,0.0023898378677266884,-0.00021210924058758462
0.66,0.004278396478364779,1.4782780313224853,-1.000836542701679,-0.5410632931410521,0.0006660117037913735,1.6100542587113289e-06,0.0010752979516051042,0.5554497533324221,0.3123901494759451,0.09144369926486534,0.0005240697418977646,6.175524449550283e-05,-0.06841426582934033,-0.1329116848753491,-2.816271770126144,-0.39551083443770985,-0.02968081849128834,0.025852416196979977,2.5850012259669684e-05,-1.4557030507834514,-3.3363724596466082,-0.6541425181390639,0.0020877516903912174,-0.00023433218514430805
0.67,0.004284131421085495,1.4837702348223185,-0.9979297514082938,-0.5402000106833775,0.0006706923714786577,2.2017513652859197e-06,0.0005734942720715694,0.5492203499833315,0.2906791293385278,0.08632824576745753,0.0004680667687284227,5.9169710657459063e-05,-0.0698154041326937,-0.45665134960475573,-3.0671129022926857,-0.48387096611877567,-0.030056770877158245,0.025700405685277927,-0.002741947108402555,-1.649069614239334,-3.5013127156832504,-0.6986397227306651,0.001782312299604333,-0.0002576524398650318
0.68,0.00428474450774761,1.4891713397726818,-0.9952586701505837,-0.5393932822832498,0.0006748047684397574,2.7644412369743295e-06,6.130866621151406e-05,0.5401104950363176,0.267108125771006,0.08067284001277109,0.0004112396961099781,5.626898716884099e-05,-0.07104946494167637,-0.7722225073888755,-3.291043812192947,-0.5677546628439973,-0.030415042238180867,0.02545147971508943,-0.005551439496469697,-1.849336819330106,-3.671793902409907,-0.7446502817633176,0.0014743649129048742,-0.00028188953686486063
0.6900000000000001,0.004280144855702545,1.4944536328045719,-0.9928398008068537,-0.5386479953477767,0.0006783418416219051,3.295229192650758e-06,-0.0004599652045064552,0.5282293031889991,0.24188693437299358,0.07452869354730739,0.00035370731821477265,5.307879556764284e-05,-0.07209841403291412,-1.0777839372588018,-3.486186211611548,-0.6463322916886103,-0.03077028222352296,0.025102541194447214,-0.008392784836239002,-2.055368213917281,-3.8464437270603615,-0.7918202793835449,0.0011647620585234788,-0.000306859181690956
0.7000000000000001,0.004270255774869793,1.4995906429134127,-0.9906874145266228,-0.5379684859174245,0.0006812977696865641,3.7914993116111616e-06,-0.0009889080832751443,0.51370101088409,0.21523862802309618,0.06795094303522464,0.00029559280646589944,4.9627011896040364e-05,-0.07294570550914863,-1.371662015342733,-3.650941454067531,-0.718833082099648,-0.031135862090802435,0.024651500446535857,-0.01125557527673633,-2.266060681696418,-4.023869336083604,-0.8397911619922054,0.0008543585773025047,-0.00033237462713804085
0.71,0.004255015922446984,1.5045572759657018,-0.9888134415995875,-0.5373585052872517,0.000683668000486791,4.250933081236455e-06,-0.0015239852422808927,0.4966633052288998,0.18739729270352776,0.06099806301727992,0.00023702308002267858,4.594337696252928e-05,-0.07357639506664934,-1.652352458395548,-3.784006784030427,-0.7845581831221402,-0.03152381149808903,0.024097308915271953,-0.01412892905382014,-2.480342451951942,-4.202669030465874,-0.8882024563878063,0.0005440072982569985,-0.000358248025118589
0.72,0.004234380347548252,1.509329932728261,-0.987227385011053,-0.536821192835451,0.0006854492822596966,4.6715249664336565e-06,-0.0020635574898732433,0.47726567625591143,0.15860565885345498,0.05373124518006529,0.00017812817729056377,4.2059188519720205e-05,-0.07397721245966643,-1.9185184903456431,-3.8843877531558393,-0.8428922876503506,-0.03194479801369232,0.023439973919297863,-0.017001581957607797,-2.697169815957689,-4.381443849999856,-0.9366944570563291,0.00023455537271155108,-0.0003842917511216184
0.73,0.004208321419362081,1.513886610935371,-0.9859362583986412,-0.536359055298195,0.000686639688668447,5.05159476649641e-06,-0.0026058928186170846,0.4556678207109978,0.12911266124118667,0.04621375372559653,0.0001190406408750385,3.800698000627537e-05,-0.0741365998133537,-2.1689858924118837,-3.9514066730123654,-0.8933135168187611,-0.032408139048756224,0.022680555107679523,-0.01986197764349104,-2.9155229562724685,-4.558808924717683,-0.984910866216449,-7.315879587678863e-05,-0.0004103196968667119
0.74,0.004176829634436591,1.5182069921381467,-0.9849445487907913,-0.5359739526317104,0.0006872386379278527,5.389796672886142e-06,-0.00314917849254899,0.43203812027757316,0.09917096078498801,0.038510266648463756,5.989492594057934e-05,3.382019063897321e-05,-0.07404472330654813,-2.4027354927582385,-3.984707056871828,-0.9354013158008279,-0.032921835575630665,0.021821143379186614,-0.02269835636215354,-3.1344013022013697,-4.733404501941117,-1.0325013713475928,-0.00037830812835751445,-0.00043614852761439784
0.75,0.004139914300253812,1.5222725142514908,-0.9842542041760721,-0.5356670905046864,0.0006872469063201089,5.685124989466463e-06,-0.0036915334182779248,0.40655221133440045,0.06903446147192062,0.030686212702404327,8.268392256188573e-07,2.9532831658032044e-05,-0.07369346612985307,-2.6188937195998516,-3.98425408195459,-0.9688421778016476,-0.033492617422543,0.02086482316923277,-0.02549884219294642,-3.352818816290448,-4.9039065679895995,-1.0791241460243575,-0.000680079082668379,-0.0004615989012099979
0.76,0.004097604093320547,1.5260664308243168,-0.9838646456303072,-0.5354390193688401,0.0006866666364512325,5.9369165237810285e-06,-0.004231020693326497,0.3793916572826024,0.03895585457649087,0.02280711358463706,-5.8026986887638054e-05,2.517915343145662e-05,-0.07307641053059198,-2.8167218791211948,-3.9503311757073867,-0.9934330831985072,-0.03412599100025354,0.01981561919297714,-0.028251529264112243,-3.569799594461565,-5.069036993988046,-1.1244482609143618,-0.0009776736490164112,-0.00048649664630960544
0.77,0.004049947490593445,1.5295738581088056,-0.9837728034219456,-0.5352896399647781,0.0006855013406140134,6.14484970300113e-06,-0.004765660272710155,0.3507427284488785,0.009184220836156432,0.014937940406195872,-0.00011652958372191302,2.0793317922010196e-05,-0.07218881621657719,-2.995604825276509,-3.8835328935833737,-1.0090826126446615,-0.0348262818599821,0.018678428954962745,-0.030944567703002194,-3.7843741281422916,-5.227573144983122,-1.1681559927337686,-0.0012703112770246338,-0.0005106738973717044
0.78,0.003997013073215041,1.5327818109973135,-0.9839731762301378,-0.5352182150360101,0.0006837558996108948,6.30894051026301e-06,-0.005293441737840426,0.3207952888507867,-0.02003728081922008,0.007142492876799574,-0.00017454410031185979,1.6409080726188018e-05,-0.07102760145761802,-3.1550396630993913,-3.7847543104011843,-1.0158097637577441,-0.035596666343178485,0.01745894258414149,-0.03356625016311866,-3.995576532530318,-5.378356900370143,-1.2099450197704105,-0.0015572308759954233,-0.0005339701839148996
0.79,0.003938889701340189,1.5356792288367522,-0.9844579123488757,-0.5352233869475699,0.0006814365573524261,6.429535375493063e-06,-0.005812337187485151,0.28974178394386557,-0.04847361187378847,-0.000517191155982929,-0.00023193422584686047,1.2059486523005284e-05,-0.06959133196654124,-3.294625072878231,-3.6551771923411853,-1.013740568192457,-0.03643918860744061,0.016163551808123566,-0.03610509971937926,-4.202442993031776,-5.520303041235456,-1.249530493264312,-0.001837693010366433,-0.0005562334712693828
0.8,0.003875686558376466,1.5382569920274376,-0.9852169115176941,-0.5353032008383614,0.0006785509114871897,6.507301188867105e-06,-0.006320314296372338,0.2577763190685356,-0.07589991688183646,-0.00798138907914962,-0.000288564586523635,7.776581337404169e-06,-0.06788022114102832,-3.414051763304531,-3.496253252203202,-1.003102667262727,-0.037354761362300704,0.014799250122412233,-0.03854995971775774,-4.404011623977315,-5.652406966537136,-1.2866469744771811,-0.0021109823845321726,-0.0005773211496220169
0.81,0.0038075330623623047,1.5405079301758227,-0.9862379458173047,-0.5354551328789033,0.0006751079002417677,6.543212634315466e-06,-0.006815349601416132,0.22509381483850674,-0.10210342996106936,-0.015193204054194397,-0.0003443011245421974,3.5911445448360343e-06,-0.06589614359131116,-3.5130944625258507,-3.3096848173632902,-0.9842180578785467,-0.03834315060964749,0.013373526415421666,-0.04089008583068419,-4.5993238719155105,-5.773751705101196,-1.3210502276958767,-0.0023764106767036153,-0.0005971009676120595
0.8200000000000001,0.0037345786415868493,1.5424268224085176,-0.9875067978988176,-0.5356761231591405,0.0006711177855595041,6.538537064675259e-06,-0.007295442077545546,0.1918892232694857,-0.12688520815128035,-0.02209902802370895,-0.0003990114682263627,-4.6755696402069443e-07,-0.06364266215628027,-3.5916057428131136,-3.0974032588156235,-0.9574942650914551,-0.039402946466965405,0.011894254461787712,-0.043115240134519214,-4.787427531971975,-5.883514194323765,-1.352518859721714,-0.002633319742844597,-0.0006154519061197139
0.8300000000000001,0.0036569923710413105,1.544010390279407,-0.9890074146788073,-0.5359626126946501,0.000666592132530161,6.494817159061605e-06,-0.007758627054553884,0.15835678708893133,-0.15006167799897166,-0.02864895355095351,-0.0004525653029343061,-4.371990561365385e-06,-0.06112506690868478,-3.6495118535818727,-2.86154554182204,-0.9234142318721617,-0.04053152369212926,0.010369580775838272,-0.04521578652594508,-4.9673813816941905,-5.980970799444883,-1.3808557966296642,-0.0028810851715029367,-0.0006322649872476879
0.84,0.003574962466003178,1.5452572835233176,-0.990722074529648,-0.5363105840138817,0.0006615437850049817,6.413851616776725e-06,-0.00820299050381327,0.12468932439107754,-0.17146598508407218,-0.03479713192315402,-0.0005048347525179274,-8.096554228487978e-06,-0.05835042304985522,-3.686810615098081,-2.604429264990063,-0.8825252403870856,-0.04172499678186936,0.008807813316092927,-0.0471827862703707,-5.138261374122888,-6.065502049558449,-1.4058895887797112,-0.0031191201310430483,-0.0006474440128724768
0.85,0.0034886956290997484,1.546168058738839,-0.992631565924874,-0.5367156047737551,0.0006559868371991106,6.297674150722037e-06,-0.008626683690342963,0.09107752155212603,-0.1909491395226022,-0.04050207598735175,-0.0005556947805871149,-1.1617746605468844e-05,-0.055327623168340175,-3.7035713073146743,-2.3285265559194963,-0.8354271917366383,-0.04297817545469468,0.007217313445037843,-0.04900809196930922,-5.299168272092378,-6.136596568440691,-1.4274755352734088,-0.003346879414721651,-0.0006609062265824193
0.86,0.0033984162476656723,1.546745150928836,-0.9947153754619159,-0.537172873845541,0.0006499366010015864,6.148531047057227e-06,-0.009027938143407627,0.05770921899969811,-0.20838095370419538,-0.04572690717858396,-0.0006050236197524162,-1.4914310366480886e-05,-0.05206743814744823,-3.699936380225466,-2.0364371885100008,-0.7827605730926575,-0.04428452693828083,0.0056063933733481175,-0.050684437786267196,-5.449236550428019,-6.193854180122219,-1.4454966193219123,-0.0035638635583098515,-0.0006725828923676712
0.87,0.0033043654391668514,1.5469928376978705,-0.9969518831779794,-0.5376772693168024,0.0006434095686476706,5.9688575570954604e-06,-0.009405080849882091,0.024768676903470545,-0.22365077160635682,-0.050439547126132016,-0.0006527032353915824,-1.7967348996176697e-05,-0.04858256010579474,-3.6761247183029933,-1.7308612799732122,-0.7251944329175704,-0.04563615175483687,0.003983221066509279,-0.05220552341989602,-5.587644343151676,-6.236988171190017,-1.4598642463773597,-0.003769622881302678,-0.0006824197831243973
0.88,0.0032067999439490185,1.5469171958074583,-0.9993185630972107,-0.5382233978674955,0.0006364233703640413,5.761253382553289e-06,-0.009756549521783271,-0.007564189041225591,-0.23666799192311858,-0.054612855069310164,-0.0006986198283629265,-2.076041745421716e-05,-0.044887630183532916,-3.6324361153812643,-1.4145719146743514,-0.6634146672083254,-0.047023779635467555,0.002355734266701215,-0.053566089091342514,-5.713624170292539,-6.265826694347716,-1.4705187774243687,-0.003963761287523214,-0.0006903775719191409
0.89,0.003105990866592415,1.5465260497273905,-1.0017921869963393,-0.5388056449981666,0.0006289967265786646,5.5284575067794875e-06,-0.010080907735660352,-0.03911460800677994,-0.24736238991287018,-0.05822471306710864,-0.0007426643785376732,-2.3279587577380138e-05,-0.04099924377553293,-3.569256560008251,-1.0903880270501962,-0.5981128935905868,-0.048436791800145845,0.0007315649071552022,-0.054761978744544006,-5.826474144565149,-6.280313300999121,-1.4774298505733179,-0.004145939655026672,-0.0006964321190611807
0.9,0.003002222269690932,1.5458289117969124,-1.0043490294490445,-0.5394182256145228,0.0006211493942974125,5.273322613019846e-06,-0.010376859690148291,-0.06971379304780831,-0.25568424527052036,-0.061258061635620725,-0.0007847332281252068,-2.5513489375964192e-05,-0.036935925981237204,-3.487063895973153,-0.7611478568453125,-0.529976156768349,-0.04986327512105057,-0.0008820252181102606,-0.0557901887586968,-5.925569332985325,-6.280506594704663,-1.4805964850738316,-0.00431587864905051,-0.0007005746483752636
0.91,0.0028957896268691314,1.5448369136241928,-1.0069650723033279,-0.5400552345043788,0.0006129021072912574,4.998789316732613e-06,-0.010643264282180048,-0.0991998172719545,-0.26160428542834274,-0.06370088898559369,-0.0008247287006155128,-2.7453329628723232e-05,-0.032718070598978695,-3.386433408500554,-0.42968326657218164,-0.45967766970471224,-0.05129011265721006,-0.002478197095552359,-0.05664889974545165,-6.010372933203213,-6.266579002377023,-1.480046963096054,-0.00447336080523946,-0.0007028118066697809
0.92,0.002786998145216163,1.5435627284053468,-1.009616206857907,-0.5407106962789198,0.0006042765098125169,4.707860423081013e-06,-0.010879148165296854,-0.12741852188460828,-0.26511345545791276,-0.06554617745409928,-0.0008625597478740485,-2.9092889365160048e-05,-0.028367836938501853,-3.268042892634515,-0.09879518331188392,-0.387868751527467,-0.05270311372664471,-0.004050575431652881,-0.057337489441967045,-6.080446919442727,-6.238814666041475,-1.4758384861164098,-0.004618231752870775,-0.000703165601261125
0.93,0.0026761609709345584,1.542020483932772,-1.0122784321294884,-0.5413786143891813,0.0005952950836662665,4.4035754036384234e-06,-0.011083717428160458,-0.15422444725747947,-0.2662225271581304,-0.06679181102615842,-0.0008981426146250352,-3.0428501944258958e-05,-0.023909000045581778,-3.1326767849525847,0.22876960520214767,-0.3151720770398718,-0.054087185099244386,-0.005593278271682378,-0.0578565252955467,-6.135461818660766,-6.197606464826254,-1.4680566044873706,-0.004750400478187412,-0.0007016732115366937
0.9400000000000001,0.0025635972957308976,1.5402256661828713,-1.0149280477390314,-0.5420530188694197,0.0005859810686023101,4.08898526868901e-06,-0.011256367520366089,-0.17948177499008533,-0.2649615609542984,-0.06744044802384128,-0.0009314015063956422,-3.1459013494941375e-05,-0.019366751599236492,-2.9812289806410317,0.550340106532557,-0.24217630551613656,-0.055426543090431296,-0.007100936018609116,-0.05820773603608763,-6.175205293770085,-6.143452184438493,-1.4568144207469942,-0.0048698385646216485,-0.0006983866718977018
0.9500000000000001,0.0024496303851500784,1.538195013520362,-1.0175418400879523,-0.5427280125004633,0.0005763583761610332,3.7671279939079966e-06,-0.011396691058081922,-0.20306526625092622,-0.26137923489209447,-0.06749936310436179,-0.0009622692441276909,-3.218572747810134e-05,-0.014767450711599904,-2.8147040123550675,0.8633410775670561,-0.16943210966711142,-0.056704964370527716,-0.008568700844722027,-0.05839396230982357,-6.199589237068125,-6.076949859532629,-1.4422515694001785,-0.004976578387685522,-0.00069337242498714
0.96,0.0023345855534966952,1.5359464017245028,-1.0200972606408483,-0.5433978151270683,0.0005664514972983431,3.4410046432325014e-06,-0.01150448316533834,-0.22486117958591306,-0.25554205528960255,-0.06698026266049868,-0.0009906878862690125,-3.261233506754953e-05,-0.010138326071534401,-2.6342163321011234,1.165311165012989,-0.0974495808801441,-0.0579060712517737,-0.009992247673794474,-0.05841908725619078,-6.208655112611179,-5.99879232285543,-1.424532978234839,-0.005070710285360047,-0.0006867107458355133
0.97,0.0022187881130108153,1.5334987202252843,-1.0225725952760785,-0.5440568059027149,0.000556285404324222,3.1135563138909253e-06,-0.011579744048587975,-0.24476814992184645,-0.24753346352301073,-0.06589907756465944,-0.0010166092974121057,-3.274483293415762e-05,-0.005507133245199988,-2.4409875094067153,1.4539191644624991,-0.026696945218392276,-0.059013645164357476,-0.011367768002356768,-0.05828794870020978,-6.202577330089748,-5.9097610035880415,-1.4038474186681906,-0.005152378767529319,-0.0006784950393952992
0.98,0.0021025613273893463,1.530871740128272,-1.0249471238059917,-0.544699563272249,0.0005458854479079484,2.7876420152634576e-06,-0.01162267856214691,-0.2626980097012282,-0.23745285299132265,-0.06427573695340644,-0.001039995641627353,-3.259142986274675e-05,-0.0009017733800555856,-2.2363412350873855,1.726978373885014,0.04239951241999984,-0.06001196009169328,-0.012691957822885992,-0.05800623535716197,-6.18166448344324,-5.810719025620403,-1.3804058550905636,-0.0052217778679778965,-0.000668831015825725
0.99,0.0019862244013996813,1.5280859747986304,-1.027201268901673,-0.5453209025365106,0.0005352772501209686,2.4660175808116143e-06,-0.011633692598966499,-0.2785765329641722,-0.2254145095681141,-0.06213392642615332,-0.001060819778697986,-3.216244344518434e-05,0.003650118064819774,-2.0216960969286397,1.9824590596034297,0.10945445034252878,-0.06088612602054715,-0.013962000812243022,-0.057580370060380734,-6.146358343420853,-5.702603664310014,-1.3544396056226613,-0.0052791457774624346,-0.0006578357497698834
1.0,0.0018700905390751435,1.5251625339614012,-1.0293167337801752,-0.545915910872972,0.0005244865946946991,2.151315701935021e-06,-0.011613386232453778,-0.2923440837229253,-0.21154648785022667,-0.059500833646144405,-0.0010790655426269433,-3.147018788765933e-05,0.00812160175190029,-1.7985561687777534,2.2184990918759953,0.17412155833446552,-0.06162243109408773,-0.015175547772424844,-0.05701738349026238,-6.097230552807252,-5.586418227339522,-1.326198329063039,-0.005324758924460004,-0.0006456366316737244
1.01,0.0017544651027023362,1.5221229724502683,-1.0312766281232721,-0.5464799797119883,0.0005135393158534461,1.846027164357212e-06,-0.011562543637280737,-0.3039561511132905,-0.19598943430970442,-0.056406883901623746,-0.0010947278841252975,-3.052885375778091e-05,0.012486871394014908,-1.5684995254162262,2.433412841606332,0.23609091127801474,-0.06220867025403823,-0.016330693074282324,-0.05632478217737602,-6.034977034242654,-5.463223431376188,-1.2959478550146883,-0.005358925689925116,-0.0006323702208717334
1.02,0.001639643903443685,1.5189891348952984,-1.033065581794359,-0.54700883438928,0.000502461187230289,1.5524833614496134e-06,-0.01148211992586513,-0.3133837554969866,-0.1788953671086923,-0.052885467729180895,-0.001107812862315703,-2.935438029075987e-05,0.016721683123416882,-1.3331648600980779,2.6256984580294778,0.2950857796485975,-0.06263444782340657,-0.01742594858973673,-0.05551041466153815,-5.96041018160345,-5.334128351179523,-1.2639678761874817,-0.005381979952845876,-0.0006181810116545766
1.03,0.001525911651971001,1.515782997776714,-1.0346698460035038,-0.5474985610116707,0.0004912778124750724,1.2728401545936275e-06,-0.011373225147268394,-0.3206137118584249,-0.1604264209144779,-0.048972662239063214,-0.0011183374755216703,-2.7964320685598582e-05,0.020803762457300687,-1.0942364381419958,2.7940436683719043,0.35085909402814064,-0.0628914417898571,-0.01846021533179701,-0.054582339612010755,-5.87444896493189,-5.200281021488292,-1.230549523629113,-0.005394274664293218,-0.000603220124796697
1.04,0.0014135405939615317,1.512526510382635,-1.0360773816397257,-0.547945630484999,0.0004800145192089962,1.0090631479669443e-06,-0.011237105800946936,-0.3256487394078963,-0.1407535636221957,-0.04470694733282688,-0.0011263293266076228,-2.637770066266832e-05,0.024713173932319792,-0.8534276672646816,2.9373302536136707,0.4031897599968026,-0.06297361854112511,-0.019432752790414565,-0.05354869946448313,-5.778107134167256,-5.062858774392394,-1.1959928471023626,-0.005396175639346677,-0.0005876439380256235
1.05,0.0013027893508287757,1.5092414362907924,-1.0372779345449625,-0.5483469196608519,0.0004686962579625771,7.629144436466811e-07,-0.01107512431327559,-0.32850740918425825,-0.12005529052367651,-0.040128917585286604,-0.0011318261246419112,-2.461487043202632e-05,0.02843263917171282,-0.6124636026566634,3.0546373591906653,0.4518790128497283,-0.0628773884709406,-0.02034314578467511,-0.05241760273227947,-5.672479756840211,-4.923058395971055,-1.1606042239727612,-0.005388055739677416,-0.0005716126696414463
1.06,0.0011939019807841653,1.5059491970452437,-1.038263097547126,-0.5486997295627709,0.0004573475076490499,5.359409422126328e-07,-0.01088873700446105,-0.3292239245548754,-0.09851630021635173,-0.03528099019189481,-0.0011348750313527197,-2.2697350143404827e-05,0.031947790636868416,-0.37306273176687366,3.1452437957053005,0.4967469892256684,-0.06260169515744911,-0.02119126857361059,-0.05119701763495334,-5.5587283680414,-4.782086185825944,-1.1246937207800212,-0.0053702895960813495,-0.0005552889299394477
1.07,0.0010871072694592955,1.5026707197177434,-1.0390263591019593,-0.5490018006535109,0.0004459921889735331,3.294642536397542e-07,-0.010679471132486977,-0.3278477327500385,-0.07632615548331391,-0.030207109074001783,-0.0011355318675516824,-2.0647668857287858e-05,0.0352473505676696,-0.13691840035678204,3.208629472871337,0.5376296754407104,-0.062148033605868236,-0.02197724599503531,-0.049894679095038426,-5.438065046184395,-4.641148001878256,-1.0885724321314043,-0.005343248991640016,-0.0005388362552588994
1.08,0.0009826182531065492,1.4994262900291702,-1.0395631384173907,-0.5492513251035096,0.00043465358696359927,1.4457228271814042e-07,-0.010448901635274632,-0.32444296885731205,-0.053677931543128436,-0.02495244499986756,-0.0011338602009933819,-1.8489197092161377e-05,0.0383232275407149,0.09431975208937553,3.2444760907323085,0.5743763709299721,-0.061520396183752754,-0.022701411539306382,-0.048518010522909515,-5.311735754420629,-4.501439370595304,-1.0525498216777263,-0.005307298994386055,-0.0005224176393948649
1.09,0.0008806319711073161,1.4962354126596031,-1.0398708069524278,-0.5494469560177895,0.0004233542835375951,-1.7887447916180998e-08,-0.010198628199923305,-0.3190877369566995,-0.030766853503722123,-0.019563091427992778,-0.0011299303426004124,-1.6245973063432142e-05,0.041170526521812585,0.31906398251935386,3.252667186791589,0.6068477803053067,-0.06072514816517262,-0.023364262501963773,-0.0470740611785701,-5.181003304364072,-4.364135739855997,-1.0169310897240849,-0.0052627948953281895,-0.0005061940767947841
1.1,0.0007813294384273898,1.4931166802973577,-1.0399486961982742,-0.5495878135749624,0.0004121161007153184,-1.5731267621532794e-07,-0.009930253267992637,-0.31187323622454305,-0.007788924584633639,-0.014085755717298129,-0.0011238182822276737,-1.3942522829914695e-05,0.04378747206062515,0.5358059067562718,3.233287607424303,0.6349148200291257,-0.05977083802253794,-0.02396641267759908,-0.045569459301258775,-5.0471303056530346,-4.230382948161212,-0.9820145915064099,-0.005210079975269853,-0.0004903231314507696
1.11,0.0006848758230339557,1.490087652869318,-1.0397980916653675,-0.5496734880287506,0.00040096005473680304,-2.733494231925903e-07,-0.009645361539343408,-0.30290274280395435,0.015060453290673275,-0.008567445378818352,-0.0011156045978515331,-1.160367469772624e-05,0.04617524813739833,0.7431329006910242,3.1866224384356006,0.6584581961285316,-0.05866795054248716,-0.024508543420139917,-0.0440103806599922,-4.911362461701412,-4.101287980051026,-0.9480893293572562,-0.005149484093594039,-0.00047495754472879573
1.12,0.0005914208083658801,1.4871647482596089,-1.0394222130195103,-0.5497040395204048,0.000389906321006429,-3.6589310710737746e-07,-0.009345501466807552,-0.2922904609709165,0.03758786458572603,-0.003055149165423373,-0.001105373373037408,-9.254368391478716e-06,0.048337761875557085,0.9397431334043529,3.1131553945677655,0.6773687786457323,-0.05742861329575716,-0.024991354265033405,-0.042402531719594655,-4.774912558931731,-3.97791007359843,-0.915432540920455,-0.0050813230652839965,-0.0004602438945845652
1.1300000000000001,0.0005010991169243444,1.4843631456639657,-1.038826180336123,-0.5496799946504657,0.00037897420943966447,-4.350877039190386e-07,-0.009032169144153578,-0.2801602595643212,0.059603268338737234,0.0024044869939171135,-0.0010932111566764493,-6.91945968116611e-06,0.05028134163660505,1.1244589581220317,3.013566632955416,0.6915487671876388,-0.05606626879843374,-0.025415514640060033,-0.040751146248411814,-4.63894547426897,-3.8612522418762936,-0.8843074042891726,-0.0050058987697117596,-0.00044632131773893234
1.1400000000000001,0.0004140311680658844,1.481696702546475,-1.0380169664766088,-0.5496023397612922,0.0003681821494762935,-4.813229173472474e-07,-0.008706794885846001,-0.2666443117490805,0.0809213859514265,0.007765488917342082,-0.0010792059963370979,-4.623521342820877e-06,0.05201438270140086,1.2962384246434417,2.8887299227251013,0.7009136107849105,-0.05459532575616077,-0.025781618442105858,-0.039060993919196554,-4.504564494400742,-3.752253266472948,-0.8549608794728802,-0.004923499916564853,-0.0004333203054559428
1.1500000000000001,0.00033032384121507437,1.479177885967418,-1.0370033356371942,-0.5494725108883973,0.0003575476837529722,-5.052293326015292e-07,-0.008370732685080998,-0.25188165790569206,0.10136308394146262,0.012982887289494788,-0.0010634465723321246,-2.3906415254281843e-06,0.05354695564842687,1.4541847186682493,2.739709073795443,0.7053946150278012,-0.05303080304073468,-0.02609014339213367,-0.037336399270766936,-4.372799201218347,-3.6517802175509035,-0.8276217039841443,-0.004834403380767734,-0.00042136158261194456
1.16,0.0002500713149865146,1.4768177188398544,-1.0357957681802585,-0.5492923803494675,0.0003470874692124338,-5.076715405051997e-07,-0.008025252622855973,-0.23601671275636213,0.1207567456935705,0.01801305389298203,-0.0010460214540538404,-2.4422079036705194e-07,0.0548903935623503,1.597553378347435,2.5677535039751382,0.7049421407913776,-0.05138797953156704,-0.026341417074265572,-0.03558126929738419,-4.244595132119935,-3.560621551645135,-0.8024985586144834,-0.0047388760091837,-0.00041055507878760665
1.17,0.0001733559530717032,1.4746257414526185,-1.0344063719323868,-0.5490642399554655,0.00033681728427577626,-4.897392332901337e-07,-0.007671536191481143,-0.2191977387235838,0.1389396247871601,0.022814039400198154,-0.0010270184936657576,1.7932307215065926e-06,0.05605687431283308,1.72575718550665,2.3742928059617934,0.69952927262187,-0.04968206174772416,-0.026535591408531956,-0.033799127904841485,-4.120805372865584,-3.4794808353747557,-0.7797784176762406,-0.004637176796873464,-0.00040099899917306727
1.18,0.00010024920910812827,1.4726099883730583,-1.032848780222845,-0.5487907808486817,0.00032675204062281325,-4.527362896940528e-07,-0.007310674396357492,-0.20157530795601247,0.15575917095418268,0.027345910678373553,-0.0010065243652963025,3.7002943596080895e-06,0.05705901337291212,1.8383686774740107,2.160930165847572,0.6891558117561605,-0.04792787943114815,-0.026672627003876515,-0.03199315550503682,-4.002184185988823,-3.4089711404419756,-0.759625096158457,-0.004529559329257471,-0.0003927790021612967
1.19,3.081252496425314e-05,1.4707769806186548,-1.0311380370408687,-0.5484750699981213,0.0003169057981137062,-3.981678850367383e-07,-0.006943668414387512,-0.1833007754403441,0.17107431819763738,0.03157108505603512,-0.000984624250910708,5.456840465731452e-06,0.05790948110065949,1.9351202744477742,1.9294344829746877,0.6738524295957724,-0.04613961708461023,-0.026752288409468195,-0.030166232102327214,-3.889382721094741,-3.349610152618957,-0.7421780044083077,-0.004416274388182072,-0.00038596748962201283
1.2,-3.490180022736057e-05,1.4691317327671902,-1.0292904698093757,-0.5481205234130707,0.0003072917814390364,-3.2772568154057366e-07,-0.0065714325191613705,-0.16452478514645924,0.1847567231493121,0.03545465850506455,-0.0009614016674669766,7.044220349616463e-06,0.058620656239911924,2.0159020660291445,1.681731047845107,0.6536848030426672,-0.04433058709864818,-0.026774150760035753,-0.028320982344080158,-3.782946796511849,-3.3018160347475165,-0.7275511191299859,-0.0042975726241566165,-0.0003806230149992101
1.21,-9.684978956574886e-05,1.4676777744648446,-1.0273235504050153,-0.5477308761707728,0.00029792239719745206,-2.4327117511404235e-07,-0.006194798933838829,-0.14539583023455555,0.19669194043602714,0.03896472422979927,-0.0009369384241584377,8.445450642653132e-06,0.05920432479085665,2.080757348080465,1.4198906503566109,0.6287575440682129,-0.04251304769562081,-0.026737617734612695,-0.026459821154825095,-3.683316686551131,-3.26590408094453,-0.7158321777077379,-0.0041737072035023135,-0.0003767898135560485
1.22,-0.00015499503199456336,1.4664171855947987,-1.0252557451977558,-0.5473101493933338,0.0002888092502595174,-1.4681729691202232e-07,-0.005814524242881451,-0.12605888700458168,0.20678052072594838,0.04207267774390009,-0.0009113146937934701,9.645387820202003e-06,0.05967143055890368,2.1298760465726034,1.1461170146020296,0.5992177329519492,-0.04069806663330572,-0.026641950164686456,-0.024584998740039037,-3.5908287968769033,-3.2420841960508957,-0.7070821011201589,-0.0040449363474860615,-0.0003744974582941758
1.23,-0.00020930800182215366,1.4653506441896316,-1.0231063550347057,-0.5468626143515626,0.0002799631584710254,-4.0508390950123785e-08,-0.00543129698275903,-0.10665414051670821,0.21493901630500137,0.04475350417711649,-0.0008846091788491989,1.0630890596189853e-05,0.06003188080549365,2.163586207660015,0.8627324882122862,0.5652578681846112,-0.03889542956994707,-0.0264863040793063,-0.02269864392509262,-3.5057190639307056,-3.230459230717921,-0.7013346490229809,-0.0039115256904033256,-0.00037376064428999066
1.24,-0.00025976546219979376,1.4644774860126961,-1.020895346249249,-0.5463927539184983,0.0002713941649655729,7.340128745128872e-08,-0.005045746037764011,-0.08731581769354284,0.22110087854567692,0.04698604330643191,-0.00085689935054525,1.139096784014125e-05,0.060294407673504184,2.1823437719178025,0.5721619527916426,0.5271180564246789,-0.037113590287241205,-0.026269776503506537,-0.020802804981474726,-3.4281278745283736,-3.2310241982380505,-0.6985963089351143,-0.003773750394736908,-0.0003745791034049818
1.25,-0.0003063499570767946,1.4637957745999237,-1.0186431739340014,-0.5459052216418379,0.0002631115475815302,1.925703839834064e-07,-0.004658449487700084,-0.06817114127723801,0.22521723152475162,0.04875322766604558,-0.000828261738404268,1.191690965321177e-05,0.06046648358773432,2.1867208845241346,0.2769149661318047,0.4850872831679869,-0.03535965864813129,-0.025991456961779402,-0.018899487281059727,-3.3581062699925432,-3.243666394168894,-0.6988464198594091,-0.0036318969736564063,-0.00037693765052669603
1.26,-0.0003490493929425989,1.463302380446777,-1.0163705988704081,-0.5454047987511175,0.00025512382510050946,3.1459437671099655e-07,-0.004269943586580431,-0.04933941531466592,0.2272575063593147,0.05004228907204017,-0.0007987722481020737,1.2202399272759015e-05,0.06055428674585127,2.17739302118938,-0.02043380489068336,0.43950362872681303,-0.03363942124876318,-0.025650482403391073,-0.016990687305106493,-3.2956231765086983,-3.2681664338778633,-0.7020375290930041,-0.0034862647838969788,-0.0003808063616663643
1.27,-0.0003878567088673051,1.4629930679472944,-1.0140984996545557,-0.5448963494610116,0.0002474387602325042,4.370304123190356e-07,-0.003880731592470618,-0.030931249948259108,0.22720992158524228,0.05084492901059024,-0.0007685064868005256,1.2243603560803906e-05,0.060562711185799416,2.155125230863746,-0.3172657512268696,0.3907533242280543,-0.03195738919595059,-0.025246093169878248,-0.015078422713183166,-3.2405733904686818,-3.304200216301359,-0.7080959794166557,-0.0033371671650770213,-0.0003861408833648049
1.28,-0.00042276963101854723,1.46286258864455,-1.0118476816934827,-0.5443847749751207,0.0002400633594585746,5.574228120750296e-07,-0.0034912922151242136,-0.013047930274432556,0.22508179610729484,0.05115744858909174,-0.0007375400773929621,1.2039239975599397e-05,0.06049541477301401,2.12075780981398,-0.6109409276948294,0.33926857777396524,-0.030316867267854042,-0.024777687665585996,-0.013164758343523354,-3.192786044663492,-3.3513418144697624,-0.7169227222817505,-0.0031849322143400888,-0.00039288287192815527
1.29,-0.0004537905059898684,1.4629047793347671,-1.009638684864502,-0.543874966633732,0.00023300386999913953,6.733289933850468e-07,-0.003102087497132121,0.004219069021702611,0.22089968289807077,0.05098083413886831,-0.0007059489459435087,1.1590618131001727e-05,0.060354897792430875,2.0751917267858584,-0.8988218875991987,0.2855241406446205,-0.02872003884789673,-0.024244873558994767,-0.0112518281656667,-3.1520332881649935,-3.409067284752763,-0.7283943510224473,-0.00302990319736102,-0.00040096056002082714
1.3,-0.0004809262059226281,1.4631126635802665,-1.0074915917275928,-0.5433717586829094,0.00022626577430084468,7.823455365528545e-07,-0.002713569993275964,0.02078842454994222,0.21470931369091845,0.050320795082258014,-0.0006738095698294859,1.0901654316780766e-05,0.06014260462619166,2.0193741151021647,-1.178298488663919,0.2300326260133172,-0.027168061402745247,-0.023647513615351806,-0.009341853334051953,-3.1180389290385406,-3.476759377435885,-0.7423643464963059,-0.0028724386077577167,-0.0004102894470810407
1.31,-0.0005041880975161836,1.4634785552280223,-1.0054258382539836,-0.54287988116964,0.000219853782526113,8.821341133848337e-07,-0.002326189159355554,0.036589164775570476,0.20657534736091848,0.04918775132694004,-0.000641199177473167,9.978857683197915e-06,0.059859041197298166,1.954284134380556,-1.4468133711840758,0.1733386365795877,-0.025661167845537847,-0.02298576461475202,-0.007437156593449673,-3.09048681371043,-3.5537131213040354,-0.7586645258924539,-0.0027129118963482033,-0.00042077310889595214
1.32,-0.0005235920665571214,1.4639941625985464,-1.0034600290793318,-0.5424039134875162,0.00021377182358740406,9.704469851954492e-07,-0.0019403969040937778,0.05156073705240599,0.19658091746516568,0.04759676821238459,-0.0006081958938708941,8.83128718106155e-06,0.05950390139680016,1.8809194821124096,-1.701887773931497,0.11601180109245413,-0.024198769827032868,-0.022260108216910643,-0.005540173360577601,-3.069028748586351,-3.639142244577392,-0.7771066837408465,-0.0025517108991113986,-0.00043230412048656804
1.33,-0.0005391585895011648,1.4646506921010531,-1.001611759304799,-0.5419482391086283,0.00020802303529518488,1.0451517730667805e-06,-0.001556652294404336,0.065652950250667,0.18482697745328552,0.045567437888780676,-0.0005748788292219167,7.470478787133132e-06,0.05907619651346243,1.800283804024039,-1.9411473257272143,0.05863886112963934,-0.022779559775199076,-0.021471373065024082,-0.00365345984899468,-3.0532918068107864,-3.73218638404623,-0.7974844124156849,-0.002389236997881757,-0.00044476508522124446
1.34,-0.000550912843845049,1.4654389501415068,-0.9998974448519419,-0.5415170020392754,0.00020260975418826707,1.1042552033129725e-06,-0.00117542543438843,0.07882580404537297,0.17143144528572044,0.043123706935291765,-0.0005413281106917813,5.910343024619188e-06,0.05857438267249416,1.7133752127542046,-2.1623474317372344,0.001814987015732905,-0.021401609307735076,-0.02062074784951521,-0.0017796986160491576,-3.042884904104983,-3.8319190238320666,-0.8195750876648584,-0.0022259040506063424,-0.000458029761820679
1.35,-0.0005588848494589953,1.4663494423158114,-0.9983321633266627,-0.5411140655293103,0.00019753350559205545,1.1459255362885397e-06,-0.0007972005613946203,0.09104921743046346,0.15652815252791247,0.040293650996513546,-0.0005076248596211614,4.167033297556719e-06,0.05799648238675758,1.621176078165876,-2.3633978640969726,-0.053865466244781945,-0.02006246242746354,-0.01970978545614132,7.829810738300069e-05,-3.0374045705436603,-3.9373560951176723,-0.8431420029369814,-0.002062137128446091,-0.00047196427966215504
1.36,-0.0005631096336413346,1.4673724690161682,-0.9969295072633025,-0.5407429735472503,0.0001927949944094979,1.1685133971123927e-06,-0.00042247841823392953,0.10230267003567789,0.1402656063360157,0.037109198205995654,-0.00047385111825575514,2.2587860823852988e-06,0.057340197456448375,1.5246442012049897,-2.5423861667253633,-0.10781852708635231,-0.018759222638210088,-0.018740398681972747,0.001917586988220633,-3.036439888035126,-4.0474651586905965,-0.8679366345473407,-0.0018983710952994272,-0.00048642843156598825
1.37,-0.0005636274133360063,1.4684982167194034,-0.9957014515030389,-0.540406915505799,0.00018839409709641195,1.1705707425607297e-06,-5.177796946716467e-05,0.11257477032351869,0.12280557602636633,0.03360580414513627,-0.0004400897313085941,2.0573454483369805e-07,0.056603011554829954,1.4247054286256498,-2.697599494064016,-0.15948024665092086,-0.017488633755954608,-0.01771484830476558,0.0037350938137014865,-3.039576604333825,-4.16117508346982,-0.8937010180583027,-0.0017350490617987207,-0.000501277032084791
1.3800000000000001,-0.0005604837886578091,1.4697168443667041,-0.9946582363126277,-0.5401086946855356,0.00018432985521252995,1.1508677191587538e-06,0.00031436246781972826,0.121862764730083,0.10432151904111298,0.029822082026342817,-0.00040642418838819964,-1.970302340197583e-06,0.05578228185004608,1.3222477103913541,-2.827544522569265,-0.20831614822077604,-0.016247154710369388,-0.016635724528480278,0.0055276151969458134,-3.0464004719763187,-4.277386126547066,-0.920170214687812,-0.0015726207409317147,-0.000516361328249948
1.3900000000000001,-0.0005537299425449851,1.471018564379771,-0.9938082676725671,-0.5398507007588949,0.00018060047087674962,1.1084071930661397e-06,0.0006753846112824004,0.13017200130669673,0.08499686400606166,0.025799392664069686,-0.0003729384335780316,-4.2460526092614065e-06,0.05487531988877097,1.2181165475724245,-2.9309651013751568,-0.25383022705624647,-0.015031029017393449,-0.015505922996810584,0.007291821687168636,-3.0564998931525715,-4.394980313854335,-0.947074845142978,-0.001411540726707382,-0.0005315304487924778
1.4000000000000001,-0.000543422841960432,1.4723937179843918,-0.9931580359610501,-0.53963488676308,0.00017720330439375035,1.042436762250706e-06,0.001030710058455303,0.1375153604620705,0.06502317115170242,0.021581399581482606,-0.00033971664829992584,-6.597043081543376e-06,0.05387946267066898,1.113111728563933,-3.006857343681091,-0.29557325146750824,-0.013836349843161122,-0.014328616668132926,0.009024262296117198,-3.0694679780450835,-4.512832015513853,-0.9741436670466439,-0.0012522667112921815,-0.000546632877078178
1.41,-0.0005296254365604072,1.4738328446250004,-0.9927120540353268,-0.5394627508103543,0.00017413487426256991,9.524580950936837e-07,0.0013797405400024854,0.14391266406086486,0.04459819257233149,0.01721359527256391,-0.0003068430131180442,-8.997866715702228e-06,0.05279213535020302,1.0079852078008078,-3.0544819019781855,-0.3331501354845816,-0.012659121672961321,-0.013107224884288976,0.010721370534570583,-3.08490414374388,-4.629818606343454,-1.0011061711240492,-0.0010952576503578109,-0.0005615179324070407
1.42,-0.000512406851124881,1.4753267453498582,-0.992472815469523,-0.5393353227585366,0.00017139085972826457,8.382334762718406e-07,0.0017218585435526121,0.14939007248577227,0.0239238565803779,0.012742805181777936,-0.00027440145343053527,-1.1422461882184306e-05,0.05161090730427608,0.9034399459520226,-3.073373216968663,-0.3662261812942651,-0.011495319552776023,-0.011845380945831319,0.012379472119973221,-3.1024153929606486,-4.744831099948736,-1.027695170581762,-0.0009409718815185643,-0.0005760372439469616
1.43,-0.0004918425682915846,1.4768665401239784,-0.9924407734521722,-0.53925315599491,0.00016896610599679472,6.997894797324124e-07,0.002056428283329642,0.1539794774120304,0.0032042017350810484,0.008216676362662295,-0.00024247537314698523,-1.3844399653942827e-05,0.05033354340307499,0.8001295055374321,-3.063345580693325,-0.39453202452981984,-0.010340946701685061,-0.010546899437167218,0.013994794562208627,-3.121617416236508,-4.856784644365512,-1.0536493576747459,-0.0007898651971215281,-0.0005900462014188689
1.44,-0.00046801459826332744,1.4784437190847797,-0.9926143405825638,-0.5392163244146687,0.00016685463220128286,5.374177289718604e-07,0.0023827970028257204,0.15771789608012546,-0.017356713039166055,0.003683158024130998,-0.00021114737955118672,-1.6237175076055196e-05,0.04895805223232909,0.69865818222827,-3.0244959076961777,-0.4178671562465608,-0.009192091025038818,-0.009215744430581652,0.01556347885446243,-3.142135658298531,-4.964628768320397,-1.0787158013461724,-0.0006423888705855763,-0.0006034053667353066
1.45,-0.0004410116321831646,1.4800501877937016,-0.9929899095374862,-0.5392244246020207,0.00016504964218445292,3.516727457717294e-07,0.0027002966080162828,0.16064687089217883,-0.037556895492236744,-0.0008100187352014718,-0.0001804990016829921,-1.8574498320013094e-05,0.04748273276279982,0.5995814503709841,-2.9572031628299076,-0.43610194037353267,-0.008044980719655176,-0.007855999547705661,0.017081593487217512,-3.1636064790942764,-5.067357269821818,-1.102652360057893,-0.0004989876351267167,-0.0006159818311216674
1.46,-0.00041092917582099593,1.4816783065567574,-0.9935618943140407,-0.5392765831497035,0.00016354353814635326,1.4336692915279995e-07,0.0030082456362168666,0.16281187630558608,-0.05719847765545161,-0.0052158547682863,-0.00015061040380996623,-2.0830581661892946e-05,0.04590622058114869,0.5034065114802166,-2.862124449437087,-0.4491780928932565,-0.006896038787694625,-0.006471840676077867,0.018545150964967654,-3.1856785235039267,-5.1640176429199895,-1.125229984518678,-0.00036009761506385025,-0.0006276505028165359
1.47,-0.0003778696601210071,1.4833209238902705,-0.9943227914948236,-0.5393714689824505,0.00016232793719681796,-8.643725427662859e-08,0.0033059515699988846,0.1642617333513187,-0.07608971807828915,-0.009488583274699001,-0.00012156009495352888,-2.2980418342942854e-05,0.04422753432479158,0.4105927559051206,-2.74018781611073,-0.45710763717155345,-0.005741935899660294,-0.005067511934139679,0.019950126938688237,-3.2080143916980903,-5.253719944001662,-1.1462348859658766,-0.0002261442128302614,-0.0006382953112467908
1.48,-0.00034194252505835923,1.4849714041977522,-0.9952632607335846,-0.539507310483293,0.00016139369084659672,-3.364377499927126e-07,0.0035927135062647836,0.1650480307481715,-0.0940469238760994,-0.013584150084251116,-9.342463502212518e-05,-2.50000495716084e-05,0.04244612244501808,0.3215519793062329,-2.592581893119521,-0.4599703969757467,-0.004579640703649496,-0.00364730525680787,0.02129248197607619,-3.2302926756541277,-5.335645005814021,-1.1654705469590716,-9.753995904513694e-05,-0.0006478103145902241
1.49,-0.0003032642731827278,1.4866236497036012,-0.9963722234268533,-0.5396819171597947,0.00016073090746755508,-6.051059119997908e-07,0.003867825187563139,0.1652245505848935,-0.11089626932686576,-0.017460667650168304,-6.627833790416322e-05,-2.686681620070781e-05,0.04056190990080807,0.23664823517868355,-2.420742520040771,-0.4579101330090847,-0.0034064663978577714,-0.002215543743631032,0.0225681858815861,-3.2522103976785695,-5.409051915426437,-1.182759553288765,2.5317661861474405e-05,-0.0006561006988544912
1.5,-0.000261958489220598,1.4882721166630568,-0.9976369783239379,-0.5398927055315296,0.00016032897774868825,-8.907018315350744e-07,0.004130578396212983,0.16484669594555865,-0.12647548970846664,-0.021078837173478148,-4.019297188668361e-05,-2.855959195352836e-05,0.0385753439017542,0.15619725019597128,-2.2263365733619134,-0.4511294687187055,-0.0022201121921271993,-0.0007765686801309846,0.023773244356474807,-3.2734858552107493,-5.473284681409131,-1.1979452275686822,0.00014204839239765688,-0.0006630836579928241
1.51,-0.00021815582219787414,1.4899118258398858,-0.9990433326376384,-0.540136728871303,0.00016017660316892786,-1.1912917862118048e-06,0.0043802667022723885,0.163970917682908,-0.140635431370053,-0.024402333977346802,-1.5237457976040026e-05,-3.005899546767305e-05,0.03648743740883309,0.0804653781146011,-2.0112432460298284,-0.43988378527462224,-0.0010186981998779043,0.0006652700807345258,0.024903727663681274,-3.2938618440536027,-5.527778025493026,-1.2108930473395685,0.00025229136555533,-0.000668689146117197
1.52,-0.00017199392675270556,1.4915383672178795,-1.0005757470539058,-0.5404107103915398,0.000160261827498183,-1.504767574851939e-06,0.004616189544516859,0.16265413779937168,-0.1532414416267488,-0.027398152023670557,8.522432925512873e-06,-3.134757886401343e-05,0.03429980879649538,0.009668117715886321,-1.777533069379146,-0.42447429280054916,0.00019920766489833763,0.0021056208954505495,0.025955800842266445,-3.3131092008451657,-5.572062244722741,-1.2214918330317535,0.00035570722266448204,-0.0006728604945289774
1.53,-0.00012361736065022032,1.4931478988934073,-1.0022174929028487,-0.5407110794344672,0.00016057207132348173,-1.828867485029503e-06,0.004837656610248524,0.1609531675527877,-0.16417458489428727,-0.0300369042927449,3.102438252987386e-05,-3.2409991017756404e-05,0.032014715900769264,-0.056031731877477675,-1.5274450007929776,-0.4052405043038325,0.0014345720588218591,0.0035401349611438593,0.026925754910208297,-3.331030576362643,-5.605767101463124,-1.2296546938742339,0.000451980153240606,-0.0006755548880340289
1.54,-7.317743599114584e-05,1.4947371400875977,-1.0039508196475742,-0.5410340102005449,0.000161094169576696,-2.1611986269956403e-06,0.005043992465907448,0.15892411941905651,-0.17333267447254871,-0.032293076607766986,5.2209825321426816e-05,-3.32331141966137e-05,0.0296350826384551,-0.11652616168436729,-1.2633619270938603,-0.38255234970690166,0.002687888856450077,0.004964469636481783,0.027810038410794165,-3.3474643253706606,-5.628624710398396,-1.2353197227559658,0.0005408198221783621,-0.0006767436968114081
1.55,-2.0832022219911735e-05,1.496303358221142,-1.0057571307723088,-0.5413754625341083,0.0001618144120138997,-2.499260359240523e-06,0.00523454137712341,0.15662181335443065,-0.1806311124734542,-0.03414523335634282,7.202424372037071e-05,-3.380617322448825e-05,0.027164516486011883,-0.17176413542255875,-0.9877849533171114,-0.35680216968989953,0.00395918271840727,0.006374291379474067,0.0286052886037452,-3.362288377293293,-5.640471403694502,-1.2384504340931741,0.0006219631491271424,-0.0006764126619296627
1.56,3.325470023040468e-05,1.4978443500144278,-1.0076171661072688,-0.5417312242782913,0.00016271858656422266,-2.8404685273935946e-06,0.0054086722450316415,0.1540991793285928,-0.1860035334960012,-0.035576174418306294,9.041745503229658e-05,-3.412081681530719e-05,0.0246073153473121,-0.2217536819384001,-0.7033068585418217,-0.32839682278388116,0.0052480237837752575,0.007765279266310432,0.02930836158275302,-3.375423935947519,-5.641248567596363,-1.2390359418847126,0.0006951759063605466,-0.0006745619344204574
1.57,8.89125359934291e-05,1.4993584166120142,-1.009511188614324,-0.5420969547126026,0.00016379202542892826,-3.182180239279059e-06,0.005565783576302443,0.1514066597586366,-0.18940225070552102,-0.03657304343111772,0.0001073438864705602,-3.417117118854646e-05,0.021968462703161846,-0.2665636966146781,-0.41258510433160817,-0.2977501247628722,0.006553553198156592,0.00913313003334671,0.029916360619405825,-3.3868388466660546,-5.631002455716445,-1.237090878294074,0.0007602541049669428,-0.0006712059695953862
1.58,0.00014596561997525623,1.5008443327837186,-1.011419173673355,-0.542468228595507,0.00016501965377062095,-3.5217189044233505e-06,0.005705308398182713,0.14859161717043817,-0.19079850590310296,-0.03712738829045218,0.00012276283416926882,-3.3953866514429144e-05,0.01925361040016998,-0.3063252428043471,-0.11831477675186855,-0.26527581754998275,0.007874518674919326,0.010473565500601238,0.030426662090052313,-3.3965504658711043,-5.609882995952884,-1.2326550562288912,0.0008170251446267343,-0.0006663732800000363
1.59,0.00020423281025033286,1.5023013103242555,-1.0133209989524148,-0.5428405803502678,0.00016638604078961526,-3.856399275750803e-06,0.005826719027507662,0.14569775405369187,-0.19018252790596554,-0.037235175476080615,0.00013663870189943198,-3.3468037132745276e-05,0.016469048974130544,-0.3412321472194214,0.1767981702275442,-0.23138123669648952,0.009209318784220488,0.011782343094133622,0.03083693843495437,-3.4046278717949683,-5.578141619171561,-1.2257928824444249,0.0008653487093484323,-0.0006601060520139962
1.6,0.0002635281262950616,1.5037289558579527,-1.0151966330127953,-0.5432095479542302,0.00016787545294147618,-4.183552244113064e-06,0.005929531604472874,0.1427645533697164,-0.1875634060380599,-0.036896760396227024,0.00014894121518609307,-3.271529683622604e-05,0.013621665980880653,-0.3715406968061911,0.4700630236209931,-0.1964618131081211,0.010556054203185894,0.013055269990215404,0.031145177723499562,-3.41119326556861,-5.536128148321284,-1.216592530625408,0.000905117399920105,-0.0006524596326038215
1.61,0.00032366122937567757,1.5051272233522968,-1.0170263208897832,-0.5435707161186817,0.00016947190900863386,-4.500549152119813e-06,0.0060133103080615945,0.139826749434403,-0.18296878769878464,-0.036116816445154465,0.00015964560671576862,-3.1699690800674905e-05,0.010718893389807827,-0.3975682682333495,0.7588294556028664,-0.16089650771241015,0.011912583772057263,0.01428822116916164,0.03134969954836302,-3.4164224290346783,-5.484286796361774,-1.205164886652258,0.0009362571029996531,-0.0006435018940989829
1.62,0.00038443794117799714,1.506496361750907,-1.0187907649977201,-0.5439197583772852,0.00017115923670187947,-4.804825411867739e-06,0.006077671180231957,0.13691383986102598,-0.17644441079369433,-0.03490422586035368,0.00016873276932456035,-3.0427625974792582e-05,0.007768645645418842,-0.4196907535565958,1.0405114222192995,-0.1250442385712398,0.013276582911463258,0.015477161402528916,0.03144916713655163,-3.4205441288445346,-5.423151330123096,-1.1916422807876,0.0009587271061485613,-0.0006333124860726875
1.6300000000000001,0.0004456607961765162,1.507836858249425,-1.0204712998301682,-0.5442524777347163,0.00017292113043646518,-5.093903230969349e-06,0.006122285499851907,0.1340496498518054,-0.1680534832447933,-0.03327193574311004,0.0001761893734585715,-2.8907781910161014e-05,0.004779250485500946,-0.43833868537557397,1.3126095778626397,-0.08924132019594788,0.014645601786506045,0.01661817092022999,0.03144259573618176,-3.423838384885143,-5.3533394648583155,-1.176177023786784,0.0009725199771088577,-0.0006219819844583748
1.6400000000000001,0.0005071296228190007,1.509149377852744,-1.0220500590585069,-0.5445648455624104,0.00017474120990424726,-5.365413272126104e-06,0.006146882664248454,0.1312519603319051,-0.15787592283386448,-0.031236782769400787,0.00018200794677820657,-2.7151004115675433e-05,0.0017593749880713317,-0.4539920100696536,1.5727320129725835,-0.05379989614528746,0.016017120569659257,0.017707474232514814,0.031329357503947886,-3.4266335538545625,-5.275546560698138,-1.1589397659061362,0.0009776612336371614,-0.0006096109489100357
1.6500000000000001,0.0005686421483712797,1.5104346999647533,-1.0235101337712056,-0.5448530384641218,0.00017660307904928597,-5.6171150927514665e-06,0.006151252555227906,0.12853221120093677,-0.14600747126986205,-0.028819290171146518,0.00018618691450387082,-2.5170182062536245e-05,-0.0012820504231729525,-0.4671735065228617,1.8186131711425568,-0.01900730966689057,0.017388599263910898,0.018741471329900117,0.03110918326900412,-3.429302214697256,-5.190538697397672,-1.1401176994262288,0.0009742088367025545,-0.000596308900115227
1.6600000000000001,0.000629994622236081,1.5116936528680385,-1.0248357207374577,-0.5451134728693121,0.0001784903850505871,-5.84691623224705e-06,0.006135247386480124,0.12589529032851693,-0.1325586966252152,-0.026043440519028377,0.0001887306001301125,-2.298011394955838e-05,-0.004335907174243636,-0.4784408980653358,2.0481308511841005,0.01487367531315531,0.01875751980025213,0.019716770271142242,0.030782161674675356,-3.4322558803288703,-5.099145207642627,-1.1199126266023953,0.000962252544371534,-0.0005821932292916039
1.67,0.0006909824527286933,1.5129270470465628,-1.0260122597193062,-0.5453428371463027,0.00018038687692277072,-6.052889834944707e-06,0.006098783049261235,0.1233394178524343,-0.11765389818484429,-0.022936427699057585,0.0001896491872183616,-2.0597360269765697e-05,-0.007392960143554238,-0.48837775514685583,2.259321247758155,0.04760391826395871,0.020121418509787825,0.020630220005797423,0.0303487362918536,-3.4359385982591704,-5.002250751750813,-1.098538915886758,0.000941913165913459,-0.0005673880524416005
1.68,0.0007514008526485318,1.5141356083853312,-1.0270265589926808,-0.5455381210589088,0.00018227646336337608,-6.233290715999289e-06,0.00604183999198385,0.12085613387684338,-0.10142992733745325,-0.01952839126060722,0.00018895864406053806,-1.8040088105458205e-05,-0.010443923086521692,-0.4975833335805065,2.4503920290962555,0.07896634857529872,0.0214779075751391,0.021478942175914534,0.029809701350940677,-3.440819539974102,-4.900787017893548,-1.0762213698285743,0.0009133417553782336,-0.0005520230221085166
1.69,0.0008110454895055601,1.5153199123438712,-1.0278669083673173,-0.5456966424193151,0.0001841432695036755,-6.386569795288681e-06,0.005964463685702832,0.11843039585399995,-0.08403493746364127,-0.015852136040641278,0.00018668061402994356,-1.5327907928939195e-05,-0.013479515658477072,-0.5066615363076845,2.6197334903659777,0.1087639677524681,0.022824684662203977,0.022260360605182605,0.029166196749056614,-3.447384713908293,-4.795724132031573,-1.0531930282542623,0.0008767187810976659,-0.0005362321093757494
1.7,0.0008697131369101061,1.516480320242059,-1.0285231791163174,-0.5458160708158744,0.00018597169225714546,-6.5113868403848585e-06,0.005866764740454601,0.1160407898187652,-0.06562707490001699,-0.011942839655925502,0.00018284227534699435,-1.2481704509617747e-05,-0.016490510310947795,-0.5162092240224614,2.7659278549692266,0.1368175697580023,0.02415953059292627,0.02297222721653286,0.028419702954932815,-3.4561279682540818,-4.688061860702521,-1.0296929301645017,0.0008322533023846782,-0.0005201523686859925
1.71,0.0009272023243716569,1.5176169188149826,-1.0289869103368003,-0.5458944483170862,0.00018774645400449145,-6.606621473740212e-06,0.005748918746155082,0.11365985729236168,-0.04637312204828972,-0.007837750121185523,0.0001774761747345981,-9.523463335535336e-06,-0.019467767946110878,-0.5268041304224085,2.887756822367902,0.16296334474545127,0.025480295605594575,0.023612643216586016,0.027572036357153717,-3.4675414765626,-4.578820687727754,-1.0059638572803566,0.0007801821774431395,-0.0005039226977373029
1.72,0.0009833139835285476,1.518729464186479,-1.0292513813630062,-0.5459302070722406,0.00018945265440427778,-6.6713824113289e-06,0.0056111659156890745,0.11125453714963922,-0.026447102620576403,-0.003575875515437304,0.0001706200399786349,-6.476093758868891e-06,-0.02240226190165117,-0.5389926603931862,2.984207479211854,0.1870505278655985,0.026784875424463964,0.024180074541563568,0.026625345486565193,-3.4821059201108877,-4.469032842962473,-0.98225008134765,0.0007207693175920965,-0.0004876826042477548
1.73,0.001037852089594697,1.5198173313777381,-1.0293116699423355,-0.5459221837452309,0.00019107582017138577,-6.705014910135789e-06,0.005453810606614935,0.10878671912591073,-0.0060288579329258775,0.0008023327009698293,0.00016231657671079972,-3.3632498806888524e-06,-0.025285090564175515,-0.553277863463873,3.0544767003082063,0.2089392453436627,0.028071178985945716,0.02467336076378973,0.025582108397466975,-3.5002805955455596,-4.359733357545961,-0.958795136199766,0.000654304992900403,-0.0004715709907813268
1.74,0.0010906242975102128,1.5208794704077468,-1.029164695963735,-0.5458696307311968,0.0001926019527191312,-6.707106410230489e-06,0.005277220791551561,0.10621390300087132,0.014697397860036689,0.005255301403412755,0.00015261325477454238,-2.0915000947007393e-07,-0.02810747963100402,-0.5701078800747155,3.0979741674758325,0.22849869521440258,0.029337090207113767,0.025091716899116934,0.024445131323391028,-3.5224936837944507,-4.251951215877596,-0.9358396342200863,0.0005811051838526402,-0.00045572496810735634
1.75,0.0011414425728713052,1.5219143699568847,-1.028809250597728,-0.5457722241163967,0.00019401757361227977,-6.677490363918188e-06,0.005081827536109244,0.10348995491377347,0.03554453660069603,0.009740661480001848,0.00014156208931485843,2.9616046312301364e-06,-0.030860775714508758,-0.5898651545438967,3.1143241281240237,0.24560578067180572,0.03058042660172655,0.02543472781913969,0.023217548542037374,-3.549132916326291,-4.146700669910265,-0.9136191452780082,0.0005015109633979284,-0.0004402787067388849
1.76,0.001190123818149049,1.5229200294549785,-1.0282460107698321,-0.5456300683506183,0.00019530976782486829,-6.616248249907067e-06,0.004868124527774375,0.1005659498093803,0.0563239827895883,0.014215576577833107,0.00012921942125885283,6.124211401112115e-06,-0.033536433568259194,-0.6128566963299591,3.1033660024299627,0.26014429069093215,0.03179889782152576,0.025702335245327224,0.021902823201497272,-3.5805368674425804,-4.044972776472412,-0.8923621544823479,0.00041588788435203673,-0.000425362335377644
1.77,0.0012364904949523426,1.5238939403225582,-1.0274775389460669,-0.545443697609163,0.0001964662248363712,-6.5237097749106765e-06,0.004636667680329372,0.09739108675797149,0.07684718237653249,0.018637074145538075,0.00011564570115029294,9.253847499638994e-06,-0.03612599967367092,-0.6393056507098189,3.065153929481053,0.27200469633064284,0.03299006730787196,0.02589481757158915,0.020504748687678535,-3.616987086562819,-3.9477272133490136,-0.8722881132512068,0.0003246253392689044,-0.00041110089400348015
1.78,0.0012803712431251268,1.5248330769415512,-1.0265082682628879,-0.5452140738286992,0.0001974752776304207,-6.400451268982933e-06,0.004388074817278428,0.09391366189930406,0.09692706831790796,0.022962378046371308,0.00010090527940495003,1.232585059277431e-05,-0.03862109522917517,-0.6693444119621765,2.999955320193411,0.28108460270025937,0.034151320170073884,0.0260127630172326,0.019027449962074974,-3.658701262817897,-3.855884424901591,-0.8536055962881669,0.00022813585414086505,-0.00039761334830380903
1.79,0.00132160149728122,1.52573389776243,-1.0253444730864822,-0.5449425814087865,0.00019832593968054535,-6.247292284549115e-06,0.004123025415609334,0.09008208208787977,0.11637951764057371,0.027149241991279667,8.50662050124637e-05,1.531589844338179e-05,-0.04101340171060699,-0.7030094773611466,2.9082484598022473,0.2872898669927286,0.03527984016250124,0.026057036843614323,0.01747538417985145,-3.7058275863381263,-3.770318143200112,-0.8365105751315672,0.00012685427407760333,-0.0003850116710663049
1.8,0.0013600241009751972,1.5265923567725852,-1.0239942251401577,-0.5446310185793218,0.00019900794001635595,-6.065290412931002e-06,0.003842260369397711,0.08584590101552299,0.135024794632461,0.031156282946465483,6.820003358105972e-05,1.8200187161811313e-05,-0.04329465211014063,-0.740238199659037,2.790719176954582,0.29053636300271446,0.03637259822155742,0.026028743569931317,0.01585333981934132,-3.75844043727532,-3.6918483260661685,-0.8211848170564056,2.1236798766931204e-05,-0.000373399995079324
1.81,0.001395489918101278,1.5274039253595748,-1.022467335395666,-0.5442815854442219,0.0001995117564610048,-5.85573433652975e-06,0.0035465817126080694,0.08115685869894995,0.15268897444916768,0.03494331350999582,5.0381644464884607e-05,2.0955607640125233e-05,-0.04545663071219955,-0.7808675502981454,2.648256571544194,0.29075234315937504,0.037426354465540046,0.025929185291291623,0.014166433521940166,-3.81653749589668,-3.6212345491559788,-0.8077944163048648,-8.824017182523333e-05,-0.00036287384102471156
1.82,0.0014278584403338668,1.528163624407346,-1.0207752819865605,-0.5438968687238716,0.00019982864711693365,-5.620135140050755e-06,0.00323685222325888,0.07596990477712323,0.16920534091054298,0.03847167203503465,3.168906559288574e-05,2.3559919647899574e-05,-0.04749118383889989,-0.824634956444911,2.4819477709841413,0.28788132109194375,0.0384376748828984,0.025759817334050195,0.012420103859970397,-3.8800383262667784,-3.5591698852895144,-0.7964884629458042,-0.00020108141543988397,-0.0003535194228326602
1.83,0.0014569983885143144,1.528866066268225,-1.0189311244705954,-0.5434798232337321,0.00019995068015287123,-5.360215910503229e-06,0.0029139948180447544,0.07024418608790868,0.184415751596518,0.04170454901394522,1.2203303593760112e-05,2.5991922954752588e-05,-0.04939024341629154,-0.8711812232663955,2.2930716659821195,0.28188537199559915,0.039402963171960376,0.02552220257862428,0.010620101320274154,-3.948784443463607,-3.506275300682856,-0.7873978531550415,-0.00031677451477095224,-0.0003454130320240703
1.84,0.0014827883048991984,1.5295055060631952,-1.0169494048447911,-0.5430337501543252,0.00019987076191226532,-5.077899663391916e-06,0.002578991638488399,0.06394397949702132,0.19817196258042846,0.0446073079406959,-7.991824060592078e-06,2.8231624711131364e-05,-0.05114586450600316,-0.9200554999132584,2.083091563210472,0.2727487253770704,0.04031850738830403,0.025217965839724132,0.008772473910829736,-4.02254083141916,-3.463094594570485,-0.7806342434000904,-0.0004347917488824107,-0.00033862050171740924
1.85,0.0015051171321731913,1.5300759015825336,-1.014846035801692,-0.5425622721687918,0.0001995826633238373,-4.775295641674387e-06,0.002232882727399281,0.05703955193382726,0.21033690430991048,0.04714779855334114,-2.8809858842802003e-05,3.026040217175286e-05,-0.05275027715263716,-0.9707221947356929,1.8536466844178965,0.2604815059138219,0.04118054024713508,0.02484874971747429,0.006883547961080031,-4.100998836840218,-3.430089905900036,-0.7762891499305,-0.0005545922513070403,-0.0003331967502470293
1.86,0.001523884774155232,1.5305709808928851,-1.012638176808562,-0.5420693055683952,0.0001990810445511045,-4.454684044739136e-06,0.0018767641982040777,0.049507931035161996,0.22078589931299725,0.0492966600396682,-5.016187727328094e-05,3.206115969352505e-05,-0.054195952058418706,-1.0225696936892625,1.6065424400773336,0.2451234638192945,0.041985311161828354,0.024416173324396176,0.004959903885386933,-4.183780325746448,-3.4076378083183263,-0.7744331941349539,-0.0006756244239239906,-0.00032918540374763327
1.87,0.001539002632251289,1.5309843166097235,-1.0103440986923151,-0.541559029453556,0.00019836147777215263,-4.118499256838399e-06,0.0015117858096056892,0.04133357168382425,0.2294078116246731,0.05102761148391261,-7.195667789518481e-05,3.361847879007378e-05,-0.05547567875897147,-1.0749206870793415,1.3437394108160006,0.22674752696539036,0.04272916741759336,0.0239217952488866,0.003008346901943292,-4.270442954385546,-3.396026012506901,-0.7751154937359556,-0.0007973285821014129,-0.00032661849661973924
1.8800000000000001,0.0015503941109882037,1.531309405669857,-1.00798303752081,-0.5410358521879836,0.00019742046793640863,-3.769311657972231e-06,0.0011391478736914858,0.03250890601335133,0.2361061171504941,0.052317726557254446,-9.410098357440108e-05,3.491875988661673e-05,-0.056582654184541045,-1.1270438651593109,1.0673409815627786,0.2054630034876172,0.04340864132006472,0.02336708204038257,0.00103587293340197,-4.360486376943553,-3.395450693020563,-0.7783631994488185,-0.0009191397936481716,-0.00032551624851219106
1.8900000000000001,0.0015579950854519673,1.5315397533406794,-1.0055750386842155,-0.540504375295728,0.00019625547130438647,-3.4098081149734543e-06,0.0007600974463763449,0.02303476708222902,0.24079988365946975,0.0531476892255512,-0.00011649966320221791,3.59503542998777e-05,-0.05751057879407711,-1.1781667040552244,0.7795795911286963,0.1814182661446886,0.04402053975404552,0.022753383389769885,-0.0009503698539103629,-4.453359189670923,-3.4060144550808897,-0.7841811766201137,-0.001040490862698405,-0.0003258869163419672
1.9000000000000001,0.0015617543231914454,1.531668960134009,-1.0031407921964794,-0.5399693550249373,0.0001948649115419267,-3.0427712662183453e-06,0.00037592377394781465,0.01292067933295766,0.24342464877361236,0.05350202707907585,-0.00013905597624597698,3.670368487551089e-05,-0.058253756906056706,-1.2274890314159688,0.48280158314177757,0.15480275838929636,0.04456203236219636,0.02208191503470397,-0.0029431232026120913,-4.548466395658369,-3.427724955218956,-0.792551831456973,-0.001160815400540564,-0.00032772671991285147
1.9100000000000001,0.0015616338531637395,1.5316908102546725,-1.000701460354133,-0.5394356618369996,0.00019324819311459151,-2.6710577296523937e-06,-1.2047002770592785e-05,0.0021850120663542485,0.24393318423464186,0.053369318793759626,-0.00016167184273352026,3.7171353656595146e-05,-0.058807197454079196,-1.274197037386,0.17945067190132633,0.12584817703742424,0.04503073452198303,0.02135375023902368,-0.004935063758063359,-4.645177167103918,-3.460494188184465,-0.8034350817282326,-0.0012795509192568455,-0.00033101983987925615
1.92,0.001557609274604161,1.5315993602085767,-0.9982784990050446,-0.5389082381147801,0.00019140571171246445,-2.297575380287459e-06,-0.0004024578559578554,-0.009145004609582204,0.2422961349088485,0.05274237222195542,-0.00018424814021270527,3.734823493649345e-05,-0.05916671119302656,-1.317477382125436,-0.12794993232403074,0.09482870724138515,0.04542478146608614,0.020569820481521034,-0.006918849915142417,-4.742832682780179,-3.5041384510737457,-0.816768472217383,-0.001396141881338277,-0.00033573848710784877
1.93,0.0015496699993006427,1.5313890262220642,-0.9958934737904581,-0.5383920544178746,0.00018933886143195913,-1.9252598595707793e-06,-0.0007939275303518285,-0.021033398651246628,0.23850252145864786,0.05161836969053965,-0.00020668502805053237,3.7231552071668e-05,-0.059329000389143294,-1.356531047124192,-0.4368166610610669,0.0620602117463509,0.04574289025072106,0.019730925742907746,-0.00888716944490939,-4.840753827471743,-3.5583789941050123,-0.8324674356842714,-0.0015100426394455218,-0.0003418430428887301
1.94,0.0015378194216215768,1.5310546691829936,-0.9935678728267301,-0.5378920646452796,0.0001870500384500693,-1.5570504945987143e-06,-0.0011850577679065838,-0.03343570390705232,0.2325600963728037,0.04999897725949675,-0.00022888229818898291,3.68209364972065e-05,-0.05929173724958008,-1.3905865846598386,-0.7445258773399274,0.02789830740279875,0.04598440681083063,0.018837754503791826,-0.010832786801399517,-4.9382485570036465,-3.62284336580818,-0.850425700589899,-0.0016207202052099326,-0.0003492822699043068
1.95,0.0015220750117543574,1.5305916759023048,-0.991322917385685,-0.5374131604956224,0.00018454264094783175,-1.1958658195934415e-06,-0.0015744409867219358,-0.04629932806888325,0.22449554410451,0.04789041496572786,-0.00025073975022375545,3.6118467500527286e-05,-0.059053627776964504,-1.418912438282396,-1.0484351733048691,-0.0072647033352328805,0.04614933602433077,0.017890913267669173,-0.01274858904196274,-5.034618756404139,-3.697067458517485,-0.8705158472953815,-0.001727656794177663,-0.000357993594337742
1.96,0.0015024683289121606,1.5299960356098803,-0.9891793722116383,-0.5369601256412035,0.00018182106507295734,-8.445789049340534e-07,-0.0019606682842196795,-0.05956402924245989,0.2143545174046648,0.04530348544188409,-0.0002721575874874423,3.512869146593882e-05,-0.05861445835323312,-1.4408280371124957,-1.3459055007501248,-0.043004040845017855,0.046238353503621155,0.01689096510863025,-0.014627629385014471,-5.129166448731807,-3.7804982578719493,-0.8925900147997574,-0.001830352105213829,-0.0003679034599509027
1.97,0.0014790449527000967,1.5292644107363644,-0.9871573571762997,-0.5365375900536805,0.00017889069677527085,-5.059927099164493e-07,-0.0023423376212063974,-0.07316248735157638,0.20220150353385774,0.04225355875230236,-0.00029303682976864766,3.3858619501760404e-05,-0.057975123133743436,-1.455713407495994,-1.6343239318119647,-0.07886775295109949,0.0462527986993885,0.015838476423493564,-0.016463167570264864,-5.2211992469070605,-3.8724972974540073,-0.9164807602710682,-0.0019283253062175785,-0.00037892775534044203
1.98,0.0014518643323320048,1.5283942011884615,-0.9852761620177068,-0.5361499849354985,0.00017575789940080984,-1.828156839323773e-07,-0.0027180620368091983,-0.08702095479030553,0.1881195158592808,0.03876051181820632,-0.00031327973744610165,3.2317702598407204e-05,-0.057137631226335237,-1.463017096160946,-1.9111268233444005,-0.11438303341045675,0.04619464979169144,0.014734070754618134,-0.018248706368436087,-5.310034979100002,-3.972344816641608,-0.9420020735942449,-0.0020211167130025037,-0.00039097231584786106
1.99,0.0014209995548847246,1.5273836014935909,-0.9835540659341746,-0.535801498721498,0.000172429996988655,1.2236215341487623e-07,-0.003086477744728028,-0.10105996948707115,0.17220960835322222,0.03484862140005508,-0.000332790241215484,3.051778373472535e-05,-0.05610509359083211,-1.4622622579623066,-2.173823139615289,-0.1490634349639155,0.04606648170697916,0.01357848825528557,-0.01997802379745156,-5.395005458309242,-4.079244616130303,-0.9689505488583654,-0.0021082891637175263,-0.0004039335017168214
2.0,0.0013865370351965783,1.5262316503646218,-0.9820081638075329,-0.5354960346189783,0.00016891525327589096,4.070924198594153e-07,-0.00344625196881464,-0.11519511289690185,0.15459021266417558,0.03054641025195865,-0.00035147437127640437,2.8473026644453906e-05,-0.054881690566490525,-1.4530508265983582,-2.420017674326485,-0.18241682363206912,0.04587140938802223,0.012372649107470213,-0.02164520082561538,-5.475459407145679,-4.1923296013231095,-0.9971067140945323,-0.002189429106229211,-0.00041769885402611706
2.0100000000000002,0.0013485761312943903,1.5249382724104004,-0.9806542008107048,-0.5352371701515227,0.00016522284647738035,6.690906325369816e-07,-0.003796090390218801,-0.12933779542215237,0.13539629968280772,0.02588644674555904,-0.00036924067985106114,2.6199821267756622e-05,-0.053472621859315804,-1.4350657559395052,-2.647433904780112,-0.2139538912216743,0.045613019110495145,0.011117718984384573,-0.023244644564274938,-5.550764587963321,-4.310667998826429,-1.0262365196255157,-0.0022641474294980367,-0.00043214782965478207
2.02,0.0013072286903107718,1.5235043118865914,-0.9795064171124546,-0.5350281191619028,0.0001613628399650977,9.06257294903974e-07,-0.0041347440983618405,-0.1433960523808883,0.11477836982501516,0.020905098961992448,-0.0003860006512282623,2.3716666236699237e-05,-0.0518840416396027,-1.4080713900992512,-2.853936208182344,-0.24319701881171163,0.04529529114534392,0.009815174489508194,-0.02477110715815025,-5.620309224893912,-4.433270225589216,-1.0560929840843194,-0.002332080081291081,-0.0004471526160408959
2.0300000000000002,0.001262618530685296,1.5219315585378677,-0.9785774043268975,-0.534871696712366,0.00015734614902359934,1.1166975856104093e-06,-0.004461015962547587,-0.1572753348723846,0.09290127855570397,0.015642244953681293,-0.0004016690941498365,2.1044029070643527e-05,-0.05012298205864144,-1.3719120891647496,-3.0375511723233153,-0.26968926618950384,0.044922517377934096,0.008466866407154938,-0.02621970075765082,-5.683502836719189,-4.559096383765798,-1.086417995500155,-0.0023928885228665293,-0.0004625790257715799
2.04,0.001214880866999998,1.5202227657210654,-0.9778779752675489,-0.5347702872967023,0.00015318450390116827,1.2987394364133168e-06,-0.004773766368529785,-0.17087928168021707,0.06994290593485906,0.01014094156637559,-0.0004161645122431067,1.820418508029074e-05,-0.048197268946387435,-1.3265093015912572,-3.1964877396865536,-0.2930032516194956,0.04449921759226724,0.007075078574164229,-0.027585909093085177,-5.739776626707704,-4.687064347189672,-1.116944262851571,-0.0024462600760167584,-0.00047828747009251687
2.05,0.0011641616840696392,1.518381661114775,-0.9774170484561425,-0.5347258167479945,0.00014889040940821042,1.4509497993188743e-06,-0.005071918293035876,-0.18411046062905267,0.04609268114064473,0.004447054870778766,-0.00042940944929578445,1.5221036290555744e-05,-0.04611543366472083,-1.2718573307467036,-3.3291559348470683,-0.3127496832973211,0.0440300580018117,0.005642580229908045,-0.02886559625766643,-5.788583596608696,-4.816058397470986,-1.1473974111766891,-0.002491908218763504,-0.0004941340092646381
2.06,0.00111061706689754,1.516412950410049,-0.9772015487063848,-0.5347397281893107,0.00014447710133426474,1.5721489191811188e-06,-0.005354461717209928,-0.19687107047259558,0.021549974975773625,-0.00139114413162206,-0.0004413308073945668,1.2119911986224458e-05,-0.04388662504381316,-1.2080180893234045,-3.4341839391647566,-0.3285853085560717,0.043519775261499416,0.004172669820269537,-0.030055013339975567,-5.829398566211718,-4.944938359271628,-1.1774982107534642,-0.002529572882992238,-0.0005099714763466432
2.07,0.001054412492844401,1.5143223144368516,-0.9772363249537752,-0.5348129623323546,0.00013995849996206584,1.661422446730623e-06,-0.005620457405313902,-0.20906359731972635,-0.0034776247390466697,-0.0073234143043912694,-0.0004518601372198895,8.92735275495044e-06,-0.04152052501840696,-1.1351151690721848,-3.5104332936457774,-0.34022005919777953,0.04297310864506165,0.002669208416923863,-0.03115080352598395,-5.861718286747398,-5.07254917540585,-1.206964928074818,-0.002559020800557036,-0.0005256506694757726
2.08,0.0009957220918834465,1.5121164002101226,-0.9775240863364237,-0.5349459423819155,0.00013534916095192992,1.7181312481799216e-06,-0.0058690400960954535,-0.22059142267290874,-0.02877613826485636,-0.01329800495608378,-0.00046093390101359063,5.670880144929864e-06,-0.03902727102031593,-1.053327572870749,-3.5570120298878325,-0.3474231908159986,0.04239474234905227,0.0011366411569396773,-0.03215000621833913,-5.885061835646835,-5.197730853240464,-1.2355157834124149,-0.0025800459342639782,-0.0005410216060941766
2.09,0.0009347278801880724,1.5098028063779294,-0.9780653573504948,-0.5351385637525939,0.00013066422385373002,1.74191879083811e-06,-0.006099421169537414,-0.23135938321932364,-0.054127101407111654,-0.01926213706784151,-0.00046849370981998995,2.378754265818851e-06,-0.03641738740381251,-0.9628834604609878,-3.573285549843862,-0.35002824000348554,0.041789259030722545,-0.00041999460073927075,-0.03305006060218866,-5.898971471731859,-5.319328704642842,-1.2628714967653927,-0.002592470017226815,-0.0005559348308681598
2.1,0.0008716189715864226,1.507390063523509,-0.9788584527097575,-0.5353901887495399,0.00012591935847917294,1.7327160092204095e-06,-0.006310890860164976,-0.241274285442051,-0.0793095359262664,-0.02516249969459257,-0.000474486537455709,-9.202781617700569e-07,-0.03370172722834511,-0.8640542479494226,-3.558885097472193,-0.34793665506103366,0.04116110475444469,-0.00199507537800514,-0.03384880893110269,-5.903014113923008,-5.436203792696619,-1.2887579010106667,-0.002596143209119243,-0.0005702427673208414
2.11,0.0008065907706957028,1.5048876097157808,-0.9798994723341602,-0.5356996463076864,0.00012113070933704195,1.6907435825936696e-06,-0.0065028200890719775,-0.25024538077280156,-0.10410196244026888,-0.030945755814650193,-0.0004788649142130999,-4.197242662673983e-06,-0.030891424658098476,-0.7571493747577714,-3.5137136891233207,-0.34111999222635525,0.040514564570109296,-0.0035824125655878336,-0.03454449962483976,-5.896783583372055,-5.547243489849095,-1.3129085981976756,-0.0025909448616836576,-0.0005838011014966983
2.12,0.0007398441508935446,1.5023057616231008,-0.9811823166799791,-0.5360652368251027,0.00011631483830216622,1.616511582375626e-06,-0.006674661980215815,-0.2581848092679971,-0.1282844345818961,-0.0365590517416243,-0.0004815871034875725,-7.42320002180436e-06,-0.02799785712980532,-0.64251201124907,-3.4379493948034625,-0.32962060941054183,0.039853747041060025,-0.005175288560456015,-0.03513579007571707,-5.879903719091752,-5.651372044362267,-1.3350676322530868,-0.002576784369433069,-0.0005964701843518268
2.13,0.0006715846197661977,1.4996556814075732,-0.9826987224066551,-0.5364847420665481,0.00011148866565912538,1.5108164759147227e-06,-0.006825953112734693,-0.2650080215527549,-0.15164057266760378,-0.04195052414453722,-0.0004826172643040841,-1.056951064609034e-05,-0.02503261536479506,-0.5205159275041034,-3.3320458894531466,-0.31355083173828113,0.039182575244310514,-0.006766507955672407,-0.03562174886624044,-5.852032441401713,-5.747561045210856,-1.354992148970206,-0.0025536020657748316,-0.0006081164380702497
2.14,0.0006020214743562124,1.4969493395079634,-0.9844383181558247,-0.5369554400540315,0.00010666940963820152,1.3747355015256994e-06,-0.006956314540998526,-0.27063418996098965,-0.17395957491695754,-0.04706979874834696,-0.0004819256020923852,-1.3608097438902332e-05,-0.022007478335302075,-0.3915636809945762,-3.1967302223338976,-0.29309060656203734,0.038504781143858524,-0.008348463330901945,-0.03600185692170115,-5.812866796759161,-5.834839670200324,-1.3724550121407604,-0.002521370110748607,-0.0006186137501966718
2.15,0.0005313669484638145,1.4941994733044788,-0.9863886999992761,-0.5374741248031126,0.00010187452454777333,1.2096184578507677e-06,-0.0070654525892397905,-0.27498662034845694,-0.19503818434514486,-0.05186847490811754,-0.0004794885090428196,-1.651170436749317e-05,-0.018934389512618638,-0.2560862109360534,-3.032997783763595,-0.26848370880619576,0.037823899844048554,-0.009913214851624663,-0.03627600697144303,-5.762148972911074,-5.912304598346239,-1.387247343125747,-0.0024800933051077247,-0.0006278448384007328
2.16,0.00045983535446624506,1.4914195415450695,-0.9885355258977345,-0.5380371307077627,9.712163760765121e-05,1.0170769782686618e-06,-0.007153159399756941,-0.2779931759409249,-0.21468258984583477,-0.05630059046500355,-0.00047528869401221183,-1.9254147958210583e-05,-0.015825430191312065,-0.1145438529331357,-2.84210448193616,-0.24003259918853104,0.037143260107867546,-0.011452582559760782,-0.03644450058376558,-5.699673226085247,-5.979129465715686,-1.3991809501317052,-0.002429809757368188,-0.0006357025678942626
2.17,0.000387642222616339,1.4886236743070482,-0.9908626283046827,-0.5386403613237508,9.24284846044562e-05,7.989713878038636e-07,-0.007219313184990603,-0.2795867238021353,-0.23271024069482263,-0.060323061598806,-0.00046931530031950135,-2.181055904647982e-05,-0.01269278545360439,0.032571287688393645,-2.625556178411945,-0.20809207677582364,0.036465967702791896,-0.012958249929980237,-0.03650804198215169,-5.625293613598354,-6.034573744196561,-1.4080906130242616,-0.002370591326343946,-0.0006420912030542163
2.18,0.0003150034415505712,1.4858266181761055,-0.9933521438520708,-0.5392793222516135,8.781284452469272e-05,5.573952654281756e-07,-0.007263878106576778,-0.2797056130942809,-0.24895155473880723,-0.0638960927862661,-0.00046156400797634785,-2.4157612237568798e-05,-0.009548698448381689,0.18473173858197764,-2.3850954688225534,-0.1730619023125506,0.03579487862412419,-0.014421876971242559,-0.03646772785181594,-5.5389323774100045,-6.0779909251952,-1.4138361897249963,-0.0023025437620163612,-0.0006469275746961772
2.19,0.00024213440473891341,1.483043676252983,-0.9959846588709136,-0.5399491577761201,8.329247337404137e-05,2.9465785844633e-07,-0.0072869036811657765,-0.2782941923122472,-0.26325150188428015,-0.06698355245066473,-0.000452037115065135,-2.627374069818456e-05,-0.006405409128894451,0.34137004184317565,-2.1226859349096294,-0.13537859861195845,0.03513256003021066,-0.015835220870442923,-0.03632503240908597,-5.440588778514934,-6.108835895170409,-1.4163045111391688,-0.0022258064725658444,-0.0006501421447249992
2.2,0.00016924916878257934,1.4802906425511795,-0.9987393693324829,-0.5406446908805069,7.88850374615536e-05,1.3264517489224977e-08,-0.00728852359563341,-0.27530337018036766,-0.27547104615693074,-0.0695533104386814,-0.00044074359124877694,-2.8139334095710505e-05,-0.003275074418307446,0.5018733771431504,-1.8404940344166718,-0.09550665801305724,0.03448123777089392,-0.017190261901445902,-0.03608178713138651,-5.330348140421567,-6.1266713972275495,-1.4154110331730108,-0.0021405518549786535,-0.000651679950579014
2.21,9.65596307294915e-05,1.4775837303311252,-1.0015942536478912,-0.541360466221251,7.460804651228219e-05,-2.841046597958884e-07,-0.007268953805308784,-0.27069122200543294,-0.28548843154083026,-0.07157753407440877,-0.00042769909492714126,-2.9736917728511333e-05,-0.00016966792621187437,0.6655777394302609,-1.5408688354797615,-0.05392940360170817,0.03384273064124464,-0.018479332058415163,-0.03574015472800538,-5.208390824092454,-6.131173482677677,-1.4111012167237873,-0.0020469841405297865,-0.0006515014129896395
2.22,2.4274732833663644e-05,1.4749394939301612,-1.0045262566378643,-0.5420907956233011,7.047878706729689e-05,-5.946177712326132e-07,-0.007228489789582785,-0.2644236400963914,-0.2932002989973012,-0.07303294020500482,-0.0004129259444985295,-3.105131114367249e-05,0.0028991412289487233,0.8317620219890014,-1.2263198406909486,-0.011139759835327334,0.03321837286771896,-0.01969524361975014,-0.035302597162702495,-5.0750008283209755,-6.122135868391807,-1.403351609547838,-0.0019453377240690318,-0.0006495829920937948
2.23,-4.740029567397337e-05,1.4723747436950148,-1.007511482882499,-0.5428298056368251,6.651425673042055e-05,-9.153154193689439e-07,-0.007167502850763701,-0.2564750235146548,-0.2985226244634516,-0.07390100135240556,-0.000396453033687633,-3.2069764813633073e-05,0.005920129300441292,0.9996423800414896,-0.8994931814088006,0.03236881106794165,0.03260892773600909,-0.02083141461525068,-0.03477183780638783,-4.930573690130926,-6.099473129746029,-1.392170607594253,-0.0018358749666102271,-0.0006459176788433168
2.24,-0.00011826464932051246,1.4699064537046134,-1.0105253975843709,-0.5435714866848593,6.273109991952584e-05,-1.2431361567250395e-06,-0.007086435364653909,-0.24682899904014435,-0.301391470187191,-0.07416810480342201,-0.0003783156810894721,-3.2782073735609556e-05,0.008882675559842595,1.1683672601080355,-0.563146493549528,0.07611095835425274,0.032014496590127235,-0.021881987967459347,-0.03415081808655523,-4.775623350711397,-6.063222674676898,-1.3775988776768096,-0.0017188834832602092,-0.000640515310920557
2.25,-0.0001881225985667451,1.4675516620850246,-1.0135430330284452,-0.544309743326734,5.914554586907034e-05,-1.574942827945755e-06,-0.006985794924623265,-0.2354791619588817,-0.3017635444074392,-0.07382566418746389,-0.00035855540504555015,-3.318066712207155e-05,0.011776932028106134,1.337013475699631,-0.22012281040988935,0.11961744503011174,0.031434428557929245,-0.022841940924986592,-0.033442649293265535,-4.610787654616447,-6.013545461494782,-1.3597094281655608,-0.0015946729519133215,-0.000633402704945824
2.2600000000000002,-0.00025678407220432577,1.4653273638627684,-1.0165391986991101,-0.5450384451646059,5.5773349701438044e-05,-1.907549564554698e-06,-0.006866147363758069,-0.22242982222562743,-0.2996165670664879,-0.07287018378718821,-0.0003372196167632297,-3.3260673660894283e-05,0.014593998987588815,1.5045836908123669,0.12667617538614875,0.1624422947753752,0.03086723718299371,-0.023707181325520466,-0.03265056048215605,-4.436832164057685,-5.950725441221029,-1.3386073196143324,-0.0014635715012112605,-0.0006246235995911442
2.27,-0.00032406515910452725,1.4632503964742822,-1.0194886931178422,-0.5457514779294332,5.262973742936673e-05,-2.2377491858927094e-06,-0.006728108690020148,-0.2076967388486175,-0.29494944187321204,-0.07130327648273685,-0.00031436122720713145,-3.301996213380114e-05,0.017326098597028237,1.6700056398739025,0.4743171211611751,0.2041689062794072,0.03031053057544711,-0.024474627242709074,-0.031777843667008164,-4.254651996243953,-5.875167723862854,-1.3144290127870553,-0.0013259217578737213,-0.0006142384072260772
2.2800000000000002,-0.0003897885193509935,1.4613373182433937,-1.022366515493317,-0.5464427942976928,4.9729355762717535e-05,-2.562340760739488e-06,-0.006572336024646626,-0.19130782308884917,-0.2877822375474747,-0.06913163682596132,-0.00029003816666491945,-3.245915748467788e-05,0.019966737922202993,1.8321333674519351,0.8198619572098067,0.2444149952783361,0.02976096167194882,-0.025142266713486516,-0.030827797703824794,-4.065271429551812,-5.787395486730385,-1.2873413572768344,-0.0011820766525863693,-0.0006023237748371808
2.29,-0.0004537836962622563,1.4596042803498603,-1.0251480753272881,-0.5471064640102946,4.708622756385683e-05,-2.8781570879240296e-06,-0.006399517691126286,-0.17330378935334262,-0.2781559833971054,-0.06636697126018339,-0.00026431281988607044,-3.158163271845412e-05,0.02251085215358988,1.9897507147917033,1.1603943783743904,0.28283626686081575,0.029214204688136236,-0.02570919453346071,-0.029803672424238415,-3.8698410730395336,-5.6880456611399515,-1.2575402296904117,-0.00103239509928152,-0.0005889719581003837
2.3000000000000003,-0.0005158873228378824,1.4580668930342495,-1.0278093981917453,-0.5477367228895905,4.47137137227167e-05,-3.182091860721763e-06,-0.006210362657562608,-0.15373873156108267,-0.2661322864457256,-0.06302588792958827,-0.00023725138411401299,-3.0393477279773322e-05,0.024954918784173004,2.141577215058136,1.493045581098011,0.3191287661268909,0.028664962868762717,-0.02617562356782127,-0.02870861467140644,-3.6696324521840484,-5.577863451159452,-1.225248836056635,-0.000877237674164956,-0.0005742900155608934
2.31,-0.0005759432186935165,1.4567400870110314,-1.0303273259826409,-0.5483280203780904,4.262448210345734e-05,-3.4711262887426456e-06,-0.006005589585563403,-0.1326806023218032,-0.2517927790895502,-0.05912974884997968,-0.0002089231619259362,-2.890344280208826e-05,0.027297034107237474,2.286276487229439,1.8150189540802857,0.3530299023753454,0.028107011246482738,-0.026542868663494423,-0.027545617923412206,-3.4660299300477724,-5.45769575399608,-1.1907156985705476,-0.0007169624277493844,-0.0005583988328061672
2.32,-0.0006338023765001511,1.4556379712858374,-1.0326797100593916,-0.5488750652524258,4.08304840508023e-05,-3.7423549620046865e-06,-0.005785915780663463,-0.11021157251940744,-0.23523840767507342,-0.054704487433548395,-0.0001793998052655038,-2.712286732620409e-05,0.02953694456474134,2.4224671423146047,2.1236134696382343,0.38431818870766676,0.027533276405760393,-0.026813302060747113,-0.026317477158641328,-3.2605199553457664,-5.328483565824841,-1.1542123518711378,-0.0005519209652047939,-0.0005414319892275121
2.33,-0.0006893228401983241,1.4547736887874416,-1.0348455957937366,-0.54937286919716,3.9342938739950584e-05,-3.9930107545799825e-06,-0.005552046369817304,-0.08642824983958484,-0.21658857343448612,-0.04978039447342267,-0.00014875453108517157,-2.5065579257529622e-05,0.03167602718722361,2.548736137408317,2.416245567796739,0.4128117836726002,0.02693595333983903,-0.02699028017288707,-0.025026750529010662,-3.0546777047907647,-5.191253469004554,-1.11603077864691,-0.0003824549274850019,-0.0005235344823868568
2.34,-0.0007423694806832521,1.4541592714233447,-1.0368053971726034,-0.5498167879541909,3.8172325417014204e-05,-4.220488579175139e-06,-0.005304664048492797,-0.06144173640970292,-0.1959801378866829,-0.04439187570308911,-0.00011706133229363823,-2.2747782459515628e-05,0.03371721552788585,2.6636544355155958,2.690469373889844,0.43836596241143333,0.026306657532376543,-0.02707804269371683,-0.023675729267101396,-2.8501512641793223,-5.047108306512981,-1.076480618361108,-0.00020889299806733716,-0.0005048613270800362
2.35,-0.0007928136781031409,1.4538054963434148,-1.038541060223822,-0.5502025597937904,3.7328383317536274e-05,-4.422367818821196e-06,-0.00504441974198888,-0.03537750799298221,-0.17356630512186927,-0.03857718395995126,-8.439420994779274e-05,-2.0187923964605694e-05,0.035664869980857446,2.765794754424505,2.943995140577582,0.46086968044708243,0.025636608538573163,-0.027081586157171822,-0.022266417070309043,-2.648643568406337,-4.897217156939284,-1.0358861861974034,-3.154854800483002e-05,-0.0004855760478720377
2.36,-0.0008405329232266797,1.4537217453429645,-1.040036214157496,-0.5505263410819351,3.682011878141485e-05,-4.596433277051903e-06,-0.00477192451235389,-0.00837510004503425,-0.14951539336738284,-0.03237812881447112,-5.082645361214245e-05,-1.7406545823070676e-05,0.03752459403307934,2.8537511183634527,3.1747058542389697,0.48024142231387046,0.024916839717916556,-0.027006515246216334,-0.020800519987358868,-2.4518923924356555,-4.742804728483372,-0.9945833418779192,0.00014928198432248178,-0.00046584908514225556
2.37,-0.0008854103533685489,1.4539158694496612,-1.041276309236769,-0.5507847387448673,3.665581881754154e-05,-4.740694503112173e-06,-0.004487743014186922,0.019412410669667472,-0.1240095079273061,-0.02583976629321814,-1.6429996387330622e-05,-1.442612260602704e-05,0.03930300066276774,2.9261598636793007,3.380671991215712,0.4964245488906087,0.02413842748563036,-0.026858876258881725,-0.019279447587375716,-2.261648750800887,-4.585140293207714,-0.95291624975202,0.00033331990246820254,-0.0004458561355023786
2.38,-0.0009273342409785938,1.4543940608133843,-1.0422487405073424,-0.5509748394553201,3.684307012519174e-05,-4.8534033634701156e-06,-0.004192388761004488,0.04781913637229687,-0.0972431270573402,-0.019010071045280102,1.8725130765019826e-05,-1.127088603579426e-05,0.0410074355969241,2.981721695954528,3.560164449200423,0.5093823708307355,0.023292732567065988,-0.026644978113074314,-0.01770432592499521,-2.0796541202383896,-4.425526283431912,-0.911234072472584,0.0005203041973606099,-0.000425776447833524
2.39,-0.0009661974550864361,1.4551607340510215,-1.042942956623814,-0.5510942353853018,3.738878236563734e-05,-4.933069744878451e-06,-0.003886321410784238,0.07666732376371353,-0.06942161164715797,-0.011939592998170625,5.4571224044560285e-05,-7.966638140833522e-06,0.04264566632314043,3.0192243521572206,3.7116657113365576,0.5190931806473458,0.022371645276601987,-0.02637120703695417,-0.0160760225306334,-1.9076169465947235,-4.265286670889701,-0.8698876406661615,0.0007099906024498088,-0.0004057910961438068
2.4,-0.0010018969172593069,1.4562184191867364,-1.0433505531118965,-0.5511410463877374,3.829921430896264e-05,-4.978475287201363e-06,-0.003569946217287086,0.10576851357148319,-0.04075964880824745,-0.0046811002435675885,9.104319433253004e-05,-4.540554232291218e-06,0.04422554749140508,3.0375653885579545,3.8338793239861366,0.5255454728372264,0.02136782677570412,-0.02604384158828521,-0.014395183355034492,-1.7471889315397515,-4.105755246368172,-0.8292261402856688,0.0009021497608224427,-0.0003860812499963004
2.41,-0.001034333074515385,1.4575676682709156,-1.0434653494987014,-0.5511139384838031,3.9580001367519654e-05,-4.9886850560495084e-06,-0.0032436157256078243,0.13492490841790228,-0.011479638680483437,0.002710790393436955,0.00012807870585570166,-1.020976884814546e-06,0.045754674551066875,3.0357745938909413,3.925737782839465,0.5287335701695071,0.02027493853578785,-0.025668874826730637,-0.012662281282273332,-1.5999416155387838,-3.948263913337852,-0.7895938578511383,0.0010965645370457852,-0.000366826462435537
2.42,-0.0010634094117050442,1.4592069776573717,-1.0432834498291685,-0.5510121385448506,4.12361829755336e-05,-4.963057075921406e-06,-0.0029076337189659035,0.16393093864561317,0.018189966953294983,0.010179993895242444,0.00016561816080139452,2.5627980128102207e-06,0.04724003809910994,3.013035517907568,3.9864089258877584,0.5286538555234408,0.01908785276172187,-0.025251850304238377,-0.01087767549575933,-1.4673437800538793,-3.794131103884691,-0.7513270215957295,0.0012930265380172847,-0.00034820299419336174
2.43,-0.0010890320252225575,1.461132727769014,-1.042803286166629,-0.5508354450679841,4.327222828710857e-05,-4.901249654123952e-06,-0.0025622613517513456,0.19257501116422304,0.04801636625396154,0.01766934768665547,0.00020360453115749735,6.18074217974538e-06,0.048687691461540686,2.9687056081160375,4.015300926158305,0.5253017831469613,0.017802837240611075,-0.02479771803511832,-0.009041680638532395,-1.3507401835174266,-3.6446504193829377,-0.7147507737170318,0.0014913319386972064,-0.0003303821915355424
2.44,-0.0011111092785601657,1.4633391419887045,-1.0420256447512088,-0.5505842349533243,4.569205874158283e-05,-4.8032264344435064e-06,-0.0022077253337608165,0.22064142196905412,0.07776414154200555,0.025121011465973425,0.0002419830454474254,9.802321968044563e-06,0.05010244352001401,2.9023344619362352,4.012065962989279,0.5186698118042763,0.016417708898588484,-0.024310715781198478,-0.00715464435537758,-1.2513321221279448,-3.501079592079256,-0.6801763055773065,0.0016912767391712446,-0.0003135289334786207
2.45,-0.0011295515582056964,1.4658182660770194,-1.0409536745635282,-0.5502594661996254,4.8499066181559945e-05,-4.6692591276700285e-06,-0.0018442279645530775,0.24791240883149396,0.1071970187680593,0.03247687536988734,0.00028070074399771163,1.3396730677347776e-05,0.05148758778933205,2.8136797273468206,3.976602629443417,0.5087463660441074,0.014931951230584772,-0.02379427988007632,-0.0052170314465214765,-1.1701602682650276,-3.3646298573208333,-0.647898183900573,0.001892651607709681,-0.00029780016232552084
2.46,-0.0011442711457731814,1.4685599692456723,-1.0395928781153976,-0.5498626764440673,5.169612539758325e-05,-4.499927874032617e-06,-0.0014719587567485026,0.27417031686530347,0.13607964481306012,0.039678975555809834,0.0003197059216023305,1.6933125363741186e-05,0.0528446773271912,2.702720221845215,3.909057107076874,0.4955158918028211,0.013346791697241928,-0.02325098851798202,-0.0032295125116976607,-1.108090187051467,-3.2364558197197715,-0.6181918918868454,0.002095236488887822,-0.00028334350960330067
2.47,-0.0011551822191174595,1.4715519677089324,-1.0379510843665511,-0.5493959772826725,5.528560020443514e-05,-4.296119200836922e-06,-0.001091107334427808,0.2991998463260104,0.16417937488464698,0.046669916139478525,0.00035894748068518955,2.0380867319569468e-05,0.054173353305078796,2.569665886550521,3.8098231098383604,0.4789600299177259,0.011665236169125015,-0.022682538878906033,-0.0011930546348177392,-1.0658008664905911,-3.117645890198478,-0.5913116048155322,0.0022987951748451997,-0.0002702960276000845
2.48,-0.0011622009916059418,1.4747798712008044,-1.0360384037493866,-0.5488620443207647,5.926934241585016e-05,-4.059021547584286e-06,-0.000701877248848248,0.32279034918721805,0.19126806171645983,0.05339329619078303,0.0003983742211415018,2.3709765325263676e-05,0.055471233081553044,2.4149642488408363,3.6795405686435587,0.4590598871682694,0.009892058567064765,-0.02208975807681135,0.0008909886263525294,-1.0437765202996627,-3.0092133646318757,-0.5674882152532861,0.0025030700498388314,-0.0002587830348492008
2.49,-0.0011652459948020655,1.4782272525891869,-1.0338671653745004,-0.548264102919026,6.364868336460233e-05,-3.7901183410773297e-06,-0.00030450031961236075,0.34473813883824345,0.21712383748861014,0.05979414017386571,0.000437934094875217,2.6890320650695613e-05,0.05673386148656957,2.2393031322457584,3.5190929995162574,0.435799340311501,0.008033745029827899,-0.021472646284615093,0.003020790900252584,-1.0423018370946675,-2.9120882086517574,-0.5469276185261159,0.002707777221987405,-0.0002489170821474892
2.5,-0.001164238505663912,1.4818757403465346,-1.0314518365904073,-0.5476059096207219,6.842441790099668e-05,-3.4911786149206747e-06,0.00010074891381535618,0.36484877573476576,0.24153287840930202,0.06581932983041408,0.00047757345363943436,2.9893972615665493e-05,0.05795472683174473,2.043609425535536,3.329603473314471,0.40916926570225876,0.006098393255220463,-0.02083044910298626,0.005193973392526099,-1.0614607574056625,-2.82710960701027,-0.52980926476541,0.0029126022503963693,-0.00024079704406206428
2.5100000000000002,-0.0011591031150951403,1.4857051332572584,-1.0288089251825878,-0.5468917292700866,7.359678108297149e-05,-3.1642451817863172e-06,0.000513539056877166,0.38293929107238045,0.2642911407819433,0.07141803506353543,0.00051723631819748,3.2693343313435725e-05,0.05912534098217053,1.8290438030923712,3.1124290860427606,0.37917254665895506,0.004095569104117069,-0.020161755038843765,0.007407535097546094,-1.1011387639137746,-2.755019329576377,-0.5162849796881918,0.0031171966600336636,-0.00023450733940317354
2.52,-0.0011497684304280532,1.4896935363632178,-1.0259568646206556,-0.5461263078610534,7.916541803475736e-05,-2.8116203831158345e-06,0.0009334684667087108,0.39884031059593644,0.28520605619321615,0.07654214090331704,0.0005568636951785871,3.5262479867048254e-05,0.06023538072803271,1.5969913745895887,2.869153817263233,0.3458296742870459,0.0020361240915922063,-0.01946461305471503,0.0096577957885492,-1.1610285733854093,-2.696455959404509,-0.5064780524082049,0.0033211754107058383,-0.00023011728283424908
2.5300000000000002,-0.0011361679002996864,1.4938175167786816,-1.02291588289797,-0.5453148411895866,8.512934768943476e-05,-2.435849459744867e-06,0.0013600530128366852,0.412398041546382,0.3040981722685567,0.08114666714668589,0.00059639296546774,3.757709233709673e-05,0.0612728857378858,1.3490483324430158,2.6015796615415323,0.30918472611629966,-6.802105420189442e-05,-0.018736664547125748,0.011940354458137025,-1.240639024310823,-2.6519500212114937,-0.5004825850678631,0.003524115450857123,-0.00022768056865362654
2.54,-0.0011182407465327262,1.4980522776537522,-1.0197078556546613,-0.5444629394217023,9.148692133673085e-05,-2.0397016082942898e-06,0.00179271537669601,0.4234760875070679,0.3208027243308878,0.08519017678842526,0.0006357573647296099,3.961478514505775e-05,0.06222450661280922,1.0870047588782419,2.3117159249787163,0.269311482179031,-0.00220412010573684,-0.01797528384045388,0.014250065434880024,-1.3393068655845375,-2.621920040895692,-0.49836309598935113,0.003725555443009481,-0.00022723488680263
2.5500000000000003,-0.0010959329841833537,1.502371848239251,-1.0163561444311933,-0.5435765877324701,9.823577706585125e-05,-1.6261488119670144e-06,0.0022307762349372535,0.43195705854988253,0.3351711223467904,0.08863516892322414,0.0006748855729120405,4.135527963272754e-05,0.06307579503769391,0.8128238489527777,2.001766596075715,0.22631942095860502,-0.0043588643757899725,-0.01717772133739326,0.016581033803622133,-1.4562110719835437,-2.606669558347104,-0.5001543654090143,0.003924996697525505,-0.00022880167030801433
2.56,-0.0010691985079904355,1.506749287715081,-1.0128854210628924,-0.5426621032182023,0.00010537279132072437,-1.1983425603586586e-06,0.002673447619291835,0.43774394758301227,0.3470723368300834,0.09144845142678328,0.0007137014254873119,4.2780625160835595e-05,0.06381152678309256,0.5286178993191645,1.6741157271673335,0.18035932921468234,-0.006518656159536396,-0.016341243827281915,0.01892663102831423,-1.590389244780289,-2.6063851067121364,-0.5058615107107068,0.0041219052976898315,-0.00023238597262195633
2.57,-0.0010380002211649653,1.5111569001963419,-1.0093214793932084,-0.541726088333778,0.00011289402887006558,-7.595886006239182e-07,0.003119828682547024,0.44076124812608675,0.35639416696840504,0.0936014884424279,0.0007521237549341211,4.387539597347404e-05,0.06441604738286845,0.2366215024308736,1.3313107987062296,0.13162826058881105,-0.008669883091099229,-0.015463267070224107,0.021279530852096877,-1.7407556032722975,-2.621135161556869,-0.5154602764252957,0.004315715345024177,-0.00023797647264580827
2.58,-0.0010023111808868997,1.5155664581345067,-1.0056910356511464,-0.5407753811584647,0.00012079469253688936,-3.133198912869709e-07,0.003568904027806561,0.4409557938164966,0.36304437420620217,0.09507071753133245,0.0007900663666823779,4.462687093369473e-05,0.06487362972745638,-0.06083753053605584,0.9760440824156194,0.08037358877343737,-0.01079918384926859,-0.014541476593332964,0.02363176467727882,-1.9061200374892437,-2.6508700531706886,-0.5288975231162396,0.0045058332026820785,-0.00024554560458194875
2.59,-0.0009621157340957889,1.519949431191349,-1.002021519002086,-0.5398170028453793,0.00012906907403245258,1.3693204053544074e-07,0.00401954467911109,0.4382973056842345,0.3669516649060275,0.09583783130853905,0.0008274381495563213,4.502519318224116e-05,0.06516883259072735,-0.36136892060766895,0.6111320689970693,0.026895921790139332,-0.012893696091891116,-0.013573933578355735,0.0259747947638908,-2.0852076753557385,-2.6954228248105228,-0.5460918986152785,0.0046916425700957946,-0.0002550498091247588
2.6,-0.0009174106172096038,1.5242772175862722,-0.9983408539365793,-0.5388581026604,0.0001377105072000438,5.875671084993905e-07,0.004470511688618513,0.43277863949232326,0.36806650655067263,0.09589001849792085,0.0008641433167591219,4.506350679639498e-05,0.06528684926280835,-0.6625516868242293,0.23949307944715909,-0.028449325590537144,-0.014941278456009621,-0.012559163720274677,0.028299602789674652,-2.276678419870005,-2.7545110093218073,-0.5669346748874016,0.004872510186841516,-0.000266429901860009
2.61,-0.0008682059942871041,1.5285213749069355,-0.9946772363040467,-0.5379059010643437,0.00014671132489733546,1.0349477848714857e-06,0.004920462292249966,0.4244157320663241,0.36636176325326164,0.09522015960563747,0.0009000817697291666,4.473806763720951e-05,0.0652138359942351,-0.9619662223479272,-0.13587676637934498,-0.08525186488384628,-0.016930699877798938,-0.01149622791767306,0.03059679064503653,-2.4791459332885455,-2.827739286663669,-0.5912907340616702,0.0050477919404249795,-0.00027961155408697257
2.62,-0.0008145264098312918,1.5326538474303621,-0.9910589049230293,-0.5369676313359905,0.0001560628206357403,1.4754310426258746e-06,0.005367958445581231,0.41324725234265397,0.36183313810174206,0.0938269728353257,0.0009351495738404831,4.404832577543889e-05,0.06493721085952822,-1.2572259496216258,-0.5119289971682534,-0.14304808891162235,-0.018851791270914797,-0.010384774558192561,0.032856689844429826,-2.6911955849060605,-2.9146029758181804,-0.6189996878269584,0.005216839143005282,-0.00029450588061752343
2.63,-0.0007564116348469698,1.5366471871267815,-0.987513910802556,-0.53605048027155,0.00016575521595562932,1.9054008144262975e-06,0.005811477498432205,0.3993339696419337,0.35449941204733054,0.09171510644404736,0.0009692395319889014,4.299697718004229e-05,0.06444591489879613,-1.5460078183635306,-0.885589377697267,-0.2013243120861885,-0.02069555663377437,-0.00922507393546207,0.0350694756587398,-2.91140093498747,-3.0144923067818503,-0.6498771154148564,0.005379004746604653,-0.0003110101284613532
2.64,-0.000693917387811658,1.540474765708731,-0.984069886086537,-0.5351615285270163,0.00017577763435235012,2.3213006417753136e-06,0.006249424703531185,0.3827578581949593,0.3444024716019035,0.08889517445337493,0.0010022418396720793,4.158998273490162e-05,0.06373062895753534,-1.826080928982731,-1.253785318313282,-0.2595217019169791,-0.022454242797694146,-0.008018035942945034,0.03722528203236168,-3.1383383972124674,-3.126697412184633,-0.6837159067237497,0.005533649284646561,-0.00032900845970546786
2.65,-0.0006271159157630302,1.5441109753385596,-0.980753814881868,-0.534307691192359,0.0001861180823854033,2.719666172894041e-06,0.006680147204862774,0.36362096298286006,0.3316071204669062,0.08538373346572904,0.0010340448033053194,3.9836553111872705e-05,0.06278394146599527,-2.0953326078132277,-1.6134737545730249,-0.3170428483190051,-0.024121369138064952,-0.006765212620650496,0.03931431354531856,-3.37059980251522,-3.25041397384712,-0.7202876987191495,0.005680146358226458,-0.0003483728213734853
2.66,-0.0005560964245900483,1.5475314159112692,-0.9775918081489589,-0.5334956591996903,0.00019676343840823395,3.0971571584935775e-06,0.007101949117298195,0.3420440572709587,0.3162006732909139,0.08120319926686351,0.001064535602283066,3.774909855995365e-05,0.061600464413167674,-2.3517913295572694,-1.9616691223178566,-0.3732598584678275,-0.02569172051611504,-0.005468787380302986,0.041326951096837115,-3.606802674918181,-3.384749457450168,-0.7593443950086851,0.005817887525928894,-0.00036896389464005674
2.67,-0.000480965351664844,1.550713067177314,-0.9746088848194728,-0.5327318421707777,0.00020769944915580182,3.450588591053695e-06,0.007513107292520431,0.3181651266044784,0.2982923329486035,0.07638170289126342,0.0010936010747567865,3.534314325601175e-05,0.0601768968960004,-2.593645975455814,-2.2954710422915543,-0.4275238088626363,-0.02716130838521008,-0.00413155282197003,0.04325384858644949,-3.84559812114966,-3.5287298685035933,-0.80061976036185,0.005946286503144066,-0.0003906321155068328
2.68,-0.00040184647798644695,1.55363444435039,-0.9718287612599789,-0.5320223133022285,0.00021891073422877528,3.7769606358933246e-06,0.007911887367839703,0.2921377173076015,0.2780123559493925,0.0709528868549288,0.0011211285072973466,3.2637204483962965e-05,0.058512037769407464,-2.8192610305865333,-2.6120913294959154,-0.47917533546868896,-0.028527306293467225,-0.002756879004675805,0.045086018602022174,-4.0856763267957925,-3.681306964866854,-0.8438310838443166,0.0060647826271696915,-0.0004132187589376934
2.69,-0.00031888088084649265,1.5562757362457746,-0.9692736511227941,-0.5313727568693777,0.00023038079832442038,4.0734870113552825e-06,0.008296559713995429,0.2641291895384541,0.2555110137184753,0.0649556432850804,0.0011470064095645094,2.965263754619575e-05,0.05660675098757012,-3.027187456635335,-2.9088799556493123,-0.5275560992347188,-0.029787966886377554,-0.0013486738847712232,0.04681490593222612,-4.325769738985907,-3.841365864956081,-0.8886809060795433,0.006172843594268168,-0.0004365570785078491
2.7,-0.00023222673150454995,1.5586189254018088,-0.9669640775182782,-0.5307884189027302,0.0002420920508925018,4.337621490775112e-06,0.00866541493419427,0.2343189156034121,0.23095736045158857,0.058433796664749654,0.001171125256808141,2.641344794198292e-05,0.05446388910963595,-3.216169122569676,-3.183349617415188,-0.5720208298605769,-0.030942527931364733,8.86625743783398e-05,0.0484324485415628,-4.56465409605945,-4.00773299609775,-0.9348588078496255,0.006269967520838734,-0.00046047349383415963
2.71,-0.00014205894533237003,1.5606478900366454,-0.9649186993088382,-0.5302740615544246,0.0002540258327467919,4.567082220288117e-06,0.009016778617217993,0.20289646348365553,0.20453782094399983,0.05143573483055963,0.00119337818542901,2.2946072951300515e-05,0.05208818204534097,-3.38514482892426,-3.4331985969677348,-0.6119496266563367,-0.03199111485552003,0.001550289345989997,0.049931126419143,-4.801147535756877,-4.179184333781675,-0.9820432587170311,0.006355684419981214,-0.00048478881839766387
2.72,-4.85686942384764e-05,1.5623484880706036,-0.9631541531671789,-0.5298339216275557,0.00026616244904525906,4.759873573476888e-06,0.009349025109389363,0.1700598033958163,0.17645461416593705,0.04401399268689013,0.0012136616298467167,1.9279135318877126e-05,0.04948609935035448,-3.5332461152247245,-3.656331642865869,-0.6467601826673395,-0.03293464683748673,0.0030309792745161213,0.05130399938511734,-5.034108073274566,-4.354453889275863,-1.029903525508487,0.0064295572146603735,-0.0005093195208059583
2.73,4.803720715938795e-05,1.5637086237884081,-0.9616849128636622,-0.5294716736894829,0.0002784812079696062,4.914305295725234e-06,0.009660590139786434,0.13601357178045362,0.1469240303516713,0.03622479380728362,0.0012318758924347098,1.5443172224834618e-05,0.04666569517599264,-3.6597911874280773,-3.8508786457090523,-0.6759195971158682,-0.03377475267561375,0.004525177105318079,0.05254473546903506,-5.262429787727072,-4.53224240961213,-1.0781016412801043,0.006491182427907421,-0.000533879013025174
2.74,0.00014753702922125543,1.5647182980137164,-0.9605231670540746,-0.5291903981327939,0.00029096046439090295,5.029008727132078e-06,0.009949982206186748,0.10096742253083006,0.11617458095875928,0.028127555668899858,0.0012479256421296773,1.1470343140684414e-05,0.04363644528444201,-3.764275436223496,-4.0152109319954015,-0.6989554516548822,-0.03451370153291897,0.006027059816431368,0.05364763183380844,-5.485038089492401,-4.711226259767472,-1.126294435720594,0.0065401906983338885,-0.0005582789595867163
2.75,0.0002496949562358103,1.5653696429110937,-0.9596787166337863,-0.5289925544857983,0.0003035776678041129,5.1029499320571656e-06,0.010215792701455492,0.06513448973772644,0.08444504202882672,0.019784364699556224,0.0012617203413209973,7.394120492508692e-06,0.04040908533546748,-3.8463591312358836,-4.147955048495135,-0.7154658469857118,-0.035154352307088965,0.007530598487641149,0.05460763039283703,-5.70088446145827,-4.8900664614402665,-1.1741356278054025,0.006576247265796581,-0.0005823306021907727
2.7600000000000002,0.00035426200450773874,1.5656569427108493,-0.9591588925112678,-0.5288799602097238,0.0003163094138498657,5.135439604867649e-06,0.01045670482719284,0.02872997997555525,0.051982412251852246,0.011259427607440805,0.0012731746045752785,3.2489672810483723e-06,0.03699545893890378,-3.905852965146106,-4.248003955888316,-0.7251281272172925,-0.03570012386684984,0.00902962090214543,0.055420330255390296,-5.908941074677639,-5.067417865732779,-1.221277980866423,0.006599052558159898,-0.0006058460944402986
2.77,0.0004609770185025186,1.565576641765489,-0.9589684944369861,-0.5288537751535717,0.0003291314988143461,5.126139664264865e-06,0.010671501399477984,-0.008030094536020348,0.019039807428180573,0.00261850561521456,0.0012822084964480393,-9.299940602783787e-07,0.0334083827822776,-3.9427021813409753,-4.314525592521911,-0.7277060582819956,-0.036154986805179035,0.010517873977761494,0.05608199894807493,-6.108195674064795,-5.2419384380033,-1.2673755190882974,0.0066083429871470626,-0.0006286398416087662
2.7800000000000002,0.0005695677354734647,1.5651273413914688,-0.9591097513062417,-0.5289144917711494,0.0003420189766031899,5.075066491754976e-06,0.010859071697094609,-0.04493003740201871,-0.014125686925561896,-0.006071661757771522,0.001288747778884379,-5.107317250988905e-06,0.029661534544158652,-3.9569700463218838,-4.346968805509683,-0.7230552721886809,-0.036523475751982545,0.011989084992273358,0.056589584019895674,-6.297647113430018,-5.412298631982737,-1.312085802803419,0.00660389203106605,-0.0006505298403478718
2.79,0.000679751910803798,1.5643097869278713,-0.9595823031394753,-0.5290619311393083,0.0003549462178165761,4.982590812508757e-06,0.011018417533033332,-0.08175544635975956,-0.047255183323369455,-0.014743936815893033,0.0012927241213386196,-9.247567924621923e-06,0.025769367372859946,-3.9488214228326126,-4.345066676275485,-0.711126839017016,-0.0368107197212061,0.01343702042764916,0.05694072617474668,-6.4763018923962825,-5.577190826946962,-1.355072257874309,0.006585511646820337,-0.0006713390130671864
2.8000000000000003,0.0007912384982393331,1.5631268463587962,-0.9603832047334331,-0.5292952447528736,0.0003678869707026202,4.849434258246661e-06,0.011148658743553518,-0.11829405690751559,-0.08009015939576915,-0.023331361356528732,0.001294075288604413,-1.3315655426209602e-05,0.021747052546113897,-3.9185071623217547,-4.308837290903746,-0.6919688815179512,-0.03702248649149077,0.014855541142992812,0.05713377452346782,-6.643172011641335,-5.735338796427309,-1.3960065519843787,0.006553054015288216,-0.0006908965313701585
2.81,0.0009037288810874964,1.5615834817054017,-0.9615069507733359,-0.5296129220110183,0.00038081442392594897,4.67666269120377e-06,0.011249038284816326,-0.15433646533943376,-0.11237460399028656,-0.031767725814464964,0.001292745322332873,-1.72771567042891e-05,0.017610449640479895,-3.8663499683646636,-4.238582022799668,-0.6657262011565024,-0.037165235680200935,0.016238652526001096,0.057167803946603875,-6.797274418524842,-5.885507169886166,-1.4345710078827976,0.00650641358511801,-0.000709039122426706
2.82,0.001016918152139768,1.5596867142055741,-0.9629455220014347,-0.5300128032525809,0.0003937012712485266,4.465676405107845e-06,0.011318927105227151,-0.18967674998275227,-0.14385712280987584,-0.039988124156260595,0.0012886847322577638,-2.109862860959249e-05,0.013376101245355914,-3.7927322898709193,-4.134881407175459,-0.6326379377729445,-0.03724617401045051,0.017580548296933562,0.05704263394903588,-6.937632263523954,-6.026510840354658,-1.470461040637201,0.006445529342423281,-0.0007256123515295165
2.83,0.0011304964413725224,1.5574455840747383,-0.9646884518522916,-0.5304920981445996,0.0004065197783706753,4.2181973529874535e-06,0.011357828923275451,-0.2241130130835921,-0.17429298508568664,-0.047929489201875,0.001281850712214868,-2.474790521203919e-05,0.009061247071293093,-3.698086689256322,-3.9985886951321383,-0.5930333362801683,-0.03727330533081656,0.01887564676862108,0.056758847808952226,-7.0632781300160214,-6.157224261682985,-1.5033876028406525,0.006370387199833542,-0.0007404718733548248
2.84,0.0012441502912513007,1.5548711053921385,-0.9667229127908388,-0.5310474091795473,0.0004192418523121479,3.936253582164735e-06,0.01136538498787783,-0.2574478682599845,-0.20344609385471726,-0.05553110349476363,0.0012722073941472572,-2.8194377082271862e-05,0.004683850337009602,-3.582889002005088,-3.8308211811975523,-0.5473257416563513,-0.03725546727232484,0.020118618614692663,0.056317810314814545,-7.173259336831754,-6.27659056931198,-1.5330796186059217,0.006281022369750098,-0.0007534846436697216
2.85,0.0013575640795902369,1.5519762163954123,-0.9690338214265803,-0.5316747599927174,0.0004318391138168975,3.6221610837164935e-06,0.011341378833893625,-0.2894888996726159,-0.23109086357416153,-0.06273508131700806,0.0012597261504749633,-3.1409249844824093e-05,0.00026262767693612947,-3.4476544663411457,-3.63294940373135,-0.49600498687573236,-0.03720234606439506,0.021304405568447038,0.055721681980565235,-7.266645345731273,-6.383630448890974,-1.5592863841745648,0.006177521565144584,-0.0007645300824400806
2.86,0.0014704214893221956,1.5487757252049452,-0.9716039613270525,-0.5323696281721715,0.0004442829733324476,3.278503286817257e-06,0.011285740973195863,-0.32004911904669564,-0.2570139900472191,-0.06948681794540912,0.0012443859515550073,-3.4365779689923634e-05,-0.004182927415886894,-3.292936861286249,-3.406584324089536,-0.43962837652128073,-0.0371244610323161,0.022428229958505908,0.05497342736219423,-7.342537235722631,-6.47745066820329,-1.5817799101856465,0.006060024858228739,-0.0007735011785388362
2.87,0.0015824070231786475,1.5452862507503913,-0.9744141223166651,-0.5331269821997963,0.0004565447111381895,2.9081084475716507e-06,0.011198553385645186,-0.3489474454553848,-0.28101609896125757,-0.07573540276247312,0.0012261737805741872,-3.7039483924560664e-05,-0.008632538328139008,-3.1193305541600367,-3.15356259906938,-0.3788105008893403,-0.03703311071772249,0.023485595561664185,0.05407681499231827,-7.400079134305836,-6.5572521802614805,-1.600357178203288,0.005928727023894359,-0.0007803055255745592
2.88,0.0016932075591705416,1.5415261584460345,-0.9774432549242049,-0.5339413221334869,0.0004685955621705908,2.514025197102083e-06,0.011080053599189427,-0.3760092304356713,-0.3029132607539754,-0.0814339933690588,0.001205085103240134,-3.940832504695676e-05,-0.013065167130564053,-2.9274752300022167,-2.87593007271217,-0.31421214090461014,-0.036940273452536324,0.02447228088606823,0.053036406519879474,-7.438471423847668,-6.622337699602619,-1.614842282102803,0.005783878201661418,-0.0007848662777927397
2.89,0.0018025139399610228,1.537515489969232,-0.9806686385345339,-0.5348067236173881,0.00048040680601292357,2.099496524709042e-06,0.01093063807904811,-0.40106684768023915,-0.3225383610328959,-0.08654014839012943,0.0011811243842332756,-4.145286723930411e-05,-0.017459074885773692,-2.718062960148339,-2.5759236283036167,-0.24652854276367542,-0.03685845662070528,0.02538432664459478,0.05185753289560839,-7.456985471147067,-6.672118650190702,-1.625088423463458,0.005625783727189856,-0.0007871230145808049
2.9,0.0019100225858370166,1.5332758863452889,-0.9840660617083542,-0.5357168847895727,0.0004919498623804531,1.6679324788143864e-06,0.010750864587599386,-0.42396036239430973,-0.33974231738202965,-0.09101611721845174,0.0011543056367529446,-4.3156404589465566e-05,-0.021791929797790394,-2.491847169084468,-2.2559515592021873,-0.1764773524498402,-0.03680049079088894,0.026218019784411073,0.05054625587520335,-7.454979561811185,-6.706121382279536,-1.6309797293022936,0.005454803011871547,-0.0007870325018628984
2.91,0.0020154371171782386,1.528830503439204,-0.9876100130593064,-0.5366651756445665,0.0005031963922391525,1.22288187110485e-06,0.010541453134122183,-0.44453829060848593,-0.35439513509522386,-0.094829085499382,0.001124652985869945,-4.4505060770953646e-05,-0.02604097077414559,-2.2496529805854455,-1.9185726371641192,-0.10478650409608825,-0.036779267401110025,0.026969876948221838,0.04910931370343946,-7.431915660449247,-6.723992557367958,-1.6324328603832814,0.005271347385683409,-0.0007845693386284028
2.92,0.002118469968293798,1.5242039189042444,-0.9912738810209977,-0.537644689401744,0.0005141184044497334,7.680032678165264e-07,0.01030328511155594,-0.4626584534959477,-0.3663867961691271,-0.09795137571775403,0.0010922012210580884,-4.548786032883235e-05,-0.030183231543805398,-1.9923883678861858,-1.5664740780077409,-0.03218235234469624,-0.03680742169323939,0.02763663059205068,0.04755405056315355,-7.387376565100427,-6.7255036051425146,-1.6293983790064055,0.005075876862770885,-0.0007797264770227242
2.93,0.0022188439704926067,1.5194220296416436,-0.9950301607985059,-0.5386482954297265,0.0005246883675350278,3.0703554649090574e-07,0.010037400219880869,-0.47818892626007314,-0.3756279777508213,-0.10036060279824208,0.001056996308529444,-4.6096772132562065e-05,-0.03419582742484078,-1.7210554991707556,-1.2024486252289948,0.04062167250429205,-0.03689696605472406,0.028215221119137657,0.04588833018118757,-7.321082981909405,-6.710554164080801,-1.6218618466569654,0.004868895838953608,-0.0007725156048606351
2.94,0.0023162938785484697,1.5145119388852384,-0.9988506667798766,-0.5396686932813706,0.0005348793258368942,-1.5623171309571455e-07,0.009744990805586294,-0.49100907564053364,-0.3820505981370667,-0.10203978516440841,0.0010190958301866334,-4.632672595866203e-05,-0.03805630324075437,-1.4367616590270582,-0.8293709908599058,0.112935626483611,-0.03705888269715951,0.02870279825953126,0.04412043482742568,-7.232910015871088,-6.679174428085762,-1.6098446241867905,0.00465094778277207,-0.0007629673801195575
2.95,0.0024105678116052016,1.5095018321379616,-1.0027067486831291,-0.5406984674034524,0.0005446650189718639,-6.179877485706875e-07,0.009427393305673194,-0.5010106747276675,-0.38560819032526567,-0.10297741220818146,0.000978569313496966,-4.6175603547497296e-05,-0.04174303686485158,-1.1407291379496485,-0.45017390768471643,0.18410259673685214,-0.03730268849599033,0.029096734498505306,0.04225895176566231,-7.122902557234853,-6.631526334911591,-1.5934043502891426,0.004422609033701611,-0.0007511315079470531
2.96,0.0025014285773330295,1.504420841350386,-1.0065695097328728,-0.541730142099339,0.000554020003129427,-1.0744298068548555e-06,0.009086076572782768,-0.5080990787575733,-0.38627610497437986,-0.1031674695886643,0.000935498415756315,-4.564420582841681e-05,-0.04523568859942348,-0.8343035140284254,-0.06782405626874702,0.2535070269193693,-0.03763598858361408,0.029394652619708223,0.040312649957578744,-6.991289042251342,-6.567903547877932,-1.5726350778730893,0.004184481869440553,-0.0007370766519839737
2.97,0.002588654847067798,1.4992988969399321,-1.010410025196828,-0.5427562363412824,0.0005629197724032962,-1.521791789983131e-06,0.008722626973476847,-0.5121944410453814,-0.38405154639552275,-0.10260942419434277,0.0008899769273869289,-4.473619831282754e-05,-0.04851568229591825,-0.5189598015986595,0.31470186730692695,0.3205816587652993,-0.03806403862795468,0.029594468400514242,0.03829035042891488,-6.838493082227394,-6.488730199991737,-1.5476670524685368,0.003937187045494324,-0.0007208901733665982
2.98,0.002672042149971822,1.4941665674965374,-1.0141995596648605,-0.5437693180508173,0.0005713408780270892,-1.9563721589982627e-06,0.008338730290402415,-0.5132329443394713,-0.37895344680325627,-0.10130817095348248,0.0008421105623793067,-4.3458036901513146e-05,-0.05156670006919451,-0.19630600836197834,0.6944406825098436,0.384812967780497,-0.03858933830266967,0.029694448215464127,0.036200794134696956,-6.665142486619108,-6.394558388553228,-1.5186661219015054,0.00368135604175062,-0.0007026776926243683
2.99,0.0027514036561201434,1.4890548872989742,-1.0179097815195408,-0.5447620574903438,0.000579261043126192,-2.3745609242613815e-06,0.007936150614832119,-0.5111680197563153,-0.371022185468033,-0.09927394395265185,0.0007920165099102795,-4.181887652631189e-05,-0.054375168969520174,0.13191627752984575,1.0684656074870635,0.44574501670803457,-0.039211279919142805,0.029693279855723884,0.03405251137690194,-6.472075253806628,-6.286064427994442,-1.485832772049737,0.00341762327013559,-0.0006825624718212381
3.0,0.002826570721926062,1.4839951720673035,-1.0215129731252586,-0.545727279435482,0.0005866592704217797,-2.7728655756053473e-06,0.007516706580591868,-0.505971523167071,-0.36031916057177876,-0.09652219451382175,0.0007398227295587648,-3.983046513439659e-05,-0.05693071538775526,0.46383455876793994,1.4339082695356273,0.5029816981334285,-0.03992587622499574,0.029590153359583676,0.0318536968196541,-6.260342166289168,-6.16404388842882,-1.44940078938248,0.0031466185034160635,-0.0006606846166728261
3.0100000000000002,0.0028973931764625658,1.4790188236922357,-1.0249822353497169,-0.5466580138252858,0.0005935159402538906,-3.14793583076503e-06,0.007082245453650395,-0.49763483750677656,-0.34692622244582033,-0.09307343898036885,0.0006856669832110821,-3.750702551596828e-05,-0.05922656161359776,0.7974515497306801,1.7879796477760186,0.556187385764594,-0.04072558973441037,0.02938484720918405,0.029612093919619376,-6.031205703735346,-6.029405466516146,-1.4096355570539338,0.0028689597774732858,-0.0006372001009697305
3.02,0.0029637393338878557,1.4741571250023362,-1.0282916851241108,-0.547547544614978,0.0005998128963467777,-3.496587104444255e-06,0.006634615742529011,-0.48616986898994996,-0.3309449774393864,-0.0889530789692214,0.0006296956092887171,-3.486512736792251e-05,-0.061259839132236274,1.130654837082834,2.1279897888291064,0.6050860610039521,-0.04159928251133327,0.029077814029570992,0.027334892167178475,-5.7861350754948955,-5.883163753139226,-1.3668319973999428,0.0025852469987501557,-0.000612279618396437
3.0300000000000002,0.0030254957251057606,1.4694410259459374,-1.0314166448433006,-0.5483894565825993,0.0006055335169337762,-3.815822622222598e-06,0.006175639121790477,-0.4716099056398775,-0.3124959719189885,-0.08419119676213355,0.0005720620586998382,-3.192355177783426e-05,-0.06303179513629051,1.4612300686592048,2.4513661768478037,0.6494590259196062,-0.04253230010951292,0.02867025907400289,0.025028639957612616,-5.526797271234538,-5.726430978481034,-1.3213121796246707,0.002296056456933838,-0.0005861072696886854
3.04,0.003082566550640941,1.4649009228674896,-1.0343338225017185,-0.5491776798659971,0.0006106627691943536,-4.102854122345095e-06,0.005707082553518021,-0.4540103078447742,-0.29171776584179127,-0.0788223283397746,0.0005129252260577384,-2.870315001224976e-05,-0.06454787242823656,1.786877559701365,2.755670682322414,0.6891413541713991,-0.04350669660053341,0.028164204428188733,0.02269917523261073,-5.255044131370083,-5.560407828914463,-1.273422617106932,0.002001936402997764,-0.0005588790959416811
3.0500000000000003,0.0031348728660514904,1.4605664328395744,-1.0370214815517589,-0.5499065320291798,0.0006151872454264716,-4.3551211035065384e-06,0.005230631541054941,-0.43344900279150955,-0.2687659050040492,-0.07288521631827373,0.00045244762321180153,-2.5226698116144366e-05,-0.06581764831641042,2.105232110917585,3.0386150573057837,0.7240172666414093,-0.044501599708308415,0.027562532105181226,0.020351575307781027,-4.97289554477352,-5.38637344132119,-1.2235312839648544,0.00170340380774219,-0.0005308014716807856
3.06,0.0031823515205449647,1.4564661652643078,-1.03945959955655,-0.5505707574766121,0.0006190951799655818,-4.570308587493812e-06,0.004747865449347442,-0.41002675752665835,-0.2438118004791103,-0.06642254474322935,0.00039079345391102233,-2.1518748398727342e-05,-0.06685462501124353,2.4138857454180758,3.2980749856885483,0.7540146473444622,-0.04549370660813851,0.026869000075564697,0.017990126587091534,-4.682518986591571,-5.205674688830033,-1.1720243851688008,0.0014009423693411669,-0.000502089373945366
3.0700000000000003,0.0032249538782919075,1.4526274931746117,-1.0416300147863773,-0.5511655640500951,0.0006223764465396772,-4.746363371717678e-06,0.004260235774694295,-0.38386720896961124,-0.21704152298271615,-0.059480657348295926,0.00032812665740953846,-1.7605478422386602e-05,-0.06767587197900356,2.7104129932697707,3.532102733522419,0.7790989369788122,-0.04645789265927408,0.026088226755106803,0.015618314208442362,-4.386205710706479,-5.019714877442068,-1.119302918481296,0.001095001793272809,-0.00047296454602734485
3.08,0.0032626443597456637,1.449076326841052,-1.0435165599763956,-0.5516866566552361,0.0006250225364808849,-4.8815087482946164e-06,0.0037690481453756105,-0.3551166333559618,-0.18865451900182928,-0.05210926051410354,0.00026460899412077403,-1.3514537657693838e-05,-0.06830152913155593,2.9923982847393176,3.7389384740792466,0.7992666555808405,-0.0473679079921534,0.025225641458265446,0.013238831101887897,-4.086344006327443,-4.829941975667545,-1.065779069745688,0.0007859983269088773,-0.00044365357656814296
3.09,0.0032953988466405473,1.4458368924188916,-1.045105182522098,-0.5521302677731332,0.0006270265189547704,-4.974257663792121e-06,0.003275448689488363,-0.3239434422160348,-0.15886225457025396,-0.04436111178971473,0.00020039824738853884,-9.274891549750472e-06,-0.06875418795131989,3.257464957336931,3.9170203835918556,0.8145388120257131,-0.048197131185631625,0.024287400659200764,0.010853605494282853,-3.785390013585952,-4.637836499351441,-1.011872485481586,0.0004743164956192046,-0.0004143859163834348
3.1,0.003323202998910757,1.4429315184490572,-1.0463840504385666,-0.5524931847179824,0.0006283829850725834,-5.023424287682599e-06,0.0027804152270209477,-0.2905373969834453,-0.1278867916468496,-0.03629169448491572,0.00013564661178130596,-4.9166623890478215e-06,-0.06905817497613573,3.503305338215747,4.064993615247405,0.8249544564896105,-0.048919345820094995,0.023280272369276545,0.008463845566472835,-3.485836666289984,-4.444899171637698,-0.9580064683363443,0.00016031195815756658,-0.00038539185660323557
3.11,0.0033460505343323502,1.440380433053349,-1.0473436434508356,-0.5527727735032704,0.0006290879783740739,-5.028133948855567e-06,0.002284753542159331,-0.25510853957081564,-0.09595930122691101,-0.02795887852879947,7.049933014905059e-05,-4.709661172967809e-07,-0.06923876786498305,3.7277113326138474,4.181718260321132,0.8305646226710124,-0.049509504815671346,0.022211493307564,0.006070099752345713,-3.19018138900109,-4.252638473935462,-0.9046041416720119,-0.00015568462396717633,-0.0003569004924531795
3.12,0.0033639415221613077,1.4382015746370056,-1.0479768286175024,-0.552966999178654,0.0006291389146694699,-4.987831389271983e-06,0.0017890987828957543,-0.2178858416343301,-0.06331851666666981,-0.01942256753836153,5.093629539610505e-06,4.03025595835836e-06,-0.06932137803848727,3.9286049307951467,4.266276396285069,0.8314268899974628,-0.049944449204990415,0.021088605574490216,0.003672331042538935,-2.9008932185599976,-4.062558198281522,-0.8520846294415475,-0.00047336282654025254,-0.00032913769724880217
3.13,0.003376880740482041,1.436410418830317,-1.0482789199203946,-0.5530744424973355,0.0006285344945779119,-4.902287273139314e-06,0.001293921832073352,-0.17911558066885258,-0.030209130289220107,-0.010744331868153045,-6.044200915580543e-05,8.554411613266854e-06,-0.06933073534750796,4.1040680400321135,4.317978302872512,0.8276007726019188,-0.05020355208447336,0.019919281043528247,0.0012700035916838209,-2.620380045740609,-3.8761451051466103,-0.8008592965525128,-0.0007924269501919296,-0.00030232413093382636
3.14,0.0033848761435770263,1.4350198242660317,-1.0482477212825998,-0.5530943127706692,0.0006272746122767722,-4.771602879955699e-06,0.0007995403094985071,-0.13905945642853357,0.0031198637794858444,-0.001987027333377309,-0.00012598823011397307,1.306843931836152e-05,-0.069290109317714,4.252371054034089,4.336367899510076,0.8191441123245085,-0.05026926440620333,0.018711142523652025,-0.0011378201035690508,-2.3509566799275214,-3.6948567840054913,-0.7513280931756517,-0.0011125899063811672,-0.0002766733067869635
3.15,0.0033879374806626158,1.434039899602463,-1.0478835525087542,-0.5530264567639268,0.0006253602639755591,-4.596212901435318e-06,0.00030613370855894957,-0.09799246635687205,0.03641687738456311,0.006785600674242982,-0.00019143483012131054,1.7538997852038097e-05,-0.06922059843576549,4.371999589195374,4.321227422906671,0.8061106178964863,-0.05012754629415472,0.017471590854574504,-0.0035523732164813846,-2.094814428093896,-3.5201098073391908,-0.7038760439923957,-0.001433566665083972,-0.0002523897387827852
3.16,0.003386075101156854,1.4334778939660329,-1.0471892576787474,-0.552871363485742,0.0006227934594561401,-4.37688625654679e-06,-0.0001862379505762089,-0.056200563643011923,0.06942948300068205,0.015509327818488971,-0.0002566804519419008,2.1932664488852742e-05,-0.069140514075779,4.461678844367959,4.272581323910756,0.7885486527660426,-0.049768174899843476,0.01620764649383377,-0.005975071600586709,-1.8539928488570778,-3.353268262549294,-0.6588699202681594,-0.001755067440030664,-0.000229667190562325
3.17,0.003379298974629606,1.4333381127049285,-1.0461701955724982,-0.5526301647249128,0.0006195771396961406,-4.11472483634068e-06,-0.0006776126527247684,-0.013978126110432726,0.1019062106249086,0.024119876082913612,-0.0003216319759999523,2.6216142020611032e-05,-0.06906487954654271,4.520395077817667,4.190699320408706,0.7665013303839494,-0.04918492670392621,0.014925812932938265,-0.008407395689966422,-1.6303542934208255,-3.1956327408319893,-0.6166551289802409,-0.0020767908001096368,-0.00020868704509479329
3.18,0.003367617946105834,1.4336218600218555,-1.0448342117626785,-0.5523046311931064,0.0006157151031421672,-3.811160091375475e-06,-0.001168102852377174,0.028374731692694347,0.1335983809819625,0.032553353180640475,-0.00038620365539734116,3.0356474496520443e-05,-0.06900505796659352,4.547413740886536,4.076098500541305,0.7400079293127391,-0.04837563802769973,0.013631967580382431,-0.010850769305415592,-1.4255617786662746,-3.048429857564766,-0.5775528491251049,-0.0023984169076940016,-0.00018961681194257473
3.19,0.003351039239788633,1.4343274096936007,-1.0431915920873562,-0.5518971641416718,0.0006112119426578076,-3.4679473796440715e-06,-0.0016578706317201012,0.07055496717451035,0.16426196753223404,0.04074670514345814,-0.00045031604843596203,3.4321271173140345e-05,-0.06896851582461794,4.5422938620323885,3.9295443305091786,0.7091065921943063,-0.04734215197587571,0.01233128375420367,-0.013306437544671305,-1.2410606549140488,-2.9128023752575567,-0.5418574408931444,-0.002719601094600779,-0.00017260878662815734
3.2,0.0033295682168269012,1.435450004694085,-1.0412549973081793,-0.5514107823361992,0.0006060729945749343,-3.0871580020575175e-06,-0.002147102296173175,0.11225950004842064,0.1936594779177009,0.04863818054725724,-0.0005138948082873249,3.807893775865541e-05,-0.06895872265124467,4.504898336790734,3.752050386274801,0.6738382236674667,-0.0460901629830891,0.011028185322849882,-0.015775346121496746,-1.0780644338490792,-2.7897999975440886,-0.509834148748702,-0.003039967992114696,-0.00015779887399588642
3.21,0.0033032083856989456,1.436981886122327,-1.039039378873947,-0.5508491042944683,0.0006003043006622117,-2.6711688657278664e-06,-0.002635983112795568,0.1531881428241989,0.22156184342322865,0.05616780417308711,-0.0005768693912722553,4.1598913632965124e-05,-0.06897518158108773,4.435399848324316,3.5448766009557975,0.6342514540873729,-0.04462897171353075,0.009726333498927264,-0.018258024707763335,-0.9375450331973698,-2.6803709008460714,-0.4817171147085333,-0.0033591064307544236,-0.00014530558471683466
3.22,0.0032719616572820603,1.4389123514044904,-1.0365618758454431,-0.5502163257226166,0.0005939125832254391,-2.2226497323743997e-06,-0.0031246728416885537,0.19304652821634782,0.24775030285038263,0.06327785718516939,-0.0006391717436772529,4.485191333534666e-05,-0.06901358094050247,4.334282219130166,3.3095258017656235,0.5904084898828437,-0.042971163578647,0.00842864347668737,-0.020754476996553042,-0.8202275769050376,-2.585354068934041,-0.45770771338927807,-0.0036765653161200005,-0.00013522921125766805
3.23,0.0032358288308387273,1.441227841297827,-1.0338416931955439,-0.5495171921210732,0.0005869052329990263,-1.7445480299489662e-06,-0.0036132826443332974,0.2315489893336728,0.27201826498991666,0.06991336015434368,-0.0007007350226412779,4.781017024254336e-05,-0.06906605343781269,4.202337076682984,3.047738303748114,0.5423916291747872,-0.04113222399846317,0.007137327128746818,-0.023264080310551563,-0.7265897662056644,-2.505472494248141,-0.43797321580138004,-0.0039918506675903735,-0.00012765118678308385
3.24,0.0031948102920391352,1.4439120547823165,-1.0308999618781536,-0.5487569665761057,0.0005792903089987595,-1.2400712297693479e-06,-0.0041018538799591905,0.26842134844894616,0.2941731317390185,0.07602255449674743,-0.0007614924000266795,5.0447680017961835e-05,-0.06912152702804922,4.040655803708737,2.761484333553249,0.49031018460140174,-0.03913010314518378,0.005853956915235048,-0.025785497595713462,-0.6568657118988495,-2.4413273080878577,-0.42264578449847123,-0.0043044239759416295,-0.00012263362764862245
3.25,0.0031489068997940157,1.446946090492091,-1.0277595812586786,-0.5479413928044533,0.000571076549098518,-7.126668187416179e-07,-0.004590339224511968,0.30340357097744064,0.31403806194749057,0.08155737716524258,-0.0008213759900241539,5.2740441102772994e-05,-0.06916614996764511,3.8506168366176885,2.4529540758591466,0.43430752586923305,-0.0369847426007226,0.004579545547890085,-0.02831660453532897,-0.6110539955350625,-2.393392899166222,-0.4118217986259939,-0.004613701994182063,-0.00012021905743126658
3.2600000000000002,0.003098121035110728,1.4503086129226315,-1.0244450447146554,-0.547076653576859,0.0005622733897764529,-1.659999262596099e-07,-0.005078586468328802,0.33625224305405527,0.3314536544023218,0.08647392275943608,-0.0008803159322065027,5.46666892482008e-05,-0.06918377182366438,3.6338684722943433,2.124545167907877,0.37456793401980804,-0.0347175763247084,0.0033146357918202307,-0.03085443427099887,-0.5889296113149483,-2.362013076103596,-0.4055615037104967,-0.004919058024164256,-0.00012043030790537148
3.27,0.0030424577824203895,1.4539760412607299,-1.0209822494438687,-0.5461693247104177,0.0005528909932519582,3.960713023652586e-07,-0.005566325269033825,0.366742833809837,0.3462795270786581,0.09073288664413295,-0.0009382396524494749,5.620712286248685e-05,-0.06915646211038982,3.3923074424822945,1.7788475134992243,0.31132294925286885,-0.03235101860040618,0.00205939504479552,-0.033395141812001886,-0.5900593356594372,-2.3473983238180662,-0.4038889777310338,-0.005219824702013925,-0.00012327059006587895
3.2800000000000002,0.0029819262118633808,1.4579227583318024,-1.0173982917539162,-0.5452263248882174,0.0005429402801010312,9.695224601127659e-07,-0.0060531570557008614,0.39467170710726274,0.35839576899526027,0.094299982220028,-0.000995071315092702,5.734511577475073e-05,-0.06906504866465588,3.128053614486486,1.4186253455383118,0.2448568955745909,-0.029907952092935675,0.0008137099464901598,-0.03593398965421405,-0.6138199816712384,-2.3496241961590107,-0.4067924021358764,-0.005515298221243035,-0.00012872372628963967
3.29,0.0029165407298721736,1.462121336852509,-1.0137212493459222,-0.5442548616361544,0.000532432965387872,1.5501915992240278e-06,-0.006538548199120725,0.4198578520706572,0.3677042407993923,0.09714632520629644,-0.001050731471315931,5.8066913911126196e-05,-0.06888965873980002,2.8434212744240988,1.0467965340735073,0.17551127934558863,-0.027411229602017806,-0.0004227228499656954,-0.03846535543091893,-0.6594189247298812,-2.368630877363867,-0.4142246240127946,-0.005804743867464735,-0.00013675453306108036
3.3000000000000003,0.002846322465057893,1.466542779924346,-1.0099799523395523,-0.5432623738591528,0.0005213815963755582,2.133809722689747e-06,-0.007021826481428062,0.4421443071836957,0.37412970063698936,0.0992487777001725,-0.0011051369012313758,5.836181234657192e-05,-0.06861024702586034,2.54088754185904,0.6664092123293486,0.10368778522711075,-0.024883203257031528,-0.0016503125639534821,-0.04098276161346669,-0.7259162362222313,-2.4042239329878203,-0.4261039935760127,-0.006087402677220389,-0.00014730934241059888
3.31,0.0027713006568853547,1.4711567725136043,-1.0062037450097174,-0.5422564714101991,0.0005097995899675035,2.716032815174472e-06,-0.007502180817253808,0.4613992589258363,0.3776207329834917,0.100590244895374,-0.0011582006408054713,5.822230924847248e-05,-0.06820709634235607,2.223058548965867,0.2806158736151276,0.02984963188474854,-0.022345294536202154,-0.002869498548291799,-0.04347892641723762,-0.812247737023255,-2.45607625702598,-0.4423154594732822,-0.006362498979959096,-0.00016031664934787774
3.3200000000000003,0.0026915140158907005,1.4759319405411349,-1.0024222404103478,-0.5412448722333655,0.0004977012681726047,3.2924751489114785e-06,-0.007978664099465406,0.477516802753053,0.3781504599369573,0.10115991768335351,-0.001209832179489877,5.7644233373700646e-05,-0.06766127856526315,1.8926340896640883,-0.10735482609183397,-0.04547889997300025,-0.019817617409319366,-0.004080683590837547,-0.04594583420622021,-0.9172482818923013,-2.52373120635415,-0.46271190311187493,-0.006629248540757556,-0.0001756878721249879
3.33,0.002607012026215327,1.4808361141564155,-0.9986650702403813,-0.5402353376840264,0.00048510189006905523,3.8587435691569476e-06,-0.00845019896753736,0.4904173615280525,0.37571701699664084,0.1009534549339068,-0.0012599378103549446,5.6626842024546926e-05,-0.06695506540946074,1.5523715005346115,-0.4942282452212786,-0.12171489446415729,-0.01731866502285434,-0.005284176019170847,-0.04837482289184912,-1.0396746103821175,-2.606606896852675,-0.4871156922202141,-0.006886866995295854,-0.00019331821212359234
3.34,0.0025178561639330015,1.4858365917971108,-0.9949616324551311,-0.5392356066835302,0.0004720176789538458,4.410472436279769e-06,-0.008915586228232549,0.5000477640695244,0.37034377852502015,0.09997310004962098,-0.0013084211115209396,5.517288671228218e-05,-0.06607228095482799,1.205049571941277,-0.8767155244839154,-0.19822124166854627,-0.014865067702612311,-0.006480139689764339,-0.050756685151941476,-1.1782271479401896,-2.704001618274619,-0.5153204331717998,-0.007134578260225344,-0.00021308760049547403
3.35,0.0024241210079391637,1.4909004017379883,-0.9913408392366646,-0.538253329409565,0.00045846584359698764,4.943358878450762e-06,-0.009373515599383764,0.5063809940877578,0.36207932184665775,0.09822772739651937,-0.0013551835356858143,5.32886442170993e-05,-0.06499859022987872,0.853433301135121,-1.2515464916997876,-0.27431307941845917,-0.012471426786337059,-0.0076685505290432915,-0.05308177980927071,-1.3315702102487732,-2.815100307789197,-0.5470929011737911,-0.007371622612372678,-0.0002348617193469286
3.36,0.002325895223930024,1.495994558009512,-0.9878308680049422,-0.5372960012555124,0.00044446459276242307,5.453197991069057e-06,-0.009822578400913974,0.5094156271523549,0.35099712317223863,0.09573281540527255,-0.001400125083456458,5.098391126182946e-05,-0.06372172068919545,0.5002402863776955,-1.6155031971844498,-0.3492661471023384,-0.010150225151537795,-0.008849158161876092,-0.05534014944810421,-1.4983501511273203,-2.9389820059273193,-0.5821751272434668,-0.007597264158766256,-0.0002584930861814928
3.37,0.002223282406077537,1.5010863078118408,-0.9844589181736905,-0.5363708978107303,0.0004300331424033318,5.9359176072835055e-06,-0.010261281785248667,0.5091749802328953,0.33719498312517227,0.09251034447819813,-0.0014431450359091219,4.8271961621444934e-05,-0.06223161596561516,0.14810952042362818,-1.9654535358373306,-0.42232688907943405,-0.007911811554703718,-0.010021451292393846,-0.057521640333456935,-1.6772110953218586,-3.074628204110562,-0.6202866209462548,-0.007810797464349781,-0.00028382219142766363
3.38,0.002116401765239971,1.5061433678568696,-0.9812509763292202,-0.5354850116178927,0.0004151917151808151,6.387612258822496e-06,-0.010688064083756589,0.5057060045028926,0.3207941844470267,0.08858861928375379,-0.0014841427222516712,4.5169465153899015e-05,-0.06052052375969813,-0.20042672755400182,-2.2983843917191713,-0.49272407600493384,-0.005764452347667981,-0.011184625847387164,-0.059616020932486184,-1.8668080074891589,-3.220931980713755,-0.6611267081371468,-0.00801155316226645,-0.00031067868009895295
3.39,0.00200538865676234,1.5111341474294173,-0.978231592436112,-0.5346449914526613,0.0003999615321851641,6.80457594821957e-06,-0.011101310847763094,0.4990779572547652,0.3019383893108153,0.08400201652314358,-0.0015230182995650975,4.1696368939707413e-05,-0.05858302205663794,-0.5429673494306094,-2.6114337387417366,-0.5596816508182787,-0.003714441058580098,-0.012337555385541599,-0.061613095798743016,-2.0658169626444045,-3.376707813220718,-0.7043769634221966,-0.008198902438543161,-0.0003388825698830061
3.4,0.0018903949449425585,1.5160279563566468,-0.9754236695519297,-0.5338570848450559,0.00038436479695212804,7.183333362568565e-06,-0.011499371181978165,0.489380892722938,0.28079228841822784,0.07879066076054486,-0.0015596735233036057,3.78757414348995e-05,-0.056415989942787285,-0.8772626848974774,-2.901921147316026,-0.6224324550406024,-0.001766253940693352,-0.013478763837763585,-0.06350281222625473,-2.2729425963168173,-3.5407019478364177,-0.749703717725263,-0.008372260354025956,-0.00036824549915987805
3.41,0.0017715892049047232,1.5207951964984725,-0.9728482693664956,-0.5331270845213932,0.0003684246720573893,7.520669175072632e-06,-0.011880574003783529,0.4767240141825777,0.25754001854340647,0.07300003236626565,-0.0015940124894738747,3.373358125040672e-05,-0.05401853104355861,-1.2012303305099672,-3.1673761806071723,-0.6802324527466048,7.726194841897738e-05,-0.014606401195714214,-0.06527535785438422,-2.4869228200155167,-3.711603205073566,-0.7967606221893588,-0.008531088036458653,-0.0003985719995419892
3.42,0.0016491567657884317,1.5254075358061625,-0.9705244356737964,-0.5324602793915915,0.0003521652487360746,7.813655103540235e-06,-0.01224324391162915,0.4612339307690093,0.23238336926991848,0.06668051298017516,-0.0016259423321314738,2.9298592846760286e-05,-0.0513918589458751,-1.512966302413141,-3.405564213682267,-0.7323750457841296,0.0018146822064524781,-0.015718223233863626,-0.0669212482392386,-2.706530985293514,-3.8880541002844677,-0.8451912506366313,-0.008674893839830417,-0.000429660788457524
3.43,0.0015232996017203637,1.529838064426166,-0.9684690376415226,-0.5318614106404371,0.0003356115101065668,8.05967442407754e-06,-0.012585716406806809,0.44305286200035643,0.2055398032273886,0.059886875115428194,-0.0016553738629507795,2.4601932053730634e-05,-0.048539154842265494,-1.810751550994342,-3.614509271779352,-0.7782050654163761,0.0034457938881855277,-0.016811576682085327,-0.06843140423342174,-2.9305757644226937,-4.068662161607795,-0.8946317239225754,-0.008803233622355515,-0.00046130607802793424
3.44,0.0013942360789063028,1.5340614327362487,-0.9666966344707826,-0.5313346334049212,0.0003187892886760637,8.256443672784033e-06,-0.012906352281406092,0.42233683100828134,0.17724031707400484,0.05267772355159357,-0.0016822221430503074,1.967692487064929e-05,-0.04546540800183492,-2.0930539932391503,-3.792513556960943,-0.817132032857419,0.004971392375208855,-0.01788339142112949,-0.06979721976719194,-3.1578990850517785,-4.252011333917839,-0.9447133407066755,-0.00891571033543461,-0.0004932988969966816
3.45,0.001262200568334529,1.538053971577116,-0.9652193627435349,-0.5308834844350924,0.00030172521886731124,8.402031307369586e-06,-0.013203551057177375,0.3992538840867174,0.1477271727247639,0.045114896982876365,-0.001706406980875249,1.4558763458555354e-05,-0.042177249522116246,-2.3585263886408887,-3.9381734120003133,-0.8486423034330315,0.006393097284631499,-0.018930181244333766,-0.07101062124417667,-3.3873725087276334,-4.436673365538215,-0.9950652003743059,-0.009011973141577917,-0.0005254284227427476
3.46,0.001127442934024326,1.5417937952723466,-0.9640468474449518,-0.530510856045368,0.0002844466853310959,8.494873143252679e-06,-0.013475763431020308,0.37398236952306246,0.117251529858314,0.03726283897244237,-0.001727853353621536,9.284183588309185e-06,-0.03868278915848898,-2.6060005291698296,-4.05039155271838,-0.8723097452801056,0.007713196131348854,-0.019948054519128955,-0.07206412021101194,-3.6178924782227906,-4.621219084064478,-1.0453168050303543,-0.00909171628866112,-0.0005574833204636644
3.47,0.0009902279065373814,1.5452608883024237,-0.9631861373295122,-0.5302189765692686,0.00026698176779822453,8.53378442377574e-06,-0.013721502748694447,0.3467093030077125,0.08607101154396499,0.029187947609927427,-0.0017464917532871395,3.891128052306067e-06,-0.034991463903783875,-2.8344783358134125,-4.1283854815907,-0.8878046515798452,0.008934521885581914,-0.020932735722590023,-0.07295086120617653,-3.848374876426337,-4.804229477947147,-1.095100628588976,-0.009154677961338033,-0.0005892530864533724
3.48,0.0008508343506843218,1.5484371767074343,-0.9626416649801166,-0.530009397435486,0.0002493591831801456,8.517968430565735e-06,-0.013939355585305955,0.3176288405010552,0.054447234939561856,0.020957913378259318,-0.0017622584618078928,-1.5815993210003657e-06,-0.03111390546414045,-3.043120547539621,-4.17169207304276,-0.8949006431064532,0.010060367864845488,-0.02187959835371367,-0.07366466672947365,-4.077749340979338,-4.984306510855444,-1.1440546419548583,-0.009200639309302256,-0.0006205293920520233
3.49,0.0007095544351246192,1.5513065854332255,-0.9624152315954247,-0.529882986889292,0.000231608225552808,8.447021586676191e-06,-0.014127991555970264,0.2869408725791145,0.022643338469182366,0.012641054619397076,-0.001775095762733759,-7.09468438895449e-06,-0.027061831932595808,-3.23123374883621,-4.180168391816848,-0.8934793827357979,0.011094440733977792,-0.02278370919122441,-0.07420008110689455,-4.304953765221904,-5.160083605673813,-1.1918247840839857,-0.009229423818571779,-0.0006511074243339593
3.5,0.0005666927100207653,1.553855082906239,-0.9625060162377821,-0.5298399302926354,0.00021375870455881755,8.320935050929971e-06,-0.01428617251038539,0.2548497473013476,-0.009078464235739755,0.004305659665657163,-0.001784952099399045,-1.2608653574622011e-05,-0.022847966898872002,-3.398256506784622,-4.1539888682140695,-0.8835329927185533,0.012040849899137895,-0.023639883318323562,-0.07455241467708688,-4.528929389054457,-5.330235743783568,-1.2380673692911273,-0.00924089714886647,-0.0006807872189551671
3.5100000000000002,0.0004225650972269642,1.5560707141248833,-0.9629106089875579,-0.5298797368506465,0.00019584088264449107,8.140092845890046e-06,-0.014412761279380112,0.22156312186443924,-0.04045927497758272,-0.003980655801109012,-0.0017917821914326469,-1.8084220503992573e-05,-0.018485987060474416,-3.543745377526438,-4.0936390067505535,-0.865164136252421,0.012904129377989959,-0.02444274882154307,-0.07471778922800909,-4.748616844867638,-5.493489132685709,-1.2824514215144633,-0.009234967510613347,-0.0007093749798319491
3.52,0.0002774977958341339,1.5579436234950959,-0.9636230671836485,-0.5300012525332197,0.00017788541141781073,7.905266603283122e-06,-0.014506730139283027,0.1872909370212658,-0.07124581960906601,-0.012151568257324026,-0.001795547122668035,-2.348262426069242e-05,-0.013990497226141074,-3.6673614965855785,-3.9999058474843956,-0.8385837944835295,0.013689286381470628,-0.0251868196295284,-0.07469318500671723,-4.962953475691039,-5.64863040080677,-1.3246609263468914,-0.009211586602421894,-0.0007366843794980891
3.5300000000000002,0.00013182610441819814,1.5594660685222517,-0.9646349936876174,-0.5302026788890857,0.00015992326727773856,7.617607048785323e-06,-0.014567169141593578,0.15224450271558046,-0.10119265039688896,-0.020142635586598935,-0.001796214414007216,-2.8765955449779874e-05,-0.009377029533282408,-3.768858391256602,-3.8738654322709896,-0.804106836275885,0.014401869393274216,-0.02586657461617392,-0.07447648895818335,-5.170872187046143,-5.794515282422447,-1.3643969915060268,-0.009170751077222936,-0.0007625378331184821
3.54,-1.4106839803797091e-05,1.5606324253104853,-0.9659356358929317,-0.5304815973872318,0.00014198568633212047,7.278632382287895e-06,-0.014593294422199522,0.11663567882335879,-0.13006422053142863,-0.027891849814606674,-0.0017937580945618105,-3.3897466649742886e-05,-0.004662061831041086,-3.8480715511479016,-3.71686755243921,-0.762145538626747,0.015048047495441717,-0.026476540870650322,-0.07406654316961617,-5.371302032477904,-5.930076758095894,-1.401379906063486,-0.009112504455628907,-0.0007867677382536845
3.5500000000000003,-0.00015995140538704785,1.5614391866250612,-0.9675120040127461,-0.5308349988673087,0.00012410409849749723,6.890213739675281e-06,-0.014584456558325075,0.08067613145760107,-0.15763681198142887,-0.035340148007687346,-0.001788158783462323,-3.884186426126144e-05,0.00013695140864993085,-3.9049101710826957,-3.5305180710641157,-0.7132012689878096,0.01563469205735294,-0.027011378938542663,-0.07346319185392004,-5.563170667095793,-6.054332617043003,-1.4353510882260492,-0.009036939361086155,-0.0008092176716044627
3.56,-0.0003053528952390006,1.5618849530558607,-0.9693490070207338,-0.5312593176371189,0.00010631006056605276,6.454557947489648e-06,-0.014540148985195275,0.04457664307995424,-0.183700300798772,-0.04243187698101722,-0.0017794037931444465,-4.3565579218563256e-05,0.005001543533862447,-3.939351345734215,-3.3166591236590093,-0.6578545854569953,0.0161694516632945,-0.027465967861118212,-0.07266732464614604,-5.745408735302997,-6.16639240768845,-1.4660749108072673,-0.00894419991527108,-0.0008297435331525842
3.5700000000000003,-0.00044995305945144215,1.561970417592892,-0.9714296044900695,-0.531750469721532,8.863518793844976e-05,5.974187802480252e-06,-0.014460016421244155,0.008546453703111294,-0.2080597469335733,-0.04911520844130738,-0.0017674872627602993,-4.803701450093951e-05,0.00991220424266909,-3.9514368546552032,-3.0773475071169516,-0.5967540460458665,0.016660811277374163,-0.027835487970555683,-0.07168091355201492,-5.916956189788921,-6.265463741718435,-1.493340392808716,-0.008834484105701037,-0.0008482146273908097
3.58,-0.0005933916912924308,1.561698343700258,-0.9737349724758283,-0.5323038947431142,7.111108466136535e-05,5.451920123922876e-06,-0.014343863184098868,-0.027207389263392168,-0.23053679857588,-0.05534250215823377,-0.0017524103277084411,-5.222676785573762e-05,0.014848361361703281,-3.941272536639063,-2.8148315694172776,-0.5306040433440558,0.017118127110979126,-0.028115499619033812,-0.07050704061320988,-6.076770470332757,-6.350857915570786,-1.5169627448150766,-0.008708045921969228,-0.0008645146707408769
3.59,-0.0007353083034250422,1.5610735367647164,-0.9762446815153915,-0.5329146009001157,5.376927137911611e-05,4.890841837837102e-06,-0.014191661213261137,-0.06248069355417615,-0.25097090395631966,-0.06107061570014806,-0.001734181328224924,-5.610782860857735e-05,0.019788385023078413,-3.909030119951214,-2.5315269129104254,-0.4601519957129554,0.017551629446038622,-0.028302016307724887,-0.06914991326720836,-6.223836404534795,-6.421994811946963,-1.5367847552698548,-0.008565197053153359,-0.0008785427138341009
3.6,-0.0008753438789566978,1.560102808609061,-0.9789368847791796,-0.5335772125017935,3.664111081281672e-05,4.294284359023021e-06,-0.014003557553165557,-0.09707281556553633,-0.26922032637881876,-0.06626116016777961,-0.001712816056629939,-5.965574788140816e-05,0.024709622935451547,-3.854951255391402,-2.229991222526802,-0.3861752307012942,0.017972386761084452,-0.02839157101205314,-0.06761486449686602,-6.357177629793219,-6.478407042995232,-1.5526780042148602,-0.008406307947048195,-0.0008902139671162824
3.61,-0.0010131426889151418,1.5587949346076915,-0.9817885143890974,-0.5342860195238084,1.9757730419939346e-05,3.6657965394700334e-06,-0.013779880995844396,-0.13078740013694395,-0.28516296099178357,-0.07088070220149605,-0.001688338039287737,-6.284878195529876e-05,0.029588474556277666,-3.779353396842573,-1.9128985271864762,-0.30946789103971817,0.018392225892561037,-0.02838127484859365,-0.06590833519214447,-6.475869278219742,-6.519743296675717,-1.5645438908189768,-0.008231808051660433,-0.0008994605182755218
3.62,-0.0011483541643082411,1.5571606028286178,-0.9847754839330882,-0.5350350286569279,3.149941962699088e-06,3.0091164505235636e-06,-0.013521147539309924,-0.16343317790735834,-0.2986969543990831,-0.07490091331194776,-0.0016607788457240259,-6.566800889464698e-05,0.03440051066623786,-3.6826370922191556,-1.5830131978324398,-0.23082817897680918,0.018823604628222024,-0.028268867571195178,-0.06403783667584072,-6.579051615271096,-6.545770848801868,-1.5723144610577404,-0.008042185090057396,-0.0009062319303121173
3.63,-0.0012806348072003947,1.555212354557526,-0.987872895239467,-0.5358180153397338,-1.315184217506359e-05,2.328142261661851e-06,-0.013228064289215349,-0.1948248271091843,-0.30974113063788045,-0.0782986682805988,-0.0016301784137762677,-6.80974188861713e-05,0.03912064314981687,-3.565294188640429,-1.2431639784047388,-0.15104623155715657,0.019279435054604693,-0.02805275969903631,-0.0620118920561342,-6.665944280141444,-6.556377205612117,-1.5759530222916016,-0.007837983259812374,-0.0009104957096994644
3.64,-0.0014096501214022985,1.5529645155380079,-0.9910552475322179,-0.5366285762896041,-2.9117695937675248e-05,1.6269024713191669e-06,-0.012901531420190368,-0.22478390195181147,-0.31823522927508346,-0.08105609498702751,-0.0015965853762611659,-7.01239790342684e-05,0.043723347733323516,-3.4279164201410706,-0.8962183359925963,-0.07089288887688738,0.019772858140802707,-0.027732066344719752,-0.0598399559272717,-6.735860742779472,-6.551570845629847,-1.575454532271721,-0.007619800296047982,-0.0009122376350383253
3.65,-0.0015350765396195598,1.5504331172882315,-0.9942966471658737,-0.5374601820749669,-4.471826965345469e-05,9.095257354167734e-07,-0.01254264182172613,-0.25313982497764137,-0.32413996336559336,-0.08316057853627548,-0.0015600573715779445,-7.173767359023935e-05,0.04818294007049919,-3.2712038341324514,-0.5450574026415014,0.008890419606649047,0.02031697239354774,-0.027306633011788817,-0.05753231289972511,-6.788222569947315,-6.531481035095766,-1.5708457513056726,-0.007388283390071677,-0.0009114619378846484
3.66,-0.0016566033204513182,1.5476358079268382,-0.9975710162332888,-0.538306229304722,-5.992488283435235e-05,1.8021052767395887e-07,-0.012152678083175836,-0.2797309361393381,-0.3274369067415041,-0.08460472297551484,-0.0015206613180897659,-7.293152077428144e-05,0.05247390295588303,-3.095972523026742,-0.19255176314995454,0.08760048759116934,0.02092452190434163,-0.026777053752851554,-0.05509995644694581,-6.822573081959997,-6.496356698383324,-1.562185147951399,-0.007144124011066191,-0.0009081913290186234
3.67,-0.0017739343856919597,1.5445917520566153,-1.0008522984486057,-0.5391600920467218,-7.470961913652842e-05,-5.568051470829823e-07,-0.011733106524064145,-0.3044055870222876,-0.3281282215316858,-0.08538627419996948,-0.0014784736302176056,-7.370156747569411e-05,0.05657125966460468,-2.903161158014011,0.15846167981591486,0.16457970569926772,0.02160755164266348,-0.02614468211449178,-0.052554450545111604,-6.838589983248422,-6.446564333417171,-1.549562550666693,-0.006888051733208673,-0.0009024668652886484
3.68,-0.0018867900661839014,1.541321519408897,-1.0041146608278007,-0.5400151721252243,-8.904542266781841e-05,-1.2972737789840628e-06,-0.011285568049194176,-0.3270232647718286,-0.32623623791949213,-0.08550800785025404,-0.0014335803531290005,-7.404686319010806e-05,0.06045098556015242,-2.693835870390054,0.5052015599958468,0.23922190665272325,0.02237704032222182,-0.025411635239722702,-0.04990777749058342,-6.836096563918936,-6.382584971999949,-1.5330985402946253,-0.006620827221811646,-0.000894347654261634
3.69,-0.001994908723199988,1.5378469621388533,-1.0073326898169264,-0.5408649479861874,-0.00010290619459677337,-2.036967924749765e-06,-0.010811865701608645,-0.3474557270043744,-0.3218028989125675,-0.08497758609630819,-0.0013860771928954946,-7.39694145765702e-05,0.06409044729671061,-2.46919308906142,0.8449624508173211,0.3109766402584091,0.02324252344524158,-0.024580791356607595,-0.047172176045404995,-6.815071095871988,-6.305010195827512,-1.5129435810655218,-0.006343234576561262,-0.0008839103961797286
3.7,-0.002098048212176668,1.534191080875061,-1.0104815806500405,-0.5417030218580742,-0.00011626688879875058,-2.7717091447286086e-06,-0.010313948897668013,-0.3655881263792315,-0.31488908331140664,-0.08380738718866827,-0.0013360694201977209,-7.347412199788436e-05,0.06746885630908751,-2.2305600176056832,1.175133684469874,0.37935188406081366,0.024211721061210778,-0.023655780665077366,-0.04435997463015262,-6.775654085201182,-6.214537230488944,-1.4892768908797198,-0.00605607326492774,-0.0008712487650916133
3.71,-0.0021959871567109835,1.530377879858584,-1.0135373188512549,-0.5425231649734812,-0.000129103605080855,-3.4973961382545316e-06,-0.009793894453431524,-0.3813201016476873,-0.3055738201214314,-0.08201431154070336,-0.0012836716282104426,-7.25686993525923e-05,0.07056772098906396,-1.9793925171123843,1.493216494015411,0.4439152406012531,0.02529018619568385,-0.022640969363385048,-0.04148342461452772,-6.718153091518035,-6.111963151515797,-1.4623050549262335,-0.005760149902115298,-0.0008564726334160074
3.72,-0.002288526003160761,1.526432211749464,-1.0164768529249335,-0.5433193606524153,-0.00014139367837362113,-4.210031922511282e-06,-0.00925388464497776,-0.39456681091200874,-0.2939534073678546,-0.0796195678934096,-0.001229007329276611,-7.126357842567502e-05,0.07337128016326751,-1.7172702485654967,1.7968394281728224,0.50429371375818,0.026480990648264147,-0.021541436259391228,-0.03855453882461111,-6.643044883148814,-5.998178248154578,-1.4322603901041995,-0.005456270143984889,-0.0008397071465262877
3.73,-0.0023754878299702777,1.5223796129242095,-1.0192782574016057,-0.5440858450805981,-0.0001531157621773417,-4.905749911389496e-06,-0.008696182680951663,-0.4052598825254546,-0.2801404476672168,-0.07664844281827911,-0.0011722083803720562,-6.957179888782147e-05,0.07586689938829375,-1.4458890174833225,2.083772031141272,0.5601721934211001,0.027784464777411755,-0.020362941128907047,-0.03558494018619629,-6.550974763110641,-5.874158601584368,-1.399399071156018,-0.005145230955564874,-0.0008210916561423073
3.74,-0.0024567188909327877,1.518246130328952,-1.021920885521811,-0.5448171456450708,-0.00016424990451792873,-5.58083876109321e-06,-0.008123106096251012,-0.41334825952575377,-0.26426281202052715,-0.0731300564472698,-0.0011134142340587024,-6.750888497037144e-05,0.07804541132655961,-1.1670503508976515,2.351936821089024,0.6112908089573605,0.029198006869751936,-0.01911188375452158,-0.032585724970602616,-6.442752972413099,-5.74095794440994,-1.3639990328009377,-0.004827813500344799,-0.0008007785233111967
3.75,-0.0025320888778689937,1.514058141182184,-1.0243855109434965,-0.5455081167140523,-0.00017477761471186096,-6.231765858540469e-06,-0.007536998693620596,-0.41879891467680114,-0.2464625421685662,-0.06909710689815451,-0.0010527710193932239,-6.50927097447258e-05,0.07990138219587484,-0.8826484198510954,2.5994196389022632,0.6574413368143368,0.030715975669791618,-0.017795252451355104,-0.029567344436207708,-6.3193481523866275,-5.599698877105262,-1.3263576653872728,-0.004504776865758273,-0.0007789318034988241
3.7600000000000002,-0.0026014908954412443,1.5098421670318247,-1.0266544579489796,-0.5461539727681177,-0.0001846819193692982,-6.855199337035093e-06,-0.006940201757225068,-0.42159741503593734,-0.22689470054830163,-0.06458560540654365,-0.000990430465743726,-6.234334784946239e-05,0.08143328808438463,-0.5946544971493509,2.824478471704645,0.6984628657824485,0.0323296766317373,-0.016420560901733716,-0.026539507814740862,-6.181877924147125,-5.451563524402809,-1.2867893245781066,-0.004176852800192672,-0.0007557258277589591
3.77,-0.002664841148759128,1.5056246838579086,-1.028711719703745,-0.546750318805137,-0.00019394740628127105,-7.448028511452906e-06,-0.006335025331788384,-0.42174831739161783,-0.2057261754765313,-0.05963460370193176,-0.0009265486911972833,-5.9282917441781304e-05,0.08264358781199738,-0.3050992082841476,3.0255508819384915,0.7342369347769004,0.03402744853781786,-0.014995772316240663,-0.02351110863636602,-6.031596718690262,-5.297783720244013,-1.2456226782773292,-0.003844741589302121,-0.0007313436950768035
3.7800000000000002,-0.0027220783527247498,1.501431930069486,-1.0305430641810827,-0.5472931779520777,-0.00020256025513777754,-8.007382632509256e-06,-0.005723720396562173,-0.41927537884225013,-0.18313444773377496,-0.05428591469406781,-0.0008612848856506474,-5.593541210563492e-05,0.08353868293945353,-0.01605289186312662,3.2012601911858303,0.7646823624784496,0.03579485248825526,-0.013529210333178221,-0.020490175387320446,-5.869881063256003,-5.139630813736774,-1.2031979163299191,-0.003509109147582222,-0.0007059756917936873
3.79,-0.0027731628803342083,1.4972897143683046,-1.0321361274140908,-0.5477790162229516,-0.0002105082543992396,-8.530647866783797e-06,-0.005108452760945866,-0.41422157011815575,-0.15930632330080913,-0.048583827087392825,-0.000794799926146205,-5.232652342745415e-05,0.08412876032655067,0.2703955663859216,3.350420577514741,0.789749986098661,0.03761496016967786,-0.012029456666110327,-0.017483846513044313,-5.698212596430902,-4.9784051906068285,-1.1598638504450083,-0.0031705853484845347,-0.0006798176545217182
3.8000000000000003,-0.0028180756749948944,1.493223225539423,-1.0334804937709265,-0.5482047643642909,-0.0002177808040784883,-9.01548241627833e-06,-0.004491279466068598,-0.4066488828881565,-0.13443663568357594,-0.042574814133931146,-0.0007272549679248704,-4.8483454949453154e-05,0.08442751807897479,0.5521610254351605,3.4720412454875587,0.8094175183228405,0.03946873308731236,-0.010505236287775888,-0.014498368876454752,-5.5181591440742945,-4.81542560497058,-1.1159749332597235,-0.002829763566062266,-0.0006530692931759303
3.81,-0.002856816958942523,1.4892568462779936,-1.03456776297209,-0.5485678367281507,-0.00022436890466305515,-9.459829698533651e-06,-0.003874128394762852,-0.39663792614294113,-0.10872692011634259,-0.03630723638597868,-0.0006588100584566845,-4.4434728225532205e-05,0.08445178147584881,0.8271850807830449,3.5653298191052314,0.8236847176233795,0.041335479478344594,-0.00896529185148498,-0.01153911800191926,-5.3313542389077595,-4.652018415058561,-1.071888226465559,-0.0024872013560707407,-0.0006259324907198624
3.8200000000000003,-0.002889404775688694,1.4854139731708536,-1.0353916035822661,-0.5488661471084925,-0.0002302651328924609,-9.861929515834778e-06,-0.0032587816746171318,-0.3842873107140043,-0.08238406101760684,-0.02983103803417559,-0.0005896228229405758,-4.020998173011266e-05,0.08422102115477784,1.0934593163611752,3.6296950903259653,0.8325690482721537,0.043193371297084227,-0.007418250034161633,-0.00861063781262057,-5.139475507112949,-4.489506814009536,-1.0279603484511857,-0.0021434221667679674,-0.0005986095959770777
3.83,-0.002915873408802222,1.481716844921068,-1.0359477927166472,-0.5490981214707567,-0.00023546360557424246,-1.0220327149832004e-05,-0.002646863311352778,-0.36971282497855623,-0.05561891343810625,-0.023197436226418067,-0.000519847268178156,-3.583976339972258e-05,0.08375679103848555,1.349048373115179,3.664749230302755,0.8361019831691525,0.0450200003302611,-0.005872483445628296,-0.005716697118457635,-4.944222374448588,-4.329200143304711,-0.9845444319809676,-0.0017989179407396348,-0.0005713017254445007
3.84,-0.002936271722012592,1.4781863808337485,-1.0362342417058814,-0.5492627074974363,-0.00023995993304707635,-1.0533880325991632e-05,-0.002039831321037011,-0.3530464087319434,-0.02864489892342535,-0.016458602667971917,-0.00044963274728338984,-3.13553176159628e-05,0.08308210781971828,1.5921123973154765,3.6703095384282105,0.8343260756399378,0.046792950444721815,-0.00433597259657259,-0.0028603598341032654,-4.747293561441366,-4.172383372117062,-0.9419871220438512,-0.0014541524494295003,-0.0005442070894901871
3.85,-0.0029506614665087186,1.4748420314737405,-1.036251007468281,-0.5493593808655287,-0.00024375116425297649,-1.0801764000627823e-05,-0.0014389744496126652,-0.3344349360008039,-0.0016765762399515924,-0.009667336809235805,-0.0003791231205900128,-2.6788367463619115e-05,0.08222079693614726,1.8209284472286975,3.6463997672268107,0.8272928964100927,0.04849036236200405,-0.0028161730544572494,-4.406578982744019e-05,-4.55036484166361,-4.020306821115303,-0.900625643199008,-0.0011095651914136057,-0.0005175193576597481
3.86,-0.0029591156003850603,1.4717016432622372,-1.0360002893462097,-0.5493881481659054,-0.000246835725640892,-1.1023472931817558e-05,-0.0008454133876341594,-0.31403882115032233,0.025071812207124095,-0.0028767300376678125,-0.000308456138791552,-2.2170893118973532e-05,0.08119683161377918,2.033910460562087,3.5932510209728212,0.8150618995848298,0.05009146823844768,-0.0013198932609749248,0.002730280981071188,-4.355067528838627,-3.8741762043715537,-0.8607849645469969,-0.0007655756828884151,-0.0004914260770773419
3.87,-0.00296171666256021,1.4687813386028128,-1.0354864111791566,-0.5493495463709429,-0.0002492133562750984,-1.1198822004252682e-05,-0.00026010621751496206,-0.2920304659424438,0.051387816705308384,0.003860179496252842,-0.0002377630634206422,-1.7534907243512404e-05,0.08003369160727535,2.2296274161398215,3.511302184589125,0.7977002473864481,0.0515770756092207,0.00014681152416340382,0.005461219462961969,-4.162968137698221,-3.735143058234261,-0.8227750889108338,-0.00042258797297615276,-0.0004661071571282928
3.88,-0.0029585552393553414,1.4660954129211083,-1.0347157884121931,-0.5492446387561759,-0.0002508850415551783,-1.1327944287079075e-05,0.0003161423204868437,-0.268592568170434,0.07706227669634334,0.010490761476699147,-0.00016716852800798644,-1.2912228282639395e-05,0.07875376672717443,2.4068193606561428,3.4011997989794263,0.7752835882888007,0.052929983709072315,0.0015787240772218158,0.008147637159676454,-3.9755496306617344,-3.6042956215480393,-0.7868884909672026,-8.099522569774171e-05,-0.00044173343276414834
3.89,-0.002949728556543207,1.4636562497703394,-1.0336968800783082,-0.5490750071852007,-0.00025185294787000764,-1.1411286813127713e-05,0.0008826682812134474,-0.24391631507690548,0.10189083338850545,0.016963157097511016,-9.679063148293147e-05,-8.334252604863678e-06,0.07737782726175063,2.5644110141914136,3.2637972614873987,0.7478977477044388,0.05413531949070066,0.002971524550664295,0.010788676386342047,-3.79419461834877,-3.482650227579936,-0.7533977269769081,0.00025881577674454327,-0.0004184653178868782
3.9,-0.0029353392233877756,1.4614742549012223,-1.0324401255490328,-0.5488427406753623,-0.00025212036031396697,-1.1449604077848939e-05,0.0014389333155431202,-0.21819948691170085,0.12567545292753807,0.023226650983843942,-2.674124439593442e-05,-3.831726472122631e-06,0.07592457923824532,2.7015227156393227,3.1001531975948806,0.7156412553957807,0.0551807854429725,0.004321821081637811,0.01338364356769966,-3.6201708278309424,-3.371143264523507,-0.722553236479552,0.0005964603397654395,-0.0003964515593528855
3.91,-0.0029154941483421066,1.4595578099245914,-1.030957866021775,-0.5485504201755714,-0.00025169162530470066,-1.1443949266984229e-05,0.001984507504566903,-0.19164449766308256,0.14822595272576874,0.029232049979085677,4.287350092663258e-05,5.654810864710131e-07,0.07441031747465537,2.817478520513009,2.9115288240338644,0.6786286000325461,0.056056816172141866,0.005627149800955911,0.01593192345636974,-3.454619089838363,-3.2706237585067686,-0.6945813538963117,0.0009315518855686076,-0.00037582810119428617
3.92,-0.0028903036390106763,1.457913245912924,-1.0292642508056442,-0.5482010995074107,-0.0002505720995788708,-1.1395663233863016e-05,0.0025190509331430135,-0.1644564011667368,0.16936152161309706,0.034932066816069925,0.0001119525725829848,4.828603312121362e-06,0.07284868394615816,2.9118113180446965,2.6993841056924324,0.6369940698183285,0.0567566452862141,0.006885943882762202,0.01843289988284782,-3.2985440266245463,-3.1818466305627053,-0.6696825454809645,0.0012636984034234673,-0.00035671706768820725
3.93,-0.0028598806920429294,1.456544836998579,-1.0273751285807793,-0.5477982824467799,-0.00024876810662985063,-1.1306361260527793e-05,0.003042294696774687,-0.13684089143450487,0.18891222248649964,0.040281706063081915,0.00018039929490201853,8.930197333522286e-06,0.07125053353068773,2.98426489137577,2.4653725002718883,0.5908960098050056,0.05727628811873964,0.008097472828271002,0.020885884354767667,-3.152807547882743,-3.105466676900795,-0.6480298845239989,0.0015924994020695973,-0.0003392258729177485
3.94,-0.002824340472097188,1.4554548137373022,-1.02530792393899,-0.5473458959557794,-0.00024628690121503166,-1.1177917651976818e-05,0.0035540219945741436,-0.10900232612767934,0.2067204641789342,0.04523864910004001,0.0002481205414818991,1.2844360855097417e-05,0.06962390407216498,3.0347929032462195,2.211334086447585,0.5405213024552928,0.05761444903809443,0.009261754665618516,0.02329005353795844,-3.018125185248659,-3.04203331986027,-0.6297677751944264,0.0019175434284622304,-0.00032344646346340006
3.95,-0.0027837999731344944,1.4546433957211522,-1.0230814996646884,-0.5468482596131514,-0.0002431366421256967,-1.1012448229913236e-05,0.004054049896269378,-0.08114180161501444,0.22264242743015317,0.049763634262796494,0.0003150259089334972,1.654694220635826e-05,0.06797408320711151,3.0635548491863647,1.9392868837614032,0.4860898593330756,0.057772364403982146,0.010379445064550241,0.025644396375057128,-2.895065218932997,-2.9919861749008625,-0.6150109329374638,0.0022384062000526577,-0.000309454699842242
3.96,-0.002738377850246153,1.4541088426511608,-1.0207160053826105,-0.5463100513359608,-0.00023932637300220754,-1.0812290811637843e-05,0.004542212288834114,-0.05345530699914311,0.23654942820779598,0.05382082771906765,0.00038102691234891394,2.001574182753916e-05,0.06630376075549796,3.070909079967056,1.651416195696509,0.4278588993910617,0.05775359364221605,0.011451708429959018,0.027947671326965594,-2.7840504754115347,-2.9556514766417026,-0.6038436269647469,0.0025546493804375504,-0.00029730988127388383
3.97,-0.0026881944061006137,1.4538475228224288,-1.0182327133797933,-0.5457362695346215,-0.00023486601061084857,-1.0579983781116024e-05,0.005018344414553928,-0.026131982873190362,0.2483292002817247,0.057378180133923484,0.00044603623913589763,2.3230703052181992e-05,0.06461325280246803,3.05740305402508,1.3500618409289307,0.36612678427794165,0.057563771473534864,0.012480076785803096,0.030198373956815926,-2.6853626053719895,-2.9332394040329888,-0.5963191880980606,0.0028658200104705097,-0.0002870544172941061
3.98,-0.002633371712970229,1.4538539977384242,-1.015653842600025,-0.5451321918969088,-0.00022976633969073188,-1.031824288261917e-05,0.005482269313038448,0.0006474915995278475,0.2578870779768264,0.060407763771271175,0.0005099670920116681,2.617408984968532e-05,0.06290078192939859,3.023761037659487,1.0377031808172732,0.3012361840147211,0.0572103341708039,0.01346630266328197,0.03239471481565383,-2.5991485886912873,-2.9248423409920097,-0.5924597830693175,0.0031714505889517395,-0.00027871364865477696
3.99,-0.0025740338491696655,1.4541211213621599,-1.0130023720051309,-0.544503331053068,-0.00022403901323939964,-1.0029936392345436e-05,0.005933786380056378,0.026712362373574695,0.26514705948941586,0.06288608438407113,0.0005727326451332253,2.8830649027373376e-05,0.06116279735178941,2.9708695247381254,0.7169419025123844,0.2335763578660277,0.056702231974444794,0.01441221225562156,0.03453460733649418,-2.525429160301419,-2.9304341040419635,-0.5922564543403877,0.0034710597791572312,-0.0002722958188352261
4.0,-0.0025103072275649246,1.4546401523343535,-1.0103018446940535,-0.543855387432156,-0.00021769655693889558,-9.71805884955008e-06,0.006372662160474089,0.05190309721936385,0.2700527311077471,0.06479436209120466,0.0006342456300504065,3.118775427953572e-05,0.059394318892295024,2.8997606970464926,0.3904825750035897,0.16358435545083871,0.0560496386195215,0.015319564817846243,0.0366156652040981,-2.4641088092891037,-2.949870162498083,-0.595669422579739,0.003764153700315383,-0.00026779219633854903
4.01,-0.0024423209935201203,1.4554008773466391,-1.0075761643623475,-0.5431941996777534,-0.00021075237633031452,-9.385703555293022e-06,0.006798623404480434,0.076072501228553,0.2725680331705982,0.0661187754402578,0.0006944180608581074,3.3235529425705806e-05,0.0575892896278052,2.8115942897055213,0.06111105799438471,0.09174497189152664,0.05526366745844119,0.01618992371479344,0.03863520844943607,-2.4149869749355606,-2.982888869457153,-0.6026286471053789,0.004050227747432602,-0.00026517734674962057
4.0200000000000005,-0.0023702074701376064,1.4563917437546794,-1.0048493858658054,-0.5425256930474986,-0.00020322076532045504,-9.03603407314257e-06,0.007211352338251385,0.09908664080403481,0.2726778496542203,0.06685066302547833,0.0007531611009859487,3.4966948215045196e-05,0.05574092354828347,2.707638261650306,-0.2683290915248442,0.018589327499477726,0.05435610201867194,0.01702454371102191,0.040590277329508595,-2.37777004860001,-3.029113713248054,-0.6130346378574545,0.004328768869436704,-0.0002644095522856097
4.03,-0.0022941026297974925,1.4575999994538777,-1.002145501816784,-0.5418558262737427,-0.00019511691464236551,-8.67225499116951e-06,0.0076104840340113795,0.12082556991983323,0.27038840490215377,0.06698667737559065,0.0008103850678089524,3.637790819730592e-05,0.05384203649648342,2.589248697348916,-0.5949620051999001,-0.05530801380051198,0.05333914710907306,0.01782427811747289,0.04247765290467496,-2.3520837897728244,-3.0880565891605443,-0.6267595107794954,0.004599258225258072,-0.00026543137527437646
4.04,-0.002214146572686057,1.459011838020505,-0.999488227284899,-0.5411905374102697,-0.00018645691898317273,-8.297582227384986e-06,0.00799560571114355,0.14118385666272518,0.2657274531885025,0.0665288863473064,0.0008659995659192776,3.7467276378452485e-05,0.051885350871930656,2.4578493811998157,-0.9159064094970647,-0.12933342389181135,0.052225204855115004,0.018589508334418692,0.044293883125832316,-2.3374857780487996,-3.159122080338497,-0.6436482768460307,0.004861174130890442,-0.0002681703606564943
4.05,-0.0021304839950855585,1.4606125471434104,-0.9969007847899393,-0.5405356892307626,-0.00017725778162705727,-7.915213180475932e-06,0.008366257760049872,0.16007091229053574,0.2587442494959625,0.06548481795071183,0.0009199137356115458,3.823690469090534e-05,0.049863766942366605,2.314911489022217,-1.2283037224653297,-0.20284007129777715,0.05102667835760122,0.019320097223858912,0.04603531319960931,-2.333477549365428,-3.2416127249309223,-0.6635203533610604,0.0051139952081271575,-0.00027253987123485143
4.0600000000000005,-0.002043264632547322,1.4623866584347334,-0.9944056918595652,-0.5398970147769752,-0.0001675374156273285,-7.528297043374399e-06,0.008721936253823634,0.17741112913230012,0.24950929303741307,0.06386744537873697,0.0009720365999728772,3.869161371015329e-05,0.04777059598971069,2.1619338307309603,-1.5293469612246846,-0.2751551922096722,0.049755804079954974,0.02001536667168373,0.04769811901508211,-2.3395161032064986,-3.3347352342326135,-0.686171284557302,0.005357203647730756,-0.0002784400480104784
4.07,-0.0019526436655573703,1.464318096809539,-0.9920245534737875,-0.539280063677031,-0.00015731464070795092,-7.139905608052558e-06,0.009062096698995189,0.19314383748057284,0.2381138385777688,0.06169510999441672,0.0010222774919377573,3.8839143532184116e-05,0.04559975282012811,2.0004240541101983,-1.8163100394468594,-0.34558864623371327,0.04842451261775704,0.02067409871163428,0.049278342490335324,-2.3550245156756313,-3.437607613957203,-0.7113746569479082,0.005590288506101832,-0.0002857588865696543
4.08,-0.0018587820778094366,1.466390327760108,-0.9897778617295009,-0.5386901498658268,-0.00014660917529077294,-6.753004895285406e-06,0.00938615877479336,0.20722309505689515,0.22466917442866516,0.05899138112042297,0.001070546541717798,3.869007127671519e-05,0.043345907300241855,1.8318811815870577,-2.0865770041687086,-0.4134425798964936,0.047044316232619926,0.0212945587194373,0.05077192782715977,-2.379401449085422,-3.5492671283390105,-0.7388841933268635,0.005812748964577475,-0.00029437341915615944
4.09,-0.0017618469596161214,1.4685865010155899,-0.9876848050296211,-0.5381323013393852,-0.00013544162324022322,-6.370427942455406e-06,0.009693511819331512,0.2196173255481735,0.20930566998797553,0.05578485264415892,0.0011167552050549716,3.8257695282999967e-05,0.04100459647028294,1.6577798007449056,-2.337670743468185,-0.4780219745320662,0.04562622048102544,0.021874538473190264,0.0521747578386694,-2.412029409397844,-3.6686790348299185,-0.7684360077952058,0.0060240974935175445,-0.0003041509908076527
4.1,-0.0016620117512223772,1.4708895892657001,-0.9857630890319529,-0.5376112125627489,-0.00012383345510372877,-5.994849075467445e-06,0.009983520839374432,0.23030882501101693,0.1921715997668247,0.05210887766363081,0.001160816813649444,3.75578866987961e-05,0.03857230037176691,1.479556166407302,-2.567280691512571,-0.5386458159049221,0.044180656474203245,0.022411416328454392,0.053482689725193426,-2.452281665771033,-3.79474600610394,-0.79975100272957,0.006223862878304298,-0.0003149506167922302
4.11,-0.0015594564227613878,1.4732825208311202,-0.9840287714832185,-0.537131200126576,-0.0001118069837964041,-5.628759977388021e-06,0.010255532846098937,0.2392931565419977,0.17343175487343115,0.048001243617295686,0.001202647130732467,3.6608909807942416e-05,0.03604648596941873,1.298596399586223,-2.7732890653627598,-0.5946585925754162,0.042717429796305884,0.02290223137443531,0.05469158990312019,-2.4995278089073323,-3.92631814622701,-0.8325373872346299,0.006411593080121443,-0.00032662440758460845
4.12,-0.0014543675892559735,1.4757483053757348,-0.9824961129152944,-0.5366961622113005,-9.938533482710851e-05,-5.274447846625713e-06,0.010508883350541438,0.2465784544614558,0.15326585679241733,0.043503791527558816,0.001242164896929559,3.5431213076230725e-05,0.033425624417252574,1.1162268892009866,-2.9537951882430056,-0.6454418100358321,0.04124568190284211,0.023343768212948257,0.05579736772233345,-2.553137984296442,-4.062203499462779,-0.8664932953634925,0.006586857919683296,-0.00033901904680203585
4.13,-0.001346938560384983,1.478270151969097,-0.9811774449962612,-0.5363095423702385,-8.659241128589678e-05,-4.9339759116500335e-06,0.010742902887099037,0.2521846593362332,0.13186679190330933,0.03866198410619184,0.001279292354121174,3.404719349756798e-05,0.03070918740664082,0.9337069195599963,-3.107137485840346,-0.6904251989513446,0.0397738599195607,0.023732648919673416,0.05679600812305473,-2.6124858905145905,-4.201178943473415,-0.9013094812837903,0.0067492515858079945,-0.00035197730690388795
4.14,-0.0012373693256916782,1.4808315790139646,-0.9800830581119943,-0.5359742980853678,-7.345285390800218e-05,-4.609166537922426e-06,0.010956923469330481,0.25614270448675525,0.10943868842669778,0.033524428487070504,0.0013139557377894596,3.248093737276071e-05,0.02789762844678291,0.7522234638599576,-3.231912784208429,-0.7290972988718982,0.038309691146411445,0.024065428785236292,0.05768360346594358,-2.6769506795455142,-4.342001353770162,-0.9366720676448747,0.0068983949818864415,-0.0003653395870642829
4.15,-0.0011258664765192586,1.4834165157463202,-0.9792211095091065,-0.5356928744829899,-5.999199659621025e-05,-4.3015871265833555e-06,0.011150284917241952,0.2584936732355507,0.08619486028877643,0.028142360237798,0.0013460857311791933,3.0757941133907064e-05,0.024992354688633058,0.5728880052663237,-3.3269925883452545,-0.7610151134594947,0.036860159204869736,0.024338692574630394,0.05845638490620103,-2.745917934133571,-4.483418923235555,-0.9722653226942738,0.0070339379311368695,-0.0003789454574650793
4.16,-0.0010126430662468235,1.4860093951877256,-0.9785975530622152,-0.5354671835226624,-4.62358178227134e-05,-4.012538964348478e-06,0.01132234102724352,0.2592879441405376,0.06235564468913005,0.022569096032745616,0.001375617877349685,2.890481622348773e-05,0.02199569435240527,0.3967351762936556,-3.391536077580603,-0.7858125590066649,0.035431479595132875,0.024549148263311837,0.05911075376271655,-2.818779925427692,-4.624182519369339,-1.0077744412252017,0.007155561265593546,-0.00039263519432946627
4.17,-0.0008979184104140472,1.4885952385770236,-0.9782160914432666,-0.5352985888933872,-3.221088834550213e-05,-3.74304914097309e-06,0.011472465583277625,0.2585843389297939,0.038146161894854876,0.016859462927525236,0.0014024929477211272,2.694898233753883e-05,0.018910864009904382,0.2247229476883267,-3.424999615594129,-0.803207463712523,0.03402907338507942,0.024693715491961032,0.05964331335074968,-2.894935372061888,-4.76305696253814,-1.0428883042322805,0.007262978823905556,-0.0004062512903188293
4.18,-0.0007819178281255348,1.4911597314265395,-0.9780781511738983,-0.5351878967679172,-1.7944315666353526e-05,-3.4938656055802885e-06,0.011600058228851238,0.2564492849515828,0.013794026936833386,0.011069212546998573,0.0014266572679148602,2.4918353539280158e-05,0.015741938971683318,0.05773405276218113,-3.4271426372240437,-0.8130069193964946,0.0326575387599585,0.024769606314012926,0.06005090169977047,-2.9737889292272723,-4.898832110817645,-1.0773021922232549,0.007355939379384137,-0.0004196399254348242
4.19,-0.0006648723257868792,1.4936892914348112,-0.9781828807395041,-0.5351353524811158,-3.4636856316615603e-06,-3.265455387183165e-06,0.011704550233865551,0.2529560008271742,-0.010472956560576088,0.005254428680144099,0.0014480630034691966,2.2841021839712344e-05,0.01249382890776008,-0.10342169568020423,-3.3980298394128754,-0.815110838256798,0.03132062114279013,0.02477439617976679,0.060330625470146455,-3.0547506335131738,-5.030333640852463,-1.1107204274867946,0.007434228512782674,-0.0004326523842858591
4.2,-0.0005470182238197061,1.4961711285428683,-0.9785271716417292,-0.5351406431134547,1.1202998461600661e-05,-3.058005958930314e-06,0.011785410196717316,0.24818371080570756,-0.034429090222514475,-0.0005290632338933584,0.0014666684093262222,2.074494282528506e-05,0.009172259665067212,-0.25800454975212384,-3.3380296680796895,-0.8095136229062838,0.030021183478211422,0.02470608350141984,0.0604798952211365,-3.13723551698096,-5.1564334193489465,-1.1428589212505307,0.007497670434714862,-0.0004451464064692906
4.21,-0.00042859672660853793,1.4985932974451734,-0.9791057019702903,-0.5352029058778256,2.6027378939648974e-05,-2.8714296809949273e-06,0.011842149721116812,0.2422168902305242,-0.05785303285611902,-0.006226276437095648,0.0014824380478048313,1.865762779353867e-05,0.00578376110894763,-0.40534177919785935,-3.2478091550363977,-0.7963039160881813,0.02876117899447416,0.02456313656631498,0.060496461979805995,-3.2206635830228674,-5.276059366170267,-1.1734476025714413,0.007546129751285553,-0.00045698745786059846
4.22,-0.00030985343561978456,1.5009447428620348,-0.979911001790709,-0.535320742128577,4.098080874068868e-05,-2.7053712145693314e-06,0.011874329098875336,0.23514454168613788,-0.08052998204186881,-0.011783625075142929,0.0014953429801039702,1.660584664255959e-05,0.0023356597778499597,-0.5448247550645093,-3.1283252182220336,-0.7756624550131139,0.027541629271350714,0.02434452700804568,0.060378454830753873,-3.304460308229493,-5.388204717337601,-1.2022327069705732,0.007579513154406769,-0.00046804991176067917
4.23,-0.00019103780546534283,1.5032153378514155,-0.9809335393767575,-0.5354922367376532,5.603441810315945e-05,-2.5592177599832783e-06,0.011881563015444175,0.22705949893807437,-0.10225375860484856,-0.01714946090761768,0.0015053609362470767,1.4615345458605324e-05,-0.0011639257411158355,-0.6759064469686754,-2.980812593659928,-0.747858112007961,0.026362610715302447,0.024049749497807194,0.060124419006837994,-3.388057800091213,-5.4919366043746,-1.2289789042375376,0.0075977710064263765,-0.000478218130102882
4.24,-7.24025427104711e-05,1.5053959153895526,-0.9821618270696298,-0.5357149825152803,7.115918278151935e-05,-2.4321119362852075e-06,0.011863526275487172,0.21805775381372422,-0.12282876928722611,-0.022274577762705833,0.0015124764678359896,1.271058236980707e-05,-0.004706089487375941,-0.798099563334039,-2.8067686180410694,-0.7132422561365672,0.0252232525652235,0.02367882777436653,0.05973335372920214,-3.4708967013679195,-5.586403875203295,-1.2534712464666526,0.007600898778098904,-0.00048738743623478055
4.25,4.579705251730391e-05,1.5074782933873674,-0.9835825453239727,-0.5359861092929835,8.632599365252553e-05,-2.3229670883317435e-06,0.011819959522777502,0.20823779978147522,-0.14207182543428135,-0.027112677770328913,0.001516681087100619,1.0914484795346395e-05,-0.00828114606928028,-0.9109755005887314,-2.6079351262162005,-0.6722416178497994,0.024121749327240552,0.02323230757952338,0.05920474883858593,-3.5524288899249274,-5.6708440910599265,-1.2755169192218954,0.007588938290481693,-0.0004954649721390909
4.26,0.00016330380155678064,1.5094552932395227,-0.9851806833072241,-0.5363023172357616,0.00010150572759845276,-2.2304847810045674e-06,0.011750674903947673,0.19769998521553475,-0.15981379832513531,-0.03162079427780781,0.0015179733945927224,9.248230732717602e-06,-0.011878645284147886,-1.0141641973791806,-2.386277767768847,-0.6253498789353014,0.023055390086432846,0.022711237492269443,0.05853861909552517,-3.63212097933493,-5.744589643521641,-1.2949467807367643,0.007561978705793977,-0.0005023704343195268
4.2700000000000005,0.00027985941756573387,1.5113207519315137,-0.9869396942558104,-0.5366599139086696,0.00011666931956414568,-2.1531742189558e-06,0.011655561600895325,0.18654586919910615,-0.17590109485863664,-0.03575966729079701,0.0015163591965692922,7.731056204876752e-06,-0.015487396767749755,-1.1073549171785688,-2.1439630808779686,-0.5731182418953225,0.022020606500823138,0.022117139045738365,0.057735534918711355,-3.709458582167523,-5.807072945610044,-1.3116166762120034,0.00752015721019066,-0.0005080366839295261
4.28,0.00039520532890312406,1.5130695276635133,-0.9888416636615498,-0.5370548545913097,0.00013178783568151172,-2.089373314470783e-06,0.01153459113373902,0.17487757319995823,-0.19019694057394113,-0.0394940682640139,0.001511851611736603,6.380090448501713e-06,-0.019095507725655048,-1.1902979110567975,-1.8833336894932622,-0.5161452554123471,0.02101304049175702,0.02145196784826714,0.05679664828925509,-3.7839512561692397,-5.85783066096815,-1.3254085165524532,0.007463659333107184,-0.0005124102280464197
4.29,0.000509083552071043,1.514697498893517,-0.9908674882652595,-0.5374827853119678,0.00014683254733821534,-2.0372711156881417e-06,0.01138782231679189,0.1627971230003486,-0.20258246037097327,-0.04279307206580164,0.0015044711656703616,5.210219878264121e-06,-0.022690436282831437,-1.2628068454337487,-1.606882011050244,-0.4550661851965083,0.020027631753131228,0.02071806769879808,0.05572371258061912,-3.8551380149470247,-5.896506945210826,-1.3362311132586697,0.007392718853409997,-0.0005154515702763349
4.3,0.0006212376094263724,1.516201556661532,-0.9929970637724916,-0.5379390880612958,0.00016177500603796246,-1.9949313024546974e-06,0.011215405735532938,0.1504057768014933,-0.21295755072321865,-0.04563027493280025,0.0014942458699747135,4.233981323344427e-06,-0.026259062289255897,-1.3247618205711662,-1.3172228760843772,-0.39054222210457645,0.01905872426271392,0.019918119872089468,0.05451909518168824,-3.9225932506625636,-5.92285568364642,-1.344020763633675,0.007307617251871964,-0.0005171354301045804
4.3100000000000005,0.0007314134854681953,1.517579590035068,-0.9952094791781775,-0.5384189276432141,0.00017658711885962992,-1.960316457313788e-06,0.01101758760418229,0.1378033373536065,-0.2212415405685818,-0.04798395819182759,0.0014812112821667469,3.4614845140909508e-06,-0.029787776579347034,-1.376112757036577,-1.0170654677355218,-0.32324981210835446,0.01810019004177968,0.019055089840837702,0.053185781961100846,-3.9859328878333855,-5.936741719585514,-1.3487415829553866,0.007208682682071606,-0.0005174508315746694
4.32,0.0008393606140888421,1.5188304645167947,-0.9974832155916618,-0.5389172996275418,0.0001912412242739809,-1.931312824210067e-06,0.010794712862064687,0.12508744817267306,-0.22737364134843122,-0.0498371984327677,0.0014654105414350976,2.9003633103721e-06,-0.03326258874866761,-1.416882891417438,-0.709184987859661,-0.2538703760064278,0.017145567524231103,0.018132173691329828,0.05172737286700947,-4.04482056564153,-5.938141077315327,-1.3503855827757911,0.007096288447057278,-0.0005164010629817287
4.33,0.0009448328878181633,1.5199539932795154,-0.9997963474893402,-0.5394290788840225,0.00020571016802266423,-1.9057552770169823e-06,0.010547227372932119,0.1123528762720769,-0.23131318976784898,-0.05117792564807139,0.001446894374868333,2.555754719308474e-06,-0.03666925253225838,-1.4471721004771614,-0.39639444698460713,-0.18308066162146552,0.01618821110625457,0.01715274637730585,0.050148068255801974,-4.098973631972433,-5.9271401934459265,-1.3489724970134886,0.006970850986203353,-0.0005140035103005951
4.34,0.0010475896788668631,1.5209509011418718,-1.0021267443863722,-0.5399490681999537,0.00021996737870779977,-1.8814522334389119e-06,0.010275679104869984,0.09969078623565031,-0.23303968970320213,-0.05199893159311887,0.0014257210685135534,2.4303043578070334e-06,-0.039993406895536786,-1.4671597653021384,-0.0815169575439452,-0.11154393876467861,0.0152214477919001,0.016120313746278397,0.04845264588018626,-4.148168726291124,-5.903934179641297,-1.3445493599810707,0.006832827394665424,-0.0005102893680355322
4.3500000000000005,0.0011473968607566814,1.5218227812695375,-1.00445227100862,-0.540472046512473,0.000233986942685046,-1.8562102666165221e-06,0.009980718188981835,0.08718801276656031,-0.23255266222477214,-0.05229783125193582,0.0014019563977246254,2.5241966822389797e-06,-0.04322073003072191,-1.4771068936475098,0.2326411161437282,-0.03990220886496543,0.014238736358804877,0.015038469975010627,0.046646428822697414,-4.1922467306759765,-5.868824148642703,-1.3371898429062103,0.006682712515678844,-0.0005053032320786568
4.36,0.0012440278185766498,1.5225720446790412,-1.0067509841574138,-0.5409928163205023,0.0002477436778019891,-1.827858186221569e-06,0.009663095781996848,0.07492634095036269,-0.22987131487940077,-0.05207698080292579,0.0013756735116943065,2.8352080394953174e-06,-0.04633710263608893,-1.4773572388473872,0.5433158314095223,0.031230441446498336,0.013233824167632996,0.013910861681586978,0.04473524501483126,-4.2311168788405675,-5.822213643874748,-1.3269933578377864,0.006521035662594826,-0.0004991025800002589
4.37,0.0013372644354783991,1.523201862731747,-1.0090013245889076,-0.541506249879119,0.0002612132054802049,-1.7942703822772202e-06,0.009323661690174926,0.06298180527058474,-0.22503404314937347,-0.0513433558616708,0.00134695276782158,3.358780394434894e-06,-0.04932877618426157,-1.4683371859390277,0.8478098851906859,0.10127325870810844,0.012200896643813214,0.012741159561301452,0.04272537931407775,-4.264759831452352,-5.76460422069555,-1.3140839400476942,0.006348357042017033,-0.0004917571449687788
4.38,0.0014268980429582895,1.5237161029300317,-1.0111823023723134,-0.5420073338194098,0.00027437202060637077,-1.7533892476752058e-06,0.00896336074798903,0.05142401982847736,-0.2180977783405824,-0.05010839402908215,0.0013158815126165877,4.088113460201432e-06,-0.052182541396225926,-1.4505542182113091,1.143515143795226,0.16968297477044436,0.011134714580162769,0.011533037946274666,0.04062351940165348,-4.293229551879402,-5.6965902344082675,-1.298608922116425,0.0061652639608086555,-0.00048334819021324645
4.39,0.0015127303227922154,1.5241192584618506,-1.0132736743427317,-0.5424912118783526,0.0002871975586778581,-1.703246518678446e-06,0.00858322798339258,0.040315553181900554,-0.2091371970418397,-0.04838780589428029,0.001282553807148734,5.014272899675976e-06,-0.05488589185861592,-1.4245938280339208,1.4279333026526526,0.23595669952091486,0.010030734743060932,0.010290162238464347,0.03843669699579344,-4.316653848772654,-5.6188528963948645,-1.280737414797698,0.005972366907384979,-0.00047396769159747796
4.4,0.0015945741491943729,1.5244163720787467,-1.015256112420134,-0.5429532254647333,0.00029966825964330306,-1.6419833959197038e-06,0.008184382640215754,0.029711361689600632,-0.19824380774023745,-0.04620135863807885,0.0012470700965444975,6.1263122758742226e-06,-0.05742717767359042,-1.391114792135047,1.6986945476212516,0.29963360333808664,0.00888520980470231,0.009016183739482092,0.036172226035768355,-4.3352334894943105,-5.532153665075671,-1.2606586114669769,0.005770295601108812,-0.00046371743647264036
4.41,0.00167225436084924,1.5246129550308056,-1.0171113617220628,-0.5433889518273788,0.00031176362789004844,-1.5678693309031874e-06,0.007768021165486703,0.01965829520589226,-0.18552493019287214,-0.04357263626454156,0.0012095368246745394,7.411406501651648e-06,-0.05979574422331898,-1.3508427909569967,1.9535741434506968,0.36029547674405293,0.007695264350349451,0.007714741020214952,0.03383763957161236,-4.349239830016543,-5.437327042766109,-1.2385799344450334,0.00555969510253863,-0.0004527080475105029
4.42,0.001745608453882995,1.5247149019149793,-1.0188223875498301,-0.5437942396300616,0.0003234642878586562,-1.4793193842243894e-06,0.007335409303375506,0.010194688417365665,-0.1711025827767297,-0.040528780268279455,0.001170065996860779,8.8549946678798e-06,-0.06198205156350773,-1.3045624118460244,2.190506927618767,0.4175662878279063,0.006458944596587246,0.006389466658844045,0.03144062709027753,-4.3590109510857005,-5.335272852841956,-1.2147250427285314,0.005341222071788411,-0.0004410579406895804
4.43,0.0018144871885456746,1.5247284024156553,-1.0203735104729668,-0.5441652417724688,0.00033475203480968276,-1.374910081167215e-06,0.006887873466267944,0.001350050067607229,-0.15511229231365878,-0.03710021424072575,0.001128774695102654,1.044093030571742e-05,-0.06397777061916078,-1.2531076342598204,2.4075997369809476,0.47111088488865027,0.005175240467266418,0.005043997943579362,0.028988973922215514,-4.364946335642101,-5.226948073906633,-1.1893317216360821,0.005115541252653043,-0.000428892227004274
4.44,0.0018787551043024265,1.524659851023808,-1.0217505288715238,-0.5444984453279561,0.00034560988032853254,-1.2533937076405004e-06,0.006426791575675198,-0.006855139184720761,-0.1377018398557175,-0.03332035554872501,0.0010857845518849783,1.215163735267148e-05,-0.06577585321546829,-1.197350949773565,2.603141838560008,0.5206330119268614,0.003844079765985331,0.003681989994020446,0.026490504209877877,-4.367500167151117,-5.113358308878807,-1.1626496755770708,0.004883322246988972,-0.0004163415677857965
4.45,0.0019382909401031653,1.5245157559094797,-1.022940828418387,-0.544790698495999,0.0003560220922285934,-1.113711004314121e-06,0.0059535835800738806,-0.014409511432823523,-0.11902995468631813,-0.029225316804291985,0.0010412211900060872,1.3968270332637939e-05,-0.06737057399972504,-1.1381913185842527,2.775613472779095,0.5658728175992742,0.002466295307072708,0.002307129707761979,0.023953028692402074,-4.367173371119549,-4.995548967113515,-1.1349382455634363,0.004645236627877762,-0.0004035409937547029
4.46,0.0019929879587285873,1.5243026481883268,-1.023933478092578,-0.5450392344900677,0.00036597422859838445,-9.550022291618086e-07,0.00546970186254218,-0.021310772115297666,-0.09926496741910684,-0.024853599406873185,0.0009952136369791036,1.5870877515231237e-05,-0.06875754344840836,-1.076541205956646,2.9236926461518977,0.6066040441948335,0.0010435669683310222,0.0009231489821229233,0.02138429828338829,-4.36450456121493,-4.874596236896089,-1.1064640732100546,0.004401955422257766,-0.0003906286980600118
4.47,0.0020427541762071456,1.5240269928638457,-1.0247193124089418,-0.5452416923000714,0.0003754531658318487,-7.766165683875467e-07,0.0049766217478558125,-0.02756553244810424,-0.07858343163638526,-0.020245781000361483,0.0009478937233464255,1.7838566077426193e-05,-0.06993369235049238,-1.0133129754806602,3.046260330051029,0.6426310821585206,-0.000421658347130649,-0.00046616421256739926,0.018791964108104593,-4.360060085780554,-4.751597923992751,-1.0774987328121182,0.004154146974992735,-0.0003777448135915376
4.48,0.0020875124992737527,1.5236951027407815,-1.0252909996297233,-0.5453961342827403,0.00038444712057843775,-5.781198829955752e-07,0.0044758323066607306,-0.033189012306426145,-0.05716872207813971,-0.015444198266886987,0.0008993954746589039,1.984966853919714e-05,-0.07089722935096542,-0.9494049403648139,3.1424042322198966,0.6737860682569776,-0.0019262649588621672,-0.0018569581353293785,0.016183544340857916,-4.354423399027166,-4.627664229518431,-1.048316352659285,0.003902475187798673,-0.00036503018477397316
4.49,0.002127200775614374,1.5233130565910216,-1.025643095790155,-0.545501060543708,0.0003929456656472059,-3.5930078326040533e-07,0.003968827634062119,-0.03820461497600006,-0.035209616043175934,-0.010492626096772213,0.0008498545068768115,2.1881909973516992e-05,-0.0716475742628117,-0.8856873888638432,3.2114213082326573,0.6999261921681148,-0.00346658027063923,-0.0032453139301416856,0.01356639786072559,-4.348184002869583,-4.503908537326595,-1.0191912460647152,0.003647598109073804,-0.00035262514386003344
4.5,0.00216177176313971,1.5228866228107272,-1.0257720844247542,-0.5455554200821607,0.00040093973999262756,-1.201750263594656e-07,0.003457098752533604,-0.04264337802943941,-0.012898863459918884,-0.005435953845281101,0.0007994074345421683,2.391257569009397e-05,-0.07218527084845366,-0.8229889052664534,3.252819171638829,0.7209313579025993,-0.005038495153318556,-0.004627247328478468,0.010947704441327836,-4.341926219574323,-4.38143827758444,-0.9903955716760544,0.0033901668353809263,-0.00034066830143494165
4.51,0.0021911930256990164,1.5224211897370477,-1.025676401925564,-0.5455586186734146,0.00040842165299530584,1.3901176617515008e-07,0.0029421262559306176,-0.04654330736794454,0.009568249919015375,-0.0003198591253846892,0.0007481913002678302,2.5918679253461567e-05,-0.07251188357572759,-0.7620833038645556,3.266316544968165,0.7367023237676902,-0.006637587508636522,-0.005998715791543319,0.008334450922738032,-4.336218061648783,-4.2613459293280975,-0.9621970415251293,0.003130824672883465,-0.0003292953604293375
4.5200000000000005,0.002215446763442792,1.5219217036957704,-1.025356448500521,-0.5455105234674331,0.0004153850833245904,4.1778307430749626e-07,0.00242537377437756,-0.049948604127717885,0.031995342504287,0.004809520598143367,0.0006963430329284537,2.7877130813234615e-05,-0.07262988342175049,-0.7036774804633625,3.2518428703968887,0.747159418500722,-0.008259243689498375,-0.007355631186738099,0.005733422593085752,-4.33160046353728,-4.144700220750407,-0.9348566939976607,0.002870206498019443,-0.0003186379624197315
4.53,0.0022345295864516727,1.521392615729633,-1.0248145847322072,-0.5454114642829565,0.0004218250727294342,7.154321322403452e-07,0.0019082823008880986,-0.05290879661374044,0.0541863768313892,0.009905918447663148,0.0006439989404843793,2.976490579328489e-05,-0.07254252809701987,-0.6484004649288386,3.209537170240422,0.7522419025370564,-0.009898772733175631,-0.00869387781120079,0.003151198842725926,-4.328577129752112,-4.032537581908322,-0.9086267475020957,0.0026089382514840062,-0.0003088225743871057
4.54,0.002248452240270266,1.520837837813351,-1.024055113767362,-0.5452622315784437,0.00042773801514645954,1.0310242722923266e-06,0.0013922653818593598,-0.055477791628203134,0.07594709648452443,0.014923270451287718,0.0005912942417025362,3.155921400519815e-05,-0.07225374207398574,-0.5967939298279258,3.139746215287631,0.7519080130270304,-0.011551508895501883,-0.010009335322900992,0.0005941520503775885,-4.327605236367071,-3.9258539005824082,-0.8837485491290329,0.0023476364983361056,-0.0002999694234214677
4.55,0.0022572392916412917,1.5202607091988414,-1.0230842491986147,-0.5450640710833122,0.00043312164153898824,1.363400964489771e-06,0.0008787051371025469,-0.05771286145095932,0.09708645687472663,0.01981604951314024,0.0005383626392528719,3.3237669219744426e-05,-0.07176800152914373,-0.5493043753173856,3.0430220251909246,0.7461357000104858,-0.013212898727591127,-0.011297905924501972,-0.0019315513798227307,-4.329087197883777,-3.8255966282894533,-0.8604506310616985,0.002086907989680731,-0.0002921914861230408
4.5600000000000005,0.0022609287820684835,1.5196639733562713,-1.021910068734751,-0.5448186750768189,0.00043797500088754596,1.711185555993155e-06,0.0003689490427191875,-0.059673584257012864,0.11741804638635481,0.024539600649332756,0.00048533593485577075,3.477845915033841e-05,-0.0710902287633266,-0.5062771700846619,2.920118691520882,0.7349240299430058,-0.014878569869917868,-0.012555544972692956,-0.0044199488904396195,-4.3333636801295405,-3.7326572800321167,-0.838946885967055,0.001827349167627322,-0.0002855935386828647
4.57,0.0022595718559036172,1.5190497657874529,-1.0205424537970451,-0.5445281703081215,0.0004422984377419151,2.0727907127796524e-06,-0.00013569261648662876,-0.06142075688183757,0.1367614937705947,0.029050476869737767,0.0004323436854369092,3.616051567864974e-05,-0.07022569988570543,-0.4679525833832147,2.7719884825146126,0.7182952022964244,-0.01654437979957557,-0.013778294055591167,-0.0068652795343608795,-4.34070800304737,-3.647864368324164,-0.8194348711072816,0.0015695455646243415,-0.00028027127285190374
4.58,0.0022532323685234812,1.5184196127920655,-1.018993015228979,-0.5441951025602666,0.00044609356671897573,2.4464275626836282e-06,-0.0006339487380136201,-0.06301529953874101,0.154943856806606,0.03330677478548822,0.00037951289770606685,3.7363684990397596e-05,-0.06917996858201701,-0.43446389512135586,2.599777160616868,0.6962970961045603,-0.01820644389511833,-0.014962315492727585,-0.009261982485035652,-4.351322036175489,-3.5719768093875364,-0.80209424950173,0.0013140710601981006,-0.00027631048225468485
4.59,0.0022419864789144017,1.517774441068742,-1.0172750053668236,-0.5438224178735818,0.00044936324429194956,2.830116533644654e-06,-0.0011245889609079393,-0.06451717233236466,0.1718009862155429,0.03726846866848314,0.0003269677572973854,3.836889709610254e-05,-0.06795880769701702,-0.40583762065611784,2.4048184211017563,0.6690062367917999,-0.019861143316740937,-0.01610392716177117,-0.011604696981318233,-4.365333645621987,-3.5056778371765587,-0.7870853751743796,0.001061486971833156,-0.0002737863227966672
4.6000000000000005,0.0022259222296960564,1.5171145978368679,-1.0154032167902927,-0.5434134404606129,0.0004521115381684939,3.2216998735997754e-06,-0.001606424921834547,-0.06598432318739916,0.1871788576530852,0.040897741296882485,0.00027482938765443837,3.915833399551216e-05,-0.06656816921190396,-0.38199583553773,2.1886273435528714,0.6365310502376165,-0.021505114274577353,-0.01719963654010115,-0.013888264199045127,-4.382795705879514,-3.449569459013558,-0.7745480283695858,0.0008123409713978431,-0.00027276265027737347
4.61,0.00220513911637217,1.5164398809756612,-1.0133938681564778,-0.5429718473655498,0.00045434369450105346,3.6188558287474605e-06,-0.0020783113323886156,-0.06747168612067037,0.200934863381483,0.04415930950630456,0.0002232156332559561,3.9715595514768515e-05,-0.06501416205953493,-0.36276053409046455,1.952892738641045,0.5990152515390186,-0.023135221215773716,-0.018246172862542,-0.016107731329212182,-4.403686644435279,-3.404167485063744,-0.7646003056313504,0.0005671658332718696,-0.000273291437774157
4.62,0.002179747646466468,1.5157495784992843,-1.0112644776165225,-0.542501639946068,0.0004560661031168028,4.019114444866008e-06,-0.002539146990570207,-0.06903024763769264,0.21293905399552718,0.047020741948173975,0.00017224086157493189,4.002586161185475e-05,-0.06330304616105449,-0.3478599055647287,1.699468271049178,0.5566412010368511,-0.024748517250299917,-0.01924051633676549,-0.018258357926713303,-4.427912443376001,-3.369897162552957,-0.7573376688305822,0.00032647803431661736,-0.0002754122749190446
4.63,0.002149868888250647,1.5150425165247567,-1.0090337244223946,-0.5420071122845369,0.0004572862609001841,4.41987494205021e-06,-0.002987875821582109,-0.07070619745274755,0.2230753194127874,0.049452766153108806,0.00012201577833813036,4.007604971842026e-05,-0.06144124014903693,-0.3369363638493338,1.430362245753624,0.509633050513076,-0.026342195714974925,-0.02017992342145826,-0.020335624386746853,-4.455309981607343,-3.3470894444441868,-0.7528321565947914,9.077623823101953e-05,-0.0002791519508626188
4.64,0.002115634008046074,1.5143171147472827,-1.0067212994493886,-0.5414928166682639,0.000458012733411929,4.818424596796003e-06,-0.0034234880204573057,-0.07254017774740852,0.23124249730059115,0.051429561627298274,7.264725117449118e-05,3.985496547457925e-05,-0.05943533951573684,-0.32955612260630535,1.147725959044529,0.4582594986743267,-0.027913537116750264,-0.021061947261591267,-0.022335242220033233,-4.485651565351167,-3.335977921125525,-0.751131761138222,-0.00013946029305290093,-0.00028452412250595495
4.65,0.0020771837946149184,1.5135714483188727,-1.004347745486779,-0.5409635263143452,0.0004582551147875178,5.2119590470685415e-06,-0.0038450213431155873,-0.07456664284101014,0.23735539626094945,0.05292903539186465,2.4238137558880974e-05,3.9353445027253866e-05,-0.05729214142975123,-0.32522006840097883,0.8538405372010867,0.40283597744988997,-0.02945985578419741,-0.021884452486511316,-0.024253165643400704,-4.51865046455364,-3.336696442406912,-0.7522599731908428,-0.00036377331103675957,-0.00029152906947840963
4.66,0.0020346681689641954,1.5128033149338265,-1.0019342882819304,-0.5404241955530805,0.00045802398592756155,5.5976039161769534e-06,-0.004251562565072309,-0.07681333850461283,0.24134572048486116,0.053933076126463426,-2.3112885995623837e-05,3.85644869108412e-05,-0.055018672224212625,-0.3233756511693424,0.5511022138479749,0.34372609956159517,-0.030978450391646456,-0.02264562371558907,-0.02608560388755067,-4.553967249828234,-3.349277455657437,-0.7562154975552162,-0.00058172716151411,-0.0003001535373320331
4.67,0.001988245677964215,1.5120103058610699,-0.9995026594592668,-0.5398799177239378,0.00045733087097408695,5.972437630370551e-06,-0.004642249099998027,-0.07930090727565524,0.24316288226636928,0.05442778291427209,-6.93114953474613e-05,3.74833714193597e-05,-0.05262221358287085,-0.32342948535637583,0.24200603065171583,0.28134221333223774,-0.032466562116228254,-0.023343967280677072,-0.027829033554867905,-4.591216709401101,-3.373651084123966,-0.7629721417450747,-0.0007929102802529211,-0.0003103706704913754
4.68,0.0019380829705101807,1.5111898796300467,-0.9970749125715459,-0.5393358810787483,0.00045618819206079614,6.333515283554463e-06,-0.005016270745403453,-0.08204262310231826,0.24277468877208866,0.054403664518953336,-0.00011426789132908288,3.6107765318391205e-05,-0.05011032372900768,-0.3247603373614777,-0.0708720160918176,0.2161449325380228,-0.033921343572844626,-0.023978305866645414,-0.029480210340053235,-4.629975118751634,-3.4096449672507436,-0.7724788801353706,-0.0009969365521051905,-0.00032214003661308876
4.69,0.0018843542554954802,1.5103394370745256,-0.9946732336733433,-0.5387973230270979,0.0004546092223318281,6.677893380937841e-06,-0.00537287150147006,-0.08504425555210772,0.2401678898202694,0.05385580516504048,-0.00015789697289680257,3.443780973833783e-05,-0.04749085043295654,-0.32673216648324516,-0.38489431973423816,0.14864153689698445,-0.03533984088478592,-0.024547765988616577,-0.03103617945508041,-4.6697876374395815,-3.4569848820748383,-0.7846600960314175,-0.0011934464883596495,-0.00033540774414018184
4.7,0.0018272407415678739,1.5094563964670014,-0.9923197479318513,-0.5382694830976201,0.00045260803724130093,7.002655272351108e-06,-0.0057113513927606226,-0.08830406075242177,0.23534857414919147,0.052783992947783506,-0.0002001185090527149,3.247618914132674e-05,-0.04477193336003005,-0.328706888102937,-0.6973823932144737,0.07938317175095344,-0.036718990337284485,-0.02505175846379898,-0.03249428417431185,-4.710175617822771,-3.5152961614269636,-0.7994160039919911,-0.0013821081861778203,-0.0003501066549448904
4.71,0.0017669300594461348,1.5085382675341026,-0.9900363239043577,-0.537757555024928,0.00045019946417316863,7.304937065994711e-06,-0.0060310682121739205,-0.09181289328987298,0.22834240274936135,0.0511928072692206,-0.00024085730681323213,3.022817936436025e-05,-0.041961994133290444,-0.33005653985619166,-1.005638837821781,0.008960812689357667,-0.038055630083450975,-0.025489952289734275,-0.0338521720293763,-4.750643628488899,-3.5841059206618113,-0.8166232545645408,-0.0015626180451771892,-0.00036615669400413787
4.72,0.0017036156684201494,1.5075827232283205,-0.9878443772114949,-0.5372666384041038,0.00044739903045528783,7.5819537951038486e-06,-0.006331439102598539,-0.09555443057821444,0.21919466928628684,0.049091662082414056,-0.0002800433717880783,2.7701672910913803e-05,-0.03906971342797108,-0.33017455414763763,-1.3069703641560177,-0.06199999892137065,-0.039346526386043384,-0.025862242602315705,-0.03510779832792187,-4.790686020415745,-3.6628460999368064,-0.8361357232583031,-0.0017347012288973535,-0.0003834652580056376
4.73,0.0016374962494763619,1.5065876682402544,-0.9857646754172268,-0.5368016903819081,0.00044422290988024144,7.831025594005844e-06,-0.00661194189437876,-0.09950549880662306,0.20797017942680399,0.04649480221957639,-0.00031761205750464156,2.4907179890199515e-05,-0.0361039953839436,-0.32848587329731205,-1.598711642142943,-0.13284560173211624,-0.040588412943833446,-0.02616871364202311,-0.0362594268349033,-4.829792895011317,-3.7508573236327307,-0.8577854850460778,-0.0018981118721581706,-0.00040192772460654496
4.74,0.0015687750882203819,1.5055513033643768,-0.9838171459875569,-0.5363674778751832,0.0004406878678853623,8.04960362684459e-06,-0.006872116125598001,-0.1036364875877645,0.19475294296699272,0.04342125067247818,-0.00035350419948791114,2.1857803283874508e-05,-0.033073920555751764,-0.3244556861730966,-1.8782497249608336,-0.20290175184666648,-0.041778041023945695,-0.026409597895375725,-0.037305627627753565,-4.867455368909572,-3.8473935723654487,-0.8813839749080767,-0.002052633048312628,-0.0004214280637313153
4.75,0.0014976594513547638,1.5044721849752445,-0.9820206892375682,-0.5359685308214657,0.00043681120558249184,8.23529550232968e-06,-0.007111563686561801,-0.10791183891322487,0.17964567499886622,0.039894705371753866,-0.0003876662302870491,1.8569187548508914e-05,-0.02998868945494741,-0.31759661618969093,-2.1430487652437415,-0.27148212183605214,-0.042912237450882434,-0.026585232785654223,-0.03824527230533576,-4.903170069176305,-3.9516276561948174,-0.9067233338810927,-0.002198076522252604,-0.000441839551778508
4.76,0.001424359960868706,1.5033492790247356,-0.9803929981886317,-0.535609096973874,0.00043261070286143165,8.385889901644757e-06,-0.0073299490486057875,-0.1122905950508921,0.16276910489365298,0.03594338475916817,-0.0004200502721060216,1.505943993150768e-05,-0.026857559421434803,-0.30747424841677096,-2.3906747216883586,-0.33789759398954633,-0.04398796702935359,-0.026696016450115545,-0.03907752688315036,-4.936442832785054,-4.0626574701378955,-0.9335779387348223,-0.0023342823249653346,-0.0004630255888936893
4.7700000000000005,0.0013490899702781635,1.502182009128506,-0.9789503872429963,-0.5352930987514247,0.000428104560817359,8.499380144444516e-06,-0.007526999059054252,-0.11672698962294506,0.14426109456354028,0.03159982224493067,-0.0004506142044072672,1.1349024279975895e-05,-0.02368977804367125,-0.29371094618658555,-2.618819740639778,-0.4014661477532755,-0.045002395728206676,-0.026742364249620898,-0.039801842833324906,-4.9667916242003525,-4.179513004999414,-0.9617061117583625,-0.002461118192813334,-0.0004848406185520343
4.78,0.0012720649472060912,1.5009702984655122,-0.9777076315406971,-0.5350240926467198,0.0004233113437697898,8.573986419912318e-06,-0.007702502307207229,-0.12117106629939689,0.12427557022992348,0.026900610470493316,-0.00047932170475691564,7.4606275467801385e-06,-0.020494516599452787,-0.27598797260872,-2.825325890509773,-0.4615231145636418,-0.0459529509415119,-0.026724667702299587,-0.04041794681890833,-4.993748723050467,-4.301164077927172,-0.9908520052117836,-0.0025784789190520293,-0.0005071311475843802
4.79,0.0011935018663166712,1.4997146053623045,-0.9766778187935727,-0.5348052316753701,0.0004182499211478267,8.608176416269608e-06,-0.007856308088942006,-0.12556931032076785,0.10298127471243629,0.021886097134975524,-0.0005061422621963163,3.418999635729016e-06,-0.01728080699166515,-0.254045997119431,-3.008207926867754,-0.517431553554534,-0.04683737536827745,-0.026643257510746476,-0.04092582972182475,-5.016862268690237,-4.426528738086077,-1.020747652801949,-0.0026862856661301593,-0.0005297368634880504
4.8,0.0011136186161345401,1.4984159525684166,-0.975872215293587,-0.534639231325675,0.00041293940951304503,8.600684092949262e-06,-0.007988325018213106,-0.1298652793887746,0.08056034999856604,0.016600034969507484,-0.0005310511634781626,-7.49232332034672e-07,-0.014057485406231114,-0.22768412880325367,-3.165674772374279,-0.5685924897636436,-0.0476537714987866,-0.026498372262796888,-0.041325735569355856,-5.035697278619875,-4.554482293545708,-1.0511151781133858,-0.0027844852849861043,-0.0005524918444115632
4.8100000000000005,0.0010326334226255624,1.4970759503456645,-0.9753001476685789,-0.534528339433293,0.0004073991149779065,8.55052635478921e-06,-0.008098519350897773,-0.1340002222752115,0.05720676250081917,0.011089189238200504,-0.0005540294535138535,-5.015773816005247e-06,-0.010833145438242436,-0.19675767393226465,-3.296149407865026,-0.6144547530142646,-0.04840063433324576,-0.026290134231351348,-0.041618150924997856,-5.049836282120278,-4.6838668960380625,-1.08166914731213,-0.0028730496820159068,-0.0005752258556212489
4.82,0.0009507642916377094,1.4956968135885378,-0.9749689018095378,-0.5344743103644088,0.00040164847625528055,8.457017406892014e-06,-0.008186913098785293,-0.13791367571268168,0.03312458590410598,0.005402906888420416,-0.0005750638722625951,-9.350894789719592e-06,-0.0076161027491412694,-0.1611748623379479,-3.3982868881858463,-0.6545241607664671,-0.049076870744972356,-0.026018533488117446,-0.041803795228737235,-5.058879728205555,-4.81350161082626,-1.1121190507009042,-0.0029519752660075236,-0.0005977657245850272
4.83,0.0008682284714566425,1.494281373262106,-0.9748836402215125,-0.5344783838429122,0.0003957070085454617,8.31978059195875e-06,-0.008253582018106696,-0.1415440326431615,0.008526158802521729,-0.0004073478503373003,-0.0005941467709818836,-1.372368149332638e-05,-0.004414372478789112,-0.12089282355286417,-3.4709902181307086,-0.6883718018334921,-0.049681804784745355,-0.025683421288174524,-0.04188361245465255,-5.062446337451904,-4.942192889716154,-1.1421718949059412,-0.003021282496646593,-0.00061993678508724
4.84,0.0007852419358835381,1.4928330824861742,-0.9750473388577104,-0.5345412687031624,0.00038959424843348374,8.13875753858513e-06,-0.008298653557310437,-0.14482907759319408,-0.01636986361979229,-0.006288486025021114,-0.0006112760111977983,-1.8102305337362006e-05,-0.001235659699109542,-0.07591311728536593,-3.5134238493706413,-0.7156411994454555,-0.0502151691470776,-0.025284513391352126,-0.04185876430810799,-5.060173570065977,-5.0687453564370335,-1.1715348846928748,-0.0030810155438847483,-0.0006415643790648529
4.8500000000000005,0.0007020188874564338,1.4913560176092746,-0.9754607442860156,-0.5346631317909695,0.0003833296999344348,7.914214478773428e-06,-0.008322304842710434,-0.14770648768995676,-0.04134054283051728,-0.01218630878070074,-0.0006264548499048931,-2.2454305981170267e-05,0.001912637775153574,-0.026277132442568032,-3.525024587984979,-0.7360541610381013,-0.05067708392325306,-0.024821403673916775,-0.04173062502024271,-5.051718377589715,-5.191972805428484,-1.1999181707205522,-0.0031312420542981114,-0.0006624754031786858
4.86,0.0006187712797712301,1.4898548746042803,-0.9761223518121096,-0.5348435921725164,0.00037693278179089083,7.6467456252713e-06,-0.008324760768520362,-0.15011430049942298,-0.06616075260940397,-0.01804603815469367,-0.0006396918143543955,-2.6746885350212896e-05,0.005023415839774536,0.027938336010129947,-3.5055097336225596,-0.749415157385922,-0.05106802459032872,-0.02429358806424392,-0.041500777624939096,-5.036758393034679,-5.310709307717968,-1.2270376370279243,-0.003172053007393668,-0.0006824998855534566
4.87,0.0005357083573669885,1.488334961080998,-0.9770284049469492,-0.5350817207451931,0.00037042277609744914,7.337273533752973e-06,-0.008306292240424161,-0.15199135232823813,-0.09060531348395592,-0.023812857267672134,-0.0006510005693441673,-3.0947209151832653e-05,0.00808984227617976,0.08662504248300391,-3.454882305086102,-0.7556141140904682,-0.05138878187652687,-0.02370049851957262,-0.04117101143451026,-5.0149936943630244,-5.423820311282341,-1.2526176997905356,-0.003203562632491881,-0.00070147257668671
4.88,0.00045303621136319624,1.4868021841533376,-0.9781729163620715,-0.5353760452768744,0.00036381877830529355,6.98704641072511e-06,-0.008267214600379226,-0.15327769276602043,-0.11445114151222752,-0.029432453168132124,-0.0006603997792155565,-3.50227123027863e-05,0.011105329781865724,0.1496465217285104,-3.3734332430160836,-0.7546275427341467,-0.05164041665487261,-0.02304154645697848,-0.040743320276551455,-4.98614924967873,-5.530213618281297,-1.2763940869578647,-0.003225908346138563,-0.0007192345372872392
4.89,0.0003709573490004299,1.485263034323829,-0.9795477102277563,-0.5357245608322548,0.0003571396486468592,6.597632364757544e-06,-0.008207886236276636,-0.15391498295087158,-0.13747938656848152,-0.03485155553804141,-0.000667912965843437,-3.8941404596756575e-05,0.014063507453987836,0.21684038391841004,-3.261740518216657,-0.7465179857498718,-0.051824213314139785,-0.022316174766423558,-0.0402199009267128,-4.949978120063847,-5.628850118043278,-1.2981165668631753,-0.0032392506617166285,-0.0007356347048031145
4.9,0.0002896702754496706,1.4837245654614866,-0.981142485580288,-0.5361247454776487,0.0003504039650183935,6.170910635581067e-06,-0.008128707355075928,-0.15384688623423468,-0.15947753525316957,-0.04001846453938316,-0.0006735683628465672,-4.267217291764771e-05,0.016958194539902438,0.28801951793535335,-3.1206651139520902,-0.731431796803939,-0.051941635117503646,-0.021523917270967974,-0.03960315108021601,-4.906265458695611,-5.718754152875725,-1.317551592850674,-0.003243773017653289,-0.0007505314196793579
4.91,0.00020936908671082043,1.4821943708560668,-0.9829449001193254,-0.5365735810903732,0.0003436299773670998,5.709059872129494e-06,-0.008030118873885021,-0.1530194605419882,-0.18024145390373528,-0.04488356127245492,-0.0006773987651293642,-4.6185076345157314e-05,0.019783380213763635,0.3629721101773604,-2.951343892142598,-0.7095953257353962,-0.05199428487723439,-0.02066446425951729,-0.038895666156578565,-4.854833303897844,-5.799023393831648,-1.3344848304475332,-0.003239681468812979,-0.0007637938919812438
4.92,0.00013024307309120994,1.4806805552386326,-0.984940673598624,-0.5370675790366118,0.00033683556364925196,5.214543566107594e-06,-0.00791260136196105,-0.15138156174340706,-0.1995773479298531,-0.04939979462385842,-0.0006794413717847881,-4.9451630602189944e-05,0.022533212808157194,0.44146045417810176,-2.7551793966527254,-0.681309622337495,-0.05198387385716611,-0.01973773250133881,-0.03810023423264906,-4.79554612047154,-5.868838105636239,-1.3487235336686554,-0.0032272041876069313,-0.0007753035889613213
4.93,5.2476333596800524e-05,1.4791917025712065,-0.9871137097469512,-0.5376028104236082,0.00033003818745490636,4.6900927815349565e-06,-0.007776673949440941,-0.14888526674261623,-0.2173036148327238,-0.05352313869963975,-0.0006797376194345611,-5.244507845726376e-05,0.025202001336474,0.5232185961168719,-2.5338266914711314,-0.6469438150955718,-0.051912201185822876,-0.01874393795667731,-0.03721982845130446,-4.728316999508722,-5.927469684157171,-1.3600987377146356,-0.0032065907271031256,-0.0007849555244585155
4.94,-2.3752597475454852e-05,1.4777368393330026,-0.9894462354447774,-0.5381749405791999,0.0003232548574314392,4.138686352373346e-06,-0.007622893107225538,-0.1454863238203984,-0.23325256978261655,-0.057213015559163825,-0.0006783330023467153,-5.514064291616104e-05,0.027784231314313824,0.607948929724336,-2.2891773770081913,-0.6069273580065522,-0.05178114525887638,-0.017683669224832083,-0.03625759635651432,-4.653114383529844,-5.974288356140081,-1.3684672366300545,-0.0031781110078309745,-0.0007926594317099825
4.95,-9.827110945517444e-05,1.4763253929727436,-0.9919189556898115,-0.5387792673649775,0.0003165020886791305,3.563528749258289e-06,-0.007451851197971958,-0.14114463602589464,-0.24727202450341054,-0.06043267857776479,-0.0006752768752308694,-5.7515760311505724e-05,0.030274595870990975,0.6953179182014371,-2.0233409732369645,-0.561741369581318,-0.05159266767872997,-0.016557959620228657,-0.03521684575619985,-4.569969142868229,-6.008769939419384,-1.3737133164365742,-0.003142054002665033,-0.0007983408022346743
4.96,-0.00017091285646848555,1.4749671451605442,-0.9945112227140038,-0.5394107628895589,0.0003097958663338053,2.9680258420450043e-06,-0.0072641747013311095,-0.13582478121993177,-0.2592267024192311,-0.06314955245813608,-0.0006706222345325245,-5.955029072132849e-05,0.032668041992400455,0.7849511777846255,-1.7386239029402646,-0.5119093119505833,-0.051348829278623775,-0.01536835564217287,-0.03410102690551029,-4.478981792442518,-6.030501572383576,-1.375750216833512,-0.0030987261095501927,-0.0008019417749050553
4.97,-0.00024151807674523568,1.4736721794625764,-0.9972012174691829,-0.540064118156223,0.0003031516115900794,2.3557588069305904e-06,-0.007060522027675013,-0.12949656979677462,-0.2689994755179086,-0.06533552666640985,-0.0006644254743725906,-6.122670351144138e-05,0.034959830521856555,0.8764282050961288,-1.4375063506560055,-0.45798727377093895,-0.05105181677263501,-0.01411697951195498,-0.03291371102500816,-4.38032960704656,-6.039186333990116,-1.3745212977411967,-0.003048449219115414,-0.0008034218611421826
4.98,-0.00030993388527896616,1.472450823079902,-0.9999661415804787,-0.5407337901549338,0.0002965841504498132,1.7304564449922567e-06,-0.006841580853373046,-0.12213563826743869,-0.2764924111295823,-0.066967199871078,-0.000656746114026619,-6.253023619383337e-05,0.037145607339996736,0.9692770664294782,-1.122617311565243,-0.4005541277085505,-0.050703977626806285,-0.012806583400711329,-0.03165856540869751,-4.274273369560859,-6.034646689885038,-1.3700008907049146,-0.0029915585024867957,-0.0008027584943195634
4.99,-0.0003760145346437025,1.4713135823409524,-1.002782417777945,-0.5414140508928474,0.0002901076854997969,1.0959661928371853e-06,-0.006608064936473632,-0.11372407389496399,-0.2816276197466167,-0.06802607379136469,-0.0006476464950016336,-6.344902521550713e-05,0.03922148202577622,1.0629693901558173,-0.7967081779862576,-0.34020183127045067,-0.050307859923833284,-0.01144059297624797,-0.030339325622066003,-4.161163471376486,-6.016826715922307,-1.362194819418278,-0.0029283999628220603,-0.0007999473939018944
