time,q1,q2,q3,q4,q5,q6,dq1,dq2,dq3,dq4,dq5,dq6,ddq1,ddq2,ddq3,ddq4,ddq5,ddq6,tau1,tau2,tau3,tau4,tau5,tau6
0.0,0.0,1.5,-1.0,-0.54,0.0,0.0,0.0,0.0,0.0,0.0,0.0,0.0,0.0,0.0,0.0,0.0,0.0,0.0,0.7796172545234137,-3.1235889741015717,-4.347048781342606,-0.9412504505713122,0.07637665020302659,0.0001395792910852422
0.01,7.436356213798911e-07,1.500001446182901,-0.99999836004198,-0.5399996280044398,8.411550735693523e-08,8.600132857279487e-09,7.43635621379891e-05,0.00014461829009660942,0.00016399580200345717,3.719955602724947e-05,8.411550735693523e-06,8.600132857279486e-07,0.01022447164170363,0.015146761179079012,0.023417237854950694,-0.0030941521669949346,0.004518757555971906,0.020114115394303266,0.0012530585540220065,-4.015473092657999,-4.596568279073875,-1.0317499437933357,0.00014893935476115245,-0.000485165094109228
0.02,1.0828157380802272e-05,1.499999839411086,-0.9999958429721151,-0.5400017607806052,1.1716276523065479e-06,-1.8060979418724777e-07,0.0010084521759422382,-0.00016067718150280513,0.0002517069864893227,-0.00021327761654081978,0.00010875121449496126,-1.8920992704452727e-05,0.13028994099399466,-0.025016468585068355,0.10133082588175897,-0.3975748233262937,0.04767621459997595,-0.5690804238475007,0.016097761809255255,-4.034811895332878,-4.60280120365638,-1.035195631825945,0.0016551681595164875,-0.0005726748357100568
0.03,3.627338259425195e-05,1.4999911826115948,-0.9999936596032258,-0.5400069455448728,3.858387623470736e-06,-5.598188906684175e-07,0.0025445225213449676,-0.0008656799491151427,0.00021833688892363519,-0.0005184764267630692,0.0002686759971164188,-3.7920909648116966e-05,0.2158758811735413,-0.06984920976474816,0.09354470943724795,-0.4234381997755607,0.05678065560978329,-0.5677466841651753,0.03089650041574191,-4.053985481400915,-4.608938922359639,-1.0386043761038162,0.0031568429124182776,-0.0006595963324338751
0.04,8.12634518256066e-05,1.4999720016837925,-0.9999929118874484,-0.5400155194109907,8.557261289231257e-06,-1.1213231821378167e-06,0.0044990069231354655,-0.0019180927802371652,7.477157774089254e-05,-0.0008573866117863923,0.00046988736657605206,-5.615042914693994e-05,0.27540873075484096,-0.10944474886158105,0.08118891472497507,-0.4231008706683901,0.06258679913331311,-0.5607747610089877,0.045615534050119,-4.072796057672251,-4.6148730661913175,-1.0419347610825136,0.0046506711135309905,-0.0007453029957508184
0.05,0.00014867558558159246,1.4999393146222408,-0.9999945249947042,-0.5400277345637877,1.5552174096154596e-05,-1.8577594389694523e-06,0.006741213375598586,-0.0032687061551712688,-0.00016131072558050292,-0.00122151527970512,0.000699491280692334,-7.364362568316356e-05,0.31634928423763914,-0.14360799735287275,0.06982873772285256,-0.41780218293572907,0.06651349438089627,-0.5503489168160309,0.0602260172159578,-4.091056813271786,-4.620498111950776,-1.0451465621495308,0.006133871186575237,-0.0008291695434503787
0.06,0.00024045395404768418,1.4998906032502117,-0.9999992230889868,-0.5400437625931651,2.5035095739232148e-05,-2.7616581031478787e-06,0.009177836846609173,-0.004871137202905801,-0.0004698094282634017,-0.0016028029377424752,0.000948292164307755,-9.038986641784265e-05,0.3440151320868687,-0.17266120486132983,0.060139398198127275,-0.40885862874023493,0.06911456517744408,-0.5365338800767121,0.07470269735890905,-4.108592009157981,-4.625712215822036,-1.0482010146162113,0.007604035110563978,-0.000910578151347624
0.07,0.0003578739460204655,1.4998237890143016,-1.0000075171652707,-0.5400636935029596,3.713215401227688e-05,-3.82513520784555e-06,0.01174199919727813,-0.006681423591010755,-0.0008294076283884065,-0.00199309097944152,0.0012097058273044733,-0.00010634771046976714,0.3621661195754172,-0.19690012698409315,0.052358685809741005,-0.3963984726049625,0.07077119058762915,-0.5194086428091862,0.08902297989402362,-4.125237239178194,-4.630417995383045,-1.0510610739674797,0.009059029254449092,-0.0009889239060999315
0.08,0.0005017289888154743,1.4997372115862302,-1.0000197002738693,-0.5400875359774885,5.192209539302158e-05,-5.039691630586314e-06,0.014385504279500872,-0.008657742807140448,-0.001218310859865137,-0.0023842474528922917,0.0014789941380744702,-0.00012145564227407635,0.3734601495988053,-0.21657961045344454,0.04660361045737413,-0.3805163089030106,0.07175347165258339,-0.4990742878374729,0.10316626625940871,-4.1408397687506815,-4.634523250739531,-1.0536916611694995,0.010496923439339795,-0.0010636197434063224
0.09,0.0006724626574592235,1.4996296092540096,-1.0000358479966096,-0.5401152189095875,6.944933713534443e-05,-6.396090601167256e-06,0.017073366864374922,-0.010760233222052176,-0.0016147722740211855,-0.002768293209902997,0.001752724174232284,-0.00013563989705809418,0.3797767058592027,-0.23192618901821174,0.042917327518972564,-0.3613381291415103,0.072252601966865,-0.4756530876362174,0.11711349224339075,-4.155258901454745,-4.637941631862202,-1.0560598927069886,0.011915940611914528,-0.001134100964569753
0.1,0.0008702621485712444,1.499500100380004,-1.0000558227801613,-0.540146593911609,8.973319769897155e-05,-7.884292469436049e-06,0.019779949111202087,-0.01295088740056653,-0.001997478355169383,-0.003137500202158437,0.0020283860563627128,-0.00014882018682687935,0.38244560573803743,-0.2431482951658539,0.04129063579198231,-0.3390204670500807,0.07240345653879499,-0.44928745799402897,0.13084681147094224,-4.168366346196886,-4.640593255194355,-1.058135294961229,0.013314421444704795,-0.001199829392434404
0.11,0.0010951244818634242,1.4993481654179865,-1.0000792811713275,-0.5401814385980263,0.00011277442754542157,-9.493431735433542e-06,0.022486233329217977,-0.015193496201739674,-0.0023458391166162156,-0.003484468641722702,0.002304122984645002,-0.00016091392659974937,0.3824086898124503,-0.250443502938146,0.041676030126929914,-0.31374659260887483,0.07230065794739815,-0.4201388488123929,0.14434938288968155,-4.180046568576031,-4.642405269692547,-1.0598900022393143,0.014690799668801734,-0.0012602972043550902
0.12,0.00134690345985071,1.4991736291330389,-1.0001056832907753,-0.5402194604889288,0.00013855983355003226,-1.1211825594274106e-05,0.02517789779872857,-0.017453628494777336,-0.002640211944790563,-0.0038021890902515407,0.0025785406004610704,-0.00017183938588405634,0.3803340881016491,-0.2540036145019276,0.043997334558842444,-0.28572325518104746,0.07201000829438997,-0.38838656937807103,0.1576052318381627,-4.190197115429133,-4.643312370937584,-1.0612989375643282,0.01604358506963612,-0.001315030463419032
0.13,0.0016253430602526954,1.4989766427762645,-1.0001343040765773,-0.5402603014248065,0.00016706555776358316,-1.3027006244537013e-05,0.027843960040198547,-0.019698635677431443,-0.0028620785801964322,-0.004084093587777695,0.002850572421355091,-0.00018151806502629075,0.3766969567236082,-0.2540182224492743,0.048156400982929365,-0.2551779174547615,0.07157662870866788,-0.35422654374391616,0.17059916239569228,-4.198728904192237,-4.643257261234921,-1.0623399752319325,0.01737135191414757,-0.0013635923578441608
0.14,0.0019301012697887667,1.4987576660443995,-1.0001642459584286,-0.5403035424099886,0.00019825940684738488,-1.4925771318075367e-05,0.03047582095360712,-0.0218976731864993,-0.0029941881851134975,-0.004324098518207074,0.0031193849083801716,-0.00018987650735383547,0.3718365101145734,-0.25067718611073225,0.05403784603862649,-0.22235629344044128,0.07103076286161825,-0.3178699941361502,0.18331670476725606,-4.205566470079287,-4.64219105336421,-1.0629940841095116,0.018672731195041276,-0.001405586150934759
0.15,0.0022607671903840097,1.498517448711763,-1.0001944527087046,-0.5403487088195003,0.00023210251226661203,-1.6894248271562418e-05,0.03306659205952429,-0.02402173326366413,-0.0030206750275956827,-0.004516640951167736,0.0033843105419227152,-0.000196847695348705,0.36599629541316603,-0.2441723236215076,0.061512483207354945,-0.18752005899571572,0.070391925121708,-0.2795420527483704,0.19574408593300813,-4.210648164856412,-4.640073615647142,-1.0632454506811095,0.019946405529481757,-0.001440657839150266
0.16,0.002616873416177003,1.4982570118649747,-1.0002237242720315,-0.5403952759150864,0.00026855051914934227,-1.8917969620405738e-05,0.03561062257929936,-0.026043684678814363,-0.0029271563327077487,-0.004656709558618264,0.0036448006882730216,-0.0002023721348843318,0.3593526197612615,-0.23469852800648416,0.07043989418447681,-0.1509446499505971,0.06967187688561816,-0.23948030448563246,0.20786821508034953,-4.213926301513203,-4.6368738561758835,-1.063081580910617,0.021191105878156223,-0.0014684985129794024
0.17,0.002997905091024846,1.4979776287037916,-1.0002507324105852,-0.5404426746228782,0.00030755444362257805,-2.0981956624573577e-05,0.03810316748478428,-0.027938316118304485,-0.002700813855362335,-0.004739870779185233,0.0039003924473235796,-0.0002063987004167839,0.35203460183624313,-0.2224544517054955,0.08067043867361584,-0.11291709535769384,0.06887677406796011,-0.19793326510944545,0.21967667774329308,-4.215367239572227,-4.632569944321733,-1.0624933800965959,0.022405609488715835,-0.001488846413860895
0.18,0.0034033066399466205,1.4976808048972436,-1.0002740370245986,-0.5404902975291254,0.000349061297363349,-2.3070809545889913e-05,0.040540154892177445,-0.029682380654798002,-0.002330461401339588,-0.004762290624719089,0.004150685374077098,-0.00020888529213163354,0.34413830140315693,-0.20764286036308705,0.09204690305885987,-0.07373385557425716,0.06800872865476548,-0.15515880080189698,0.23115773433153333,-4.214951406216784,-4.627149467989628,-1.0614752100168314,0.02358873863961751,-0.0015014886799590375
0.19,0.0038324868736050927,1.4973682585050205,-1.000292103021105,-0.5405375050525769,0.00039301454906268124,-2.5168802952897853e-05,0.04291802336584723,-0.031254639222300956,-0.0018065996506271848,-0.004720752345152465,0.004395325169933221,-0.000209799340700794,0.3357366615099555,-0.19047072693661754,0.1044059212212735,-0.033698650096961935,0.06706695606132507,-0.11142249643906266,0.24230032001524093,-4.21267324889614,-4.620609525476846,-1.060024922803463,0.024739359884470593,-0.0015062627739025939
0.2,0.004284822956786667,1.4970418994911296,-1.0003033176118503,-0.5405836317531507,0.00043935447196538397,-2.725998479874033e-05,0.04523360831815745,-0.0326359013890982,-0.0011214590745283904,-0.004612670057380837,0.00463399229027027,-0.00020911818458424773,0.3268864897155074,-0.17114911686908316,0.1175792550399676,0.006879729576716148,0.06604862948476975,-0.06699598087962616,0.2530940438706695,-4.208541115607941,-4.612956751218759,-1.0581438711458915,0.02585638358646426,-0.001503057586424208
0.21,0.004759663584664098,1.4967038088711628,-1.000306007925708,-0.540627992736948,0.0004880184121261671,-2.9328278172378525e-05,0.047484062787743135,-0.03380906199668305,-0.0002690313857693214,-0.004436098379727687,0.004866394016078318,-0.0002068293373638195,0.31763334559793366,-0.14989290124617807,0.13139499103036564,0.047689619744676955,0.06494952656686381,-0.022155218366380375,0.2635291858813306,-4.202577059668841,-4.604207275150271,-1.0558368945850838,0.02693876359702834,-0.001491814211045636
0.22,0.005256331606580037,1.496356217546715,-1.0002984588232209,-0.5406698901177548,0.0005389410017507026,-3.1357584746985626e-05,0.049666802191593855,-0.034759132444766146,0.0007549102487134507,-0.0041897380806796905,0.0050922589624535506,-0.00020293065746071034,0.3080149480133562,-0.12692032547813933,0.14567868847771287,0.08841868988615426,0.06376452824251655,0.022821224255900663,0.27359669089897964,-4.194816566468871,-4.594386615870166,-1.0531122818365202,0.027985496979601336,-0.0014725263864331178
0.23,0.005774126263567889,1.4960014848909953,-1.000278930802063,-0.5407086194951424,0.0005920543347238551,-3.333188903785001e-05,0.05177946569878521,-0.03547326557199089,0.0019528021157856398,-0.0038729377387550362,0.005311333297315259,-0.00019743042908643843,0.2980635362515834,-0.10245245473029296,0.1602545001363292,0.12875614345321157,0.06248801162450479,0.06765392435925716,0.283288159048002,-4.185308200462152,-4.583529508260493,-1.0499817092573673,0.02899562371331738,-0.001445240604716281
0.24,0.006312325153921671,1.4956420771587602,-1.0002456778828943,-0.5407434764092686,0.0006472881162866914,-3.523536264712608e-05,0.05381988903537825,-0.0359407732235072,0.003325291916856103,-0.0034856914126164826,0.00552337815628363,-0.00019034736092760708,0.2878074925180293,-0.07671251311738539,0.17494627694225467,0.16839490186744077,0.06111416601667652,0.11206435393651937,0.2925958323418549,-4.174113171469945,-4.571679666678217,-1.046460155754267,0.029968226336212184,-0.0014100558858626154
0.25,0.0068701860045420875,1.4952805458015594,-1.0001969653657077,-0.5407737627325889,0.0007045697951874025,-3.7052467722408517e-05,0.0557860850620416,-0.036153135720081934,0.004871251718665704,-0.0030286323320367547,0.005728167890071111,-0.00018171050752824417,0.27727244362024944,-0.04992513092904154,0.18957866173964225,0.20703375833968057,0.05963725212947457,0.155776622955066,0.30151257749652594,-4.16130482025507,-4.55888948529656,-1.0425657946093663,0.030902429505771403,-0.0013671232200811283
0.26,0.007446948300070596,1.494919505776001,-1.0001310873476217,-0.5407987929589667,0.0007638246840597294,-3.876805889608949e-05,0.057676229552850865,-0.03610400255584354,0.00658780180860052,-0.0025030226377821038,0.0059254888872326906,-0.00017155911736809696,0.2664819964422512,-0.022315512410029176,0.20397817275306307,0.24437948750042027,0.058051818211104056,0.19851920495196473,0.31003186509160424,-4.146968024257789,-4.5452196776240195,-1.0383198628819006,0.03179739946813996,-0.0013166446821568005
0.27,0.008041834803828812,1.4945616139384226,-1.0000463838943403,-0.5408179003511626,0.0008249760719655109,-4.036748300679094e-05,0.059488650375821614,-0.03578918375784363,0.00847034532813075,-0.0019107392195916938,0.006115138790578149,-0.00015994241107014466,0.25545821703893373,0.00589146442619689,0.21797427475710876,0.280148896653579,0.05635288233851732,0.24002663418541015,0.3181477453571023,-4.131198525350374,-4.530738857665471,-1.0337465092189315,0.032652343437360995,-0.0012588722235625095
0.28,0.008654052992079731,1.4942095476239867,-0.9999412577592804,-0.540830442908409,0.0008879453317562776,-4.183667593563125e-05,0.06122181882509203,-0.03520663144358126,0.010512613505987959,-0.001254255724635976,0.006296925979076675,-0.0001469192928840314,0.24422193152839441,0.034472205044496086,0.23140043412607728,0.31407080459528114,0.0545360869902316,0.2800411637745641,0.32585482096245555,-4.114102182455845,-4.515523065608438,-1.028872621079942,0.033466508893521554,-0.0011941061501328865
0.29,0.009282796414542643,1.4938659835118406,-0.9998141905467363,-0.5408358091167393,0.0009526520240073952,-4.316225592060715e-05,0.06287434224629104,-0.034356411214608765,0.012706721254420508,-0.0005366208330347969,0.006470669225111749,-0.00013255799849759025,0.23279290455043472,0.06320540204136711,0.24409515288290337,0.3458879342983727,0.05259782986223227,0.31831437446052424,0.3331482172591903,-4.0957941528692885,-4.499655241314376,-1.0237276325441544,0.03423918281426917,-0.001122693294994563
0.3,0.009927245988306525,1.4935335768805742,-0.9996637582184309,-0.5408334234459536,0.0010190139986475258,-4.4331612743249775e-05,0.06444495737638814,-0.033240663126638266,0.015043232830533746,0.00023856707856816897,0.006636197464013058,-0.00011693568226426249,0.2211899351738227,0.09187307459545704,0.25590297626328323,0.3753587063363577,0.050535373418610474,0.35460872390305664,0.3400235504847294,-4.0763980071010835,-4.483224649267029,-1.0183433140250537,0.034969690858258226,-0.0010450248983116897
0.31,0.010586571228502484,1.4932149413597753,-0.9994886458464052,-0.540822751558551,0.0010869474949685978,-4.533299221380742e-05,0.06593252401959594,-0.03186355207990054,0.017511237202574935,0.0010671887402717067,0.006793349632107197,-0.00010013794705576471,0.209430898850558,0.12026163302900846,0.2666754680347675,0.402258920620185,0.04834693469228357,0.3886990267848208,0.34647689447455915,-4.056044783011394,-4.466326258974165,-1.0127535453620813,0.03565739652197999,-0.0009615342072086838
0.32,0.011259931416747627,1.492912629283994,-0.9992876615194095,-0.540803305197646,0.001156367240402108,-4.6155575415056906e-05,0.06733601882451433,-0.030231207578128336,0.020098432699564475,0.0019446360904973752,0.0069419745433510205,-8.225832012494856e-05,0.19753275597334832,0.14816295765535722,0.27627214774851444,0.42638331483400904,0.046031756233256615,0.420373856424909,0.35250474645544677,-4.034871985906979,-4.449060085133224,-1.006994073893422,0.0363017002933239,-0.000872693810959819
0.33,0.011946476707055181,1.492629112754891,-0.9990597493147803,-0.5407746467227971,0.0012271865482474512,-4.6789552200761444e-05,0.06865452903075538,-0.028351652910310658,0.022791220462923926,0.0028658474848942826,0.007081930784534312,-6.339767857045355e-05,0.18551154183392984,0.17537548093770247,0.284561384178408,0.44754698887641386,0.04359015874166172,0.449436859099785,0.3581039925049495,-4.0130225421059365,-4.431530492152967,-1.0011022592348522,0.03690203882624751,-0.0007790127281747054
0.34,0.012645349168326275,1.492366765515732,-0.9988040012531665,-0.5407363932647944,0.0012993174144092878,-4.7226188482918995e-05,0.06988724612710943,-0.026234723915894206,0.02557480616137706,0.0038253458002633716,0.007213086616183658,-4.3663628215755355e-05,0.17338234862827254,0.20170526185881565,0.29142123937120606,0.4655866856033044,0.041023575747416,0.47570797282964544,0.36327187326318944,-3.9906437142267763,-4.413845467870939,-0.995116806596631,0.03745788416119613,-0.0006810332642482253
0.35000000000000003,0.013355683762485158,1.4921278457397247,-0.9985196681594077,-0.5406882204727829,0.0013726706131238539,-4.745788688230188e-05,0.07103345941588836,-0.02389197760073222,0.028433309375870786,0.004817279201156391,0.007335319871456603,-2.3169839938288404e-05,0.1611593071325424,0.2269670413335841,0.29674025796635745,0.48036191919256943,0.03833457065858603,0.4990245430080406,0.3680059504725479,-3.9678859871084713,-4.396115871518394,-0.9890774905623506,0.037968743015481504,-0.0005793276587723938
0.36,0.014076609257635611,1.4919144798299548,-0.9982061693593093,-0.5406298658296012,0.0014471557916142345,-4.747824035930735e-05,0.07209254951504523,-0.021336590976982213,0.0313498800098498,0.005835464318173762,0.007448517849038076,-2.035347700546906e-06,0.14885557344704364,0.2509852675047533,0.30041819669959235,0.49175594357315866,0.03552683655215527,0.5192423279237636,0.3723040749004196,-3.944901933803931,-4.378454661159781,-0.9830248713296508,0.03843415616676382,-0.0004744945439161262
0.37,0.014807249076185577,1.4917286473239115,-0.9978631011489877,-0.540561131513903,0.001522681563601529,-4.728207848668442e-05,0.07306398185499659,-0.018583250604330907,0.03430682103215966,0.006873431569817288,0.00755257719872946,1.9616187262292414e-05,0.13648332453804582,0.2735950798725659,0.30236668929738064,0.4996765544635946,0.032605179200407064,0.5362363879450516,0.3761643561701416,-3.921845071497573,-4.3609761059717576,-0.9770000054720736,0.038853697951135184,-0.0003671552359580892
0.38,0.015546722078621462,1.4915721669897986,-0.997490243980835,-0.5404818867904617,0.0015991556016047967,-4.686550607208875e-05,0.07394730024358862,-0.015648033411306616,0.0372857168152768,0.0079244723441276,0.007647403800326753,4.165724145956733e-05,0.12405376503700184,0.2946432414287725,0.30250984226670397,0.5040567197175148,0.029575483983826922,0.5499018528992448,0.3795851349865308,-3.898868717468911,-4.343794988826898,-0.9710441533236226,0.03922697589513024,-0.00025794988319969637
0.39,0.016294143284445194,1.4914466841950702,-0.9970875683179288,-0.5403920699130385,0.0016764847279819054,-4.622593388642273e-05,0.07474212058237303,-0.01254827947283736,0.040267566290616896,0.008981687742328099,0.007732912637710879,6.39572185666023e-05,0.11157714676860214,0.31398900830967447,0.30078475738971094,0.5048550338588504,0.026444667525832743,0.560154562978519,0.382564958195961,-3.876124855350187,-4.327025804709321,-0.9651984851124185,0.03955363049834981,-0.00014753349438271135
0.4,0.017048624532662784,1.491353659619946,-0.996655239116874,-0.540291689527295,0.0017545750046914588,-4.5362101303291145e-05,0.0754481248217589,-0.00930245751242899,0.04323292010546976,0.010038038574344136,0.007809027670955328,8.63832583131583e-05,0.09906280169625818,0.3315049269554515,0.29714197704997297,0.5020559938561586,0.023220615075498607,0.5669315793336892,0.3851025570675419,-3.853763021903255,-4.310781960513793,-0.959503787977208,0.03983333518033632,-3.6571872482652965e-05
0.41000000000000003,0.01780927508509049,1.4912943593801145,-0.9961936189075459,-0.5401808255644406,0.0018333318217893715,-4.427409070537319e-05,0.0760650552427705,-0.005930023983139859,0.046162020932820264,0.01108639628544337,0.007875681709791277,0.0001088010597917957,0.08651918834246076,0.3470775493675422,0.291545848844562,0.4956700943707779,0.01991210485430589,0.5701915613653435,0.3871968291227522,-3.8319292243671677,-4.295174981766361,-0.954000175990338,0.040065796401955976,7.426252066002233e-05
0.42,0.01857520217658948,1.4912698466135175,-0.9957032694469851,-0.5400596296195965,0.0019126599847096581,-4.2963333564791174e-05,0.07659270914989921,-0.0024512766597058135,0.04903494605607928,0.012119594484409225,0.007932816292028664,0.0001310757140582012,0.07395395122697954,0.36060805779244065,0.2839748062711133,0.4857337419003396,0.016528720760160598,0.5699150085950371,0.3888468237769451,-3.810764898105355,-4.280313731754139,-0.9487268052835145,0.04025075396789837,0.0001842947429784354
0.43,0.019345511517124936,1.4912809745760818,-0.9951849519337271,-0.5399283248122297,0.001992463800415315,-4.143260815634909e-05,0.07703093405354551,0.001112796256424956,0.05183175132579769,0.013130480736679766,0.007980381570565692,0.00015307254084420858,0.061373992444568246,0.37201279102266893,0.2744215626379127,0.4723089884089551,0.013080754977688347,0.566104365870628,0.39005173198863513,-3.7904059138147064,-4.266303648464887,-0.9437215963286305,0.040387981513074246,0.00029285156792785406
0.44,0.02011930775124843,1.4913283812806604,-0.9946396257780772,-0.5397872051294215,0.0020726471625400244,-3.9686028914513e-05,0.07737962341234964,0.004740670457848765,0.05453261556499824,0.01411196828083171,0.008018336212470919,0.00017465792418360892,0.048785554160483795,0.38122366548972764,0.26289321572366825,0.4554830861991639,0.009579102176773241,0.5587839915440052,0.3908108800426527,-3.7709816429560896,-4.253246004614274,-0.9390209653657026,0.04047728717176934,0.000399265671083266
0.45,0.020895694881206132,1.4914124857023379,-0.9940684459332362,-0.5396366342561841,0.0021531136356732674,-3.7729027496902125e-05,0.07763871299577005,0.008410442167752191,0.05711798448410143,0.015057087323738746,0.008046647313324289,0.00019570014176108788,0.03619431052730046,0.3881884854165369,0.24941126111871914,0.4353678669317871,0.006035147080918568,0.5479999891325129,0.39112372752232544,-3.7526140893383206,-4.24123719588147,-0.9346595668944221,0.04051851442447509,0.0005028797813901114
0.46,0.021673776660366195,1.49153348556179,-0.9934727588016776,-0.5394770439004966,0.002233766538969119,-3.556832566854137e-05,0.0778081779160062,0.012099985945227185,0.0595687131558602,0.015959035568756316,0.008065290329585187,0.00021607018283607542,0.023605467314222375,0.39287113748718305,0.23401151262241376,0.41209894881823983,0.002460647253393622,0.5338199038426531,0.39098986945514236,-3.735417093948119,-4.2303680622824205,-0.9306700490556674,0.040511543113458726,0.000603050771104322
0.47000000000000003,0.022452656964027727,1.4916913566866672,-0.9928540967407219,-0.5393089316241718,0.002314509029281554,-3.321190017188328e-05,0.0778880303661531,0.015787112487701857,0.06186620609557536,0.016811227632471244,0.008074249031243456,0.0002356425496658093,0.011023867385476917,0.3952516667626271,0.2167439285463242,0.385834777125992,-0.0011323870169639982,0.5163322861820929,0.3904090425470897,-3.719495619184199,-4.220723247386711,-0.9270828236257853,0.04045629061444234,0.0006991536588551741
0.48,0.023231440144914475,1.4918858539391382,-0.992214171200797,-0.5391328581940822,0.0023952441840458154,-3.066893979733094e-05,0.07787831808867485,0.019449725247107506,0.06399255399248885,0.0176073430089602,0.008073515476426155,0.00025429603745523444,-0.001545899934551816,0.3953262319063392,0.19767234329700067,0.3567555041945538,-0.004731813855145969,0.4956461257130121,0.38938113535426805,-3.7049451176411985,-4.212380599828831,-0.923925852230426,0.04035271314831119,0.0007905855008249646
0.49,0.024009231380766702,1.4921165136859174,-0.9915548645393472,-0.53894944447162,0.002475875084135836,-2.794979491737974e-05,0.07777912358522264,0.023065974677922006,0.06593066614498368,0.01834137224622162,0.008063090009002058,0.00027191448799511995,-0.014099387618524927,0.39310693916182576,0.17687410416932048,0.32506171622646884,-0.008325480128601973,0.4718901588013452,0.38790620217768657,-3.6918509895193776,-4.205410621279986,-0.9212244502575814,0.040200807213649305,0.0008767691457596275
0.5,0.02478513702142478,1.4923826577754187,-0.9908782205626929,-0.5387593678615448,0.0025563048969315305,-2.5065919794248892e-05,0.07759056406580776,0.02661440895012812,0.06766439766542157,0.019007661007523796,0.008042981279569443,0.00028838751231308494,-0.026632179822357847,0.3886215559253209,0.1544396138956255,0.29097301511036333,-0.011901339201098399,0.4452120549806592,0.38598448040932987,-3.680288131628559,-4.19987596473341,-0.919001109812346,0.040000611118170964,0.0009571568303993911
0.51,0.025558264942651357,1.492683398975302,-0.9901864338572887,-0.5385633583445357,0.0026364369598270232,-2.2029808015704417e-05,0.07731279212265778,0.030074119988332298,0.06917867054042116,0.019600951700909856,0.008013206289549291,0.0003036111778544474,-0.03913978285752796,0.38191310615858803,0.13047178014639377,0.25472646450927483,-0.015447564457052837,0.415777487283597,0.3836164110057367,-3.67032057983156,-4.195830986616213,-0.9172753429101691,0.0397522065848377,0.0010312335929427447
0.52,0.026327724913671306,1.493017647812697,-0.9894818379806946,-0.5383621941208051,0.002716174864401594,-1.8854921456407145e-05,0.07694599710199498,0.03342488373951622,0.07045958765941583,0.020116422373061507,0.007973790457457074,0.0003174886559297271,-0.05161752011560307,0.3730393512656166,0.10508537387111239,0.21657491038608878,-0.01895265707089605,0.3837690925827219,0.38080266172022037,-3.6620012456544266,-4.1933213558761695,-0.9160635459523203,0.039455720406676505,0.0010985204833234001
0.53,0.027092628985028424,1.4933841207489533,-0.988766892591108,-0.5381566968950137,0.002795422541459666,-1.555561320228653e-05,0.0764904071357117,0.0366472936256325,0.07149453895866204,0.02054972257914951,0.00792476770580717,0.00032993082541206143,-0.06406043268145159,0.36207216139062265,0.07840629910405064,0.176785187003621,-0.022405546656938558,0.34938532863017197,0.3775441526872111,-3.655371746698923,-4.19238372280409,-0.9153788863682205,0.039111326123070646,0.0011585775503806742
0.54,0.027852091902875218,1.4937813496109813,-0.9880441696024114,-0.5379477268354316,0.002874084347124982,-1.2147044912892423e-05,0.07594629178467933,0.0397228862028038,0.07227229886966238,0.020897005958208568,0.007866180566531598,0.0003408568289394108,-0.07646318720930302,0.34909678336026556,0.05057077762003997,0.13563622028305078,-0.025795683611796794,0.3128392350884994,0.37384208392255064,-3.650462329446812,-4.193045449944064,-0.9152312121456153,0.038719245689608404,0.0012110065874300366
0.55,0.02860523155523906,1.4942076921922345,-0.9873163384593083,-0.5377361772427923,0.0029520651501478055,-8.645099131178231e-06,0.07531396523638441,0.04263425812532482,0.07278311431030479,0.02115495926392138,0.007798080302282352,0.0003501945781714193,-0.08881999244638393,0.3342110126689681,0.021724452614402187,0.09341704116798877,-0.02911312215372097,0.2743571063933106,0.3696979642822275,-3.6472918820638442,-4.19532440701704,-0.9156269848024968,0.038279751113446996,0.0012554536192824982
0.56,0.02935116945515774,1.4946613439282235,-0.9865861506341693,-0.5375229689665579,0.003029270420553257,-5.066287081501653e-06,0.07459378999186782,0.04536517359890591,0.07301878251389722,0.021320827623433975,0.0077205270405451346,0.0003578812049676578,-0.10112452557783183,0.3175242779720956,-0.007978583618088002,0.05042472235557882,-0.032348593266746384,0.234177084792194,0.36511364140918295,-3.645868033910347,-4.199228831340509,-0.9165692361855675,0.03779316602656942,0.0012916111154086442
0.5700000000000001,0.030089031264864226,1.495140350544247,-0.9858564234536136,-0.5373090446083393,0.003105606319724562,-1.427652524595164e-06,0.07378618097064867,0.04790066160237183,0.07297271805557519,0.02139243582186547,0.007633589917130508,0.00036386345569064887,-0.11336986934063994,0.29915664748903315,-0.03837683222924182,0.006962252406202407,-0.03549356696479217,0.19254768235123704,0.36009133219338,-3.646187337659058,-4.204757254771391,-0.9180575493100843,0.03725986717025655,0.001319219915684055
0.58,0.030817947364439213,1.4956426215668364,-0.9851300233685429,-0.5370953625539654,0.0031809797919778887,2.2533277373199318e-06,0.07289160995749884,0.05022710225893576,0.07264000850705989,0.02136820543738815,0.007537347225332668,0.00036809802619150954,-0.12554846061982883,0.279237767511708,-0.0693024940157724,-0.03666363820024621,-0.03854030349734083,0.14972624111365507,0.3546336532740512,-3.6482355292205906,-4.211898497733164,-0.9200880632862676,0.03668028576552522,0.0013380708569757337
0.59,0.03153705346755542,1.4961659445852933,-0.984409848786252,-0.5368828908771555,0.003255298657646477,5.958846091380683e-06,0.07191061031162077,0.05233230184568894,0.07201745822909394,0.021247167680994935,0.007431886566858851,0.0003705518354060751,-0.13765205100267222,0.25790574384986564,-0.10058263192913668,-0.08014468399895286,-0.04148189332186125,0.10597734093274554,0.348743651124506,-3.6519878600911975,-4.220631730415393,-0.9226535022093211,0.03605490874614307,0.001348006090721561
0.6,0.032245491286124944,1.496708000145708,-0.983698812587296,-0.5366726011588939,0.0033284717076518294,9.6708684501073e-06,0.07084378185695235,0.05420555604147416,0.07110361989560508,0.021028971826149854,0.0073173050005352295,0.00037120223587266163,-0.14967167953328564,0.23530597751246965,-0.13204038182669697,-0.12317330899459092,-0.044312285859553824,0.061571164782387666,0.3424248312784511,-3.6574094962717494,-4.23092660075707,-0.9257432277244472,0.035384279833059945,0.0013489200836039506
0.61,0.032942409244844255,1.4972663771569799,-0.9829998244529543,-0.5364654622674321,0.003400408799499686,1.337124004887536e-05,0.06969179587193139,0.05583770112719018,0.06989881343417029,0.02071388914618872,0.00719370918478565,0.00037003715987680606,-0.1615976576853372,0.2115899662196629,-0.16349620270508314,-0.16544485288948738,-0.047026307230613185,0.016781831573701264,0.3356811862816899,-3.6644559775631627,-4.242743428348055,-0.92934331481614,0.03466900043162225,0.0013407602954117175
0.62,0.03362696324582444,1.4978385886866512,-0.982315773131325,-0.5362624341443182,0.003471020954599224,1.7041792052181805e-05,0.06845540009801851,0.057221152967133065,0.06840513216293422,0.020302812311385244,0.007061215509953816,0.00036705520033064457,-0.17341956636000103,0.18691408345627397,-0.19476915705352338,-0.20665978309233518,-0.04961966732754686,-0.028114293333946938,0.32851722198344957,-3.6730737308211365,-4.256033462909107,-0.9334366502133784,0.03390973033568409,0.001323527530207503
0.63,0.03429831748270937,1.4984220880237868,-0.9816495087712853,-0.5360644616419914,0.0035402204567661385,2.0664448311210858e-05,0.06713542368849244,0.058349933713568974,0.06662643600396499,0.019797250232678854,0.006919950216691446,0.00036226562590290537,-0.1851262645246131,0.16143834672172458,-0.22567821141890113,-0.2465258764673764,-0.05208895672642444,-0.07284029962467792,0.3209379818163859,-3.683200630647875,-4.270739205543896,-0.9380030526500391,0.033107188225616216,0.0012972759589587033
0.64,0.03495564530293305,1.4990142848866643,-0.9810038254537236,-0.5358724684582422,0.003607920951734698,2.4221331614477215e-05,0.0657327820223679,0.0592196862877438,0.06456833175617374,0.019199318374913038,0.006770049496855962,0.00035568833032663584,-0.1967059089372017,0.13532518640060462,-0.25604354683927966,-0.2847603547644306,-0.05443163405827267,-0.11712043517777845,0.31294906875254946,-3.694766601003994,-4.286794790499806,-0.9430194140736896,0.03226215195016095,0.0012621128138345344
0.65,0.03559813011605898,1.4996125616546392,-0.9803814440485601,-0.5356873512122555,0.003674037547471128,2.76948687767119e-05,0.0642484813125935,0.059827676797474846,0.062238140516342515,0.01851172459867408,0.006611659573642982,0.00034735371622346845,-0.20814598425722045,0.10873822628938425,-0.2856878684603585,-0.3210919578323811,-0.05664600455828739,-0.16068180054409026,0.30455666466311926,-3.707694251330406,-4.304126424731771,-0.9484598607566828,0.03137545858501229,0.0012181977564076612
0.66,0.03622496634548703,1.5002142895061685,-0.9797849955241259,-0.5355099737059944,0.0037384869150512245,3.1067893918638594e-05,0.06268362294280509,0.06017278515293725,0.05964485244342154,0.017737750626108422,0.006444936758009659,0.0003373025141926692,-0.21943334272391768,0.0818410862734626,-0.3144377034211367,-0.3552629389837382,-0.058731190586684745,-0.20325602448154326,0.2957675468515,-3.721899540966451,-4.322652882138584,-0.9542959331318486,0.03044800426384068,0.0011657419240130498
0.67,0.036835360420213736,1.5008168443485388,-0.9792170048324471,-0.5353411614133737,0.00380118738983937,3.432374930181431e-05,0.06103940747267052,0.060255484237035244,0.05679906916788216,0.016881229262068524,0.006270047478814558,0.00032558553831757154,-0.23055425249265607,0.054796216974848815,-0.342124675997907,-0.38703096724684505,-0.06068709496485214,-0.24458091041737096,0.2865891015714066,-3.7372924659234092,-4.342286048937346,-0.9604967830517237,0.029480743780172017,0.0011050066604968958
0.68,0.037428531802794665,1.5014176224292763,-0.9786798754899133,-0.5351816962380019,0.0038620590726843335,3.7446383098203903e-05,0.05931713825809301,0.06007780807376579,0.05371293425337628,0.01594651753717857,0.00608716828449636,0.00031226337963895923,-0.2414944536558174,0.027763775401044383,-0.3685867490087742,-0.41617092179876125,-0.06251435799938032,-0.2844020438861061,0.27702933438288674,-3.7537777624073048,-4.362931516262581,-0.9670293870558031,0.02847468996101277,0.0010363019395228622
0.6900000000000001,0.038003714049185434,1.5020140555244403,-0.9781758749677031,-0.5350323115782661,0.003921023930829591,4.042044349351996e-05,0.05751822463907671,0.059643309516394794,0.050400052221022604,0.01493846597357956,0.005896485814525765,0.00029740603953160575,-0.2522392209375307,0.0009005497408614724,-0.39366942064133414,-0.4424765644921764,-0.0642143090756866,-0.32247435124118473,0.267096877239071,-3.771255621865849,-4.3844892157249,-0.9738587741252331,0.027430912815348936,0.0009599844904798443
0.7000000000000001,0.03856015589573283,1.5026036256049045,-0.977707121000242,-0.5348936877361983,0.003978005898222412,4.3231368546462425e-05,0.0556441846547393,0.058957008046418645,0.04687539674610074,0.013862384206789695,0.005698196739282069,0.0002810925052942467,-0.2627734320392862,-0.025641059503326263,-0.41722686614512144,-0.4657620772001325,-0.06578891369222584,-0.35856360023510436,0.25680099223409936,-3.789622412746193,-4.4068540933433225,-0.9809482663093431,0.026350538462606203,0.0008764556388442285
0.71,0.039097122368249214,1.5031838788882421,-0.9772755689129259,-0.5347664477039186,0.004032930974896584,4.586547125268482e-05,0.053696647251639,0.058025328333762706,0.04315520873161605,0.01272400322796972,0.005492507667417176,0.00026341027062223946,-0.2730816406234684,-0.05171399586267115,-0.43912301424764233,-0.48586345158954614,-0.06724071678198107,-0.39244783341822564,0.24615157197766752,-3.808771404576345,-4.429916816977645,-0.988259730523766,0.025234747847826602,0.0007861588745798679
0.72,0.03961389590783057,1.5037524391908248,-0.9768830000624065,-0.5346511533585232,0.004085727325098251,4.8310019292422284e-05,0.051677353958135365,0.05685603025826312,0.03925688505194389,0.011529434539533576,0.005279635020166663,0.00024445480397374637,-0.2831481529518747,-0.07717743557325045,-0.4592325486895122,-0.5026397199859913,-0.06857278312923554,-0.42391872571385864,0.23515913659357832,-3.8285934904094976,-4.453564512135504,-0.9957538397462079,0.024084775251689818,0.0006895771638008899
0.73,0.04010977750786876,1.504307020502147,-0.9765310114739914,-0.5345483020930913,0.004136325373822667,5.055330897404578e-05,0.049588160003819264,0.05545813113222185,0.03519885884150881,0.010285126543182869,0.005059804872441547,0.00022432896816234967,-0.2929571072420249,-0.10189760444542134,-0.4774418259344051,-0.515974017137464,-0.0697886356434203,-0.4527828579839176,0.2238348273684651,-3.8489779040822167,-4.477681520814915,-1.0033903417735397,0.02290190660459713,0.0005872300204672118
0.74,0.04058408785655915,1.5048454387110863,-0.9762210067512191,-0.5344583239080636,0.004184657901431462,5.2584732922139425e-05,0.047431034869038984,0.05384182089393833,0.03100047227721911,0.008997818502776247,0.0048332527608795335,0.00020314239480936425,-0.3024925548628036,-0.12574851981185203,-0.49364970088148247,-0.5257744639339252,-0.0708921921979404,-0.47886289891011125,0.21219039710240564,-3.8698129291224483,-4.502150177868838,-1.011128333653172,0.021687477614862116,0.0004796703563215404
0.75,0.04103616847911069,1.5053656224217167,-0.9759541883225363,-0.5343815789836167,0.004230660136024914,5.439484109780423e-05,0.045208062255154606,0.05201837106302393,0.026681842868278557,0.007674492444689154,0.004600223459345225,0.00018101081756648072,-0.31173854255807676,-0.14861265539724847,-0.5077682532746205,-0.5319748655171233,-0.07188770168718528,-0.5019986880541385,0.20023819723564779,-3.89098659649073,-4.52685159924547,-1.018926539863042,0.02044287172164432,0.0003674811286022567
0.76,0.04146538287382402,1.5058656228043226,-0.9757315510793136,-0.534318355749864,0.00427426984325134,5.5975394780512295e-05,0.04292143947133263,0.05000003826059974,0.022263724322274157,0.006322323375274179,0.004360970722642579,0.00015805536827080598,-0.3206791949594126,-0.17038152785170566,-0.5197234084651136,-0.5345352176471108,-0.0727796798971112,-0.5220482135773101,0.18799116184536843,-3.9123873686387856,-4.55166647636745,-1.026743592288216,0.019169517883660663,0.0002512718062717323
0.77,0.04187111763620835,1.5063436224353415,-0.9755538774482989,-0.5342688694677789,0.00431542741324571,5.7319413184713696e-05,0.040573476238432556,0.047799963101882295,0.01776736310146912,0.0049486282085094094,0.004115756999436998,0.00013440184042013976,-0.32929879672228973,-0.19095620451098413,-0.5294554472184516,-0.5334420167086615,-0.07357284573381251,-0.5388884787058682,0.17546278862367665,-3.9339048076179335,-4.576475870865867,-1.0345383100283942,0.017868888214953103,0.00013167467657797347
0.78,0.04225278356535677,1.5067979430880019,-0.9754217339301237,-0.5342332613297112,0.004354075944401508,5.8421212430246505e-05,0.0381665929148422,0.045432065266037616,0.013214351817521872,0.0035608138067742216,0.0038648531155797885,0.00011017992455328077,-0.33758187369189696,-0.21024773267374205,-0.5369194003469915,-0.5287083703342623,-0.074272058304103,-0.5524162517205966,0.16266711696337327,-3.9554302251609865,-4.601162003881424,-1.0422699770697177,0.016542495479128033,9.341014713465639e-06
0.79,0.042609816746886915,1.5072270524433964,-0.9753354691237629,-0.5342115980842727,0.004390161323693356,5.927643663313188e-05,0.03570331815301476,0.042910935539442925,0.008626480636070894,0.002166324543848158,0.003608537929184829,8.552242028853722e-05,-0.3455132725711674,-0.22817749131376425,-0.5420853250913831,-0.5203739072288522,-0.07488225530106463,-0.5625486949354292,0.1496187032917776,-3.976857312794229,-4.625609034185491,-1.049898615866339,0.0151918904535549,-0.00011506285985635992
0.8,0.04294167960687681,1.5076295696995425,-0.9752952132450171,-0.5342038721862563,0.004423632303282648,5.9882080932249e-05,0.03318628599898959,0.04025172561461555,0.0040255878745796975,0.0007725898016335908,0.0033470979589291933,6.056442991171238e-05,-0.35307823862286014,-0.2446774666645658,-0.5449384613394087,-0.508504486437265,-0.07540839311272651,-0.5692238688652087,0.13633259380572232,-3.998082750111472,-4.649703819457641,-1.0573852549023621,0.013818659175063634,-0.00024085961615562707
0.81,0.04324786193138074,1.5080042700636327,-0.9753008791352421,-0.5342100024681486,0.004454440573154047,6.0236506317371625e-05,0.030618232450393364,0.03747003640902291,-0.0005665890224950043,-0.0006130281892332734,0.00308082698713985,3.5442538512262456e-05,-0.360262490987789,-0.2596904535256261,-0.5454792669474894,-0.49319170795735756,-0.07585538904499955,-0.5724011085319288,0.12282429477302234,-4.01900678936319,-4.673336655183481,-1.0646921883430136,0.012424420078747094,-0.0003673650087902861
0.8200000000000001,0.043527881846294546,1.5083500881201,-0.9753521647448188,-0.534229835325746,0.004482540829546967,6.0339446174795494e-05,0.028001991491380725,0.03458180564673429,-0.005128560957670603,-0.001983285759737075,0.0028100256392919443,1.029398574238686e-05,-0.36705229524106026,-0.27317018444487007,-0.5437233326089415,-0.4745522282397716,-0.07622806603149668,-0.572061269631992,0.10910974057776435,-4.039533814485907,-4.696401985805932,-1.0717832259352185,0.011010821041589132,-0.0004938920142350424
0.8300000000000001,0.043781286752552016,1.508666120074323,-0.9754485570643331,-0.5342631464064188,0.004507890838962826,6.019200451797874e-05,0.025340490625747128,0.03160319542230571,-0.009639231951432802,-0.003331108067278406,0.0025350009415859237,-1.474416568167561e-05,-0.37343453283759453,-0.28508138913686754,-0.5397011778625564,-0.4527268857581839,-0.07653110019061016,-0.5682068430705455,0.09520525969890825,-4.059572872627564,-4.718799082973574,-1.0786239313820498,0.00957953634282162,-0.0006197549809560242
0.84,0.04400765421187298,1.5089516248787351,-0.9755893374652341,-0.5343096427847234,0.00453045149754579,5.979664592193649e-05,0.022636745932096438,0.02855048044122254,-0.014078040090103536,-0.004649637830451843,0.0022560658582963912,-3.953585960422476e-05,-0.37939676711688886,-0.2953997866098103,-0.5334579309569716,-0.42787964340552076,-0.07676897158466334,-0.5608619371680303,0.08112753882415834,-4.079038176122444,-4.740432685979661,-1.0851818474925323,0.008132263553180072,-0.0007442737679377393
0.85,0.04420659277854826,1.5092060242547887,-0.975773588400958,-0.5343689656063703,0.0045501868856518,5.9157177231261096e-05,0.019893856667528395,0.025439937605359814,-0.018425093572386173,-0.005932282164685686,0.0019735388106009834,-6.394686906753959e-05,-0.3849273055463487,-0.3041120125088673,-0.5250528963602671,-0.4001963559798525,-0.07694591853354571,-0.5500721276419451,0.06689358531390353,-4.097849572744994,-4.761213599773141,-1.091426706497783,0.006670720365580249,-0.0008667778462622802
0.86,0.044377742773037014,1.509428901630647,-0.9760002014092349,-0.5344406931780508,0.004567064317437878,5.827872116226486e-05,0.017114999448875224,0.022287737585837183,-0.022661300827696754,-0.00717275716804638,0.0016877431786078332,-8.784560689962375e-05,-0.3900152578836918,-0.31121548415087885,-0.5145590147031405,-0.36988337250802017,-0.07706589583676937,-0.535904176271065,0.05252068824316845,-4.115932981936504,-4.781059246246329,-1.097330624026038,0.005196641380170412,-0.0009866103386198658
0.87,0.04452077699346799,1.5096200000206448,-0.9762678863466281,-0.534524344477328,0.004581054385320989,5.716768196955474e-05,0.014303422043097877,0.019109838999773535,-0.02676849373932029,-0.008365129927721543,0.001399006788311068,-0.0001111039192710121,-0.3946505899341405,-0.31671820564642783,-0.5020622208926021,-0.3371659844516044,-0.07713253725680302,-0.51844561994462,0.038026378262792176,-4.133220794564356,-4.799894164860263,-1.1028682753422436,0.0037117748572132576,-0.0011031319720115839
0.88,0.04463540136147869,1.5097792188784656,-0.9765751817773595,-0.5346193830537429,0.004592130999173177,5.583170339604321e-05,0.011462436801070201,0.015921885782077493,-0.030729543073136474,-0.009503857641489592,0.001107661385218806,-0.00013359785735115307,-0.39882417256940417,-0.3206385153899077,-0.487660706972201,-0.30228673213796764,-0.0771491226165606,-0.4978042325892772,0.023428386534107417,-4.149652233652225,-4.817650459055615,-1.1080170525819997,0.0022178794517906256,-0.0012157249194359203
0.89,0.044721355499195044,1.5099066099616523,-0.9769204664302321,-0.5347252212894882,0.004600271420137394,5.427961917268334e-05,0.008595413771635118,0.012739108318670034,-0.034528465287261625,-0.010583823574522824,0.0008140420964217131,-0.00015520842233598682,-0.40252782566605094,-0.3230047780706471,-0.4714640970728054,-0.26550358285616316,-0.07711854985560884,-0.4741073632360634,0.008744603003818434,-4.165173673423381,-4.8342681853112275,-1.112757201844029,0.0007167209448749258,-0.0013237965070276034
0.9,0.044778413234549994,1.5100023722504865,-0.9773019716300169,-0.5348412249854869,0.004605456288966435,5.2521396379800335e-05,0.005705773535494736,0.00957622888341882,-0.038150519978475114,-0.011600369599878424,0.0005184868829041052,-0.00017582227928830034,-0.4057543566128595,-0.32385502322986176,-0.45359254245223996,-0.22708799507986166,-0.07704331237740969,-0.4475011542531811,-0.006006965702951604,-4.179738913939265,-4.849695682150627,-1.1170719391491541,-0.0007899310141642537,-0.0014267827639370652
0.91,0.04480638303256159,1.5100668459694606,-0.9777177946030846,-0.5349667182364937,0.004607669648805892,5.0568072025506965e-05,0.002796979801159679,0.006447371897412063,-0.04158229730677391,-0.01254932510067075,0.00022133598394569583,-0.00019533243542933665,-0.4084975930336417,-0.3232365322794443,-0.4341757451858271,-0.18732288412148534,-0.07692548199692828,-0.41814964448919867,-0.020808238483942542,-4.193309408602317,-4.863889836855967,-1.120947544426124,-0.00230030613809101,-0.0015241517931971096
0.92,0.04480510835063938,1.510100505764518,-0.9781659125513725,-0.5351009885569226,0.004606898962361095,4.843168323807016e-05,-0.00012746819222070284,0.0033659795057459237,-0.044811794828787985,-0.01342703204288945,-7.70686444796861e-05,-0.00021363887874368046,-0.4107524093759768,-0.32120537582017267,-0.41335191951309375,-0.14650050526458092,-0.0767666977651964,-0.386233762789169,-0.03564110176068044,-4.205854441834482,-4.876816288124504,-1.1243734328444257,-0.0038126366894921425,-0.0016154069429150243
0.93,0.04477446791646071,1.5101039530939517,-0.9786441973840034,-0.5352432922175205,0.004603135123407767,4.612519150799803e-05,-0.003064043417866757,0.00034473294335955187,-0.04782848326309585,-0.014230366059796823,-0.00037638389533279704,-0.0002306491730072138,-0.4125147470301342,-0.31782590306443126,-0.39126670018941734,-0.10492027098936174,-0.07656816090314122,-0.351950218004155,-0.050487450980150284,-4.217351254348769,-4.888449563391902,-1.127342202980432,-0.005325160609542367,-0.001700089758347486
0.9400000000000001,0.04471437592745376,1.5100779078953235,-0.9791504309920503,-0.5353928597517352,0.004596372462626656,4.3662401451806995e-05,-0.006009198900695384,-0.0026045198628325502,-0.05062336080469036,-0.014956753421471614,-0.0006762660781111137,-0.00024627900561910313,-0.41378162766796767,-0.313170185191456,-0.3680720074299409,-0.06288651930326772,-0.07633063601918999,-0.3155102922568404,-0.06532923131766158,-4.227785113606123,-4.898773150044528,-1.1298496614745273,-0.00683612457174625,-0.0017777826967553434
0.9500000000000001,0.04462478217143858,1.5100231995949864,-0.9796823209490602,-0.5355489015896963,0.004586608747763789,4.105787460269362e-05,-0.008959375601518282,-0.005470830033702042,-0.053188995700981345,-0.01560418379610147,-0.0009763714862866841,-0.0002604526849113374,-0.4145511595303856,-0.30731741454543693,-0.3439248781500399,-0.020706250505909907,-0.0760544587166081,-0.27713854481607747,-0.08014847728477602,-4.237149327297238,-4.907779500245823,-1.1318948240119793,-0.008343786944761435,-0.0018481115883880804
0.96,0.0445056720685071,1.5099407575307373,-0.9802375165180286,-0.5357106137771233,0.004573845178140221,3.8326838763479325e-05,-0.011911010293148,-0.00824420642490709,-0.055519556896848864,-0.01617121874269458,-0.0012763569623567552,-0.0002731035839214301,-0.4148225364451185,-0.30035326174012505,-0.3189862732450425,0.021313150225273914,-0.0757395496143416,-0.23707143448015816,-0.09492735095408804,-4.245445198010714,-4.915469969605519,-1.1334798926379113,-0.00984642064885842,-0.0019107478285052427
0.97,0.044357066634762674,1.5098316008617785,-0.9808136248445336,-0.5358771837362011,0.004558086373558194,3.5485093484040336e-05,-0.01486054337444248,-0.010915666895882404,-0.05761083265050289,-0.01665699590777954,-0.0015758804582027448,-0.00028417452794389866,-0.41459602942423396,-0.2923691929497768,-0.29341987056837404,0.06286618701201219,-0.07538543471296433,-0.19555586887089244,-0.10964817852539172,-4.252681917643899,-4.921854690420852,-1.134610209595314,-0.011342315891290214,-0.001965410286995026
0.98,0.044179022369083484,1.5096968280435008,-0.9814082272156778,-0.5360477960255116,0.004539340357674385,3.2548912248822714e-05,-0.017804426567919186,-0.013477281827761292,-0.05946023711442046,-0.017061228931051244,-0.001874601588380912,-0.0002936181235217621,-0.41387297077274426,-0.2834617499530347,-0.26739085311338634,0.10365150702177628,-0.07499127193566713,-0.15284768948643662,-0.1242934849754878,-4.258876400577993,-4.926952380711376,-1.1352941880531076,-0.012829782766840258,-0.0020118669238888775
0.99,0.04397163106461484,1.5095376059475747,-0.9820188952653348,-0.5362216380564776,0.004517618535935275,2.9534941979834113e-05,-0.020739130446864516,-0.015922209592618874,-0.061066804965709,-0.017384203096607657,-0.002172182173911008,-0.00030139702689886016,-0.4126557307346812,-0.27373179584121426,-0.24106470165775162,0.14337411688336266,-0.07455588356579579,-0.10921010176024903,-0.13884602655659684,-4.264053055169493,-4.930790090750359,-1.1355432202674292,-0.014307153711089463,-0.0020499361008847958
1.0,0.043735019547225557,1.5093551587104195,-0.9826432070079066,-0.5363979057244493,0.004492935668194343,2.646010047658807e-05,-0.023661151738928143,-0.018244723715530497,-0.06243117425718476,-0.017626766797171723,-0.0024682867740931603,-0.00030748415032460434,-0.410947686809556,-0.2632837297019547,-0.2146060008059099,0.18174754530523218,-0.07407779418940552,-0.06491205970149333,-0.15328882093590798,-4.268243493698256,-4.933402889261087,-1.1353715638919102,-0.015772785795484974,-0.002079487580869999
1.01,0.04346934934367474,1.5091507563952793,-0.9832787625853436,-0.5365758089135322,0.004465309836155603,2.334147242675436e-05,-0.02656702035508182,-0.020440231514014567,-0.06355555774369545,-0.017790318908280266,-0.002762583203874007,-0.000311862804983371,-0.4087531859875013,-0.2522246740341296,-0.18817726698930334,0.21849593603400885,-0.0735552736375551,-0.020226614981951163,-0.16760517480086312,-4.271486181549162,-4.9348334918927845,-1.1347962073203397,-0.017225062855082237,-0.002100443209364021
1.02,0.043174816282718985,1.5089257035548127,-0.9839231996155163,-0.5367545768355094,0.004434762405812544,2.0196204629672566e-05,-0.029453306095575178,-0.022505284046655277,-0.06444370301727005,-0.017876792197726126,-0.003054743034305825,-0.0003145267797081793,-0.4060775002729746,-0.24066363912231023,-0.16193780653736942,0.2533560559278909,-0.07298638431136961,0.02457075945807813,-0.18177870879089647,-4.273826027078813,-4.935131835014411,-1.133836715106251,-0.018662397441841644,-0.0021127772737742027
1.03,0.04285165003283749,1.508681327782271,-0.9845742080341074,-0.5369334631647329,0.004401317985075529,1.7041401079363055e-05,-0.03231662498814937,-0.02443757725416391,-0.0651008418591142,-0.01788863292234542,-0.0033444420737015136,-0.0003154803550309512,-0.40292677599107596,-0.22871066909426238,-0.13604261145615537,0.28607920375421847,-0.07236903216689061,0.06920386104652787,-0.1957933796558727,-4.275313914318434,-4.934354598261989,-1.1325150546571745,-0.020083232598551996,-0.002116516538354393
1.04,0.0425001135806549,1.5084189683399536,-0.9852295443269674,-0.5371117509326278,0.004365004376803656,1.3894018554197647e-05,-0.03515364521825917,-0.026235944231755702,-0.06553362928599604,-0.01782877678948398,-0.003631360827187383,-0.00031473825251654083,-0.3993079774936616,-0.2164759748780012,-0.11064130002606534,0.3164330061613816,-0.07170102054062277,0.11339745413865324,-0.20963349958363503,-4.2760061813757755,-4.9325646796437415,-1.130855405545252,-0.021486043450781367,-0.002111739954771789
1.05,0.04212050265449125,1.5081399649536407,-0.9858870450552968,-0.5372887571474678,0.004325852527478686,1.0770763356963286e-05,-0.037961092616364815,-0.027900338631294524,-0.06575007283293884,-0.017700621484001595,-0.003915184932496907,-0.00031232551972343596,-0.39522882600053927,-0.20406905975817236,-0.0858771087941608,0.34420308827418983,-0.07098010591269754,0.1568789611330174,-0.22328375268301212,-4.275964048108369,-4.92983062734428,-1.1288839529093144,-0.022869338616669833,-0.002098578050203436
1.06,0.04171314509775707,1.5078456468610923,-0.9865446395820285,-0.5374638371073021,0.004283896471778357,7.687989841691434e-06,-0.04073575567341778,-0.029431809254840003,-0.06575945267317718,-0.01750799598342726,-0.0041956055700328645,-0.00030827735152718527,-0.3906977344202264,-0.19159784368385743,-0.06188594197062841,0.3691946073800729,-0.07020405463686519,0.19938013782710906,-0.23672920865339037,-4.27525299733318,-4.926226032672143,-1.1266286665451422,-0.02423166143682373,-0.002077211996889835
1.07,0.04127840019713322,1.507537322201417,-0.9872003619143284,-0.5376363883763399,0.004239173273323832,4.661601352371945e-06,-0.04347449006238565,-0.030832465967532283,-0.06557223322998304,-0.017255126903780667,-0.004472319845452554,-0.00030263884893194887,-0.3857237390908586,-0.17916779288757237,-0.03879548367855311,0.39123363929226496,-0.06937069961881037,0.24063872277683737,-0.24995533371651957,-4.273942114499314,-4.9218288888624215,-1.1241190673895056,-0.02557159102899078,-0.002047872369055616
1.08,0.04081665797062401,1.5072162678301513,-0.98785236158416,-0.5378058543977058,0.00419172296189085,1.7069541835919471e-06,-0.046174222650921,-0.032105437126563795,-0.0651999669831652,-0.0169466021365899,-0.004745031143298162,-0.0002954647168779998,-0.3803164294618642,-0.1668810617234312,-0.016724377934935725,0.4101684081178257,-0.06847799589489356,0.2804000505895951,-0.2629479989295721,-4.272103391366784,-4.916720920676263,-1.1213859831986945,-0.026887743174530403,-0.002010837595053439
1.09,0.040328338420644635,1.5068837196422156,-0.9884989134963185,-0.5379717277182429,0.004141588467385854,-1.1612348456754945e-06,-0.0488319549979376,-0.03325481879357342,-0.06465519121584033,-0.016587332053712503,-0.005013449450499599,-0.00028681890292674416,-0.37448587679682277,-0.15483565390634674,0.004218519311451393,0.4258703513784818,-0.0675240740610541,0.318418619293147,-0.2756934860395914,-4.269810999792071,-4.910986889930772,-1.1184612953028332,-0.028178771045890793,-0.0019664321144845587
1.1,0.03981389075729706,1.5065408634815223,-0.9891384266811635,-0.53813355280395,0.004088815550896711,-3.928976636350679e-06,-0.05144476633475716,-0.03428561606933443,-0.06395131848450018,-0.016182508570716344,-0.005277291648914251,-0.00027677417906751844,-0.368242563015938,-0.14312461052191525,0.02393481231614706,0.43823501362966466,-0.06650729051891036,0.3544596021986147,-0.2881784910773932,-4.267140542208224,-4.904713882245153,-1.1153776783827059,-0.02944336578630879,-0.0019150242518857568
1.11,0.03927379259690247,1.5061888267119106,-0.9897694518974393,-0.5382909284276675,0.004033452733132393,-6.5830933287475515e-06,-0.0540098160394599,-0.035203676961168814,-0.06310252162757796,-0.015737562371739466,-0.0055362817764318005,-0.0002654116692396872,-0.3615973108096431,-0.13183523226932725,0.04233715859755835,0.4471827630286645,-0.06542627355154806,0.38830029501283225,-0.3003901259228068,-4.26416828579269,-4.8979905804017525,-1.1121683352655698,-0.0306802569547159,-0.001857023820335596
1.12,0.03870854914069311,1.5058286705192692,-0.9903906880389866,-0.5384435096137572,0.003975551220566846,-9.111296583725723e-06,-0.05652434562093539,-0.0360156192641367,-0.06212361415472909,-0.015258118608976577,-0.005790151256554701,-0.0002528203254978171,-0.3545612161427928,-0.12104834338649521,0.059349780190475515,0.45265932652792473,-0.06427996430742167,0.41973148933529075,-0.31231591810209725,-4.260970387631082,-4.890906529793475,-1.1088667287702076,-0.03188821285032067,-0.001792879470012148
1.1300000000000001,0.03811869233832606,1.5054613830092123,-0.9910009873077968,-0.5385910091277392,0.0039151648295992604,-1.1502260144367032e-05,-0.05898568023670561,-0.03672875100568835,-0.0610299268810302,-0.014749951398195434,-0.0060386390967585085,-0.00023909635606413098,-0.34714558423022596,-0.1108376045839504,0.0749088908520956,0.4546361406731705,-0.06306765186258789,0.44855876412628615,-0.32394380910179454,-4.257622118402233,-4.883551401462389,-1.105506312649104,-0.033066040732514866,-0.001723075798318494
1.1400000000000001,0.03750478004056903,1.5050878731585213,-0.9915993591246706,-0.538733198502119,0.003852349909035942,-1.3745686232467353e-05,-0.06139122977570289,-0.037350985069103206,-0.05983718168737438,-0.014218937437985236,-0.0062814920563318095,-0.00022434260881003213,-0.33936187000026985,-0.10126888207943827,0.08896303744888565,0.45311051626970456,-0.06178900164184764,0.4746036872103069,-0.33526215150045896,-4.254197092224662,-4.876014258228288,-1.1021202636770517,-0.03421258695259078,-0.0016481302396717606
1.1500000000000001,0.03686739514513238,1.504708965671795,-0.9921849727576766,-0.538869908592967,0.0037871652611881006,-1.5832365372311918e-05,-0.06373848954366479,-0.037890748672635456,-0.05856136330060538,-0.013671009084801474,-0.006518464784784169,-0.00020866791398445648,-0.33122162397402427,-0.09239967947553848,0.10147335420968881,0.4481056164357181,-0.060444076608347164,0.49770491942728073,-0.3462597052307754,-4.25076651031393,-4.868382829361682,-1.0987412169209623,-0.035326737014248565,-0.0015685897544167001
1.16,0.036207144739187375,1.5043253967874166,-0.9927571586576215,-0.5390010296651498,0.003719672061865266,-1.7754229274912894e-05,-0.06602504059450078,-0.03835688843783856,-0.057218589994493044,-0.01311210721828717,-0.006749319932283418,-0.00019218639026009765,-0.32273644437634813,-0.08427863876272426,0.11241372896247777,0.439670248834363,-0.059033350777262905,0.5177192146194662,-0.3569256332885294,-4.247398426003833,-4.860742799173613,-1.0954010061953434,-0.03640741558000759,-0.0014850273375674576
1.17,0.03552465924162979,1.5039378110691055,-0.9933154084987772,-0.5391265110074682,0.0036499337795259513,-1.9504396458885247e-05,-0.0682485497557584,-0.03875857183110548,-0.05582498411556731,-0.01254813423183435,-0.006973828233931492,-0.00017501671839723515,-0.31391793616315844,-0.07694511616400089,0.12177088089601308,0.4278784741134356,-0.057557714763933454,0.5345223092646813,-0.3672494972025033,-4.244157038484091,-4.853177114776327,-1.0921304116623312,-0.03745358644042089,-0.0013980383691938308
1.18,0.03482059154762922,1.5035467592110439,-0.9938593739321389,-0.5392463600822873,0.003578016093825919,-2.1077210329160574e-05,-0.07040676940005779,-0.03910518580616396,-0.05439654333616191,-0.011984907481909597,-0.007191768570003216,-0.0001572813870275325,-0.3047776775011565,-0.07042883787180981,0.12954434979823728,0.4128290337968591,-0.05601847324188314,0.5480096962270516,-0.377221252570191,-4.241102022307044,-4.845765318115323,-1.0889589164748814,-0.03846425246243903,-0.00130823682924388
1.19,0.03409561617745936,1.5031526968759306,-0.9943888640674465,-0.5393606412175503,0.00350398681378045,-2.246826948151513e-05,-0.07249753701698583,-0.039406233511325085,-0.05294901353076474,-0.011428113526304292,-0.007402928004546937,-0.00013910591523545542,-0.2953271940749563,-0.0647496399728945,0.13574639713293254,0.3946446020541503,-0.054417334352581115,0.5580972777891817,-0.38683124494878357,-4.238287899321983,-4.838582907185941,-1.0859144742873712,-0.03943845553239956,-0.0012162514004279098
1.2,0.03335042843104545,1.5027559845764002,-0.9949038417090561,-0.5394694738523123,0.0034279157957307063,-2.367445004913226e-05,-0.07451877464139098,-0.039671229953035965,-0.05149776416095906,-0.010883263476187935,-0.007607101804974351,-0.00012061805676171317,-0.28557794142643134,-0.059917296024433804,0.14040181971644208,0.3734708669332897,-0.052756391277675174,0.5647218938526665,-0.3960702063695233,-4.235763459216317,-4.831700731128303,-1.083023289370282,-0.0403752765079634,-0.0011227214834742688
1.21,0.03258574354910279,1.5023568886011383,-0.9954044183794443,-0.5395730303501087,0.0033498748612762765,-2.4693919956835295e-05,-0.07646848819426626,-0.03990959752619281,-0.05005766703881161,-0.010355649779647175,-0.007804093445442966,-0.00010194699077030342,-0.2755412953570372,-0.05593143484756022,0.14354767716569095,0.3494754477505513,-0.05103809634413814,0.5678417219440482,-0.4049292527168176,-4.23357123428757,-4.825184423644435,-1.0803096109656865,-0.04127383519190913,-0.0010282931496017093
1.22,0.03180229588118822,1.5019555829778248,-0.9958908481726291,-0.5396715333975617,0.0032699377153067146,-2.55261449989116e-05,-0.07834476679145679,-0.04013056233133448,-0.048642979318481785,-0.009850304745292048,-0.007993714596956183,-8.322250420763042e-05,-0.26522855024927255,-0.052781550158066105,0.1452329347032113,0.3228466563947894,-0.04926522818913326,0.5674365464323612,-0.4133998821820881,-4.231747033450201,-4.819093878902699,-1.0777955434088824,-0.04213329033907562,-0.0009336150554327347
1.23,0.031000838060455102,1.5015521524558348,-0.9963635204880394,-0.5397652530085968,0.00318817986423502,-2.6171886707290618e-05,-0.08014578207331191,-0.04034305219900347,-0.04726723154103295,-0.009371961103505244,-0.008175785107169457,-6.457417083790174e-05,-0.254650924994229,-0.05044710267374723,0.14551802332546723,0.29379211133207583,-0.04744085265014242,0.5635078951574595,-0.42147397496700273,-4.230319539808877,-4.813482773789008,-1.0755008734197666,-0.04295283970595349,-0.000839334345795969
1.24,0.030182140184403308,1.5011465964825135,-0.9968229517033179,-0.539854503157497,0.0031046785345060493,-2.663319202792508e-05,-0.0818697876051792,-0.04055559733214146,-0.04594312152785166,-0.008925014890018205,-0.00835013297289709,-4.613053206344614e-05,-0.24381957605073312,-0.0488977143408952,0.14447431977573305,0.2625372140638027,-0.04556827817431053,0.5560790424660178,-0.429143794372241,-4.229309975417853,-4.8083981400336535,-1.0734429158364445,-0.04373172015051183,-0.0007460925699316922
1.25,0.029346989000459345,1.500738834137929,-0.9972697758521544,-0.5399396380667144,0.003019512591423422,-2.69133748742367e-05,-0.08351511839439626,-0.040776234458438546,-0.04468241488364453,-0.008513490921743035,-0.008516594308262711,-2.801828463116209e-05,-0.23274561701331034,-0.04809345332500858,0.14218354921548287,0.22932349869131047,-0.04365100664729882,0.5451948784684371,-0.4364019893672102,-4.2287318361080155,-4.803879989388699,-1.0716363789242451,-0.04446920778785534,-0.000654521636523225
1.26,0.028496187094816494,1.500328709984366,-0.997704734380461,-0.5400210481778963,0.0029327624583101197,-2.701698967710905e-05,-0.0850801905642852,-0.04101241535629325,-0.04349585283066733,-0.00814101111818582,-0.008675013311330254,-1.036148028723523e-05,-0.22144014393360392,-0.047985207430501026,0.1387371139421757,0.19440686611263253,-0.041692680629967116,0.5309216451413741,-0.4432415986940229,-4.228590698512396,-4.799960994656321,-1.0700932502469085,-0.04516461820528459,-0.0005652398327289363
1.27,0.02763055208261931,1.4999160007785577,-0.9981286650609767,-0.54009915583693,0.0028445100359911725,-2.6949797100824808e-05,-0.08656350121971856,-0.04127092058083332,-0.0423930680515723,-0.007810765903373619,-0.008825242231894733,6.719257628424207e-06,-0.2099142655257389,-0.04851514266677588,0.13423535198399933,0.15805571514075967,-0.03969702805754982,0.5133465407166264,-0.4496560565164258,-4.228884100670133,-4.7966662289745985,-1.0688227039342646,-0.045817306738319324,-0.0004788479319863839
1.28,0.026750915797296822,1.4995004229868498,-0.9985424901526674,-0.5401744107259608,0.002754838622562094,-2.671872214323846e-05,-0.08796362853224872,-0.04155777917079678,-0.041382509169068014,-0.007525488903080518,-0.008967141342907879,2.3107495758634768e-05,-0.19817913729289635,-0.04961724277942691,0.12878672988343356,0.12054898356154367,-0.037667805499694396,0.49257719460947547,-0.45563919958213295,-4.2296014968511315,-4.794012965357064,-1.0678310300234914,-0.046426668807284105,-0.000395925414804763
1.29,0.025858123476639565,1.4990816410362138,-0.9989472038970325,-0.5402472850772639,0.0026638328333844124,-2.6331804886044905e-05,-0.08927923206572567,-0.041878195063613115,-0.04047137443651431,-0.007287435130312602,-0.009100578917768129,3.869172571935561e-05,-0.1862459985416714,-0.0512179247293604,0.12250697447229512,0.08217411279371356,-0.035608741099541596,0.4687410159313322,-0.4611852758259761,-4.230724286529524,-4.792010538057514,-1.0671215863900227,-0.04699214031218254,-0.00031702682605714595
1.3,0.02495303294308028,1.4986592762273587,-0.9993438594485794,-0.54031826870555,0.0025715785212301694,-2.5798144206946388e-05,-0.0905090533559285,-0.042236480885511386,-0.039665555154692125,-0.007098362828601393,-0.009225431215424289,5.336606790985157e-05,-0.1741262112027281,-0.05323672434279876,0.11551814894238198,0.043224950357449415,-0.033523478309697596,0.4419844194242982,-0.4662889543021742,-4.23222591675442,-4.790660266894751,-1.06669477362052,-0.047513198081830035,-0.0002426782914348724
1.31,0.024036513775578645,1.4982329162301913,-0.9997335553412442,-0.5403878638967274,0.0024781626964808356,-2.5127834809549506e-05,-0.09165191675016354,-0.04263599971674895,-0.03896958926648194,-0.006959519117740899,-0.009341582474933366,6.703093973968802e-05,-0.16183129935212812,-0.0555870456814182,0.10794767899881327,0.003999604865071893,-0.03141552151848326,0.41247193340752847,-0.4709453362975825,-4.234072056529469,-4.789955445225763,-1.066548033015124,-0.04798936037160523,-0.0001733742147373887
1.32,0.023109446470526724,1.497802125076591,-1.0001174215963766,-0.5404565801923308,0.002383673447273002,-2.4331897968658237e-05,-0.09270673050519199,-0.04307911536003805,-0.03838662551324545,-0.006871629560336904,-0.009448924920783386,7.959368408912691e-05,-0.14937298832572704,-0.05817696710399631,0.09992733537145865,-0.035201731386136845,-0.029288184618094015,0.3803851950737429,-0.4751499674445458,-4.236220841225602,-4.789881391802325,-1.0666758677404118,-0.04842018740273231,-0.00010957417654812213
1.33,0.022172721589182796,1.4973664535609517,-1.0004966055810232,-0.5405249291097312,0.0022881998594735274,-2.342220642800782e-05,-0.09367248813439286,-0.04356715156391738,-0.0379183984646454,-0.0068348917400426566,-0.009547358779947434,9.09691540650419e-05,-0.13676324233953266,-0.06091009651469072,0.09159217941897717,-0.07407897682791259,-0.027144543503205054,0.3459218391701202,-0.4788988506225254,-4.238623184519324,-4.790415566288647,-1.0670698869892488,-0.04880528193473935,-5.170005359707579e-05
1.34,0.021227238889303963,1.4969254499552198,-1.0008722577276012,-0.5405934188388692,0.0021918319363606934,-2.2411403924154242e-05,-0.09454826998788338,-0.044100360573193796,-0.03756521465780884,-0.006848972913804169,-0.00963679231128339,0.00010108025038535766,-0.1240142995692622,-0.06368646792369892,0.0830794789980625,-0.11233435645124729,-0.024987393411918357,0.3092942867798604,-0.4821884594123622,-4.241223154874947,-4.791527747758269,-1.0677188728398581,-0.049144289861657905,-1.3337674097308773e-07
1.35,0.02027390643887861,1.4964786709422528,-1.0012455172276273,-0.5406625489565795,0.0020946605178852867,-2.13128198439649e-05,-0.09533324504253549,-0.04467790129668626,-0.03732595000259866,-0.006913011771020728,-0.009717141847540663,0.00010985840801893396,-0.1111387037012539,-0.06640347118369369,0.07452760217122399,-0.14967458336562242,-0.022819211928968408,0.2707284415460402,-0.48501575184620344,-4.243958413175223,-4.793180275030753,-1.068608869345025,-0.04943690082164279,4.478705598959839e-05
1.36,0.01931363971015303,1.4960256926692592,-1.0016174978129053,-0.5407328051996039,0.0019967771993864205,-2.0140379553731076e-05,-0.0960266728725578,-0.04529782729936299,-0.03719805852780136,-0.007025624302440879,-0.009788331849886612,0.00011724402902338238,-0.09814933104199178,-0.06895680661140138,0.06607489668622506,-0.18581301040645154,-0.020642128367398205,0.23046230127256964,-0.4873781841799828,-4.246760707749915,-4.795328347254879,-1.0697232932242058,-0.04968284880899466,8.276729641115146e-05
1.37,0.018347360652496474,1.4955661218218337,-1.0019892737374942,-0.5408046543371148,0.0018982742496411484,-1.8908510965147993e-05,-0.09662790576565566,-0.0459570847425551,-0.03717759245888983,-0.007184913751085969,-0.009850294974527215,0.0001231868588583082,-0.08505941236247165,-0.07124145615339844,0.05785856346032575,-0.22047173621637567,-0.018457900133768135,0.1887444933756358,-0.4892737244040329,-4.249556422754534,-4.797920382698745,-1.0710430653773666,-0.04988191277706563,0.00011356008008941033
1.3800000000000001,0.017375996743048308,1.495099606618702,-1.0023618660728173,-0.5408785391829825,0.001799244528134422,-1.7632047927108534e-05,-0.09713639094481658,-0.0466515203131873,-0.03725923353230586,-0.007388484586766109,-0.009902972150672634,0.00012764630380394593,-0.07188254875375397,-0.07315266280343503,0.05001353254927897,-0.2533836504604147,-0.016267896562040862,0.14583274314900796,-0.4907008652009372,-4.252267175607341,-4.800898433270969,-1.0725467622904656,-0.0500339172202023,0.00013696636569723918
1.3900000000000001,0.016400480014532707,1.4946258476276844,-1.002736229426464,-0.5409548737871333,0.0016997814014464852,-1.6326131052279372e-05,-0.09755167285156023,-0.047375899101760884,-0.03743633536466578,-0.0076334604150754305,-0.009946312668793682,0.00013059168748291594,-0.058632720879054474,-0.0745869101196796,0.042671350252755064,-0.2842944031681818,-0.014073090579691638,0.10199228424232551,-0.4916586360580955,-4.2548104589975955,-4.804198651874348,-1.0742107862593968,-0.05013873272273484,0.00015283657023748662
1.4000000000000001,0.015421746060101804,1.494144608304585,-1.0031132391925508,-0.5410340388441471,0.0015999786586681631,-1.5006106603644921e-05,-0.09787339544309027,-0.04812393230991991,-0.037700976608693815,-0.007916505701391014,-0.009980274277832204,0.00013200244486344517,-0.04532429112349013,-0.07544289391213041,0.035959086104406665,-0.31296428364831663,-0.011874058442514546,0.05749422112520102,-0.4921466142455919,-4.257100322825299,-4.807751809287167,-1.0760095532228566,-0.050196276463038605,0.00016107149243617446
1.41,0.014440733015569628,1.4936557251586597,-1.0034936794379692,-0.5411163773557534,0.001499930425770456,-1.3687424078508295e-05,-0.09810130445321764,-0.04888831459252333,-0.03804402454184049,-0.008233851160626108,-0.010004823289770717,0.00013186825251366267,-0.031971998261775,-0.07562247846598937,0.02999826850983984,-0.3391699949887996,-0.009670987651665103,0.012613853628904291,-0.4921649343775961,-4.259048091315778,-4.811483856880527,-1.0779156968655847,-0.05020651266086829,0.0001616229185579807
1.42,0.013458380519917473,1.4931591174509917,-1.003878231524462,-0.5412021905820992,0.0013997310788731,-1.2385533135749199e-05,-0.09823524956521555,-0.04966077076679467,-0.03845520864928628,-0.008581322634577568,-0.010019934689735601,0.00013018909427590968,-0.01859094438654802,-0.075031630021369,0.024903857724157052,-0.3627063108385662,-0.007463693040122274,-0.03237102609080136,-0.4917142962876204,-4.260563110464155,-4.815316531116143,-1.0799002875326926,-0.05016945295649005,0.00015449390688070542
1.43,0.012475628655478304,1.4926547963354637,-1.0042674635612745,-0.5412917343146084,0.0012994751563770415,-1.1115780516399967e-05,-0.09827518644391688,-0.05043211155279148,-0.038923203681235675,-0.008954373250929307,-0.010025592249605848,0.0001269752619349232,-0.005196573962184548,-0.07358132063325715,0.020783264693466058,-0.38338760194466526,-0.005251640895309349,-0.07718185363719435,-0.4907959709641595,-4.261553520897559,-4.819167995430798,-1.0819330643839968,-0.05008515671059965,0.00013973874907603702
1.44,0.01149341686973459,1.492142873356009,-1.0046618207771336,-0.5413852155009246,0.0011992572699477668,-9.893307607782614e-06,-0.09822117857437145,-0.051192297945470186,-0.03943572158590664,-0.009348118631614624,-0.010021788642927467,0.00012224729086173522,0.008195355009672459,-0.07118839597362203,0.0177354240359157,-0.4010492208378364,-0.003033980867891882,-0.12154101884578158,-0.4894118043133822,-4.26192705118962,-4.8229535148040314,-1.0839826791151324,-0.049953731214617374,0.00011746260876782536
1.45,0.010512682881182293,1.4916235682184165,-1.0050616168935866,-0.5414827892498599,0.0010991720143598452,-8.732949297546868e-06,-0.09807339885522973,-0.05193051375925297,-0.039979611645291735,-0.009757374893542187,-0.01000852555879216,0.00011603583102357451,0.02156880760701775,-0.06777640109982419,0.01584992908312944,-0.41554873403889636,-0.0008095853017011378,-0.1651735879341153,-0.48756421853933174,-4.261591826615819,-4.8265861580276335,-1.0860169494805303,-0.04977533180168176,8.782083956336215e-05
1.46,0.009534361572215403,1.491097215760103,-1.0054670265743006,-0.5415845562414792,0.0009993138762375453,-7.649134755983315e-06,-0.09783213089668888,-0.052635245831348126,-0.04054096807139666,-0.010176699161919938,-0.009985813812229983,0.0001083814541563554,0.03490751616482997,-0.06327635868537987,0.01520623646947627,-0.4267669922705172,0.0014229044857395345,-0.20780901062550633,-0.4852562109592447,-4.260457188293643,-4.829977522451706,-1.0880031207727159,-0.04955016184952816,5.101798686505939e-05
1.47,0.008559383872462412,1.4905642720469012,-1.005878079016871,-0.5416905605644371,0.0008997771417516546,-6.655790773003446e-06,-0.09749776997529909,-0.05329437132016897,-0.04110524425704706,-0.01060043229579283,-0.009953673448589072,9.933439829798689e-05,0.04819503167791087,-0.05762749468268255,0.015872947228137695,-0.43460903033994536,0.0036650255462756798,-0.24918280161935819,-0.4824913501018473,-4.258434517603401,-4.833038475775006,-1.0899081333435403,-0.04927847266742978,7.306479756310417e-06
1.48,0.00758867563645089,1.4900253195320017,-1.0062946527450531,-0.5418007879995086,0.0008006558033583283,-5.766248260252565e-06,-0.0970708236011522,-0.05389525148996583,-0.04165737281820205,-0.011022743507152358,-0.00991213383933264,8.895425127508811e-05,0.061414781985305214,-0.05077790685026176,0.017907170742478072,-0.4390047896169729,0.00591843493775096,-0.2890381859250087,-0.47927376896953705,-4.255438060730663,-4.835679909279352,-1.0916988941965189,-0.04896056326050266,-4.301497879647721e-05
1.49,0.006623156519881658,1.4894810712186806,-1.0067164716502,-0.5419151647649015,0.0007020434656915786,-4.993152509049697e-06,-0.09655191165692315,-0.05442483133211032,-0.0421818905146709,-0.011437676539289409,-0.009861233766674965,7.730957512028686e-05,0.07455013618811651,-0.04268517202305864,0.02135397722247728,-0.4399096573957009,0.008184846413204216,-0.3271276977832761,-0.47560815538087664,-4.251385748107376,-4.8378134967810915,-1.0933425506360632,-0.048596779965928004,-9.960331328651107e-05
1.5,0.005663738859152959,1.488932373775309,-1.0071431023211377,-0.5420335567354722,0.0006040332507465299,-4.348377771353236e-06,-0.09594176607286993,-0.05486974433715402,-0.0426630670937777,-0.011839197057061091,-0.009801021494504864,6.447747376964602e-05,0.08758447465225659,-0.03331688842750277,0.02624594361034289,-0.43730481877577765,0.010465963005813816,-0.3632147231726871,-0.47149973934753553,-4.246200003455554,-4.839352453488802,-1.0948067639295411,-0.048187515957030455,-0.00016207325658088435
1.51,0.004711326559081177,1.488380209558313,-1.0075739526918108,-0.5421557691443885,0.0005067177025154484,-3.842946703878108e-06,-0.09524123000717814,-0.055216421699611724,-0.043085037067312655,-0.012221240891624732,-0.009731554823108144,5.0543106747512814e-05,0.10050126385239079,-0.022651149736884608,0.032602797020846494,-0.43119741820116697,0.012763406429064261,-0.3970749762303515,-0.4669542774793425,-4.239808537056331,-4.840212288917062,-1.0960599809224116,-0.04773321061266382,-0.00022999979667502233
1.52,0.00376681399401203,1.4878256975062216,-1.0080082720258754,-0.5422815467721384,0.0004101886912624362,-3.486955185009336e-06,-0.09445125650691472,-0.05545120520914408,-0.04343193340644875,-0.012577762774988713,-0.009652901125301223,3.559915188687716e-05,0.11328413522322948,-0.01067694792879469,0.04043115894647096,-0.4216205292174995,0.015078644279300224,-0.4284979003136207,-0.46197803445209673,-4.232145117780796,-4.840311548012378,-1.0970717015454807,-0.047234348750996295,-0.00030292087388442406
1.53,0.0028310849276991833,1.4872700928756495,-1.0084451522470999,-0.5424105746240939,0.00031453731764517057,-3.289502980459109e-06,-0.09357290663128466,-0.05556046305720793,-0.04368802212243563,-0.012902785195559657,-0.009565137361726565,1.9745220455022704e-05,0.12591696709925787,0.002605497658079535,0.04972439256633407,-0.40863293254034894,0.017412916090844388,-0.4572879848793186,-0.45657776161484087,-4.223150318332442,-4.839572534699982,-1.0978127401670883,-0.04669145972854499,-0.0003803403114972342
1.54,0.0019050114574411018,1.4867147857979788,-1.0088835306140298,-0.5425424790941412,0.00021985381691278205,-3.258630696911902e-06,-0.09260734702580814,-0.05553070776708107,-0.04383783669298884,-0.01319044700472822,-0.009468350073238851,3.0872283547207048e-06,0.13838396874568412,0.017184487361484486,0.060462554565686256,-0.3923187040078675,0.01976715934334894,-0.48326598986506736,-0.45076067285595733,-4.2127722280697855,-4.837922012159614,-1.098255478771967,-0.04610511640717657,-0.00046173096144608153
1.55,0.00098945298800716,1.486161298643606,-1.0093221937269838,-0.5426768296082057,0.00012622746342749993,-3.401263423426775e-06,-0.09155584694339418,-0.05534871543727741,-0.043866311295398426,-0.01343505140644746,-0.00936263534852821,-1.426327265148728e-05,0.15066976541138935,0.0330366663350847,0.07261245193711077,-0.3727866154976812,0.02214193656553587,-0.5062700698164926,-0.44453441789026865,-4.200967127709735,-4.835291874284489,-1.0983741099928568,-0.04547593399374897,-0.0005465380452101903
1.56,8.525524084704382e-05,1.4856112821888696,-1.0097597828451583,-0.5428131407378725,3.374647577365513e-05,-3.723161418367117e-06,-0.09041977471601162,-0.05500164547361825,-0.04375891181743936,-0.013631112966669844,-0.00924809876538448,-3.218979949403421e-05,0.162759483271507,0.05012692952833027,0.0861278032896512,-0.35016935334676413,0.024537364708890674,-0.5261567906113823,-0.43790705317172546,-4.187700120165336,-4.831619782969933,-1.0981448680807384,-0.044804568759096615,-0.000634182668938193
1.57,-0.0008067506960396676,1.485066510589134,-1.010194800481518,-0.542950874770746,-5.7502077269379716e-05,-4.228878155372308e-06,-0.08920059368867114,-0.054477159973554415,-0.04350176363597763,-0.013773403287354928,-0.009124855304303485,-5.0571673700519146e-05,0.17463883307338568,0.0684084079851828,0.10094950326401146,-0.32462256024488584,0.02695304798333742,-0.5428020322858171,-0.4308870106777221,-4.172945711755721,-4.826849766115579,-1.0975462459747418,-0.044091716645134345,-0.0007240654906957803
1.58,-0.0016857492723961476,1.4845288751699566,-1.0106256182333226,-0.5430894447207505,-0.00014743236960409052,-4.921725995653799e-06,-0.08789985763564799,-0.053763541917750554,-0.043081775180467755,-0.01385699500045056,-0.00899302923347108,-6.928478402814905e-05,0.18629419125696473,0.08782253768203152,0.11700598774716711,-0.2963237079649577,0.02938801535313751,-0.5561017721610964,-0.4234830648509539,-4.156688338050378,-4.820932771506331,-1.0965591967231734,-0.043338111770934835,-0.0008155705167976499
1.59,-0.0025509413292680704,1.4840003770567713,-1.011050485796662,-0.5432282177582567,-0.0002359599092494125,-5.8037497059839476e-06,-0.08651920568719229,-0.0528498113185313,-0.04248675633393158,-0.013877303750618759,-0.008852753964532197,-8.820237103301487e-05,0.19771267729181652,0.10829921185744551,0.13421369670074607,-0.2654708095682761,0.03184066387688478,-0.5659727432035823,-0.41570429802235515,-4.138922828684525,-4.813827172060268,-1.095167317612383,-0.042544524850688374,-0.0009080690033855897
1.6,-0.0034015448973009404,1.483483118672044,-1.0114675411043321,-0.543366519036771,-0.000323001628038968,-6.875707992454608e-06,-0.08506035680328701,-0.05172583847272052,-0.04170553076701682,-0.013830127851432951,-0.008704171878955554,-0.000107195828647066,0.20888222595867612,0.12975701750360444,0.15247763060748365,-0.2322809810233336,0.03430870905038874,-0.5723529633149426,-0.4075600646734011,-4.1196548056171665,-4.805499218294108,-1.0933570154798538,-0.04171176153843496,-0.0010009234387692995
1.61,-0.004236795935692925,1.482979294137365,-1.0118748215178404,-0.5435036358899514,-0.0004084759692913383,-8.137063169727504e-06,-0.08352510383919841,-0.05038245346791094,-0.04072804135082126,-0.013711685318038966,-0.008547434125237029,-0.00012613551772728963,0.21979165330718733,0.15210355637659093,0.17169199574974875,-0.19698886323407794,0.036789143261977575,-0.5752021320462881,-0.39905995492716795,-4.0989010095066,-4.795923434255843,-1.09111765182127,-0.040840660716320185,-0.0010934915815569808
1.62,-0.005055949008247827,1.482491178626399,-1.0122702759963471,-0.543638822369949,-0.0004923029731677319,-9.585979034400858e-06,-0.08191530725549014,-0.04881155109660475,-0.03954544785067213,-0.01351864799975334,-0.008382700387639353,-0.00014489158646733533,0.23043071504467652,0.1752358505382657,0.1917409328513355,-0.15984491660547318,0.03927820340332322,-0.5745018920495559,-0.3902137576843768,-4.076689549158747,-4.785082953606262,-1.0884416664476613,-0.03993209274482083,-0.0011851305292718585
1.6300000000000001,-0.005858277893574828,1.4820211167229758,-1.0126517781580004,-0.5437713040955335,-0.0005744043594440898,-1.1219326959601804e-05,-0.08023288853270016,-0.04700619034232632,-0.038150216165327315,-0.01324817255845895,-0.00821013862763579,-0.00016333479252009453,0.2407901561553491,0.1990408320521785,0.21249932296388016,-0.12111360114305203,0.04177134859258502,-0.5702559534213807,-0.381031423842506,-4.0530600693673176,-4.772969792992824,-1.0853246786069883,-0.03898695769485666,-0.0012752007919801071
1.6400000000000001,-0.006643076127153428,1.4815715098468143,-1.013017140142434,-0.5439002833761614,-0.0006547036074411211,-1.3032700176309601e-05,-0.07847982335785995,-0.044960687616151414,-0.03653619844334659,-0.012897928062779989,-0.008029924799703133,-0.00018133732167077975,0.2508617506175653,0.22339591601849512,0.2338336639363205,-0.08107145594212439,0.04426324885546862,-0.5624900799502022,-0.37152303005230586,-4.028063832917092,-4.759585060346237,-1.0817655646536128,-0.038006183582907076,-0.001363070345445432
1.6500000000000001,-0.007409657473716594,1.4811448028173986,-1.0133641271772333,-0.5440249445760974,-0.0007331260328769609,-1.5020436155548993e-05,-0.07665813465631659,-0.04267070294156502,-0.03469870347995013,-0.01246611999360116,-0.007842242543583974,-0.00019877359792393924,0.2606383301792798,0.24816965564097185,0.25560301032492905,-0.04000509259224838,0.046747785482340376,-0.5512519371468254,-0.3616987434761,-4.0017637130653,-4.744939096238251,-1.0777665115277637,-0.036990724631126,-0.001448118638475649
1.6600000000000001,-0.008157356329194083,1.4807434696342925,-1.0136904727459606,-0.5441444596809306,-0.0008095988614329665,-1.717564695479178e-05,-0.07476988554774885,-0.040133318310614056,-0.03263455687273178,-0.011951510483320693,-0.007647282855600562,-0.00021552107992427877,0.27011380126977025,0.2732224774721328,0.27765996922121733,0.0017908823840750987,0.049218063626692565,-0.5366108028099754,-0.35156878801563063,-3.974234093451712,-4.729051546963364,-1.0733330454937995,-0.03594155957496004,-0.0015297405294348487
1.67,-0.008885528052291038,1.4803699985596384,-1.0139938942508844,-0.5442579940273208,-0.0008840512988533653,-1.949025734199031e-05,-0.07281717230969546,-0.03734710746541215,-0.030342150492378834,-0.011353434639020554,-0.007445243742039877,-0.00023146103871985292,0.2792831492693147,0.2984074943785377,0.29985174416581595,0.044016000526350574,0.05166643754197375,-0.5186571417552299,-0.3411434124734276,-3.945560673114397,-4.711951368542901,-1.0684740357793776,-0.03485969004087064,-0.001607350127359069
1.68,-0.009593549226643015,1.4800268765956723,-1.0142721090599274,-0.5443647121556037,-0.0009564145974336759,-2.1955050461954157e-05,-0.07080211743519768,-0.03431219639660158,-0.027821480904292258,-0.010671812828284435,-0.007236329858031069,-0.00024647931199638486,0.28814242952686736,0.3235713931114435,0.3220212191047954,0.08636610400252742,0.05408454866515311,-0.4975020472038261,-0.33043286110050807,-3.9158401751005427,-4.693676761392011,-1.063201672955732,-0.03374613901641684,-0.0016803845137296448
1.69,-0.010280817855374703,1.4797165734567248,-1.0145228508245072,-0.544463783743958,-0.0010266221187905664,-2.4559720762577748e-05,-0.06872686287316875,-0.031030313894757782,-0.025074176457980095,-0.009907158835436164,-0.00702075213568904,-0.00026046703006235924,0.2966887447075882,0.34855539266072383,0.3440080742056091,0.12853554172310933,0.05646337655424838,-0.4732765521877675,-0.31944734696441685,-3.8851799580540582,-4.67427503593359,-1.0575314221004817,-0.032601949434138335,-0.0017483073217226472
1.7,-0.010946753490781952,1.4794415251413024,-1.0147438859529332,-0.5445543895822109,-0.0010946093928464727,-2.729293385302868e-05,-0.06659356354072495,-0.02750483154222655,-0.02210351284259979,-0.009060583825294061,-0.006798727405590615,-0.00027332130904509337,0.304920208265442,0.3731962688217327,0.3656499252971352,0.1702193729195267,0.058793302472136766,-0.4461308151725475,-0.30819702854514036,-3.853697531123963,-4.653802409982826,-1.0514819509867723,-0.03142818288937512,-0.0018106121506591593
1.71,-0.01159079730274053,1.4792041172153851,-1.0149330301228174,-0.54463572754302,-0.0011603141730051753,-3.0142392922697617e-05,-0.06440438119585791,-0.023740792591728455,-0.018914416988420165,-0.008133796080912676,-0.006570478015870254,-0.0002849459069668934,0.3128358940670369,0.39732743962234224,0.3867834787113306,0.21111556219194982,0.061064185189067643,-0.41623318492025363,-0.2966919899323908,-3.8215199735588583,-4.632323739257101,-1.0450750337442685,-0.030225918510365928,-0.0018668257944237307
1.72,-0.01221241209030481,1.4790066679229417,-1.0150881647155638,-0.5447070185081302,-0.001223676487538791,-3.3094911308760407e-05,-0.06216147875642787,-0.019744929244342548,-0.015513459274645133,-0.00712909651102092,-0.0063362314533615795,-0.0002952518386062788,0.3204357724385706,0.42078010545451583,0.4072456933919915,0.2509271502179695,0.0632654483494064,-0.3837691504110879,-0.284942224956338,-3.788783261418499,-4.609912182883522,-1.0383354306365469,-0.02899625199668729,-0.001916511263790283
1.73,-0.012811082241779594,1.47885141124381,-1.0152072530563985,-0.5447675122076479,-0.0012846386872513843,-3.613649076186543e-05,-0.05986701514747849,-0.015525667913168738,-0.01190883408347344,-0.006049369951762244,-0.0060962199712593325,-0.0003041579453105023,0.3277206331622688,0.44338443694268004,0.4268749422751246,0.2893643846428735,0.06538617852658035,-0.34894018240423,-0.27295762553548647,-3.755631504928068,-4.586648806275772,-1.031290744793883,-0.02774029483934979,-0.0019592705838880876
1.74,-0.0133863136493127,1.478740480022411,-1.0152883563445783,-0.5448164929308053,-0.0013431454895286652,-3.925240492396888e-05,-0.05752314075331046,-0.011093122139897077,-0.008110328817971597,-0.004898072315740831,-0.005850680227728082,-0.00031159141621034424,0.33469199620776835,0.46497080277683145,0.44551216514502096,0.3261467960829636,0.06741523287118145,-0.31196247393859816,-0.26074797447052234,-3.722216101106312,-4.562622124229076,-1.0239712569283255,-0.026459173732687177,-0.0019947473494475116
1.75,-0.013937633584749065,1.4786758892932175,-1.0153296491603474,-0.5448532850674964,-0.001399144018926007,-4.2427287499916796e-05,-0.055131993543636564,-0.006459072919372179,-0.0041292815769242396,-0.0036792136691124588,-0.00559985293973418,-0.0003174882575947919,0.34135201124072945,0.4853710289561241,0.46300200540637443,0.36100520470607345,0.06934135505206429,-0.2730655877564472,-0.2483229428522711,-3.688694807396266,-4.53792758753278,-1.0164097392374472,-0.025154030184604447,-0.0020226290219766763
1.76,-0.014464590544094474,1.4786595199304018,-1.015329434437877,-0.5448772584409403,-0.0014525838444872524,-4.564522457520988e-05,-0.05269569593454094,-0.0016369362815639166,2.1472247053196288e-05,-0.0023973373443851873,-0.005343982556124531,-0.0003217937075293088,0.3477033471996804,0.5044196801462136,0.4791939234847877,0.39368364348555573,0.07115329800100012,-0.23249101925336957,-0.2356920921861741,-3.6552307430972033,-4.512667016821009,-1.0086412498724764,-0.02382602032784609,-0.002042648954627222
1.77,-0.014966754068444311,1.4786931027495966,-1.0152861577967822,-0.5448878333931664,-0.0015034170140234677,-4.888985050666246e-05,-0.05021635243498379,0.0033582819194827203,0.0043276641094704875,-0.0010574952226140408,-0.005083316953621531,-0.00032446259314525733,0.3537490734664979,0.5219553531696443,0.4939432798734533,0.42394118490698673,0.072839951801557,-0.19049068413320927,-0.2228648812657992,-3.621991326417704,-4.486947987769587,-1.0007029095038835,-0.02247631493077686,-0.002054588132199827
1.78,-0.015443714549627978,1.4787782031891459,-1.0151984211288634,-0.5448844855866029,-0.0015515980856129824,-5.214444679053447e-05,-0.04769604811836665,0.008510043954921647,0.008773666791894704,0.00033478065635760305,-0.0048181071589514755,-0.00032545962838720105,0.3594925343690174,0.5378219720373902,0.5071123811584195,0.4515536587185891,0.07439047492151585,-0.14732534045377593,-0.20985067775485414,-3.589147155922757,-4.460883172099583,-0.9926336616614699,-0.021106099601808793,-0.00205827661550821
1.79,-0.015895083029091713,1.4789162066965904,-1.0150649953413888,-0.5448667504868718,-0.001597084156610801,-5.5392043294304774e-05,-0.04513684794637363,0.013800350744451262,0.013342578747460747,0.0017735099731070627,-0.004548607099781862,-0.0003247596503770305,0.36493721894052794,0.5518700734117628,0.518571482688455,0.4763152491582794,0.07579442687402405,-0.10326295519036705,-0.19665877436206297,-3.5568708460121217,-4.434589639161907,-0.9844740186550669,-0.019716575177150364,-0.002053594681153281
1.8,-0.01632049099868302,1.479108304943362,-1.0148848321635437,-0.5448342274939503,-0.0016398348904760147,-5.861552122367403e-05,-0.04254079695913076,0.01920982467715938,0.01801631778450823,0.003252299292155674,-0.004275073386521371,-0.0003223477929369259,0.37008662801429343,0.5639580709798115,0.5281997418920363,0.498039961012986,0.07704190031253466,-0.0585770258183434,-0.183298409417263,-3.5253358268243185,-4.408188123151733,-0.9762657949949575,-0.018308958277089372,-0.002040473649646195
1.81,-0.016719590212002047,1.4793554829867521,-1.014657074928532,-0.5447865836911171,-0.0016798125417394941,-6.179771718572019e-05,-0.03990992133190249,0.024717804339010743,0.02277572350118287,0.004764380283317139,-0.0039977651263479325,-0.00031821959620461526,0.3749441408471436,0.5739534869287178,0.5358861165859726,0.5165629448229181,0.07812365051964698,-0.013544867713112196,-0.16977879158140444,-3.494715119593033,-4.381802261234616,-0.9680518303269645,-0.016884482011649528,-0.0020188963967492438
1.82,-0.017092052514845243,1.4796585074931647,-1.0143810682502368,-0.5447235571835731,-0.0017169819794403995,-6.492152770243837e-05,-0.03724623028431964,0.030302450641271732,0.027600667829527005,0.00630265075439862,-0.0037169437700905346,-0.0003123810516718178,0.3795128835399521,0.5817341385608666,0.5415302029487059,0.5317416725853397,0.07903122024328813,0.03155412161343668,-0.15610912834909554,-3.465180098975484,-4.3555578080573625,-0.9598757039750466,-0.01544439681228647,-0.001988897544865355
1.83,-0.01743756970298289,1.4800179161304665,-1.0140563665202693,-0.5446449600012712,-0.0017513107093585706,-6.797001352621692e-05,-0.034551718813764724,0.03594086373016843,0.03247017299674525,0.007859718230193487,-0.003432872991817108,-0.0003048485823778549,0.3837956015521582,0.5871892680826409,0.5450430081726487,0.5434569563247971,0.07975705786373033,0.07644021027814374,-0.14229865793119773,-3.4368992542117875,-4.329581832265104,-0.9517814432435137,-0.013989971362414009,-0.0019505633332890845
1.84,-0.017755853415085905,1.4804340082299303,-1.0136827411586293,-0.544550680543315,-0.0017827688953604922,-7.092650311014358e-05,-0.031828371210301486,0.041609209946381544,0.037362536164007046,0.009427945795614233,-0.0031458186001921615,-0.00029564895839266685,0.3877945385894124,0.5902206037491408,0.5463476531281186,0.5516138030125828,0.08029462694633671,0.12083508057023723,-0.12835668403810935,-3.410036961151255,-4.304001900751794,-0.9438132276712852,-0.012522493596078505,-0.0019040311681226322
1.85,-0.018046635068052867,1.4809068368098817,-1.0132601865590354,-0.5444406855442626,-0.0018113293801593367,-7.377469459138913e-05,-0.029078165296696365,0.047282857995124515,0.042255459959404704,0.010999499905240451,-0.0028560484798844502,-0.00028481914812455473,0.3915113240782463,0.5907433408604266,0.5453800006992376,0.5561421003926004,0.08063850534141093,0.1644635670692145,-0.11429261302304411,-3.3847522771879612,-4.27894525643444,-0.9360150914517582,-0.011043271731125546,-0.0018494888546478406
1.86,-0.01830966584129199,1.4814362020437322,-1.0127889246782193,-0.5443150215457867,-0.0018369677057647972,-7.649875565524394e-05,-0.02630307732391223,0.05293652338505845,0.04712618808160756,0.012566399847595963,-0.002563832560546039,-0.0002724061063854822,0.39494687132890594,0.5886870315808017,0.5420892057663349,0.5569971294165974,0.08078447213831086,0.20705537323078366,-0.10011599279013023,-3.3611977709809286,-4.254537995362416,-0.9284306262339053,-0.009553635300818234,-0.0017871735169175443
1.87,-0.01854471671569418,1.482021646244719,-1.012269408227075,-0.5441738158603853,-0.0018596621338664975,-7.908342066062686e-05,-0.023505087440218883,0.05854442009870288,0.051951645114455214,0.0141205685401439,-0.002269442810170041,-0.00025846650053829153,0.3981012883296367,0.5839963731966735,0.5364381831394313,0.5541599000834014,0.08072958095868299,0.2483467555153056,-0.0858365528257234,-3.3395183984928467,-4.230904248952716,-0.9211026865034445,-0.008054936146150318,-0.0017173702112750775
1.8800000000000001,-0.018751578572104247,1.4826624504284172,-1.0117023224304715,-0.5440172770171812,-0.0018793936663563295,-8.151408442496288e-05,-0.02068618564100669,0.0640804183697965,0.0567085796603331,0.015653884320415694,-0.0019731532489831987,-0.00024306637643360188,0.40097380291517976,0.57663188523286,0.5284039900615983,0.5476373086583588,0.08047221828433315,0.28808216438222056,-0.0714642446741006,-3.3198504363696553,-4.20816537708129,-0.9140730997078351,-0.0065485493301175755,-0.0016404102424174634
1.8900000000000001,-0.01893006235307159,1.4833576325020739,-1.0110885853317526,-0.5438456946832824,-0.001896146066150917,-8.37768920871317e-05,-0.017848378096734167,0.06951820736567356,0.06137370987189243,0.01715823338988558,-0.0016752399794587502,-0.0002262807662168822,0.40356270381350073,0.5665704668110427,0.5179781202534729,0.5374621153320192,0.08001214575171756,0.3260158318073459,-0.05700928215169805,-3.302320483007727,-4.1864391776602545,-0.9073823832360799,-0.0050358739350179725,-0.0015566691924739653
1.9000000000000001,-0.01907999929055546,1.4841059471171387,-1.0104293466273757,-0.5436594390576794,-0.0019099058784265096,-8.585882449159493e-05,-0.014993693748386668,0.07483146150648508,0.06592387043768616,0.018625562560292488,-0.001375981227559266,-0.0002081932404463234,0.4058652988026522,0.5538058267437582,0.5051667068132221,0.5236927425476212,0.0793505256056719,0.36191329537130595,-0.04248218057816822,-3.2870445368270387,-4.16583911819273,-0.9010694702948012,-0.003518333704479646,-0.001466564675365612
1.9100000000000001,-0.019201241201090874,1.4849058872081309,-1.0097259850267968,-0.543458959738208,-0.0019206624523260198,-8.77477785646675e-05,-0.012124191053541719,0.07999400909922014,0.07033616005788554,0.02004793194713985,-0.0010756573899510186,-0.00018889540730725773,0.4078778909102607,0.5383487801045068,0.48999063167207213,0.5064128953206946,0.07848992878223426,0.3955528494330192,-0.027893794298480327,-3.2741271603010462,-4.146473594622269,-0.8951714466367887,-0.0019973774933806396,-0.0013705538304317308
1.92,-0.01929366084870848,1.4857556872273712,-1.0089801041424797,-0.5432447840656862,-0.0019284079631428194,-8.943264218503838e-05,-0.009241964761760502,0.08498000192403662,0.07458808843170057,0.021417567252176074,-0.0007745510816799656,-0.0001684863620370873,0.4095957732682834,0.5202274063818957,0.4724855397109283,0.48573100599243313,0.07743432538069084,0.42672691442049,-0.013255351778554527,-3.263660737203776,-4.128445222584018,-0.8897232999983512,-0.0004744794911155437,-0.00126913057094493
1.93,-0.019357152374665034,1.486653328071214,-1.008193526924792,-0.5430175149529276,-0.0019331374349295287,-9.090336308487669e-05,-0.006349152595655324,0.08976408438427538,0.07865772176877357,0.022726911275857735,-0.0004729471786709266,-0.0001470720899838322,0.41101324290210833,0.4994870657953713,0.45270175608367214,0.46177950695912395,0.07618905758153072,0.45524331584915945,0.0014215124221717047,-3.2557248293423218,-4.111850165921831,-0.8847576839887246,0.0010488608132425891,-0.0011628226046760403
1.94,-0.019391631791801797,1.487596543679418,-1.0073682886664619,-0.5427778282099057,-0.0019348487634236172,-9.215101135497328e-05,-0.003447941713676323,0.09432156082040984,0.08252382583301163,0.02396867430219304,-0.00017113284940883466,-0.00012476482700965837,0.4121236333939939,0.4761902719045311,0.43070410578092555,0.4347139359710579,0.07476079536305691,0.4809264653016221,0.01612472946433296,-3.25038563776908,-4.096777507060852,-0.880304698049777,0.002571118951497829,-0.0010521882451042135
1.95,-0.019397037540126158,1.4885828292753434,-1.0065066286111677,-0.542526469379885,-0.0019335427391264496,-9.316783516713603e-05,-0.0005405748324360882,0.09862855959253897,0.08616600552942147,0.02513588300207209,0.0001306024297167457,-0.00010168238121627515,0.4129193660233327,0.4504164202553822,0.4065716349858567,0.4047118796808298,0.0731574756601383,0.5036184362691358,0.030841772445581405,-3.2476955721379075,-4.08330866352103,-0.8763916849688738,0.004090746105703074,-0.00093781303318553
1.96,-0.019373331099028397,1.4896094512009046,-1.0056109802106388,-0.5422642501048126,-0.0019292230703196603,-9.39473093692374e-05,0.0023706441097760527,0.10266219255611712,0.08956484005288587,0.026221927507244686,0.00043196688067892756,-7.794742021013633e-05,0.413392018658238,0.4222613744571069,0.38039723435464956,0.3719717621082341,0.07138822588590954,0.5231799284606282,0.045559637580407826,-3.247692930505448,-4.071516854525228,-0.8730430472834594,0.005606170064352486,-0.0008203061907861627
1.97,-0.019320497650420262,1.4906734582868189,-1.0046839600843105,-0.5419920440416564,-0.0019218964057535614,-9.448417665264143e-05,0.0052833448608134185,0.10640070859142342,0.09270201263282019,0.027220606315628348,0.0007326664566098928,-5.368672834040431e-05,0.4135324113615765,0.3918369127397785,0.3522871649629383,0.33671148573315257,0.06946327299668376,0.5394911149191024,0.06026483083374697,-3.2504016905098077,-4.061466621298559,-0.8702800837642768,0.007115796517838502,-0.000700296927945394
1.98,-0.01923854678603388,1.4917716946858044,-1.0037283557450145,-0.5417107823546602,-0.00191157235669775,-9.477448103794416e-05,0.008195086438638192,0.1098236398985493,0.09556043392960821,0.02812616869961789,0.0010324049055811513,-2.9030438530273443e-05,0.4133307073868423,0.3592700396853077,0.3223604883343864,0.2991669338513787,0.06739383951423839,0.5524523670450008,0.07494336042090372,-3.2558314115085256,-4.05321340427532,-0.8681208470066633,0.008618010699717899,-0.0005784306270515839
1.99,-0.019127513251165903,1.4929008140841635,-1.0027471121633353,-0.541421448811634,-0.0018982635180050701,-9.481559347275424e-05,0.011103353486797583,0.11291193983591956,0.09812435816790943,0.028933354302617467,0.001330883869267983,-4.111243481007381e-06,0.41277652798114006,0.3247021694193115,0.29074840266475,0.2595903438039415,0.06519202812476488,0.5619848534082112,0.08958073549965655,-3.2639772459516743,-4.046803180029168,-0.866580022997579,0.010111179374235727,-0.00045536492778378
2.0,-0.018987457716308255,1.4940572951957714,-1.0017433172520493,-0.541125074515383,-0.0018819854878074106,-9.460622938432551e-05,0.01400555348576477,0.11564811116078369,0.10037949112860435,0.029637429625094046,0.0016278030197659477,2.093640884287322e-05,0.41185907918968406,0.2882881880759432,0.2575934881112002,0.21824856154254535,0.06287069664334921,0.5680310090217824,0.10416197128711753,-3.274820057027748,-4.042272160323247,-0.865668833361404,0.01159365316441252,-0.00033176573728753943
2.0100000000000002,-0.01881846756738679,1.4952374584320085,-1.0007201863603952,-0.540822732304182,-0.0018627568854360794,-9.414645807991825e-05,0.01689901489214671,0.11801632362372012,0.10231308916542518,0.030234221120102437,0.0019228602371331198,4.597713044072503e-05,0.4105672886728367,0.250195404772329,0.22304886478153868,0.17542118888701164,0.060443325264794456,0.5705548725593295,0.11867160073598156,-3.288326638471472,-4.039646555242992,-0.8653949608214806,0.013063769208962928,-0.00020830319051060205
2.02,-0.018620657704743734,1.4964374836317558,-0.9996810458757521,-0.5405155308577883,-0.0018405993671411528,-9.343770393849863e-05,0.01978098626430557,0.12000251997472579,0.10391404846430836,0.030720144639369968,0.002215751829492657,7.087541414196268e-05,0.4088899504064101,0.21060240163035904,0.18727726787036514,0.13139863558230735,0.05792387811220778,0.569542289803503,0.13309369280428626,-3.3044500313839174,-4.038942401927786,-0.8657624982482257,0.014519854130533976,-8.564758591936495e-05
2.0300000000000002,-0.018394171340557274,1.4976534287273005,-0.9986293160375207,-0.5402046085478418,-0.0018155376391735117,-9.248273938846368e-05,0.022648636418646055,0.12159450955446259,0.10517298382313764,0.031092230994646246,0.0025061727967641036,9.549645500349493e-05,0.40681587504089456,0.1696977945346568,0.15045004518840968,0.08648008905559545,0.05532666114241991,0.5650009824275287,0.14741187725192337,-3.3231299320026624,-4.0401654599620045,-0.8667719214996302,0.01596022729237358,3.5534678052061915e-05
2.04,-0.018139180784097587,1.498881249214991,-0.9975684930745538,-0.5398911270735921,-0.0017875994677903468,-9.128566971717957e-05,0.02549905564596866,0.12278204876904907,0.10608229629669166,0.03134814742497327,0.002793817138316485,0.00011970696712841034,0.40433404364668146,0.12767891729970396,0.11274608314964614,0.040971415424196245,0.052666178472428715,0.5569604820177283,0.1616093757981554,-3.344293183587007,-4.04331117402409,-0.8684200860972442,0.01738320431569911,0.0001545851405026121
2.05,-0.017855888204075916,1.500116818293777,-0.9965021307832937,-0.539576264925705,-0.001756815685749657,-8.985190980891667e-05,0.028329258002167085,0.12355690787859684,0.1066362291260051,0.03148621478871282,0.003078378204068965,0.00014337599082628945,0.4014337625700632,0.08475044271293718,0.07435066807609957,-0.004816994064176572,0.04995698915263769,0.545471930048808,0.17566903937949202,-3.3678543449604232,-4.048364703927612,-0.8707002476213634,0.018787100825847145,0.0002708572643963738
2.06,-0.017544526357351414,1.5013559475304425,-0.9954338216687678,-0.539261210722411,-0.0017232201948714308,-8.818815295793408e-05,0.03113618467245023,0.12391292366656234,0.10683091145259674,0.031505420329398626,0.003359549087822635,0.00016637568509825899,0.3981048171675908,0.041122954513362335,0.035454290450546135,-0.05057241644166721,0.04721356633504992,0.5306077453144924,0.18957339115858457,-3.393716327785606,-4.055301021724103,-0.8736021055540076,0.02017023639184707,0.00038372034696965585
2.07,-0.017205359273416595,1.5025944079074114,-0.9943671777747118,-0.5389471564634453,-0.0016868499642623785,-8.630233195268711e-05,0.033916708393481855,0.12384603769687756,0.10666438940559536,0.03140542589656858,0.0036370230609052206,0.0001885821005246968,0.3943376222719605,-0.0029885152567230592,-0.0037485995287737327,-0.09598201509051174,0.04445016066851526,0.5124611610949308,0.203304674854223,-3.421771094339113,-4.064085075077213,-0.8771118701482404,0.021530938621444184,0.0004925633299789144
2.08,-0.016838682884380313,1.503827951107478,-0.9933058113322811,-0.5386352907480811,-0.0016477450238267446,-8.42035726750885e-05,0.03666763890362834,0.12335432000666262,0.10613664424306897,0.031186571536412192,0.003910494043563408,0.00020987592775986133,0.3901233673672086,-0.04736596892984084,-0.043060876060103566,-0.14073506694120513,0.04168066960579275,0.49114563510715425,0.21684490789171834,-3.451900407400901,-4.074672015664601,-0.8812123517581296,0.022867547371848825,0.0005967984862333841
2.09,-0.01644482559059887,1.5050523308896981,-0.9922533153590106,-0.5383267920040602,-0.0016059484527171757,-8.190214050514169e-05,0.03938572937814398,0.12243797822201956,0.10524959732705151,0.03084987440209904,0.004179657110956889,0.00023014321699468005,0.3854541546109546,-0.0917899313886061,-0.08228405189476201,-0.1845251829658791,0.03891851412964398,0.46679413602550474,0.23017593881331405,-3.4839766238739402,-4.0870074909216525,-0.8858830719258084,0.024178419035623823,0.0006958649596846002
2.1,-0.016024148752660568,1.5062633244119072,-0.9912132443408707,-0.5380228217743631,-0.0015615063624161282,-7.940937986578558e-05,0.04206768379383022,0.12109935222091986,0.10400710181399912,0.0303970229697031,0.004444209030104743,0.0002492760639356112,0.38032312803052265,-0.13604092948733212,-0.12121961239852871,-0.2270525059855597,0.036176524208603844,0.43955831108071175,0.24327950834073642,-3.5178635238913687,-4.1010279970123396,-0.8911003953911345,0.025461930861131125,0.0007892321373168191
2.11,-0.015577047101093772,1.5074567533578929,-0.9901890951303937,-0.5377245181085393,-0.0015144678741789695,-7.673764728515906e-05,0.044710165156679554,0.11934289459856749,0.10241492104770127,0.02983036658238668,0.004703848823715862,0.00026717325806265154,0.3747245924332178,-0.17990094896314138,-0.15967035896556547,-0.2680258697474709,0.033466834079056706,0.4096075399422015,0.2561373134472233,-3.5534171674412653,-4.116661290500832,-0.8968376820658434,0.026716485267803843,0.0008764028321902759
2.12,-0.015103949055929624,1.508628504731043,-0.989184288192904,-0.5374329891047134,-0.001464885090613906,-7.39002383934434e-05,0.04730980451641492,0.11717513731501694,0.10048069374895978,0.029152900382588224,0.004958278356506339,0.00028374088917156693,0.3686541208019215,-0.22315485577170716,-0.19744175092346197,-0.3071649033056456,0.03080078822766774,0.3771278807503041,0.2687310737745177,-3.590486770927123,-4.133826855805384,-0.9030654578981188,0.027940514118122598,0.0009569162582241887
2.13,-0.014605316949091831,1.5097745511812488,-0.9882021493308591,-0.5371493066474231,-0.0014128130612201919,-7.091130930871377e-05,0.04986321068377919,0.1146046450205878,0.09821388620448875,0.028368245729022367,0.005207202939371429,0.0002988929084729617,0.3621086491888304,-0.2655917696581483,-0.23434323488612926,-0.344202064898661,0.028188858725434418,0.3423209148025397,0.28104259972117174,-3.6289155965680155,-4.152436425146452,-0.9097516034454586,0.029132482910472147,0.0010303507786594995
2.14,-0.014081647143491891,1.510890970737852,-0.9872458920132062,-0.5368745003851039,-0.0013583097417538149,-6.778579290059702e-05,0.052366980559993975,0.11164195566030367,0.09562573176528891,0.027480626231920734,0.0054503319466377076,0.00031255164081167515,0.35508655836668485,-0.30700637880609866,-0.2701895504409554,-0.3788845898726254,0.025640574342851163,0.3054024969913504,0.2930538615314926,-3.6685418481071226,-4.17239454735623,-0.9168615588737974,0.030290894859924228,0.0010963264116019924
2.15,-0.01353347004366168,1.5119739658283815,-0.9863186004324962,-0.5366095519893461,-0.0013014359473380996,-6.453931045177212e-05,0.05481770998302102,0.10829950905296025,0.0927291580710056,0.026494839575773067,0.005687379441571523,0.0003246482448824892,0.3475877417407181,-0.34720018558052407,-0.30480200112913003,-0.41097633761441,0.023164461668072178,0.266601419650461,0.3047470587285982,-3.7091995669205993,-4.193599201599032,-0.9243585440092146,0.03141429483731858,0.0011545070776039995
2.16,-0.012961349993740571,1.5130198814706073,-0.9854232134072937,-0.5363553897360116,-0.001242255299284524,-6.118807926527243e-05,0.05721200499211095,0.10459156422257071,0.08953870252025395,0.02541622533344868,0.005918064805357551,0.00033512311864996913,0.33961365926060083,-0.38598267465596126,-0.3380096798735941,-0.4402595230587889,0.020767998253904185,0.22615799798175076,0.31610468925910384,-3.750719523279231,-4.215942451763001,-0.9322037919853002,0.03250127314066132,0.0012046025758865302
2.17,-0.012365885059635002,1.5140252225338988,-0.9845625092412298,-0.5361128834459254,-0.0011808341656357121,-5.774881678998044e-05,0.05954649341055696,0.10053410632915954,0.08607041660639149,0.024250629008617342,0.006142113364881191,0.0003439262475291989,0.3311673772934006,-0.42317239617848273,-0.3696506383377509,-0.466536319050066,0.018457577647083445,0.18432258570367063,0.32710961774943376,-3.7929300981927367,-4.239311137025218,-0.9403567949545527,0.033550469076699146,0.0012463702775214682
2.18,-0.011747706693170096,1.514986669974917,-0.9837390916429041,-0.5358828398201806,-0.0011172415954872979,-5.423864185750199e-05,0.06181783664649061,0.09614474410182065,0.08234175983256645,0.023004362574490615,0.006359257014841434,0.0003510174932478456,0.3222535946215635,-0.45859795801130676,-0.39957299015830094,-0.4896303166718585,0.016238486000974994,0.14135402998262522,0.3377451423129729,-3.835658151939535,-4.263587593865357,-0.948775560265991,0.03456057433441955,0.0012796165256741539
2.19,-0.011107479277041726,1.5159010959621124,-0.9829553768028244,-0.5356659982021236,-0.001051549247187518,-5.0674973640643454e-05,0.0640227416128369,0.0914425987195409,0.07837148400797171,0.02168416180570319,0.006569234829977986,0.00035636682168585336,0.3128786549099673,-0.49209892252929965,-0.42763593856964255,-0.5093878316551912,0.014114889848131362,0.09751807507542598,0.3479950593915603,-3.8787298760352913,-4.28865040460894,-0.9574168754536924,0.035530336136054816,0.001304197734838215
2.2,-0.010445899550341451,1.5167655778132598,-0.9822135817147439,-0.53546302679486,-0.0009838313105524552,-4.707542895689653e-05,0.06615797267002758,0.0864481851147293,0.07417950880804877,0.020297140726351266,0.00677179366350628,0.00035995446837469244,0.30305054613953314,-0.5235266048262307,-0.4537107196351814,-0.5256790460595644,0.01208983451074963,0.05308572442559449,0.357843726162332,-3.9219716260028408,-4.314375167420547,-0.9662365803322311,0.036458560154806766,0.0013200211828653
2.21,-0.009763695915355636,1.5175774106801716,-0.9815157138192038,-0.5352745193596549,-0.0009141644232704082,-4.3457718549588415e-05,0.06822036349858157,0.08118328669117776,0.06978678955401105,0.018850743520512796,0.006966688728204703,0.00036177104073081135,0.2927788876305627,-0.5527447705485725,-0.47768145309693616,-0.5383989756354737,0.010165252553911097,0.008331571211360925,0.3672761200900913,-3.965210732859746,-4.340635282540473,-0.9751898444550813,0.037344113191870344,0.0013270454914906826
2.22,-0.009061627627225595,1.5183341189247022,-0.9808635620368972,-0.5351009924169375,-0.0008426275817006275,-3.9839542984637195e-05,0.07020682881300408,0.0756708244530504,0.06521517823066356,0.017352694271736878,0.007153684156978061,0.0003618175564951218,0.2820749053742495,-0.5796302328433263,-0.49944589374370757,-0.5474682546054397,0.008341981642966179,-0.03646789246153311,0.3762778952545309,-4.0082762917239885,-4.367302749465675,-0.9842314481611077,0.03818592560833072,0.0013252807929698834
2.23,-0.00834048386889119,1.5190334661400564,-0.980258689248743,-0.5349428829677894,-0.0007693020462994669,-3.623848880214244e-05,0.07211437583344046,0.06993472153541988,0.06048727881541013,0.015810944914818603,0.007332553540116064,0.0003601054182494759,0.2709513964578699,-0.6040733490804148,-0.518916077170412,-0.5528337309998603,0.00661979114050415,-0.08103597739239433,0.3848354351295605,-4.050999926343723,-4.394248969717634,-0.9933160654124373,0.038982993510086876,0.0013147885823603612
2.24,-0.007601082714521734,1.5196734637811664,-0.9797024262683928,-0.5348005467498244,-0.0006942712419308188,-3.2671925559347466e-05,0.07394011543694573,0.06399976411099675,0.05562629803502545,0.014233621796495287,0.007503080436864805,0.00035665632427949725,0.25942268340637825,-0.6259784190592267,-0.536018854830657,-0.5544688671920892,0.004997416781434838,-0.1250974997415838,0.39293590153744384,-4.0932165286754865,-4.421345549815467,-1.0023985466143563,0.03973438068607538,0.0012956812568945875
2.25,-0.006844269985362566,1.5202523783773996,-0.9791958673413947,-0.5346742570373103,-0.0006176206533376264,-2.91569043948652e-05,0.07568127291591677,0.05789145962332417,0.050655892699804535,0.012628971251406846,0.007665058859319237,0.0003515021164482266,0.2475045592754686,-0.6452639873192428,-0.5506963143718286,-0.5523739418288773,0.0034726027772413737,-0.1683804736992395,0.4005672795427469,-4.134764972863683,-4.448465099082817,-1.0114341996047138,0.04043922030172083,0.0012681213457858215
2.2600000000000002,-0.006070918002592499,1.520768737310052,-0.9787398671935261,-0.5345642039912534,-0.0005394377160674652,-2.5710058733521094e-05,0.07733519827700665,0.05163589326524248,0.04560001478686701,0.01100530460569394,0.00781829372701612,0.0003446845661344108,0.23521422431870453,-0.6618630529321774,-0.5629060823565792,-0.5465760509608537,0.002042150733687631,-0.21061778400952558,0.40771841808955633,-4.175488803110489,-4.475482016960583,-1.0203790670066781,0.04109671635072943,0.0012323204356748914
2.27,-0.005281924242396929,1.5212213331458952,-0.9783350396389706,-0.5344704945610241,-0.00045981170315797506,-2.2347507736817035e-05,0.078899376019557,0.045259583584319946,0.040482755455554735,0.009370943022925253,0.007962601290949015,0.00033625509967040587,0.22257021502038507,-0.6757231907505084,-0.5726215076077019,-0.537128907838297,0.000701974802594374,-0.2515488281107071,0.414379066219955,-4.215236894972191,-4.502273264574733,-1.0291901981548732,0.041706144869101916,0.0011885377987552225
2.2800000000000002,-0.004478209899015718,1.5216092265264518,-0.9779817577471899,-0.5343931529349671,-0.0003788336078976431,-1.9084763085964933e-05,0.08037143433812108,0.038789338055662786,0.03532818917807898,0.007734162605702319,0.008097809526033195,0.00032627446508521013,0.20959232623814278,-0.6868065885241373,-0.5798317245525334,-0.5241124424825463,-0.0005528374635948019,-0.29092111783415275,0.4205399047422489,-4.253864089579968,-4.5287191154185,-1.0378259138310912,0.04226685491561725,0.0011370787323941116
2.29,-0.0036607183620265015,1.5219317476206367,-0.9776801555556096,-0.5343321215333537,-0.00029659602298453614,-1.5936639662805523e-05,0.08174915369892166,0.0322521094184912,0.03016021915802351,0.00610314016133719,0.008223758491310695,0.00031481234231594093,0.19630152714211235,-0.6950900045740445,-0.5845415970639334,-0.5076322038170549,-0.001727959045015992,-0.32849183084586137,0.4261925732443509,-4.291231800167796,-4.5547038801505115,-1.0462460620820766,0.0427782693230893,0.0010782926207915187
2.3000000000000003,-0.0028304136145761603,1.5221884961559111,-0.9774301313037265,-0.5342872625330382,-0.00021319301641051382,-1.2917170668866977e-05,0.0830304747450341,0.02567485352745079,0.025002425188316812,0.0044859000315607255,0.00834030065740223,0.0003019468993938547,0.18271987157302672,-0.7005646508380272,-0.5867715443905244,-0.48781856878064866,-0.0028297526198224343,-0.364029302320407,0.4313296923714505,-4.327208590107272,-4.580116600684564,-1.0544122634385082,0.04323988522450146,0.001012570730873938
2.31,-0.0019882785596792947,1.5223793400501515,-0.9772313521530338,-0.5342583599092937,-0.00012872000440172142,-1.0039527694498153e-05,0.08421350548968654,0.01908438942404915,0.01987791506926713,0.0028902623744446777,0.00844730120087924,0.0002877642974368824,0.16887040337736456,-0.7032360060915184,-0.5865572518267103,-0.4648257644474003,-0.0038651953753335855,-0.39731444769834834,0.43594488130843784,-4.36167072141089,-4.604851708951722,-1.0622881439114056,0.04365127435775597,0.0009403437562016864
2.32,-0.001135313282065957,1.5225044126730412,-0.977083260346366,-0.5342451219765758,-4.327362174824634e-05,-7.3159462186218665e-06,0.08529652776133377,0.012507262288954792,0.01480918066679042,0.0013237932717900592,0.008544638265347508,0.0002723581475876286,0.15477705721616944,-0.7031235640104664,-0.5839492697693134,-0.43883071074391156,-0.0048417998514374005,-0.428142107799265,0.4400327704272342,-4.394502672384797,-4.628809645950653,-1.0698395542097918,0.044012083152322024,0.0008620791241644023
2.33,-0.000272533253384658,1.522564108771972,-0.9769850807499493,-0.534247184406402,4.3048410142803345e-05,-4.757656985399406e-06,0.0862780028681299,0.005969609893066153,0.00981795964166277,-0.00020624298261762153,0.00863220318910497,0.000255828923322246,0.14046455529121965,-0.7002605205054994,-0.579012505754354,-0.4100316928102199,-0.005767531192132136,-0.4563223080349858,0.4435890090781447,-4.425597622804563,-4.651897436966317,-1.0770347737016082,0.044322032600610385,0.0007782780831440961
2.34,0.000599032511146974,1.5225590791032215,-0.9769358297117167,-0.5342641136971924,0.00013014741713545422,-2.3748236672013144e-06,0.0871565764531632,-0.0005029668750349339,0.004925103823266686,-0.0016929290790484886,0.008709900699265086,0.00023828333181980917,0.12595830039065523,-0.694693404434851,-0.5718256149220845,-0.3786468734823334,-0.00665072118233534,-0.481681423994672,0.4466102685234254,-4.4548579046680254,-4.674029219129463,-1.0838446977285636,0.04458091791652175,0.0006894725876295854
2.35,0.0014783433363011246,1.5224902238145726,-0.9769343251603503,-0.5342954110677953,0.0002179239078577455,-1.764871839767693e-07,0.08793108251541505,-0.006885528864897919,0.0001504551366327822,-0.003129737060296267,0.008777649072229126,0.0002198336483224545,0.11128426562997441,-0.6864816554257938,-0.5624802951545309,-0.3449126576299779,-0.007499979465939222,-0.5040632462465094,0.44909424003133736,-4.482195416264234,-4.695126717808311,-1.0902430069846314,0.04478860798338256,0.0005962220004637938
2.36,0.002364348802050756,1.5223586846306036,-0.9769791978611453,-0.5343405167435539,0.00030627771046128543,1.8294829923464193e-06,0.08860054657496315,-0.013153918396898143,-0.004487270079499054,-0.00451056757585003,0.008835380260353996,0.00020059701763231887,0.09646888125445183,-0.6756971521200877,-0.5510804938148923,-0.30908192130938295,-0.008324102371458197,-0.523329937818592,0.4510396281706873,-4.5075319970022765,-4.715119668667836,-1.09620631777708,0.04494504459345333,0.0004991096324895199
2.37,0.0032559906816966217,1.5221658358966434,-0.9770689037371704,-0.5343988146011741,0.00039510811030733713,3.636430263156517e-06,0.08916418796458656,-0.019284873396008286,-0.008970587602504965,-0.005829785762022781,0.00888303998460517,0.00018069472708100975,0.08153891887845482,-0.6624236937369136,-0.5377415336353716,-0.27142211970608043,-0.009131979820229397,-0.5393628784835609,0.45244613936990546,-4.530799760183781,-4.733946182599576,-1.1017143121079032,0.04505024148142023,0.00039873914082332463
2.38,0.004152204894034181,1.5219132745418615,-0.9772017371574078,-0.5344696371363427,0.0004843139882365058,5.238944817858074e-06,0.08962142123375597,-0.025256135478195357,-0.013283342023734893,-0.007082253516858296,0.008920587792916868,0.00016025145547015574,0.0665213735644792,-0.6467564374358045,-0.5225891657986437,-0.23221328881760694,-0.009932500850113102,-0.5520633906658248,0.4533144658313798,-4.5519413806922895,-4.751553051113667,-1.1067498466418075,0.04510428315478807,0.0002957308078260889
2.39,0.005051923460585404,1.5216028090262073,-0.9773758450876027,-0.5345522707160271,0.0005737939590756476,6.632889844024031e-06,0.08997185665512221,-0.031046551565429036,-0.017410793019490754,-0.00826335796843907,0.008947997083914187,0.00013939450261659568,0.0514433441907446,-0.6288012935879441,-0.5057585586833618,-0.19174595656493398,-0.010734458357656018,-0.5613533425229321,0.45364626492133575,-4.57091033442441,-4.7678959901928195,-1.1112990397639848,0.045107323524902106,0.00019071772354700483
2.4,0.005954076458866858,1.5212364473399342,-0.9775892419944819,-0.5346459610756872,0.0006634465100315958,7.815419886448955e-06,0.09021529982814541,-0.036636168627302984,-0.02133969068792595,-0.009369035966015696,0.00896525509559481,0.00011825300424249234,0.03633191261824163,-0.6086742807419427,-0.4873932310507189,-0.1503189797100628,-0.01154645373795904,-0.5671756245081562,0.4534441341879108,-4.587671086212751,-4.7829398210325555,-1.1153513360760223,0.04505958434343266,8.434189499138898e-05
2.41,0.00685759396266204,1.5208163841282594,-0.9778398253898245,-0.5347499190202354,0.0007531701386169092,8.78499125673422e-06,0.0903517503795182,-0.04200632116749185,-0.02505833953425759,-0.010395794454825592,0.008972362858531346,9.695713702852653e-05,0.02121402224420195,-0.5865008418209039,-0.46764393868000365,-0.10823732341059022,-0.01237680218137252,-0.5694944965060875,0.4527115821950176,-4.602199222998544,-4.796658586530624,-1.11889954783064,0.044961353450545985,-2.2749694002483108e-05
2.42,0.007761407960317889,1.5203449870173351,-0.9781253918975972,-0.5348633262865087,0.000842863489748396,9.541364443705761e-06,0.0903813997655849,-0.04713971109242021,-0.028556650777267392,-0.011340726627324361,0.008969335113148685,7.563731869715416e-05,0.006116356615376105,-0.5624151229192575,-0.4466675235839623,-0.06580980060926311,-0.013233439466060754,-0.5682958034328491,0.45145299539660916,-4.614481529108899,-4.809035602837858,-1.1219398729645542,0.044812982842623444,-0.00012990904819899524
2.43,0.00866445424219862,1.5198247822211508,-0.9784436537250054,-0.534985341524264,0.0009324254916550215,1.0085598523831387e-05,0.0903046281880731,-0.052020479618425736,-0.03182618274082931,-0.012201523775532146,0.008956200190662544,5.4423408012562664e-05,-0.008934781132740885,-0.5365592159945987,-0.42462573497660133,-0.023346788645617345,-0.0141238311591729,-0.5635870580071238,0.4496736013144097,-4.624516000685056,-4.820063445740075,-1.1244718895525936,0.04461488656923666,-0.00023649112748512713
2.44,0.009565674248609919,1.5192584395122188,-0.9787922554168489,-0.5351151063522743,0.001021755490228443,1.042003761957603e-05,0.0901220006411298,-0.056634270893186636,-0.03486016918435155,-0.012976482801029473,0.008932999857342153,3.344390957446426e-05,-0.023913587150139994,-0.5090823667737323,-0.40168403112703616,0.018842059502973463,-0.015054885205714186,-0.5553973902230924,0.4473794283211897,-4.632311796594689,-4.8297438721021155,-1.1264985266739873,0.04436753847107882,-0.0003418577902425973
2.45,0.010464016869758438,1.5186487566419378,-0.9791687907719973,-0.5352517514459806,0.0011107533814473161,1.0548289502020399e-05,0.0898342621148519,-0.060968287028117976,-0.03765353551483862,-0.013664509370629243,0.00889978912188731,1.2825188244436935e-05,-0.03879487310859776,-0.48014014931579524,-0.37801037110190533,0.06045009200172213,-0.01603286893448394,-0.54377736388252,0.4445772623702666,-4.637889123543406,-4.838087677067613,-1.128026011852305,0.044071469772629386,-0.00044538168948184484
2.46,0.01135844018963994,1.5179986432993213,-0.9795708198010984,-0.5353944026133468,0.0011993197415062183,1.047519648178615e-05,0.08944233198815012,-0.0650113342616366,-0.04020290291011307,-0.014265116736623232,0.008856636005890206,-7.309302023424801e-06,-0.053554178765656,-0.44989360889883345,-0.3537740052175643,0.10117590590491066,-0.01706333154695705,-0.5287986613679874,0.4412746010490936,-4.641279053573902,-4.845114488167731,-1.1290637954024043,0.04372726654541971,-0.0005464500979352878
2.47,0.01224791316615768,1.5173111046993273,-0.9799958856057683,-0.5355421868160529,0.0012873559542820917,1.020679877907818e-05,0.08894729765177412,-0.06875385999940392,-0.042506580466995215,-0.014778420270616805,0.008803621277587338,-2.683977027079703e-05,-0.06816787975376873,-0.4185083752081136,-0.32914427275620367,0.14072554914178004,-0.018151033164546637,-0.5105536386567062,0.43747960536932684,-4.64252327270005,-4.8508524979453504,-1.1296244521895156,0.043335567059794786,-0.0006444686387395992
2.48,0.013131417240262894,1.5165892248942516,-0.9804415310614625,-0.5356942380939438,0.0013747643357760258,9.750290609198203e-06,0.08835040741052143,-0.07218798050756295,-0.04456454556941742,-0.015205127789090873,0.0087408381493934,-4.5650816987997706e-05,-0.08261328944110183,-0.38615374820330445,-0.3042894151968563,0.1788146605580465,-0.01929988150220613,-0.48915475337913916,0.4332010497366737,-4.641673760059497,-4.855338137144385,-1.1297235614758012,0.04289705904495873,-0.0007388648989121307
2.49,0.014007947867481736,1.5158361499035604,-0.9809053151889535,-0.5358497033517123,0.0014614482551764743,9.113969263937645e-06,0.08765306272188415,-0.07530749906911871,-0.04637841274910109,-0.015546525776858975,0.00866839194004486,-6.363213452605581e-05,-0.09686875368340393,-0.3530017595055135,-0.27937541284263195,0.21517053240759054,-0.02051287719621464,-0.4647338695115322,0.4284482705699338,-4.638792397670288,-4.858615690943209,-1.129379565696747,0.042412476878777666,-0.0008290919035417858
2.5,0.014876515965846424,1.5150550707590362,-0.9813848291028054,-0.5360077479681256,0.0015473122522020617,8.307177511565855e-06,0.08685680983646872,-0.07810791445241348,-0.0479513913851977,-0.015804461641321547,0.008586399702558731,-8.067917523717907e-05,-0.11091373728547742,-0.31922621267108714,-0.25456485233905535,0.2495340804747126,-0.0217920687491987,-0.4374414430535701,0.42323111405904273,-4.633950511633762,-4.860736861123372,-1.1286136091721028,0.04188259873022594,-0.000914631429465894
2.5100000000000002,0.01573614927497894,1.5142492065631927,-0.9818777114293943,-0.5361675611896838,0.001632262150398296,7.3402396784448945e-06,0.08596333091325166,-0.08058641958435135,-0.049288232658881735,-0.015981322155819676,0.008494989819623431,-9.669378331209596e-05,-0.12472890101912207,-0.2850017062763477,-0.23001583213145577,0.28166170776512756,-0.023138517962966176,-0.4074455937765189,0.4175598835657721,-4.627228346421263,-4.861760277456196,-1.1274493579122382,0.041308243678443955,-0.000994997138187576
2.52,0.016585893621877908,1.5134217876594953,-0.9823816630918352,-0.5363283612724264,0.001716205166083035,6.224391813391589e-06,0.08497443468989659,-0.08274189036975149,-0.05039516624408622,-0.016080008274267803,0.008394301568473903,-0.0001115847865053305,-0.13829616810426604,-0.25050264432254876,-0.2058809124743877,0.3113270486988603,-0.02455227660761472,-0.37493106882485094,0.4114452871773456,-4.61871447470234,-4.861750961957538,-1.1259128018291638,0.04069026883308061,-0.0010697375088966053
2.5300000000000002,0.017424814089825304,1.5125760390129765,-0.9828944613645972,-0.5364894003376425,0.0017990500126605301,4.971706371548439e-06,0.08389204679473976,-0.08457486465186932,-0.05127982727620338,-0.016103906521600427,0.008284484657749497,-0.00012526854418431495,-0.15159877915199782,-0.21590223905157838,-0.18230611612211647,0.3383225816745282,-0.026032374928640634,-0.3400981046172512,0.4048983859220846,-4.608505145999006,-4.860779750001717,-1.1240320408006617,0.04002956648088113,-0.0011384385536849085
2.54,0.01825199608774983,1.5117151638993018,-0.9834139731065629,-0.5366499689094952,0.001880707000053309,3.5950118875115807e-06,0.08271819979245264,-0.08608751136747304,-0.05195117419655847,-0.01605685718527585,0.008165698739277898,-0.00013766944840368583,-0.16462133469106538,-0.18137151182912262,-0.15942998536228126,0.3624610989805166,-0.027576822424598912,-0.303161194107636,0.3979305431471225,-4.596703578268722,-4.858922672597129,-1.1218370561646305,0.039327061283334526,-0.001200726298387671
2.5500000000000003,0.019066546318345985,1.5108423279991767,-0.9839381670877801,-0.5368094001050164,0.0019610881290348854,2.1078081376015456e-06,0.08145502305961555,-0.08728359001250188,-0.05241939812172731,-0.01594311955211793,0.008038112898157613,-0.0001487203749910035,-0.17734982455317436,-0.14707829828180624,-0.13738270057013022,0.38357702413966194,-0.02918262113680714,-0.2643477670434966,0.3905533755410257,-4.583419197309936,-4.85626030440538,-1.1193594693374922,0.038583707549595656,-0.0012562690139250503
2.56,0.019867593644239234,1.50996064399317,-0.9844651253321134,-0.5369670734495374,0.002040107180283993,5.241773182767806e-07,0.0801047325893249,-0.08816840060066894,-0.05269582443332164,-0.01576733445209951,0.007901905124910765,-0.0001583630819324765,-0.18977164357249893,-0.11318626434748799,-0.11628526498614496,0.4015275679484027,-0.030845791488919305,-0.22389679137399338,0.3827787062591293,-4.568766829632303,-4.852877082331608,-1.1166322893542866,0.037800486607855094,-0.0013047791845582166
2.57,0.02065428985249292,1.509073156749503,-0.9849930534053704,-0.5371224182933997,0.0021176797980223317,-1.1413082083814258e-06,0.07866962082536834,-0.08874872436671116,-0.05279280732569974,-0.01553448438623013,0.007757261773833905,-0.00016654855266582064,-0.2018755932586943,-0.07985394030211004,-0.09624875995097253,0.41619371570206865,-0.03256141049826111,-0.18205730443504825,0.3746185205768281,-4.552865855122734,-4.848860599723294,-1.1136896512176861,0.03697840429685776,-0.0013460152010975127
2.58,0.021425810318756303,1.5081828291941284,-0.9855202895862328,-0.5372749168086949,0.0021937235681420662,-2.873681030580885e-06,0.07715204662633822,-0.08903275553747483,-0.05272361808624261,-0.015249851529516165,0.0076043770119734715,-0.00017323728221994592,-0.2136518693249865,-0.04723378014108311,-0.07737367436737887,0.4274810393141517,-0.03432366196183523,-0.13908688294483623,0.3660849244565401,-4.535839326454089,-4.844300881388147,-1.1105665470179449,0.036118488597395075,-0.001379782768799812
2.59,0.022181354573338842,1.5072925289484613,-0.9860453128653869,-0.5374241065478144,0.0022681580907758987,-4.657676075443752e-06,0.07555442545825401,-0.08903002456670467,-0.05250232791540503,-0.014918973911946559,0.007443452263383244,-0.00017839950448628671,-0.22509203518783047,-0.01547125391032938,-0.059749311718920714,0.43532032934413667,-0.03612589800207788,-0.09525006120370541,0.35719010636837284,-4.517813062711498,-4.839289644776107,-1.1072985518446832,0.035221787421359195,-0.0014059360214555053
2.6,0.022920146772446953,1.5064050158154387,-0.9865667497266045,-0.5375695825487209,0.0023409050473106345,-6.477829668064683e-06,0.07387921991081108,-0.08875131330225244,-0.05214368612176264,-0.014547600090658138,0.007274695653473562,-0.0001820153592620931,-0.23618898179661157,0.015296019311606958,-0.043453277529890304,0.439668043188161,-0.037960711145875736,-0.050816707185590226,0.34794630265349424,-4.498914725141781,-4.83391955276678,-1.103921546554174,0.034289366573393716,-0.0014243783349820842
2.61,0.02364143607871989,1.5055229301891755,-0.9870833796721125,-0.5377109989750689,0.002411888261893914,-8.318579648763955e-06,0.07212893062729386,-0.0882085626263208,-0.051662994550794684,-0.014141642634796787,0.00709832145832799,-0.00018407499806992721,-0.2469368743936211,0.04493909009083636,-0.028551049734301833,0.440506566997884,-0.03982001591447126,-0.006060366442341897,0.3383657666639077,-4.47927288325401,-4.828283463560177,-1.100471439481757,0.03332230789736129,-0.0014350628356990483
2.62,0.02434449695603549,1.5046487824573835,-0.9875941394633643,-0.5378480702825801,0.0024810337575322952,-1.016436593004476e-05,0.07030608773155998,-0.08741477317919286,-0.051075979125186244,-0.013707130751117999,0.006914549563838101,-0.0001845786281280804,-0.2573310870399014,0.07333844141846228,-0.015095634004920474,0.43784429016927,-0.04169513872145014,0.03874341607905693,0.3284607418538338,-4.459016079707788,-4.822473683186126,-1.096983889198112,0.032321707616837815,-0.0014379926003461779
2.63,0.025028629384309782,1.5037849434589483,-0.9880981260572548,-0.5379805719064106,0.002548269806926168,-1.1999730872257483e-05,0.06841324282742929,-0.08638389984351638,-0.05039865938904804,-0.013250162383049735,0.006723604939387272,-0.00018353649422127237,-0.2673681259644727,0.10038468829693567,-0.003127305689546325,0.4317154925157346,-0.04357691472379832,0.08331878609706692,0.31824343893735413,-4.438271902515603,-4.816581226125822,-1.093494030400219,0.031288674875693964,-0.0014332205468118044
2.64,0.025693159000674336,1.5029336360516634,-0.9885945982268408,-0.5381083404675981,0.002613526978232184,-1.3809418858236006e-05,0.06645296163645525,-0.08513074072849194,-0.049647216958603455,-0.012776856118751661,0.006525717130601605,-0.0001809687985978523,-0.2770455429974279,0.12597920721789682,0.007326560402217077,0.42218004549490623,-0.045455790141123,0.12739127166947548,0.30772601716555525,-4.4171660730549,-4.810695089478319,-1.0900362050030898,0.030224330481612282,-0.0014208490164474607
2.65,0.026337437173970333,1.5020969278371616,-0.9890829768647166,-0.5382312735000444,0.002676738175986002,-1.557847445220127e-05,0.06442781732959983,-0.08367082145018412,-0.048837863787580045,-0.012293303244622694,0.006321119775381787,-0.00017690555939652648,-0.28636184052472147,0.15003468911819884,0.016251571512971234,0.40932293011240484,-0.047321928465720475,0.1706894662238568,0.29692056971527914,-4.39582155823547,-4.80490154600597,-1.0866437004570642,0.029129805852169077,-0.0014010290507480842
2.66,0.02696084101994029,1.5012767250816155,-0.9895628439762835,-0.5383493287028417,0.0027378386774564137,-1.729233853700164e-05,0.062340384596995646,-0.08202027555460677,-0.04798671115668553,-0.011805520279729738,0.006110050147041171,-0.0001713864084800369,-0.2953163695503932,0.17247561001817052,0.02364630931132829,0.39325357532080374,-0.04916531892195963,0.21294669275819106,0.28583911312187343,-4.374357714901074,-4.799283461256611,-1.0833484972580092,0.028006242159957926,-0.001373959367060551
2.67,0.027562773364820235,1.5004747678618822,-0.9900339403792142,-0.5384625227260789,0.002796766164735511,-1.89369418362345e-05,0.060193234487994705,-0.0801957219733285,-0.04710964029307448,-0.011319402323722085,0.005892748727909714,-0.00016446032992328588,-0.3039092225659732,0.19323861426456748,0.029522233093040477,0.374105021917972,-0.05097588550826648,0.25390263914514444,0.27449358063104773,-4.352889474167663,-4.793919639787745,-1.0801810275448336,0.02685478967019714,-0.0013398850398360488
2.68,0.02814266266523349,1.4996926264575194,-0.9904961621343893,-0.5385709295015382,0.0028534607528978317,-2.0498795243898296e-05,0.05798893004132541,-0.0782141404362726,-0.04622217551751167,-0.010840677545928133,0.005669458816232093,-0.0001561853407663795,-0.31214112300407404,0.21227280611410776,0.03390349419430279,0.35203291811035975,-0.05274359496266734,0.2933049546639615,0.262895819291115,-4.331526572921313,-4.788884205310472,-1.077169946590959,0.025676607261410928,-0.001299095895751977
2.69,0.02869996289236013,1.4989316989995947,-0.990949555742428,-0.5386746781329034,0.002907865014583864,-2.1965076403871074e-05,0.055730022712664105,-0.07609274579248086,-0.04533936080387785,-0.010374863136518994,0.005440426168603245,-0.00014662811599727794,-0.3200133130922677,0.22953994628622487,0.03682666244704516,0.32721435397222165,-0.05445856203623789,0.33091079811569757,0.2510575905573344,-4.310372839127734,-4.784246019329468,-1.074341918894732,0.02447286211714741,-0.0012519246327854024
2.7,0.029234153388305414,1.4981932103775313,-0.9913943121486042,-0.5387739503632213,0.0029599240013794613,-2.3323712004585848e-05,0.05341904959452865,-0.0738488622063309,-0.04447564061761426,-0.009927223031794037,0.005205898679559746,-0.00013586356007147746,-0.3275274419240163,0.24501455106885417,0.03834036594843866,0.2998465431403813,-0.05611115053378368,0.36648832817479454,0.2389905741354955,-4.289525536953521,-4.780068142581804,-1.0717214204590932,0.02324472957433741,-0.0011987446750119722
2.71,0.02974473870241912,1.4974782123954948,-0.9918307596073692,-0.5388689776403698,0.003009585262372416,-2.4563455280641527e-05,0.051058531411370414,-0.07149979820365517,-0.043644745876506304,-0.009502727714847597,0.004966126099295435,-0.00012397432760556787,-0.33468545552517986,0.2586838925675339,0.038504845902591414,0.2701453610420461,-0.05769206868772425,0.3998181269727499,0.22670637475300465,-4.269074776980417,-4.776407343273236,-1.0693305587242714,0.021993393111849054,-0.0011399677765211707
2.72,0.030231248415032146,1.496787585160103,-0.9922593554658565,-0.5389600378041703,0.0030567988602705136,-2.5673958242594397e-05,0.048650971261302606,-0.06906272353919893,-0.04285958584873545,-0.009106016380051934,0.004721359789809784,-0.00011105029619528687,-0.3414894906213424,0.2705478997211423,0.03739142877848052,0.23834374994815388,-0.05919245756201441,0.43069454830637166,0.2142165315128514,-4.249102996022073,-4.773313655777657,-1.067188911479935,0.020720044461067445,-0.0010760413893712015
2.73,0.030693236955684884,1.4961220396716648,-0.992680676933549,-0.5390474514215202,0.0031015173854619404,-2.6645838188644272e-05,0.046198854065273624,-0.06655454884380248,-0.04213214676925071,-0.008741361734990407,0.00447185251914267,-9.718799460498766e-05,-0.34794177370316565,0.2806189607575758,0.03508191855187959,0.20469000200718712,-0.06060397133837547,0.4589269823042622,0.20153252945948014,-4.229684510242892,-4.7708299931057745,-1.0653133859363506,0.019425883818961404,-0.0010074458119454957
2.74,0.031130283422433395,1.4954821215817975,-0.9930954109127104,-0.539131577798487,0.003143695968389076,-2.7470738087164713e-05,0.04370464667485097,-0.06399180898673221,-0.04147339791613127,-0.008412637696671372,0.004217858292713578,-8.248998985204416e-05,-0.35404452685019744,0.28892162880309835,0.03166791232785853,0.16944593228112614,-0.061918848509885605,0.48434102887873093,0.18866581296576973,-4.210885144445896,-4.768991816064591,-1.0637180989788857,0.018112120143082455,-0.0009346911354093339
2.75,0.031541991408246234,1.4948682160712377,-0.993504342971147,-0.5392128107006883,0.0031832922905908863,-2.8141380456816158e-05,0.04117079858128375,-0.06139055105597324,-0.04089320584365921,-0.008123290220128268,0.003959632220181029,-6.70642369651443e-05,-0.35979988161051163,0.29549223338093256,0.027250043204314407,0.13288495452570248,-0.06312997319199054,0.5067795728196792,0.17562780053727842,-4.192761939555782,-4.767826861622403,-1.0624142794679625,0.01677997150729643,-0.0008583140071916954
2.7600000000000002,0.03192798883985899,1.4942805537930628,-0.9939083455453299,-0.5392915738154569,0.0032202665947476884,-2.8651614411092662e-05,0.0385997431612756,-0.05876622781747837,-0.04040025741829719,-0.007876311476859507,0.0036974304156802314,-5.1023395427650526e-05,-0.36520980205041814,0.30037840151239653,0.021937154792575173,0.09529007319478933,-0.06423092595663071,0.5261037539652585,0.1624299006234281,-4.1753629394894,-4.767354932567144,-1.0614101932786268,0.015430665496751771,-0.0007788742315269035
2.77,0.03228792783374914,1.4937192178184238,-0.9943083654678069,-0.5393683159912379,0.0032545816940356387,-2.899645557634204e-05,0.03599389938901474,-0.0561335974639083,-0.04000199224769844,-0.0076742175781024154,0.00343150992879501,-3.4484116524937815e-05,-0.3702760178896995,0.3036384930595507,0.01584541239443568,0.056951805725963145,-0.06521602379192792,0.5421938264955539,0.14908352802532343,-4.158727057791903,-4.767587750101493,-1.06071109160154,0.014065439620644618,-0.0006969512280767395
2.7800000000000002,0.03262148457314441,1.4931841515143736,-0.9947054109181207,-0.5394435062913752,0.003286202981067455,-2.9172118636305367e-05,0.03335567393952695,-0.0535066304050182,-0.03970454503138305,-0.007519030013719739,0.003162128703181625,-1.75663059963326e-05,-0.3749999684287334,0.3053409558001415,0.009097356405003094,0.01816604972207503,-0.06608034898834836,0.5549499020452264,0.13560012049610806,-4.142884023635591,-4.76852887055905,-1.0603191828517673,0.012685541721722895,-0.0006131403705109506
2.79,0.032928359209197976,1.49267516727651,-0.9951005379010706,-0.5395176289008916,0.0033150984366613965,-2.9176042301772917e-05,0.030687463605355937,-0.05089842378635027,-0.0395126982949908,-0.007412260951649357,0.002889545559394151,-3.923665467550276e-07,-0.37938275776065067,0.3055636064978496,0.0018209040824947315,-0.020768089931565314,-0.06681976694271707,0.5642925720145375,0.12199115514174154,-4.127854406040536,-4.770173666954987,-1.0602336283545153,0.011292230362156588,-0.0005280492276473862
2.8000000000000003,0.03320827578866726,1.4921919560329977,-0.9954948363600538,-0.5395911779260469,0.003341238638643073,-2.9006906550768054e-05,0.027991657946928008,-0.04832112435121858,-0.039429845898322186,-0.0073549025155328135,0.0026140201981676714,1.691357510048642e-05,-0.3834251215476028,0.3043928449055749,-0.005851693625561028,-0.059550498595742574,-0.06743093305607761,0.5701634051663766,0.10826816424751819,-4.113649714490928,-4.772509375604904,-1.0604505617992488,0.009886775166371112,-0.0004422937303386275
2.81,0.03346098220963403,1.4917340974311568,-0.9958894160363645,-0.5396646521273419,0.0033645967708450636,-2.8664642032456268e-05,0.0252706420966773,-0.0457858601840957,-0.03945796763107295,-0.007347420129498419,0.0023358132201990304,3.422645183117857e-05,-0.3871274054322463,0.30192280821578515,-0.013784932976019737,-0.09788225841060927,-0.06791128907104982,0.5725253173391754,0.09444275017787755,-4.100272573495671,-4.775515207560431,-1.0609631322766364,0.008470457102651726,-0.00035649428773645365
2.82,0.033686250206014366,1.491301070613232,-0.9962853921876614,-0.5397385496272347,0.00338514863242832,-2.815043157643828e-05,0.02252679963803348,-0.04330268179249107,-0.03959761512969735,-0.0073897499892694165,0.002055186158325647,5.1421045601798977e-05,-0.3904895549555702,0.2982544739359592,-0.021841168336227346,-0.13546784799913703,-0.06825904935129001,0.5713628108586193,0.08052659902369709,-4.087716968081734,-4.779162524122832,-1.0617615705377763,0.007044568686762174,-0.0002712718768666444
2.83,0.033883875360840504,1.4908922654842287,-0.9966838712803089,-0.5398133626341152,0.0034028726476077117,-2.7466703797919853e-05,0.019762515482613825,-0.04088051290031324,-0.03984790926474106,-0.007481300688045971,0.0017724015179391628,6.837277785184254e-05,-0.39351111666589267,0.2934947195220718,-0.02988174494538205,-0.172017319476522,-0.06847317774442918,0.5666820820152834,0.06653149270157455,-4.075968556717018,-4.783415075209972,-1.062833277943319,0.005610414092432358,-0.00018724412960243933
2.84,0.034053677147563646,1.4905069943718325,-0.9970859367709176,-0.5398895722240571,0.0034177498758225086,-2.6617118838154906e-05,0.0169801786723145,-0.03852711123961636,-0.04020654906086758,-0.007620958994194401,0.0014877228214796776,8.49584959764948e-05,-0.3961912499325427,0.28775534734395997,-0.037768144979164815,-0.20724843697212408,-0.068553355790824,0.5585109957610777,0.05246931924312777,-4.065005047737445,-4.788229298870994,-1.0641629374025474,0.004169309155336871,-0.00010502144113486302
2.85,0.034195498997937064,1.4901445039764265,-0.9974926350921417,-0.539967643221516,0.003429764022351841,-2.5606546328226848e-05,0.014182185037342074,-0.0362490395406128,-0.04066983212240797,-0.007807099745888828,0.0012014146529332572,0.00010105725099280585,-0.3985287488247276,0.28115208368376315,-0.04536313805659129,-0.24088876099018303,-0.06849994314223551,0.5468989275796412,0.03835208104839364,-4.054796634999758,-4.793554679770909,-1.0657326454403289,0.0027225812590683236,-2.5203123902123596e-05
2.86,0.034309208394401436,1.4898039875080975,-0.9979049619566048,-0.5400480192194743,0.003438901449335788,-2.4441035712363014e-05,0.011370939646437504,-0.03405164683290568,-0.04123268644631664,-0.00803759979582902,0.000913742698394694,0.00011655106158638343,-0.400522073282825,0.2738035604921767,-0.05253192706063617,-0.27267766329242377,-0.06831393113659878,0.5319164732934244,0.024191900915384267,-4.045306488194695,-4.79933416400744,-1.067522064374166,0.0012715690935748325,5.162636934122496e-05
2.87,0.03439469698431636,1.4894845969072472,-0.998323849090733,-0.5401311177785464,0.003445151187125319,-2.312777911427058e-05,0.008548858991492754,-0.031939060085035796,-0.041888713412814034,-0.008309855907208208,0.0006249737789531067,0.0001313256598092435,-0.4021693886960615,0.2658302885437117,-0.05914327999893369,-0.3023682573161057,-0.06799689053776303,0.513655028368819,0.010001025697277682,-4.036491293030568,-4.805504627178944,-1.069508593435341,-0.00018237772144125792,0.0001249011300597264
2.88,0.03445188071286942,1.489185455045992,-0.9987501515072589,-0.5402173258432523,0.0034485049458493422,-2.1675066976143695e-05,0.005718372855305723,-0.029914186125524583,-0.042630241652587435,-0.008620806470593755,0.00033537587240230004,0.0001452712138126886,-0.4034686129089099,0.2573536304595462,-0.06507063854363367,-0.3297292297127342,-0.06755091449343387,0.49222623908791,-0.004208172521130827,-4.028301836329236,-4.811997392198583,-1.071667557528307,-0.0016378991536182956,0.00019407736338797723
2.89,0.03448069997105179,1.4889056678089176,-0.9991846354212507,-0.5403069954120581,0.0034489571270549866,-2.0092236744736726e-05,0.0028819258182368754,-0.02797872370743737,-0.043448391399177874,-0.008966956880570148,4.521812056444203e-05,0.00015828302314069666,-0.40441746960670766,0.24849478180625675,-0.0701931939223934,-0.35454655919806255,-0.06697855779040895,0.4677613287370147,-0.018423197795551217,-4.020683630958711,-4.818738792949979,-1.0739724121920122,-0.003093625418917329,0.00025863682051258184
2.9,0.034481119754720665,1.4886443359539099,-0.9996279669097211,-0.5404004394958701,0.003446504835248352,-1.83896149219484e-05,4.1978366887283815e-05,-0.026133185500782027,-0.04433314884704278,-0.009344408381204821,-0.00024522918066348907,0.00017026218227883264,-0.40501354697999814,0.23937376814658928,-0.07439692095588363,-0.37662510966243146,-0.06628277349609957,0.4404103027415165,-0.03263143427047608,-4.013577575451625,-4.825650779506927,-1.0763949632065064,-0.004548177787850304,0.00031809007283958195
2.91,0.03445312983047564,1.4884005666566762,-1.0000807014092283,-0.5404979283974795,0.003441147889137528,-1.6578452838451073e-05,-0.002798992424502718,-0.024376929723377155,-0.04527344995072341,-0.009748890160936293,-0.0005356946110824175,0.00018111620834973267,-0.40525436053429736,0.2301084655253471,-0.0775755612656959,-0.39579008535843996,-0.06546684806977443,0.4103410374268134,-0.0468201526915228,-4.0069206431188045,-4.8326515602977,-1.0789055991788663,-0.006000169536310027,0.0003719796077702595
2.92,0.03439674490386017,1.4881734846461598,-1.0005432741394236,-0.5405996863419859,0.003432888832357972,-1.4670856547773812e-05,-0.005638492661547182,-0.02270820105164591,-0.04625727301952766,-0.01017579445064216,-0.0008259056779555758,0.00019075962906772617,-0.40513741889710886,0.2208136514307024,-0.07963154701292102,-0.411888336947369,-0.06453433600743375,0.3777382578152988,-0.06097651943117694,-4.000646595454587,-4.839656276286487,-1.08147353534487,-0.007448207038411814,0.00041988272700047816
2.93,0.03431200478525995,1.4879622428422752,-1.0010159915332846,-0.5407058884855229,0.003421732943442437,-1.2679711274668317e-05,-0.008474011860021871,-0.02112418038846431,-0.04727173938609747,-0.010620214353711792,-0.0011155888915535049,0.00019911452731054946,-0.40466029147540683,0.21160009279292763,-0.08047685696610807,-0.4247895082597358,-0.06348899505275951,0.3428024105639966,-0.07508760794018533,-3.994686714637472,-4.84657770197346,-1.0840670667377148,-0.008890890996884249,0.00046141422946887646
2.94,0.034198974548806944,1.4877660324122157,-1.001499023746855,-0.5408166583266649,0.0034076882447836767,-1.0618600885328349e-05,-0.01130302364530042,-0.019621043005954186,-0.04830322135704708,-0.011076984114197124,-0.001404469865876009,0.0002061110389339969,-0.4038206768319526,0.20257367708070242,-0.0800337972328361,-0.4343870148028367,-0.06233472296439024,0.30574843881193225,-0.08914041250150927,-3.988970549949397,-4.853326967783725,-1.0866538288029448,-0.010326817804752322,0.0004962288623998716
2.95,0.034057744679608905,1.4875840921669448,-1.001992398312759,-0.5409320655417528,0.0033907655103281604,-8.50172287788703e-06,-0.014122986919804122,-0.01819402452709078,-0.049337456590381995,-0.011540721508779968,-0.001692273445551625,0.0002116878007441319,-0.402616470677825,0.1938345920408398,-0.07823569962714784,-0.44059884628923307,-0.06107549677748825,0.26680446633165,-0.10312186413065205,-3.9834266729630343,-4.859814298226364,-1.0892010634803053,-0.01175458103036861,0.0005240235253110385
2.96,0.03388843120470726,1.4874157172253324,-1.0024959949926429,-0.541052124262059,0.0033709782717329575,-6.343799419396249e-06,-0.016931347490164214,-0.016837494161229444,-0.050359667988385856,-0.01200587203062017,-0.0019787238595202813,0.00021579234584907821,-0.40104583241783165,0.1854765591122964,-0.0750275313619335,-0.4433681868158518,-0.059715315437785854,0.2262103989493661,-0.11701884843544866,-3.977983436374064,-4.8659497600601185,-1.0916758887289015,-0.013172773016262245,0.0005445392133724074
2.97,0.033691175803317985,1.4872602668796815,-1.0030095418741105,-0.5411767918072419,0.0033483428227158037,-4.159984980022004e-06,-0.019725540138927782,-0.015545034565092262,-0.0513546881467617,-0.012466754518292985,-0.0022635449017153883,0.00021838144393742441,-0.3991072492357805,0.17758612503688484,-0.07036641056295193,-0.44266384769236744,-0.058258146618875184,0.1842164517431572,-0.13081822522054504,-3.9725697313807147,-4.8716440146036994,-1.0940455694422533,-0.014579986580822973,0.0005575626881086274
2.98,0.03346614589212656,1.487117171603059,-1.0035326127477266,-0.5413059678859538,0.003322878221329998,-1.9657711363234253e-06,-0.022502991119142588,-0.01430952766226937,-0.052307087361612076,-0.012917607871192796,-0.0025464601385805485,0.00021942138436985788,-0.39679959676468096,0.17024201569880593,-0.06422202296523279,-0.4384805094093308,-0.05670787845951564,0.14108161099515165,-0.1445068495968883,-3.9671157385331495,-4.876809068277513,-1.0962777876849576,-0.01597481681051242,0.0005629278651139649
2.99,0.033213534681685634,1.4869859391458518,-1.0040646257893844,-0.5414394942707943,0.0032946062899011264,2.2311086691195787e-07,-0.02526112104409279,-0.013123245720717991,-0.05320130416578373,-0.013352638484048907,-0.002827193142887187,0.0002188882003235383,-0.394122195453782,0.1635145557527297,-0.05657693608805581,-0.4308387706973599,-0.0550682768782389,0.09707204030625632,-0.15807159433507087,-3.961553666990611,-4.881359015460896,-1.0983409101829553,-0.017355862929130404,0.0005605169101943944
3.0,0.03293356120029691,1.4868661596762631,-1.0046048435628396,-0.5415771549510712,0.003263551612371477,2.390789192835851e-06,-0.027997348138872107,-0.011977946958867098,-0.054021777345529265,-0.013766068027687529,-0.0031054677529649367,0.00021676783259238933,-0.39107486181750645,0.15746515715553122,-0.047426808156223965,-0.4197850041658556,-0.05334294903765291,0.05245944064765057,-0.17149937318343145,-3.955818477134511,-4.885210767794941,-1.1002042510150067,-0.018721730229658846,0.0005502610371501053
3.0100000000000002,0.03262647028214269,1.4867575099269976,-1.005152374346615,-0.5417186767630804,0.0032297415288102833,4.5213515130236875e-06,-0.030709091815422244,-0.010864974926539728,-0.0547530783775509,-0.014152181200921585,-0.003381008356119335,0.00021305623201878365,-0.38765795383136087,0.1521458792977858,-0.036780490039785084,-0.40539101954818413,-0.05153531344070705,0.007519374430199566,-0.1847771648577716,-3.9498485814938014,-4.888284764155852,-1.101838327483993,-0.02007103205338543,0.0005321410022540959
3.02,0.0322925325168609,1.48665975631813,-1.005706174778869,-0.5418637304938749,0.0031932061268633433,6.598945512130453e-06,-0.03339377652817868,-0.009775360886761156,-0.055380043225382106,-0.014505373079452004,-0.0036535401946940055,0.00020775939991067653,-0.383872409826245,0.1475990630385079,-0.024660019513196393,-0.38775353709294963,-0.04964857704692616,-0.03747043608477629,-0.19789203739965644,-3.9435865189485484,-4.890505655667037,-1.1032151071930156,-0.02140239180039007,0.0005061872923567659
3.0300000000000002,0.03193204415822498,1.4865727570340457,-1.0062650538032956,-0.542011932450794,0.0031539782299339564,8.607879173941267e-06,-0.036048835863592206,-0.00869992840842899,-0.055887902442663076,-0.01482019569190786,-0.003922789692938676,0.00020089336618108144,-0.3797197803243817,0.14385704057855472,-0.011100508157753562,-0.3669934751681829,-0.04768571969667601,-0.08223182552348096,-0.2108311725946711,-3.9369795971938952,-4.891802960308747,-1.1043082444128587,-0.02271444495506569,0.0004724800054407304
3.04,0.03154532699008917,1.4864964630403696,-1.0068276778887857,-0.5421628464853996,0.0031120933819082206,1.0532720227252717e-05,-0.038671716813580975,-0.007629399367600746,-0.05626240854900731,-0.015091403460556171,-0.004188484802573588,0.00019248410533114505,-0.3752022523584416,0.14094192276073542,0.003850077750823709,-0.3432550576173539,-0.04564948602881658,-0.12648790666649357,-0.22358189014106974,-3.929980498475534,-4.892111681920673,-1.105093303903897,-0.02400584111017385,0.0004311484243523305
3.0500000000000003,0.031132728148284675,1.4864309180349027,-1.007392577485501,-0.5423159864569463,0.003067589828261257,1.2358394135072582e-05,-0.041259884180449485,-0.006554500546686118,-0.056489959671536354,-0.015313997154670519,-0.004450355364696385,0.0001825673907819865,-0.3703226659188962,0.13886546505137193,0.020131240035054402,-0.31670474783128555,-0.04354238496824547,-0.1699647855711116,-0.23613167126298198,-3.9225478436568,-4.891372888673594,-1.1055479704466018,-0.02527524597299958,0.00038237028633451376
3.06,0.03069461989769434,1.4863762573347423,-1.0079581546703145,-0.5424708191171256,0.003020508493406623,1.4070280019485527e-05,-0.04381082505903379,-0.005466070016032394,-0.05655771848134033,-0.015483266017925094,-0.004708133485463351,0.0001711885884412946,-0.3650845222843859,0.13762901313452205,0.03767037180512718,-0.28753001787608684,-0.04136669674957383,-0.2123932598955346,-0.24846818147104333,-3.9146467097539293,-4.889534246408574,-1.105652242439927,-0.026521343337502532,0.00032637075286765383
3.0700000000000003,0.030231399364286045,1.4863327057099298,-1.0085226919253005,-0.5426267673945986,0.0029708929541786794,1.565430392714949e-05,-0.04632205334082943,-0.004355162481252141,-0.05645372549860336,-0.015594827747297283,-0.00496155392279438,0.00015840239076639613,-0.3594919841046652,0.13722352872710578,0.05638327685570126,-0.25593796229659577,-0.03912448732743257,-0.25351048984995944,-0.26057929218692016,-3.9062490961879597,-4.886550502603489,-1.1053886080453619,-0.02774283700695289,0.00026342108617850054
3.08,0.029743488222439385,1.4863005741821076,-1.0090843619842231,-0.5427832140547948,0.0029187894093666376,1.7097028856684196e-05,-0.048791114184665876,-0.003213152782217308,-0.05616700589225938,-0.015644666019625376,-0.005210354481204162,0.00014427249295347066,-0.35354986722554943,0.13762969589342838,0.07617478024677055,-0.22215376742749365,-0.036817629908190375,-0.29306163135319535,-0.27245310096680503,-3.897334335157034,-4.88238391712372,-1.104742202485575,-0.028938452652409585,0.00019383704059094996
3.09,0.029231332338447987,1.4862802558147472,-1.0096412386738143,-0.5429395057076243,0.002864246645249109,1.8385740989092087e-05,-0.05121558839913986,-0.0020318367360300706,-0.05568766895912373,-0.015629165282943298,-0.0054542764117528515,0.00012887121324078911,-0.3472636243699783,0.1388181077951144,0.09693942427778514,-0.1864190481370378,-0.034447833218482105,-0.33080142118472355,-0.2840779500824942,-3.8878894417388055,-4.8770046363427975,-1.1037009452494184,-0.03010693959354184,0.0001179769786539168
3.1,0.02869540137161272,1.4862722205294805,-1.0101913086691414,-0.5430949571331519,0.0028073159971086976,1.950853158569229e-05,-0.05359309668352687,-0.0008035285266685341,-0.05500699953271275,-0.015545142552766941,-0.00569306481404111,0.00011227905966002037,-0.3406393209166035,0.14074953344660115,0.1185622433794015,-0.14899006492205558,-0.032016676009329226,-0.36649570419960814,-0.29544244324688174,-3.8779093995962572,-4.8703910076763,-1.1022556561086105,-0.031247072489701436,3.62397236804646e-05
3.11,0.028136188334849984,1.4862770089908945,-1.010732484075567,-0.5432488558929356,0.002748051306737205,2.0454374044707708e-05,-0.05592130367627352,0.0004788461414079444,-0.05411754064254828,-0.015389875978370743,-0.005926469037149262,9.458424590154179e-05,-0.3336836031476655,0.14337526365499215,0.140919610857907,-0.11013583515332148,-0.02952564717745454,-0.3999228930148531,-0.3065354603034839,-3.8673973784866247,-4.862529832053154,-1.1004001490144832,-0.03235765293082271,-5.093783804277686e-05
3.12,0.02755420911721569,1.486295225609788,-1.0112626157437652,-0.5434004671926406,0.0026865088759728,2.1213195637460894e-05,-0.05819792176342936,0.0018216618893455469,-0.05301316681983309,-0.01516112997049909,-0.006154243076440507,7.588215927531859e-05,-0.3264036594678965,0.1466375348964967,0.16388014992065736,-0.07013615300929077,-0.026976190773861486,-0.43087535097616947,-0.31734616973643204,-3.856364880167226,-4.853416552349303,-1.0981313031145234,-0.03343751091962657,-0.00014308339057582256
3.13,0.02695000197118072,1.4863275307222832,-1.0117795072190057,-0.5435490389597368,0.002622747416340644,2.1775943477924385e-05,-0.06042071460349721,0.003230511249514789,-0.051689147524040586,-0.014857176709625716,-0.006376145963215598,5.627478404634894e-05,-0.3188071752254445,0.15047002941954563,0.1873057010118437,-0.029279533259066293,-0.0243697550630122,-0.45916068967061974,-0.3278640388979147,-3.844831809755946,-4.843055376323901,-1.0954491103066828,-0.03448550623872231,-0.00023969204092757265
3.14,0.026324126967879384,1.4863746320092996,-1.012280929221469,-0.5436938070985622,0.002556827994897426,2.2134644314932827e-05,-0.06258750033013358,0.004710128701637251,-0.05014220024632699,-0.01447681388253392,-0.006591942144321838,3.587008370084414e-05,-0.3109022818904397,0.15479844936285722,0.21105233718276364,0.012138905455385096,-0.021707844698333423,-0.484602972768135,-0.33807884189357834,-3.832826470139075,-4.831459333123409,-1.0923566989331,-0.03550052969848743,-0.0003402293733475995
3.15,0.02567716542388065,1.4864372752276616,-1.0127646345507575,-0.5438340008838057,0.0024888139764075927,2.2282457774480247e-05,-0.06469615439987336,0.00626432183619888,-0.04837053292885952,-0.01401937852435387,-0.006801401848983317,1.4781345954741989e-05,-0.3026975014656356,0.1595411621359916,0.23497141901249877,0.05381960184689083,-0.018992074993176455,-0.5070438185376117,-0.34798066511236747,-3.8203854776239528,-4.818650262949239,-1.0888603334024292,-0.03648150426403628,-0.0004441346864806524
3.16,0.02500971930329546,1.4865162343304827,-1.0132283733049905,-0.5439688484525358,0.0024187709620042846,2.221372271995961e-05,-0.06674461205851889,0.007895910282129322,-0.046373875423301666,-0.013484756873005474,-0.007004301440330799,-6.8735054520636e-06,-0.29420168711255035,0.16460991373193343,0.2589106804881083,0.0954607415007791,-0.01622422719266914,-0.5263433940031474,-0.3575599104347992,-3.8075535977051143,-4.804658740014816,-1.0849693897197783,-0.03742738606210075,-0.0005508243934409152
3.17,0.024322410599226074,1.4866123010603838,-1.0136699083029506,-0.5440975823542655,0.0023467667245106144,2.192399644070395e-05,-0.06873087040693886,0.009606672990109442,-0.04415349979601478,-0.012873390172978455,-0.007200423749367011,-2.8972627925566337e-05,-0.2854239610731921,0.16991060602954963,0.28271533722828857,0.1367604584021327,-0.013406303595454583,-0.542381294367221,-0.36680729620191865,-3.79438350054536,-4.7895239294436305,-1.080696307093705,-0.03833716527119686,-0.000659695563871357
3.18,0.0236158806986794,1.4867262741044964,-1.014087030596663,-0.5442194451182186,0.00227287114061658,2.1410086423496245e-05,-0.07065299005466733,0.011397304411271682,-0.041712229371241784,-0.012186276395311496,-0.0073895583894034505,-5.1391001720770536e-05,-0.2763736510491096,0.17534413350548342,0.30622920850760804,0.17741903222075672,-0.010540581335869437,-0.5550573020300331,-0.37571385607526125,-3.7809354365594565,-4.773293379275805,-1.0760565159790183,-0.03920986690098219,-0.000770129586192375
3.19,0.0228907897351019,1.4868589479050305,-1.0144775749615227,-0.5443336947969213,0.002197156120123147,2.0670074507551537e-05,-0.07250909635775003,0.013267380053405033,-0.03905443648596885,-0.011424967870269045,-0.007571502049343288,-7.400119159447082e-05,-0.2670602262620226,0.1808072741178692,0.32929584468042344,0.21714106528386434,-0.007629663619282301,-0.56429202028458,-0.38427093596497247,-3.7672768333191273,-4.756022749252914,-1.071068343100703,-0.04004455146915032,-0.0008814959275178304
3.2,0.022147815932645695,1.487011101223361,-1.0148394352516295,-0.5444396104455046,0.0021196955324775777,1.970333327055733e-05,-0.07429738024562065,0.015215331833068923,-0.03618602901067332,-0.010591564858331435,-0.007746058764556952,-9.66741236994204e-05,-0.2574932344624438,0.1861936284557992,0.3517596518153692,0.25563762348630825,-0.004676527208895331,-0.5700273775365576,-0.3924701892479481,-3.7534818158620764,-4.7377754785343615,-1.0657528941863206,-0.04084031558651311,-0.0009931559681294602
3.21,0.021387654946143267,1.487183485559085,-1.0151705795093118,-0.5445364974966402,0.0020405651308326275,1.8510534541391887e-05,-0.07601609865024271,0.01723843357239382,-0.03311442576822684,-0.009688705113565867,-0.007913040164494995,-0.00011927987291654424,-0.24768224117025806,0.19139460058653007,0.373467005636847,0.2926283257554356,-0.0016845649916958916,-0.5722269987120643,-0.4003035705392738,-3.739630653372056,-4.718622394960157,-1.060133915310154,-0.041596292463009756,-0.0011044668869558938
3.22,0.020611019200551636,1.4873768135282253,-1.0154690647198954,-0.5446236929918502,0.001959842473866632,1.7093649983825806e-05,-0.07766357455916316,0.019332796914012955,-0.029848521058363463,-0.008719549521001844,-0.00807226569659956,-0.00014168845575660797,-0.2376367724239897,0.19630041338011103,0.39426734718873235,0.32784336725301144,0.0013423774950320766,-0.5708764413461302,-0.4077633283175458,-3.7258091360875607,-4.698641268910083,-1.0542376339205275,-0.04231165234920991,-0.0012147855742017692
3.23,0.019818637233328544,1.4875917473066944,-1.015733051105565,-0.5447005706310122,0.00187760684560161,1.545594374454682e-05,-0.07923819672230906,0.021493377846907757,-0.02639863856697165,-0.007687763916192683,-0.008223562826502195,-0.00016377062392789856,-0.22736626228045745,0.20080115047231162,0.41401425300859906,0.36102546209102626,0.004399972615684589,-0.5659832946982835,-0.4148419967367659,-3.712107887177856,-4.6779163152153505,-1.0480925807805959,-0.04298560292937706,-0.0013234725471174933
3.24,0.01901125304282712,1.4878288872461987,-1.0159608158556421,-0.5447665456032178,0.001793939173452384,1.3601957207924336e-05,-0.08073841905014256,0.02371399395042956,-0.022776475007708546,-0.006597497220556631,-0.008366767214922593,-0.00018539865366224827,-0.21688000624345857,0.20478781644836078,0.43256647300286616,0.3919316920474072,0.007483389200898194,-0.5575771411083472,-0.4215323869836086,-3.69862161518123,-4.656537646952424,-1.041729394201056,-0.04361738968328447,-0.0014298958448909112
3.25,0.0181896254453472,1.4880887607699387,-1.0161507661947207,-0.5448210791637202,0.0017089219447313894,1.1537485948742907e-05,-0.08216275974799166,0.025987352374001405,-0.018995033907859234,-0.005453356050240907,-0.008501722872099465,-0.00020644712591814287,-0.2061871217098178,0.20815340630983586,0.44978892963021355,0.4203352485749632,0.010587279933237048,-0.5457093796829907,-0.427827578558236,-3.685448313415084,-4.63460068528775,-1.0351806080793313,-0.04420629623468589,-0.001533434878778773
3.2600000000000002,0.017354527442969066,1.4883718116547062,-1.0163014516948286,-0.5448636829235108,0.0016226391218215693,9.269549022376956e-06,-0.08350980023781361,0.028305088476743314,-0.01506855001079831,-0.0042603759790557395,-0.008628282290982028,-0.00022679369263659503,-0.19529651640194004,0.210793974839077,0.4655536724365817,0.4460270562597053,0.013705778209394004,-0.5304529132838233,-0.43372091086868286,-3.672688413524639,-4.612205529844218,-1.0284804253826494,-0.044751644704598345,-0.0016334842138766433
3.27,0.016506745603727394,1.4886783898042597,-1.0164115757430663,-0.5448939228200851,0.001535176056213802,6.806350779252339e-06,-0.08477818392416711,0.030657814955357347,-0.011012404823771877,-0.003023989657421563,-0.008746306560776738,-0.0002463198243124617,-0.18421686561283276,0.21260969611373734,0.4797407824273641,0.46881726679475966,0.01683250496937294,-0.5119017006640099,-0.4392059755328398,-3.660443901021182,-4.58945629432402,-1.0216644788210107,-0.04525279608733797,-0.0017294572593489783
3.2800000000000002,0.015647079455071308,1.48900874161617,-1.0164800060819859,-0.5449114227401767,0.0014466194015860965,4.157235436647158e-06,-0.08596661486560847,0.033035181191021584,-0.006843033891966883,-0.0017499920091574076,-0.008855665462770543,-0.0002649115342605181,-0.17295659892126491,0.21350590315913387,0.49223922118707125,0.4885366135680429,0.019960585795316677,-0.49017017647167166,-0.4442766097776648,-3.6488174012570274,-4.566460412346775,-1.014769580549457,-0.04570915066654257,-0.0018207898445039843
3.29,0.0147763408909117,1.4893630010406482,-1.0165057843462655,-0.5449158677676399,0.0013570570260798024,1.332634685636797e-06,-0.08707385641596087,0.035425942447835486,-0.0025778264279576277,-0.0004445027463260895,-0.008956237550629399,-0.00028246007510103607,-0.16152389684714735,0.2133940975738458,0.5029476200960366,0.5050376179407463,0.023082678385926703,-0.46539254269165775,-0.4489268913124338,-3.6379112447795117,-4.5433279186457005,-1.007833462816577,-0.046120148487225475,-0.0019069436587966979
3.3000000000000003,0.013895353591893476,1.489741181425225,-1.0164881345259622,-0.5449070070322312,0.0012665779239038936,-1.6559913459927486e-06,-0.08809872990182228,0.037818038457673134,0.0017649820303363784,0.000886073540870453,-0.009047910217590882,-0.00029886260316295453,-0.1499266977125997,0.21219291892823003,0.5117750053924133,0.5181956394288232,0.026191010307108575,-0.43772193593242775,-0.45315113503147214,-3.6278265213885703,-4.52017071090783,-1.0008945115372836,-0.046485269898239125,-0.0019874095346747054
3.31,0.01300495245786148,1.4901431682335284,-1.0164264702937618,-0.5448846561377618,0.001175272126372631,-4.796219413020908e-06,-0.08904011340319958,0.040198680830340346,0.006166423220041331,0.0022350894469380005,-0.009130579753126243,-0.00031402280670281594,-0.13817271475799764,0.20982906383114228,0.5186414552379123,0.527909763042826,0.029277426710181964,-0.40732947576981104,-0.45694389187218176,-3.618662132482331,-4.497101797646932,-0.9939914948122434,-0.04680403617741857,-0.00206171055313886
3.3200000000000003,0.012105983050829178,1.490568712719878,-1.0163204011411326,-0.5448486991509526,0.0010832306124552798,-8.074734353653869e-06,-0.08989694070323022,0.04255444863494054,0.01060691526290744,0.003595698680926614,-0.00920415139173513,-0.00032785149406329607,-0.12626946333831401,0.2062381447854195,0.5234786853135721,0.5341035182276861,0.03233344749950495,-0.3744032001359605,-0.4602999501165571,-3.6105138514048756,-4.4742345375599575,-0.9871632884437083,-0.04707601024915769,-0.00212940495297115
3.33,0.011199301046123513,1.4910174266339737,-1.0161697372761045,-0.5447990901352967,0.0009905452188897633,-1.1477405735102693e-05,-0.09066820047056649,0.044871391409594105,0.01506638650280703,0.004960901565583083,-0.00926853935655164,-0.00034026713814488247,-0.1142242978004581,0.20136547931748447,0.5262305598422918,0.5367254249435245,0.035350333231730424,-0.33914689447634866,-0.46321433937946394,-3.6034734015057635,-4.451681875840575,-0.9804486005079945,-0.047300797501301416,-0.0021900888257771712
3.34,0.010285771688781876,1.4914887780217077,-1.0159744932434878,-0.5447358542173174,0.0008973085498859322,-1.4989369473466607e-05,-0.09135293573416366,0.04713513877339037,0.01952440326167621,0.006323591797932338,-0.009323666900383113,-0.0003511963738363914,-0.10204445742049788,0.19516680036603626,0.5268535252750189,0.5357493636233759,0.038319158835627753,-0.30177882208686885,-0.46568233747537324,-3.597627561479034,-4.429555582907119,-0.9738856970385636,-0.047478046705075515,-0.0022433985802946346
3.35,0.00936626925173201,1.4919820881790868,-1.015734890236687,-0.5446590881757687,0.0008036138864192023,-1.8595113926897092e-05,-0.09195024370498654,0.049331015737908816,0.023960300680078435,0.0076766041548712825,-0.009369466346672998,-0.0003605744453430486,-0.08973712056785399,0.18760887955160124,0.5253169642179013,0.5311747668712612,0.04123089406749403,-0.26253036368726124,-0.46769948029800257,-3.593057307271727,-4.407965500948658,-0.9675121308510682,-0.047607451038395705,-0.0022890131608251465
3.36,0.008441676491805855,1.492496529806557,-1.015451357078806,-0.5445689605475629,0.0007095550950924057,-2.2278569933524405e-05,-0.09245927599261548,0.05144416274701118,0.02835331578810145,0.009012762820579912,-0.009405879132679651,-0.00036834560066273137,-0.07730946606647983,0.17867005571475605,0.521603467497873,0.5230266319489478,0.04407648946222892,-0.2216445748715112,-0.4692615747854773,-3.5898369994412347,-4.387018803602783,-0.9613644755032661,-0.047688749209381966,-0.0023266560061456698
3.37,0.007512884099235776,1.4930311264006966,-1.0151245298594482,-0.5444657112474875,0.0006152265365234191,-2.6023204241423058e-05,-0.09287923925700792,0.05345965941397604,0.032682721935770626,0.010324930007535737,-0.009432855856898664,-0.0003744634307898653,-0.06476874054560632,0.16834066200043124,0.5157090225912081,0.5113553542396376,0.04684696640873062,-0.17937467060476645,-0.47036471497839366,-3.5880336243038764,-4.366819273953974,-0.9554780663290972,-0.0477217266733363,-0.0023560967368406504
3.38,0.006580790135966701,1.4935847529094508,-1.014755250222452,-0.5443496507020905,0.0005207229731990784,-2.9812115757125624e-05,-0.09320939632690751,0.05536265087543428,0.03692796369963125,0.011606054539698804,-0.009450356332434061,-0.00037889115157025663,-0.05212233042019574,0.15662334576929154,0.5076431169622202,0.4962363830205949,0.04953350987575669,-0.13598244640056964,-0.47100530111092304,-3.5877060965624565,-4.347466605883416,-0.9498867504183223,-0.04770621693291775,-0.0023771525606564037
3.39,0.005646299457899093,1.4941561376658792,-1.0143445623087142,-0.5442211585014399,0.00042613947672256005,-3.362813402199296e-05,-0.09344906780676074,0.05713847564284494,0.04106879137377216,0.012849220065063402,-0.009458349647651841,-0.0003816018264867333,-0.03937783701694623,0.14353327672060354,0.49742875519395496,0.47776970200874214,0.05212756224077046,-0.0917366462118055,-0.47118006160721193,-3.5889046303398944,-4.329055733611698,-0.9446226473317625,-0.04764210290785505,-0.002389689387206863
3.4,0.004710323116062101,1.494743865603931,-1.0138937083672195,-0.5440806815757872,0.000331571334372186,-3.7453919312218834e-05,-0.09359763418369928,0.05877279380517534,0.04508539414946443,0.01404769256527733,-0.009456814235037404,-0.0003825785290225878,-0.02654315326954702,0.12909823980223523,0.4851023891401743,0.45607913824391444,0.05462091663425532,-0.046911287398298016,-0.47088607778832703,-3.5916701846929295,-4.311676194056643,-0.9397159222484913,-0.047529318357367414,-0.0023936226451438457
3.41,0.0037737777317081913,1.4953463827481468,-1.0134041230563395,-0.5439287319074625,0.00023711395488480808,-4.1272063748471285e-05,-0.09365453843539091,0.060251714421591517,0.04895853108798921,0.015194966832464718,-0.00944573794873779,-0.0003818144436252454,-0.013626540348824781,0.11335861074279867,0.47071376069778287,0.4313115039595439,0.05700580820361329,-0.0017839533942165114,-0.4701208110303407,-3.5960339887500226,-4.295411526381656,-0.9351945731363875,-0.047367849335605214,-0.0023889177967353504
3.42,0.0028375848404224202,1.4959620019575541,-1.0128774264663762,-0.5437658837915845,0.00014286277337669624,-4.50651927952105e-05,-0.0936192891285771,0.061561920940742657,0.052669658996322734,0.016284811587796356,-0.009425118150811186,-0.00037931290467392136,-0.0006367025712370978,0.09636721335286084,0.4543256571891031,0.4036355771542277,0.05927500172822876,0.04336593511465997,-0.46888213205331836,-3.6020171506280243,-4.280338712836995,-0.9310842334224124,-0.047157735657948965,-0.002375590546661095
3.43,0.0019026702005510458,1.4965889098924927,-1.0123154159031222,-0.5435927706623569,4.891315531926774e-05,-4.881606652761042e-05,-0.09349146398713745,0.06269079349385039,0.05620105632539461,0.017311312922767785,-0.00939496180574285,-0.00037508737323999265,0.012417141056882899,0.07818905908473918,0.43601357977095545,0.37324092759183136,0.06142187407460277,0.08825885957810078,-0.46716835196538153,-3.6096303532513203,-4.266527664699561,-0.9274079915150925,-0.046899072353993695,-0.0023537067437242303
3.44,0.0009699630615732153,1.497225175161816,-1.0117200564808635,-0.5434100815048307,-4.463970050402918e-05,-5.2507680045759766e-05,-0.09327071389778305,0.0636265269323205,0.05953594222586515,0.0182689157526188,-0.009355285582329691,-0.00036916135181493446,0.025525190251953447,0.058900970693689464,0.4158653257398631,0.3403365959610314,0.06344049007218748,0.13261694256551776,-0.4649782546369739,-3.6188736391442333,-4.254040756797894,-0.9241862284001591,-0.04659201108154763,-0.002323381976080288
3.45,4.0395388461091455e-05,1.497868757596984,-1.0110934705816932,-0.543218556875012,-0.00013770086012000353,-5.612336242141586e-05,-0.09295676731121238,0.06435824351680344,0.06265858991703395,0.019152462981879174,-0.009306115961597436,-0.0003615682375656092,0.038677003330860736,0.03859109318560038,0.3939804860962415,0.3051496348690792,0.06532567050941401,0.17616567540897576,-0.46231112993914425,-3.629736285211426,-4.2429324137702,-0.921436474392397,-0.046236761475037316,-0.0022847808624871387
3.46,-0.0008850989614087393,1.4985175185891157,-1.010437926246185,-0.543018984554065,-0.0002301757536100616,-5.9646873571996205e-05,-0.09254943498698306,0.06487609921316288,0.06555443355081865,0.019957232094688245,-0.00924748934900581,-0.0003523511150580345,0.05186144494558262,0.017358296545178876,0.3704698602532506,0.2679235212680564,0.06707305109409173,0.21863562366758435,-0.4591668073470479,-3.6421967674815168,-4.233248750846454,-0.9191732859836872,-0.04583359240136306,-0.002238116043970825
3.47,-0.0018055851116253656,1.4991692324152266,-1.0097558245683356,-0.542812194865092,-0.00032197027549834146,-6.306249846965715e-05,-0.09204861502166263,0.06517138261108885,0.06821016778493062,0.020678968897303165,-0.009179452188827987,-0.00034156248976609466,0.06506664292063608,-0.004688524006685153,0.3454547903381126,0.2289164507639756,0.06867913139147735,0.25976409974645776,-0.4555456893867851,-3.656222814784112,-4.225027271573043,-0.9174081435802248,-0.04538283309649928,-0.0021836468821694586
3.48,-0.002720128092547386,1.4998215984707501,-1.0090496861751597,-0.5425990556835211,-0.00041299088628104683,-6.635513811014429e-05,-0.09145429809220203,0.06523660555234825,0.07061383931758314,0.02131391815709536,-0.00910206107827054,-0.00032926396404871406,0.07827995526882474,-0.027431243298849266,0.319066418119419,0.18839952509211777,0.07014131293626519,0.29929679223934,-0.4514487843906405,-3.6717715493774623,-4.2182966245120666,-0.9161493707720474,-0.04488487415698072,-0.0021216778724487202
3.49,-0.0036277938209482016,1.5004722543171196,-1.0083221368783555,-0.5423804671745082,-0.000503144715067402,-6.951039668649834e-05,-0.09076657284008158,0.06506558463694191,0.07275492968040861,0.021858850901291135,-0.009015382878635514,-0.00031552585763540517,0.09148794826879698,-0.05074338902832566,0.2914448682135698,0.14665484478701118,0.07145792591555461,0.33698934186666557,-0.44687773802312397,-3.6887897116587425,-4.213076420549752,-0.9154020756265021,-0.04434016836183261,-0.002052556781665583
3.5,-0.004527650134115563,1.5011187894457758,-1.007575892591988,-0.5421573562929111,-0.0005923396632736413,-7.251466443653484e-05,-0.08998563131673613,0.06465351286561996,0.07462442863675818,0.022311088159711962,-0.00891949482062393,-0.0003004267750036492,0.10467638628070715,-0.0744911031310772,0.26273836185274724,0.10397351979416936,0.07262824402446982,0.3726088542439718,-0.4418348630479147,-3.7072139652852534,-4.209377112041415,-0.915168114345073,-0.0437492313024543,-0.0019766725221798285
3.5100000000000002,-0.005418767878187221,1.5017587596535262,-1.006813743616096,-0.5419306710833238,-0.0006804845092810685,-7.535519566013561e-05,-0.0891117744071659,0.06399702077503223,0.07621489758919393,0.022668520958727532,-0.008814484600742719,-0.00028405312236007724,0.11783023375802784,-0.09853417188558107,0.2331022661473384,0.06065361139485653,0.07365248730746632,0.40593534013769034,-0.4363231668236715,-3.7269712783241458,-4.207199934606499,-0.9154460774710911,-0.04311264180039283,-0.001894452775363911
3.52,-0.006300222049652627,1.5023897019187848,-1.0060385383914698,-0.5417013748193391,-0.0007674890139381515,-7.802018143262374e-05,-0.08814541714654056,0.06309422652586728,0.07752052246261676,0.022929626398466837,-0.0087004504657083,-0.00026649857724881336,0.13093366969039263,-0.12272711423473931,0.20269808441940987,0.01699801939524717,0.07453181300410971,0.43676307434293205,-0.43034637604417525,-3.747979375439633,-4.206536911968772,-0.9162312986851364,-0.042431042095782995,-0.0018063613794295713
3.5300000000000002,-0.007171092988092927,1.5030091496639166,-1.005253166835491,-0.5414704400226201,-0.0008532640267555353,-8.049881657365041e-05,-0.08708709384403007,0.061944774513183205,0.07853715559789876,0.023093479671903217,-0.008577501281738387,-0.0002478635141026667,0.14397011448875804,-0.14692031727114194,0.17169239382733517,-0.02668767099002789,0.07526829462135431,0.4649018648465849,-0.4239089582746811,-3.770147255626264,-4.207370923816029,-0.9175158860762075,-0.041705137792400045,-0.0017128954978633856
3.54,-0.008030467617383252,1.5036146482857187,-1.004460543372843,-0.5412388424034941,-0.0009377215926124258,-8.278136046689218e-05,-0.08593746292903238,0.06054986218019497,0.07926234626477804,0.023159761912608025,-0.008445756585689043,-0.00022825438932417677,0.1569222691063902,-0.1709612074553263,0.1402557371156102,-0.07009736769671895,0.07586488964233329,0.49017822451751725,-0.4170161398806892,-3.793375769608159,-4.209675836233188,-0.9192887756307607,-0.04093569754868606,-0.0016145825861329228
3.5500000000000003,-0.008877440731756942,1.5042037708340235,-1.003663589778026,-0.5410075547656186,-0.0010207750587636496,-8.485919136421475e-05,-0.08469731143736896,0.0589122548304856,0.07969535948172078,0.023128763787547586,-0.008305346615122387,-0.0002077830897322575,0.16977216598139072,-0.19469544592595842,0.10856147591893808,-0.11292666065199336,0.0763253964567191,0.5124364381847231,-0.4096739199964234,-3.8175582507475005,-4.213416693844821,-0.9215358065391064,-0.04012355250767752,-0.0015119771755813072
3.56,-0.00971111632234501,1.504774133717497,-1.0028652179488866,-0.5407775409177975,-0.0011023391819094189,-8.672485384856022e-05,-0.08336755905880693,0.05703628834733905,0.07983718291393581,0.023001384782102823,-0.00815641231457693,-0.00018656624843454674,0.1825012311928974,-0.21796813622332148,0.0767846135905974,-0.1548750054864183,0.07665440125503264,0.5315395186284475,-0.4018890802368856,-3.842581193138992,-4.218549972390348,-0.9242398177800419,-0.03926959546238724,-0.0014056574945615018
3.5700000000000003,-0.010530608939068313,1.505323412315908,-1.0020683127318055,-0.5405497496362348,-0.0011823302350649368,-8.837209917240353e-05,-0.08194926167233023,0.05492785984111337,0.07969052170811716,0.022779128156267158,-0.007999105315551798,-0.0001647245323843309,0.19509035704869504,-0.24062503287292994,0.04510059601628624,-0.19564788658505705,0.07685721576224114,0.54737004570483,-0.3936691899179321,-3.8683249705051197,-4.225023890049861,-0.9273807653104968,-0.03837477975678545,-0.0012962219478654966
3.58,-0.011335045082086225,1.5058493563794557,-1.0012757149196745,-0.5403251087204,-0.0012606661139449346,-8.979591823292992e-05,-0.0804436143017913,0.05259440635476598,0.07925978121309306,0.022464091583487254,-0.007833587887999772,-0.00014238190605263986,0.20751998416835074,-0.2625137395654419,0.01368409929697154,-0.23495894390801986,0.07693980680066548,0.5598308835561047,-0.38502260661202814,-3.8946645895426952,-4.232778775443247,-0.9309358590578815,-0.037440117925994304,-0.001184285476370543
3.59,-0.012123564616403957,1.50634980509808,-1.0004902045433888,-0.5401045191852344,-0.0013372664425593864,-9.09925669908285e-05,-0.07885195343177329,0.05004487186242226,0.07855103762857561,0.022058953516555204,-0.007660032861445182,-0.00011966487578985738,0.21977019199717238,-0.283484886106711,-0.017292186465490585,-0.27253204811235854,0.07690871875795524,0.5688457716146376,-0.3759584719316447,-3.9214704714943354,-4.24174748984206,-0.9348797187891124,-0.03646668008258075,-0.0010704758195495242
3.6,-0.012895322202719092,1.5068227017270295,-0.9997144845762012,-0.5398888496316537,-0.0014120526777013011,-9.195958418648784e-05,-0.07717575863151344,0.04728966289495084,0.07757199671876414,0.021566955358069666,-0.007478623514191478,-9.670171956593449e-05,0.23182079658252158,-0.3033932738909767,-0.047658767790923595,-0.3081033086838725,0.0767709901015623,0.574359785891368,-0.3664867024963143,-3.9486092559179276,-4.251855900765231,-0.9391845478124715,-0.03545559205883303,-0.000955429704070409
3.61,-0.013649488737153081,1.507266107659217,-0.9989511651679738,-0.5396789308361944,-0.0014849482119958174,-9.269580125512184e-05,-0.07541665344339886,0.04434059321875722,0.07633194082273663,0.020991879545933814,-0.007289553429451619,-7.36217068633994e-05,0.2436514543672682,-0.32209898035010975,-0.07725054319551208,-0.3414230001069525,0.07653406511974503,0.5763396678394093,-0.3566179761017991,-3.9759446208895803,-4.263023403778052,-0.943820323356766,-0.03440803331758086,-0.0008397889821374864
3.62,-0.014385252792169748,1.5076782158400017,-0.9982027485230899,-0.5394755505992261,-0.001555878475171942,-9.320134439064505e-05,-0.07357640550166657,0.04121081807846878,0.07484166448839416,0.020338023696826017,-0.007093026317612469,-5.055431355232073e-05,0.2552417707043988,-0.3394684136372422,-0.10590797359523511,-0.3722573915479135,0.076205702088044,0.5747740188981048,-0.34636371316951303,-4.00333811418702,-4.275163488981207,-0.9487550023671477,-0.03332523464642754,-0.0007241967435025177
3.63,-0.015101822050733087,1.5080573634259027,-0.997471614531588,-0.5392794488894035,-0.0016247710332141852,-9.347762875665336e-05,-0.07165692585633401,0.037914758590098144,0.07311339915019413,0.0196101709822648,-0.006889255804224313,-2.762843660083092e-05,0.26657141177222554,-0.3553753096933676,-0.13347821806151178,-0.4003904660599147,0.07579387905495794,0.5696733596491605,-0.3357360536102441,-4.0306499903463235,-4.288184348365307,-0.9539547413587518,-0.032208475652177646,-0.0006092934251955913
3.64,-0.0157984247256019,1.5084020435952834,-0.9967600072579678,-0.539091313319979,-0.0016915556850509795,-9.352734489134059e-05,-0.06966026748688123,0.034468016938076634,0.07116072736202009,0.018813556942449218,-0.006678465183679417,-4.971613468722453e-06,0.2776202185689869,-0.3697016647976186,-0.15981622539833756,-0.42562551600808307,0.07530669841986515,0.5610700533466407,-0.32474782928753526,-4.057740048850329,-4.301989519917894,-0.959384128878332,-0.03105908207375258,-0.0004957129429938912
3.65,-0.016474310955598256,1.5087109164261523,-0.9960700223861252,-0.5389117749902571,-0.0017561645564400019,-9.335443740129104e-05,-0.06758862299963572,0.030887283086896398,0.06899848718426099,0.01795383297218262,-0.006460887138902248,1.7290749004954985e-05,0.2883683216869788,-0.38233859769414547,-0.18478577227206255,-0.4477866022040038,0.0747522914381411,0.5490180944152043,-0.3134125323122484,-4.084468469077916,-4.316478564106772,-0.9650064290407493,-0.029878422932997403,-0.00038407886846254845
3.66,-0.017128754170718522,1.5089828187638108,-0.9954035957120496,-0.5387414047228514,-0.0018185321907171234,-9.296407608653043e-05,-0.06544432151202656,0.027190233765841353,0.06664266740755756,0.017037026740574307,-0.006236763427712143,3.903613147606149e-05,0.29879625560757656,-0.3931871363985397,-0.20826043898804414,-0.4667198651574085,0.07413872373741603,0.5335927633374522,-0.3017442794403857,-4.110696638005737,-4.3315477681268675,-0.9707838345317905,-0.028667907543506992,-0.0002750006750678771
3.67,-0.017761052418075993,1.5092167730090458,-0.9947624927683123,-0.5385807097245356,-0.0018785956360854396,-9.236261968569578e-05,-0.06322982473574698,0.023395424523504058,0.06411029437373252,0.01606949983157692,-0.006006344536831609,6.014564008346474e-05,0.30888507131551346,-0.40215892578983714,-0.23012451448697874,-0.4822946778619557,0.07347390286828692,0.5148901501722152,-0.2897577728811193,-4.136287966995545,-4.347090873090098,-0.9766777274018483,-0.02742898239797696,-0.0001690700763824511
3.68,-0.01837052964086884,1.5094119947658229,-0.9941482996560491,-0.5384301306953809,-0.0019362945291333958,-9.155757247541037e-05,-0.06094772227928461,0.019522175677721458,0.061419311226313195,0.01505790291547644,-0.005769889304795629,8.0504721028541e-05,0.3186164461012694,-0.40917685307169094,-0.2502738226984236,-0.49440463067865315,0.07276548884654765,0.4930265497506768,-0.27746825785108753,-4.161108694310321,-4.362999819159712,-0.9826489459167969,-0.026163127954643848,-6.685747877814005e-05
3.69,-0.018956536902850454,1.5095678992958896,-0.9935624151511698,-0.5382900394075613,-0.0019915711742860736,-9.055753400164169e-05,-0.05860072619816134,0.015590453006668985,0.058588450487933284,0.014009128781970888,-0.005527664515267762,0.00010000384737686785,0.32797278950038494,-0.4141755891158777,-0.2686164630559187,-0.5029683401032745,0.0720208085708145,0.46813773238392137,-0.26489147723464485,-4.185028670271681,-4.379165503484388,-0.988658055683462,-0.02487185534318021,3.109142975736047e-05
3.7,-0.019518453551135528,1.5096841067362767,-0.9930060441419792,-0.5381607367717288,-0.0020443706189109245,-8.937214226270992e-05,-0.0561916648285075,0.0116207440387128,0.05563710091905488,0.012930263583245645,-0.005279944462485076,0.00011853917389317647,0.33693734440473333,-0.41710204456825556,-0.28507345872778733,-0.5079300745091286,0.07124677492811182,0.44037809468020345,-0.2520436237281692,-4.207922122193013,-4.395478545674006,-0.9946656232278304,-0.023556703009994698,0.00012425893393737202
3.71,-0.02005568831059792,1.5097604460443064,-0.9924801924453668,-0.5380424514052261,-0.0020946407238182935,-8.801201070344336e-05,-0.05372347594623949,0.007633930802966047,0.052585169661245906,0.011828536650275112,-0.005027010490736907,0.0001360131559266567,0.3454942824698309,-0.4179157403833912,-0.2995793069365077,-0.5092601913681698,0.07044981132757666,0.40991969580819376,-0.23894128986023128,-4.229668396392472,-4.411830055479658,-1.0006324901749917,-0.02221923332231836,0.00021215836890024688
3.72,-0.0205676803035989,1.5097969576433077,-0.9919856630382851,-0.5379353387126529,-0.0021423322289176277,-8.648865941750393e-05,-0.05119919930009802,0.0036511599001386097,0.04945294070816679,0.010711269257321259,-0.004769150509933427,0.00015233512859394246,0.35362879303147204,-0.41658909315179565,-0.3120824266251462,-0.5069553819070554,0.06963578233266876,0.37695118524518745,-0.22560141628890015,-4.250152674705705,-4.428112397296417,-1.0065200461612998,-0.020861029149786648,0.00029433700274895795
3.73,-0.021053899989320234,1.5097938947507588,-0.9915230537305046,-0.5378394804854714,-0.0021873988138120404,-8.481444098990355e-05,-0.04862196857213343,-0.00030628925488855943,0.04626093077804645,0.009585822718152321,-0.0045066584894412854,0.0001674218427600382,0.361327164832042,-0.41310761618198133,-0.3225454996695613,-0.5010387206511546,0.0688099309961625,0.3416766287159882,-0.21204123878320683,-4.269266662979666,-4.4442199460992855,-1.0122904986017551,-0.01948369044149903,0.000370378706558633
3.74,-0.021513850017559406,1.509751723378955,-0.9910927562936799,-0.5377548850234436,-0.0022297971531366283,-8.300246144398884e-05,-0.045995002823917296,-0.004217137180378666,0.04302974368248141,0.00845954620277746,-0.004239833932458793,0.00018119795459147108,0.368576859938535,-0.40747003779524515,-0.33094570280563235,-0.49155951887512117,0.06797682344160783,0.3043142396574937,-0.19827823429847022,-4.2869092490393825,-4.460049829451555,-1.0179071374396433,-0.018088830815809507,0.00043990639584955875
3.75,-0.02194706599246776,1.5096711210065195,-0.9906949570507028,-0.537681487776789,-0.002269486966469393,-8.10664967864981e-05,-0.04332159749083537,-0.008060237243557894,0.03977992429771542,0.007339724665460997,-0.003968981333276479,0.00019359646574907454,0.37536657931143763,-0.39968833868292714,-0.3372748284383945,-0.47859298255388305,0.06714030117635006,0.26509502412340846,-0.18433006655511505,-4.3029871275832114,-4.475502650290766,-1.0233345930213804,-0.016678074179393553,0.0005025842289604757
3.7600000000000002,-0.02235311714237095,1.5095529739270832,-0.990329638918242,-0.5376191525040543,-0.0023064310626676444,-7.90209056705165e-05,-0.04060511499031906,-0.011814707943621286,0.03653181324607783,0.006233527273471382,-0.0036944096198251513,0.00020455911159815958,0.3816863195528841,-0.3897877104693531,-0.34153929352406703,-0.46223967694187484,0.06630344156832813,0.2242613475754558,-0.17021453152841887,-4.317415389386914,-4.490483185301364,-1.0285390852677243,-0.015253051391495144,0.0005581195492769165
3.77,-0.022731606892499277,1.5093983732892542,-0.989996584884371,-0.5375676729368402,-0.002340595378507215,-7.68805387191218e-05,-0.037848975012832506,-0.015460063782907917,0.03330540338709983,0.005147956721416321,-0.003416431583957092,0.00021403669513946996,0.3875274204258824,-0.37780643781931533,-0.3437600367098692,-0.44262480153948713,0.0654685268688544,0.18206543249083265,-0.15594950325245377,-4.330118072090699,-4.504901053824465,-1.0334886623532782,-0.013815396988680458,0.000606264559862774
3.7800000000000002,-0.0230821733381682,1.509208609849544,-0.9896953828923696,-0.5375267749387574,-0.002371949011526639,-7.46606450720924e-05,-0.03505664456689206,-0.01897634397102058,0.030120199200141307,0.004089799808269193,-0.0031353633019423955,0.00022198936470293898,0.39288260279309756,-0.36379570654428073,-0.34397230493047504,-0.41989728068148957,0.0646370221136725,0.1387677961367375,-0.14155288033571956,-4.3410286697171365,-4.518671352434234,-1.0381534271597728,-0.012366745984935161,0.0006468177206997549
3.79,-0.023404489616682046,1.508985167467231,-0.9894254320912349,-0.537496119142324,-0.0024004642470035935,-7.237677673413362e-05,-0.032231627851384864,-0.0223442382313144,0.0269950801134706,0.0030655796433506216,-0.002851523547695469,0.00022838683379587844,0.39774599667532085,-0.34781934020075805,-0.3422253316231497,-0.39422867651936233,0.06380956218582812,0.09463563823146257,-0.12704253357862255,-4.350090597933123,-4.531715250526478,-1.042505749835154,-0.01090873076152605,0.0006796248604491654
3.8000000000000003,-0.023698264176982006,1.508729715377189,-0.9891859504032443,-0.5374753040439862,-0.0024261165790163933,-7.004469131557772e-05,-0.029377456029996016,-0.025545209004194117,0.02394816879905851,0.002081509833772607,-0.002565233201279988,0.0002332085418555902,0.4021131591779643,-0.3299534676583906,-0.3385819096607319,-0.36581193259282285,0.06298594827344228,0.04994118851835064,-0.1124362550740472,-4.35725761193793,-4.543960542517331,-1.0465204648699644,-0.009442978060691363,0.0007045799964031395
3.81,-0.023963240946818665,1.5084440992835224,-0.9889759833491608,-0.5374638695340929,-0.0024488847255691713,-6.768025376536754e-05,-0.026497676983666063,-0.028561609366666782,0.020996705408350406,0.001143450989333227,-0.0022768146552778097,0.00023644375502101804,0.4059810820801964,-0.3102861240545863,-0.33311786299051765,-0.33485995755718223,0.06216515389937438,0.00496002451637334,-0.09775170916175291,-4.362494173744847,-4.555342152537476,-1.0501750511949361,-0.007971106096913242,0.0007216258580775558
3.8200000000000003,-0.024199199397995436,1.5081303313233985,-0.9887944140624351,-0.5374613008354752,-0.0024687506377856637,-6.52993377012965e-05,-0.023595845117677115,-0.03137679601240483,0.018156928672573038,0.0002568698617740424,-0.0019865912216492317,0.00023809160640710412,0.4093481889288507,-0.28891678746913174,-0.32592142179737393,-0.3016040599077612,0.061345340639704427,-0.040030630104417986,-0.0830063855948831,-4.365775765538903,-4.565802587828444,-1.053449793908735,-0.006494721799215833,0.0007307541117061967
3.83,-0.02440595451099742,1.5077905789567874,-0.9886399744151115,-0.5374670328213363,-0.0024856995032032634,-6.291772694393365e-05,-0.020675511300198287,-0.033975236661110624,0.015443964732351819,-0.0005731985861196219,-0.001694886541759968,0.0002381610757362854,0.41221432152906523,-0.2659558535582227,-0.3170925067728037,-0.26629224573792887,0.060523883579305826,-0.08475361596752792,-0.0682175552623807,-4.367089145749679,-4.575292337400512,-1.0563279263622487,-0.005015418197604304,0.0007320052847143791
3.84,-0.024583356641086178,1.507427152843884,-0.9885112571701489,-0.5374804546804326,-0.0024997197432262913,-6.055101785841301e-05,-0.017740213008876043,-0.03634261129033724,0.012871724496270439,-0.0013421859096303095,-0.0014020240023027916,0.00023667090855206363,0.4145807157797571,-0.2415240503042536,-0.30674192876916273,-0.2291873926222221,0.05969740647550892,-0.12893354665299173,-0.05340222879407068,-4.366432544488189,-4.583770212894204,-1.0587957514549637,-0.00353477196635786,0.0007254683910702575
3.85,-0.024731291288699157,1.5070424937778109,-0.9884067290675762,-0.5375009148950616,-0.0025108030048252663,-5.8214523102338296e-05,-0.014793464761297996,-0.038465906607328654,0.0104528102572634,-0.0020460214628999535,-0.001108326159897509,0.00023364947560747108,0.41644996686490743,-0.21575179497735733,-0.29499051072869525,-0.19056531368800922,0.058861826513426196,-0.17229850499984078,-0.03857711835543821,-4.363815795070415,-4.59120362899698,-1.0608427411394048,-0.002054341136390371,0.0007112802602224023
3.86,-0.02484967877773749,1.5066391587457784,-0.9883247447453747,-0.5375277264951804,-0.0025189441465973406,-5.5923177368494105e-05,-0.011838748903833324,-0.04033350320324775,0.008198432220157762,-0.002681160011886555,-0.0008141141772074036,0.00022913457338441908,0.41782598388480086,-0.18877849538486569,-0.2819681393163734,-0.150712726748228,0.058012408439651164,-0.21458171655814623,-0.023758602916193323,-4.35926039849611,-4.597568821200302,-1.062461613280302,-0.0005756629882397959,0.0006896245741231046
3.87,-0.024938473846051547,1.5062198061972003,-0.9882635613902336,-0.5375601725500639,-0.0025241412193319377,-5.369144569793314e-05,-0.00887950683140585,-0.04193525485780433,0.006118335514101775,-0.003244605488349481,-0.0005197072734597116,0.0002231731670560963,0.4187139340948666,-0.16075179751471935,-0.2678127541291915,-0.10992514407867837,0.057143827752520915,-0.2555231898589001,-0.008962697250431882,-4.3527995179767816,-4.602850999136631,-1.063648385175258,0.0008997478635783242,0.0006607306185977019
3.88,-0.02499766515313278,1.5057871806023073,-0.9882213540084253,-0.5375975118572958,-0.0025263954412548945,-5.1533234922415474e-05,-0.005919130708123213,-0.04326255948930893,0.004220738180836058,-0.0037339307231766612,-0.00022542219229565723,0.00021582107755176698,0.4191201770151057,-0.13182678177159066,-0.25266928272310635,-0.06850469895192024,0.05625024251085575,-0.2948713133932495,0.005794975103734301,-4.3444779009162655,-4.607044434207566,-1.0644024032120016,0.002370401185157173,0.000624871757041066
3.89,-0.02502727471068583,1.505344096389566,-0.9881962312029796,-0.5376389847875724,-0.00252571116815385,-4.9461808775218915e-05,-0.002960955755305034,-0.04430842127413775,0.0025122805445635596,-0.004147293027670332,6.842731010442285e-05,0.00020714261471965612,0.4190521887805809,-0.10216511016285386,-0.2366885299713348,-0.026757925488035017,0.05532537319800013,-0.3323843994748682,0.02049920473093737,-4.33435172614326,-4.610152480699492,-1.0647263483126974,0.003834832628303579,0.0005823636360934109
3.9,-0.02502735724237857,1.504893421354655,-0.9881862513401557,-0.537683819242795,-0.0025220958586170505,-4.74897071861515e-05,-8.253169273937482e-06,-0.04506750349110117,0.0009979862823905532,-0.004483445522252688,0.00036153095367994083,0.00019721015890674135,0.41851847722136465,-0.07193412702422716,-0.22002603046379207,0.015006491381718945,0.05436258994748755,-0.36783216551712977,0.035135214915010225,-4.322488374677356,-4.612187530077323,-1.0646262169966048,0.005291605019256542,0.0005335621345591574
3.91,-0.024997999479641007,1.5044380596378462,-0.9881894389858893,-0.5377312366842274,-0.0025155600346467586,-4.5628670250321875e-05,0.002935776273756121,-0.04553617168087233,-0.00031876457335896103,-0.004741744143239516,0.0006535823970292079,0.00018610369358296256,0.41752848828900097,-0.04130591617895885,-0.20284087276858145,0.05647997889228651,0.05335500630335255,-0.40099714365759,0.049688675789675056,-4.308966122876393,-4.6131708986467075,-1.064111278077418,0.006739309425892232,0.00047886106837533417
3.92,-0.02493931940089839,1.503980934370356,-0.9882038014914636,-0.5377804581871234,-0.002506117237936746,-4.3889567331028035e-05,0.005868007874261976,-0.04571252674900464,-0.0014362505574317022,-0.004922150289598188,0.0009442796710012556,0.00017391029192938376,0.4160925045816551,-0.010456317797713615,-0.1852945044041826,0.0973563354205833,0.052295578554967914,-0.43167601013381474,0.06414571399257184,-4.293873757457188,-4.613132649275272,-1.0631940051989794,0.008176566000303628,0.0004186896659009919
3.93,-0.024851465422070142,1.5035249700935194,-0.9882273456070864,-0.5378307104781506,-0.0024937839821303964,-4.22823317251902e-05,0.00878539788282475,-0.04559642768367946,-0.0023544115622748923,-0.005025229102717293,0.00123332558063495,0.00016072356058378397,0.41422153686092716,0.02043609133255062,-0.1675495263404488,0.13733396869327397,0.05117720955757665,-0.45968082633492324,0.07849291779948318,-4.277310112597381,-4.61211134836055,-1.0618899856012496,0.009602024595898833,0.00035350982917770025
3.94,-0.02473461554653613,1.5030730750574537,-0.9882580940023545,-0.5378812319121804,-0.002478579701401264,-4.08159012852747e-05,0.011684987553401369,-0.04518950360657595,-0.0030748395268231318,-0.005052143402988817,0.0015204280729132153,0.00014664304399154986,0.41192720959428625,0.05119104992981478,-0.14976848572774148,0.1761180967013435,0.04999285582857049,-0.48484018402056606,0.09271733776584695,-4.259383530101576,-4.61015375972101,-1.0602178056955087,0.011014365160615092,0.0002838131980953082
3.95,-0.02458897648305629,1.5026281235081789,-0.9882941015737308,-0.5379312783455525,-0.002460526695720975,-3.949816535484409e-05,0.014563906347983767,-0.04449515492748382,-0.003600757137621582,-0.005004643337216329,0.001805300568028914,0.00013177359304306072,0.409221641695376,0.08162769198595053,-0.13211267539026866,0.21342289521667338,0.0487356366011682,-0.50700024781716,0.10680648295485266,-4.240211244439711,-4.607314477563637,-1.0581989142121373,0.01241229791047028,0.00021011803557886117
3.96,-0.02441478274032178,1.5021929380738723,-0.9883334714211166,-0.5379801288637559,-0.0024396500731995174,-3.833591833594597e-05,0.01741937427345113,-0.04351854343065922,-0.0039369847385865835,-0.004885051820333561,0.002087662252145733,0.00011622470188981214,0.4061173237653747,0.11156564887029227,-0.11474094839703228,0.24897357633522788,0.04739894342466977,-0.5260256887569627,0.12074831288483873,-4.219918695323851,-4.603655501141918,-1.0558574638639902,0.013794563290423893,0.00013296595298494538
3.97,-0.024212295706908082,1.5017702723620372,-0.988374370378368,-0.538027091322591,-0.0024159776898996918,-3.733482016575511e-05,0.020248703341369752,-0.042266571183508336,-0.004089895725140053,-0.004696245883509755,0.002367238329982585,0.00010010981701908597,0.40262699325646356,0.14082616786834012,-0.09780855574472816,0.28250838306890985,0.045976548828827735,-0.5418005033196571,0.13453122538241238,-4.198638771366727,-4.599245754158564,-1.0532201326417356,0.01515993173233429,5.2918495852137884e-05
3.98,-0.02398180272538806,1.5013627938797787,-0.9884150439861162,-0.5380715076632733,-0.002389540087540168,-3.649936393745393e-05,0.02304929815200229,-0.0407478482258624,-0.004067360774825334,-0.004441634068235449,0.0026437602359523694,8.354562283011809e-05,0.3987635090804496,0.16923324066896028,-0.08146601488469908,0.3137804857814608,0.04446271252073619,-0.5542287131589027,0.1481440405809677,-4.176510989244015,-4.594160552383572,-1.050315926022664,0.016507203222634534,-2.9446389015382165e-05
3.99,-0.023723616169241072,1.5009730673890724,-0.988453830799511,-0.5381127589635967,-0.0023603704295097534,-3.583285085652966e-05,0.025818655614698784,-0.03897264907061749,-0.003878681339480623,-0.004125130032339161,0.0029169658030414776,6.665130809242699e-05,0.39453972726487124,0.19661473474661947,-0.06585801647242918,0.3425597670529459,0.042852283561992,-0.5632349414473347,0.16157598135594003,-4.153680613645179,-4.588481023347514,-1.0471759615298837,0.017835206695126112,-0.00011353798344476511
4.0,-0.023438072530961175,1.5006035388078383,-0.9884891759284444,-0.5381502701891859,-0.0023285044356185607,-3.5337372678744436e-05,0.028554363827989707,-0.03695285812341379,-0.0035345128933400175,-0.0037511225589276203,0.0031865993891192755,4.954781777852279e-05,0.3899683793136286,0.22280352005462875,-0.05112237634980192,0.3686344824841201,0.04114079698014228,-0.5687648625440775,0.1748166505374127,-4.130297724126195,-4.582293482328515,-1.0438332372227535,0.019142799266959266,-0.000198756502510165
4.01,-0.023125531529422247,1.5002565197657407,-0.9885196437134127,-0.5381835146110148,-0.0022939803160094718,-3.501380173026381e-05,0.031254100153892954,-0.03470190420974668,-0.003046778496825278,-0.0033244421828804455,0.0034524119609088966,3.2357094848063155e-05,0.3850619549539182,0.24763858296862223,-0.03738903937596773,0.39181278592812907,0.03932456330722833,-0.570785522472194,0.18785600528649404,-4.1065162357547855,-4.575688769177107,-1.0403223858305952,0.02042886533835298,-0.000284496851165131
4.0200000000000005,-0.022786375244102465,1.499934172920924,-0.9885439294463837,-0.5382120178577314,-0.0022568387046452564,-3.4861788564084416e-05,0.03391562853197812,-0.03223468448167578,-0.0024285732970990726,-0.0028503246716636496,0.0037141611364215426,1.5201316617939395e-05,0.3798325909443544,0.27096611901672063,-0.024779141315215247,0.4119241086873201,0.03740074960604334,-0.5692855284924679,0.20068432906334216,-4.082492881146548,-4.568761550813219,-1.03667941635867,0.02169231557884972,-0.0003701524098880095
4.03,-0.022421007283208543,1.4996384981403013,-0.9885608700528188,-0.5382353615739093,-0.0022171225927728067,-3.4879767260257094e-05,0.036536796089392136,-0.029567478062264153,-0.001694060643511821,-0.002334371617781321,0.003971611187244946,-1.7978696172678644e-06,0.37429196757848887,0.29264059561669864,-0.013404134566269675,0.4288203833005655,0.03536745064518665,-0.5642751068542862,0.21329220165098695,-4.0583861621135,-4.561609594482288,-1.0329414450971042,0.022932085824841984,-0.00045511882617511976
4.04,-0.022029851992077326,1.499371319641571,-0.9885694536583066,-0.5382531866581,-0.0021748772627461187,-3.506496833073779e-05,0.0391155291131217,-0.026717849873017226,-0.0008583605487845426,-0.0017825084190646403,0.004224533002668804,-1.852010704806922e-05,0.3684512144421717,0.31252577582791685,-0.003364983097304094,0.44237710371879646,0.033223749012214476,-0.5557860286072273,0.22567046772931143,-4.034355279669766,-4.554333017071143,-1.02914641804882,0.02414713591468772,-0.0005387977886964798
4.05,-0.0216133537074769,1.499134274189803,-0.9885688279710566,-0.5382651960575016,-0.002130150222563995,-3.5413439143292986e-05,0.04164982846004295,-0.023704545176797563,6.256872500550587e-05,-0.0012009399401646022,0.0044727040182123545,-3.484708125551959e-05,0.36232082687327066,0.3304956940290403,0.0052485684906107,0.4524942148194464,0.030969763110870963,-0.5438714041463182,0.23781020451712628,-4.010559051549949,-4.547033515957683,-1.0253328268608184,0.02533644848891191,-0.0006206007610505414
4.0600000000000005,-0.02117197606259106,1.4989288004352554,-0.9885583074197276,-0.5382711570991413,-0.0020829911414472243,-3.592007173301881e-05,0.04413776448858404,-0.020547375454765794,0.0010520551328975758,-0.00059610416397188,0.00471590811167704,-5.0663258972582405e-05,0.3559105944285866,0.34643557446075984,0.012358647276367173,0.45909682545422037,0.028606682169067588,-0.528605347950629,0.24970268901652998,-3.987154826683683,-4.539813587000678,-1.021539420393801,0.02649902778372579,-0.0006999526523171398
4.07,-0.02070620134656182,1.4987561294720595,-0.9885373789946852,-0.5382709033406933,-0.002033451786743563,-3.657863782497705e-05,0.04657747160292369,-0.017267096319594426,0.0020928425042393197,2.5375844798690753e-05,0.004953935470366112,-6.585660919582448e-05,0.3492295424890297,0.3602426837346028,0.01789982165773387,0.46213574044035344,0.02613678758462923,-0.5100825157376894,0.2613393654023842,-3.964297406227031,-4.532775735366674,-1.0178049140976364,0.027633898446363922,-0.0007762954020099097
4.08,-0.020216529921497806,1.498617276689587,-0.988505706749739,-0.5382643359273931,-0.0019815859624077716,-3.738183084748093e-05,0.04896714250640151,-0.013885278247232173,0.0031672244946174943,0.0006567413300185255,0.0051865824335791556,-8.031930225038762e-05,0.34228588793181525,0.3718271087087376,0.021819584709154884,0.46158780815386424,0.023563460153823934,-0.4884175170101234,0.2727118131002963,-3.942137980772669,-4.5260216849397885,-1.0141676993745288,0.02874010440051246,-0.0008490914575681658
4.09,-0.01970347969884682,1.4985130349797413,-0.9884631349306673,-0.5382514244449422,-0.0019274494492588692,-3.832131467294275e-05,0.05130502226509844,-0.010424170984576858,0.004257181907174748,0.0012911482450870312,0.0054136513148902495,-9.394838254618183e-05,0.3350870095741706,0.38111245157027296,0.024078748095603536,0.4574560816578681,0.020891172955013193,-0.4637442066949191,0.283811716089039,-3.920823093243848,-4.519651592067297,-1.010665555107776,0.029816707789390166,-0.000917827123200429
4.1,-0.019167585675994317,1.4984439693541485,-0.9884096897063314,-0.538232207261809,-0.001871099947168442,-3.9387778782184914e-05,0.05358940228525042,-0.006906562559287541,0.005344522433590383,0.00192171831331952,0.005634950209042724,-0.00010664641092421659,0.3276394338495189,0.3880364345413329,0.02465174384497451,0.44976979251803106,0.018125469895266866,-0.43621486027949286,0.29463083394767736,-3.9004936367232923,-4.513763269359729,-1.0073353635121216,0.03086278802283481,-0.0009820157596929155
4.11,-0.01860939953290208,1.4984104130153542,-0.9883455794878736,-0.5382067913578972,-0.0018125970192831226,-4.057099950896283e-05,0.055818614309223955,-0.0033556338794227263,0.006411021845770308,0.0025415903911817006,0.005850292788531942,-0.00011832207267779165,0.31994883592230927,0.39255140733524924,0.023526831739055037,0.4385841377496842,0.015272930161696285,-0.4059992375180375,0.30516097514416357,-3.8812838960806806,-4.508451425189125,-1.0042128324221482,0.03187744095307695,-0.0010412008157207947
4.12,-0.01802948928756032,1.4984124649157191,-0.98827119383132,-0.5381753516401535,-0.0017520020383321878,-4.185990698439424e-05,0.0579910245341761,0.0002051900364895584,0.007438565655359987,0.0031439717743670776,0.006059498095093482,-0.00012889074754314053,0.31202005618585926,0.3946247513258466,0.020706210571877798,0.4239798815417062,0.012341119049996019,-0.3732835404264772,0.3153939730309973,-3.8633206417488672,-4.503806924414484,-1.001332226078677,0.03285977820176602,-0.0010949586722428103
4.13,-0.017428439008007824,1.498449988826869,-0.9881871009288224,-0.5381381297492984,-0.0016893781350185528,-4.324265736625985e-05,0.06010502795524929,0.0037523911149785305,0.008409290249755137,0.003722189085512891,0.006262390331363492,-0.00013827503818656135,0.3038571318256793,0.39423917534257025,0.016206032019811988,0.40606277464144647,0.009338525864551306,-0.3382692718880936,0.325321664975252,-3.8467222833684502,-4.499916075709656,-0.9987261064003461,0.03380892665829874,-0.0011429012827129203
4.14,-0.016806848577695186,1.4985226139313874,-0.9880940437037173,-0.5380954323654645,-0.0016247901484392675,-4.470670990594807e-05,0.06215904303126367,0.007262510451848162,0.009305722510514753,0.004269738383390265,0.006458798657928531,-0.00014640525396882178,0.29546334287632775,0.3913928990554616,0.010056316384136697,0.3849627954858854,0.006274489787400528,-0.30117200176186526,0.33493587500553906,-3.8315980902854845,-4.496859950677926,-0.9964250866394717,0.0347240281666386,-0.0011846785930993207
4.15,-0.01616533351004082,1.4986297369370516,-0.9879929345344853,-0.5380476290240973,-0.0015583045784309062,-4.6238908376361205e-05,0.06415150676543678,0.0107123005664089,0.010110916923199462,0.004780334136728019,0.0066485570008361205,-0.00015321984704131354,0.28684127195590675,0.3860997210517319,0.0023007700109916526,0.3608332183246583,0.0031591148040752692,-0.26222004792096143,0.34422840030787444,-3.8180474850625186,-4.49471373971031,-0.9944575992189114,0.03560423941465803,-0.0012199807270534585
4.16,-0.015504524807172784,1.4987705257024213,-0.9878848486425166,-0.5379951494569823,-0.0014899895396869325,-4.7825566357561025e-05,0.06608087028680346,0.014078876536979824,0.010808589196877653,0.0052479567114971995,0.006831503874397385,-0.000158665798119982,0.27799287663833555,0.37838896990824616,-0.007003495242098874,0.3338495147349805,3.1749355653420963e-06,-0.22165308013223606,0.3531910018470196,-3.806159415264761,-4.493546149282766,-0.9928496794311055,0.03644873203666188,-0.0012485399230099563
4.17,-0.014825068857074152,1.4989439243511307,-0.9877710161882461,-0.5379384804766972,-0.001419914717449071,-4.945255585347267e-05,0.06794559500986329,0.017339864870931705,0.011383245427047205,0.005666898028510047,0.00700748222378614,-0.00016269894959116505,0.2689195732213372,0.3683053378169351,-0.01778633953121092,0.3042080960213005,-0.003181988835421201,-0.17972065514090163,0.36181539933044554,-3.7960118078295673,-4.493418845093267,-0.9916247665530813,0.03725669293621937,-0.0012701322115145819
4.18,-0.01412762736266696,1.4991486598408985,-0.9876528131296689,-0.537878162426111,-0.0013481513245337316,-5.1105398692731044e-05,0.06974414944071931,0.02047354897677969,0.011820305857728407,0.006031805058625786,0.007176339291533949,-0.00016528428392583713,0.2596223304739219,0.35590859759521964,-0.02996506796481557,0.27212490507928955,-0.006384578444295075,-0.13668069172333963,0.37009327066979364,-3.7876711093371314,-4.494385945114361,-0.990803523793179,0.038027324832832145,-0.0012845788226613654
4.19,-0.013412877295789199,1.4993832499422213,-0.9875317509063976,-0.5378147852177542,-0.001274772059418264,-5.27693601498664e-05,0.07147500668777602,0.02345901013227113,0.012106222327135025,0.006337720835681031,0.0073379265115467805,-0.00016639614571353555,0.2501017718040714,0.341273205196662,-0.043444996730633526,0.23783386729383227,-0.009592453854654348,-0.09279789482614725,0.3780162560305756,-3.7811919144927093,-4.496493566283126,-0.9904036783380676,0.038759847032359115,-0.0012917473151618578
4.2,-0.012681510868547801,1.499646012571029,-0.9874094650212298,-0.537748983990929,-0.001199851065080861,-5.442954420958962e-05,0.07313664272413975,0.026276262880772186,0.012228588516776268,0.006580122682515568,0.007492099433740286,-0.00016601840597232171,0.24035828417718838,0.32448779109677195,-0.05812010952349142,0.2015852110418277,-0.01279325176961077,-0.04834213821719502,0.3855759664960332,-3.776616684125768,-4.499779428170156,-0.9904398826135644,0.03945349641759562,-0.0012915524202593905
4.21,-0.011934235514173564,1.4999350764094097,-0.9872877025995684,-0.5376814344172981,-0.001123463888262679,-5.607098988703214e-05,0.07472753543742362,0.028906383838089723,0.012176242166136187,0.006754957363091012,0.007638717681818218,-0.00016414456774425224,0.2303921320416138,0.30565454515096896,-0.07387380070235539,0.16364366927497564,-0.015974506301434488,-0.0035868153279812465,0.3927639973066657,-3.77397555302767,-4.50427251656517,-0.9909235977113513,0.04010752865202355,-0.0012839565954286722
4.22,-0.011171773869264387,1.5002483927389347,-0.9871683090149257,-0.5376128476883615,-0.0010456874388015034,-5.7678768010480535e-05,0.07624616449091771,0.03133163295249278,0.011939358464269863,0.006858672893661582,0.007777644946117557,-0.00016077781234483893,0.2202035744781412,0.28488850067848986,-0.09057970090104261,0.12428657449857883,-0.019123769966602144,0.04119283183011882,0.39957194557401493,-3.7732862270053276,-4.5099928094914015,-0.9918629997672318,0.040721219586584416,-0.0012689702845556218
4.23,-0.010394863749181783,1.5005837484022475,-0.987053213676069,-0.5375439652206794,-0.000966599948673224,-5.92380778704562e-05,0.07769101200826038,0.03353556633128105,0.011509533885669715,0.00688824676821549,0.007908749012827938,-0.00015593098599756694,0.20979298378685798,0.26231672459930316,-0.10810258012223438,0.08380186029009429,-0.02222873341511833,0.0857213956442032,0.4059914323069527,-3.774553967639969,-4.516951067717041,-0.9932629099065053,0.04129386685643833,-0.0012466518830637507
4.24,-0.009604258108361343,1.500938779800515,-0.9869444150780643,-0.5374755531169011,-0.0008862809303704709,-6.073434313994055e-05,0.07906056408204404,0.03550313982674622,0.010879859800474562,0.006841210377823193,0.008031901830275317,-0.00014962652694843482,0.19916096375433248,0.23807742142172827,-0.12629932263228708,0.04248598318135388,-0.025277342371200717,0.12972498764953613,0.4120141285318245,-3.7777716624227637,-4.5251486913725305,-0.9951247481997095,0.041824791652098806,-0.0012171074082312034
4.25,-0.008800724977407243,1.5013109878271311,-0.9868439652254813,-0.5374083964226009,-0.0008048111342469297,-6.215330647512439e-05,0.08035331309541002,0.03722080266162127,0.01004498525829768,0.00671566943002691,0.008146979612354121,-0.00014189633351838275,0.18830846590608533,0.21231895972871526,-0.14501996728664915,0.0006417793946789374,-0.028257910354537397,0.1729329148918134,0.4176317852353493,-3.7829199772048883,-4.534577643810641,-0.9974465118986728,0.04231334064712783,-0.0011804898767164462
4.26,-0.007985047369059167,1.501697753631809,-0.9867539535412782,-0.5373432932205727,-0.0007222725044608267,-6.348112221423591e-05,0.08156776083480764,0.03867658046779965,0.009001168420318013,0.00651032020281615,0.008253862978610294,-0.00013278157391115276,0.1772369021388073,0.18519883052634956,-0.1641088062433391,-0.04142372852244706,-0.031159225862785522,0.21507933776598973,0.42283626681173464,-3.789967587258734,-4.545220443365103,-1.0002227780497694,0.042758888062750126,-0.0011369983930704223
4.2700000000000005,-0.007158023145440389,1.5020963551039175,-0.9866764903793241,-0.537281048605594,-0.0006387481331615276,-6.470444660371914e-05,0.08270242236187776,0.03986014721083561,0.00774631619539605,0.006224461497875551,0.00835243712992991,-0.0001223324389483242,0.1659482522421083,0.1568825473889114,-0.1834055343802048,-0.08340155966024898,-0.03397065282745748,0.2559048992784064,0.4276195876537761,-3.7988714827066774,-4.557050223176681,-1.0034447304096987,0.043160837848324765,-0.0010868769547488443
4.28,-0.006320464839410324,1.5025039839596679,-0.9866136902621008,-0.5372224685836993,-0.0005543222125786876,-6.581052499621758e-05,0.08375583060300654,0.04076288557503186,0.00628001172233819,0.005858002189472586,0.008442592058283994,-0.00011060783924984393,0.15444516495503113,0.127542498750005,-0.20274644113533122,-0.1249830214200574,-0.036682223297455074,0.2951583158203728,0.43197395149210754,-3.8095773436385354,-4.570030858766217,-1.007100210420086,0.04351862595559081,-0.001030412980840468
4.29,-0.005473199423344406,1.5029177633145507,-0.9865676549677868,-0.537168353940716,-0.0004690799846934193,-6.678727548336935e-05,0.08472654160659172,0.04137793548828274,0.004603529431404527,0.005411464298325348,0.00852422278852683,-9.767504871517704e-05,0.14273105135420705,0.09735676294703459,-0.22196563594804422,-0.165861958744566,-0.039284721457018,0.33259791974414804,0.4358917930575403,-3.8220199799097423,-4.584117162546013,-1.0111737918317398,0.04383172268397033,-0.0009679355733860009
4.3,-0.004617068019238811,1.5033347656202585,-0.9865404565926563,-0.5371194941251781,-0.0003831076881949448,-6.762336844822199e-05,0.08561314041055945,0.041700230570762664,0.00271983751304718,0.004885981553796778,0.008597229649847452,-8.360929648526443e-05,0.13081016953407865,0.06650789672388074,-0.24089629799732729,-0.20573698959518683,-0.04176975824326312,0.36799314429347674,0.439365821618729,-3.8361238303883805,-4.599255143977447,-1.0156468784085617,0.04409963507394906,-0.0008998135217688955
4.3100000000000005,-0.0037529255446766387,1.503752030844214,-0.9865341207154579,-0.5370766611907529,-0.0002964925024535814,-6.830830154699049e-05,0.08641424745621726,0.041726522395552634,0.0006335877198503734,0.004283293442520602,0.008661518574136343,-6.849330987684892e-05,0.1186876997091634,0.03518170783622332,-0.25937194053756335,-0.2443137103078996,-0.04412983598565251,0.4011259417611132,0.4423890659310911,-3.8518035162957185,-4.615382333607662,-1.0204978239856222,0.04432190932562227,-0.0008264530622045717
4.32,-0.0028816402898850274,1.5041665847697239,-0.9865506097901793,-0.5370406038429854,-0.0002093224882710619,-6.883246965775589e-05,0.08712852547916114,0.04145539255098451,-0.0016489074721390013,0.0036057347767567555,0.008717001418251947,-5.2416811076540085e-05,0.1063698090407142,0.0035660221942570526,-0.2772276798112245,-0.2813068545461247,-0.0463584026478005,0.4317921261258539,0.44495492012286797,-3.8689644432553965,-4.632428168754685,-1.025702074006761,0.044498133219856385,-0.0007482954058298756
4.33,-0.00200409342184831,1.5045754572956491,-0.9865918068923296,-0.5370120416344744,-0.00012168652520151127,-6.918722936436196e-05,0.08775468680367172,0.04088725259253494,-0.004119710215029229,0.0028562208510961922,0.008763596306955062,-3.547597066060664e-05,0.09386370565966745,-0.028150544375412506,-0.29430149830486896,-0.31644238973946026,-0.04844989540094291,0.4598026318548847,0.44705719004005257,-3.88750344672167,-4.6503144381625505,-1.0312323275248472,0.04462793852012471,-0.0006658140502920577
4.34,-0.0011211784122101562,1.5049757006163025,-0.9866594999415721,-0.5369916593515621,-3.367424527030445e-05,-6.936495757702486e-05,0.08829150096381537,0.040024332065343844,-0.0067693049242484715,0.0020382282912195003,0.008801227993120681,-1.7772821266289298e-05,0.08117768152144997,-0.059779800145628816,-0.3104354919891255,-0.34945953524722007,-0.05039977340079377,0.4849846810465174,0.44869013957322423,-3.907309475585639,-4.6689557825184504,-1.037058718513307,0.04471100333387973,-0.0005795118910480835
4.3500000000000005,-0.00023380038648750968,1.5053644071649608,-0.9867553665202413,-0.5369801016342326,5.46240370470298e-05,-6.935910392682344e-05,0.08873780257226466,0.03887065486582888,-0.00958665786691695,0.0011557717329506716,0.008829828231733425,5.853650201416748e-07,0.06832114388174236,-0.09113516827280957,-0.32547709118186724,-0.3801126869023652,-0.05220453976818795,0.5071828516306353,0.44984853649555884,-3.9282643089482834,-4.688260247316746,-1.0431490152113008,0.04474705441327163,-0.000489918149802996
4.36,0.0006571246070785785,1.5057387272078764,-0.9868809594029815,-0.536977967869198,0.0001431173986882155,-6.916423660906894e-05,0.08909249935660882,0.037432004291559295,-0.012559288274012202,0.0002133765034518266,0.00884933616411857,1.9486731775449613e-05,0.05530463532404659,-0.12203284602577685,-0.3392802447694993,-0.4081732331976704,-0.05386175289305134,0.5262600399311778,0.45052769735192116,-3.9502433012855627,-4.708129884172083,-1.0494688361074869,0.04473586937606467,-0.00039758513863390795
4.37,0.0015506704099041415,1.5060958859798952,-0.9870376929074894,-0.5369858073941104,0.00023171438577672873,-6.877608139033464e-05,0.08935458028255631,0.035715877201873886,-0.015673350450791112,-0.0007839524912350592,0.008859698708851322,3.881552187343089e-05,0.042139842396010575,-0.15229292489686738,-0.35170655774478493,-0.4334312490545309,-0.05537002728089155,0.5420983115297833,0.45072353095331963,-3.973116151500219,-4.728461396329416,-1.0559818810592954,0.04467727882869154,-0.0003030848793569496
4.38,0.00244590164674268,1.5064332002576672,-0.9872268301701677,-0.5370041150484839,0.00032032309533487163,-6.8191553535419e-05,0.08952312368385386,0.03373142777719576,-0.018913726267820587,-0.0018307654373468584,0.008860870955814292,5.845278549156429e-05,0.028839593022429777,-0.18174046484650852,-0.362626372344834,-0.45569705397117866,-0.05672902425162768,0.554599635047716,0.4504325800486075,-3.996747691641795,-4.749146823794579,-1.0626501759463485,0.04457116837448104,-0.00020700559859161076
4.39,0.0033418746999412875,1.5067480942718907,-0.9874494714434469,-0.5370333271042785,0.00040885126093418664,-6.740878245347335e-05,0.08959730531986075,0.03148940142235052,-0.02226412732791677,-0.0029212055794688666,0.0088528165599315,7.827710819456397e-05,0.01541784295620816,-0.21020651677710941,-0.3719197835228423,-0.4748026222778581,-0.05793943287103089,0.5636864941708715,0.4496520607655552,-4.020998691366771,-4.7700742632179125,-1.0694343291686863,0.04441748049116429,-0.00010994811975605117
4.4,0.004237638762775591,1.5070381148659742,-0.9877065435036796,-0.5370738176061899,0.0004972063422460756,-6.64271289066894e-05,0.08957640628343033,0.029002059408352453,-0.02570720602326947,-0.0040490501911332145,0.008835508131188897,9.816535467839425e-05,0.0018896516057749656,-0.2375290881857483,-0.37947758003196186,-0.4906028343251234,-0.05900294155499752,0.5693023739938504,0.44837989943586193,-4.045726674490656,-4.79112861740734,-1.076293798223048,0.044216216262785484,-1.2522173881081842e-05
4.41,0.005132236969615252,1.5073009458148563,-0.9879987902499093,-0.5371258951485445,0.0005852956184225705,-6.524719467005283e-05,0.0894598206839661,0.026283094888211365,-0.02922467462297346,-0.005207754235459456,0.008808927617649497,0.00011799342366365702,-0.01172885236158932,-0.26355404778780167,-0.3852021030636134,-0.5029765585754626,-0.0599222008327542,0.5714121185261946,0.4466147664428962,-4.070786744240868,-4.812192369128141,-1.0831871645240674,0.043967436952100605,8.465734834304064e-05
4.42,0.006024707599946775,1.5075344212244126,-0.9883267645645585,-0.5371898001123447,0.0006730262852053697,-6.387082457645895e-05,0.0892470630331523,0.023347540955627577,-0.032797431464917294,-0.006390496380031013,0.008773066678279913,0.00013763700935938785,-0.025420515194752306,-0.2881359657127211,-0.3890080151221316,-0.5118275558886483,-0.06070077778897917,0.5700021570026124,0.44435610675668646,-4.096032414041994,-4.833146373665989,-1.0900724145821057,0.043671265400440036,0.00018097418047922594
4.43,0.006914085352585099,1.507736537938827,-0.988690821497241,-0.5372657023824633,0.0007603055556305487,-6.230110092768399e-05,0.08893777526383236,0.0202116714414366,-0.03640569326824848,-0.007590227011850935,0.008727927042517902,0.00015697236487749672,-0.03916721153221016,-0.3111388866348028,-0.39082297265731863,-0.5170851986427292,-0.06134310273211632,0.5650805974516802,0.4416041668477489,-4.121316440844866,-4.853870664489238,-1.0969072256059862,0.04332788724284534,0.0002758144771500679
4.44,0.007799402685742688,1.5079054668904464,-0.9890911128225816,-0.5373536995612936,0.0008470407641667874,-6.054233029803934e-05,0.0885317333157589,0.016892895161931477,-0.04002913253406089,-0.008799717883029683,0.008673520853623872,0.00017587706296446492,-0.05294990667096131,-0.3324370338982237,-0.3905881968863779,-0.5187049987761598,-0.06185440865301961,0.5566771868002227,0.4383600176996317,-4.146491658140084,-4.874245266246557,-1.103649253567225,0.04293755192708329,0.00036857060055283937
4.45,0.008679691217996895,1.5080395633339105,-0.9895275830122121,-0.5374538156913535,0.0009331394740964694,-5.8600022803732984e-05,0.08802885322542071,0.013409644346427945,-0.04364701896305065,-0.010011613005993465,0.008609870992968198,0.00019423074943063527,-0.06674872711144161,-0.3519154433139216,-0.38825893820243507,-0.516668940379124,-0.0622406640548529,0.5448431376230536,0.4346255736696282,-4.171411805870942,-4.8941510092781115,-1.1102564217428754,0.04250057352591551,0.00045864487351784434
4.46,0.009553983184605246,1.5081373759137047,-0.9899999666501124,-0.5375660004954388,0.0010185095879215664,-5.6480863956748605e-05,0.08742919666083517,0.009781257979413748,-0.04723836379003042,-0.011218480408530174,0.008537011382509702,0.00021191588469843793,-0.08054303884783041,-0.36947052584082285,-0.3838048305913785,-0.5109856140020508,-0.06250849974632916,0.529650822480826,0.4304036069780713,-4.195932354477736,-4.91347033980265,-1.116687207746907,0.042017331332794,0.0005454532761066087
4.47,0.010421312943065916,1.5081976545216662,-0.9905077873092788,-0.5376901291389788,0.0011030594605497311,-5.419267926716022e-05,0.08673297584606686,0.0060278607961622,-0.05078206591664365,-0.012412864354006908,0.008454987262816467,0.0002288184689588386,-0.09431153286338517,-0.3850105588052591,-0.37721013353091787,-0.5016901514732512,-0.06266513020473913,0.5111933376140335,0.42569775763910456,-4.219911320265258,-4.932088119969624,-1.1229009270654011,0.04148827023199192,0.000628429063048563
4.48,0.011280718521308917,1.5082193569083724,-0.9910503578964335,-0.5378260025152847,0.0011866980149904248,-5.17443918019611e-05,0.0859405578243001,0.0021702386706193375,-0.05425705871546934,-0.013587337630588062,0.008363855444069375,0.00024482874651991223,-0.10803231727944054,-0.3984561056623319,-0.3684738599232367,-0.4888439616242586,-0.06271827013061021,0.4895839385791997,0.4205125386800984,-4.243210069190852,-4.949892412034521,-1.1288580111288014,0.040913900835108756,0.0007070262797577083
4.49,0.012131243201434667,1.5082016540196874,-0.9916267824602429,-0.5379733480504372,0.0012693348602661513,-4.914597295143795e-05,0.08505246801257502,-0.0017702888685003654,-0.057642456380948406,-0.014734553515245668,0.008263684527572637,0.0002598418850523149,-0.12168301559214177,-0.4097403645613929,-0.3576097896961728,-0.4725342689462013,-0.06267604683559713,0.4649553512167538,0.4148533365331049,-4.265694106026779,-4.966775241026911,-1.1345202779852337,0.040294799376941554,0.0007807231552524781
4.5,0.012971937131492943,1.5081439340370635,-0.9922359594473932,-0.5381318210206745,0.0013508804112199201,-4.640838669561132e-05,0.0840693930058276,-0.005771998262390816,-0.060917698715018544,-0.015847297023730125,0.008154555095376893,0.00027375862558266247,-0.13524087041038144,-0.4188094461493253,-0.3446463697758791,-0.4528734588346208,-0.06254690913060312,0.43745896211736346,0.40872640652013864,-4.28723384566495,-4.982633330433316,-1.1398511936824198,0.0396316073649253,0.0008490253510193042
4.51,0.013801858957419935,1.5080458051074348,-0.9928765863799706,-0.5383010063713376,0.001431246009876949,-4.354352770304171e-05,0.08299218259269926,-0.00981289296286308,-0.06406269325773499,-0.016918535066311528,0.00803655986570288,0.000286485899256961,-0.14868285207964985,-0.42562258114135976,-0.32962650219553036,-0.4299982346147453,-0.062339533413575565,0.407263893510582,0.40213886339479493,-4.307705363114084,-4.997368805610419,-1.144816122522024,0.03892503097774572,0.0009114690457105187
4.5200000000000005,0.014620077466927402,1.5079070967557207,-0.9935471659170213,-0.5384804210227468,0.0015103440479963756,-4.0564153632130116e-05,0.08182185095074673,-0.013870835171414637,-0.06705795370506994,-0.01794146514092633,0.007909803811942657,0.00029793740709115925,-0.16198577153973606,-0.43015225821684133,-0.31260722311161965,-0.404068593116127,-0.06206272769182419,0.3745559682219889,0.3950986669457479,-4.3269911184996666,-5.010889859876774,-1.1493825644192812,0.03817584021033395,0.0009676238365454983
4.53,0.015425673236869844,1.5077278599800568,-0.9942460132529911,-0.5386695166448482,0.0015880880904275288,-3.748381204069383e-05,0.08055957699424428,-0.017923677566383425,-0.06988473359698286,-0.01890956221013874,0.007774404243115324,0.00030803415914362845,-0.1751263967170274,-0.4323842927739124,-0.29365927647278534,-0.3752666269981373,-0.061725334319131187,0.3395365710308981,0.3876146027130401,-4.344980653128195,-5.02311137850192,-1.153520377682294,0.037384867764280745,0.0010170954393841926
4.54,0.01621774027540757,1.5075083660369035,-0.9949712647960725,-0.538867682879107,0.0016643929988652457,-3.431676234285494e-05,0.07920670385377253,-0.021949394315325336,-0.07252515430813684,-0.01981662342588314,0.0076304908437716855,0.0003167049697838885,-0.18808157169653383,-0.4323178270155917,-0.27286658699249444,-0.3437951634317711,-0.061336132274630306,0.30242141341094486,0.37969625791551076,-4.361571252432769,-5.033955516118628,-1.157201985619194,0.03655300768475531,0.0010595281706593154
4.55,0.016995387650140276,1.5072491039301334,-0.995720888060378,-0.5390742509829676,0.0017391750555800787,-3.107789328293872e-05,0.07776473747327063,-0.02592621067700551,-0.07496232643054945,-0.020656810386050023,0.0074782056714832994,0.00032388690599162196,-0.20082833785482315,-0.4299652617568608,-0.25032563790798146,-0.3098762500512269,-0.06090373986029096,0.2634392092328349,0.3713539927368947,-4.376668571390563,-5.043352223425014,-1.1604025654871748,0.03568121374727141,0.0010946071956788633
4.5600000000000005,0.017757741093312476,1.506950776625089,-0.9964926926973905,-0.5392884978692609,0.0018123520866822908,-2.7782636423949337e-05,0.07623534431721997,-0.029832730504463043,-0.07718046370125364,-0.02142468862933386,0.007317703110221216,0.00032952568589893834,-0.21334405606443635,-0.4253521202571907,-0.22614475977525272,-0.27374950024010336,-0.060436518745533796,0.2228302695673497,0.3625989071685619,-4.390187217808354,-5.051239719415948,-1.1631002184146286,0.034770497600088254,0.0011220605292370967
4.57,0.018503944575193814,1.5066142960154127,-0.9972843425843687,-0.5395096505102525,0.00188384358446363,-2.4446876173098205e-05,0.07462034818813383,-0.03364806096761505,-0.07916498869782022,-0.02211526409915681,0.0071491497781339085,0.0003335760250851131,-0.2256065290059127,-0.4185168443080111,-0.2004433372057918,-0.23567031094278557,-0.05994248033617011,0.18084502522555884,0.35344280365787994,-4.402051288724162,-5.057564905785047,-1.165276119055914,0.033821926670627306,0.0011416607759904508
4.58,0.019233161836819192,1.5062407766772021,-0.9980933688803635,-0.5397368906735882,0.0019535708283484055,-2.1086856888646628e-05,0.07292172616253788,-0.03735193382107036,-0.0809026295994728,-0.022724016333578536,0.006972724388477559,0.00033600192844515783,-0.23759412254803977,-0.4095105227613146,-0.17335094103382387,-0.19590796710216574,-0.05942919548651493,0.13774248611957418,0.34389814586198436,-4.412194855083438,-5.06228372056644,-1.1669146438767575,0.03283662184698966,0.0011532265996551346
4.59,0.019944577873440204,1.505831528451696,-0.9989171839542693,-0.5399693599552446,0.0020214570039757784,-1.771908763084737e-05,0.07114160366210108,-0.04092482255060776,-0.08238150739058049,-0.02324692816564371,0.006788617562737309,0.000336776925779926,-0.24928588508384783,-0.3983965526840349,-0.14500639387582842,-0.15474364765871118,-0.05890370860958827,0.09378864691939048,0.3339780138563898,-4.420562389829915,-5.065361428536429,-1.1680034771164025,0.03181575494840647,0.0011566239117554397
4.6000000000000005,0.020637400360294732,1.5053880479042898,-0.9997530960839253,-0.5402061650727176,0.002087427319928861,-1.4360245134907381e-05,0.0692822486854529,-0.04434805474063257,-0.08359121296559636,-0.02368051174729658,0.006597031595308243,0.0003358842495939988,-0.260661663643226,-0.3852502333787154,-0.11555677741935201,-0.11246834872127742,-0.058372457261926414,0.04925484880794698,0.3236960561953536,-4.427109134613689,-5.066772846365375,-1.1685336936292479,0.030760546001191526,0.0011517667723851292
4.61,0.021310861012648785,1.5049120087141354,-1.000598324820716,-0.5404463833801126,0.002151409121623664,-1.1027075595541377e-05,0.06734606523540544,-0.04760391901543576,-0.08452287367907904,-0.024021830739509805,0.0063981801694802855,0.00033331695393660045,-0.27170221554718654,-0.3701582936341631,-0.085156390051849,-0.06938074004937356,-0.057841198285011775,0.004416107406866876,0.31306643926510824,-4.43180140047162,-5.0665025009961955,-1.1684998179730437,0.029672260339417146,0.0011386179972269449
4.62,0.021964216872505476,1.5044052510549366,-1.0014500169104197,-0.5406890685655262,0.0022133320018725595,-7.736295860760121e-06,0.06533558598566913,-0.05067576591987616,-0.08516920897038009,-0.02426851854135609,0.0061922880248895685,0.00032907797347812563,-0.28238931432745906,-0.35321835276678015,-0.05396566361111675,-0.02578497138579161,-0.057314941575655975,-0.04045058284980241,0.3021037944108838,-4.434616798083232,-5.0645447202235605,-1.1678998592814887,0.028552205552026613,0.0011171894668959553
4.63,0.022596751514911074,1.503869770033728,-1.0023052626582099,-0.5409332564901372,0.002273127907643143,-4.5044946369748e-06,0.06325346424055985,-0.05354810212086804,-0.0855245747790118,-0.024418792461103095,0.005979590577058358,0.0003231801223785321,-0.2927058486129572,-0.3345383162916911,-0.022150048115600854,0.01801155458952919,-0.05679789252226586,-0.085067957473831,0.2908231633529633,-4.435544393553665,-5.060903654953399,-1.1667353216351246,0.02740172830036174,0.0010875421365189027
4.64,0.0232077761674158,1.5033077032604234,-1.0031611126237376,-0.5411779711277651,0.0023307312425445434,-1.348034308258018e-06,0.061102465250472464,-0.05620667733045941,-0.0855849965527791,-0.024471463762782267,0.005760333490140038,0.00031564603287167814,-0.3026359126853483,-0.31423570742165874,0.01012112669107016,0.06170042580225332,-0.0562934040878027,-0.12916019331348683,0.2792399424347512,-4.434584786124635,-5.055593233131235,-1.1650111898244193,0.026222211032043915,0.0010497857453216006
4.65,0.023796630736964315,1.5027213176266736,-1.0040145945310948,-0.5414222305632833,0.002386078964589627,1.7170460303362184e-06,0.0588854569548516,-0.058638563374987594,-0.0853481907357039,-0.024425943551817722,0.005534772204508377,0.00030650803385942366,-0.312164887432307,-0.2924369360309367,0.042675804253590126,0.10497446398341581,-0.0558039394386749,-0.17245461206324408,0.2673698262661195,-4.431750104763535,-5.048637045836068,-1.1627358905814402,0.02501506861874248,0.0010040782278577561
4.66,0.02436268473929249,1.5021129953780394,-1.0048627302781534,-0.541665053008213,0.0024391106788033494,4.675125732124097e-06,0.05660540023281772,-0.060832224863413026,-0.08481357470586817,-0.024282244492966933,0.005303171421372247,0.0002958079701787879,-0.3212795104828399,-0.2692765072368762,0.07534036003773566,0.14752995086922222,-0.05533104590986038,-0.21468336542602723,0.25522875133721523,-4.427063921226152,-5.04006816653958,-1.1599212295400916,0.023781744946530257,0.0009506248303627707
4.67,0.024905338126785446,1.5014852195686195,-1.0057025529302925,-0.5419054627920412,0.0024897687242748244,7.511095367847701e-06,0.054265338749295663,-0.06277758094199447,-0.08398226521392023,-0.024040978382823985,0.005065804547147487,0.00028359696357236036,-0.3299679343946741,-0.24489617233521555,0.10794075800884242,0.18906882103963477,-0.05487534096427282,-0.25558509157076315,0.24283284018095214,-4.420561077922548,-5.029928905024297,-1.1565823043679428,0.022523709488221987,0.0008896769375434222
4.68,0.025424022011697724,1.5008405589919953,-1.0065311235847985,-0.5421424962883139,0.00253799825528347,1.0210446535388701e-05,0.05186838849122781,-0.06446605766240751,-0.08285706545058713,-0.023703349627271664,0.00482295310086453,0.0002699351167541,-0.33821977188115954,-0.21944402546547234,0.14030369680662635,0.22930080547054343,-0.05443651064607957,-0.2949065327014589,0.23019834665606553,-4.412287429729624,-5.0182704979344965,-1.1527373946936441,0.021242453887275376,0.0008215306169065384
4.69,0.025918199282637992,1.5001816526866296,-1.007345547994255,-0.5423752077353277,0.0025837473161676775,1.2759358158563111e-05,0.04941772709402671,-0.0658906305365596,-0.08144244094565596,-0.023271144701378994,0.004574906088420778,0.00025489116231744094,-0.3460261272139685,-0.19307355007035457,0.17225773804427438,0.26794551042572423,-0.054013320846947765,-0.33240410378306484,0.21734160290669374,-4.402299499776036,-5.005152738396587,-1.1484078296312454,0.019939488582485645,0.0007465248894757625
4.7,0.026387365113264442,1.4995111941175907,-1.0081429928399663,-0.5426026749122796,0.00262696690964754,1.5144778744342326e-05,0.04691658306264511,-0.06704585690388654,-0.0797444845711387,-0.022746717695203113,0.004321959347986273,0.00023854205857792155,-0.35337961311564214,-0.1659426199285136,0.20363440958996928,0.3047344169397179,-0.053603641506513755,-0.3678454027573103,0.2042789685291046,-4.390664050161462,-4.990643547587148,-1.1436178338747365,0.0186163395018204,0.0006650397374340813
4.71,0.02683104736320781,1.4988319151396319,-1.0089207015498411,-0.5428240046330158,0.0026676110583608035,1.735450409210147e-05,0.0443682249943368,-0.06792789779587384,-0.07777087098747726,-0.0221329720736159,0.004064414871326334,0.0002209725347759143,-0.3602743526623977,-0.13821246027215991,0.2342692771312153,0.33941278693319743,-0.05320448365168895,-0.4010106529305744,0.1910267824415486,-4.3774575695472695,-4.9748184915434885,-1.1383943535012828,0.0172745448523199,0.0005774938608500837
4.72,0.02724880687231998,1.4981465698491538,-1.0096760095591755,-0.5430383380210317,0.0027056368594228137,1.937724997594659e-05,0.041775950911216844,-0.06853452904780746,-0.07553080093344136,-0.02143333880158775,0.0038025801062010114,0.00020227458838451213,-0.3667059659462578,-0.11004657522775205,0.26400297781007676,0.37174146279757714,-0.05281204895677982,-0.431694068610437,0.17760131791000727,-4.362765680552372,-4.957760246900383,-1.1327668627784215,0.0159156520310626,0.00048434219718857864
4.73,0.02764023765041991,1.4974579184343635,-1.0104063589173529,-0.5432448555311139,0.0027410045318760736,2.12027193516545e-05,0.03914307780999294,-0.06886514147903856,-0.07303493581773506,-0.020651751008212354,0.003536767245325967,0.00018254693757079114,-0.3726715414943953,-0.0816096485244973,0.29268221019849866,0.40149854822434417,-0.05242179127460278,-0.4597051355212534,0.1640187411314139,-4.346682470888116,-4.939558019594173,-1.1267671534173531,0.014541214679792748,0.000386073218761443
4.74,0.02800496696575665,1.4967687111339645,-1.011109312148585,-0.5434427816849451,0.002773677456952277,2.282166367308954e-05,0.03647293153367395,-0.06892073003991034,-0.07029532312321445,-0.01979261538311396,0.003267292507620338,0.0001618944321435037,-0.378169592704596,-0.05306642508233814,0.3201606753739249,0.42848095902756667,-0.052028489361624075,-0.48486979803017777,0.15029507371787593,-4.329309753151033,-4.920306920899842,-1.1204291078501776,0.013152789902987605,0.00028320602463363436
4.75,0.028342655336413097,1.496081672414911,-1.0117825652804155,-0.543631389490122,0.0028036222111284203,2.4225937938938166e-05,0.03376883706564454,-0.06870387190533321,-0.06732531318304232,-0.018860780517693732,0.0029944754176143475,0.00014042742658486275,-0.38319999982454644,-0.024580581699922034,0.3462999643384835,0.4525058337521274,-0.05162632979821846,-0.5070315457608139,0.13644615936152382,-4.310756259142856,-4.90010730545521,-1.1137884582320157,0.011751935665954864,0.00017628724475489464
4.76,0.028652996429815704,1.4953994854791004,-1.012423959959737,-0.5438100045143314,0.0028308085920177753,2.5408549129002603e-05,0.031034109340260647,-0.06821869358107228,-0.0641394679321557,-0.017861502420933782,0.0027186380889355106,0.00011826111900644372,-0.3877639382709024,0.003686404401889819,0.37097038749572914,0.47341179493703067,-0.05120899889626607,-0.5260523927653835,0.12248763489125566,-4.291136775485159,-4.879064076177811,-1.1068825329784775,0.010340208386081826,6.588777523206001e-05
4.7700000000000005,0.028935716876377193,1.494724777207318,-1.0130314945825092,-0.5439780085888829,0.0028552096371950854,2.636369772987902e-05,0.028272044656148763,-0.06747082717823723,-0.06075346227721252,-0.01680040745515128,0.0024401045177310046,9.551486008764151e-05,-0.39186379434481433,0.031576379980409616,0.3940517423437775,0.49106005305196065,-0.050769782200160485,-0.541813743062465,0.10843490586116106,-4.27057122812287,-4.857285961192598,-1.0997499927436807,0.008919160726674058,-4.7400635316350215e-05
4.78,0.029190576004065275,1.4940601036462855,-1.0136033343701478,-0.544134843118395,0.002876801636112224,2.7086812092360275e-05,0.02548591276880823,-0.06646735610324395,-0.0571839787638619,-0.015683452951210396,0.0021591998917138795,7.231143624812566e-05,-0.39550306964730003,0.058935623575003974,0.41543401597475943,0.5053353462538079,-0.05030167002226049,-0.5542171370178508,0.09430312673722824,-4.249183724050465,-4.83488476806182,-1.0924305578232814,0.0074903395990106245,-0.00016296892747751692
4.79,0.029417365501346257,1.49340793614125,-1.014137820332667,-0.5442800119761473,0.0028955641353146486,2.7574575407078583e-05,0.022678949728098162,-0.06521675050354797,-0.05344859625192496,-0.014516885775225214,0.0018762499202424326,4.877633147183076e-05,-0.3986862757217339,0.08561592694876126,0.43501801936121015,0.5161467103158865,-0.049797467322526545,-0.5631848737571661,0.0801071856756214,-4.227101559231395,-4.811974620741356,-1.0849647290299385,0.006055284374396635,-0.00028019437921179217
4.8,0.029615909016485743,1.4927706482122245,-1.0146334770660372,-0.5444130839674448,0.0029114799372192413,2.7824945130457926e-05,0.019854351513948622,-0.06372879290254461,-0.049565673337032094,-0.013307199129751585,0.001591580190459273,2.5036972337934102e-05,-0.4014188206470258,0.11147564030464265,0.45271595078305615,0.5234280742613482,-0.04924990614356606,-0.5686605055433942,0.0658616938136759,-4.20445420220198,-4.788671184780516,-1.0773935041348626,0.004615525304186272,-0.00039844433820466184
4.8100000000000005,0.029786061701589987,1.4921505032667348,-1.0150890193388533,-0.5445336948462635,0.0029245350927596097,2.7837164739690613e-05,0.017015268510424415,-0.06201449454895906,-0.045554227281617225,-0.012061087881870481,0.0013055155540368608,1.2219609232686908e-06,-0.40370688946595384,0.13638067144729035,0.4684518860881766,0.5271386784330347,-0.0486517587523414,-0.5706092008194505,0.051580978925356694,-4.181372263244646,-4.765090886334865,-1.0697580919981413,0.003172582142080387,-0.0005170800156281133
4.82,0.0299277097100336,1.4915496432357795,-1.015503357431244,-0.5446415488734475,0.0029347188882447037,2.7611767742886206e-05,0.014164800844361655,-0.060086003095530326,-0.04143380923905581,-0.010785402718410041,0.0010183795485093866,-2.2539699680440856e-05,-0.40555732045549636,0.1602054292348499,0.4821621937919182,0.5272633129384807,-0.047995949618699685,-0.569017973418801,0.037279083227393865,-4.157986459273589,-4.741350130574541,-1.0620996265223703,0.00172796295953511,-0.0006354603181657381
4.83,0.03004076965603854,1.490970078212704,-1.0158756011969665,-0.544736419907796,0.0029420238268100013,2.715057391846125e-05,0.011305994600493969,-0.05795650230755791,-0.03722437657225593,-0.009487103434847002,0.000730493856529749,-4.611938244249553e-05,-0.40697747932422107,0.18283370197697152,0.49379587331460933,0.5238123755958555,-0.04727566438183595,-0.5638957762616992,0.022969765061996123,-4.134426584692635,-4.717564525044408,-1.05445888255856,0.00028316314193941634,-0.0007529456949238323
4.84,0.03012518804514447,1.4904136771668774,-1.0162050628277892,-0.5448181520244877,0.0029464456048669046,2.6456677805937142e-05,0.008441838910592837,-0.05564010458265242,-0.03294616308226851,-0.008173211669165873,0.0004421778056903489,-6.93896112524109e-05,-0.40797513345463404,0.20415946188735418,0.5033148149261596,0.5168217496905929,-0.046484454015877974,-0.555273458691327,0.008666504127895993,-4.11082049845762,-4.6938481134683485,-1.046875995870748,-0.001160335449614122,-0.0008689019757596261
4.8500000000000005,0.030180940684144206,1.4898821597955014,-1.016491258307524,-0.5448866596584389,0.0029479830839749463,2.553442951828141e-05,0.005575263899973818,-0.05315173713760657,-0.028619547973478793,-0.006850763395120819,0.00015374791080418406,-9.222482876557337e-05,-0.40855832829436817,0.2240875872842205,0.5106939802280135,0.5063525030208975,-0.04561633250482733,-0.5432035874537073,-0.005617490115603161,-4.087293137403803,-4.67031262538895,-1.0393901892263557,-0.002601065168574518,-0.0009827041776077094
4.86,0.030208032078754946,1.4893770895676464,-1.016733907551421,-0.5449419272733482,0.0029466382585727137,2.438940799345846e-05,0.0027091394610738303,-0.050507022785506374,-0.02426492438969001,-0.005526761490941258,-0.00013448254022326142,-0.00011450215248229503,-0.4087352679386308,0.2425344949488363,0.5159215022566037,0.49249041084061407,-0.044665866473216465,-0.5277601321786978,-0.01986926728612619,-4.06396556558543,-4.647066746897332,-1.032039506623786,-0.004037573144782368,-0.0010937402555754475
4.87,0.03020649482686459,1.4888998680047965,-1.0169329332350192,-0.5449840085603432,0.002942416220006996,2.302838684964508e-05,-0.00015372518903535937,-0.047722156284991185,-0.019902568359823243,-0.004208128699503646,-0.00042220385657178676,-0.00013610211438133766,-0.4085142018409114,0.2594286758848631,0.5189987045454333,0.47534530643815254,-0.04362825538520809,-0.5090380170765343,-0.03407612260278621,-4.040954068925671,-4.624215417537097,-1.0248605575975975,-0.005468421739021967,-0.0012014147759075453
4.88,0.030176389014643624,1.488451730231867,-1.0170884583249487,-0.5450130251732868,0.002935325117295682,2.1459293054316188e-05,-0.0030105812220967403,-0.04481377729295933,-0.015552508992942428,-0.002901661294352858,-0.0007091102711313566,-0.00015690937953288927,-0.4079033194402544,0.27471112866679565,0.5199400387461205,0.45505026416177596,-0.04249940112135531,-0.4871525414164499,-0.048225581565505306,-4.018369303898616,-4.601859158263095,-1.0178882734557158,-0.006892188912370564,-0.001305152488386801
4.89,0.030117801622159174,1.488033741821955,-1.0172008023325456,-0.5450291650109133,0.0029253761150487183,1.969115866182557e-05,-0.00585873924844494,-0.04179884099119948,-0.01123440075969857,-0.0016139837626460139,-0.000994900224696389,-0.00017681343924906182,-0.4069106543082161,0.2883356856026186,0.5187729406842745,0.4317606207621907,-0.041275965958861516,-0.46223867220135334,-0.06230538327021998,-3.9963155082720734,-4.580093435101175,-1.0111556772033492,-0.00830746853293737,-0.0014044017763394255
4.9,0.030030845944384797,1.487646796947098,-1.0172704763194544,-0.5450326800590242,0.0029125833489534463,1.773406591691703e-05,-0.008695567777437716,-0.03869448748570495,-0.0069673986908761676,-0.0003515048110900819,-0.001279276609527209,-0.00019570927449085403,-0.40554399919961825,0.3002692280551874,0.5155376050281106,0.4056528419192942,-0.0399554182163635,-0.43445021327139743,-0.0763034628455733,-3.97488978114352,-4.55900806289153,-1.004693668795775,-0.009712870642565612,-0.0014986379631464323
4.91,0.02991566103268295,1.4872916178361553,-1.0172981766925875,-0.545023883808966,0.0028969638792065724,1.5599086062531007e-05,-0.011518491170184688,-0.03551791109427281,-0.002770037313303951,0.0008796250058128497,-0.0015619469746873753,-0.0002134979854386023,-0.40381083314702476,0.31049178844811726,0.5102866790647927,0.3769232418197368,-0.0385360650681692,-0.4039588558843662,-0.09020793349260048,-3.9541814386164815,-4.538686653206729,-0.9985308272378567,-0.011107021705568697,-0.0015873664550236704
4.92,0.02977241116096527,1.4869687555297249,-1.0172847778338743,-0.545003148271522,0.002878537642245584,1.329821222906723e-05,-0.014324987171767792,-0.03228623064305039,0.0013398858713275612,0.0020735537444052264,-0.001842623696098829,-0.0002300873833463777,-0.4017182614740363,0.31899653770949643,0.503084876450747,0.3457865645275362,-0.037017072282739205,-0.3709531165901765,-0.10400706859641955,-3.934271450507503,-4.519206110218344,-0.9926932309134177,-0.012488564860595448,-0.0016701257008166083
4.93,0.029601285319826528,1.4866785919108672,-1.0172313236180899,-0.5449709006081525,0.0028573274010985665,1.0844286818684358e-05,-0.01711258411387435,-0.029016361885778205,0.005345421578439897,0.0032247663369468892,-0.0021210241147017507,-0.0002453925410382873,-0.3992729693254961,0.32578965815854344,0.49400851217863384,0.3124744368293215,-0.03539847088736536,-0.3356371689604391,-0.11768928435862493,-3.9152319624623204,-4.500636177944951,-0.9872042973835851,-0.013856160195314486,-0.0017464899506575348
4.94,0.029402496741020055,1.4864213429794613,-1.0171390178796789,-0.5449276194042042,0.0028333586946340146,8.250923832035664e-06,-0.01987885788064718,-0.025724893140587297,0.009230573841098443,0.004328120394829141,-0.002396870646455203,-0.0002593362986648694,-0.39648118903059515,0.3308901031025427,0.48314496045061484,0.27723370299730954,-0.03368115100095759,-0.29822957644227793,-0.13124312337158103,-3.897125906811738,-4.4830390419508515,-0.9820846437412074,-0.015208485061819719,-0.0018160717965462023
4.95,0.0291762824537139,1.486197063327376,-1.017009213896819,-0.5448738306112473,0.0028066597859523847,5.532426615852563e-06,-0.02262142873061551,-0.02242796520852521,0.012980398285980698,0.005378879295691636,-0.0026698908681629763,-0.0002718497216183101,-0.3933486813336972,0.3343292456570212,0.4705920376023195,0.24032465273707038,-0.031866843304592773,-0.25896193425201947,-0.14465723952173706,-3.880006704432044,-4.466468988181524,-0.9773519684498114,-0.016544234448528164,-0.0018785244792326756
4.96,0.028922902873055118,1.4860056517614173,-1.0168434029679583,-0.5448101031880863,0.002777261610119831,2.7037015378034006e-06,-0.025337958065878144,-0.01914115659585912,0.016581092886073266,0.0063727423160987885,-0.002939817583255357,-0.0002828725078049162,-0.38988073025604897,0.3361504205194452,0.45645731274050744,0.20201915424835626,-0.029958088829415752,-0.21807742883697195,-0.15792038456945262,-3.863918058809644,-4.450972121220321,-0.973020955431573,-0.017862121421944578,-0.001933543947197248
4.97,0.028642641420691506,1.4858468580113255,-1.0166432021626457,-0.5447370444721942,0.0027451977214028073,-2.198318800944895e-07,-0.02802614523636124,-0.015879375009166558,0.02002008053125682,0.007305871589219256,-0.0032063888717023523,-0.000292353341789789,-0.38608215109364463,0.3364083635907818,0.4408573492842678,0.1625987050234441,-0.02795819792996812,-0.17582932398068946,-0.17102139670833608,-3.848893842462453,-4.436586143833514,-0.9691032010007038,-0.01916087764904711,-0.0019808706550272378
4.98,0.02833580417607041,1.4857202904510358,-1.0164103413346117,-0.5446552953153286,0.002710504240120988,-3.2223338166929944e-06,-0.03068372446210948,-0.012656756028971866,0.02328608280340578,0.008174915686550897,-0.0034693481281819405,-0.0003002501936598505,-0.38195731081978584,0.3351685554368469,0.42391688117730664,0.12235241354708837,-0.025871199475638873,-0.1324793831101952,-0.1839491913589226,-3.8349580748588754,-4.423340199240005,-0.9656071640679439,-0.02043925400829021,-0.0020202910900768613
4.99,0.02800271955656693,1.4856254247530853,-1.0161466494906741,-0.5445655250188871,0.0026732197991961477,-6.287639424649464e-06,-0.033308461950348,-0.009486569795052864,0.026369184393759865,0.008977029644148515,-0.0037284440924840313,-0.00030653056079564696,-0.3775101599483915,0.33250647559311025,0.40576792812323187,0.08157492560544322,-0.023701781429984026,-0.08829623779644241,-0.19669275440049144,-3.822124990013131,-4.411254777099641,-0.9625381398695214,-0.021696021294375804,-0.0020516390179542493
