time,q1,q2,q3,q4,q5,q6,dq1,dq2,dq3,dq4,dq5,dq6,ddq1,ddq2,ddq3,ddq4,ddq5,ddq6,tau1,tau2,tau3,tau4,tau5,tau6
0.0,0.0,1.5,-1.0,-0.54,0.0,0.0,0.0,0.0,0.0,0.0,0.0,0.0,0.0,0.0,0.0,0.0,0.0,0.0,-0.20924113799207644,-3.8103991910380537,-4.40034168376349,-0.9598982573014979,-0.022929971019088603,-0.002074796439099413
0.01,9.644207208537732e-07,1.5000016700725805,-0.9999983950317678,-0.5399996433463612,1.2184700369461673e-07,5.582147462821731e-09,9.644207208537732e-05,0.0001670072580461217,0.00016049682322496602,3.566536388357203e-05,1.2184700369461672e-05,5.582147462821731e-07,0.01285262079671795,0.0178932195632685,0.023100376961368133,-0.0053296035284064736,0.01037753508953991,0.010655185421128137,0.001626322962724976,-4.014604490849224,-4.596412471109434,-1.0316943674959902,0.00019402172431646288,-0.00048630742446173215
0.02,7.124937655055691e-06,1.4999867550684032,-0.9999930134603873,-0.5399998630823307,-1.9110025859537927e-07,3.178073527162335e-08,0.0006160516934201918,-0.0014915004177220724,0.0005381571380492831,-2.1973596955723597e-05,-3.12947262289996e-05,2.619858780880162e-06,0.10446480207685711,-0.19581471523532654,0.10499461914402226,-0.13453279442611132,-0.3167442104440773,0.06860962935178314,0.009119267881172587,-4.086055090245313,-4.610377175006958,-1.037657730226606,0.0004423070890046528,-0.00047295822236736144
0.03,2.138350720140208e-05,1.499939847983478,-0.9999837855038415,-0.5400011661818768,-6.758145817741809e-07,8.17679497250049e-08,0.0014258569546346388,-0.004690708492508876,0.0009227956545763605,-0.0001303099546025055,-4.847143231788016e-05,4.998721445338156e-06,0.14646716910076898,-0.3770959897955549,0.1264793001355889,-0.14325266251652824,-0.3202934408357364,0.06862249950347413,0.016597604052809085,-4.15692519903743,-4.62423289009535,-1.0435767017903443,0.000692269232187285,-0.0004595934646003843
0.04,4.5766791410262704e-05,1.4998479635601594,-0.9999717905503082,-0.5400041987064932,-1.121674295637911e-06,1.5783089262140734e-07,0.002438328420886063,-0.009188442331855274,0.001199495353331908,-0.0003032524616450766,-4.4585971386373e-05,7.606294289640244e-06,0.17493760252049018,-0.5286164593530969,0.12682764835374183,-0.14706912464210165,-0.31357505915840544,0.06840201876276233,0.024055271541393503,-4.226630024649671,-4.637852322641086,-1.0494016182937893,0.0009465384106683326,-0.0004461771973374063
0.05,8.16860828913927e-05,1.499700210481749,-0.9999587245299374,-0.5400096794568422,-1.3714505695208718e-06,2.6146990664553064e-07,0.003591929148113,-0.014775307841041856,0.0013066020370795716,-0.000548075034904369,-2.4977627388296078e-05,1.036390140241233e-05,0.19443450504100748,-0.6547086230128738,0.11559542428029443,-0.1516369171028764,-0.3053106682183996,0.06806246531879759,0.03148728793233627,-4.29462646185819,-4.651108771504519,-1.0550840369931556,0.0012078681039003499,-0.00043267108954526246
0.06,0.0001301186408205623,1.4994875448214593,-0.9999465530498273,-0.5400183294424511,-1.3042607027084329e-06,3.9366124695663675e-07,0.00484325579291696,-0.021266566028973012,0.0012171480110161796,-0.0008649985608855033,6.718986681243879e-06,1.3219134031110609e-05,0.20756581832929905,-0.758714591304373,0.09812454144347431,-0.15630103698877362,-0.29552675166453013,0.06760946247680791,0.038889433222628944,-4.360410458494316,-4.663878569875971,-1.0605773264651852,0.001479065240254979,-0.0004190359562552836
0.07,0.00019173520094626219,1.499202580504134,-0.9999372842963321,-0.5400308248313831,-8.231252081958828e-07,5.550473124907885e-07,0.006161656012569988,-0.02849643173252641,0.0009268753495144343,-0.0012495388932025804,4.811354945125501e-05,1.6138606553415178e-05,0.21615064005153714,-0.8431615193806452,0.07789048464234999,-0.16036895913225635,-0.28408645166157687,0.06704997160714439,0.04625793846366671,-4.423514915052593,-4.676042751377519,-1.065837058775007,0.0017629268328708289,-0.00040523302693221336
0.08,0.0002669895202739665,1.498839439379204,-0.999932822656915,-0.5400477674085411,1.5370341065239503e-07,7.460678934363211e-07,0.007525431932770435,-0.036314112493013195,0.0004461639417165052,-0.0016942577157999334,9.768286188482778e-05,1.9102058094553258e-05,0.22146838119754164,-0.9100053704472868,0.05716535755637922,-0.16338644264912316,-0.27091611234357227,0.06638971517490827,0.05358922059962619,-4.483508046601395,-4.6874882004965945,-1.070821273037994,0.0020621847632857357,-0.0003912249888355886
0.09,0.0003561811205046655,1.498393628893772,-0.9999348768998763,-0.5400696669533859,1.6987197120270926e-06,9.670495040803047e-07,0.0089191600230699,-0.04458104854318912,-0.00020542429613019237,-0.0021899544844762625,0.00015450163013746977,2.209816106439835e-05,0.22441829518605863,-0.9608058015448783,0.03741048564205811,-0.16507729916791014,-0.255996418635718,0.06563323146124739,0.06087967306113769,-4.539992128499532,-4.698108456826712,-1.0754906553352377,0.002379458534853322,-0.0003769768463602743
0.1,0.00045949911630172865,1.497861939085533,-0.9999449051751251,-0.54009693165173,3.879230879082159e-06,1.218265096599197e-06,0.010331799579706315,-0.05316898082390054,-0.0010028275248856497,-0.0027264698344149512,0.00021805111670550662,2.512155925188925e-05,0.225631676052856,-0.9968468221534715,0.019539485662338305,-0.1652871749109539,-0.2393507358701742,0.06478403925398049,0.06812550815965172,-4.5926025517101134,-4.7078042821595965,-1.0798086635158244,0.002717215056111516,-0.00036245663411911034
0.11,0.0005770526979132791,1.4972423531723815,-0.9999640848062012,-0.5401298639037097,6.760060476195535e-06,1.4999728207243395e-06,0.01175535816115505,-0.06195859131515674,-0.0019179631076122507,-0.0032932251979652188,0.00028808295971133763,2.8170772412514246e-05,0.22555105335434492,-1.0192199262448047,0.004096620391704053,-0.16394448439255038,-0.2210363166610264,0.06384479464885179,0.07532264273373294,-4.641007122336114,-4.716484061599614,-1.0837416150780652,0.0030777343671590713,-0.00034763601385826053
0.12,0.000708892200947819,1.4965339677692906,-0.999993298721519,-0.5401686597428393,1.0405281081972282e-05,1.8124399310232992e-06,0.01318395030345398,-0.07083854030909309,-0.0029213915317792857,-0.003879583912967584,0.00036452206057767476,3.124671102989598e-05,0.2244860825665867,-1.0288815044547888,-0.008622239381311694,-0.16103387899707622,-0.20113771762688204,0.0628174313694222,0.08246661789364554,-4.6849055499767704,-4.7240640859473535,-1.0872587497959034,0.0034630803281174532,-0.00033249077756310945
0.13,0.0008550235402670127,1.4957369199681527,-1.0000331330073404,-0.540213410660255,1.4879252710621681e-05,2.155956143347043e-06,0.014613133931919375,-0.0797047801137958,-0.003983428582136692,-0.0044750917415637345,0.00044739716286493984,3.435162123237438e-05,0.2226529799956191,-1.026692617330472,-0.018487652454250256,-0.15657827148206938,-0.17976179732607467,0.061703283983923427,0.08955254470291378,-4.724029078882372,-4.7304687472513045,-1.090332274599818,0.0038750754746919676,-0.000317001272660986
0.14,0.0010154179689943847,1.4948523193466636,-1.000083881853933,-0.5402641070210955,2.02471636161444e-05,2.5308394791802115e-06,0.016039442872737206,-0.08846006214890732,-0.0050748846592662674,-0.005069636084053135,0.000536791090552272,3.748833358331686e-05,0.22020234230391267,-1.0134466468017818,-0.025481142816466892,-0.15062666095330446,-0.15703383215150524,0.060503195600525736,0.09657506910913664,-4.758140223939612,-4.735630669411479,-1.0929373955445374,0.0043152794356330305,-0.00030115276029028516
0.15,0.0011900185477097306,1.4938821835466107,-1.000145557380242,-0.5403206425261237,2.6575213414449428e-05,2.937436751459601e-06,0.017460057871534596,-0.09701358000529173,-0.006167552630899385,-0.005653550502812059,0.0006328049798305028,4.0659727227938924e-05,0.21723876869794753,-0.9898885936538163,-0.029657729611279576,-0.14324588379635061,-0.13309441568959046,0.05921761240972544,0.10352835090185455,-4.78703258008039,-4.739490789062577,-1.0950523399506675,0.00478497047106938,-0.0002849357140164608
0.16,0.0013787443024227645,1.4928293764609961,-1.0002179026452431,-0.5403828193517386,3.3930538510298394e-05,3.376120225322479e-06,0.018872575471303377,-0.10528070856145787,-0.007234526500106085,-0.006217682561488533,0.0007355325095848967,4.386834738628783e-05,0.21383469833299212,-0.9567285958288215,-0.03112066776663147,-0.1345150178222414,-0.10809690249422366,0.057846667535441015,0.11040605274522598,-4.810530678878107,-4.741998397451923,-1.0966583706538187,0.005285129821308284,-0.0002683460638617
0.17,0.00158149276303525,1.491697548348508,-1.00030040671117,-0.5404503537230982,4.2380951661650794e-05,3.847281553011303e-06,0.020274846061248568,-0.1131828112488209,-0.008250406592689592,-0.006753437135963009,0.0008450413151352402,4.711613276888235e-05,0.21004016523849198,-0.9146514287600512,-0.030004466339053862,-0.12452157602684855,-0.08220522701483468,0.056390256422617066,0.11720133636037734,-4.8284898700943435,-4.743111150903676,-1.097739793521258,0.00581642865412455,-0.0002513853888139152
0.18,0.0017981413715068987,1.4904910773906246,-1.0003923210001844,-0.5405228817569208,5.1994547677166236e-05,4.351323778135786e-06,0.02166486084716486,-0.1206470957883309,-0.009191428901425597,-0.00725280338225112,0.0009613596015515445,5.040422251244836e-05,0.2058896716981137,-0.864323193858745,-0.026463510748882063,-0.11335890437156948,-0.0555919789890299,0.054848105628799625,0.12390686372970193,-4.840796209007726,-4.742795055250612,-1.098283958869525,0.006379217469563266,-0.00023406105987428753
0.19,0.0020285481059928025,1.489215012346852,-1.0004926764397097,-0.5405999654654353,6.283921326762434e-05,4.888651991596954e-06,0.023040673448590385,-0.12760650437725854,-0.010035543952528557,-0.007708370851456944,0.0010844665590458104,5.3732821346116825e-05,0.20140702725117005,-0.8063960224370708,-0.020664471610168683,-0.10112438679437163,-0.028436653016328917,0.053219836509350485,0.13051480179824548,-4.847366332721348,-4.741024428017402,-1.0982812570531921,0.006973517870365262,-0.00021638633502290758
0.2,0.0022725515662885202,1.487875016064833,-1.0006003010619704,-0.5406810988495777,7.498206922517652e-05,5.459663072288428e-06,0.024400346029571782,-0.1339996282018831,-0.01076246222606434,-0.008113338414235303,0.0012142855957552174,5.710110806914732e-05,0.1966087509243366,-0.7415113636654725,-0.012781265377603032,-0.08791818895036352,-0.0009240161110969369,0.05150502493963369,0.13701682959502134,-4.848147310497812,-4.737781840961485,-1.0977251082419992,0.007599016638388863,-0.00019838040710391537
0.21,0.0025299706946336387,1.4864773096763781,-1.0007138378370293,-0.5407657140337666,8.848886616217047e-05,6.06473484097641e-06,0.025741912834511854,-0.13977063884548255,-0.011353677505898474,-0.008461518418893726,0.0013506796936993948,6.0507176868798235e-05,0.19150645827790824,-0.6703022484202252,-0.0029917281548867414,-0.07384235921689153,0.026757444351646842,0.049703257920165334,0.1434041470256997,-4.843116454666697,-4.733058044694303,-1.0966119462269899,0.008255062077143119,-0.00018006840546361746
0.22,0.002800604255557779,1.4850286173660685,-1.0008317625940142,-0.5408531874104593,0.00010342335014058115,6.704214882040156e-06,0.027063356092414007,-0.14486923103095745,-0.011792475698486501,-0.008747337669268792,0.0014934483978410677,6.394800410637459e-05,0.18610853069897207,-0.5933948000319332,0.008524566695167775,-0.05900016462881563,0.05441701663320131,0.047814187665170524,0.14966748482783832,-4.832281079909196,-4.72685187643512,-1.0949411959744493,0.008940662591206603,-0.00016148135215140504
0.23,0.0030842301628458916,1.4835361116416388,-1.000952401934616,-0.5409428457728827,0.00011984661105492875,7.378409235582854e-06,0.028362590728811282,-0.1492505724429774,-0.012063934060181651,-0.008965836242339114,0.0016423260914347603,6.741943535426975e-05,0.18042127681192074,-0.5114091802597679,0.021587733442327228,-0.043495579498554315,0.08186321949409647,0.04583758357463005,0.1557971153546352,-4.815678199840261,-4.719170151437096,-1.0927152445651056,0.009654487477540594,-0.00014265607356647497
0.24,0.003380604716506563,1.482007359068708,-1.001073951074749,-0.5410339724207216,0.00013781642416651297,8.08757112518326e-06,0.029637455366067152,-0.1528752572930887,-0.012154914013305951,-0.009112664783898274,0.0017969813111584233,7.091618896004062e-05,0.17444973412786258,-0.4249601021954038,0.036018503278598804,-0.027432871671307035,0.10890522416989257,0.0437733823260371,0.16178286398156255,-4.7933741508475975,-4.71002753823407,-1.089939405106053,0.010394869903529254,-0.00012363506856934153
0.25,0.003689461794781787,1.4804502664592654,-1.0011944915701754,-0.5411258132273639,0.00015738659342202853,8.831889859621569e-06,0.03088570782752242,-0.15570926094426427,-0.012054049542629066,-0.009184080664225928,0.0019570169255515553,7.44318734438309e-05,0.16819821552096217,-0.33465700300602913,0.05163883535718824,-0.010916249802021216,0.13535424697367737,0.04162173618771067,0.16761412102601617,-4.76546413415854,-4.699446417561333,-1.0866218731779456,0.011159812043477152,-0.00010446633425143924
0.26,0.004010512033576637,1.4788730275254427,-1.0013120088938066,-0.541217582659407,0.0001786063039117136,9.611480027042431e-06,0.03210502387948501,-0.15772389338227322,-0.011751732363121865,-0.009176943204311557,0.0021219710489685057,7.795901674208618e-05,0.16167067444458927,-0.24110394283847128,0.0682723294764421,0.005950452482705482,0.16102491268610963,0.03938305954099572,0.17327985414342797,-4.732071668124325,-4.6874567245866645,-1.082773675375931,0.01194699234034396,-8.520315075126819e-05
0.27,0.004343442016688032,1.4772840700287693,-1.0014244098389338,-0.5413084697401022,0.00020151948988076992,1.0426371084955197e-05,0.03329299831113955,-0.15889574966733944,-0.011240094512711045,-0.00908870806951555,0.002291318596905632,8.148910579127654e-05,0.15487094120706876,-0.14489927799361335,0.08574452124295295,0.023064071234632694,0.18573658651571945,0.03705807350030174,0.17876862122153625,-4.693347943759997,-4.674095773936228,-1.0784086095165382,0.0127537748534621,-6.590382670887299e-05
0.28,0.004687913493799914,1.4756920034711654,-1.0015295397255932,-0.5413976439486332,0.00022616422399706615,1.1276497437644068e-05,0.034447147711188154,-0.1592066557603892,-0.010512988665948058,-0.00891742085310363,0.0024644734116296215,8.501263526888709e-05,0.14780286745036242,-0.04663514402440281,0.10388311398595203,0.0403223956218893,0.20931467072603127,0.03464784843263591,0.1840685838428294,-4.649471077671261,-4.65940806690395,-1.0735431761120315,0.013577220646381756,-4.663140715308755e-05
0.29,0.005043562638632978,1.474105567387954,-1.0016251993878826,-0.5414842610468764,0.0002525721330237293,1.2161689082878419e-05,0.03556491448330638,-0.15864360832113514,-0.009565966228935381,-0.008661709824323528,0.0026407909026663163,8.851916452343505e-05,0.14047040533480623,0.0531032240746143,0.12251818359180622,0.05762444630693819,0.23159186082945893,0.0321538440985083,0.18916752142725604,-4.600645257644789,-4.643445080185354,-1.0681965007567953,0.014414101162163184,-2.7453345811635007e-05
0.3,0.00540999935636146,1.4725335803155608,-1.0017091619191207,-0.541567468824738,0.0002807678445949829,1.3081662901524191e-05,0.03664367177284821,-0.15719870723931148,-0.008396253123819333,-0.008320777786168321,0.0028195711571253603,9.199738186457717e-05,0.1328776404989985,0.1537383131614767,0.14148238008124314,0.07487075230112072,0.2524093554019522,0.029577947063985754,0.19405284620554222,-4.547099777377835,-4.626265035471729,-1.0623902471255966,0.015260913526586869,-8.441144018573145e-06
0.31,0.005786806647067411,1.4709848895175723,-1.0017791891498857,-0.5416464127544476,0.00031076846941101516,1.4036014656246634e-05,0.037680729070595165,-0.15486907979883682,-0.007002723076503993,-0.007894392970950107,0.0030000624816032273,9.543517547224428e-05,0.12502879269568862,0.25470127713698837,0.16061114128558543,0.09196362810793857,0.2716180129775354,0.026922504967510363,0.1987116192095255,-4.489087958074439,-4.6079326492727235,-1.056148520349709,0.016113897712981017,1.0330041435985412e-05
0.32,0.0061735400303370705,1.4694683215626043,-1.0018330478315487,-0.541720241543382,0.00034258312282733986,1.5024211758615775e-05,0.03867333832696593,-0.1516567954968029,-0.005385868166292503,-0.0073828788934448535,0.003181465341632469,9.881971023691404e-05,0.11692819443389874,0.3554329909572885,0.17974292814387197,0.10880745181021312,0.2890794490756453,0.024190357166531173,0.20313056750077887,-4.42688595593332,-4.5885188624012585,-1.049497760612537,0.016969055495699503,2.878181901407235e-05
0.33,0.006569727034936183,1.4679926338560894,-1.0018685254952384,-0.5417881125741729,0.00037621248949842444,1.6045586857348375e-05,0.039618700459911255,-0.14756877065149315,-0.003547766368970692,-0.00678710307909093,0.00336293666710846,0.0001021375098732601,0.10858025551010189,0.45538519998495736,0.1987194870968474,0.12530894395285652,0.3046670661516095,0.02138486123839753,0.20729610289303238,-4.3607914558879655,-4.568100548649755,-1.0424666268902392,0.017822171112699278,4.6833009057545e-05
0.34,0.00697486675670892,1.4665664672356824,-1.0018834459534123,-0.5418491972200403,0.00041164843443218757,1.7099332293996308e-05,0.04051397217727368,-0.14261666204068582,-0.0014920458173901933,-0.00610846458674047,0.0035435944933763144,0.00010537454366479336,0.09998941964791397,0.554021752137956,0.21738614218841285,0.14137744661005192,0.3182670091149763,0.01850991477064476,0.21119434245771918,-4.291122253321783,-4.546760202308192,-1.0350858708535913,0.01866883355110686,6.440011357439213e-05
0.35000000000000003,0.007388429487344548,1.4651982997465176,-1.0018756844085164,-0.5419026860225469,0.0004488736635130598,1.8184495466030428e-05,0.041356273063562765,-0.136816748916469,0.0007761544895913777,-0.0053488802506536474,0.00372252290808722,0.00010851631720341183,0.09116011834272922,0.6508199007931297,0.23559211745719472,0.1569252016442193,0.3297790390187024,0.015569971848786474,0.21481113113532274,-4.2182147268569805,-4.524585604318804,-1.0273882010435862,0.019504460363052416,8.139780631619001e-05
0.36,0.007809856416389978,1.4638964017180387,-1.0018431821307008,-0.5419477937182864,0.000487861436251136,1.9299975130921004e-05,0.042142692904542964,-0.13018980284788748,0.00325022778154957,-0.004510769573947312,0.003898777273807621,0.00011154796648905744,0.0820967262494731,0.7452716665861236,0.2531908886992146,0.17186762698872515,0.3391173175778056,0.012570053639431922,0.21813206680780384,-4.142422206690749,-4.501669467026563,-1.0194081375335635,0.020324322912305844,9.773944018750711e-05
0.37,0.008238559408815375,1.4626687922685448,-1.001783960664295,-0.5419837641004369,0.0005285753332099136,2.0444518678457917e-05,0.04287029924253973,-0.12276094494939134,0.005922146640575967,-0.0035970382150534498,0.004071389695877769,0.00011445435475369121,0.0728035219305278,0.8368852462288191,0.27004056257072734,0.18612358963064946,0.3462110953282557,0.00951575247435582,0.22114252821876318,-4.064113244310114,-4.478109057666002,-1.0111818573936455,0.021123572945291037,0.00011333756895023754
0.38,0.008673920860536328,1.4615231973669232,-1.0016961355208003,-0.5420098747006319,0.0005709690802529505,2.1616720392182222e-05,0.043536145172095274,-0.11455949016217473,0.008782514349484679,-0.0026110600195026644,0.004239374704303689,0.00011722017137243033,0.06328465740292454,0.9251864563086392,0.2860042801372815,0.19961567391124513,0.3510052964922415,0.006413228869565801,0.2238277061574176,-3.983669790740758,-4.454005800920381,-1.0027470313773044,0.021897270372813877,0.0001281044801208272
0.39,0.009115293634538793,1.4604670095832477,-1.0015779293145826,-0.5420254412762446,0.0006149864314291962,2.2815020714425554e-05,0.04413727740024659,-0.10561877836754127,0.011820620621767667,-0.00155665756127888,0.004401735117624566,0.00011983003222433314,0.05354413962079617,1.0097201998011378,0.3009506412999697,0.2122704436992362,0.35346099397990866,0.00326920096885,0.22617263834904125,-3.9014852917573024,-4.4294648610962435,-0.9941426523536071,0.022640412141267236,0.00014195273590501085
0.4,0.009562001080624974,1.459507249660982,-1.001427684296283,-0.5420298220879531,0.0006605611119871468,2.4037706523092232e-05,0.044670744608618154,-0.0959759922265633,0.015024501829960228,-0.00043808117084871397,0.004557468055795063,0.00012226858086666776,0.04358582674980566,1.0900519427558226,0.3147541459796842,0.2240186970042286,0.3535557684391228,9.092597665044666e-05,0.22816224851706374,-3.817962709685604,-4.404594704671865,-0.9854088561104345,0.02334796206414145,0.00015479571897211708
0.41000000000000003,0.010013337142283404,1.4586505300433985,-1.0012438742382357,-0.5420224219523594,0.000707616822669256,2.5282912421995634e-05,0.04513360616584309,-0.08567196175835315,0.018381005804728078,0.000740013559377112,0.004705571068210917,0.00012452058989034014,0.03341344179798771,1.1657691883468562,0.32729564749889656,0.23479571157222257,0.35128394587359557,-0.0031138267457613833,0.22978139009916448,-3.7335124825431873,-4.3795066441996635,-0.9765867352523632,0.024014881476374553,0.00016654817983842896
0.42,0.010468566554768388,1.4579030204854995,-1.0010251156259367,-0.5420026960544881,0.0007560673060905108,2.6548623040301795e-05,0.04552294124849827,-0.07475095578989455,0.021875861229899738,0.0019725897871246648,0.004845048342125484,0.00012657106183061622,0.023030605835981308,1.2364829352338493,0.3384628132331758,0.244541480041506,0.34665670909082824,-0.006336811118509839,0.23101489510982742,-3.6485504322752678,-4.35431436476719,-0.9677181470103443,0.024636160565448206,0.00017712678260612075
0.43,0.010926925139134291,1.4572704158801695,-1.0007701781098424,-0.5419701535051873,0.0008058164756493852,2.7832676330469115e-05,0.045835858436590424,-0.06326046053300813,0.025493751609430855,0.003254254930084191,0.004974916955887445,0.00012840532901673186,0.012440892651085446,1.3018291069848607,0.34815058732010695,0.25320093323611026,0.3397020791232281,-0.009569348353433066,0.2318476286431098,-3.5634956347338265,-4.329133434446233,-0.9588455158674367,0.025206850224235265,0.0001864506457907811
0.44,0.011387620197688415,1.4567579064234901,-1.0004779941725281,-0.5419243606288016,0.0008567586070564179,2.9132767848033557e-05,0.04606950585541242,-0.05125094566794064,0.029218393731423802,0.00457928763857518,0.005094213140703268,0.00013000915175644432,0.0016479062238297574,1.3614699391855316,0.35626164998068727,0.2607241502258928,0.33046476378867456,-0.012802379395668417,0.23226454949983735,-3.478768264801123,-4.304080800382327,-0.9500116319843357,0.025722094261522353,0.00019444187496676902
0.45,0.01184983101707852,1.4563701502391162,-1.0001476679675039,-0.5418649439669936,0.0009087785921965995,3.0446455990704352e-05,0.046221081939010505,-0.038775618437391156,0.033032620502434676,0.005941666180803105,0.005201998514018156,0.00013136881426707942,-0.009344618111147755,1.4150953108179012,0.3627068678567539,0.267066553792052,0.3190058717210005,-0.01602652545652966,0.2322507774009719,-3.3947874306621983,-4.279274272394215,-0.9412594464789213,0.026177161796990634,0.0002010260839663626
0.46,0.012312709485991115,1.4561112485753307,-0.9997784832877747,-0.541791592985243,0.0009617522546680018,3.177116816853607e-05,0.04628784689125949,-0.025890166378545902,0.03691846797291008,0.007335098175055699,0.005297366247140231,0.0001324712177831713,-0.02053268855428999,1.462424006548229,0.3674057296698267,0.27218908998040536,0.30540249149929866,-0.019232156085130958,0.23179166721136135,-3.311969011672309,-4.254831996162387,-0.9326318646745134,0.026567479658389178,0.00020613290138683934
0.47000000000000003,0.012775380835174542,1.455984723680903,-0.9993699106245516,-0.5417040624693644,0.0010155467259622868,3.310420787145874e-05,0.04626713491834273,-0.012652489442787025,0.04085726632230923,0.008753051587861176,0.005379447129428507,0.0001333039702922677,-0.03191190817281054,1.503204896730499,0.37028676147905626,0.27605839046504244,0.289747136926339,-0.022409464007747182,0.23087289054341933,-3.230723514533978,-4.230871918284442,-0.9241715384808666,0.026888664589859005,0.00020969645919079465
0.48,0.01323694450818477,1.4559934994571828,-0.9989216132793428,-0.5416021746003441,0.0010700208808747803,3.4442762595206966e-05,0.04615636730102286,0.0008775776279848733,0.04482973452087859,0.010188786902034643,0.0054474154912493465,0.00013385547237482252,-0.043477303775587596,1.5372180222178402,0.3712879158578247,0.2786469164793317,0.2721470610353682,-0.025548545745608275,0.22948052503659894,-3.1514539625881244,-4.207511245660124,-0.9159206591093908,0.0271365550720653,0.00021165586023092257
0.49,0.013696475171847496,1.4561398849740255,-0.9984334524959951,-0.5414858206969058,0.0011250258303547853,3.578391258171838e-05,0.045953066366272444,0.014638551684260299,0.04881607833476927,0.011635390343836791,0.005500494948000508,0.00013411499865114074,-0.055223134173445695,1.5642755714875205,0.37035692941850284,0.27993308311486054,0.2527234430132087,-0.02863948681446621,0.22760115151426427,-3.0745538329288657,-4.1848659018375525,-0.9079207513488775,0.02730724254719242,0.00021195562159313146
0.5,0.014153023875902405,1.4564255609261956,-0.9979054915830667,-0.5413549626164624,0.0011804054696330734,3.71246403253979e-05,0.04565487040549096,0.028567595217014352,0.05279609129284088,0.013085808044329263,0.005537963927828799,0.00013407277436795268,-0.06714268042258029,1.5842227381292215,0.367451643293359,0.2799013628447913,0.23161045389316204,-0.03167245012082917,0.2252219591036051,-3.000405055771386,-4.16304998310176,-0.9002124706397708,0.02739710183519506,0.00021054609073357575
0.51,0.014605619371608806,1.4568515690949322,-0.9973379990011896,-0.5412096338064966,0.0012359970790955285,3.846184079228999e-05,0.045259549570640094,0.042600816873660324,0.056749258187716686,0.014532880996588086,0.0055591609462455034,0.0001337200466892088,-0.07922802139479325,1.5969384474268717,0.3625402814359842,0.278542367164337,0.2089542085516107,-0.03463776600857954,0.22233085826607338,-2.929376090036903,-4.142175217214278,-0.892835404183301,0.027402820522227703,0.00020738383148812467
0.52,0.015053269599211421,1.4574183048664238,-0.9967314503947792,-0.5410499399999175,0.0012916319750124346,3.979233229518895e-05,0.04476502276026154,0.056673577149165,0.06065486064104291,0.015969380657913926,0.005563489591690619,0.0001330491502898965,-0.09146979873017144,1.6023359415790879,0.3556016819249025,0.2758529053158716,0.18491161320285462,-0.03752602228692273,0.21891660152566458,-2.861820088474114,-4.122350427815969,-0.8858278773066504,0.02732142709815477,0.00020243197715932187
0.53,0.015494963354058361,1.458125512845158,-0.9960865295525383,-0.5408760595495704,0.0013471362068846902,4.111286796406669e-05,0.044169375484693935,0.07072079787342678,0.06449208422408871,0.01738804503470671,0.005550423187225568,0.0001320535668877741,-0.10385697587956005,1.6003632140541162,0.3466254768471292,0.271836019117881,0.1596491191795123,-0.040328152494400846,0.21496891150128594,-2.7980731648187294,-4.103681007581675,-0.879226766276684,0.027150317617732303,0.0001956605480380771
0.54,0.015929672140800263,1.45897228558556,-0.9954041282866347,-0.5406882433987962,0.0014023312978342336,4.242014774792547e-05,0.04347087867419,0.08467727404020477,0.06824012659035542,0.018781615077417955,0.0055195090949543245,0.000130727978385878,-0.1163765965102157,1.5910032846554063,0.33561221679499154,0.26650099299310437,0.1333413952674773,-0.04303552062362058,0.21047861564946724,-2.7384527745141165,-4.08626840326281,-0.8730673187131234,0.026887280659703566,0.000187046730896977
0.55,0.01635635222445511,1.4599570654501461,-0.9946853452261616,-0.5404868146867551,0.0014570350241491234,4.371083088130479e-05,0.042668008365484546,0.0984779864586193,0.07187830604730792,0.020142871204113722,0.005470372631488994,0.00012906831333793208,-0.12901354800359022,1.5742743080794985,0.32257343653083764,0.25986333837504283,0.10616993218492843,-0.04564000056497544,0.20543778690779715,-2.683256219389269,-4.070209615770506,-0.8673829826977202,0.026530520359904886,0.00017657511820068621
0.56,0.016773946886177348,1.461077649586712,-0.9939314835264598,-0.5402721679891169,0.0015110622297969984,4.4981548746199015e-05,0.04175946617222395,0.11205841365657898,0.07538616997017927,0.02146466976381378,0.005402720564787486,0.00012707178648942247,-0.14175033609775273,1.5502295100691674,0.30753165895111756,0.2519447517654596,0.07832159391088911,-0.04813404861072761,0.19983988920175297,-2.632759285432967,-4.05559671843574,-0.8622052456098133,0.026078677298754436,0.00016423790501718502
0.5700000000000001,0.017181388890309273,1.4623311980009857,-0.9931440475020349,-0.5400447681966665,0.0015642256714469174,4.6228918058084495e-05,0.04074420041319251,0.12535484142737258,0.07874360244248664,0.0227399792450413,0.0053163441649919,0.00012473693118854773,-0.15456687689993237,1.5189569466913928,0.290520335115482,0.24277304580369563,0.04998713143794731,-0.05051076750856492,0.19367992654309704,-2.587215021433659,-4.042516396532902,-0.8575634836414365,0.02553084703039146,0.00015003504188187608
0.58,0.0175776031677113,1.4637142446848548,-0.992324738197077,-0.5398051490363558,0.001616336889291661,4.7449554303119435e-05,0.03962142774020281,0.13830466838690783,0.08193093049579232,0.023961916031067718,0.0052111217844743735,0.00012206362450349381,-0.16744031250359898,1.4805790837871509,0.27158371877109366,0.23238205286114955,0.02135967510837844,-0.0527639607495088,0.18695459421268082,-2.546852664795219,-4.031049511068477,-0.8534848228579343,0.02488659605039851,0.0001339743421642594
0.59,0.01796150971846803,1.465222711743858,-0.9914754479139204,-0.5395539112413437,0.0016672070987430174,4.8640085352369834e-05,0.03839065507567277,0.15084670590033247,0.08492902831566013,0.02512377950121674,0.005087020945135646,0.00011905310492503951,-0.18034485628142075,1.4352521952352082,0.25077667452216806,0.22081150076019718,-0.00736677803053809,-0.05488817602332231,0.17966243029110956,-2.511876719312588,-4.021270689716753,-0.849994012574072,0.024145975011595298,0.00011607154281255384
0.6,0.018332026734859588,1.4668519264512934,-0.9905982537261013,-0.5392917203785693,0.0017166480978837914,4.97971651781336e-05,0.037051701639155776,0.16292147074351845,0.08771941878190838,0.026219086277431854,0.004944099914077406,0.00011570798257637627,-0.19325167358812798,1.383165580323957,0.22816441952173824,0.20810686040272053,-0.035998865469565766,-0.056878737056795955,0.17180396558459815,-2.482466188122972,-4.013247947629793,-0.847113311712157,0.023309529012896832,9.635031770306528e-05
0.61,0.018688073942992694,1.4685966411401674,-0.9896954100089087,-0.5390193043443982,0.0017644731854043483,5.091748759708092e-05,0.035604720813310654,0.17447146888740864,0.09028437171926716,0.027241603417119814,0.004782508752055672,0.00011203224189473142,-0.20612880310045475,1.3245406022178199,0.20382219932043713,0.19431916522372994,-0.06434533308177581,-0.05873176336724251,0.16338186979822455,-2.458773963463641,-4.007042340660189,-0.8448623886991661,0.022378304804689223,7.48422431950253e-05
0.62,0.019028576158731478,1.4704510558284833,-0.9887693400264143,-0.5387374505408269,0.0018104980836302252,5.199779996500045e-05,0.03405022157387843,0.18544146883159543,0.09260699824944701,0.02818538035712458,0.004602489822587687,0.00010803123679195316,-0.21894112335538865,1.2596295512130742,0.1778348992597352,0.17950480258547952,-0.09221846628396102,-0.06044417779119761,0.15440109164245905,-2.440926373292321,-4.002707653313694,-0.8432582353458322,0.02135385477553261,5.1586715883966206e-05
0.63,0.019352467050591675,1.4724088434581593,-0.9878226266198408,-0.5384470027466316,0.0018545418611621764,5.303491674843449e-05,0.03238908918601987,0.19577876296758168,0.09467134065734359,0.029044779419527652,0.004404377753195122,0.00010371167834340435,-0.2316503682403015,1.1887143381829115,0.1502965935544272,0.16372527738828513,-0.11943546424973839,-0.06201370198015076,0.14486899042886983,-2.429022883286718,-4.000290123496786,-0.8423150950335974,0.020238237609122512,2.6630822952459685e-05
0.64,0.01965869309910814,1.4744631776133754,-0.9868580020477161,-0.5381488576996534,0.0018964278496020244,5.4025732899395366e-05,0.030622604851646463,0.20543341552160563,0.09646245721246154,0.029814504697823332,0.004188598843984794,9.90816150960879e-05,-0.24421519426067959,1.1121050252866589,0.12131003493654181,0.1470469484060648,-0.14581974420484523,-0.06343884037945417,0.13479545662433956,-2.423135951260474,-3.9998282058440484,-0.842044405416893,0.01903401552712833,2.9165930483568935e-08
0.65,0.019946217738906532,1.4766067625704864,-0.9858783370335024,-0.5378439614081355,0.0019359845488276036,5.496723696067476e-05,0.02875246397983916,0.214358495711089,0.09796650142137232,0.030489629151785564,0.003955669922557913,9.415040612793954e-05,-0.256591301390605,1.0301382026406654,0.09098608844560191,0.12954073803585153,-0.1712021643607926,-0.06471885350172604,0.1241930187961001,-2.4233110296382883,-4.001352375105434,-0.8424547557299896,0.0177442480625045,-2.8156360907579205e-05
0.66,0.02021402566636321,1.4788318655189552,-0.984886629081225,-0.5375333052106257,0.001973046515308216,5.585652383097903e-05,0.02678079274566777,0.22251029484688015,0.09917079522773205,0.03106561975097537,0.003706196648061223,8.892868703042708e-05,-0.26873160822728404,0.9431752211935274,0.05944311360885583,0.11128181639588552,-0.19542215575171928,-0.06585372157068939,0.11307693439737505,-2.429566710344407,-4.004884970747702,-0.8435518586711916,0.016372482338788713,-5.785683587324357e-05
0.67,0.020461127292384567,1.4811303507811997,-0.9838859901239989,-0.5372179216054237,0.0020074552280183364,5.669080712123913e-05,0.024710162602135752,0.2298485262244613,0.1000638957226089,0.0315383605201947,0.003440871271012048,8.342832902600954e-05,-0.28058648105614425,0.8516002934919908,0.026806299872353556,0.09234926091827189,-0.2183287550681432,-0.06684409982690276,0.10146526191892921,-2.4418950052959296,-4.010440083581968,-0.8453385367239712,0.014922739863349617,-8.899661688910505e-05
0.68,0.020686563316543154,1.4834937158488988,-0.9828796335742087,-0.5368988798718723,0.0020390599266114137,5.746743103594375e-05,0.022543602415858628,0.23633650676991771,0.10063565497901988,0.031904173355139974,0.003160469859307707,7.766239147046264e-05,-0.2921040153201311,0.755818475342832,-0.006793039306978596,0.07282569281577089,-0.23978153247072576,-0.06769126695216299,0.08937891206712713,-2.460261754672536,-4.018023484875285,-0.8478147226662198,0.013399499876045759,-0.00012149368780029287
0.6900000000000001,0.020889409395638683,1.4859131290442915,-0.9818708608474086,-0.5365772815069435,0.0020677184166567604,5.81838817162192e-05,0.020284607909552936,0.2419413195392792,0.10087727268000743,0.03215983649288019,0.0028658490045346944,7.164506802754498e-05,-0.3032303669075247,0.6562535425483825,-0.041218207819475564,0.052796892038306176,-0.2596514102537384,-0.06839706817557076,0.07684167582417116,-2.4846071542705723,-4.0276325980436924,-0.8509774739164575,0.011807679328785825,-0.00015526004121450772
0.7000000000000001,0.021068780876772743,1.4883794686074037,-0.980863047434723,-0.5362542555015499,0.002093297836919689,5.883779798461749e-05,0.017937148113405986,0.246633956311209,0.10078134126855892,0.03230260053936173,0.0025579420262928617,6.539162683982902e-05,-0.3139101296573703,0.55334577789939,-0.07632789741784322,0.03235139253461772,-0.2778213700511314,-0.06896385467062599,0.06388022749897106,-2.514846392552704,-4.039256512662574,-0.8548210002708412,0.010152609605471657,-0.00019020209479781466
0.71,0.021223837562299574,1.4908833630040152,-0.9798596286006293,-0.5359309534818024,0.002115675383876851,5.9426981435163746e-05,0.015505668552683021,0.25038943966116145,0.10034188340936936,0.03233020197475005,0.002237754695716187,5.89183450546256e-05,-0.32408675455702746,0.44754968442982324,-0.11197698079730027,0.011580059898414041,-0.29418704798376605,-0.06939442084209874,0.05052410118363452,-2.5508703874810417,-4.052876040173454,-0.8593367044982543,0.008440010125177522,-0.00022622113767821348
0.72,0.021353788471600684,1.4934152322445968,-0.9788640847844686,-0.5356085447410349,0.002134738988903638,5.994940581613965e-05,0.0129950909301112,0.25318692405815585,0.0995543816160628,0.03224087407675152,0.0019063605026787027,5.2242438097590397e-05,-0.33370300529560787,0.3393316415625107,-0.14801732041197968,-0.00942434638857409,-0.3086572186875334,-0.06969194103509296,0.03680563938498388,-2.5925466128747896,-4.068463810319713,-0.8645132351835951,0.00667595900357923,-0.00026321380337904253
0.73,0.021457896562581784,1.495965330001409,-0.9778799267848478,-0.5352882111888154,0.0021503879438466273,6.04032256573268e-05,0.010410809098110058,0.2550097756812322,0.0984157999620867,0.03203335522195398,0.001564895494298929,4.538198411871531e-05,-0.3427014441582163,0.22916752118483533,-0.184298586099794,-0.030567623633083546,-0.3211541705020986,-0.06985990708349316,0.02275991299523788,-2.639720003862741,-4.085984407013281,-0.8703365511423762,0.0048668609780182495,-0.00030107256552373005
0.74,0.021535483374153102,1.4985237863095033,-0.9769106808062658,-0.5349711422433623,0.0021625334709994095,6.078678409798238e-05,0.007758681157131783,0.2558456308094346,0.09692459785820455,0.031706894545316555,0.0012145527152782392,3.835584406555781e-05,-0.351024941712162,0.11754028089136935,-0.2206690745477979,-0.05175458696174845,-0.33161397521345015,-0.06990206796090104,0.00842461219202061,-2.6922139310014748,-4.105394542025112,-0.8767899966735555,0.0030194128296216947,-0.00033968625242517827
0.75,0.021585933549767466,1.5010806506374508,-0.9759598734468315,-0.5346585296937817,0.00217109923383251,6.109861987664927e-05,0.0050450175614364726,0.25568643279473474,0.09508073594342072,0.031261254958061924,0.0008565762833100278,3.118357786668932e-05,-0.35861720335526476,0.004937551599846428,-0.25697652372566565,-0.07288953792373665,-0.3399866566169325,-0.06982237260928909,-0.006160091694981041,-2.7498312327952013,-4.126643264609405,-0.8838543868725572,0.0011405665611026572,-0.0003789405765988332
0.76,0.021608699201384196,1.5036259351152472,-0.9750310167048478,-0.5343515625583415,0.0021760217851851233,6.133747344898794e-05,0.0022765651616728725,0.25452844777965566,0.09288567419837848,0.030696713544019538,0.0004922551352613471,2.3885357233867463e-05,-0.3654233055708784,-0.10815076349830255,-0.29306891558184583,-0.09387673782493211,-0.3462362627985649,-0.06962491681505717,-0.020951712856022018,-2.8123552966708814,-4.1496722049195345,-0.8915081021929014,-0.0007625093891967304,-0.00041871867521840826
0.77,0.02160330407302142,1.5061496577099323,-0.9741275930803486,-0.5340514219646041,0.0021772509500055473,6.150229220513007e-05,-0.0005395128362776359,0.2523722594684939,0.09034236244992432,0.030014059373739636,0.00012291648204240045,1.64818756142131e-05,-0.37139023466158544,-0.221234862159196,-0.32879526058034236,-0.11462088282334504,-0.3503408474320031,-0.06931389478305833,-0.035905645260945494,-2.879551178920251,-4.17441584885651,-0.8997271914229144,-0.0026824705981349437,-0.0004589016575661956
0.78,0.02156934746336561,1.5086418851439434,-0.9732530408454303,-0.5337592760766626,0.0021747501401258385,6.159223476356252e-05,-0.0033956609655809065,0.249222743401117,0.08745522349182364,0.029214588794141023,-0.00025008098797086367,8.994255843245222e-06,-0.37646742080713225,-0.3338273726564961,-0.36400635801178427,-0.1350275777977954,-0.35229236557397203,-0.06889355583875001,-0.05097538311134669,-2.951166754701645,-4.200801841811556,-0.9084854822333625,-0.00461183846014461,-0.0004993691556132742
0.79,0.021506507867725688,1.5110927753570393,-0.9724107395544425,-0.5334762750939739,0.0021684965989716234,6.160667432421766e-05,-0.006283959563992263,0.24508902130959248,0.08423012909878472,0.028300098268870505,-0.0006253541154215115,1.4439560655137554e-06,-0.38060726050125726,-0.4454456247465043,-0.39855552646822695,-0.15500380594907082,-0.35209648944009375,-0.06836816648066113,-0.06611276566891458,-3.026933889882006,-4.228751318625721,-0.9177546984523546,-0.006543043017415791,-0.0005399998739949511
0.8,0.02141454630094163,1.5134926193196279,-0.971603995861859,-0.533203546345367,0.0021584815745372605,6.1545201069233e-05,-0.009196156678405995,0.23998439625884202,0.0806743692583516,0.02727287486068218,-0.001001502443436309,-6.147325498466876e-06,-0.38376562075262327,-0.5556138481183983,-0.43229929938457373,-0.17445839113945594,-0.34977234949007463,-0.06774197780733393,-0.08126824425507559,-3.106569627273552,-4.258179256992567,-0.9275045832348898,-0.008468466487848762,-0.0005806721358185261
0.81,0.021293309264666486,1.5158318820134453,-0.9708360297119862,-0.5329421895007487,0.002144710419396755,6.140762360570665e-05,-0.012123703627514353,0.23392626938175012,0.07679661498727884,0.02613568446183724,-0.001377115514050561,-1.3757746352633468e-05,-0.3859023188711139,-0.6638652856242047,-0.4650980811440694,-0.1933024499876499,-0.3453522058796601,-0.06701919816914015,-0.09639116886973896,-3.189777380660097,-4.288994851475902,-0.937703027315398,-0.01038048715848544,-0.0006212644209480526
0.8200000000000001,0.02114273132471042,1.518101242404601,-0.9701099609606338,-0.5326932719218331,0.0021272026169689,6.119396945066731e-05,-0.015057793995606686,0.22693603911557458,0.07260687513523717,0.024891757891558255,-0.0017507802427855113,-2.1365415503934986e-05,-0.38698157218376444,-0.7697442099182644,-0.4968167598734979,-0.2114498308670667,-0.3388810549900638,-0.06620397075016604,-0.1114300915778628,-3.2762481308944733,-4.321101905302614,-0.9483162015616868,-0.012271523313794528,-0.0006616558936477358
0.8300000000000001,0.020962837266832773,1.5202916322438933,-0.9694287964845462,-0.5324578241719243,0.0021059917337079618,6.0904484564348795e-05,-0.017989405787764715,0.2190389839292269,0.06811644760876295,0.023544774990878148,-0.002121088326093822,-2.8948488631851392e-05,-0.3869724126161761,-0.8728078335835131,-0.5273252737447428,-0.22881753701441188,-0.3304161753559425,-0.06530035566601311,-0.12633308356704578,-3.365661619260394,-4.354399237120025,-0.9593086930868973,-0.014134076873538532,-0.0007017269167248817
0.84,0.02075374380245431,1.5223942735398874,-0.9687954178298259,-0.532236835703378,0.0020811252973456777,6.0539631943659895e-05,-0.02090934643784647,0.21026412959941926,0.06333786547202103,0.02209884685463012,-0.002486643636228397,-3.648526206889034e-05,-0.38584906171555994,-0.9726281043446741,-0.5564991282932745,-0.24532613115728896,-0.3200266169211967,-0.06431231607511323,-0.1410480625908814,-3.4576875342089433,-4.388781099975414,-0.9706436442213301,-0.0159607764236848,-0.0007413595495878088
0.85,0.020515660799192374,1.524400714561362,-0.9682125694458452,-0.5320312507398997,0.0020526646017631858,6.010008929341384e-05,-0.023808300326193643,0.20064410214745526,0.05828483839807132,0.020558496347827863,-0.002846069558249174,-4.3954265024605316e-05,-0.38359126236205837,-1.0687933785476837,-0.5842198629952144,-0.26090011919728084,-0.3077926371862696,-0.06324370774492472,-0.15552312738304488,-3.551986688483348,-4.424137609879911,-0.9822828936971517,-0.017744419335570385,-0.0007804380279167245
0.86,0.020248892014849276,1.5263028642372374,-0.9676828475462957,-0.5318419643693076,0.0020206844395195636,5.9586745798378155e-05,-0.026676878434309957,0.19021496758753098,0.052972189954941816,0.018928637059206076,-0.003198016224362201,-5.13343495035688e-05,-0.3801845640972471,-1.160909967681041,-0.6103754660547926,-0.275468310722947,-0.2938050874998981,-0.06209827148516278,-0.16970689555585208,-3.648212184517006,-4.460355181455666,-0.9941871194547196,-0.019478012682877112,-0.0008188492229294532
0.87,0.01995383531745848,1.5280930248338573,-0.9672086896341456,-0.5316698188608249,0.0019852727635037352,5.9000698024469576e-05,-0.029505669739079803,0.17901605966200712,0.04741579121500618,0.017214550848280805,-0.003541167601582827,-5.860477739085785e-05,-0.3756205596763148,-1.2486035543061607,-0.6348607370723526,-0.28896415430763955,-0.27816475251221795,-0.06087962785650769,-0.1835488414825484,-3.746010566813269,-4.4973169683303595,-1.0063159825383299,-0.02115481268247774,-0.0008564830785028806
0.88,0.019630982378163117,1.529763922801354,-0.9667923647224035,-0.5315156002193855,0.001946530279605488,5.8343244982399926e-05,-0.03228529392953626,0.16708979674967497,0.041632491174217946,0.01542186414394143,-0.0038742483898247244,-6.574530420696522e-05,-0.3698970711078791,-1.3315204753170609,-0.6575775979318599,-0.3013260458315141,-0.26098164566127613,-0.059591273584946425,-0.19699963070158366,-3.8450229607765074,-4.534903306131166,-1.0186282716101749,-0.02276836240342495,-0.0008932330246794457
0.89,0.01928091782801573,1.5313087376926569,-0.9664359642778038,-0.5313800349878611,0.0019045699727162004,5.761588239172789e-05,-0.03500645501473879,0.15448148913028606,0.035640044459972105,0.01355652315243379,-0.004196030688928756,-7.273625906720343e-05,-0.36301828407021336,-1.4093288719402663,-0.6784353529044961,-0.31249760826610107,-0.24237426351723745,-0.05823657914969527,-0.210011447469183,-3.9448861981497343,-4.572992156136641,-1.031082047672866,-0.024312527507828356,-0.0009289963663413296
0.9,0.018904317874197076,1.5327211290703915,-0.9661413939098715,-0.5312637873065543,0.0018595165687677272,5.682029618754382e-05,-0.037659995381865576,0.14123913777346012,0.02945703679321816,0.011624768130683432,-0.00450534039484732,-7.955862041840716e-05,-0.3549948301734353,-1.4817197072865564,-0.6973508995473756,-0.3224279416712763,-0.2224688018632648,-0.05681878706763577,-0.22253831221825585,-4.045233929814486,-4.611459547863595,-1.0436347886516935,-0.025781529807679754,-0.0009636746460693986
0.91,0.01850194837560753,1.533995261328328,-0.9659103658233471,-0.53116745623778,0.001811505935896,5.595835531586803e-05,-0.04023694985895469,0.1274132257936571,0.023102808652440167,0.009633106877436157,-0.004801063287172726,-8.619408716757907e-05,-0.34584381706623707,-1.5484076535576747,-0.714248892525928,-0.3310718423683259,-0.20139833654278783,-0.055341010465056795,-0.23453638585119174,-4.145697727215033,-4.650180019091569,-1.0562435335465379,-0.027169978442462772,-0.0009971739804167557
0.92,0.01807466238224199,1.5351258263650929,-0.9657443920476985,-0.5310915733618823,0.0017606844281717938,5.503210386724337e-05,-0.04272859933655384,0.11305650367646833,0.016597377564859118,0.0075882875897615755,-0.005082150772420608,-9.26251448624661e-05,-0.3355888068565722,-1.6091318521706428,-0.7290618629489747,-0.3383899905622201,-0.17930197234315792,-0.05380623159916709,-0.2459642579951001,-4.245908174075332,-4.6890270520541195,-1.0688650259187862,-0.028472898503282395,-0.0010294053690162795
0.93,0.01762339714717685,1.5361080640584575,-0.9656447784534551,-0.5310366006496192,0.0017072081756725336,5.404375260092026e-05,-0.04512652350651417,0.09822376933646568,0.009961359424339795,0.005497271226302794,-0.005347625249926015,-9.88351266323105e-05,-0.32425974372529276,-1.6636565510776526,-0.7417302962128924,-0.3443491059110739,-0.15632396350297806,-0.0522173000710322,-0.2567832165743735,-4.345495950379114,-4.727873504748639,-1.0814558565296142,-0.02968575694999961,-0.001060284976107045
0.9400000000000001,0.0171491706243378,1.5369377804986049,-0.9656126195613881,-0.5310029286145049,0.0016512423249740286,5.2995669914443665e-05,-0.04742265228390514,0.08297164401474848,0.0032158892066984947,0.003367203511426367,-0.005596585069850487,-0.00010480826864765981,-0.3118928319592051,-1.7117716244157302,-0.7522026716690271,-0.3489220708090004,-0.13261280980511359,-0.05057693055517898,-0.26695749630109106,-4.444092910778939,-4.766592036529212,-1.093972604991477,-0.03080448568823709,-0.0010897343842063579
0.9500000000000001,0.0166530774694465,1.5376113639482718,-0.9656487941471669,-0.5309908747474414,0.001592960234418012,5.189037231534277e-05,-0.04960931548912987,0.06735834496670434,-0.0036174585778736583,0.0012053867063462347,-0.005828209055601656,-0.00011052975991009004,-0.2985303659166205,-1.7532929803115758,-0.760435467669566,-0.3520880213903155,-0.10832033263611707,-0.0488876999459773,-0.2764545039432782,-4.541333159688868,-4.805055527345793,-1.1063719803337688,-0.031825501692985675,-0.0011176808197733328
0.96,0.016136284565632684,1.5381257985065613,-0.965753961641047,-0.5310006822347957,0.0015325426287590403,5.073051445298681e-05,-0.0516792903813819,0.051443455828948055,-0.010516749388007198,-0.0009807487354206554,-0.006041760565897161,-0.00011598578623559514,-0.28422051366835566,-1.7880628631871023,-0.7663931357076507,-0.3538324064858758,-0.08360073582913219,-0.04715204390349914,-0.28524501849954326,-4.636854125298429,-4.843137490173043,-1.1186109604155132,-0.032745724084797354,-0.0011440573508083984
0.97,0.015600026099120494,1.538478675461466,-0.965928559319406,-0.5310325189599961,0.001470176718011779,4.951887876950546e-05,-0.053625846651219,0.035287695490488186,-0.017459767835906945,-0.003183672520046898,-0.006236591074726116,-0.00012116356834813482,-0.269017056235528,-1.8159500572617793,-0.7700480474483373,-0.3541470149654318,-0.05860965654467387,-0.04537225285227797,-0.2933033646820439,-4.7302976346264884,-4.880712476330199,-1.1306469301420878,-0.03356258808316804,-0.001168803056413216
0.98,0.015045598214131579,1.5386682023237503,-0.9661728002825344,-0.5310864767877359,0.0014060552855064139,4.825836482898761e-05,-0.05544278849889155,0.01895268622843497,-0.024424096312836888,-0.005395782773974953,-0.006412143250536527,-0.00012605139405178528,-0.252979084480635,-1.836849998129599,-0.7713804184431894,-0.3530299721044017,-0.03350321185585314,-0.043550467557073036,-0.3006075583848486,-4.82131099151616,-4.917656473526046,-1.1424378184588662,-0.03427405577971352,-0.0011918631684001782
0.99,0.014474353279673058,1.538693209541795,-0.9664866722110057,-0.5311625711289718,0.001340375750315712,4.695197838398507e-05,-0.0571244934458522,0.0025007218044602007,-0.03138719284712873,-0.007609434123593219,-0.006567953519070196,-0.00013063864450025439,-0.23617065580839755,-1.8506847993103797,-0.7703782122471363,-0.35048570577879623,-0.008437047076409243,-0.041688674463348674,-0.3071394230890607,-4.9095480591619625,-4.953847296568299,-1.1539422341020067,-0.03487862369118903,-0.0012131891850930788
1.0,0.013887693804179521,1.538553154903356,-0.9668699368911844,-0.5312607407841088,0.0012733392093422949,4.560282023768142e-05,-0.058665947549353684,-0.014005463843889978,-0.038326468017865406,-0.009816965513699007,-0.006703654097341691,-0.00013491581463036492,-0.21866041290885646,-1.8574032005458758,-0.7670370285109221,-0.34652488343466814,0.01643460782576489,-0.039788701046526764,-0.31288467642789913,-4.994670348364951,-4.989164970752959,-1.1651196000853994,-0.03537532706939072,-0.00123273895750415
1.01,0.013287066037039077,1.538248125635938,-0.9673221304989537,-0.5313808480610416,0.0012051494644494606,4.4214074958972454e-05,-0.06006277671404451,-0.030502926741800777,-0.045219360776925975,-0.012010727693278616,-0.006818974489283414,-0.00013887452787089637,-0.20052116683715293,-1.8569804443414324,-0.7613599784072922,-0.34116432092679805,0.04095986716074029,-0.03785221146739853,-0.31783298640320706,-5.076348112237387,-5.023492107995317,-1.175930286892907,-0.0357637409616249,-0.0012504767481107573
1.02,0.012673953298840062,1.5377788382226876,-0.9678425646295465,-0.531522679164096,0.001136012040084205,4.278899950618186e-05,-0.06131127381990149,-0.046928741325036646,-0.05204341305928615,-0.014183110305438841,-0.006913742436525551,-0.0001425075452790597,-0.18182944678414356,-1.8494180868629113,-0.7533575504878246,-0.3344268643970292,0.06499009709751413,-0.03588070287431333,-0.3219779970090979,-5.154261447535453,-5.056714275780824,-1.1863357443269622,-0.036043978031865015,-0.0012663732624910357
1.03,0.01204986908471335,1.5371466359554313,-0.9684303280604054,-0.531685944849356,0.001066133196877969,4.133091181324843e-05,-0.062408421412671125,-0.06322022672563501,-0.058776343085888055,-0.01632656852599999,-0.006987884320623622,-0.00014580876929334236,-0.16266501896039284,-1.8347437487960154,-0.7430474697361814,-0.32634124649657537,0.0883807951796205,-0.03387550273000417,-0.3253173232784897,-5.228101402194303,-5.088720359000832,-1.1962986319385436,-0.03621668316905996,-0.0012804056541146453
1.04,0.011416349987400624,1.5363534842507585,-0.9690842892332524,-0.5318702813413774,0.000995718946720274,3.9843179390018815e-05,-0.06335190973127258,-0.07931517046729442,-0.06539611728469558,-0.018433649202137428,-0.007041425015769486,-0.00014877324232296147,-0.1431103771035922,-1.813010811185961,-0.7304545522359687,-0.3169419182776192,0.11099243516226609,-0.03183776757185397,-0.3278525160241882,-5.297571087985387,-5.1194029146973845,-1.2057829479302198,-0.036283024925424165,-0.0012925575026254612
1.05,0.010774948488636145,1.5354019637589693,-0.9698030994409866,-0.5320752515058622,0.000924974074784155,3.8329207985816644e-05,-0.06414014987644796,-0.0951520491789168,-0.07188102077341782,-0.020497016448484413,-0.007074487193611907,-0.000151397140420217,-0.12325020723559951,-1.7842980606126957,-0.7156105574699911,-0.30626885815676363,0.13269127078542375,-0.02976848363411383,-0.32958899679802806,-5.362386796520955,-5.14865851967403,-1.214754156384002,-0.03624468384401697,-0.0013028187659997375
1.06,0.010127225669071325,1.5342952612993261,-0.9705851967046029,-0.5323003462724942,0.0008541011739415037,3.679243036279291e-05,-0.06477228195648202,-0.11067024596432168,-0.07820972636162588,-0.022509476663199964,-0.007087290084265124,-0.000153677762302373,-0.10317082944840054,-1.7487092873425383,-0.6985540398502432,-0.29436735938922,0.1533500924548492,-0.02766846977294596,-0.3305359638393471,-5.422279116106319,-5.176388110839062,-1.22317931262008,-0.03610383775156476,-0.0013111857070180217
1.07,0.00947474388827898,1.533037158658442,-0.9714288103250076,-0.5325449863018002,0.0007832996969424933,3.523629522275194e-05,-0.06524817807923443,-0.12581026408841095,-0.08436136204047993,-0.024464002930601005,-0.007080147699901038,-0.00015561351400409702,-0.08295961969371614,-1.7063728393502224,-0.6793302006501839,-0.2812877974918768,0.1728489312865873,-0.02553838313664958,-0.330706270027364,-5.476994046197284,-5.202497318036299,-1.2310271864420423,-0.03586314410931118,-0.0013176607945532448
1.08,0.008819059487326697,1.5316320192918924,-0.9723319660943573,-0.5328085238896009,0.0007127650316473693,3.3664256328253465e-05,-0.06556844009522836,-0.14051393665495762,-0.09031557693497236,-0.02635375878005999,-0.007053466529512404,-0.00015720388944984702,-0.06270441479328671,-1.6574411343432705,-0.6579907410676212,-0.2670853790792913,0.19107570557839865,-0.02337872801125357,-0.33011627409018146,-5.526294105470058,-5.226896788990043,-1.2382683829700507,-0.03552571953167873,-0.001322252580251777
1.09,0.00816171556698369,1.5300847729723042,-0.9732924921513224,-0.5330902451023305,0.0006426876044921911,3.2079761855872635e-05,-0.06573439203430056,-0.15472463195882213,-0.09605260569650328,-0.028172121272963233,-0.007007742715517823,-0.00015844944723808325,-0.0424929041763134,-1.6020901311640654,-0.6345937167094791,-0.25181987357140034,0.20792680549288323,-0.021189868248909116,-0.3287856665548633,-5.569959428765371,-5.249502505848825,-1.2448754607067967,-0.03509511659961578,-0.0013249755512691286
1.1,0.007504234894798792,1.528400898430344,-0.974308025464451,-0.5333893721362368,0.0005732520172434021,3.048624401661318e-05,-0.06574806721848987,-0.16838745419600626,-0.10155333131285942,-0.029912703390632563,-0.006943558724878899,-0.00015935178392594563,-0.02241201218524108,-1.5405187612081916,-0.6092033933679333,-0.2355553292094763,0.2233076125573575,-0.0189720436465228,-0.3267372721466196,-5.6077888474388615,-5.270236092660959,-1.2508230464231016,-0.034575298112577695,-0.0013258499598169779
1.11,0.0068481129940336566,1.5265864040382546,-0.9753760189275351,-0.5337050658931997,0.0005046362219499569,2.8887108975668116e-05,-0.06561219007651355,-0.18144943920894807,-0.10679934630840358,-0.03156937569628443,-0.006861579529344516,-0.0001599135040945064,-0.0025472751660554223,-1.4729483197996505,-0.5818901035446129,-0.2183597748099464,0.23713295149172106,-0.01672539058683442,-0.32399683055828987,-5.639600946948611,-5.289025112957735,-1.256087946392121,-0.03397060893999093,-0.0013249016303825494
1.12,0.006194811466730077,1.524647806588931,-0.9764937490505328,-0.5340364287656336,0.00043701073883633146,2.7285727101053344e-05,-0.06533015273035793,-0.19385974493236363,-0.11177301229976024,-0.03313628724339989,-0.00676254831136255,-0.00016013818746147705,0.017017782035273002,-1.3996218168162118,-0.5527301027968141,-0.20030490866918527,0.24932747283962395,-0.014449967182350115,-0.3205927577112441,-5.665235094848987,-5.305803356461515,-1.260649253444472,-0.03328574564958115,-0.0013221617455934612
1.1300000000000001,0.005545751602009157,1.522592108227057,-0.9776583242291504,-0.5343825076226474,0.0003705379216949108,2.5685423568143632e-05,-0.06490598647209204,-0.2055698361874063,-0.1164575178617704,-0.034607885701372604,-0.006647281714142067,-0.0001600303532909713,0.036202265123822956,-1.3208032852774712,-0.5218054246288553,-0.18146577599924907,0.2598259658822626,-0.012145783071843178,-0.3165558898123743,-5.684552431750246,-5.320511113779987,-1.2644884492625985,-0.032525724105886764,-0.001317666611819222
1.1400000000000001,0.004902308319021456,1.5204267715925601,-0.9788666935756039,-0.5347422969893183,0.0003053712751314246,2.408946934484865e-05,-0.06434432829877004,-0.21653366344968658,-0.1208369346453451,-0.03597893666709456,-0.006516664656348618,-0.00015959542232949807,0.05492851948020724,-1.2367770461025172,-0.48920373233796566,-0.16192043625266894,0.2685736023255474,-0.009812833910849778,-0.3119192126755372,-5.697436817256708,-5.333095437798739,-1.2675895012826734,-0.03169584524737986,-0.0013114574057221683
1.1500000000000001,0.0042658044917729945,1.518159693240654,-0.9801156562923381,-0.5351147424106018,0.00024165482779132442,2.2501072580101123e-05,-0.06365038272484617,-0.22670783519061885,-0.12489627167342207,-0.03724454212834069,-0.0063716447340100195,-0.00015883967647475265,0.07312272347264262,-1.1478469268254334,-0.45501816594561717,-0.14174962168567884,0.275526112239049,-0.007451140471089357,-0.3067175789160249,-5.703795722424155,-5.343510390345127,-1.2699389535274053,-0.030801659264619204,-0.0013035799030930786
1.16,0.0036375057003294594,1.5157991754070286,-0.9814018715695779,-0.535498743991017,0.00017952256544698475,2.092337041649956e-05,-0.06282987914435352,-0.23605178336254234,-0.1286215277239852,-0.03840015804152712,-0.006213226234433966,-0.00015777021636015622,0.09071545969544202,-1.0543354317325102,-0.4193471821258461,-0.12103638846964282,0.28064989466198725,-0.005060792123502855,-0.30098741573982724,-5.703561059890566,-5.351717272571833,-1.2715260106547221,-0.02984892841450263,-0.0012940841914271127
1.17,0.003018615449644462,1.513353896191358,-0.9827218689864823,-0.5358931601008449,0.00011909792755376288,1.9359421246354265e-05,-0.06188902506849972,-0.24452792156705913,-0.13199974169044157,-0.039441610982784064,-0.006042463789322185,-0.00015639491701452957,0.10764225755852325,-0.9565828606596144,-0.3822943848580192,-0.09986576165960992,0.28392206613556936,-0.002641994321787272,-0.2947664261322262,-5.696689942543085,-5.357684837400462,-1.272342614476353,-0.028843588716721467,-0.0012830243678109508
1.18,0.002410270893469892,1.5108328782372173,-0.9840720593943831,-0.5362968112391191,6.049337058547733e-05,1.7812197429013108e-05,-0.06083445561745696,-0.2521017954140543,-0.1350190407900811,-0.04036511382742647,-0.0058604556968285555,-0.00015472238173411566,0.1238441004226867,-0.8549463735687158,-0.34396834441135726,-0.07832437530672509,0.2853304511485245,-0.00019511953906130308,-0.2880932862997416,-5.683165361398525,-5.361389482277959,-1.2723835121780016,-0.0277917107877199,-0.0012704582237990341
1.19,0.0018135390965002638,1.508245455991748,-0.9854487462590963,-0.5367084840432087,3.8100011348687416e-06,1.628457848616786e-05,-0.059673179696962834,-0.2587422245469274,-0.1376686864713139,-0.04116728040895776,-0.005668336945060859,-0.0001527618942845245,0.1392678903559382,-0.7497989980093404,-0.3044824021946515,-0.05650010899265556,0.2848735190564836,0.0022792390623609313,-0.2810073422331966,-5.662996773302949,-5.362815420433329,-1.2716463154600117,-0.026699460074630824,-0.0012564469190525763
1.2,0.0012294138631025677,1.505601241633961,-0.9868481374376005,-0.5371269354342572,-5.086271858978359e-05,1.4779344790825043e-05,-0.058412523339769616,-0.2644214357787013,-0.13993911785041904,-0.04184513910484425,-0.0054672719724652334,-0.00015052336953428187,0.1538668636005172,-0.6415285766651913,-0.2639544589919644,-0.03448172205500066,0.2825602724289774,0.004780212119107105,-0.2735483082361523,-5.636220589105633,-5.361954828781337,-1.2701315498148924,-0.025573056756650874,-0.001241054645596876
1.21,0.0006588131557251132,1.5029100897664118,-0.9882663573624916,-0.537550896887183,-0.00010344719062617892,1.329917176471976e-05,-0.057060070737745446,-0.26911518675491725,-0.14182199248910807,-0.042396145292586784,-0.005258447203639533,-0.00014801730261052829,0.16760095000998682,-0.5305366523890245,-0.22250674414116156,-0.012358486777998667,0.2784100919729431,0.00730659777038993,-0.26575597020139696,-5.602900553140914,-5.3588079706051595,-1.267842693166588,-0.024418735584024225,-0.0012243482846179877
1.22,0.00010257712041271893,1.500182060971076,-0.9896994596055498,-0.5379790788133453,-0.00015387782464981717,1.1846624598099991e-05,-0.05562360353123942,-0.272802879533566,-0.143310224305826,-0.04281819261621781,-0.005043063402363826,-0.00014525471666197677,0.18043707006022108,-0.41723728843572283,-0.18026556331173177,0.009780178187827726,0.2724525431531458,0.009856805786220085,-0.2576698963187805,-5.563128005162401,-5.353383291162485,-1.2647862031163348,-0.023242705925185757,-0.0012063970577671015
1.23,-0.0004385332691558666,1.4974273843365689,-0.9911434397895181,-0.5384101750433492,-0.0002021011035194194,1.0424153504948411e-05,-0.05411103895685855,-0.27546766345071766,-0.1443980183968327,-0.04310962300038946,-0.0048223278869602235,-0.00014224710931515797,0.1923493635691253,-0.30205582201305803,-0.1373610226879634,0.031845072920409834,0.26472714938102726,0.01242880345963912,-0.24932915776175676,-5.517022016322004,-5.345697484399726,-1.2609715320717672,-0.02205111229068131,-0.001187272174968766
1.24,-0.0009638369439736796,1.4946564190703298,-0.9925942488148002,-0.5388428673968176,-0.00024807557008374556,9.034089525771731e-06,-0.0525303674817813,-0.27709652662391493,-0.14508090252820666,-0.04326923534684247,-0.004597446656432617,-0.00013900639791766792,0.20331934498649268,-0.1854275497737174,-0.0939267275601423,0.053747578544664165,0.2552831361655753,0.01502006470542791,-0.2407720617297073,-5.464729391372227,-5.335775529027472,-1.2564111295797988,-0.0208499955983033,-0.0011670464807366264
1.25,-0.0014727328496833034,1.4918796153159832,-0.9940478063652743,-0.5392758303252808,-0.00029177173487478637,7.678640889004579e-06,-0.05088959057096237,-0.2776803754346521,-0.14535575504741774,-0.04329629284631469,-0.004369616479104081,-0.0001355448636767153,0.21333598103572735,-0.06779634446936855,-0.050099453588916994,0.07540001553060358,0.24417914993413548,0.017627523870859835,-0.23203589902176278,-5.40642452999472,-5.3236506923063995,-1.251120431239636,-0.01964525543757857,-0.0011457941009876149
1.26,-0.0019646994421035784,1.4891074743027117,-0.9955000146548086,-0.539707735613661,-0.00033317190486046157,6.359889940779506e-06,-0.04919665924202752,-0.2772141013271569,-0.14522082895342864,-0.043190528838018126,-0.004140016998567521,-0.00013187509482250732,0.22239568759610331,0.050386797335176876,-0.006018789299482951,0.0967159966909307,0.23148295435392385,0.020247535786556026,-0.2231567080894494,-5.34230914101842,-5.309364500016272,-1.2451178336400068,-0.01844261358348837,-0.0011235900923132363
1.27,-0.002439293582708477,1.4863505079600723,-0.9969467723733865,-0.5401372571251485,-0.0003722699340062859,5.0797906512462224e-06,-0.04745941406048986,-0.2756966342639454,-0.14467577185777816,-0.042952151148742033,-0.00390980291458243,-0.00012800992895332832,0.2305022439893319,0.16866527583589214,0.0381732512913634,0.11761077361676942,0.21727110595797394,0.02287584355673672,-0.2141690572649415,-5.272611804282974,-5.292966671230447,-1.238424654843872,-0.017247578999291333,-0.0011005100956159822
1.28,-0.002896148854854306,1.483619198138174,-0.9983839887890475,-0.5405630755735936,-0.00040907089699598756,3.840166703729696e-06,-0.04568552721458294,-0.2731309821898391,-0.14372164156610978,-0.04258184484451301,-0.003680096298970166,-0.00012396239475165262,0.23766662425166987,0.28657847538235215,0.08233264662757893,0.13800157530268709,0.2016286097426172,0.025507555506596002,-0.20510584659439648,-5.19758737602027,-5.274515016692867,-1.2310650800340104,-0.016065414556787998,-0.0010766299959518682
1.29,-0.003334973327696852,1.4809239555794154,-0.9998075979591515,-0.54098388330689,-0.00044359068808058914,2.6427101707595653e-06,-0.043882447284254576,-0.26952425587585255,-0.1423609170103951,-0.04208077332962983,-0.0034519791084601558,-0.00011974565329701307,0.24390674649655356,0.4036634163464308,0.1263138164455579,0.15780793771559898,0.18464855421806492,0.028137132567853385,-0.19599813042761458,-5.117516234861056,-5.254075299792769,-1.2230660920332186,-0.014901105689545073,-0.001052025590338988
1.3,-0.0037555468005249252,1.4782750787939856,-1.0012135730018208,-0.5413983890841982,-0.0004758555476576046,1.4889807783586011e-06,-0.04205734728280731,-0.2648876785429816,-0.14059750426693302,-0.04145057773083327,-0.003226485957701546,-0.00011537293924009642,0.24924714305982787,0.5194564682081747,0.1699701013336418,0.17695202309373426,0.1664317242178277,0.030758387192071412,-0.1868749616321162,-5.032703366912563,-5.231721059351975,-1.2144573865225319,-0.013759331180726503,-0.0010267722651994531
1.31,-0.004157717565552758,1.475682712996948,-1.0025979403758631,-0.5418053228292824,-0.0005059015198192734,3.804057569398272e-07,-0.04021707650278331,-0.25923657970375774,-0.13843673740422582,-0.04069337450841148,-0.003004597216166877,-0.0001108575021418774,0.2537185557194551,0.6334951196507597,0.2131542724032712,0.19535892777814023,0.14708618867877532,0.0333644946388455,-0.17776325801768028,-4.943477289784424,-5.207533393679053,-1.2052712718988146,-0.012644436272468404,-0.0010009446850009745
1.32,-0.004541398731961071,1.4731568092698815,-1.0039567941150451,-0.5422034403416943,-0.0005337738447426614,-6.817197262563915e-07,-0.038368116640831264,-0.2525903727066602,-0.1358853739181936,-0.03981175124118996,-0.002787232492338804,-0.00010621254831962188,0.2573574618396948,0.7453198004879542,0.2557190699654413,0.2129569774240978,0.1267268596572313,0.03594801719812224,-0.16868769128227032,-4.850188816948042,-5.181600705601239,-1.1955425538380313,-0.011560408268378269,-0.0009746164935575652
1.33,-0.004906564158067888,1.47070708411463,-1.0052863099603444,-0.5425915279470805,-0.0005595262904157314,-1.6962315620195555e-06,-0.03651654261068168,-0.24497251552516475,-0.13295158452993475,-0.03880876053861939,-0.002575244567306992,-0.00010145118357631641,0.2602055387482307,0.8544757492710799,0.2975177696105646,0.2296780084803247,0.10547501811981785,0.03850094158174161,-0.15967059852756613,-4.753209665381686,-5.1540184084569365,-1.1853084047611764,-0.010510854784878588,-0.0009478600293390364
1.34,-0.0052532440418733605,1.468342979570637,-1.0065827593317782,-0.542968407067486,-0.0005832204287922765,-2.6620951342149768e-06,-0.034667988380547264,-0.236410454399274,-0.12964493714338446,-0.03768791204054484,-0.0023694138376545177,-9.658635721954211e-05,0.2623090749579649,0.9605149194530854,0.33840477359013993,0.24545763486903072,0.0834578015951275,0.04101472937129719,-0.15073191614691608,-4.65293091106057,-5.124888593315771,-1.174608218534669,-0.009498984790854896,-0.0009207460560285029
1.35,-0.005581520222804302,1.4660736240705108,-1.0078425230796453,-0.5433329386922227,-0.0006049248620347889,-3.578403212197673e-06,-0.03282761809309419,-0.2269355500126397,-0.125976374786701,-0.036453162473673716,-0.002170443324251243,-9.163080779826962e-05,0.26371833793841193,1.0629979160351746,0.37823622489830144,0.26023549887394193,0.060807648651374446,0.04348038004765359,-0.14188913566478917,-4.549761298477254,-5.094319657987823,-1.1634834508744514,-0.008527592558461623,-0.0008933435094580748
1.36,-0.0058915212492507635,1.4639077942107857,-1.0090621049535642,-0.543684027729655,-0.0006247144050277547,-4.444373322196502e-06,-0.031000102644646144,-0.2165829859725225,-0.12195818739189679,-0.03510890374322939,-0.001978954299296582,-8.659701099988286e-05,0.26448690897925903,1.1614959537028173,0.4168706409677706,0.2739555052964473,0.0376616954067821,0.04588850577075082,-0.1331572809082154,-4.444125412000939,-5.062425898685349,-1.1519774460613226,-0.007599044630986803,-0.0008657192619464734
1.37,-0.006183417267427472,1.461853877616262,-1.0102381447265836,-0.544020627220142,-0.0006426692308147346,-5.259344623734109e-06,-0.029189601817670843,-0.20539165945237808,-0.117603977301937,-0.03365994904870743,-0.001795482578697998,-8.149713015376062e-05,0.26467099623253804,1.2555928265845744,0.4541695634244014,0.28656603802415326,0.014161119903663755,0.04822941673783826,-0.12454890572003215,-4.336461718480791,-5.029327065506973,-1.1401352507124318,-0.006715269896344078,-0.0008379379049594654
1.3800000000000001,-0.006457414787218306,1.4599198370766895,-1.0113674309109137,-0.5443417423903818,-0.0006588739860217067,-6.022774321545424e-06,-0.027399751979083398,-0.19340405395723995,-0.11292861843300828,-0.032111517023974995,-0.001620475520697209,-7.63429697811315e-05,0.2643287372444669,1.3448868789520476,0.4899982199009939,0.29802015823389727,-0.009549568815431009,0.050493215640090294,-0.11607411128284253,-4.227220492045861,-4.995147883223068,-1.1280034154885723,-0.005877752836970443,-0.0008100615509147592
1.3900000000000001,-0.006713751380004869,1.4581131761338937,-1.0124469130015297,-0.5446464345295227,-0.0006734168836682781,-6.734233647678003e-06,-0.02563365927865633,-0.18066609427957073,-0.10794820906159444,-0.030469213914083543,-0.0014542897646571474,-7.114593261325791e-05,0.2635195021821325,1.428992965436638,0.5242261935013326,0.3082757835309673,-0.03332329872754958,0.052669899476115334,-0.10774058201240613,-4.116861633527014,-4.960017539148868,-1.1156297857470314,-0.005087530008565985,-0.0007821496548569886
1.4000000000000001,-0.006952690362093664,1.4564409062956232,-1.01347371318404,-0.5449338246676625,-0.0006863887810304644,-7.393403452392639e-06,-0.023893898208879515,-0.1672269838270529,-0.10268001825101723,-0.028739013813986244,-0.0012971897362186256,-6.591698047146359e-05,0.262303208526253,1.5075443886788689,0.5567280951309348,0.3172958474271841,-0.05701126006237578,0.054749466773970135,-0.09955363889983099,-4.005852398302371,-4.924069140196356,-1.1030632822735347,-0.0043451897811128196,-0.0007542588566346304
1.41,-0.007174515515311195,1.4549095160493937,-1.0144451374438377,-0.5452030970377402,-0.0006978822503981595,-8.000069446029153e-06,-0.02218251532175305,-0.15313902462293943,-0.0971424259797812,-0.026927237007767404,-0.001149346936769515,-6.06665993636513e-05,0.26073965725905485,1.5801948017635858,0.5873842335869909,0.32504843863913724,-0.0804637859364643,0.05672202813261906,-0.09151630913257154,-3.8946650476228872,-4.8874391414940686,-1.0903536733424057,-0.0036508753558515982,-0.0007264428441177554
1.42,-0.007379525893718224,1.4535249418453633,-1.0153586860146768,-0.5454535023023488,-0.0007079906506631687,-8.554117137067563e-06,-0.020501037840702913,-0.13845742040303713,-0.09135485708392187,-0.025040526460867497,-0.0010108400265009193,-5.5404769103841046e-05,0.2588878995579896,1.6466200623378475,0.6160812780262073,0.33150691977811153,-0.10353128447576543,0.05857791792083772,-0.08362941080328075,-3.7837744395879165,-4.850266749252792,-1.0775513394597613,-0.0030042910513021367,-0.0006987522379018016
1.43,-0.007568030762300052,1.4522925412117633,-1.0162120631064475,-0.5456843605276686,-0.0007168072076774347,-9.055526514120438e-06,-0.018850486858182754,-0.1232400633599954,-0.0853377091770764,-0.023085822531981777,-0.0008816557014266068,-5.0140937705287534e-05,0.25680564175962495,1.706520024969779,0.6427129072088107,0.3366500251062714,-0.12606521633994183,0.06030780497058719,-0.07589165152048664,-3.6736555768907646,-4.812693300831974,-1.0647070322387524,-0.002404711829940771,-0.0006712344978462453
1.44,-0.007740344710022614,1.4512170681596224,-1.0170031858540935,-0.5458950638875255,-0.0007244241112353424,-9.504366521478121e-06,-0.01723139477225622,-0.10754730521408748,-0.0791122747646,-0.021070335985698765,-0.000761690355790771,-4.48840007357683e-05,0.2545486949394405,1.7596202580950664,0.6671804397675763,0.34046193710174233,-0.14791910941335007,0.06190280016574429,-0.06829973976275176,-3.5647811292239653,-4.774861625223469,-1.0518716289370171,-0.001850996014801066,-0.0006439338516965105
1.45,-0.007896782975910517,1.4503026510254347,-1.017730192432305,-0.546085079081539,-0.0007309316363599648,-9.900789379053873e-06,-0.015643826588790245,-0.09144171341877483,-0.07270065782114705,-0.0190015194013564,-0.000650752512462234,-3.964228575757518e-05,0.252170473929056,1.8056736718215203,0.6893934396593554,0.3429323416724035,-0.16894960041504203,0.06335455895470671,-0.060848507864471,-3.457618948806453,-4.736915387413186,-1.039095884253366,-0.0013416011221004686,-0.0006168912459311299
1.46,-0.008037657022907034,1.449552772891058,-1.018391449283846,-0.5462539494524179,-0.0007364172963137656,-1.024502479812209e-05,-0.014087404699651732,-0.07498781343766882,-0.06612568515409165,-0.01688703708789055,-0.0005485659953800739,-3.442354190682174e-05,0.24972154903013075,1.8444620429275917,0.7092702909424183,0.34405646192159,-0.1890174914002537,0.064655376992384,-0.05353104558240863,-3.3526295978578076,-4.698998420304351,-1.0264301810320264,-0.0008746027121424846,-0.0005901443188630153
1.47,-0.008163270390315985,1.448970254709502,-1.0189855574131192,-0.5464012967887024,-0.0007409650344141146,-1.05373741441114e-05,-0.012561336740894997,-0.05825181815560705,-0.05941081292732433,-0.014734733628453001,-0.00045477381003490277,-2.9234934598930912e-05,0.2472492521540827,1.875797423604036,0.7267387360754592,0.34383507045568074,-0.20798880767595507,0.06579827733771348,-0.04633884326248559,-3.2502639069875885,-4.661254048085468,-1.0139242815576686,-0.00044771613638213,-0.0005637273959030355
1.48,-0.008273914851690009,1.4485572412534122,-1.019511357700826,-0.5465268228006239,-0.0007446544613189452,-1.0778204596929645e-05,-0.011064446137402413,-0.04130134560898481,-0.05258002877067528,-0.012552601192146066,-0.0003689426904830624,-2.4083045281824507e-05,0.24479733768318818,1.8995234208539353,0.7417363720684508,0.34227448026642815,-0.2257358426073034,0.06677708787731002,-0.03926194370101407,-3.150960583384381,-4.62382440509904,-1.00162708114217,-5.8321033923045565e-05,-0.0005376715067658815
1.49,-0.008369866901195426,1.4483151899900348,-1.0199679352003141,-0.5466303102582556,-0.0007475601439651452,-1.0967943357900336e-05,-0.009595204950541732,-0.024205126337748486,-0.045657749948814046,-0.01034874576316636,-0.00029056826462001085,-1.8973876097069216e-05,0.24240569706960294,1.9155163339843855,0.754211099015125,0.33938651430290445,-0.24213817421169492,0.06758650791103543,-0.03228910186812811,-3.0551438873765173,-4.586849754410637,-0.9895863657041714,0.00029651159385819136,-0.0005120044242630356
1.5,-0.008451384587811922,1.448244862972314,-1.020354622381407,-0.546711623782754,-0.0007497509517999789,-1.1107071950438988e-05,-0.008151768661649591,-0.007032701772082581,-0.03866871810928743,-0.008131352449840003,-0.0002190807834833627,-1.39128592538653e-05,0.24011012511134663,1.9236861382981705,0.7641215158251518,0.33518845386848284,-0.2570836383559556,0.06822216309847956,-0.025407951728177232,-2.963221395395232,-4.550467810389431,-0.9778485750247247,0.0006199899260424468,-0.0004867507241866144
1.51,-0.008518704713261148,1.4483463218206205,-1.0206710012931248,-0.5467707102832268,-0.0007512894653528881,-1.1196120659163199e-05,-0.006732012544922708,0.010145884830650775,-0.03163789117176591,-0.0059086500472773085,-0.00015385135529092191,-8.904870872420974e-06,0.23794213500183473,1.9239773039204273,0.771437258319504,0.3297029660473143,-0.2704692438008368,0.06868064822524672,-0.018605179447221416,-2.875581866606205,-4.51481306968846,-0.9664585733267881,0.0009155697011262086,-0.00046193186564281725
1.52,-0.00857204040633035,1.448618925853522,-1.020916904622714,-0.5468075990336022,-0.000752231451560845,-1.1235663149292512e-05,-0.005333569306920282,0.02726040329014617,-0.024590332958915762,-0.0036888750375402824,-9.419862079569445e-05,-3.954249012931279e-06,0.2359288186620663,1.916369439672317,0.7761392752832228,0.3229580103871186,-0.282202015260948,0.06895955748971994,-0.011866702316728676,-2.7925932294955595,-4.480016155052914,-0.9554594287732611,0.0011869206732785062,-0.00043756629104679004
1.53,-0.00861157908327748,1.4490613334091005,-1.0210924156347445,-0.5468224013858037,-0.0007526254095946981,-1.1226311305037826e-05,-0.003953867694712841,0.0442407555578439,-0.017551101203047086,-0.0014802352201521594,-3.939580338531131e-05,9.351844254685131e-07,0.23409274853568365,1.9008777530252088,0.7782200385596707,0.31498672509608827,-0.2921997520262478,0.0690575022334744,-0.005177852741129123,-2.714600703513953,-4.446203176386143,-0.9448922034083125,0.0014378914075486564,-0.00041366954484467174
1.54,-0.00863748080126972,1.449671506380714,-1.0211978669806567,-0.546815310117537,-0.0007525121902464111,-1.116871032229198e-05,-0.0025901717992240702,0.06101729716135815,-0.010545134591231738,0.0007091268266726882,1.1321934828709596e-05,5.760098274584527e-06,0.23245191694679201,1.877553318426944,0.7776836838238237,0.30582729305574397,-0.3003916914614081,0.06897411623324357,0.00147643336818483,-2.641925069513311,-4.41349511346342,-0.9347957549806394,0.001672472694229463,-0.000390254409886257
1.55,-0.00864987700930127,1.4504467179729263,-1.0212338383760016,-0.5467865984150607,-0.00075192469123728,-1.1063534087395761e-05,-0.0012396208031549916,0.07752115922124059,-0.003597139534473026,0.0028711702476365256,5.874990091310547e-05,1.0517623489621786e-05,0.2310197092650066,1.8464831476766685,0.7745460792863785,0.2955227879578759,-0.30671906878132127,0.06871004884763982,0.008111424480590174,-2.574861101174867,-4.382007224602022,-0.925206551986207,0.0018947598787078235,-0.0003673310602361075
1.56,-0.00864886969873074,1.4513835636647299,-1.0212011531496346,-0.5467366184934214,-0.0007508876301043244,-1.0911480870145612e-05,0.00010073105705298143,0.09368456918035709,0.0032685226367112257,0.004997992163935268,0.0001037061132955643,1.5205321725014933e-05,0.22980490745640533,1.8077900575246566,0.7688348202377459,0.2841210009263948,-0.31113556679926735,0.06826694645629994,0.014742398361171543,-2.51367616794679,-4.351848485471426,-0.9161585031531325,0.0021089144164695593,-0.0003449072290851264
1.57,-0.008634530953437735,1.4524779753483208,-1.0211008736762586,-0.5466657998587693,-0.0007494173956247265,-1.0713269355598234e-05,0.001433874529300493,0.10944116835909867,0.010027947337609235,0.007081863465213103,0.00014702344795979383,1.982115145473782e-05,0.228811721080395,1.7616323312746465,0.7605891480491439,0.27167424799147444,-0.3136076517564401,0.06764742276150976,0.021384444841695934,-2.458609018210474,-4.32312106205923,-0.9076828024642156,0.002319124973151373,-0.0003229883903112561
1.58,-0.008606902897580574,1.4537252385927069,-1.0209342957108656,-0.5465746472195153,-0.0007475219780544352,-1.0469635035671755e-05,0.002762805585716063,0.12472632443860147,0.01665779653928948,0.009115263925398683,0.00018954175702912991,2.4363431992647956e-05,0.22803984337186767,1.7082031728513785,0.7498597929819655,0.258239158837533,-0.31411479376289186,0.06685501863190896,0.02805226738385041,-2.4098687495039,-4.295919821596607,-0.8998077906748285,0.002529568396373847,-0.0003015779521396556
1.59,-0.008565998036999286,1.4551200129625035,-1.020702941650762,-0.5464637380552264,-0.0007452009777940357,-1.0181326978087812e-05,0.004090486058128771,0.13947743697967196,0.023135406010352636,0.011090916428887721,0.00023210002603994234,2.8830805758394353e-05,0.2274845306756512,1.647729953548417,0.7367087409178303,0.24387644728248237,-0.31264957270789295,0.06589415227023487,0.03475998449906565,-2.36763397067819,-4.2703318849928396,-0.8925588341373059,0.0027443708893436615,-0.000280677461271387
1.6,-0.008511799988407238,1.4566563553035792,-1.0204085527578817,-0.5463337198542623,-0.0007424456914590507,-9.849104986876192e-06,0.005419804859204687,0.1536342341075742,0.029438889288037052,0.01300182009640884,0.00027552863349850006,3.3222199121162065e-05,0.22713670412663298,1.5804732534710988,0.7212089249017081,0.22865066398373113,-0.30921767264083844,0.0647700605795346,0.04152093223321282,-2.332052158879506,-4.2464362240325055,-0.885958221589426,0.0029675697157327805,-0.00026028681578679574
1.61,-0.008444264588611965,1.458327745888903,-1.0200530803809438,-0.5461853070332149,-0.0007392392737283755,-9.473737165492469e-06,0.006753539979527401,0.16713905853237887,0.035547237693779994,0.014841282104736207,0.00032064177306752523,3.7536782138372346e-05,0.226983073049415,1.506725701512435,0.7034438431632575,0.21262993195159918,-0.30383776950268493,0.06348873268959326,0.048347469078298184,-2.3032392122648515,-4.224303306253909,-0.8800250794061901,0.0032030757610593133,-0.00024040448508627806
1.62,-0.008363321374067766,1.4601271173002146,-1.0196386762236151,-0.5460192775532033,-0.000735556972778008,-9.055997890586173e-06,0.008094321454419767,0.17993714113115591,0.04144041573287057,0.016602948001156713,0.00036823009503674756,4.1773927490629636e-05,0.22700628004764148,1.4268106195293544,0.6835071060605316,0.19588566548847286,-0.2965413186420771,0.062056836688682004,0.05525078482993183,-2.2812791974074176,-4.203994790055719,-0.8747753056528313,0.00345463726771164,-0.00022102773510710084
1.6300000000000001,-0.008268875419064332,1.4620468859041307,-1.0191676817111233,-0.5458364692499805,-0.0007313664365810992,-8.596666201597267e-06,0.009444595500343388,0.19197686039160045,0.0470994512491966,0.018280830322278688,0.00041905361969088727,4.5933168898890535e-05,0.22718506813505274,1.341080478191003,0.6615019151380731,0.1784922732857046,-0.28737224973874387,0.06048164068572992,0.06224071506096348,-2.266224288455855,-4.185563272174102,-0.8702215231149087,0.00372580504894812,-0.00020215285704999118
1.6400000000000001,-0.00816080951878085,1.4640789857651928,-1.0186426165136833,-0.5456377758966077,-0.0007266280868721749,-8.096524608638747e-06,0.010806590028348282,0.20320998610621208,0.05250651974399718,0.019869335337289955,0.00047383497089242805,5.001415929585207e-05,0.22749447050795793,1.2499151737338972,0.6375404782201042,0.16052684647627302,-0.2763865775599841,0.058770929399116545,0.06932556302005417,-2.2580948933112577,-4.169052089239339,-0.8663730513205588,0.004019899471826254,-0.0001837753978621175
1.6500000000000001,-0.0080389867012782,1.4662149048233042,-1.018066166290567,-0.5454241430191268,-0.0007212955571348361,-7.5563583185211726e-06,0.012182281750264975,0.213591905811134,0.05764502231162887,0.021363287748089745,0.0005332529737338725,5.40166290117574e-05,0.2279060236612206,1.1537201365492775,0.6117433651418565,0.14206883256083902,-0.2636519373967585,0.056932917531913485,0.07651193088070571,-2.2568799604025993,-4.154495174663418,-0.8632358974123915,0.004339979480283564,-0.00016589039075219685
1.6600000000000001,-0.007903253050267183,1.4684457231491364,-1.0174411697236156,-0.5451965634871997,-0.0007153161905791579,-6.9769548762644255e-06,0.013573365101101659,0.22308183258322622,0.062499656695146635,0.02275795319270868,0.0005979366555678256,5.7940344225674695e-05,0.22838800450687827,1.0529242841258533,0.5842388093546907,0.12319969623438976,-0.24924705408538006,0.05497616124262117,0.08380456235345905,-2.2625374581008977,-4.141916971634376,-0.8608127655741518,0.00468881390780548,-0.00014849258405650413
1.67,-0.0077534408181929694,1.4707621530785533,-1.016770604913421,-0.5449560729030599,-0.0007086315937274829,-6.359104216994485e-06,0.014981223207421433,0.23164299294169519,0.0670564810194477,0.024049058413972948,0.0006684596851675005,6.178506592699408e-05,0.22890569197369676,0.9479778323507114,0.5551619612133458,0.10400256826602838,-0.233261153258445,0.052909469048398106,0.09120619872425186,-2.274995017435613,-4.1313324025048805,-0.859103084571823,0.005068855304620332,-0.00013157666682897247
1.68,-0.007589371806838955,1.4731545810160056,-1.0160575752152292,-0.5447037448133369,-0.0007011782409247813,-5.70359912070857e-06,0.016406901135401452,0.23924279374522325,0.0713029698191793,0.0252328089722976,0.0007453352802701626,6.555050962859146e-05,0.22942165326341443,0.839349980510388,0.5246540992577018,0.08456188370522622,-0.21579332293819586,0.05074181350704188,0.0987174503891239,-2.2941507275820916,-4.122746894368188,-0.8581030528320588,0.005482216477569606,-0.00011513748959143263
1.69,-0.007410860990308879,1.47561311068731,-1.0153052945948107,-0.5444406857693405,-0.0006928881248311185,-5.01123605998378e-06,0.01785108165300759,0.24585296713044594,0.07522806204184734,0.0263059043996477,0.0008290116093662771,6.923630607247903e-05,0.2298960545364105,0.7275264865115925,0.4928618062209782,0.06496301083829525,-0.19695183284900886,0.048482245001621405,0.10633668591476446,-2.319874072590016,-4.1161564601211555,-0.8578057003541761,0.005930649912164675,-9.917027874841073e-05
1.7,-0.007217720352932899,1.4781276076143206,-1.0145170725870825,-0.5441680302622318,-0.0006836894477375048,-4.282816428278852e-06,0.019314063737598024,0.25144969270104583,0.07882220077281711,0.027265550710865973,0.0009198677093613804,7.284196317049273e-05,0.23028699532154334,0.6130071498381721,0.4599361168394939,0.04529187243793098,-0.17685341795200482,0.04613980890221092,0.1140599405626892,-2.3520069970302684,-4.1115478338281175,-0.8582009666367418,0.006415530216346523,-8.367084324185274e-05
1.71,-0.007009762912404733,1.4806877445777884,-1.0136962989421092,-0.5438869355601466,-0.0006735073483706204,-3.5191481340177058e-06,0.02079574405281661,0.2560136963467769,0.08207736449732378,0.028109470208529438,0.0010182099366884338,7.636682942611464e-05,0.23055086541982525,0.4963032205612891,0.4260316447831541,0.025634560994117095,-0.1556225317630996,0.04372346729903709,0.12188084607089791,-2.3903650876562583,-4.1088986587282195,-0.8592757936971609,0.006937839694624215,-6.86357720919295e-05
1.72,-0.006786806896339141,1.4832830478302523,-1.0128464280442657,-0.5435985764747664,-0.0006622646587145474,-2.72104754313633e-06,0.022295601606559166,0.2595303252463847,0.08498708978435059,0.02883590853801991,0.001124268965607294,7.981005908813756e-05,0.2306427225270901,0.37793475330956366,0.3913056961805401,0.006076949734123538,-0.13339057407168953,0.04124202638865912,0.12979058329141835,-2.4347388578076004,-4.1081777257792575,-0.8610142331735584,0.007498157130096754,-5.4062621538395036e-05
1.73,-0.006548680038489199,1.485902943818108,-1.0119709631907918,-0.543304140085063,-0.0006498826852764833,-1.8893417502173583e-06,0.023812685784994247,0.26198959878556,0.08754648534738338,0.02944363897033998,0.0012381973438064066,8.317057929189717e-05,0.23051668826407598,0.25842792547510285,0.3559173772637089,-0.013295698630981123,-0.11029509679021188,0.03870407045723989,0.13777785903797,-2.4848951211254025,-4.109345260209629,-0.863397566423298,0.008096649820878635,-3.995009056090564e-05
1.74,-0.006295223959127398,1.4885368061710942,-1.0110734408157245,-0.5430048204459519,-0.0006362820091562676,-1.0248711557340152e-06,0.0253456079361801,0.26338623529862637,0.08975223750672391,0.029931963911111775,0.0013600676120215708,8.64470594483343e-05,0.2301263597970656,0.13831233907406498,0.3200267036167844,-0.032399123400914887,-0.0864789908850141,0.03611790324091663,0.14582890820967828,-2.5405784411921735,-4.112353253162967,-0.8664044364721739,0.0087330688871378,-2.6298183615077906e-05
1.75,-0.00602629859261737,1.491174002718279,-1.0101574147442611,-0.5427018133094027,-0.0006213832992442498,-1.2849232428941572e-07,0.026892536651002764,0.2637196547184783,0.09160260714633259,0.030300713654919216,0.0014898709912017844,8.963788314445996e-05,0.22942523377952606,0.018118325592848563,0.2837937183655624,-0.051150455484009316,-0.062089656703524065,0.03349149726175771,0.15392752193077128,-2.6015126439444147,-4.117145835173069,-0.8700109906228888,0.009406747835779515,-1.3108359473252174e-05
1.76,-0.0057417866240235885,1.4938039422921916,-1.009226440561019,-0.5423963108851585,-0.0006051081328665558,7.989189039119202e-07,0.028451196859378185,0.2629939573912582,0.09309741832421778,0.030550242424424334,0.0016275166377694,9.274112282013359e-05,0.22836713896109492,-0.10162572716351015,0.2473776264108707,-0.06946860290296897,-0.03727815954878699,0.030832451544848177,0.16205510209028678,-2.6674023801174096,-4.123659687904729,-0.8741910325008632,0.010116604342173272,-3.8366510516502084e-07
1.77,-0.005441597895759035,1.496416121086975,-1.0082840601734353,-0.5420894966676257,-0.000587379818219324,1.756464078758523e-06,0.03001887282645532,0.26121787947835334,0.09423803875835739,0.030681421753271806,0.0017728314647231815,9.575451748466027e-05,0.22690667350679974,-0.22039600774216322,0.21093595147633604,-0.0872746299516698,-0.012198372071164032,0.028147957921029393,0.17019074228900685,-2.737934725551726,-4.13182449034321,-0.8789161822995215,0.01086114518257451,1.1871146425035612e-05
1.78,-0.005125673744783366,1.4990001683422411,-1.0073337866487426,-0.5417825403547213,-0.0005681242129823591,2.7432186160795762e-06,0.031592415097566856,0.25840472552659677,0.09502735246925822,0.030695631290446144,0.0019255605236964824,9.867545373210529e-05,0.22499964285379195,-0.33767585550337675,0.17462372232747025,-0.10449212772443733,0.012993895049810189,0.02544477592447869,0.1783113348128327,-2.8127808078992795,-4.141563395414518,-0.8841560439854886,0.011638474227314661,2.3649515031216504e-05
1.79,-0.004793991230757276,1.501545891131604,-1.0063790893995943,-0.5414765928835089,-0.0005472705335765134,3.7582281191377004e-06,0.03316825140260899,0.25457227893628825,0.09546972491482565,0.03059474712123962,0.0020853679405845697,0.00010150095030581242,0.22260349380811636,-0.4529582600912025,0.13859269402813598,-0.12104757374583086,0.03814177258237994,0.022729216104150074,0.1863917028626765,-2.891597449090798,-4.152793532872637,-0.8898783782360353,0.01244630338362346,3.494299059616146e-05
1.8,-0.004446567215845891,1.5040433180435462,-1.0054233797895682,-0.5411727816063475,-0.0005247521496267997,4.80050458363913e-06,0.034742401491138525,0.24974269119422313,0.09557096100261325,0.03038112771614033,0.002251838394971361,0.00010422764645014296,0.21967774054859804,-0.5657482702643026,0.10299060953651754,-0.1368706784389595,0.06308822059700836,0.020007131394596284,0.19440475689064765,-2.9740288138425934,-4.1654265341994865,-0.8960492799056996,0.013281966358227884,4.574116879158918e-05
1.81,-0.004083462257550752,1.5064827415521855,-1.004469997225486,-0.540872205630012,-0.0005005073583138764,5.86902252634633e-06,0.03631049582951389,0.24394235086393745,0.09533825640821894,0.03005759763355245,0.0024244791312923353,0.00010685179427072002,0.21618437825521927,-0.6755652977273994,0.0679605063286436,-0.15189471625044848,0.0876769225554842,0.01728391603919023,0.20232167353040514,-3.059708055463962,-4.179369075228706,-0.9026333588554063,0.014142435093683493,5.603164659460859e-05
1.82,-0.0037047842770345897,1.5088547588865526,-1.0035221957988243,-0.5405759313388601,-0.0004744801334394124,6.962715079379694e-06,0.03786779805161624,0.23720173343670015,0.09478014266616992,0.029627429115195923,0.0026027224874463975,0.00010936925530333639,0.21208828020711198,-0.7819453030319992,0.033640072066650185,-0.1660568393100128,0.11175318303662696,0.014564511427426291,0.2101120952746702,-3.1482589512526276,-4.194523432224493,-0.9095939230243634,0.015024338718699374,6.5799998316337e-05
1.83,-0.003310691966876895,1.5111503112189875,-1.0025831315335163,-0.5402849881216185,-0.00044662084419544933,8.08047009404311e-06,0.039409231015769465,0.22955523324349097,0.09390642653079305,0.029094321724156512,0.0027859289243963047,0.00011177550146634153,0.2073575743920568,-0.8844428521539587,0.00016105263308095752,-0.17929837162817197,0.13516482598089852,0.011853418107401495,0.21774434875264553,-3.2392975208100516,-4.210788047219363,-0.9168931626812886,0.0159239848414121,7.502977289511965e-05
1.84,-0.002901397904046137,1.5133607210060842,-1.0016558502922255,-0.5400003643197706,-0.00041688693881384507,9.221126299462085e-06,0.04092940628307581,0.22104097870967535,0.09272812412908757,0.028462380184787785,0.0029733905381604253,0.00011406562054189742,0.2019639959239723,-0.9826330339763579,-0.03235128487111592,-0.1915650819728283,0.15776308978939058,0.009154713160398065,0.2251856792006321,-3.3324336216477324,-4.228058098537075,-0.9244923348557723,0.0168373830054793,8.370251312849581e-05
1.85,-0.0024771713360754954,1.5154777273290836,-1.000743276387771,-0.5397230034138609,-0.0003852435884789661,1.038346956244506e-05,0.04242265679706416,0.21170063229994515,0.09125739044544193,0.027736090590969993,0.003164335033487897,0.00011623432629829737,0.19588321186606122,-1.0761132305832335,-0.06377863230317063,-0.20280743369964638,0.17940351507153096,0.006472072078535979,0.23240249850517095,-3.427272517468116,-4.246226072594857,-0.9323519470212607,0.017760270121786374,9.179779742195119e-05
1.86,-0.002038340610957552,1.5174935190945962,-0.9998482019408791,-0.5394538004623155,-0.0003516642871147787,1.1566229295735508e-05,0.043883072511794324,0.20157917655125576,0.08950744468920155,0.026920295154543448,0.003357930136418741,0.00011827597332904482,0.18909511539322743,-1.1645047339685997,-0.0940100626867802,-0.21298081003277813,0.19994682033107103,0.0038087942713333836,0.23936064403262935,-3.523416415469048,-4.265182333287887,-0.9404319391768594,0.018688137683239472,9.929330451610501e-05
1.87,-0.0015852952240998806,1.5194007659708575,-0.9989732770198716,-0.5391935988056242,-0.0003161314029061892,1.2768075062185414e-05,0.04530453868576713,0.19072468762613193,0.08749249210074965,0.02602016566912227,0.0035532884208589514,0.0001201845766449907,0.181584086587225,-1.2474542044616255,-0.12294239402941992,-0.22204571345154323,0.2192597604377866,0.0011678313337387947,0.24602564534384794,-3.620465969921321,-4.284815685503271,-0.9486918635542514,0.01961626056628955,0.00010616490151571772
1.8800000000000001,-0.0011184874587753173,1.52119264694924,-0.9981210005923699,-0.5389431870469645,-0.0002786366776836778,1.3987613422327069e-05,0.046680776532456336,0.17918809783826756,0.08522764275017883,0.025041175865969812,0.00374947252225114,0.00012195383601416548,0.17333921753045786,-1.3246349678313913,-0.15048049500451174,-0.22996793806996507,0.23721596237656706,-0.0014481827578928519,0.25236299582721194,-3.7180217500895996,-4.305013929584468,-0.9570910612570733,0.020539727220220162,0.0001123867553827981
1.8900000000000001,-0.0006384335998231253,1.522862876435315,-0.9972937123136182,-0.5387032963185818,-0.00023918167058966774,1.522338507233223e-05,0.0480053858952192,0.167022948607492,0.08272882787516236,0.02398907283827483,0.003945500709401006,0.00012357716500051627,0.1643544997409564,-1.3957481496368838,-0.17653753339999562,-0.23671871411219936,0.25369673251032276,-0.004036900304973166,0.25833842626702813,-3.8156856712947764,-4.3256644038640895,-0.9655888352215433,0.021453471043579822,0.00011793146787222506
1.9000000000000001,-0.0001457147038742768,1.524405727788243,-0.9964935851707007,-0.5384745978415008,-0.00019777814275427294,1.6473862318414773e-05,0.04927188959488485,0.15428513529280852,0.08001271429174335,0.022869847708109733,0.0041403527835394815,0.0001250477246082543,0.15462897236278997,-1.4605236469057308,-0.20103516882710934,-0.24227482382244148,0.2685918294523978,-0.006596228114276712,0.2639181773937905,-3.913062388541374,-4.346654512696451,-0.9741446189675189,0.022352302746207798,0.00012277023368256312
1.9100000000000001,0.0003590230869509241,1.525816054241557,-0.9957226189967611,-0.5382577007844335,-0.0001544483800365379,1.7737446932349582e-05,0.05047377908252009,0.14103264533141371,0.0770966173939662,0.021689705706726195,0.004332976271773505,0.00012635846139348077,0.14416682988734708,-1.5187209386371383,-0.22390369172400287,-0.24661868836275325,0.2818001966214059,-0.009124295927771475,0.26906926853540186,-4.0097606526497565,-4.367872237744809,-0.9827181406871978,0.023230943494892697,0.00012687302136909476
1.92,0.0008750686971281363,1.5270893071523535,-0.9949826348643992,-0.5380531504260956,-0.00010922545123432695,1.9012468430948016e-05,0.051604561017721214,0.12732529107963042,0.07399841323618384,0.020455035833783667,0.004522292880221095,0.0001275021498598436,0.13297748852617408,-1.570129737909302,-0.24508211115489217,-0.24973842550353176,0.29323064864848014,-0.011619425597630725,0.27375975959948873,-4.105394629235546,-4.389206630605335,-0.9912695822930303,0.02408405864065855,0.00013020877632325507
1.93,0.0014016467409703184,1.5282215515394526,-0.9942752703627379,-0.5378614266235474,-6.215339953075905e-05,2.0297182820055158e-05,0.05265780438421821,0.11322443870990836,0.07073645016612945,0.019172380254814447,0.00470720517035679,0.0001284714389107143,0.12107561068252613,-1.6145704895163044,-0.26451819430957113,-0.25162787811610077,0.30280250601974534,-0.014080101455527474,0.2779590037620172,-4.199585181166093,-4.41054828517393,-0.9997597331159482,0.024906291825888983,0.000132745644866362
1.94,0.001937918618465386,1.529209478884132,-0.9936019757582567,-0.5376829425876587,-1.3287365326450897e-05,2.15897718409286e-05,0.053627187749506755,0.09879273446792947,0.06732946044811772,0.017848403588869747,0.004886603420430815,0.00012925890208734405,0.10848108727481148,-1.6518947180508619,-0.2821684609308126,-0.25228661370766226,0.3104461726570406,-0.016504942228227584,0.2816378884116254,-4.291961115297851,-4.431789788477871,-1.0081501380088347,0.025692299269924227,0.0001344512182400512
1.95,0.0024829840812006093,1.5300504171795013,-0.9929640110354092,-0.537518043965358,3.730636099643915e-05,2.2888342753739963e-05,0.05450654627352235,0.0840938295369324,0.06379647228475045,0.016489862230077142,0.0050593726322890045,0.00012985709128113647,0.09521897795139526,-1.681985232179289,-0.29799813614425896,-0.251719895440746,0.31610365155438713,-0.018892674755600622,0.2847690620976326,-4.382160394361557,-4.452826148995668,-1.0164032396672749,0.026436784032400438,0.00013529279500627584
1.96,0.0030358832619296543,1.5307423382264431,-0.9923624438092798,-0.5373670082269782,8.955035742175466e-05,2.4190928689429968e-05,0.0552899180729045,0.06919210469419008,0.0601567226129377,0.015103573837973611,0.005224399642531552,0.00013025859356900028,0.0813194095034413,-1.7047561915201983,-0.3119810653375239,-0.2499386252615574,0.31972899408613265,-0.021242109676421567,0.28732714544779836,-4.469831314820664,-4.4735552017714735,-1.0244825150295374,0.02713453005449674,0.00013523766010135028
1.97,0.003595599157450013,1.5312838621852298,-0.9917981480991137,-0.5372300443557567,0.0001433561603790151,2.54954895972715e-05,0.055971589552035905,0.05415239587866789,0.05642957101661276,0.013696387122150228,0.0053805802957260455,0.0001304560907841533,0.06681743303480259,-1.7201530430377308,-0.3240995948233778,-0.24695925995100687,0.3212886791628122,-0.023552119159838708,0.2892889242552706,-4.5546336513893095,-4.493877989890232,-1.0323526056597936,0.027780435779510188,0.0001342533785272244
1.98,0.004161060550646578,1.5316742594024375,-0.9912718039484648,-0.537107292835385,0.00019862442674255896,2.679991381128178e-05,0.05654613931965649,0.039039721720760506,0.05263441506488553,0.012275152037169834,0.005526826636354384,0.0001304424214010279,0.05175284068832893,-1.7281523341967524,-0.33434442204188775,-0.24280370105634486,0.3207619190203288,-0.025821616682915022,0.29063352317868085,-4.636239768668552,-4.513699122113531,-1.0399794420526065,0.02836954715592233,0.00013230810141454585
1.99,0.004731145353849993,1.5319134495425981,-0.990783897874953,-0.5369988259304443,0.00025524516749598347,2.8102020254105765e-05,0.057008480320341476,0.023919014016058372,0.048790607351178766,0.010846690494069017,0.00566207407534245,0.00013021064428239866,0.03616994296186602,-1.7287614103086029,-0.34271441899908295,-0.23749915981419534,0.3181408890652955,-0.028049538784655104,0.2913425587514758,-4.714335700053905,-4.532927106681016,-1.0473303618225278,0.028897089828513696,0.00012937088196199168
2.0,0.005304684352084122,1.5320019980631647,-0.9903347241301859,-0.536904648253592,0.00031309805236012615,2.939956129220326e-05,0.05735389982341292,0.008854852056656282,0.04491737447671066,0.009417767685234073,0.005785288486414266,0.00012975410380974936,0.020117307879582234,-1.7220180035309316,-0.34921643252493656,-0.23107799827134468,0.31343087984797974,-0.030234828667120073,0.2914002706531235,-4.788622193694742,-4.551474661456691,-1.0543742217602678,0.029358500326295073,0.0001254119985502236
2.0100000000000002,0.005880465321362838,1.5319411100798326,-0.9899243867482752,-0.5368246976124902,0.00037205278423158196,3.069022625114711e-05,0.05757809692787161,-0.006088798333225072,0.041033738191060515,0.007995064110177797,0.00589547318714558,0.00012906649589438523,0.003647463521056528,-1.707989720885265,-0.35386506474762564,-0.2235775479346893,0.3066503698742477,-0.03237642146541622,0.2907936304530879,-4.858815724858994,-4.569259000742201,-1.0610815037466426,0.029749456060234578,0.00012040328215167837
2.02,0.006457237493969418,1.5317326216770872,-0.9895528023595359,-0.5367588461286811,0.0004319695418264087,3.197164559461767e-05,0.05767721726065795,-0.02084884027452872,0.03715843887393305,0.006585148380914086,0.0059916757594826765,0.00012814193434705602,-0.013183434343841487,-1.6867734384377,-0.3566824369541465,-0.2150399073406568,0.29783101858859967,-0.034473230970431396,0.2895124272959898,-4.924649473587701,-4.586202099190547,-1.0674244145177147,0.03006590394913446,0.00011431844501381331
2.0300000000000002,0.007033716339639135,1.5313789887260758,-0.9892197037443756,-0.5367069016199076,0.0004926994884729594,3.3241395765297544e-05,0.05764788456697172,-0.03536329510114327,0.03330986151603382,0.005194450877342169,0.0060729946646550705,0.00012697501706798747,-0.03031596750573668,-1.6584946084662375,-0.35769793972749586,-0.20551171999965057,0.28701757943891415,-0.03652413756198089,0.28754933025112556,-4.985874266026158,-4.602230933333562,-1.0733769792697607,0.030304087498698024,0.00010713340748714313
2.04,0.007608588628794202,1.5308832732785584,-0.988924644101041,-0.5366686092367535,0.0005540853445515739,3.449700468037065e-05,0.05748722891550664,-0.04957154475174564,0.029505964333469394,0.0038292383154118915,0.006138585607861445,0.00012556089150731113,-0.04768785116587721,-1.6233064860297104,-0.35694797193931616,-0.1950439342153487,0.27426773346748623,-0.038527977095519444,0.2848999272995366,-5.04225947730481,-4.617277701286609,-1.078915129081678,0.030460572166943825,9.882661980345465e-05
2.05,0.008180517741477236,1.5302491276118548,-0.9886670019997453,-0.5366436533439142,0.0006159620206401712,3.5735957868750886e-05,0.05719291126830338,-0.06341456667035261,0.02576421012956213,0.0024955892839330475,0.006187667608859735,0.00012389531883802332,-0.06523435780052585,-1.581389280879128,-0.3544756708329343,-0.18369154630595652,0.2596518443455246,-0.04048353048290415,0.28156274117539587,-5.093593893326973,-4.631280021215931,-1.0840167821159412,0.03053226885874954,8.937937558616449e-05
2.06,0.00874814918342228,1.5294807760053948,-0.9884459869947398,-0.5366316596359164,0.0006781573079967496,3.695570523154948e-05,0.056763144194504365,-0.0768351606460047,0.02210150050054624,0.0011993707997790116,0.006219528735657846,0.00012197473627985984,-0.08288876613440944,-1.5329492401275966,-0.3503306350775818,-0.17151332874831393,0.2432526361772832,-0.0423895137166653,0.2775392225138494,-5.139686528314089,-4.644181109150008,-1.088661918538163,0.03051645540347638,7.877611389506007e-05
2.07,0.00931011626881826,1.5285829943347717,-0.988260645865066,-0.5366321974766571,0.000740492622595679,3.8153668401678303e-05,0.05619670853959806,-0.08977816706229645,0.018534112967388078,-5.378407406986794e-05,0.0062335314598929445,0.00011979631701288196,-0.1005828319773567,-1.478217666541856,-0.34456864229884493,-0.15857154478533175,0.2251647957419833,-0.04424456810834293,0.2728337209829072,-5.180367394475735,-4.655929936689577,-1.0928326490707683,0.030410795882320887,6.700470667193262e-05
2.08,0.009865045927785572,1.5275610875741497,-0.9881098694540166,-0.5366447824517337,0.0008027837985378262,3.932724867292063e-05,0.05549296589673122,-0.10219067606221147,0.01507764110494867,-0.0012584975076559367,0.006229117594214719,0.00011735802712423284,-0.1182472773200556,-1.4174498767519308,-0.3372513622223573,-0.14493165100451932,0.20549450111636486,-0.04604725054356601,0.2674534352907151,-5.215488219721636,-4.666481369123786,-1.0965132770692003,0.030213357686197772,5.405672856119545e-05
2.09,0.010411564595428156,1.526420865302519,-0.9879924000766986,-0.5366688791221739,0.0008648419262784287,4.047383546332555e-05,0.05465186676425846,-0.11402222716305904,0.011746937731792827,-0.002409667044006974,0.006205812774060252,0.00011465867904049187,-0.13581229371440948,-1.3509241031153174,-0.3284460662014893,-0.1306619893861667,0.18435887883292817,-0.047796023599647686,0.2614083431597168,-5.244923108928827,-4.675796284396814,-1.0996903539807192,0.029922626200457825,3.992770622879608e-05
2.1,0.010948304138565578,1.525168615313714,-0.9879068394645083,-0.5367039039678382,0.0009264742307647447,4.159081527243996e-05,0.053673954313742216,-0.12522499888049696,0.008556061219034978,-0.0035024845664275283,0.006163230448631603,0.00011169798091144045,-0.15320805558900485,-1.2789403424335286,-0.31822533355207505,-0.11583347026504054,0.16188539188625095,-0.049489245425431316,0.2547111125438985,-5.26856914392785,-4.683841673292522,-1.1023527280171368,0.02953751702942412,2.4617344491152725e-05
2.11,0.011473907775914467,1.5238110754343135,-0.9878516572147636,-0.5367492285084555,0.0009874849842513972,4.267558108672891e-05,0.05256036373488879,-0.13575398794006655,0.00551822497446506,-0.004532454061731529,0.006101075348665264,0.00010847658142889583,-0.17036523878083706,-1.2018191542150807,-0.3066667547829778,-0.10051924764638898,0.13821116101301034,-0.051125159346222526,0.2473769955325017,-5.286346917087925,-4.690590721119036,-1.1044915858451192,0.029057385691378442,8.129726790007791e-06
2.12,0.011987035947595455,1.5223554036576148,-0.9878251997131778,-0.53680418258995,0.0010476764482685512,4.372554218259658e-05,0.05131281716809888,-0.1455671776698798,0.002645750158584584,-0.005495408149444945,0.006019146401715388,0.0001049961095867671,-0.18721553921249606,-1.1199004107268433,-0.2938526315152643,-0.08479438824488783,0.11348222175367484,-0.05270188322751962,0.23942370653136955,-5.298200993169901,-4.696022871083246,-1.1061004870718416,0.028482034733007127,-9.526512194925514e-06
2.13,0.012486372090405621,1.5208091467058178,-0.9878256994962601,-0.5368680578234284,0.0011068498389601065,4.4738134271752704e-05,0.04993361428101654,-0.15462569517969482,-4.9978308220893254e-05,-0.006387523347839043,0.005917339069155522,0.00010125920891561232,-0.2036921863240856,-1.033542000681854,-0.27986967261251616,-0.06873553558910528,0.0878527198725152,-0.054217398710676656,0.2308712864395024,-5.30410029398521,-4.700123869451268,-1.1071753912810212,0.02781171823114887,-2.833804372064043e-05
2.14,0.012970628276327372,1.5191802071364147,-0.9878512850200969,-0.5369401111639082,0.0011648063097893751,4.571082992932262e-05,0.04842561859217508,-0.16289395694030348,-0.0025585523836787177,-0.007205334047982726,0.005795647082926862,9.726956575699172e-05,-0.2197304455962237,-0.9431184880894755,-0.26480868581398087,-0.05242057049368265,0.06148404778379046,-0.05566954051363915,0.22174195464174642,-5.304038400355218,-4.702885792497814,-1.107714677355577,0.02704714366869271,-4.82867335630517e-05
2.15,0.013438550673246912,1.5174768091125779,-0.9878999908012684,-0.5370195686155774,0.0012213479454314647,4.664114924111928e-05,0.04679223969195391,-0.17033980238368776,-0.004870578117152473,-0.007945745166923677,0.005654163564208959,9.30319311796664e-05,-0.23526810429172956,-0.8490197275481198,-0.24876426397807405,-0.03592826914853742,0.034543924726897046,-0.05705598607840795,0.2120599507172469,-5.298033765912557,-4.704307055158523,-1.107719154809258,0.026189471190358294,-6.934956330559674e-05
2.16,0.01388892478882566,1.5157074629610818,-0.9879697678948887,-0.5371056290500849,0.0012762787605378493,4.7526670602934e-05,0.04503741155787476,-0.1769346151495972,-0.006977709362021673,-0.008606043450739983,0.005493081510638471,8.855213618147208e-05,-0.2502459344154906,-0.7516494370989708,-0.23183446490120485,-0.019337960036681423,0.007205423567857805,-0.05837424592705459,0.2018513678161854,-5.286129837428956,-4.704392401217513,-1.1071920668414148,0.025240310262565274,-9.149858530114899e-05
2.17,0.014320580460895597,1.513880928644993,-0.9880584946739144,-0.5371974681240616,0.0013294056969720774,4.836504160160671e-05,0.043165567206993785,-0.18265343160888597,-0.008872677902567917,-0.009183907397669487,0.005312693643422807,8.383709986727111e-05,-0.264608126861177,-0.6514237296820075,-0.21412048357992636,-0.0027291808679081875,-0.02035405270027857,-0.05962165517026752,0.19114397968356284,-5.268395076593817,-4.7031528747900575,-1.1061390848272599,0.02420171377939515,-0.00011470091193718258
2.18,0.01473239656061488,1.5120061782820033,-0.9881639878729457,-0.5372942422817708,0.0013805396130785773,4.915398990505465e-05,0.041181609971928164,-0.18747503629897777,-0.010549319903126762,-0.009677415770920876,0.0051133916106499925,7.889483034479388e-05,-0.27830269079536213,-0.5487696042485931,-0.1957263157446538,0.013818663339136172,-0.047953841415712795,-0.06079536668312119,0.17996706330798792,-5.2449228785064514,-4.700605772799879,-1.1045682939610726,0.023076169673517635,-0.00013891873949796078
2.19,0.015123305377894776,1.510092357842873,-0.9882840138587415,-0.5373950928284732,0.0014294962585609462,4.9891334086416464e-05,0.03909088172798977,-0.19138204391303335,-0.012002598579585605,-0.01008505467023855,0.004895664548236887,7.373441813618167e-05,-0.2912818125371594,-0.44412339768350767,-0.17675841149298072,0.030226639907115382,-0.07541113396451649,-0.0618923465229308,0.1683512191457235,-5.215831382580918,-4.696774578103675,-1.1024901697822564,0.021866590106683882,-0.00016410940658735743
2.2,0.015492296662255359,1.5081487481679472,-0.9884163000886045,-0.5374991500597825,0.0014760972286132522,5.057499430605059e-05,0.03689912843605832,-0.19436096749259835,-0.01322862298629323,-0.010405723130933152,0.004660097005230604,6.836602196341229e-05,-0.3035021685349249,-0.3379291988750775,-0.1573253179098556,0.046416624804629825,-0.10254212859984468,-0.06290937220707532,0.15632819081627167,-5.181263172095007,-4.69168887288405,-1.0999175453342707,0.020576298328809684,-0.00019022548675689133
2.21,0.01583842129623829,1.5061847254431024,-0.9885585467166593,-0.5376055374319728,0.0015201708910684494,5.120300277435078e-05,0.03461246339829294,-0.196402272484477,-0.014224662805489422,-0.010638737219030171,0.004407366245519709,6.280084683001904e-05,-0.31492518752767756,-0.23063722653776694,-0.13753730965834984,0.06231163453088606,-0.12916321765195193,-0.06384303449365797,0.14393068608665716,-5.141384859239586,-4.6853842319166,-1.096865568734255,0.019209013307651485,-0.00021721491467999876
2.22,0.016160794582745126,1.504209721279732,-0.988708438306878,-0.5377133757578879,0.0015615532805019828,5.177351391824311e-05,0.032237328650683524,-0.19750041633704268,-0.01498915902187708,-0.010783832591510915,0.0041382389433533414,5.7051114389233335e-05,-0.32551725760864053,-0.12270217273633452,-0.11750600667965039,0.07783615255130161,-0.15509220376287391,-0.06468974330594807,0.13119220085902253,-5.096386553237461,-4.677902095318912,-1.0933516509667793,0.01776883224254313,-0.0002450211449293595
2.23,0.016458599132114927,1.502233182546434,-0.9888636556105012,-0.5378217874128024,0.0016000889534553131,5.228481417483347e-05,0.029780454936980325,-0.19765387332980774,-0.015521730362316022,-0.010841165491450557,0.0038535672953330276,5.113002565903572e-05,-0.33524987467951,-0.014581514472860373,-0.09734397833010211,0.09291644925204573,-0.18014953903334385,-0.06544573841638357,0.11814684775219463,-5.04648120989519,-4.669289620408755,-1.0893954037582918,0.016260211085572133,-0.00027358334215243094
2.24,0.016731087339335243,1.5002645311028997,-0.9890218873643026,-0.5379299005342951,0.0016356317992218606,5.273533133700308e-05,0.027248820722031386,-0.19686514435342198,-0.0158231753801431,-0.010811312149269501,0.003554284576654737,4.505171621696033e-05,-0.34409972968646013,0.09326620382602382,-0.07716433351525936,0.10748089439699843,-0.20415958014938584,-0.06610710544775289,0.10482919072510669,-4.991903861819619,-4.659599512335979,-1.085018567439246,0.014687943201951058,-0.0003028366012033962
2.25,0.016977583446419826,1.4983131235890412,-0.9891808420649589,-0.5380368531999289,0.0016680458009644327,5.3123643377811055e-05,0.024649610708458468,-0.19514075138584014,-0.015895470065629365,-0.010695266563378937,0.0032414001742572173,3.883120408079754e-05,-0.35204873304903234,0.20038311355534008,-0.05708029665385391,0.12146026109584801,-0.2269518516805593,-0.06666979766407072,0.09127408703107298,-4.932910729464074,-4.64888983320766,-1.080244928758132,0.013057136308226948,-0.00033271219557935564
2.2600000000000002,0.017197485189605354,1.4963882114245952,-0.9893382596736472,-0.5381417975662919,0.0016972057423054042,5.3448486683357854e-05,0.021990174318552835,-0.19249121644459566,-0.015741760868822268,-0.010494436636299457,0.0029159941340971443,3.248433055467988e-05,-0.3590839758094106,0.30631378697334277,-0.03720476960304015,0.1347880202906122,-0.24836230883967625,-0.06712966390360248,0.07751653762003856,-4.869778214156837,-4.637223789498049,-1.075100228675064,0.011373187832468046,-0.00036313785232533024
2.27,0.017390265035536385,1.4944989011762428,-0.9894919232039342,-0.5382439039527509,0.001722997854944853,5.3708763627279446e-05,0.0192779845931031,-0.18893102483523774,-0.015366353028702697,-0.010210638645905547,0.002579211263944862,2.6027694392159556e-05,-0.36519762821707624,0.4106070194951244,-0.017649880005296267,0.14740062478064297,-0.2682345900985901,-0.06748248286149877,0.06359154692415467,-4.8028017752954995,-4.624669497623805,-1.0696120602316026,0.009641758844780404,-0.0003940380514167566
2.2800000000000002,0.01755547101494268,1.4926541154506205,-0.9896396701450678,-0.5383423648531092,0.0017453204033129122,5.39035494242566e-05,0.01652059794062954,-0.18447857256222,-0.014774694113362456,-0.009846090035829733,0.0022322548368059244,1.9478579697715485e-05,-0.37038677769186495,0.512817624068028,0.0014734831322756672,0.15923778182543513,-0.28642124920023804,-0.06772400375492271,0.049533992773605845,-4.732294694951795,-4.611299727669323,-1.0638097566671416,0.007868746709578066,-0.0004253343474989289
2.29,0.017692727166387357,1.490862554472411,-0.9897794036719667,-0.5384363988582521,0.0017640842027455109,5.4032098204800846e-05,0.013725615144467688,-0.1791560978209459,-0.013973352689888948,-0.00940340051429082,0.0018763799432598722,1.2854878054424751e-05,-0.37465320934254204,0.6125082318229491,0.020056145454896535,0.17024271335529084,-0.3027849553366455,-0.06784999320790397,0.035378506997715026,-4.65858673420973,-4.59719162536621,-1.0577242700296916,0.006060256613106047,-0.00045694571175904395
2.3000000000000003,0.017801733606405516,1.4891326585069287,-0.9899091035925655,-0.5385252544728187,0.0017792130681816805,5.409384825907218e-05,0.010900644001815936,-0.17298959654824314,-0.0129699920598694,-0.008885561456659098,0.0015128865436169676,6.175005427133694e-06,-0.37800313342224595,0.7092510925599398,0.03799113332149387,0.18036240286852934,-0.3171996496116676,-0.06785628798191629,0.021159367074004,-4.5820226866402916,-4.582426412563672,-1.0513880406091765,0.0042225721209429475,-0.0004887888916265131
2.31,0.017882266245695055,1.4874725712861976,-0.9900268369827342,-0.5386082138089585,0.0017906441909095415,5.408842640353434e-05,0.008053263928953938,-0.16600872207309822,-0.011773339016879367,-0.008295933613980245,0.0011431122727860934,-5.421855537839342e-07,-0.38044686523805715,0.8026298680076828,0.05517416799401072,0.18954782806282422,-0.3295516454182923,-0.06773885295773724,0.006910398998044636,-4.502960835383889,-4.567089066571249,-1.044834857603319,0.0023621249207402507,-0.0005207787859387426
2.32,0.017934176173907652,1.4858901045964,-0.9901307684587936,-0.5386845961403322,0.0017983284414305168,5.4015651430793426e-05,0.005190992821259787,-0.15824666897975762,-0.010393147605936091,-0.007638233137363469,0.000768425052097527,-7.277497274091907e-06,-0.381998464062867,0.8922414102019303,0.07150416565626248,0.19775417831436792,-0.33974066006686066,-0.06749384355487531,-0.007335108637754784,-4.421771321351764,-4.551267978910879,-1.0380997115087947,0.0004854639054182842,-0.000552828833170405
2.33,0.017957388737972514,1.4843927041826908,-0.9902191700377088,-0.5387537612996982,0.0018022305970607454,5.387553660991771e-05,0.002321256406486132,-0.1497400413709157,-0.008840157891522697,-0.006916515936610298,0.0003902155630228517,-1.401148208757173e-05,-0.3826753384883331,0.9776975167730206,0.0868837406154745,0.20494105609937074,-0.3476807649329734,-0.06711767156158929,-0.021544479545305768,-4.338834431054142,-4.535054594179645,-1.0312186388123286,-0.001400776248442292,-0.000584851410301725
2.34,0.017951902340734634,1.4829874171246993,-0.9902904305354112,-0.5388151129037043,0.0018023294934386052,5.366829121181591e-05,-0.0005486397237878843,-0.14052870579914298,-0.007126049770247024,-0.006135160400615866,9.889637785970697e-06,-2.072453981018056e-05,-0.38249782637651464,1.0586266544283243,0.10121970869107776,0.21107266151021875,-0.35330124157892495,-0.06660707315784076,-0.03568571397798428,-4.2545388135001385,-4.518543029896301,-1.0242285596366225,-0.0032899068531053177,-0.000616758239892888
2.35,0.017917786987982447,1.4816808608325056,-0.9903430644543734,-0.5388681013888731,0.0017986180996514612,5.339432104176855e-05,-0.0034115352752187716,-0.13065562921937116,-0.005263391896217852,-0.005298848516880538,-0.00037113937871439186,-2.7397017004735844e-05,-0.38148875808854865,1.134675641472357,0.11442358748858689,0.21611795901638464,-0.35654733175110076,-0.06595917774804033,-0.049727542815058375,-4.169279636477934,-4.501829678381837,-1.017167109073323,-0.00517521718026828,-0.0006484608029349366
2.36,0.01785518261266968,1.4804791938084714,-0.9903757203125884,-0.538912226843251,0.0017911035172273144,5.305422796887076e-05,-0.00626043753127677,-0.12016670240342334,-0.003265585821500264,-0.004412545437797922,-0.0007514582424146732,-3.4009307289779376e-05,-0.3796730119715019,1.205511279836076,0.12641208996635006,0.22005082568691137,-0.3573808698803518,-0.06517157609216662,-0.06363947214629921,-4.083456693298126,-4.485012791904964,-1.0100724630083582,-0.00705000647823613,-0.0006798707550600288
2.37,0.017764297205309757,1.479388088314987,-0.9903871883674902,-0.5389470416187728,0.0017798069037525237,5.2648808449860654e-05,-0.009088540735992395,-0.10911054934844533,-0.0011468054901808966,-0.003481477552176817,-0.0011296613474790856,-4.054195190101104e-05,-0.37707707115680705,1.2708219268008858,0.13710760746617393,0.22285018009628432,-0.35578078770440147,-0.06424238614148828,-0.07739181913600535,-3.997472471755213,-4.468192052505423,-1.0029831593128935,-0.008907615885666877,-0.0007109003437137108
2.38,0.017645404779157863,1.4784127050819493,-0.9903764076901125,-0.5389721527100884,0.0017647633223703766,5.2179051052485864e-05,-0.011889242615189474,-0.09753832330377966,0.0010780677377749594,-0.0025111091315576915,-0.0015043581382147022,-4.6975739737479174e-05,-0.3737285905606898,1.3303189964054305,0.14643867817287606,0.22450009120557635,-0.35174348188341376,-0.06317031494980022,-0.09095574005533691,-3.911730197619512,-4.451468128089364,-0.9959379153347102,-0.010741460093525014,-0.0007414628239171334
2.39,0.017498843197928233,1.477557670180606,-0.9903424725469322,-0.5389872238864104,0.001746021518882835,5.164613299111255e-05,-0.01465615812296318,-0.08550349013434058,0.003393514318028107,-0.001507117632206104,-0.0018741803487541532,-5.329180613733155e-05,-0.36965598258290766,1.3837383804293697,0.15434043682445026,0.2249898665321597,-0.34528303696566565,-0.06195471505381295,-0.10430325146362925,-3.826631865402866,-4.434942216569231,-0.9889754426789913,-0.012545058608687093,-0.0007714728702765132
2.4,0.017325011892465672,1.4768270541822872,-0.9902846380493853,-0.5389919775638609,0.0017236436286158432,5.1051415694625955e-05,-0.01738313054625618,-0.07306159983187421,0.005783449754688604,-0.0004753677450410074,-0.0022377890266991984,-5.9471729648659086e-05,-0.3648880293860805,1.430841778858889,0.16075504139216823,0.2243141190004474,-0.3364312977531998,-0.060595633790896386,-0.11740724559210301,-3.7425762694376,-4.418715579993556,-0.9821342603134398,-0.014312066474620959,-0.0008008469829297179
2.41,0.01712436949105395,1.4762243537115118,-0.990202325033973,-0.5389861964068317,0.0016977048156145106,5.039643943373428e-05,-0.020064240141172043,-0.06027004707752884,0.008231301541232893,0.000578115702923611,-0.0025938813001332665,-6.549762608916806e-05,-0.35945352882413095,1.4714179298648808,0.16563207242203243,0.2224728118903494,-0.3252377869776575,-0.05909385415458682,-0.1302415010362119,-3.659957048461292,-4.402889070777119,-0.9754525070694622,-0.016036304306728946,-0.000829503885154955
2.42,0.01689743138596039,1.475752475493024,-0.9900951241391965,-0.5389697246480221,0.0016682928471063413,4.9682917041502525e-05,-0.022693810509356167,-0.047187821848784776,0.010720089477647979,0.0016471758809625296,-0.0029411968508169265,-7.135223922317521e-05,-0.3533809801004823,1.505283729567659,0.1689289007448618,0.21947128139201055,-0.31176946618412327,-0.05745092597014628,-0.14278068989495868,-3.5791607569051895,-4.387562652296812,-0.968967754638197,-0.017711787502331103,-0.000857364910404168
2.43,0.016644767256452572,1.4754137229815254,-0.9899627990492522,-0.5389424691180674,0.0016355076065073077,4.891272676725469e-05,-0.025266412950781792,-0.03387525114987017,0.013232508994432006,0.0027255529954691563,-0.0032785240599033515,-7.701902742478381e-05,-0.3466983141069599,1.5322852322247293,0.17061101935814627,0.21532023632167263,-0.29611033978671886,-0.055669186400011644,-0.15500038250624754,-3.500564975938651,-4.372834916260642,-0.9627168221768482,-0.01933275448789453,-0.0008843543765639826
2.44,0.016366998565950367,1.475209785651264,-0.9898052888784695,-0.5389043999770308,0.0015994605485464767,4.8087904309843875e-05,-0.02777686905022067,-0.02039373302613754,0.01575101707826966,0.0038069141036640845,-0.003604705796083103,-8.248224574108143e-05,-0.33943267215884637,1.55229852196526,0.17065233543539526,0.21003573462806813,-0.27836090435881,-0.05375176905454454,-0.16687705091635668,-3.4245364770247133,-4.358802599383959,-0.9567355936466764,-0.020893693869025155,-0.0009103999452906199
2.45,0.016064796048266602,1.4751417310102803,-0.989622709674863,-0.5388555511414796,0.0015602741003502068,4.721063408166651e-05,-0.030220251768376668,-0.006805464098372004,0.018257920360650947,0.004884883555115197,-0.003918644819626999,-8.772702281773659e-05,-0.33161023553895486,1.565230447800786,0.16903541863502827,0.2036391364054202,-0.25863744730252725,-0.05170260127505463,-0.17838807218867875,-3.351429450296098,-4.345560102016308,-0.9510588389989271,-0.02238937035195522,-0.0009354329643130243
2.46,0.01573887719511518,1.4752099993910652,-0.989415355025863,-0.5387960204024064,0.0015180810125573138,4.628323975966074e-05,-0.03259188531514228,0.00682683807848658,0.02073546489999967,0.005953073907332511,-0.004219308779289304,-9.273943220057698e-05,-0.3232561069343107,1.5710192143689528,0.16575170217011415,0.19615703319800737,-0.23707120106192026,-0.04952638946770155,-0.18951173260215706,-3.281583809469861,-4.333199011450937,-0.9457200403086707,-0.023814849308820468,-0.0009593887906516715
2.47,0.015390003754296038,1.4754144015557378,-0.9891836957542577,-0.5387259692308662,0.0014730236647331457,4.530817418386621e-05,-0.03488734408191412,0.020440216467265154,0.023165927160530286,0.007005117154016388,-0.00450573478241682,-9.750655757945274e-05,-0.3143942435324483,1.5696348217086422,0.1608016334425574,0.18762115347805164,-0.21380736095753639,-0.04722859267569657,-0.20022723371373016,-3.215323584291127,-4.321807632715854,-0.9407512239292768,-0.025165519862955663,-0.0009822070927607467
2.48,0.015018979245268462,1.4757541191396857,-0.9889283786975818,-0.5386456222698864,0.001425253329514659,4.428800866792197e-05,-0.03710245090275763,0.03397175839478004,0.02553170566759351,0.00803469609797896,-0.004777033521848647,-0.00010201655159442424,-0.30504744027867314,1.561079348315498,0.15419477145201446,0.17806824427514378,-0.18900397648813838,-0.04481538488942262,-0.21051470116242332,-3.152955410640682,-4.311470529687206,-0.9361827997020475,-0.02643711637478494,-0.001003832129670048
2.49,0.014626646496258743,1.4762277079430317,-0.9886502245695803,-0.5385552665129321,0.001374929400052038,4.322542178914239e-05,-0.039233274900971914,0.04735888033460266,0.027815412800145753,0.009035575695440976,-0.005032392946262112,-0.00010625868787795798,-0.2952373606150492,1.5453870727794234,0.14594982865077263,0.16753992902456716,-0.16283072753523165,-0.04229360687558531,-0.2203551969766483,-3.09476712747043,-4.302268079381857,-0.9320434082070127,-0.027625738213678402,-0.0010242130052819593
2.5,0.014213885204669473,1.4768331040644118,-0.988350224907914,-0.5384552501709874,0.001322218585416961,4.212318772854166e-05,-0.041276129158926866,0.06053961213800428,0.029999966166625154,0.010001634194470728,-0.005271081463507682,-0.0001102234060600731,-0.28498461095760097,1.5226244304484107,0.13609465542363547,0.1560825418252607,-0.13546759828713117,-0.039670708568235014,-0.22973073601247135,-3.0410264886585985,-4.29427604227392,-0.9283597769823678,-0.028727867706435914,-0.0010433038960697724
2.5100000000000002,0.01378160952041273,1.477567632856468,-0.9880295381179014,-0.5383459812321089,0.0012672940787252201,4.0984164233386133e-05,-0.043227568425674316,0.07345287920562632,0.03206867900126792,0.010926893887856622,-0.005492450669174085,-0.00011390234951555273,-0.274308854244937,1.4928898027867246,0.1246661659240943,0.1437469384017156,-0.10710346285322325,-0.03695468328071998,-0.23862430700113763,-2.991979996720051,-4.287565151439296,-0.9251565865724697,-0.02974038615888905,-0.0010610642505283533
2.52,0.01333076564991683,1.4784280206673222,-0.9876894846277607,-0.5382279257191109,0.00121033470277386,3.981128027655386e-05,-0.045084387049590065,0.08603878108541928,0.03400534901406523,0.011805551299792317,-0.005695937595136028,-0.00011728839568322714,-0.26322895712916056,1.4563131383840417,0.11171020458519379,0.1305882841921271,-0.07793459744765374,-0.03415399517265357,-0.2470198985215223,-2.9478518640831592,-4.282200723261488,-0.9224563471882856,-0.030660587853536186,-0.0010774589588481587
2.5300000000000002,0.012862329476986374,1.4794104093172011,-0.9873315411764674,-0.5381016056528464,0.0011515240380221648,3.860752348818757e-05,-0.04684361729304555,0.09823886498790618,0.035794345129339454,0.012632006626454662,-0.0058810664751695226,-0.00012037567883662901,-0.2517631647924646,1.4130554059133522,0.09728135323819403,0.11666582010320603,-0.04816313467607358,-0.03127750152771304,-0.2549025300404245,-2.908843106373488,-4.278242292331383,-0.9202792866809261,-0.031486191933204656,-0.0010924584914203856
2.54,0.012377304195449265,1.4805103732444822,-0.9869573342609128,-0.537967596730317,0.0010910495377532818,3.737592743585827e-05,-0.048502528153711026,0.10999639272811236,0.03742069155545387,0.013400892252936033,-0.006047450026888298,-0.0001231596052329302,-0.23992929696667356,1.363307880709183,0.08144267940012903,0.10204260662636688,-0.017995475859180488,-0.02833437146750227,-0.2622582879840168,-2.8751307708453004,-4.275743273042954,-0.9186432504392663,-0.03221535208852638,-0.001106039004935677
2.5500000000000003,0.011876717947614952,1.4817229392408289,-0.9865686327744978,-0.5378265257285866,0.0010291016352405155,3.6119558829727574e-05,-0.05005862478343134,0.12125659963465842,0.03887014864149999,0.014107100173047185,-0.006194790251276623,-0.00012563686061306948,-0.22774495851107882,1.3072912680304938,0.06426542693467585,0.08678524712761115,0.0123593225299784,-0.025334002744783694,-0.26907436662111145,-2.846867301796004,-4.274750650227077,-0.9175636137280083,-0.03284666397558703,-0.0011181824150121697
2.56,0.011361621461999635,1.4830426086809334,-0.9861673398745388,-0.537679067647144,0.0009658728477106069,3.4841504729025096e-05,-0.05150964856153164,0.13196694401045667,0.04012928999589942,0.014745808144257081,-0.006322878752990864,-0.00012780541007024804,-0.21522775786023823,1.2452546674626455,0.04582865092639932,0.07096359128069274,0.042691172335462935,-0.022285938221317112,-0.2753391133570854,-2.8241800435059794,-4.275304700977672,-0.9170532068839771,-0.03337917029952126,-0.0011288764344810774
2.57,0.010833085683542545,1.4844633821387925,-0.9857554841208731,-0.5375259426029695,0.0009015568818466491,3.354485982555634e-05,-0.05285357784570913,0.1420773457859017,0.041185575366562616,0.015312504417451123,-0.006431596586395779,-0.0001296644903468755,-0.20239552678062633,1.1774743842810065,0.02621879922915442,0.05465041977327978,0.07279057144854295,-0.01919978355767729,-0.2810420778605836,-2.8071708799878934,-4.277438749610337,-0.917122253687356,-0.03381236351013815,-0.001138114576669502
2.58,0.010292199389631697,1.4859787862695322,-0.9853352099327495,-0.5373679124940675,0.0008363477455064959,3.223271387894066e-05,-0.0540886293910848,0.1515404130739634,0.04202741881236576,0.015803010890197602,-0.006520913634015314,-0.000131214594661568,-0.18926653515726802,1.1042525949284068,0.005529243759352959,0.037921111539909624,0.10245020069522726,-0.016085127517353606,-0.28617406427761083,-2.795916009624581,-4.281178957455451,-0.917778323122247,-0.03414618606691039,-0.0011458961232500046
2.59,0.009740066785659687,1.4875819028236974,-0.9849087674154405,-0.5372057774486398,0.000770438870249162,3.090813937685854e-05,-0.05521326039720091,0.1603116554165333,0.04264425173089831,0.016213504542764726,-0.006590887525733383,-0.00013245745020821212,-0.17585969495301298,1.025915875026051,-0.01614023483345073,0.02085329495299293,0.13146648551382778,-0.01295146613251005,-0.2907271856336054,-2.790465851641228,-4.286544148928446,-0.9190262946386933,-0.03438102824288505,-0.0011522260564737151
2.6,0.009177805074516262,1.4892653996497167,-0.9844785016119674,-0.5370403720783588,0.0007040222491621836,2.95741794917729e-05,-0.05622617111434247,0.16834968260192987,0.043026580347314505,0.01654053702811246,-0.006641662108697839,-0.0001333959885085639,-0.1621947480228576,0.9428135995259671,-0.03868400495930694,0.003526484554007947,0.15964110895801786,-0.00980813179752664,-0.2946949193875194,-2.7908450803131175,-4.293545675042835,-0.9208683369274804,-0.03451772345027512,-0.0011571149558665386
2.61,0.008606541995365884,1.4910215635300534,-0.9840468412388352,-0.5368725615553552,0.0006372875943673879,2.823383640338742e-05,-0.05712630791503773,0.1756163880336653,0.04316603731321568,0.016781052300356113,-0.006673465479479569,-0.00013403430883854816,-0.14829243310112028,0.8553162257050393,-0.06199117970490134,-0.01397829496583114,0.18678246359847428,-0.00666422815872896,-0.2980721629865005,-2.7970527818685853,-4.302187315240044,-0.9233039001208617,-0.034557541084658215,-0.0011605788597441862
2.62,0.00802741332822224,1.4928423346874462,-0.9836162869677131,-0.5367032375335489,0.0005704215184510623,2.689006005352321e-05,-0.0579128667143644,0.18207711573927382,0.04305542711222055,0.01693240218063966,-0.006686607591632562,-0.0001343776349864209,-0.13417462798818602,0.7638134706757379,-0.08594624522939663,-0.03157889565847327,0.21270703104654792,-0.003528571462847978,-0.30085528817879553,-2.8090627282213045,-4.312465218108701,-0.9263297212380832,-0.03450217689979493,-0.0011626390921884967
2.63,0.00744156036218152,1.4947193427896857,-0.9831893993175165,-0.5365333139358011,0.0005036067439170395,2.5545737397139417e-05,-0.058585296604072024,0.18770081022394458,0.042688765019658986,0.016992359774783406,-0.006681477453402282,-0.00013443226563837957,-0.11986446372117525,0.6687123959350985,-0.11042971654421295,-0.04919244208085605,0.237240679049615,-0.0004096388214913649,-0.3030421927786315,-2.826823760965989,-4.324367881258468,-0.9299398426052858,-0.03435374094100722,-0.001163322056421474
2.64,0.006850127326674022,1.4966439442746406,-0.9827687862233468,-0.5363637226290682,0.0004370213445975737,2.4203682209898394e-05,-0.05914330355074973,0.1924601484954932,0.042061309416959174,0.01695913067328785,-0.006658539931946582,-0.0001342055187241023,-0.1053864082970639,0.570435412174975,-0.13531881500742965,-0.0667357338115031,0.26021986738317454,0.002684476347227268,-0.30463234854216686,-2.8502602785047024,-4.337876170304754,-0.9341256428961074,-0.034114743081717594,-0.0011626589958110324
2.65,0.006254258786699472,1.4986072608117744,-0.982357090350186,-0.5361954090102571,0.00037083802277687876,2.286662550898989e-05,-0.05958685399745502,0.19633165371338493,0.041169587316078,0.016831361881111593,-0.006618332182069491,-0.0001337056700908504,-0.09076631830543629,0.4694182181235962,-0.16048816167672345,-0.0841256524699816,0.2814927550604811,0.005746101624741238,-0.3056268438094343,-2.879272818741324,-4.352963376614994,-0.9388758803629599,-0.03378807622499664,-0.0011606857240394096
2.66,0.005655097004685319,1.5006002187122098,-0.9819569762201359,-0.5360293275258385,0.00030522342558564276,2.153720663988675e-05,-0.05991617820141523,0.19929579004353098,0.040011413005017524,0.016608148441850844,-0.006561459719123601,-0.00013294188691031413,-0.07603145760113925,0.36610768757137707,-0.1858104805467747,-0.10127957091986267,0.3009202026678535,0.008768015730967048,-0.3060284195940255,-2.913738729491124,-4.369595313169232,-0.9441767477603115,-0.03337699724962334,-0.0011574423262573738
2.67,0.00505377927330952,1.5026135890965182,-0.9815711172223229,-0.5358664371484552,0.00024033750401156927,2.0217965077318044e-05,-0.06013177313757987,0.20133703843084483,0.03858589978130052,0.016289037738339656,-0.006488592157407351,-0.00013192415625687078,-0.061210482886911985,0.2609597189476457,-0.21115730567612895,-0.11811576224005765,0.3183766648897112,0.011743471724925233,-0.3058414978597589,-2.9535129185995306,-4.387730447602027,-0.9500119384009807,-0.03288510579802221,-0.001152972833330177
2.68,0.004451435225321327,1.504638028627833,-0.981202182574368,-0.535707696833765,0.00017633291764096093,1.891133298402546e-05,-0.06023440479881932,0.202443953131474,0.03689346479549718,0.01587403146902571,-0.006400458637060834,-0.00013066320932925827,-0.04633339676723151,0.15443706185711037,-0.2363996862642485,-0.13455380600228595,0.3337509694903377,0.014666213610251801,-0.30507220081053743,-2.998428675744522,-4.4073200712230625,-0.9563627227348901,-0.03231632102126974,-0.0011473248715502143
2.69,0.003849184128038855,1.5066641206175793,-0.9808528243035604,-0.5355540609805995,0.0001133544879996012,1.761962856583062e-05,-0.0602251097282472,0.20260919897463545,0.03493582708075826,0.015363585316536489,-0.006297842964135973,-0.00012917044181948409,-0.03143146946496648,0.04700713485489867,-0.26140888387888045,-0.15051498936494057,0.34694698015343733,0.017530486777914817,-0.3037283601340724,-3.0482985580049635,-4.428308502564607,-0.9632080347973221,-0.03167485641390835,-0.0011405492904422122
2.7,0.0032481321717664838,1.508682416312065,-0.9805256643145995,-0.5354064749171853,5.153870309791509e-05,1.6345050256204e-05,-0.06010519562723713,0.2018295694485599,0.03271599889608104,0.014758606341425985,-0.0061815784901686115,-0.00012745783096266175,-0.016537130951875048,-0.06086015155836763,-0.2860570562595079,-0.16592270047382973,0.3578841416302936,0.020331042783188636,-0.30181951527935824,-3.1029153315022953,-4.450633323778026,-0.9705245678405205,-0.030965192888302226,-0.0011326997715152343
2.71,0.002649369762827407,1.5106834761703125,-0.980223281608999,-0.5352658704356856,-8.986724494007076e-06,1.5089671757913183e-05,-0.059876240893907674,0.200105985824755,0.030238270560058456,0.014060448149967698,-0.006052542759192216,-0.0001255378498290817,-0.0016838357262976874,-0.16869455319709759,-0.31021792241703444,-0.180702811684458,0.36649790660799636,0.0230631389912774,-0.2993569000083583,-3.16205296175519,-4.474225648002131,-0.9782868784385537,-0.030192050254444464,-0.001123832421018121
2.72,0.0020539688332192846,1.5126579109467952,-0.979948199719024,-0.5351331613966873,-6.810324401084892e-05,1.3855437963467002e-05,-0.05954009296081225,0.19744347764826728,0.027508188997496467,0.013270903899833712,-0.005911651951684184,-0.00012342337944461817,0.013094097127848656,-0.27602761879212995,-0.3337674041153918,-0.1947840501754965,0.37274004457371923,0.025722533644719832,-0.296353416640341,-3.2254676458128015,-4.499010415655636,-0.9864674983405373,-0.029360357286210184,-0.0011140053499277755
2.73,0.0014629801800501649,1.514596422397072,-0.9797028744163943,-0.5350092394244731,-0.0001257017955748755,1.2644161769995157e-05,-0.059098865316911976,0.19385114502767925,0.024532530262980166,0.012392197221423965,-0.005759855156402657,-0.00012112761934718455,0.027761665649069813,-0.3823947727641015,-0.35658423925733207,-0.20809835356233153,0.3765788337191769,0.028305476901642326,-0.29282359759833915,-3.2928988797372685,-4.524906717465608,-0.9950370533411895,-0.028475220568786378,-0.0011032782445400328
2.74,0.0008774308488779393,1.5164898434296334,-0.9794896817529668,-0.5348949697130203,-0.00018168308059915775,1.1457521797946704e-05,-0.05855493311722256,0.18934210325614234,0.02131926634275068,0.011426971145277806,-0.005598128502428226,-0.00011866399720484527,0.042283385285716416,-0.48733734286829306,-0.3785505631696966,-0.2205812082612364,0.37799913760842674,0.030808698376745526,-0.2887835540667086,-3.364070555575461,-4.551828141935278,-1.0039643884399556,-0.02754189233415673,-0.0010917119311385781
2.75,0.00029832157584403645,1.5183291775334629,-0.9793109064872797,-0.534791186961647,-0.00023595777244860987,1.0297061016597055e-05,-0.057910927303390286,0.18393341038294803,0.01787752656871431,0.010378275137332879,-0.0054274691849452135,-0.00011604607813496499,0.056623504419188564,-0.5904045223849652,-0.39955245432212777,-0.2321719684331991,0.377002368922976,0.033229391684874696,-0.28425091177199696,-3.4386920825767984,-4.579683144877629,-1.0132166985698439,-0.026565737501863432,-0.0010793679382867889
2.7600000000000002,-0.00027337569595038236,1.5201056373177957,-0.9791687309472222,-0.5346986914581106,-0.00028844666664215287,9.16418627286739e-06,-0.05716972717944188,0.17764597843328148,0.014217554005747843,0.009249550353637014,-0.0052488894193542975,-0.00011328747437296654,0.07074623169796442,-0.6911552575867016,-0.4194804415686712,-0.24281415351530855,0.37360634311332636,0.03556519644755429,-0.2792447341016717,-3.516459528062181,-4.608375438596025,-1.0227596641940917,-0.02555220015062731,-0.0010663080603195633
2.77,-0.0008367202100368709,1.5218106820082096,-0.9790652243752673,-0.5346182453257663,-0.0003390807702339055,8.060168713432245e-06,-0.05633445140864885,0.1705044690413812,0.010350657195487266,0.00804461323442209,-0.0050634103591752615,-0.00011040175594351447,0.08461597174510524,-0.7891600523386298,-0.4382299705914382,-0.2524557224952777,0.3678450252368393,0.03781417817644754,-0.27378543297223656,-3.5970567740120445,-4.637804398278311,-1.0325575910918945,-0.024506769652632588,-0.0010525939256068452
2.7800000000000002,-0.0013908046842313038,1.5234360537514002,-0.9790023327987036,-0.534550568950125,-0.0003878013303724149,6.986145083573196e-06,-0.0554084474194433,0.16253717431905548,0.006289157656371805,0.006767637564134549,-0.004872056013850939,-0.00010740236298590496,0.09819756585162674,-0.8840026828524059,-0.45570182782150354,-0.26104932329064434,0.35976817365593816,0.03997480639872557,-0.2678946680458173,-3.680156686103415,-4.667865483185239,-1.0425735536829193,-0.02343494670627465,-0.0010382865731181014
2.79,-0.0019347574765336425,1.524973812589673,-0.978981869463195,-0.5344963375988341,-0.00043455980240218734,5.94311987978471e-06,-0.05439527923023388,0.15377588382728757,0.0020463335508612906,0.005423135129090451,-0.004675847202977248,-0.00010430252037884858,0.11145653437260811,-0.9752818168022582,-0.47180252071706813,-0.26855251577666905,0.3494408846222257,0.042045931339936976,-0.26159523506871674,-3.7654222925709844,-4.698450670255202,-1.052769541273115,-0.022342209504859954,-0.0010234460407383197
2.8000000000000003,-0.002467744613778095,1.5264163699752091,-0.9790055058638295,-0.5344561782477555,-0.00047931775823857,4.931968326809807e-06,-0.05329871372444527,0.14425573855360208,-0.0023636400634549463,0.0040159351078565145,-0.004475795583638269,-0.00010111515529749028,0.12435931769291896,-1.0626125321966748,-0.48644461386276827,-0.2749279672553655,0.3369430420950569,0.04402675943246476,-0.2549109442637158,-3.8525079708817143,-4.729448897812677,-1.063106606640517,-0.021233980278122636,-0.0010081309686728324
2.81,-0.0029889716680562978,1.5277565207034318,-0.9790747634036446,-0.5344306666244423,-0.0005220467361125996,3.953440143636712e-06,-0.05212270542782023,0.13401507282227385,-0.0069257539815147234,0.002551162331322171,-0.004272897787402957,-9.78528183173095e-05,0.13687351281826282,-1.14562773256289,-0.4995470209322543,-0.2801436193593325,0.32236867744015285,0.04591682787274802,-0.24786648984745605,-3.9410606407826956,-4.760746517154369,-1.0735450164182423,-0.020115592440503788,-0.0009923982211323176
2.82,-0.003497685466653322,1.52898747315422,-0.9791910057054859,-0.5344203244789447,-0.0005627280331438651,3.0081640570823064e-06,-0.050871379859702415,0.12309524507881048,-0.011624230184131593,0.0010342145497550272,-0.004068129703126561,-9.452760865544055e-05,0.14896810286478784,-1.2239794561223538,-0.5110352530931361,-0.2841728256386178,0.3058252439436563,0.047715978411192794,-0.240487311863331,-4.030720962796741,-4.792227749891499,-1.084044402771687,-0.018992258574992434,-0.0009763025293132639
2.83,-0.003993175622137553,1.5301028777391708,-0.9793554315990137,-0.5344256170905145,-0.0006013524425537326,2.0966530159820734e-06,-0.049549015548423114,0.11154045849507992,-0.016442589352782283,-0.0005292611569826153,-0.0038624409409867486,-9.115110411002329e-05,0.1606136769601063,-1.2973400776951463,-0.5208416249357524,-0.2869944593234077,0.28743281135797394,0.04942433052385989,-0.23279945161769103,-4.1211245416888564,-4.823775149045221,-1.0945639159070257,-0.01786903947405235,-0.0009598961584855963
2.84,-0.0044747758703161085,1.5310968534625484,-0.979569068800759,-0.5344469510174376,-0.0006379199376754023,1.219310053756385e-06,-0.04816002481785558,0.09939757233776775,-0.021363720174533023,-0.0021333926923061673,-0.003656749512166972,-8.773429622256882e-05,0.1717826383214897,-1.3654034030556539,-0.5289054194700806,-0.28859299096764346,0.26732318597930116,0.051042254086397246,-0.22482940208233865,-4.211903134801424,-4.8552700620213605,-1.1050623769875347,-0.016750814449891006,-0.0009432286017712228
2.85,-0.0049418652049914216,1.5319640125128628,-0.9798327683013831,-0.5344846720959253,-0.0006724393052481927,3.764347422837513e-07,-0.046708933467531306,0.08671590503144717,-0.02636995006240958,-0.0037721078487770766,-0.0034519367572790325,-8.428753114726337e-05,0.18244939853669123,-1.4278856563518865,-0.5351730141293841,-0.28895853595880094,0.24563896204190427,0.05257034164780855,-0.21660395467926866,-4.302685865449322,-4.886593093726309,-1.1154984310720197,-0.015642253115226667,-0.0009263463029479564
2.86,-0.005393868799814746,1.5326994828111573,-0.9801471994707456,-0.534539063692741,-0.0007049277307981861,-4.3176982436559896e-07,-0.045200359482332426,0.07354702982943605,-0.03144311693625139,-0.005439159681562774,-0.0032488425549993464,-8.082045666493502e-05,0.1925905563325979,-1.4845263619903815,-0.539597970073911,-0.28808687206753625,0.22253251050438472,0.05400938038502181,-0.20815004389496114,-4.39310044177405,-4.917624568224808,-1.1258306997249512,-0.014547788822959576,-0.000909292410346005
2.87,-0.005830258709011018,1.533298928450976,-0.9805128458880594,-0.5346103452150379,-0.0007354103392030969,-1.2051895816507467e-06,-0.043638990919627155,0.059944563981869176,-0.03656464173138388,-0.007128152229692307,-0.0030482608404910723,-7.734197572851478e-05,0.2021850593708439,-1.5350891230648869,-0.5421410873626059,-0.2859794274638592,0.1981649115961407,0.05536032380741779,-0.19949459118230897,-4.482774381574388,-4.948244987478344,-1.1360179329799032,-0.013471593938955062,-0.0008921065636221294
2.88,-0.006250554340328824,1.5337585679735977,-0.9809300019013267,-0.5346986708797543,-0.0007639196938132436,-1.9437916503675106e-06,-0.04202956313178063,0.04596395226216336,-0.04171560132673003,-0.00883256647163859,-0.0028509354610146676,-7.386020687167637e-05,0.21121434785325766,-1.579362298965644,-0.5427704287863548,-0.28264323980591843,0.17270483778455314,0.05662426327502791,-0.190664349599771,-4.5713362436594505,-4.978335485837143,-1.1460191603659875,-0.012417557106706728,-0.0008748247149029291
2.89,-0.006654322695231515,1.534075190430412,-0.9813987699174231,-0.534804128743841,-0.0007904952577503921,-2.647616167902902e-06,-0.04037683549026907,0.031662245681434775,-0.04687680160964146,-0.01054578640866581,-0.0026575563937148504,-7.038245175353918e-05,0.21966247894897878,-1.6171595852424239,-0.5414613152987373,-0.2780908872324579,0.1463273941128852,0.05780239939288655,-0.18168575061125325,-4.658416866207821,-5.007778279085846,-1.155793840730488,-0.011389262646183269,-0.0008574789854866686
2.9,-0.007041178373073463,1.5342461691922777,-0.981919058421635,-0.5349267399956076,-0.0008151828212297951,-3.3167678684074238e-06,-0.03868556778419479,0.017097876186576783,-0.05202885042118742,-0.012261125176657634,-0.002468756347940305,-6.691517005045219e-05,0.2275162312669768,-1.6483204991109779,-0.5381962960733365,-0.27234039223227935,0.11921292313612919,0.05889601334713427,-0.17258475442828977,-4.743650612465966,-5.036457106960262,-1.1653020106094145,-0.010389972211886277,-0.0008400975589854994
2.91,-0.007410783337782582,1.5342694734733051,-0.982490580723158,-0.5350664585065541,-0.0008380338989461486,-3.951407486823708e-06,-0.03696049647091189,0.002330428102732691,-0.05715223015230292,-0.013971851094653182,-0.0022851077716353457,-6.346396184162838e-05,0.234765188789826,-1.672710774187224,-0.5329650962304465,-0.2654150995466873,0.09154578194369423,0.05990643825664888,-0.1633867052202082,-4.826676623883632,-5.0642576681581115,-1.174504430910889,-0.009422608817268927,-0.0008227046114798537
2.92,-0.007762846447380682,1.5341436775437636,-0.983112854421033,-0.5352231706422128,-0.000859105101729906,-4.551743062518523e-06,-0.03520631095981005,-0.012579592954145487,-0.06222736978750899,-0.015671213565871787,-0.0021071202783757336,-6.003355756948152e-05,0.24140180385661864,-1.6902226681145738,-0.52576454523609,-0.2573435293837676,0.06351309899344493,0.060835030624744435,-0.15411619244994107,-4.9071400804676335,-5.091068046957939,-1.183362731683841,-0.00848974331438581,-0.0008053202789467054
2.93,-0.00809712274850229,1.5338679676137326,-0.9837852015832166,-0.5353966953297574,-0.0008784574868153313,-5.118021218405445e-06,-0.03342763011216077,-0.027570993003101448,-0.06723471621835314,-0.017352468754464934,-0.001935238508542537,-5.662781558869216e-05,0.24742143893403545,-1.7007751867231045,-0.516598488871713,-0.24815920735239505,0.03530351868484827,0.061683141990405047,-0.14479691951481738,-4.984693467745036,-5.116779130636697,-1.1918395547464502,-0.007593583399156429,-0.0007879606619159073
2.94,-0.008413412539906278,1.5334421463757013,-0.9845067496299446,-0.5355867843794417,-0.0008961558911651161,-5.650518490915897e-06,-0.03162897914039881,-0.042582123803125066,-0.07215480467279768,-0.0190089049684326,-0.0017698404349784837,-5.324972725104526e-05,0.2528223870464269,-1.7043142282328854,-0.5054776875199338,-0.23790047260790192,0.00710594176092294,0.06245209089642104,-0.1354515807846318,-5.058997849268513,-5.141285016936488,-1.199898693945066,-0.006735965194099017,-0.0007706378670061934
2.95,-0.008711560210800117,1.5328666352006235,-0.9852764329112351,-0.5357931230563013,-0.0009122682523680413,-6.149532784983832e-06,-0.02981476708938395,-0.05755111750778615,-0.07696832812906068,-0.020633867685960608,-0.001611236120292518,-4.99014294067935e-05,0.2576058708492668,-1.7008126508003079,-0.49241970330368323,-0.22661026578454369,-0.020891730258432162,0.0631431353108924,-0.126101748035112,-5.1297241430790885,-5.164483410874271,-1.2075052328051727,-0.005918347441995313,-0.0007533600846968219
2.96,-0.008991452861601523,1.5321424739879577,-0.9860929949672603,-0.5360153308979889,-0.0009268649216661572,-6.615375026367795e-06,-0.027989265080140675,-0.07241612126658717,-0.0816562056025224,-0.022220784168761134,-0.0014596669298115926,-4.658422413839635e-05,0.2617760204286188,-1.6902702664156388,-0.4774487783666762,-0.21433589835466638,-0.048503838352849105,0.06375744566291067,-0.11676776717484617,-5.1965543999737385,-5.1862760102153524,-1.2146256793216617,-0.005141808325820222,-0.0007361317024042515
2.97,-0.009253018716535234,1.5312713186760298,-0.9869549914593796,-0.5362529627741061,-0.0009400179736768057,-7.048361081166436e-06,-0.026156585493371073,-0.08711553119277456,-0.0861996492119222,-0.023763187611711152,-0.0013153052010648407,-4.3298605479864046e-05,0.26533982999504946,-1.6727137638081007,-0.4605957063026484,-0.20112880507059128,-0.07554818873613933,0.06429607867573306,-0.1074686660589864,-5.259183080816512,-5.206568878942097,-1.2212280976165546,-0.004407044912547048,-0.0007189534516575159
2.98,-0.00949622533919243,1.5302554364246714,-0.987860793758839,-0.5365055101819374,-0.0009518005173534308,-7.4488040093193214e-06,-0.02432066226571951,-0.10158822513584159,-0.09058022994593354,-0.025254740783132563,-0.0011782543676625086,-4.0044292815288534e-05,0.2683070937176312,-1.6481965626119048,-0.4418976984210937,-0.1870442811910964,-0.10184724687395863,0.06475995220709918,-0.09822207407454496,-5.317318329493199,-5.225272808045127,-1.2272822361690037,-0.003714375201229873,-0.0007018225879027856
2.99,-0.009721077663856003,1.5290976984875617,-0.9888085931794701,-0.5367724027730809,-0.0009622860126787895,-7.817006715261588e-06,-0.02248523246635729,-0.11577379371096604,-0.09477994206312094,-0.026689259114353985,-0.0010485495325358713,-3.682027059422668e-05,0.27069032101639495,-1.6167986006111998,-0.4213982462035104,-0.17214120618179418,-0.12722929476006173,0.06514982133202712,-0.08904415407069591,-5.370683237451473,-5.242303662945982,-1.232759652295425,-0.003063742739170698,-0.0006847331012186708
3.0,-0.009927615857005469,1.5278015707970918,-0.9897964058401415,-0.537053010105088,-0.0009715475975064497,-8.153255054762592e-06,-0.020653819314946566,-0.12961276904700306,-0.09878126606713898,-0.028060733200705894,-0.000926158482766022,-3.36248339501003e-05,0.2725046317039499,-1.578626055424705,-0.39914698095361095,-0.15648175556715227,-0.15152954365463223,0.06546625592923894,-0.07994954709391197,-5.4190170951027055,-5.257582716829897,-1.2376338325277483,-0.0024547237540868063,-0.0006676759559905291
3.0100000000000002,-0.010115913024949524,1.5263711022898978,-0.9908220781421891,-0.5373466436118762,-0.0009796574288632013,-8.457811452375763e-06,-0.01882971679440549,-0.14304685071939216,-0.1025672302047609,-0.02936335067882145,-0.0008109831356751717,-3.0455639761317096e-05,0.27376763144370175,-1.533811001527644,-0.3751995312803073,-0.1401311026122123,-0.17459119479578278,0.06570962005753164,-0.07095133027261386,-5.462076624700044,-5.271036969126779,-1.2418803085058205,-0.001886536735074123,-0.0006506393573759225
3.02,-0.01028607278498035,1.5248109110065524,-0.9918832928465584,-0.5376525587863462,-0.000986686042898246,-8.730909078915496e-06,-0.017015976003082644,-0.15601912833454665,-0.10612147043692625,-0.030591517446998638,-0.0007028614035044567,-2.7309762653973335e-05,0.2744992680769114,-1.4825110030544617,-0.3496173786992711,-0.12315711144024455,-0.19626644098262314,0.06588005342997841,-0.062060988079953756,-5.499637188661557,-5.282599448329608,-1.2454767679667462,-0.0013580543808822268,-0.0006336090421956914
3.0300000000000002,-0.01043822671878923,1.5231261680042703,-0.992977575734884,-0.5379699575683112,-0.0009927017375169548,-8.972746633017319e-06,-0.015215393380887988,-0.1684743002282127,-0.10942828883255801,-0.031739878196496506,-0.0006015694618708656,-2.4183755410182282e-05,0.27472166946799853,-1.4249086423898507,-0.3224677112781986,-0.10563002319116777,-0.21641740239303808,0.06597745531528765,-0.053288397086951274,-5.5314939666901,-5.2922094982852,-1.2484031603804753,-0.0008678178206222327,-0.0006165685917071537
3.04,-0.01057253172811466,1.5213225791269476,-0.9941023028381992,-0.5382979909305309,-0.0009977699815698596,-9.183483765194993e-06,-0.013430500932543124,-0.18035888773226033,-0.11247271033152187,-0.0328033362219684,-0.0005068244052904919,-2.1073713217767404e-05,0.27445896362978484,-1.36121098415513,-0.29382327491447724,-0.0876221367443577,-0.2349169905404198,0.06600147120852445,-0.04464182420219417,-5.557463094464293,-5.299813047034343,-1.2506417967480203,-0.00041405299957227146,-0.0005994997635589306
3.0500000000000003,-0.01068916731369787,1.5194063646824192,-0.9952547082163691,-0.5386357616553196,-0.0010019528542836102,-9.36323717694904e-06,-0.011663558558320901,-0.19162144445284746,-0.11524053781698873,-0.03377707247886467,-0.0004182872713750612,-1.7975341175404727e-05,0.273737082020333,-1.2916489738384338,-0.26376222150879225,-0.06920748549517786,-0.2516496948822665,0.06595148262476333,-0.03612793827938867,-5.577382756150525,-5.305362857219985,-1.252177443047514,5.310888745228875e-06,-0.0005823828400918385
3.06,-0.010788332799581529,1.517384237082535,-0.9964318922706574,-0.5389823272938656,-0.0010053085184220784,-9.51207742147428e-06,-0.009916548588365897,-0.20221275998842306,-0.11771840542883753,-0.03465656385461118,-0.00033556641384682083,-1.4884024452523978e-05,0.27258354705190807,-1.216476770013393,-0.232367953001531,-0.05046151161118351,-0.26651228726554543,0.06582660037138027,-0.02775183486107536,-5.591114222525183,-5.308818757025486,-1.2529974067847067,0.0003926210535321033,-0.000565196990038263
3.0700000000000003,-0.010870244525590142,1.5152633765075427,-0.9976308305710462,-0.5393367033000532,-0.0010078907304546683,-9.630026426428107e-06,-0.008191172600861349,-0.21208605749922485,-0.1198938300388746,-0.03543760061875697,-0.0002582212032589976,-1.1794900495382738e-05,0.2710272450202152,-1.1359710088500794,-0.19972895997257656,-0.03146073912092362,-0.279414440117988,0.06562566164837794,-0.019517073716770007,-5.598542826110981,-5.31014785055249,-1.2530916160795786,0.000750478979519003,-0.0005479206405842149
3.08,-0.010935133031459116,1.513051404662328,-0.998848383179005,-0.5396978663302053,-0.0010097483907870112,-9.717055753123623e-06,-0.0064888505868974326,-0.22119718452146786,-0.12175526079588378,-0.03611630301521023,-0.00018576603323429983,-8.702932669551539e-06,0.26909818584730333,-1.0504299994492259,-0.16593865326520246,-0.012282447165094634,-0.29027925505966257,0.06534723131341838,-0.011425728727669103,-5.599578864432356,-5.309324706502702,-1.2524526907004794,0.0010817166688403747,-0.0005305318566946417
3.09,-0.010983240256518163,1.5107563566983275,-1.000081304445347,-0.5400647576997771,-0.0010109251368781746,-9.77308560046785e-06,-0.004810722505904606,-0.22950479640005061,-0.12329212663419875,-0.03668913695718102,-0.00011767460911632994,-5.602984734422671e-06,0.2668272512309799,-0.9601728484362626,-0.13109518690946037,0.006995655371207832,-0.29904369940298625,0.064989607620529,-0.003478449569088062,-5.594158422291592,-5.306331523991044,-1.2510760044424143,0.0013893714066194344,-0.0005130087245640792
3.1,-0.011014816779068091,1.5083866513813864,-1.001326253261587,-0.540436286987604,-0.0010114589818295454,-9.79798455603549e-06,-0.003157652254992865,-0.23697053169410723,-0.1244948816239938,-0.0371529287826942,-5.3384495137081633e-05,-2.4898955567639433e-06,0.26424593300313615,-0.8655385122344704,-0.0953012704562933,0.02629575263521433,-0.30565894881592026,0.0645508327087759,0.004325465452857866,-5.58224410386962,-5.301158274292551,-1.2489597382378397,0.0016766592112795334,-0.0004953297360416407
3.11,-0.011030119119604026,1.5059510595924772,-1.0025798037418394,-0.5408113357778599,-0.0010113820007845843,-9.791570090909345e-06,-0.001530234053593398,-0.24355917889091533,-0.1253550480252386,-0.037504879025585754,7.698104496109255e-06,6.414465126144001e-07,0.2613860637126241,-0.7668847755050971,-0.05866396873281765,0.04554024087171582,-0.3100906352270896,0.06402870806766453,0.011987986140870538,-5.5638256654709455,-5.2938028173128915,-1.2461049233872623,0.0019469471359573269,-0.00047747417089191675
3.12,-0.011029407131820115,1.5034586712550138,-1.003838456310746,-0.5411887615293989,-0.001010720067226239,-9.753609789379118e-06,7.119877839108701e-05,-0.24923883374635147,-0.12586525689066846,-0.037742575153896,6.61933558345408e-05,3.7960301530225884e-06,0.2582795416577168,-0.6645871543939412,-0.02129448696162438,0.0646520426888948,-0.31231899983561906,0.0634208151482529,0.019512257531119848,-5.538920539867756,-5.284270991574847,-1.242515474303869,0.0022037245917603462,-0.00045942247379130796
3.13,-0.011012941504870997,1.5009188607894628,-1.0050986491712124,-0.5415674015616451,-0.001009492641000168,-9.683823299312165e-06,0.0016465626949117849,-0.2539810465550941,-0.1260192860466335,-0.03786400322462022,0.00012274262260710363,6.978649006695369e-06,0.2549580527902562,-0.5590377234618885,0.01669206082217594,0.08355491550515426,-0.3123389518355063,0.06272454122057516,0.0269024982798454,-5.507574243459449,-5.272576676531443,-1.238198210181905,0.0024505738670266754,-0.00044115662302228833
3.14,-0.010980981399656718,1.4983412512030436,-1.0063567701238598,-0.5419460771456551,-0.0010077126096269126,-9.581884984027755e-06,0.003196010521427973,-0.25776095864192305,-0.12581209526474252,-0.03786755840100739,0.0001780031373255489,1.0193831528440981e-05,0.2514527920880843,-0.45064386549825475,0.05517690209136102,0.10217375318700517,-0.3101600341570021,0.06193711049635518,0.03416389124585138,-5.469860657854835,-5.258741826052032,-1.2331628650231121,0.002691140019251236,-0.0004226604879153529
3.15,-0.010933782240937722,1.4957356769294683,-1.0076091687080824,-0.5423235976884162,-0.0010053861841943298,-9.447427251844584e-06,0.004719915871899659,-0.2605574273575402,-0.12523985842225224,-0.03775205427610704,0.00023264254325828563,1.34457732183172e-05,0.2477941871348182,-0.33982694381919304,0.09403787683157996,0.12043487994809898,-0.3058062981508729,0.061055620449833314,0.04130246724784363,-5.425882178006718,-5.242796471980977,-1.2274220854895586,0.002929100318006745,-0.0004039201721988189
3.16,-0.010871593685876566,1.4931121455408771,-1.0088521686324385,-0.542698764997858,-0.0010025128508422902,-9.280044535146229e-06,0.0062188555061155415,-0.26235313885910677,-0.12429999243561178,-0.03751673094418125,0.00028733333520395516,1.673827166983547e-05,0.24401162674578097,-0.2270208971356485,0.1331497310458844,0.13826633561116305,-0.2993160896795203,0.06007708317305613,0.04832498300779565,-5.375769719683804,-5.224778696740585,-1.2209914160948916,0.0031681334180771953,-0.0003849243405489087
3.17,-0.010794657788149949,1.4904807984612984,-1.0100820804598372,-0.5430703776154581,-0.0009990853785639955,-9.079297886828213e-06,0.007693589772661736,-0.2631347079578582,-0.1229911827398626,-0.03716126176000941,0.0003427472278294655,2.0074664831801466e-05,0.2401331975272204,-0.11267075763078888,0.17238443438861945,0.1555981513941963,-0.29074174952413334,0.05899847150199297,0.05523879431058454,-5.319682579850545,-5.204734574040206,-1.2138892712994755,0.0034118884422191533,-0.0003656645257847971
3.18,-0.010703207375090775,1.4878518708180546,-1.0112952145106084,-0.5434372352027096,-0.0009950898837513638,-8.844720158351983e-06,0.009145041305917435,-0.26289276432438513,-0.12131340507713627,-0.03668575872514886,0.0003995494812631849,2.3457772847623093e-05,0.23618543124398358,0.002768906489964909,0.21161152333439248,0.17236261539713027,-0.280149231357399,0.05781676954805465,0.062051725415814635,-5.257808144438967,-5.182718076862449,-1.2061368941379786,0.00366395415255791,-0.0003461354143236751
3.19,-0.010597464653423249,1.4852356505744841,-1.0124878939441149,-0.5437981429671089,-0.0009905059516048663,-8.575821720326882e-06,0.010574272166752734,-0.26162202435705073,-0.11926794335064737,-0.036090776439930666,0.0004583932146497324,2.6889843802510065e-05,0.23219306579341675,0.11883562202750708,0.2506984710102262,0.18849452703137182,-0.26761764076828587,0.0565290271676058,0.0687719357502653,-5.1903614390315145,-5.158790952024281,-1.1977583010804438,0.003927828388705308,-0.00032633510769688903
3.2,-0.010477640057067828,1.4826424370940734,-1.0136564679770819,-0.5441519161127136,-0.000985306814210216,-8.272096683556014e-06,0.011982459635542035,-0.25932134804106477,-0.11685740329670877,-0.035377314560474424,0.0005199137394650375,3.0372503677086773e-05,0.22817882243644963,0.23506071270925738,0.2895110845063083,0.20393143966555027,-0.2532386989579737,0.05513241780415162,0.07540778488926039,-5.117584519123503,-5.133022560755199,-1.1887802129093734,0.004206887949343691,-0.000306265358127418
3.21,-0.010343931348246153,1.4800824992925194,-1.014797325194349,-0.5444973842997273,-0.0009794595847548743,-7.933029575796216e-06,0.013370870882167499,-0.25599378015540414,-0.11408572172669812,-0.034546818701366194,0.0005847229455341593,3.390671077597992e-05,0.22416320172063633,0.3509710685293489,0.3279139301309931,0.21861389079800264,-0.23711613476395066,0.05362429904466487,0.08196769680332765,-5.039745697887706,-5.105489684895482,-1.1792319714852288,0.00450435909234018,-0.0002859317763786343
3.22,-0.010196522980742067,1.4775660335402956,-1.0159069069052877,-0.5448333960969964,-0.0009729255470163304,-7.558102427072858e-06,0.014740836750408666,-0.25164657522239603,-0.11095817109387737,-0.03360117972691205,0.0006534037738543984,3.749271487233582e-05,0.220164300248257,0.46609097821712003,0.3657707866848814,0.23248561912330112,-0.21936500862586672,0.05200227515002595,0.08846002430408303,-4.957138610710439,-5.076276298493859,-1.1691454423702972,0.004823288826517635,-0.00026534401030154286
3.23,-0.010035585731710888,1.4751031214838892,-1.0169817204967546,-0.5451588234107676,-0.0009656604989017637,-7.146802214233031e-06,0.01609372490311797,-0.2462912056406279,-0.10748135914669943,-0.032542731377111916,0.0007265048114566702,4.113002128398261e-05,0.21619765010203304,0.5799440196949454,0.4029451264187899,0.2454937678978122,-0.2001109720010784,0.05026426074601181,0.09489291457183133,-4.870081117194253,-5.04547330477415,-1.158554903385157,0.005166517166065203,-0.0002445158927298621
3.24,-0.009861276605914794,1.4727036879589286,-1.0180183527311641,-0.5454725658725549,-0.0009576151484559153,-6.698628613492415e-06,0.01743091257960941,-0.23994335249607204,-0.10366322344095064,-0.03137424617872641,0.0008045350445848416,4.481736007406164e-05,0.2122760823539762,0.6920550025230615,0.4393006228969041,0.2575890740664586,-0.1794894655961753,0.04840854480212087,0.10127417658890339,-4.7789140428119445,-5.013178238643593,-1.1474969192820041,0.005536650516267983,-0.00022346555759649074
3.25,-0.009673739013738686,1.4703774591728391,-1.0190134829361428,-0.5457735551685254,-0.0009487355603821652,-6.213102008010655e-06,0.018753759217610758,-0.23262287860895542,-0.09951302049786459,-0.030098929597059447,0.0008879588073750167,4.8552660548176024e-05,0.20840961566316446,0.8019519554610386,0.4747016845332499,0.26872604265423217,-0.15764485963036534,0.046433853981431294,0.10761115123933528,-4.683999763932037,-4.979494935129528,-1.1360102028336305,0.005936036356777058,-0.0002022155233687039
3.2600000000000002,-0.009473103221848907,1.46813392133839,-1.0199638960302857,-0.5460607592924289,-0.000938963650743069,-5.689771696001548e-06,0.020063579188977797,-0.22435378344491222,-0.09504130941429173,-0.028720412390345732,0.0009771909639096157,5.2333031200910686e-05,0.20460537053490702,0.9091681514122846,0.509014012096191,0.27886310599614816,-0.13472953922179698,0.04433941441179756,0.11391058476961893,-4.58572064149886,-4.944533164354524,-1.1241354627545865,0.006366739386015881,-0.00018079274312040407
3.27,-0.009259487072935644,1.4659822799424083,-1.020866495327827,-0.5463331867037882,-0.0009282377271236877,-5.128224243536433e-06,0.02136161489132638,-0.21516413959815983,-0.09025992975412371,-0.027242741135922514,0.0010725923619381383,5.6154745246511554e-05,0.20086750938602801,1.013244161172118,0.542105178002936,0.2879627674260101,-0.11090293792051686,0.042125010914525196,0.12017850623942372,-4.484477310221044,-4.908408233890969,-1.1119152389906548,0.006830519287469765,-0.00015922862077615864
3.2800000000000002,-0.009032996968664109,1.463931419835993,-1.0217183150636011,-0.5465898903728447,-0.000916493071157359,-4.5280919250286316e-06,0.022649010427153473,-0.20508601064153564,-0.08518197357740091,-0.025670366905649344,0.001174465596632875,6.001323185078015e-05,0.19719720216089975,1.1137299265844067,0.5738452247518635,0.2959917291049594,-0.08633052243582906,0.03979104272310818,0.12642010952814378,-4.380686831678671,-4.871240559572787,-1.0993937260326265,0.0073288102754516075,-0.0001375589932719736
3.29,-0.008793729107780214,1.4619898663336646,-1.0225165325785488,-0.5468299716936175,-0.0009036625599331258,-3.889061193397379e-06,0.02392678608838956,-0.1941553502328397,-0.07982175149476592,-0.024008132077276714,0.0012830511224233227,6.390307316312531e-05,0.19359261689103385,1.2101868429346383,0.6041072793727633,0.3029210037398924,-0.06118273174997735,0.03733857473500185,0.1326396404055579,-4.2747807212808615,-4.833155206082235,-1.0866165850290221,0.007862702574359628,-0.00011582407858081058
3.3000000000000003,-0.0085417709692974,1.4601657475089793,-1.0232584801052487,-0.5470525842464036,-0.0008896773224313848,-3.2108811211126334e-06,0.025195813848281425,-0.182411882468517,-0.07419475266998295,-0.022261255278607815,0.0013985237501740922,6.781800722847453e-05,0.19004893430701947,1.3021898396840859,0.6327681803253766,0.30872601000267164,-0.03563387410100205,0.03476938336234203,0.13884028912543814,-4.167202860469302,-4.794281398871942,-1.073630745588201,0.008432925981290173,-9.40683897463166e-05
3.31,-0.008277203028849562,1.4584667578731427,-1.0239416560925676,-0.5472569373911265,-0.0008744674267744317,-2.4933717527368028e-06,0.026456794044783818,-0.16989896358365547,-0.06831759873189025,-0.020435314472291834,0.0015209895656953035,7.175093683758308e-05,0.18655838541162278,1.3893294479907194,0.6597091128519997,0.3133866515068524,-0.009860985768525565,0.03208599607941737,0.1450240889621475,-4.058407306947358,-4.7547520092241555,-1.060484198271675,0.009039835656973236,-7.234061525597128e-05
3.3200000000000003,-0.008000100694639141,1.4569001236210344,-1.0245637360085584,-0.5474422996731347,-0.0008579625937367342,-1.7364323092306638e-06,0.027710233421042188,-0.1566634252108337,-0.06220799159908016,-0.01853622820082208,0.0016504833037697506,7.569394435061388e-05,0.18311031081841242,1.4712138428770396,0.684816248386925,0.31688737928768784,0.01595734378079694,0.02929172380747419,0.1511918210842762,-3.948856016997032,-4.714703014488734,-1.0472257788857242,0.009683400284155938,-5.0693466265563794e-05
3.33,-0.007710536447940025,1.4554725696257478,-1.025122582561213,-0.547608002023372,-0.0008400929316414261,-9.400491842095218e-07,0.02895642466991158,-0.14275539952866878,-0.05588465526545238,-0.016570235023730832,0.001786966209530811,7.96383125021142e-05,0.17969124065753936,1.5474708474083847,0.7079813832705664,0.31921723776384514,0.04164217504462375,0.026390685328408714,0.15734292614809953,-3.8390164951061316,-4.6742729357764965,-1.0339049457761047,0.01036319272557411,-2.9183491361295356e-05
3.34,-0.007408582171824102,1.4541902883582172,-1.0256162552776342,-0.5477534407352914,-0.000820789687480166,-1.0430367255546534e-07,0.030195427611592256,-0.1282281267530508,-0.04936727164213693,-0.014543871191938371,0.001930324416126008,8.357455116540564e-05,0.17628499394821517,1.6177498858427712,0.7291025716960708,0.3203698942342674,0.06701544365210355,0.02338782298038128,0.1634754229983706,-3.729359387145833,-4.633602255613077,-1.020571551419224,0.011078383305308382,-7.870859715331793e-06
3.35,-0.0070943116506528865,1.4530589109027277,-1.0260430193836407,-0.5478780802014678,-0.0007999860088385054,7.706206276518948e-07,0.03142705211712157,-0.11313774554894471,-0.04267641060065445,-0.012463946617638917,0.0020803678641660695,8.749243002073602e-05,0.1728727965280762,1.6817238724205787,0.7480847475579636,0.3203436519862377,0.09190120020849468,0.020288908959613883,0.16958583488542364,-3.6203560341954195,-4.592832818277975,-1.007275609681161,0.011827735827420497,1.3180886343337056e-05
3.36,-0.00676780322189,1.452083480232056,-1.0264013539277714,-0.547981455393586,-0.0007776177109933474,1.6844307979961312e-06,0.03265084287628866,-0.09754306706717261,-0.03583345441305946,-0.010337519211823569,0.002236829784515799,9.138101703442365e-05,0.16943341689835092,1.7390910222822273,0.7648403296561455,0.3191414471706757,0.11612685634095088,0.017100541636161648,0.17566912364576515,-3.5124760047906824,-4.552107215762208,-0.9940670601821753,0.012609606434125792,3.3905108156650446e-05
3.37,-0.006429142560919745,1.4512684268976805,-1.0266899590961376,-0.5480631740703406,-0.0007536240433776168,2.636718024155667e-06,0.033866066097025437,-0.0815053334375355,-0.02886051683661334,-0.008171867675451491,0.0023993667615730624,9.522872261595358e-05,0.16594331966793932,1.7895765709489757,0.779289804571364,0.3167708296070888,0.1395244273045636,0.013830131390743683,0.18171863234735156,-3.406184623860005,-4.511568162472892,-0.9809955312575315,0.013421945392216606,5.423237561376517e-05
3.38,-0.006078425578771837,1.4506175472809233,-1.0269077626675642,-0.5481229186987827,-0.0007279484494840095,3.6269515169261328e-06,0.03507169821479086,-0.06508796167572367,-0.02178035714265369,-0.005974462844211312,0.002567559389360724,9.902334927704655e-05,0.16237683663299077,1.8329343888782255,0.7913622814487238,0.3132439277237751,0.161931760375008,0.010485875595288296,0.18772603696891574,-3.301940516896671,-4.471357861992365,-0.968110103044768,0.014262301880895634,7.409079856066949e-05
3.39,-0.005715761411921723,1.4501339845400698,-1.0270539255619755,-0.5481604480757889,-0.0007005393142081081,4.654472982644287e-06,0.03626641668501142,-0.04835627408534977,-0.014616289441134623,-0.003752937700620928,0.002740913527590147,0.00010275214657181536,0.15870635587884485,1.8689484778200807,0.8009960129201406,0.3085773978591977,0.1831937372224709,0.007076722496017096,0.1936813077622166,-3.200193187988118,-4.431617369360362,-0.9554590722519892,0.015127831836525652,9.34063830604946e-05
3.4,-0.0053412754826300795,1.4498202123765023,-1.0271278464390068,-0.5481755986375962,-0.0006713506926139091,5.7184916931559496e-06,0.0374485929291644,-0.031377216356759774,-0.007392087703128248,-0.001515056180729645,0.00291886215941991,0.00010640187105116623,0.15490252960566572,1.897434336057337,0.8081388764672894,0.3027923581678511,0.20316343759808575,0.003612323918222027,0.19957268103331416,-3.101380650177278,-4.392485952487768,-0.9430897201708478,0.016015308890033733,0.000112103410651572
3.41,-0.004955112607577431,1.4496780217297063,-1.027129165308334,-0.5481682854467538,-0.0006403430141437788,6.818080202340349e-06,0.038616287505264836,-0.014219064679609726,-0.0001318869327377398,0.0007313190842407366,0.003100767847013022,0.00010995885091843996,0.15093450162359962,1.9182401801149696,0.8127488106756322,0.29591430736850466,0.22170325103785338,0.0001029768930466135,0.20538664216925237,-3.005927126265309,-4.354100456427186,-0.9310480854911416,0.016921138410850977,0.0001301048385769739
3.42,-0.004557440131819284,1.4497085104967549,-1.027057766118201,-0.5481385028473684,-0.0006074837563909916,7.952170752621584e-06,0.039767247575814714,0.003048876704854507,0.00713991901332032,0.002978259938539359,0.0032859257752787187,0.0001134090550281235,0.1467701556072171,1.9312480111727852,0.8147942010528639,0.2879730285914883,0.23868592296182456,-0.0034404454845862187,0.2111079208244192,-2.914240837580494,-4.316594674316372,-0.9193787434512375,0.01784137464741886,0.00014733271878349807
3.43,-0.004148451064319445,1.4499120763566022,-1.0269137782940367,-0.5480863247811647,-0.0005727480827063742,9.119552410883538e-06,0.040898906749983935,0.0203565859847317,0.014398782416419124,0.005217806620371392,0.003473567368461745,0.00011673816582619543,0.1423763852156122,1.9363745152128136,0.814254210392011,0.27900247855750404,0.2539955215703926,-0.00700657343095118,0.2167194992601379,-2.8267118974391865,-4.280098728873032,-0.9081245928198693,0.018771740928601587,0.00016370863331113881
3.44,-0.0037283671905088164,1.4502884127633278,-1.0266975772048879,-0.5480119047586339,-0.0005361194381203311,1.031886896878814e-05,0.04200838738106282,0.03763364067255636,0.02162010891487882,0.007442002253076762,0.0036628644586043126,0.00011993165579046017,0.13771938705435965,1.9335717868733646,0.8111190490400073,0.2690406623190924,0.26752831235364083,-0.010583629297850172,0.22220263489503075,-2.7437103250206594,-4.244738468351306,-0.8973266521505607,0.019707652863026705,0.00017915414351794498
3.45,-0.0032974421364678273,1.4508365081554682,-1.0264097835415569,-0.5479154754813912,-0.0004975900983259041,1.1548617637717494e-05,0.04309250540409891,0.05480953921403002,0.028779366333093533,0.009642927724269387,0.0038529339794426995,0.00012297486689293545,0.13276497716705954,1.9228278680650066,0.8053901808868345,0.25812949378894423,0.2791935278552292,-0.014159524807112855,0.22753689816538267,-2.665584194179591,-4.210634880868951,-0.8870238666804151,0.02064424444470755,0.0001935912504126403
3.46,-0.0028559643584568093,1.4515546484108701,-1.0260512615968345,-0.5477973481137924,-0.0004571616667849336,1.2807148563466096e-05,0.04414777780110181,0.07181402554018812,0.03585219447223149,0.01181273675987713,0.004042843154097046,0.00012585309257486017,0.12747893129607715,1.9041670936217248,0.797080461421402,0.24631464224353206,0.2889140215719378,-0.017721965396086503,0.2327002268071704,-2.5926579303446164,-4.177903530978286,-0.8772529271611624,0.02157639694361635,0.00020694286320171643
3.47,-0.0024042600306441735,1.4524404225582308,-1.0256231164449494,-0.547657911203861,-0.00041484551538445235,1.4092665180454539e-05,0.04517043278126358,0.08857741473606348,0.04281451518850627,0.013943690993142549,0.004231615140048125,0.0001285516616988444,0.12182734855226211,1.8776502376043682,0.7862142047858547,0.23364536501450583,0.2966267965052767,-0.021258560126228232,0.23766899764795024,-2.525230767116457,-4.146654022281088,-0.8680481018129392,0.022498770429558265,0.00021913327300307332
3.48,-0.0019426958030406107,1.4534907317377928,-1.0251266900242921,-0.5474976292556281,-0.0003706631644800547,1.540322541968038e-05,0.04615642276035628,0.10503091795619594,0.04964264206572476,0.016028194823297155,0.004418235090439761,0.00013105602392258407,0.11577703740095442,1.8433744553364202,0.772827177421554,0.22017432652967717,0.3022834008722103,-0.02475693537707202,0.24241811693150853,-2.4635753725074316,-4.116989489776928,-0.8594410824815765,0.02340583774718183,0.00023008862853899335
3.49,-0.0014716814008806337,1.4547018013846886,-1.0245635561345325,-0.5473170409570782,-0.0003246465986124351,1.6736743778927507e-05,0.0471014402159977,0.12110696468958192,0.05631338897596268,0.018058829854983905,0.004601656586761959,0.00013335183592471273,0.10929592203345768,1.8014730178162515,0.7569665165941156,0.20595740390467743,0.3058501857708344,-0.028204850354316024,0.2469211300861533,-2.4079366529797697,-4.08900612548487,-0.8514608459594535,0.024291920729721958,0.00023973741050217626
3.5,-0.0009916720360491414,1.456069196589335,-1.0239355143663706,-0.5471167570700018,-0.00027683851466735215,1.8090994257986144e-05,0.04800093648314924,0.1367395204646505,0.06280417681618684,0.02002838870764303,0.004780808394508298,0.00013542504790586368,0.10235346628558639,1.752114836805786,0.7386905728396774,0.19105347926760263,0.30730842210360904,-0.03159031229244286,0.2511503516853074,-2.358530741569874,-4.06279274068943,-0.8441335312996809,0.025151228409618864,0.00024801090119468095
3.5100000000000002,-0.0005031706006836501,1.4575878405702272,-1.0232445829892738,-0.5468974579901608,-0.00022729249976233447,1.946361415585385e-05,0.04885014353654912,0.1518643980892049,0.06909313770969339,0.0219299079841048,0.004954601490501769,0.0001372619897867707,0.09492111132791047,1.6955037806223487,0.718068676152774,0.17552421902727833,0.3066542767007923,-0.034901689143620795,0.2550770161348135,-2.3155441744584637,-4.038430367933849,-0.8374823338152567,0.025977896956019913,0.00025484364597572483
3.52,-6.729612848171106e-06,1.4592520361756414,-1.0224929908295781,-0.5466598909882646,-0.00017607313667961007,2.085210872115393e-05,0.0496440987835479,0.16641956054141413,0.07515921596955832,0.02375670018961724,0.005121936308272439,0.0001388494565300078,0.08697272243188806,1.6318777824415713,0.6951808265400824,0.15943384033197638,0.3038986502532897,-0.03812781752221217,0.2586714493553279,-2.2791332583915587,-4.0159919056173905,-0.8315274163104861,0.02676603104290114,0.000260173903025178
3.5300000000000002,0.0004970471157718701,1.4610554903123023,-1.0216831681782081,-0.5464048671442995,-0.0001232560352179732,2.225385664137695e-05,0.05037767286200412,0.18034541366609672,0.08098226513699144,0.025502384396515164,0.005281710146163686,0.0001401747920223019,0.07848503925608878,1.56150774473297,0.6701173103833855,0.14284886500369076,0.2990668822618469,-0.041258103727358886,0.26190326141265297,-2.249423629405616,-3.995541807750477,-0.8262858379433069,0.027509746327686612,0.0002639440779392385
3.54,0.0010075031198096625,1.4629913411811595,-1.020817736773903,-0.5461332579897421,-6.89277884005386e-05,2.3666116351074574e-05,0.05104560040377923,0.1935850868857222,0.08654314043051564,0.02716091545574063,0.0054328246817434605,0.00014122597096976263,0.06943812334164848,1.4846962452746575,0.6429782448678781,0.12583786130754238,0.29219833063134637,-0.04428261579460657,0.264741559688479,-2.2265100013918158,-3.9771358210840977,-0.8217715009660405,0.028203212699338003,0.00026610113972681967
3.5500000000000003,0.0015239282566642067,1.4650521881832348,-1.0198994989141814,-0.5458459918740978,-1.3185853044599825e-05,2.508603313385672e-05,0.051642513685454416,0.2060847002075372,0.09182378597215962,0.028726611564437357,0.005574193535593878,0.00014199167827821439,0.059815795894563005,1.401776052005562,0.6138730535410458,0.10847117398385997,0.28334583569415617,-0.04719216473110582,0.26715518178563047,-2.2104561011795063,-3.96082077146098,-0.8179951154404028,0.028840697937443358,0.00026659701487207464
3.56,0.0020455580471134766,1.4672301243422003,-1.0189314257522406,-0.5455440500740094,4.386164523166992e-05,2.6510646988001072e-05,0.052162979044927,0.21779361589655297,0.09680731619408998,0.030194180008837886,0.005704749827626974,0.0001424613854144353,0.04960605849684959,1.313108455748252,0.5829198768423627,0.09082064307929727,0.27257508025596744,-0.04997837336270769,0.2691129469345613,-2.2012947850559943,-3.946634400839502,-0.8149641818723183,0.029416611410329214,0.000265388956271765
3.5700000000000003,0.0025715734060783257,1.4695167710750816,-1.0179166448435106,-0.5452284626648737,0.00010209618192863441,2.7936901220709484e-05,0.05260153589648489,0.22866467328811851,0.10147809087300755,0.03155874091357066,0.0058234536696964495,0.00014262542327084108,0.038801489153760305,1.2190814315485472,0.5502449221919307,0.07295931221539043,0.259963858654906,-0.052633731552862745,0.27058392422247934,-2.1990283299954276,-3.934605256021322,-0.8126829915649345,0.029925547431068164,0.0002624398840461457
3.58,0.0031011007873676263,1.4719033151284067,-1.0168584270106136,-0.5449003041764512,0.00016138917732271097,2.936165173156281e-05,0.052952738128930074,0.23865440533251106,0.1058217832897067,0.03281584884224445,0.005929299539407656,0.0001424750510853327,0.02739960606437066,1.1201076410028565,0.5159817589160565,0.054961127067373106,0.24560126877247795,-0.055151636932787323,0.2715377155156244,-2.203628891368731,-3.9247526296756643,-0.8111526443462167,0.030362327885801708,0.00025771869545747415
3.59,0.003633212763593399,1.4743805474843692,-1.0157601725999443,-0.5445606890553553,0.00022160241213897504,3.0781676941553596e-05,0.05321119762257724,0.2477232355962642,0.1098254410669299,0.03396151210959602,0.006021323481626408,0.0001420025209990788,0.015403191703552654,1.0166222894584744,0.48027056392553114,0.03690062495915658,0.22958684141030516,-0.05752642069010136,0.27194475050260436,-2.215039117569554,-3.917086553802382,-0.8103710831921254,0.03072204374930429,0.00025120054144884814
3.6,0.004166929059321606,1.4769389040302634,-1.0146253972069508,-0.5442107669585307,0.0002825885130010072,3.2193688320227504e-05,0.053371629572820774,0.25583565458942875,0.11347753929935443,0.03499220968246487,0.006098610086203215,0.00014120113786739077,0.002820570219388163,0.9090808533484849,0.44325732461932826,0.018852616642755837,0.21202962145686358,-0.059753358385105884,0.2717765908666524,-2.233172910837161,-3.9116078453189154,-0.8103331451394181,0.03100009510833911,0.00024286706763375994
3.61,0.004701218051939568,1.479568507774694,-1.0134577169504055,-0.5438517179028788,0.0003441915049291255,3.3594341459948957e-05,0.053428899261796135,0.262960374443063,0.11676802565452357,0.03590490556518743,0.0061602991928118335,0.00014006531397214517,-0.010334168232195245,0.7979566941434652,0.4050930059760181,0.0008918614576169936,0.19304721483823872,-0.06182866617805452,0.2710062402116402,-2.257916322599261,-3.9083082029990415,-0.8110306277648754,0.03119222932414779,0.0002327066179184064
3.62,0.00523499875070746,1.4822592123859462,-1.0122608333784862,-0.5434847472970337,0.0004062474276941032,3.4980247643129826e-05,0.05337806987678921,0.26907046112520944,0.11968835719192826,0.03669706058451636,0.006205592276497768,0.000138590618318087,-0.02404100179662083,0.6837385764410251,0.3659326891745593,-0.016907262731570505,0.1727648144247027,-0.06374948324308133,0.26960845603454414,-2.2891285709065867,-3.907170354541139,-0.8124523704016375,0.031294576981304216,0.0002207143993178469
3.63,0.005767143260064706,1.4850006468214914,-1.011038518091302,-0.5431110808819377,0.00046858501239902683,3.634798584542549e-05,0.053214450935724564,0.2741434435545212,0.1222315287184166,0.03736664150958995,0.006233758470492364,0.00013677382022956653,-0.038273874506058556,0.5669281085583626,0.32593468939276854,-0.03447109330797904,0.15131421691238708,-0.0655138414950574,0.26756005976860936,-2.326643166991893,-3.9081682521067735,-0.8145843491693145,0.031303685290957534,0.00020689260692603425
3.64,0.006296479728538964,1.4877822608129565,-1.009794597165595,-0.5427319596073018,0.0005310264142592555,3.7694115115412484e-05,0.05293364684742588,0.27816139914652555,0.12439209257069758,0.03791212746359278,0.006244140186022861,0.00013461292699869928,-0.053000660706655475,0.44803712462417045,0.28525966061683244,-0.05172701870058649,0.12883284129272976,-0.06712062405374786,0.26484024072770196,-2.370269137660513,-3.9112673142539767,-0.817409784813651,0.03121654864187256,0.0001912505084102126
3.65,0.006821795779622656,1.4905933709680175,-1.0085329354677055,-0.5423486344712489,0.0005933879971811881,3.9015187269117685e-05,0.05253160510836919,0.281111015506101,0.12616616978896228,0.03833251360529168,0.006236158292193263,0.00013210721537052034,-0.06818319874404162,0.3275850275719532,0.2440696953793906,-0.06860381437155438,0.10546275794418988,-0.06856951410351529,0.2614308496721405,-2.419792330104645,-3.9164247117996975,-0.8209092622842808,0.031030636022220455,0.000173804487813215
3.66,0.007341842415813984,1.493423207249607,-1.0072574209405196,-0.5419623613504458,0.0006554811654060349,4.0307759835972054e-05,0.05200466361913285,0.2829836281589423,0.12755145271859517,0.038627312080304566,0.006209316822484675,0.00012925725668543723,-0.0837773951288895,0.20609611261383848,0.20252742732764742,-0.08503197705844334,0.08134973571532628,-0.06986093596975076,0.2573166776958339,-2.474976785821706,-3.923589694788734,-0.8250608609261296,0.030743915068237832,0.00015457804885375204
3.67,0.007855338381746704,1.4962609595935306,-1.0059719489490335,-0.5415743958478106,0.0007171132371859482,4.156840919131441e-05,0.05134959659327191,0.2837752343923644,0.128547199148603,0.038796550263517915,0.0061632071779913295,0.0001260649355342355,-0.09973339919996925,0.0840968907114218,0.16079514438585957,-0.10094405520082206,0.05664231269687203,-0.07099599032225991,0.2524857162071082,-2.5355661705977344,-3.9327039574275084,-0.8298402941213929,0.03035487253203043,0.00013360177830572197
3.68,0.008360974967039378,1.4990958244280266,-1.0046804067673856,-0.5411859881844586,0.0007780883551973525,4.279374380947531e-05,0.050563658529267405,0.2834864834495948,0.12915421816479125,0.0388407663352032,0.006097511801140424,0.00012253346181609017,-0.11599584712277193,-0.03788656873562334,0.11903392004331641,-0.11627497341340338,0.031490894782238876,-0.07197638543327252,0.24692939394131252,-2.60128524797458,-3.943702037564965,-0.8352210571948135,0.02986253099924808,0.00011091327040448106
3.69,0.00885742122426598,1.5019170508629227,-1.003386658287766,-0.5407983781619202,0.0008382084281704945,4.3980417570731176e-05,0.04964462572266023,0.28212264348960436,0.1293748479619518,0.038761002253836274,0.006012007297314204,0.00011866737612558633,-0.1325041729365292,-0.15933125728968722,0.07740276995800673,-0.13096234879731528,0.006046884647986195,-0.07280436636532314,0.2406427871992641,-2.671841384237373,-3.956511747073807,-0.8411745823849577,0.029266461727347894,8.655701356296327e-05
3.7,0.009343329572369823,1.504713986321768,-1.0020945290285508,-0.540412790219839,0.0008972740980253205,4.512514305503787e-05,0.048590834810384294,0.2796935458845261,0.12921292592151973,0.03855879420812125,0.0059065669854826,0.00011447254843066884,-0.14919298331939662,-0.2797197910204557,0.036057840632364224,-0.14494679685573308,-0.01953815748891219,-0.07348264385221442,0.23362479984581777,-2.7469260737152204,-3.9710546293059164,-0.847670399687845,0.028566793515919415,6.058424097696237e-05
3.71,0.009817341750993526,1.5074761213975376,-1.0008077915153655,-0.5400304286133488,0.000955085726651791,4.622470475543519e-05,0.0474012178623704,0.276213507576953,0.12867375131852085,0.03823616064901415,0.005781162862647045,0.00010995617003973238,-0.16599249180007147,-0.39854290120836755,-0.004848363605288161,-0.15817222478130244,-0.04511332103525034,-0.07401432447194978,0.22587831001875144,-2.8262164740615363,-3.9872464396686524,-0.8546763023960817,0.027764217561296076,3.3052746951416296e-05
3.72,0.010278095086655621,1.5101931337211196,-0.9995301511046308,-0.5396524727331548,0.00101144439635758,4.727597214436214e-05,0.0460753335662095,0.27170123235820604,0.12776404107346098,0.037795588019409854,0.0056358669705789,0.0001051267388926943,-0.18282900732220733,-0.5153018363686088,-0.04516770968265086,-0.17058610990782275,-0.07052912060929128,-0.07440284350612617,0.21741028097866968,-2.9093769421460505,-4.004997645294125,-0.86215851618558,0.026859988287675024,4.026670984342922e-06
3.73,0.010724229027539518,1.5128549306416652,-0.9982652323145259,-0.539280072590011,0.0010661529179275663,4.827591252683914e-05,0.04461339408838972,0.2661796920545638,0.12649187901049144,0.037240014314378914,0.0054708521569986224,9.999403824770022e-05,-0.19962547137535896,-0.6295106610755115,-0.08475711596439099,-0.18213976119689868,-0.09563824110437891,-0.0746519016482205,0.20823183406298554,-2.9960605622243737,-4.024213939752261,-0.8700818706422255,0.025855920185525447,-2.642374819985182e-05
3.74,0.011154391899935117,1.5154516905288673,-0.9970165657233035,-0.5389143444838282,0.001119016840197324,4.9221603615559386e-05,0.04301628723955995,0.25967598872021225,0.1248666591222404,0.03657281061826934,0.005286392226975769,9.456910887202489e-05,-0.21630203734999748,-0.7406984385318458,-0.12347917929573216,-0.19278856170799896,-0.1202962535803761,-0.07476540647253638,0.1983582822770447,-3.0859106591271956,-4.044796768788502,-0.878409972171083,0.024754380724564172,-5.822244637106877e-05
3.75,0.011567247836140373,1.5179739025191907,-0.995787575489566,-0.5385563668760637,0.0011698454550365931,5.011024576438245e-05,0.0412855936205255,0.25222119903234874,0.12289902337375709,0.035797760776453774,0.005082861483926914,8.886421488230651e-05,-0.23277668535536375,-0.8484112854090097,-0.16120274543258667,-0.2024921901504131,-0.14436230340220524,-0.07474741932473006,0.18780912364831534,-3.1785622903057793,-4.06664386314697,-0.887105377289855,0.02355827944249834,-9.12878329154996e-05
3.7600000000000002,0.011961483820933101,1.5204124045408385,-0.9945815675435378,-0.5382071764823745,0.0012184527916679977,5.093917379853699e-05,0.03942359847927285,0.24385020216477585,0.12060079460281779,0.03491903936892015,0.004860733663140463,8.289280341545435e-05,-0.24896586545537897,-0.9522142891558287,-0.19780342018047867,-0.21121481975942302,-0.16769977190642527,-0.07460210804284284,0.17660799407034133,-3.2736437116593406,-4.089649774666523,-0.8961297653748506,0.022271053341663443,-0.00012553311299588483
3.77,0.012335816801595442,1.522758419465649,-0.9934017184926248,-0.5378677646007725,0.001264658594310546,5.170586838200466e-05,0.03743329806623415,0.23460149248103995,0.1179849050912995,0.03394118816019855,0.004620580264254824,7.666945834676643e-05,-0.2647851621233528,-1.0516932797043625,-0.23316401936888753,-0.2189252929279668,-0.19017691256786762,-0.07433370568763459,0.16478257995738887,-3.3707778131309505,-4.113706412006372,-0.9054441100002468,0.020896648753323414,-0.000160866630418183
3.7800000000000002,0.012689000804937563,1.5250035892500151,-0.9922510652787003,-0.5375390736887199,0.0013082892772360423,5.2407966865062834e-05,0.035318400334212185,0.22451697843660973,0.11506532139244431,0.03286909120526012,0.004363068292549636,7.020984830581767e-05,-0.2801499726819966,-1.1464564492593987,-0.2671749565943079,-0.225597270231237,-0.21166746219650978,-0.07394647524656756,0.15236449160496301,-3.469583521071641,-4.138703572565607,-0.9150088480885454,0.019439499853571764,-0.0001971922289396633
3.79,0.013019834003836404,1.5271400069411343,-0.9911324956186828,-0.5372219942007797,0.0013491788514587081,5.304327355779262e-05,0.03308331988988405,0.21364176911191468,0.11185696600176065,0.03170794879401912,0.004088957422266589,6.353066927297907e-05,-0.294976192569907,-1.2361358156133608,-0.2997345684553633,-0.23120935271631815,-0.2320512271634172,-0.0734446800925953,0.13938909869359312,-3.569677165319138,-4.164529467401638,-0.9247840461703101,0.01790450403541562,-0.0002344096298494965
3.8000000000000003,0.013327165675482658,1.5291602464392815,-0.9900487392541296,-0.5369173616965999,0.0013871698174431494,5.360976937848905e-05,0.030733167164625378,0.2020239498147303,0.10837563645531793,0.030463250417977646,0.0037990965984441116,5.664958206964241e-05,-0.3091809004464442,-1.3203885261510333,-0.33074937776638824,-0.23574517656088734,-0.2512146440734846,-0.0728325598248869,0.12589532987324317,-3.670673809802445,-4.1910712362206475,-0.9347295631330421,0.01629699435878852,-0.00027241482377086127
3.81,0.013609902993809181,1.5310573899212025,-0.9890023600298431,-0.5366259542271855,0.0014221140184122912,5.4105620829318744e-05,0.02827373183265235,0.18971434819210364,0.10463792242865623,0.02914074694144125,0.003494420096914185,4.9585145082969856e-05,-0.3226830363995522,-1.3988980013685561,-0.3601342959566386,-0.2391934794646673,-0.26905131371279034,-0.07211431099712862,0.11192543881515447,-3.772188546253863,-4.218215449802947,-0.9448052089210917,0.014622709314067782,-0.000311100474765829
3.8200000000000003,0.013867017599442734,1.5328250528439995,-0.9879957488159137,-0.5363484900056182,0.0014538734490638357,5.452918825522698e-05,0.025711460563355257,0.1767662922796981,0.1006611213929463,0.02774642215672228,0.0031759430651544453,4.235674259082306e-05,-0.3354040668412063,-1.4713749183039333,-0.3878127665287292,-0.2415481384025897,-0.285462506535725,-0.07129407215165107,0.09752473951073018,-3.873837751275514,-4.24584859753131,-0.954970898729351,0.012887760145394622,-0.0003503563349632865
3.83,0.014097551891957617,1.534457406462912,-0.987031117282284,-0.5360856253666383,0.0014823210147598236,5.48790333459693e-05,0.023053429251488317,0.16323536189124202,0.0964631533629734,0.026286463897994373,0.002844756569598783,3.498450907423211e-05,-0.34726863004760955,-1.537558035737375,-0.41371685205867453,-0.24280817861212256,-0.3003576374538164,-0.0703759125204153,0.08274131392928062,-3.975240307561021,-4.273857558004984,-0.9651868023119521,0.011098595988001565,-0.0003900696680684753
3.84,0.014300624991187432,1.535949197810052,-0.9861104925298378,-0.5358379530178172,0.0015073412365375128,5.515392584519831e-05,0.02030730992298145,0.14917913471400152,0.09206247524461847,0.02476723488210698,0.002502022177768915,2.7489249922901297e-05,-0.3582051567121711,-1.597214864348646,-0.4377872677492134,-0.2429777539725615,-0.3136547072702449,-0.06936382372984773,0.06762569541608816,-4.07601879051051,-4.302130051040154,-0.975413488102114,0.009261967079173337,-0.0004301256802437502
3.85,0.014475438316838054,1.537295767094345,-0.9852357125772528,-0.5356060005834478,0.0015288308975993437,5.5352849434736974e-05,0.017481332565062208,0.13465692842931656,0.0874779952585001,0.023195243436945352,0.002148966106183094,1.9892358953866466e-05,-0.36814646031463616,-1.6501421862000465,-0.4599733650092982,-0.24206609915397514,-0.3252807077919089,-0.06826171384393331,0.0522305314192837,-4.175800621796381,-4.330555069673437,-0.9856120619096067,0.007384886305761217,-0.00047040795696784177
3.86,0.014621280738605436,1.5384930624955628,-0.9844084226984324,-0.5353902294407578,0.0015466996272734648,5.547500676647827e-05,0.014584242176738243,0.11972954012179232,0.08272898788204402,0.021577114268997284,0.0017868729674121037,1.2215733174129004e-05,-0.37703029255741544,-1.6961664289324963,-0.4802330689030666,-0.24008745417605315,-0.3351719874591381,-0.06707340310721854,0.036610229279984856,-4.274219191639757,-4.359023291093134,-0.9957443000271529,0.005474589352691612,-0.0005107989045803779
3.87,0.014737533252397635,1.539537652337346,-0.9836300726012798,-0.5351910338466387,0.0015608704187922199,5.5519823618728795e-05,0.0116252513792199,0.10445898417833122,0.07783500971527126,0.019919559411908646,0.001417079151875496,4.481685225052846e-06,-0.3847998595688162,-1.7351439009125746,-0.4985327735982347,-0.23706096223369233,-0.3432745742685732,-0.06580262079172239,0.02082058890797022,-4.370914951645705,-4.38742746571848,-1.0057727766356541,0.0035384937170033705,-0.0005511801952958149
3.88,0.014823673142051417,1.5404267346354508,-0.9829019144349118,-0.5350087403517667,0.0015712800776121487,5.5486952158223594e-05,0.008613988965378221,0.0889082298104737,0.07281581663679328,0.018229349487196858,0.0010409658819928737,-3.2871460505198286e-06,-0.3914042950135708,-1.7669608942434456,-0.514847200148984,-0.233010541840855,-0.34954445283048097,-0.06445300261275067,0.004918426198735359,-4.46553648002503,-4.415662783925776,-1.0156609854498597,0.0015841568509200495,-0.0005914332145236618
3.89,0.014879277590078831,1.5411581440280717,-0.982225001609145,-0.5348436074977951,0.001577879597393342,5.537627329344461e-05,0.005560444802741412,0.07314093926210093,0.06769128257667807,0.016513285397154784,0.0006599519781193216,-1.1067886477898294e-05,-0.39679908667640446,-1.7915336630528096,-0.5291592210552937,-0.2279647345532254,-0.35394779259269127,-0.06302808824956829,-0.011038808968255915,-4.5577415209081735,-4.443627220178052,-1.0253734555904808,-0.00038076630441948885,-0.0006314395093586823
3.9,0.014904026705436899,1.541730356104982,-0.9816001884072177,-0.5346958257922094,0.0015806344611663122,5.518789810924158e-05,0.0024749115358067065,0.05722120769103247,0.06248132019273098,0.01477817055856798,0.00027548637729701603,-1.8837518420303393e-05,-0.40094645348893193,-1.8088082847996665,-0.5414596560784557,-0.22195652966546575,-0.3564611245723628,-0.061531318591204864,-0.026993416370917338,-4.647197999241329,-4.471221854548815,-1.034875861705479,-0.002348566135475807,-0.0006710812371054246
3.91,0.014897705941042984,1.542142489161371,-0.9810281303702472,-0.5345655179544656,0.0015795248656387687,5.492216837705079e-05,-0.0006320764393915423,0.041213305638917286,0.0572058036970633,0.013030783774376768,-0.00011095955275435682,-2.657297321907893e-05,-0.4038156703514944,-1.8187604125055175,-0.5517470437361865,-0.21502316743520122,-0.35707146434968595,-0.059966032412326786,-0.04288782704635903,-4.7335850124559355,-4.498351171837718,-1.0441351283921894,-0.004311521266997488,-0.0007102416126770918
3.92,0.014860207878718973,1.542394303410676,-0.9805092854298348,-0.5344527394261751,0.0015745458670307166,5.45796561392066e-05,-0.003749806232401073,0.025181424930477644,0.05188449404123662,0.011277852829051957,-0.000497899860805209,-3.425122378441889e-05,-0.4053833384581723,-1.8213949258232853,-0.5600273927786076,-0.20720592249649616,-0.3557763795785005,-0.05833546227580355,-0.058664979308531005,-4.816593799731173,-4.524923338655174,-1.0531195289930515,-0.006261941314241607,-0.0007488053536615796
3.93,0.01479153336439937,1.5424861976983948,-0.9800439157635208,-0.5343574791373509,0.0015657074472720783,5.416116236991896e-05,-0.00686745143196019,0.00918942877187922,0.04653696663140315,0.009526028882418068,-0.0008838419758638381,-4.184937692876402e-05,-0.4056335991672827,-1.8167454887247723,-0.5663139177543474,-0.1985498691997405,-0.35258400083857566,-0.05664272955114236,-0.07426868580125989,-4.895928689235865,-4.550850459002271,-1.061798778851073,-0.008192209227897663,-0.0007866591217804831
3.94,0.014691791981742839,1.5424192037658937,-0.9796320903464184,-0.53427966052009,0.001553034499850568,5.3667714719429886e-05,-0.009974138265653163,-0.006699393250101233,0.04118254171023531,0.007781861726089961,-0.0012672947421510246,-4.9344765048907716e-05,-0.4045582897741679,-1.8048740213249708,-0.5706267625167851,-0.18910363070534775,-0.3475129752708406,-0.054890838525937125,-0.08964398839587266,-4.971308023254094,-4.576048808991925,-1.070144123117124,-0.01009482298710976,-0.0008236919593839055
3.95,0.014561201857705184,1.5421949781195896,-0.9792736881713133,-0.5342191427605223,0.0015365667350569286,5.3100564351648194e-05,-0.013059012403765512,-0.022422564630411538,0.03584021751051098,0.006051775956774017,-0.0016467764793639385,-5.6715036778169474e-05,-0.40215703984391,-1.7858700929921283,-0.5729927152220072,-0.1789191136629995,-0.34059236307801477,-0.0530826696776332,-0.10473749795389944,-5.042465060579145,-4.600439051446507,-1.0781284192000022,-0.011962436400705684,-0.0008597957195294549
3.96,0.014400088799126227,1.5418157915666806,-0.9789684021087494,-0.5341757222794072,0.0015163585048380197,5.2461181889187514e-05,-0.016111305857895653,-0.037918655290905934,0.03052860625639186,0.004342048111502932,-0.002020823021890889,-6.393824624606833e-05,-0.3984373070552262,-1.759850243426875,-0.5734449180096356,-0.168051230365168,-0.33186147761630447,-0.05122097225355993,-0.11949771620503616,-5.109148855015853,-4.623946431167127,-1.0857262139424757,-0.013787898782061917,-0.000894865488092699
3.97,0.014208884764915209,1.5412845164838482,-0.9787157433781196,-0.5341491344313916,0.001492478547933894,5.175125248319373e-05,-0.019120403421101738,-0.05312750828324004,0.025265873062971254,0.002658784801570449,-0.0023879956904125626,-7.099294059937862e-05,-0.39341435180203876,-1.7269572378593636,-0.5720225741843741,-0.1565576102168995,-0.32136967042501574,-0.04930835638717146,-0.13387533723591066,-5.171125108274146,-4.646500951701427,-1.0929138155927949,-0.015564293269106464,-0.0009287999962537401
3.98,0.013988125683950624,1.540604611890129,-0.9785150466004915,-0.5341390554126462,0.0014650096564412139,5.0972670028647344e-05,-0.022075908096458464,-0.0679904593719103,0.020069677762817623,0.0010079018745338723,-0.0027468891492680226,-7.785824545463815e-05,-0.3871111501048454,-1.6873592619208309,-0.5687706552943608,-0.14449830238719663,-0.30917606311935253,-0.04734728504759522,-0.14782352634392065,-5.228176994978315,-4.6680375344417016,-1.0996693606221677,-0.017284973567947302,-0.0009615020216055753
3.99,0.013738448634300918,1.5397801063995167,-0.9783654754037905,-0.5341451043663735,0.00143404826541051,5.0127530548970286e-05,-0.024967704964970593,-0.08245054906123296,0.01495711967009979,-0.0006048953727391467,-0.00309613910307038,-8.451394796770577e-05,-0.379558244709462,-1.6412490611223074,-0.5637396100892497,-0.13193547142066375,-0.29534922858691814,-0.04534006618392494,-0.16129817428050344,-5.2801059569688755,-4.688496160865365,-1.1059728754150953,-0.018943598906673482,-0.000992878776039553
4.0,0.013460588404781038,1.5388155791328653,-0.9782660285510052,-0.5341668456754977,0.0013997039675472435,4.921812477676695e-05,-0.02778602295198794,-0.09645272666514607,0.009944685278525052,-0.0021741309124139827,-0.0034344297863266628,-9.094057722033362e-05,-0.37079353460569453,-1.5888430292312519,-0.5569850768973,-0.11893308757859167,-0.2799668243625322,-0.043288845478457905,-0.17425812518797043,-5.3267324635479385,-4.707821998687705,-1.1118063328322352,-0.020534166995165835,-0.0010228422784863658
4.01,0.013155373465143278,1.5377161386723892,-0.9782155465622182,-0.53420379143172,0.00136209895554473,4.824692996040076e-05,-0.030521493963776014,-0.1099440460476041,0.005048198878701874,-0.0036945756222400523,-0.0037605012002513366,-9.711948163661945e-05,-0.3608620035908836,-1.5303802491976195,-0.5485676005386145,-0.10555661358039803,-0.2631151813943118,-0.041195600167968305,-0.18666537682177622,-5.367896733825129,-4.725965512634952,-1.117153703615352,-0.022051044797400006,-0.0010513097105317834
4.0200000000000005,0.01282372137631395,1.5364874001455466,-0.9782127188014826,-0.5342554040700254,0.0013213673950290235,4.7216600928868105e-05,-0.033165208882932784,-0.1228738526842619,0.0002827760735571068,-0.005161263830532189,-0.004073156051570662,-0.0001030329031532655,-0.34981538894075176,-1.4661214896594275,-0.5385523544683175,-0.09187268935780235,-0.24488885164598195,-0.039062134422814365,-0.1984852519441967,-5.403459416869314,-4.742882560467029,-1.1220010025719547,-0.023488996934830687,-0.0010782037528886965
4.03,0.01246663367698263,1.5351354605284118,-0.9782560909998134,-0.5343210991576479,0.0012776547315399495,4.6129960450101414e-05,-0.035708769933132115,-0.13519396171347745,-0.004337219833067454,-0.006569508762260175,-0.0043712663489073956,-0.00010866404787666916,-0.3377117917378669,-1.3963481594700906,-0.5270088684400513,-0.07794881635191331,-0.22539011809730436,-0.03689007679311174,-0.20968654007405677,-5.43330222497068,-4.758534474786641,-1.1263363294442947,-0.024843211553070274,-0.0011034529006940263
4.04,0.012085190287478266,1.533666872261843,-0.9783440731858113,-0.5344002483264527,0.0012311169354066493,4.498998892043269e-05,-0.03814433895043638,-0.1468588266568886,-0.008798218599788465,-0.00791491688048488,-0.004653779613330017,-0.00011399715296687219,-0.32461523094871786,-1.3213612221485274,-0.514010761605499,-0.06385304278782389,-0.20472847070724365,-0.03468088023487559,-0.22024160907837886,-5.457328514976451,-4.772888131068034,-1.130149904334497,-0.026109323499233984,-0.001126991755613073
4.05,0.011680543476174844,1.5320886152768678,-0.9784749479956661,-0.5344921823376341,0.0011819196887979627,4.379981342549923e-05,-0.040464681130342246,-0.15782569849752637,-0.013087480985484009,-0.009193401118134175,-0.0049197246608686535,-0.00011901754949334589,-0.310595143933988,-1.2414800716693344,-0.4996354806135013,-0.04965365128962862,-0.18302005179005443,-0.03243582521695293,-0.23012648639331496,-5.475463812389335,-4.785916002227689,-1.133434097525703,-0.027283434673974587,-0.0011487612927765524
4.0600000000000005,0.011253911437605424,1.5304080675287948,-0.9786468793344529,-0.5345961942675853,0.0011302375196352748,4.256269621539243e-05,-0.04266320385694202,-0.1680547748072974,-0.017193133878677973,-0.010401192995125208,-0.005168216916268795,-0.00012371172101068045,-0.29572583671975206,-1.1570413705964153,-0.4839640419673498,-0.035418850084795395,-0.1603870740367066,-0.03015602638062931,-0.23932090996098362,-5.487656272717197,-4.797596199943848,-1.1361834535091009,-0.02836213144030017,-0.0011687091006477113
4.07,0.01080657153497389,1.5286329741426303,-0.9788579213607338,-0.5347115428037378,0.0010762528874452481,4.128202263935538e-05,-0.04473399026315337,-0.17750933861643742,-0.02110420262808424,-0.011534853615242993,-0.005398463219002668,-0.00012806735760370527,-0.28008588804267415,-1.0683978512228942,-0.467080777620924,-0.02121646898634655,-0.13695721409926964,-0.02784244317450879,-0.24780834926293155,-5.493877074441267,-4.8079125028148955,-1.13839470899961,-0.029342498990613957,-0.001186789592018513
4.08,0.010339853262785472,1.5267714152754703,-0.9791060277664784,-0.5348374556390983,0.0010201552265990562,3.996128858783591e-05,-0.046671827218841895,-0.18615588671599595,-0.024810640574459406,-0.012591283536057589,-0.005609766084619202,-0.00013207340515194633,-0.26375751189836455,-0.9759170801227294,-0.44907308257257,-0.007113661233812518,-0.11286298426628738,-0.02549589482214243,-0.2555759971167141,-5.49412073793281,-4.816854371331506,-1.1400668046995246,-0.03022213259385918,-0.0012029641844640863
4.09,0.009855130987818839,1.5248317728046563,-0.9793890613242088,-0.5349731329541347,0.0009621399527298625,3.860408749220598e-05,-0.04847222749666326,-0.19396424708139312,-0.02830335577303571,-0.013567731503643272,-0.005801527386919364,-0.00013572010956299283,-0.24682588405510733,-0.8799801863470122,-0.4300311630303354,0.006823387789637092,-0.08824108431072042,-0.023117079890000503,-0.26261473317630846,-5.48840536469886,-4.824416949526845,-1.1412008905505675,-0.030999145665982625,-0.0012172014487419145
4.1,0.009353816528586245,1.5228226959536422,-0.979704803673048,-0.5351177509745553,0.0009024074384376027,3.721409693496399e-05,-0.05013144592325943,-0.20090768510141238,-0.03157423488392865,-0.014461802042050803,-0.005973251429225993,-0.00013899905572419948,-0.2293784387255191,-0.7809805534122878,-0.41004778359538613,0.02052974404261887,-0.06323173511840308,-0.020706600621004267,-0.26891906033618795,-5.47677279147795,-4.830601053065556,-1.1418003242010943,-0.03167217462889439,-0.0012294772238043662
4.11,0.008837351634730461,1.520753065970707,-0.9800509653150027,-0.5352704655934105,0.0008411619646755628,3.579506492573661e-05,-0.05164648938557834,-0.2069629982935146,-0.03461616419546907,-0.015271461885524133,-0.006124547376203981,-0.0001419032009227377,-0.21150414229576908,-0.6793224752311644,-0.38921801182353477,0.03394199964461331,-0.037977995229474204,-0.018264992072096142,-0.274487015479552,-5.4592886539394,-4.835413143438619,-1.1418706624075021,-0.03224038054543632,-0.0012397746972973014
4.12,0.008307200428451528,1.518631959978868,-0.9804251957923311,-0.535430416045805,0.0007786106544625588,3.435079590087337e-05,-0.05301512062789318,-0.2121105991838844,-0.03742304773283768,-0.0159950452394518,-0.006255131021300404,-0.00014442690248632405,-0.19329275167061852,-0.575419776223736,-0.3676389584924449,0.04699853822785105,-0.012625060982060177,-0.015792755956538923,-0.27932005623003053,-5.436042355063435,-4.83886528784903,-1.141419645087547,-0.03270344754029366,-0.0012480844506402747
4.13,0.007764841870013966,1.5164686141185686,-0.9808250940162525,-0.5355967286243462,0.0007149623957732637,3.288513650685574e-05,-0.05423585584375626,-0.21633458602994748,-0.039989822392136797,-0.016631257854113148,-0.006364825868929501,-0.00014656593940176336,-0.17483406537743043,-0.4696943960212662,-0.3454095119261664,0.05963979010207909,0.012680449434047558,-0.01329039893839487,-0.283422925560166,-5.407146933694643,-4.840975104305247,-1.1404571717488994,-0.033061578039020906,-0.001254404468021668
4.14,0.007211762308637518,1.5142723861079188,-0.9812482187165376,-0.5357685204232818,0.0006504267606229717,3.1401961230088845e-05,-0.05530795613764476,-0.21962280106497825,-0.04231247002850751,-0.017179179893568663,-0.006453563515029205,-0.00014831752767668937,-0.15621717605609728,-0.36257493942403907,-0.32263006478271367,0.07180847652445688,0.03779122799169443,-0.010758474965073594,-0.2868034962763806,-5.372738829264512,-4.841765691386535,-1.1389952700290407,-0.03331548487913409,-0.0012587401088909943
4.15,0.006649448178614462,1.5120527173484235,-0.9816920989807029,-0.5359449030990879,0.0005852129274774146,2.9905157937865334e-05,-0.056231413002305636,-0.221966875949538,-0.04438802641653592,-0.01763826758061486,-0.0065213833145557005,-0.00014968032922235103,-0.13752973331832488,-0.2544951926011973,-0.29940223183543585,0.0834498424583563,0.06256002505182212,-0.008197631058582483,-0.28947259753673127,-5.33297753926757,-4.841265542108555,-1.137048056102805,-0.03346638036829718,-0.0012611040437865654
4.16,0.006079378898329199,1.5098190947071886,-0.9821542448506262,-0.5361249866350651,0.0005195286141790135,2.8398613397337557e-05,-0.0570069280285263,-0.2233622641234874,-0.04621458699233413,-0.018008353597721707,-0.006568431329840106,-0.00015065445405277767,-0.11885722616440476,-0.14589260691174064,-0.2758285574266344,0.09451187721377563,0.08684041395744124,-0.005608655821880637,-0.2914438256629671,-5.2880451667444826,-4.8395084412994045,-1.134631686741514,-0.03351596238479104,-0.0012615161535958128
4.17,0.00550302002700029,1.507581012109531,-0.9826321579434233,-0.5363078830972987,0.0004535790285843215,2.688619884115015e-05,-0.05763588713289089,-0.223808259765751,-0.047791309279704465,-0.018289646223362283,-0.006594958559469202,-0.00015124145561874088,-0.10028229417588345,-0.03720675217738669,-0.2520122114744101,0.10494552241257327,0.11048757200229481,-0.0029925297599347894,-0.2927333415810722,-5.238145855768793,-4.836533345896894,-1.131764302842687,-0.03346639763450089,-0.00126000339260387
4.18,0.004921816730454008,1.5053479320786574,-0.9831233420624034,-0.5364927103691308,0.0003875658440501335,2.5371755649908712e-05,-0.05812032965462817,-0.22330800308736984,-0.04911841189800419,-0.018482727183211,-0.006601318453418799,-0.00015144431912414365,-0.0818840765422038,0.07112225825843496,-0.22805667315207218,0.11470486676672986,0.13335907744824876,-0.0003504763745152753,-0.2933596572644261,-5.183505113744584,-4.832384247597277,-1.1284659642914712,-0.0333203021964608,-0.0012565996159400912
4.19,0.004337187603118968,1.503129247361587,-0.9836253137628733,-0.5366785958510951,0.00032168620678517303,2.3859081222828715e-05,-0.05846291273350397,-0.22186847170703516,-0.05019717004699748,-0.018588548196425744,-0.006587963726496041,-0.00015126744270799988,-0.06373760761536748,0.17865536780837213,-0.20406540162253328,0.12374732715745633,0.15531572174885822,0.0023159871306052404,-0.2933434135611628,-5.124369020191691,-4.827110017324169,-1.1247585760639685,-0.03308071950543654,-0.001251345372278776
4.2,0.0037505188887640164,1.5009342427827113,-0.984135612836517,-0.5368646801130817,0.0002561317818986414,2.235191510865732e-05,-0.05866687143549517,-0.21950045788757427,-0.051029907364358744,-0.018608426198660735,-0.006555442488653163,-0.0001507166114171397,-0.04591326711470469,0.28495619879988526,-0.18014149351759923,0.13203381556361826,0.1762223354417058,0.00500500078819042,-0.2927071517633742,-5.06100332261412,-4.820764231043823,-1.120665805537946,-0.032751095935051995,-0.0012442876628867587
4.21,0.0031631591373596874,1.4987720574682417,-0.9846518126770645,-0.5370501204853383,0.00019108784472540054,2.0853925469228367e-05,-0.05873597514043291,-0.2162185314469457,-0.0516199840547516,-0.018544037225652718,-0.006504393717324088,-0.00014979896394289496,-0.02847629232574239,0.3895926924608247,-0.1563873271721183,0.1395288913998971,0.19594862531435153,0.007714315763972621,-0.29147508122209514,-4.993692421005416,-4.81340497652863,-1.1162129910374925,-0.03233525415853528,-0.0012354796683344063
4.22,0.0025764143299116795,1.4966516475862586,-0.9851715304890215,-0.5372340945747804,0.00012673242369039335,1.9368695947739533e-05,-0.05867448074480077,-0.21204098819831563,-0.05197178119570093,-0.0183974089442122,-0.00643554210350072,-0.00014852295214888334,-0.01148635866325954,0.4921387620663851,-0.13290419396516306,0.14620089884405107,0.21437001945010364,0.010441252544692331,-0.28967284523081144,-4.922738243530689,-4.80509464076418,-1.1114270417042684,-0.03183736447628873,-0.001224980444396295
4.23,0.001991543497286741,1.4945817497480511,-0.9856924373003704,-0.5374158036929928,6.323550059347137e-05,1.7899713012981122e-05,-0.05848708326249385,-0.20698978382073271,-0.05209068113488249,-0.018170911821233517,-0.006349692309692198,-0.000146898293475841,0.005002766182023267,0.5921759539686009,-0.10979191747983783,0.15202208877446988,0.23136851566156222,0.013182664728581872,-0.2873272872942673,-4.848459016927098,-4.795899677805277,-1.1063363288582595,-0.03126191431019369,-0.001212854588862015
4.24,0.0014097548530277435,1.4925708452169042,-0.9862122677394306,-0.5375944761822521,7.582737526754712e-07,1.645035384925776e-05,-0.05817886442589975,-0.20109045311469517,-0.05198304390602291,-0.017867248925932566,-0.006247722684079589,-0.00014493591637233626,0.020943490595673412,0.6892951106269246,-0.08714846155707483,0.1569687249579137,0.24683352765658267,0.01593490966169875,-0.28446621977175646,-4.771187936169597,-4.785890357011792,-1.1009705690844989,-0.03061367607389696,-0.0011991718811555723
4.25,0.0008322024540403542,1.490627125070351,-0.9867288295354936,-0.5377693706259112,-6.054751105702176e-05,1.5023874859598807e-05,-0.05775523989873893,-0.19437201465533022,-0.05165617960629356,-0.01748944436591393,-0.0061305784809697235,-0.0001426478989658953,0.03629458739176332,0.7830980291737997,-0.06506952868034692,0.16102117414513062,0.2606627221112946,0.018693827052006395,-0.281118196738344,-4.691271738944511,-4.775140491734998,-1.0953606993581058,-0.029897673636343915,-0.0011840068968232472
4.26,0.00025998339693459097,1.4887584564611542,-0.9872400127024621,-0.5379397789295494,-0.00012054015748651692,1.3623400847035582e-05,-0.05722190571057633,-0.18686686091967136,-0.05111831669685538,-0.017040830363815623,-0.005999264642949515,-0.00014004740125632244,0.05102130116281044,0.8731991084956748,-0.0436481504981009,0.16416397978804964,0.2727628386951263,0.02145472653646177,-0.27731229274720415,-4.609069191445776,-4.763727148677135,-1.0895387445970808,-0.029119147602578548,-0.0011674385990946019
4.2700000000000005,-0.00030586444817515127,1.4869723501208219,-0.987743798364561,-0.538105029259431,-0.00017908853953488326,1.2251914935232989e-05,-0.05658478451097422,-0.17861063403324245,-0.050378566209897294,-0.016525032988165437,-0.005854838204836635,-0.00013714859118025923,0.06509537515469574,0.9592269772968244,-0.022974272631011206,0.16638591909458977,0.2830504840662463,0.02421238498280487,-0.27307788900525753,-4.5249494929447005,-4.751730338310012,-1.0835376781096089,-0.02828351964137186,-0.0011495499098498662
4.28,-0.0008643641703689732,1.4852759292472784,-0.9882382671832608,-0.5382644888250273,-0.0002360725433700583,1.0912249285614645e-05,-0.05584997221938219,-0.16964208735435224,-0.049446881869969025,-0.015945956559626974,-0.0056984003835175035,-0.00013396656496183435,0.07849499971022816,1.040826095149208,-0.0031343362519611617,0.1676800431950447,0.29145288998132185,0.026961054079350733,-0.2684444682963278,-4.439290607470341,-4.739232686910538,-1.0773912754789925,-0.027396356093605863,-0.0011304272624396605
4.29,-0.0014146010265272376,1.4836758999153625,-0.9887216073449046,-0.5384175664926469,-0.0002913834275798138,9.607076663344136e-06,-0.05502368561582642,-0.16000293319159078,-0.04833401616437013,-0.015307766761966702,-0.005531088420975553,-0.00013051726222705086,0.09120468577993575,1.1176583181285045,0.015789140770562482,0.16804370021163617,0.29790862500132814,0.029694478512225897,-0.2634414198047831,-4.352477531760785,-4.72631909095011,-1.0711339625036589,-0.026463331098541574,-0.0011101601389004383
4.3,-0.0019557231403101883,1.482178523145059,-0.9891921220691703,-0.5385637152176043,-0.00034492410008159994,8.338902899165148e-06,-0.0541122113782951,-0.14973767703034485,-0.04705147242656912,-0.014614872495732394,-0.00535406725017861,-0.0001268173764178988,0.10321506834705231,1.189404420299866,0.03371798008712319,0.1674785410880517,0.30236824886042285,0.0324059247584661,-0.2580978548116516,-4.264900509393952,-4.7130763547590435,-1.0648006578808795,-0.02549018947714138,-0.0010888405941918023
4.3100000000000005,-0.0024869417105768707,1.4807895887577893,-0.9896482365994476,-0.5387024342828216,-0.0003966093106312857,7.110060288218001e-06,-0.053121857026668245,-0.13889343872698334,-0.04561145302772251,-0.013871906521735741,-0.005168521054968576,-0.00012288426109471472,0.11452264581212385,1.255765562057748,0.050578753127032416,0.16599050804410354,0.3047948984431105,0.03508822024645458,-0.25244243405781547,-4.176953201667479,-4.699592812574127,-1.0584266113898222,-0.02448270961247059,-0.00106656277015046
4.32,-0.003007530752392077,1.4795143911456503,-0.9900885046374877,-0.5388332713323299,-0.00044636575858785524,5.92270196060916e-06,-0.052058904181520656,-0.12751976121389452,-0.044026803804004415,-0.013083704950834302,-0.004975644795656956,-0.00011873583276088409,0.12512946239557493,1.3164646961474666,0.06630318187504838,0.1635898056040439,0.3051647945035114,0.03773380235986906,-0.24650320739812143,-4.089030826360761,-4.6859579362652255,-1.052047238391301,-0.023446666566827475,-0.0010434224019103841
4.33,-0.0035168263972987328,1.478357707072211,-0.9905116141862996,-0.5389558241887913,-0.0004941321163046037,4.778797251792765e-06,-0.05092956449066557,-0.11566840734392915,-0.04231095488120126,-0.012255285646136017,-0.004776635771674853,-0.00011439047088163949,0.1350427414137865,1.371247902110219,0.08082852648643041,0.16029085416412148,0.3034676587752224,0.040334776501962044,-0.24030746620883542,-4.001528275968007,-4.672261930222865,-1.045697951517148,-0.02238779567359011,-0.001019516319580137
4.34,-0.004014225782483531,1.47732377561633,-0.990916392767224,-0.5390697424449258,-0.0005398589692183698,3.6801280938149383e-06,-0.049739938518479784,-0.10339314558810292,-0.040477858092441386,-0.011391825613449261,-0.004572685291376599,-0.00010986691579778271,0.14427447784623698,1.4198856399013862,0.09409795594625814,0.15611222614013265,0.2997070319547629,0.042882982199126674,-0.23388160886111414,-3.914838227331664,-4.658595315070975,-1.0394139904705995,-0.0213117568387499,-0.0009949419479962304
4.3500000000000005,-0.004499185560827832,1.4764162803624832,-0.9913018119794194,-0.5391747288195805,-0.0005835086743882908,2.628286441263093e-06,-0.048495977834430125,-0.090749525384685,-0.03854192121953389,-0.010498637465473809,-0.004364970516992109,-0.00010518416525518454,0.15284099892627306,1.4621739135408554,0.10606089792799314,0.15107656476612608,0.2939004841839886,0.04537006601914623,-0.22725101943701184,-3.8293492548234758,-4.645048502044826,-1.0332302508997004,-0.020224099782653864,-0.000969796807385879
4.36,-0.004971220065620901,1.4756383339322825,-0.9916669913726464,-0.5392705402701277,-0.0006250551398865321,1.6246727384450367e-06,-0.047203450479306935,-0.07779464302006787,-0.036517939322700005,-0.009581145054710364,-0.004154646549824121,-0.00010036137028180561,0.16076250155623356,1.4979353358643783,0.11667336399837336,0.1452104856998595,0.286079711071458,0.047787559912978395,-0.2204399597434619,-3.745443959311044,-4.631711360041378,-1.0271811133377777,-0.019130230446531803,-0.0009441780177732869
4.37,-0.0054298991649393445,1.4749924649422717,-0.992011201607216,-0.5393569888539202,-0.0006644835280581972,6.704954269866196e-07,-0.04586790993184435,-0.0645868990010873,-0.03442102345696607,-0.008644858379255792,-0.00394283881716651,-9.54177311458417e-05,0.1680625751774992,1.5270200857605973,0.1258982463811082,0.13854446161963097,0.27629050994258786,0.05012696346777967,-0.21347147457466706,-3.663497125108101,-4.618672777505241,-1.0213002732279295,-0.018035378780877413,-0.0009181818099503398
4.38,-0.005874845841398173,1.4744806074627343,-0.9923338668782726,-0.5394339423326641,-0.0007017898862398645,-2.332285142309151e-07,-0.04449466764588289,-0.05118574795373922,-0.03226652710566291,-0.007695347874386421,-0.003730635818166728,-9.037239412175347e-05,0.17476771833619825,1.5493067496986077,0.13370558260128618,0.1311126900776589,0.2645926328378091,0.05237982848630962,-0.20636731008494644,-3.5838739169351235,-4.60602022145605,-1.0156205730618186,-0.016944568123644532,-0.0008919030458048975
4.39,-0.006305733533198361,1.474104093041199,-0.9926345665851907,-0.539501324514774,-0.0007369807090505182,-1.08567201199206e-06,-0.04308876918001881,-0.037651442153540444,-0.03006997069180266,-0.006738218210986633,-0.0035190822810653765,-8.524434977611448e-05,0.18090685660180147,1.5647030398753385,0.1400727845102172,0.12295294493421327,0.25105951473068544,0.05453784427944042,-0.19914784506235517,-3.5069281286147787,-4.593839296089562,-1.0101738376664602,-0.01586258636548935,-0.0008654347507572563
4.4,-0.0067222832721840365,1.4738636453426275,-0.9929130362307518,-0.5395591153320672,-0.0007700724368407424,-1.8861953466222405e-06,-0.041654973898567524,-0.024044769857153946,-0.027846964556106323,-0.005779081729329255,-0.003309172779022424,-8.005233346301803e-05,0.1865108687520362,1.5731463819377036,0.14498482842258337,0.1141064117570254,0.23577787744689338,0.0565929220820624,-0.1918320348378482,-3.43300049479694,-4.582213303493293,-1.0049907136660492,-0.014793959086945663,-0.0008388676609975179
4.41,-0.007124260654035892,1.4737593774460034,-0.9931691675389082,-0.5396073506485005,-0.0008010908953026146,-2.634342633524925e-06,-0.04019773818518554,-0.010426789662416818,-0.02561313081563398,-0.004823531643323517,-0.003101845846187218,-7.481472869026845e-05,0.1916121272700031,1.5746043659593643,0.1484344033877784,0.10461750763813171,0.21884721177076183,0.05853727706503248,-0.18443736752450401,-3.3624170764552437,-4.5712228091055644,-1.0001005141290715,-0.013742924838502505,-0.0008122897881430755
4.42,-0.00751147267482528,1.473790791824266,-0.993403007784297,-0.5396461218000604,-0.0008300706816015607,-3.329837373361368e-06,-0.03872120207893879,0.003141437826276369,-0.02338402453888801,-0.0038771151559953035,-0.002897978629894609,-6.954947398364435e-05,0.19624405824948138,1.5690750551676156,0.1504220149566597,0.0945336859576047,0.2003791421582668,0.060363506519806154,-0.1769798322549419,-3.2954877302292314,-4.560945214612463,-0.9955310693841427,-0.01271341271913576,-0.0007857860038461091
4.43,-0.007883764466995624,1.4739567830213558,-0.9936147583312119,-0.539675574866376,-0.0008570545026912888,-3.972577111743374e-06,-0.03722917921703443,0.016599119708966853,-0.021175054691493275,-0.0029453066315546063,-0.0026983821089728074,-6.427397383820064e-05,0.20044072481133532,1.556587147818806,0.15095604219915748,0.08390522668256928,0.18049668028505472,0.06206466292813878,-0.16947389907082522,-3.232504670911679,-4.551454341018764,-0.9913085849514374,-0.011709022392033737,-0.0007594376467757815
4.44,-0.008241015966482464,1.474255643026627,-0.9938047723844193,-0.5396959096761041,-0.0008820924717135603,-4.5626272547828475e-06,-0.03572514994868403,0.02988600052712361,-0.019001405320745006,-0.0020334809728226413,-0.002503796902227151,-5.900501430394732e-05,0.20423643713862177,1.5371999886000463,0.15005274615984376,0.07278501287770389,0.15933337528620228,0.06363432078867787,-0.1619325101140521,-3.1737411355108303,-4.542820024644453,-0.9874575074906189,-0.010733006658188594,-0.0007333221542789043
4.45,-0.008583138541185335,1.4746850693331666,-0.9939735519589906,-0.5397073785496539,-0.0009052413685666171,-5.100214091873896e-06,-0.03421225747028703,0.0429426306539589,-0.016877957457133268,-0.0011468873549708206,-0.002314889685305686,-5.3758683709104844e-05,0.20766539127558342,1.5110034269828556,0.14773622841581194,0.06122829416218156,0.13703236995505141,0.06506663625441017,-0.15436708177253364,-3.11945015636454,-4.5351077287870805,-0.9840003996113317,-0.009788256689371224,-0.0007075127208865116
4.46,-0.008910071609413338,1.4752421756527005,-0.9941217440811521,-0.5397102847843277,-0.0009265638708509797,-5.585717081659702e-06,-0.03269330682280026,0.05571063195340852,-0.01481921221614313,-0.0002906234673756928,-0.0021322502284362587,-4.855029897858057e-05,0.21076133793847987,1.4781175210580078,0.1440383389037463,0.04929243793970883,0.11374537332971835,0.06635639882147004,-0.14678751744170487,-3.069863449762112,-4.528378173750616,-0.9809578243292878,-0.008877290001955236,-0.0006820779856826105
4.47,-0.009221779275284912,1.4759235052459188,-0.9942501362369922,-0.5397049808884765,-0.0009461277614711736,-6.019660461247962e-06,-0.031170766587157433,0.06813295932182861,-0.012839215584011809,0.0005303895851191228,-0.001956389062019393,-4.339433795882604e-05,0.21355728177997438,1.4386920865297668,0.13899853271230753,0.03703666930199567,0.08963156098767067,0.06749907450745007,-0.13920223057342992,-3.025190425454653,-4.522686987873379,-0.9783482398804721,-0.008002241232321987,-0.0006570817503861466
4.48,-0.009518247006406931,1.47672504681328,-0.9943596510906578,-0.5396918665727549,-0.0009640051191894084,-6.402704242384601e-06,-0.029646773112201794,0.08015415673611605,-0.010951485366556761,0.001311431572157767,-0.0017877357718234837,-3.830437811366392e-05,0.21608521085325744,1.3929060917275855,0.1326636760849596,0.024521800577979036,0.0648564149854981,0.06849084014704643,-0.1316181776940227,-2.9856173213228465,-4.518084382090564,-0.9761879055289054,-0.007164855753385503,-0.000632582729818785
4.49,-0.009799478377517264,1.4776422528778066,-0.9944513404983643,-0.5396713865080248,-0.0009802714983954543,-6.73563466147768e-06,-0.02812313711103336,0.09172060645267127,-0.009168940770640746,0.002048006473009795,-0.001626637920604584,-3.329304190930791e-05,0.21837585544979285,1.3409669006894878,0.12508780242793832,0.011809951596632562,0.03959051572569272,0.06932860861901097,-0.12404090108015448,-2.9513064663383863,-4.514614850441367,-0.9744907989206958,-0.006366486150361159,-0.000608634336240613
4.5,-0.010065491902169045,1.4786700605781402,-0.9945263788490976,-0.5396440278608687,-0.0009950051042794171,-7.01935415308844e-06,-0.026601352465178116,0.10278077003336636,-0.0075038350733300325,0.0027358647156088263,-0.0014733605883962895,-2.8371949161076026e-05,0.22045847504165272,1.2831093675708258,0.11633181967335787,-0.0010357381974146485,0.014008298119902007,0.070010044990589,-0.11647458078307968,-2.9223956738194494,-4.512316898777374,-0.9732685454498003,-0.005608091552499346,-0.0005852844988345673
4.51,-0.010316317972977211,1.479802914777313,-0.9945860557672419,-0.5396103176190252,-0.0010082859694745068,-7.254870918781619e-06,-0.025082607080816503,0.11328541991727692,-0.005967691814438112,0.0033710241843459684,-0.001328086519508961,-2.3551676569317926e-05,0.2223606717456214,1.2195947868174675,0.10646317089243074,-0.013951404563806946,-0.01171321572903028,0.07053357372498781,-0.10892209568583576,-2.898997765858074,-4.511222803748931,-0.9725303600101353,-0.004890239796347145,-0.0005625755194094804
4.5200000000000005,-0.010551995929444974,1.4810347933804138,-0.9946317682164831,-0.5395708197203356,-0.0010201951380790523,-7.4432881650610445e-06,-0.023567795646776316,0.12318786031007022,-0.004571244924120124,0.003949789868966706,-0.0011909168604545546,-1.8841724627942605e-05,0.22410822853531653,1.1507097046991408,0.09555545057176648,-0.026872758905448713,-0.037395695456086564,0.07089837723828069,-0.10138509326326096,-2.8812002287048575,-4.511358403941432,-0.9722830014155017,-0.004213112375414396,-0.0005405439651726847
4.53,-0.010772571270939883,1.4823592347426753,-0.9946650120481705,-0.5395261319999789,-0.001030813862774815,-7.585793085516703e-06,-0.022057534149490857,0.13244413622613996,-0.0033243831687342546,0.00446877203567043,-0.001061872469576251,-1.425049204556592e-05,0.22572497034929898,1.0767645989115673,0.08368797947184684,-0.03973539296770445,-0.06286078162584496,0.07110438621684556,-0.09386406768962408,-2.8690649978497658,-4.51274292480582,-0.9725307396744189,-0.0035765121111079124,-0.0005192205991973285
4.54,-0.010978093030991284,1.4837693670385879,-0.9946873730408271,-0.5394768829718642,-0.0010402228205358725,-7.683645663282785e-06,-0.02055217600514004,0.14101322959124757,-0.002236099265663978,0.004924902811466742,-0.0009408957761057503,-9.785257776608261e-06,0.22723264626234974,0.9980924340095392,0.07094534144219657,-0.052475086342314015,-0.08793135449365774,0.07115226221056947,-0.08635844590284225,-2.8626283705515236,-4.515388838779945,-0.9732753362125333,-0.002979873460659681,-0.000498630348978608
4.55,-0.011168611327724554,1.485257939452536,-0.994700517480643,-0.5394237284610255,-0.0010485013521726971,-7.738167370456825e-06,-0.019051829673327053,0.1488572413948176,-0.0013144439815938954,0.005315451083877446,-0.0008278531636824564,-5.452170717404048e-06,0.22865083098765893,0.9150471014118066,0.05741688598664903,-0.06502811525750207,-0.11243278239295751,0.07104337310580211,-0.07886668118757868,-2.86190104265555,-4.519301761732665,-0.9745160370419406,-0.0024222753596745313,-0.0004787923132382049
4.5600000000000005,-0.011344175103920658,1.486817355042239,-0.994706182335536,-0.5393673481047249,-0.0010557267306829873,-7.75072984126057e-06,-0.017556377619610486,0.15594155897029757,-0.0005664854892958745,0.005638035630060861,-0.0007225378510290239,-1.2562470803744763e-06,0.22999684414076144,0.8280017536120072,0.043196200745181254,-0.07733156109122463,-0.13619414061374258,0.07077976215173928,-0.07138635378253821,-2.866868265712882,-4.524480386583844,-0.9762495787855816,-0.001902456480011137,-0.00045971980689881505
4.57,-0.011504830068879044,1.4884397051180205,-0.9947061650776945,-0.5393084417407022,-0.0010619734630876192,-7.722743595434345e-06,-0.016065496495838567,0.16223500757814474,1.7257841538462953e-06,0.005890636402256219,-0.0006246732404631869,2.798624582622488e-06,0.23128568590315696,0.7373470430209025,0.028380558364244732,-0.08932361697070301,-0.15904939247009076,0.07036411126614725,-0.06391427795112231,-2.8774901196801155,-4.5309164546647445,-0.9784702073769553,-0.001418832768108226,-0.00044142044391215344
4.58,-0.011650616852953589,1.4901168049737004,-0.9947023132114035,-0.539247725701603,-0.0010673126301197148,-7.655646887645976e-06,-0.014578678407454446,0.1677099855679963,0.0003851866291001008,0.006071603909929344,-0.0005339167032095628,6.709670778837006e-06,0.23252998795661473,0.6434892765483223,0.013070342480479322,-0.10094389079121346,-0.18083852508278675,0.06979969938683123,-0.05644661488088297,-2.893701895850268,-4.538594765088308,-0.9811697091716743,-0.0009695171146713397,-0.0004238962573853318
4.59,-0.011781569384311512,1.4918402307987328,-0.9946965135643814,-0.539185929035073,-0.0010718112678099957,-7.55089475756049e-06,-0.01309525313579225,0.1723425825032541,0.0005799647022051574,0.006179666652990192,-0.00044986376902809923,1.0475213008548558e-05,0.23373997880174682,0.5468484975941147,-0.0026315422735466373,-0.11213370295483505,-0.20140863320250457,0.0690903566568826,-0.04897899069800352,-2.9154145841423533,-4.547493222101497,-0.9843374541287637,-0.0005523409939137652,-0.0004071438562134395
4.6000000000000005,-0.011897713496121344,1.4936013575961478,-0.9946906814018159,-0.5391237896693253,-0.001075531794674678,-7.409948353653129e-06,-0.011614411180983188,0.17611267974148914,0.0005832162565498405,0.0062139365747773566,-0.0003720526864682307,1.4094640390736063e-05,0.23492346281170035,0.4478565075534604,-0.018620271217023157,-0.12283637711126083,-0.2206149451508601,0.06824041524454033,-0.041506618800781644,-2.9425154584660804,-4.557582920096396,-0.9879604506468408,-0.00016487789934328063,-0.0003911546171915145
4.61,-0.011999065770997646,1.4953913979269127,-0.9946867494227751,-0.5390620505441454,-0.0010785314878652811,-7.234264601852156e-06,-0.010135227487630136,0.17900403307648963,0.00039319790408603517,0.006173912517988833,-0.0002999693190603168,1.7568375180097285e-05,0.23608581259168915,0.3469548392439732,-0.034789706455504846,-0.13299752216984972,-0.23832178564919504,0.06725465759512858,-0.03402442563352819,-2.9748687535785474,-4.568828265667148,-0.9920234115741422,0.00019553160657340555,-0.0003759149113482263
4.62,-0.012085632628108928,1.4972014412985246,-0.9946866566986912,-0.5390014557273335,-0.0010808620112846836,-7.025286287665644e-06,-0.008656685711128268,0.18100433716119763,9.272408399509254e-06,0.006059481681190412,-0.0002330523419402569,2.0897831418651204e-05,0.23722997440854332,0.24459269483112805,-0.051033004555656916,-0.14256530388125765,-0.2544034709312496,0.0661382629017612,-0.026527178942228506,-3.012316426660492,-4.581187135819849,-0.9965088308522548,0.0005317534196623572,-0.0003614063630173508
4.63,-0.01215740965688586,1.499022494013964,-0.9946923376131751,-0.5389427465364556,-0.0010825689983121251,-6.784432617576457e-06,-0.0071777028776931024,0.1821052715439442,-0.0005680914483936544,0.005870919087796694,-0.0001706987027441556,2.4085367008918743e-05,0.23835648661384562,0.14122486086021155,-0.0672432201158753,-0.1514907042884762,-0.2687451320952474,0.06489675255674685,-0.01900961747875783,-3.0546789967566075,-4.594611071176107,-1.0013970702018482,0.0008468321956063623,-0.00034760613994287514
4.64,-0.01221438119974689,1.5008455192965848,-0.9947057108615395,-0.5388866576855227,-0.001083691691412972,-6.5130903221824464e-06,-0.0056971542861031284,0.18230252826208276,-0.0013373248364404542,0.005608885093291319,-0.00011226931008468644,2.7134229539401017e-05,0.2394635111064155,0.03730961290275521,-0.08331390044104917,-0.15972776742197764,-0.2812434631466558,0.06353593531449606,-0.011466581054131718,-3.1017564552425783,-4.609045502761353,-1.0066664552149491,0.0011439626283444749,-0.0003344872725003277
4.65,-0.012256520184688688,1.5026614775070466,-0.9947286685671017,-0.5388339134758247,-0.0010842626405380806,-6.212605359818729e-06,-0.004213898494179664,0.18159582104616573,-0.0022957705562213363,0.005274420969798726,-5.709491251087272e-05,3.0048496236371765e-05,0.2405468779625486,-0.06669337790551662,-0.09913966676562479,-0.16723382964140765,-0.2918073906227845,0.062061852853761285,-0.003893139785931643,-3.1533292405924107,-4.624430010739395,-1.0122933801825087,0.0014264599115267546,-0.000322018999911825
4.66,-0.012283788206972781,1.5044613662699777,-0.9947630655696402,-0.5387852240496271,-0.0010843074618435168,-5.8842752752334846e-06,-0.002726802228409368,0.17998887629310314,-0.003439700253844875,0.004868942619748957,-4.4821305436196785e-06,3.283300845852438e-05,0.24160014340603614,-0.17032512451079973,-0.11461677774335229,-0.1739697331378809,-0.30035866208410744,0.06048072637922122,0.0037152786569695623,-3.209159270914755,-4.640698613247689,-1.0182524209581942,0.0016977295915733455,-0.0003101671411366735
4.67,-0.012296135857484214,1.5062362603306505,-0.99481070893931,-0.5387412817248054,-0.0010838446578851195,-5.529342263310646e-06,-0.0012347650511432952,0.17748940606726626,-0.004764336966974927,0.004394232482178899,4.628039583974676e-05,3.5493301192283815e-05,0.24261466129671108,-0.273129378315967,-0.1296436712676144,-0.17990002117783055,-0.3068323511172234,0.05879890484599801,0.011362765035926816,-3.2689910279955208,-4.657780083305573,-1.0245164551394113,0.001961237021916108,-0.0002988944879343515
4.68,-0.012293503293651522,1.5079773509654841,-0.9948733477669274,-0.5387027574277451,-0.0010828855000647867,-5.148986982860313e-06,0.000263256383269183,0.17410906348335783,-0.0062638827617402856,0.003852429706029068,9.591578203328567e-05,3.803552804503329e-05,0.2435796682893411,-0.37465464739854626,-0.14412148106157174,-0.18499311381109584,-0.3111772768331207,0.05702281532735291,0.019052808983553528,-3.3325526869139637,-4.675598291611887,-1.0310567888342301,0.0022204766278000197,-0.00028816121742374567
4.69,-0.012275821047111344,1.5096759847746166,-0.9949526632788449,-0.5386702972409996,-0.0010814339737272283,-4.744323160152695e-06,0.001768224654017797,0.16986338091325945,-0.007931551191753403,0.0032460186745492696,0.00014515263375583303,4.046638227076177e-05,0.2444823827584944,-0.47445616835161936,-0.15795452490529763,-0.18922146286615904,-0.3133563361744607,0.05515891598217863,0.026788185129190494,-3.3995572856789216,-4.694072572920133,-1.0378432892778444,0.00247894118966024,-0.00027792532130296226
4.7,-0.012243011060588135,1.51132370169002,-0.9950502593216973,-0.5386445190812646,-0.0010794867859281302,-4.316393016183005e-06,0.003280998652320866,0.16477169154033985,-0.00975960428523943,0.002577815973492991,0.0001947187799097998,4.2793014396969025e-05,0.24530811750391784,-0.5720978222674947,-0.17105076181268059,-0.19256168522840733,-0.3133467476784245,0.053213652007071885,0.034570846106657616,-3.4697039297473466,-4.713118113579327,-1.044844522563963,0.002740091350631169,-0.00026814304874950474
4.71,-0.012194987944754144,1.5129122720386035,-0.9951676532591517,-0.5386260095222334,-0.001077033435518121,-3.866163545656917e-06,0.004802311583399097,0.15885703485834862,-0.011739393745431148,0.0018509559031305192,0.0002453350410009325,4.502294705260875e-05,0.24604040615076864,-0.6671539861898054,-0.1833222159492497,-0.1949946735256307,-0.31114020568740464,0.051193414885592654,0.042401823596251,-3.542679026725737,-4.732646357756639,-1.0520278957645466,0.0030073255502531737,-0.0002587693598925364
4.72,-0.012131660444152221,1.51443373250638,-0.9953062673194811,-0.5386153207758317,-0.0010740563448126197,-3.3945236694169122e-06,0.006332750060192335,0.15214604677765461,-0.013861406032941335,0.0010688746401644263,0.0002977090705501117,4.7163987624000474e-05,0.2466611430432239,-0.7592113122120716,-0.19468536556466434,-0.1965056835334087,-0.30674294436591587,0.04910450517813371,0.050281138488464897,-3.6181575470035594,-4.752565429813689,-1.059359802724901,0.0032839505819587333,-0.00024975838663906277
4.73,-0.012052933099619986,1.5158804208569698,-0.995467420429349,-0.5386129678442279,-0.0010705310517466944,-2.902282275533928e-06,0.00787273445322357,0.14466883505900094,-0.01611531098678515,0.00023529316038589947,0.00035252930659252836,4.922413938829842e-05,0.24715073630427262,-0.8478704272858909,-0.20506149570093196,-0.1970843977880219,-0.30017571127414544,0.04695309902100386,0.05820772117472978,-3.69580430651355,-4.772780570290732,-1.0668057728397056,0.0035731529664953213,-0.00024106389754572608
4.74,-0.01195870809306446,1.5172450092654104,-0.9956523205656799,-0.5386194258538641,-0.001066426461047701,-2.3901671576134613e-06,0.009422500655552462,0.1364588408440647,-0.018490013633083346,-0.0006458009636277256,0.00041045906989934614,5.1211511792046664e-05,0.24748827360200734,-0.9327475477034171,-0.2143770139305043,-0.1967249650542966,-0.2914736506695159,0.044745218436339156,0.0661793428716504,-3.7752752682444655,-4.793194582960528,-1.0743306221381936,0.0038779713270991546,-0.00023263976335920525
4.75,-0.011848887258917508,1.5185205361363405,-0.9958620576539504,-0.5386351275815973,-0.0010617051525981195,-1.8588248520622241e-06,0.010982083414695311,0.12755268709300285,-0.020973708827056802,-0.0015701727733138287,0.0004721308449581497,5.313423055512372e-05,0.2476517000268555,-1.0134760031193697,-0.22256372883674452,-0.19542601552404104,-0.28068609715688375,0.042486705489115456,0.07419255877133552,-3.8562188595368756,-4.8137082904446,-1.0818986060327764,0.00420126994499464,-0.0002244404198025158
4.76,-0.011723374245170006,1.519700436284061,-0.9960975970376962,-0.5386604611818574,-0.0010563237448081545,-1.3088213691858454e-06,0.012551301374750197,0.11799001477203186,-0.023553938374574434,-0.002533360026017903,0.0005381407789965068,5.5000348287637875e-05,0.2476180073478275,-1.089707665866762,-0.22955909141029324,-0.19319065176880112,-0.2678762807849505,0.040183200264494415,0.08224266368322322,-3.938277302561389,-4.834220995936755,-1.0894735731139968,0.004545713665668721,-0.00021642132416332146
4.7700000000000005,-0.011582076805551974,1.5207785693606537,-0.9963597735405356,-0.5386957681225656,-0.0010502333104740159,-7.40643806095415e-07,0.014129743961803151,0.10781330765927734,-0.02621765028394383,-0.003530694070814711,0.0006090434334138594,5.681775630904304e-05,0.2473634337803879,-1.1611142821778746,-0.2353063999479863,-0.19002641568352008,-0.2531209451845935,0.03784012258705053,0.09032366069430924,-4.02108795570207,-4.854630948649303,-1.0970191194050325,0.004913744317359896,-0.00020853940224511205
4.78,-0.01142490920321128,1.5217492464272044,-0.996649286138601,-0.5387413413363898,-0.0010433798422651418,-1.5470282255014932e-07,0.015716760234069496,0.09706770665506413,-0.02895125980654346,-0.0045573213824241735,0.0006853468208873933,5.859409835452657e-05,0.24686367326576783,-1.2273887027409984,-0.23975496942895036,-0.1859452318356567,-0.2365098808601359,0.03546265735141156,0.09842824322706469,-4.1042846638394685,-4.87483581068449,-1.1044987425203299,0.005307558793307188,-0.0002007534822739808
4.79,-0.011251794705159102,1.522607254572145,-0.9969666932579601,-0.5387974235927869,-0.001035704764663883,4.486640458873274e-07,0.01731144980521778,0.08580081449405971,-0.031740711935902666,-0.005608225639705438,0.0007675077601258872,6.0336686843747675e-05,0.24609409313172867,-1.2882460107884195,-0.24286026668907337,-0.1809633277981133,-0.21814537626832997,0.03305574329449343,0.10654779071982083,-4.187499115739682,-4.894733123133426,-1.1118759952044361,0.005729088938519617,-0.00019302471241371334
4.8,-0.01106266814580896,1.5233478794897635,-0.9973124087084454,-0.5388642060951713,-0.0010271454888763566,1.0691882695991487e-06,0.01891265593501422,0.07406249176183953,-0.034571545048530085,-0.006678250238433851,0.0008559275787526205,6.205242237118212e-05,0.24502995887816492,-1.3434245466148815,-0.24458401300588253,-0.1751011322452598,-0.19814158984178798,0.030624065005424455,0.1146723779953226,-4.270362206905387,-4.914220769315337,-1.1191146377581191,0.006179983370152516,-0.00018531695863073305
4.8100000000000005,-0.010857478537149943,1.5239669259409456,-0.9976866982623029,-0.5389418273064915,-0.0010176360069453923,1.7066654401570625e-06,0.02051896086590174,0.061904645118216806,-0.03742895538575209,-0.007762121132023538,0.0009509481930964414,6.374771705579138e-05,0.2436466647083471,-1.3926868280601639,-0.24489425596733788,-0.16838315170328855,-0.1766238466300245,0.02817204794221006,0.12279079822188312,-4.352505406327836,-4.933197433187934,-1.1261787888887196,0.006661591348017219,-0.0001775971797685576
4.82,-0.0106361917024752,1.5244607360271936,-0.9980896768832385,-0.5390303720054763,-0.001007107521027836,2.360949663763831e-06,0.022128683467474423,0.049381008624789294,-0.040297862093551975,-0.008854469898478186,0.0010528485917556186,6.542842236067684e-05,0.24191996830605778,-1.4358203670478704,-0.24376541268264426,-0.16083782703791094,-0.1537278637242553,0.025703856206794985,0.13089059921031085,-4.433562125594014,-4.9515630510824025,-1.1330330745497497,0.007174948798316855,-0.00016983577683883384
4.83,-0.010398792910143994,1.5248262052178474,-0.9985213066088031,-0.5391298705748458,-0.0009954891035511347,3.0319472833746776e-06,0.023739879233120587,0.03654691906537489,-0.04316297255646394,-0.009949856936954696,0.0011618417476701353,6.709976196108464e-05,0.2398262282422836,-1.4726383827524179,-0.241178286548542,-0.15249737085645165,-0.12959890910164162,0.023223392820327014,0.13895813263092635,-4.5131690887509235,-4.9692192550415655,-1.1396427743605837,0.0077207665794273295,-0.00016200691371244964
4.84,-0.010145289483599225,1.5250607960792084,-0.9989813950866177,-0.5392402985218738,-0.0009827083837401645,3.7196099853928027e-06,0.025350342654476936,0.02345908613609212,-0.04600884778145611,-0.011042794702801416,0.0012780719810970103,6.87662702018125e-05,0.23734264228074345,-1.5029804123656387,-0.23712005986841617,-0.14339758713494266,-0.10439089895545706,0.020734302236155258,0.1469786155806482,-4.590967701210436,-4.986069806164467,-1.1459739652201888,0.00829942106347036,-0.00015408880659888272
4.8500000000000005,-0.009875713363800616,1.525162549662884,-0.9994695947626977,-0.5393615762308303,-0.0009686922558068149,4.423927351824635e-06,0.026957611979860904,0.010175358367567196,-0.04881996760799957,-0.012127770895644948,0.0014016127933349654,7.04317366431832e-05,0.2344474847404643,-1.5267128207512863,-0.2315842646619904,-0.13357767447924385,-0.07826543896615812,0.018239974833391046,0.1549362037824933,-4.66660541579633,-5.002021016483053,-1.151993661748969,0.008910947091623293,-0.00014606397993372844
4.86,-0.009590123600374284,1.5251300945191424,-0.9999854027181045,-0.5394935689460393,-0.000953367603923838,5.144918923311335e-06,0.028558976342633182,-0.0032455143741702986,-0.051580795540679236,-0.013199271520900122,0.0015324651882976854,7.209915714867008e-05,0.23112034096629164,-1.5437292105171547,-0.22457073399071492,-0.12308001449503259,-0.051390815307039595,0.015743553144804433,0.1628140755609626,-4.739737093794367,-5.0169821580145495,-1.1576699532095898,0.009555033344667388,-0.00013791948655154668
4.87,-0.009288608748128263,1.5249626533093585,-1.0005281611483081,-0.5396360869835479,-0.0009366620389628326,5.882625842484986e-06,0.030151485224602127,-0.01674412097839203,-0.05427584302035939,-0.014251803750868333,0.0016705564961005377,7.37706919173651e-05,0.22734233685574348,-1.5539507341971832,-0.21608553606080533,-0.11194994682161497,-0.023940941462591736,0.01324793958891083,0.17059452560864705,-4.8100263585716405,-5.0308658577454075,-1.162972136571105,0.010231020153305105,-0.0001296470903017776
4.88,-0.008971289146145806,1.5246600469997642,-1.0010970584779946,-0.5397888861687202,-0.000918504641865649,6.637102150598036e-06,0.03173196019824566,-0.03026063095942385,-0.05688973296864415,-0.01527991851722623,0.0018157397097183653,7.544763081130496e-05,0.22309636129501548,-1.5573263103317163,-0.20614089325970025,-0.10023553241476879,0.0039057328345024622,0.010755805499256147,0.17825906744388728,-4.877146938989779,-5.043588477407452,-1.1678708453906754,0.010937899755415483,-0.00012124340956696177
4.89,-0.008638319057447398,1.5242226966266663,-1.001691131102573,-0.5399516684964413,-0.0008988267084405567,7.408405813314384e-06,0.03329700886984084,-0.04373503730977883,-0.05940726245783464,-0.01627823277210642,0.001967793342509226,7.713036627163477e-05,0.21836727927038457,-1.5538327452643568,-0.1947550881322482,-0.08798730670432331,0.0319673440726711,0.00826960127094713,0.18578854335822478,-4.940783999454937,-5.055070477003625,-1.1723381741937526,0.011674318989824422,-0.00011271002046190623
4.9,-0.008289888648210111,1.523651622631095,-1.0023092657463173,-0.5401240830100414,-0.0008775624903305503,8.196589553905863e-06,0.034843040923728724,-0.05710739955712766,-0.06181346437444244,-0.017241451360018853,0.002126421811000644,7.881837405914788e-05,0.21314213334761759,-1.5434747624507914,-0.1819523581188274,-0.07525802425142203,0.060059762249067616,0.005791567474278547,0.19316324056739947,-5.000635453034699,-5.065236761128485,-1.1763477980369732,0.012438584398528466,-0.00010405351882647918
4.91,-0.007926225786749152,1.52294844176849,-1.0029502024259005,-0.5403057268945164,-0.0008546499268923145,9.001691573850305e-06,0.03636628614609593,-0.0703180862604953,-0.06409366795832981,-0.018164388447490992,0.0022912563438235722,8.051020199444411e-05,0.20741033115426313,-1.5262849410014796,-0.16776278066289974,-0.06210239653065397,0.08799775633036644,0.0033237468207410487,0.2003630122122266,-5.05641325363626,-5.074017007207244,-1.1798750869383485,0.013228669691820703,-9.528554046971962e-05
4.92,-0.007547597643898617,1.5221153616065448,-1.003612538007015,-0.5404961467791308,-0.0008300313627515188,9.82372624196194e-06,0.037862814285053524,-0.08330801619451539,-0.06623355811146314,-0.019041988461441794,0.0024618564140795694,8.220346681116348e-05,0.20116381646340117,-1.5023235650723294,-0.1522221500507842,-0.04857682444512523,0.11559617123390775,0.0008679969010515383,0.2073674018072316,-5.107844662791905,-5.081345974846437,-1.1828972148570425,0.014042225513644448,-8.642273947493127e-05
4.93,-0.007154312078071656,1.521155172631722,-1.0042947303408145,-0.5406948402440398,-0.0008036542458638653,1.0662674833692508e-05,0.03932855658269608,-0.09601889748227098,-0.06821923337995037,-0.019869346490895425,0.0026377116887653486,8.389485917305695e-05,0.1943972214673148,-1.47167838557852,-0.13537184708872577,-0.03473912714095917,0.14267110971259833,-0.0015739963463590884,0.21415576970652878,-5.154673486146272,-5.087163795549569,-1.1853932629004507,0.01487659142796172,-7.74867247302284e-05
4.94,-0.0067467187901264535,1.5200712379922512,-1.0049951029660182,-0.5409012575251364,-0.0007754718010120162,1.1518476402115992e-05,0.0407593287945203,-0.10839346394707824,-0.07003726252036194,-0.020641728109656348,0.0028182444851849076,8.558015684234849e-05,0.1871079978510193,-1.4344642955505285,-0.11725870244527695,-0.02064826864978997,0.169041112601368,-0.004000704443297632,0.22070742014894962,-5.1966612742956215,-5.091416242102851,-1.1873443164299489,0.015728810031193217,-6.850395520228113e-05
4.95,-0.006325210235202471,1.5188674809126363,-1.0057118503616809,-0.5411148034109362,-0.0007454436738061857,1.2391018861351255e-05,0.04215085549239824,-0.1203757079614811,-0.07167473956625588,-0.0213545885799818,0.0030028127205830512,8.725424592352619e-05,0.17929652433500573,-1.3908229202864604,-0.09793485420442613,-0.006364083830587397,0.19452833098435562,-0.006410741425204432,0.22700172745844646,-5.233588482202816,-5.09405497697987,-1.1887335557290548,0.016595643081082592,-5.950559481832541e-05
4.96,-0.005890222280906583,1.5175483698218588,-1.0064430437348144,-0.5413348393249272,-0.0007135365404305112,1.3280130361787874e-05,0.04349879542958876,-0.13191110907776338,-0.07311933731335028,-0.022003591399095326,0.0031907133375674557,8.891115004366195e-05,0.17096618845949693,-1.3409221232906388,-0.07745759989305726,0.008052994987578721,0.2189596839630571,-0.008802848077428718,0.23301826001151588,-5.2652555810135535,-5.095037779151039,-1.189546339889521,0.017473589518865646,-5.052732815851314e-05
4.97,-0.005442234603602481,1.516118901244573,-1.007186637326234,-0.5415606855864432,-0.0006797246785876784,1.4185571034468551e-05,0.044798767730410166,-0.14294685772858545,-0.07435935914195514,-0.022584626151599552,0.0033811861842832805,9.054406726806774e-05,0.1621234405343934,-1.284955428834218,-0.055889242965184605,0.02254220932754114,0.24216799583766202,-0.011175875262982114,0.2387369006406049,-5.291484115739269,-5.094328748714456,-1.189770283562542,0.01835890524957145,-4.1609138483062e-05
4.98,-0.004981770817066625,1.5145845805116818,-1.007940475217166,-0.5417916238427581,-0.0006439904953396908,1.5107025179358569e-05,0.04604637865358559,-0.15343207328913766,-0.07538378909320138,-0.023093825631492284,0.003573418324798757,9.214541448900179e-05,0.15277781788567762,-1.2231413618394833,-0.03329693345600346,0.03704274259214202,0.26399310664343767,-0.013528766225649198,0.2441379622206085,-5.312117701961373,-5.091898488791145,-1.189395326214644,0.019247624534806447,-3.279504992240818e-05
4.99,-0.004509398330393481,1.5129514003537443,-1.0087022986182803,-0.5420268996647342,-0.0006063250078218005,1.604409396901389e-05,0.04723724866731437,-0.16331801579374194,-0.07618234011144348,-0.023527582197598155,0.0037665487517890253,9.37068789655322e-05,0.1429419377935986,-1.1557227056800716,-0.009752502267564911,0.05149398362999236,0.2842829501092329,-0.015860537738612214,0.2492022972835595,-5.327022954458071,-5.087724264150215,-1.1884137935214418,0.020135582843606004,-2.4132835939843556e-05
