time,q1,q2,q3,q4,q5,q6,dq1,dq2,dq3,dq4,dq5,dq6,ddq1,ddq2,ddq3,ddq4,ddq5,ddq6,tau1,tau2,tau3,tau4,tau5,tau6
0.0,0.0,1.5,-1.0,-0.54,0.0,0.0,0.0,0.0,0.0,0.0,0.0,0.0,0.0,0.0,0.0,0.0,0.0,0.0,-0.027048146851695935,-8.525690341129522,-6.022835198173059,-1.5155428242817273,0.0008897662190677903,-0.0022118642277834826
0.01,1.5997433238202225e-06,1.5000013207757052,-0.9999981380873516,-0.5399996119744566,1.7642863586091145e-07,7.544013721359073e-09,0.00015997433238202225,0.00013207757051540464,0.0001861912648437207,3.88025543485656e-05,1.7642863586091145e-05,7.544013721359072e-07,0.02215127950983968,0.013528040632548354,0.027771980434332117,-0.007268261378039223,0.008476391739969447,0.014023791958021895,0.002694477719229697,-4.01575097637147,-4.59626560149988,-1.0317048336644137,0.0002951884934224256,-0.0004843792265580547
0.02,-2.339356597140072e-05,1.500005800087192,-0.999998272105357,-0.53999959881003,-2.4990669349095385e-06,-3.937744557564089e-08,-0.0024993309295220944,0.0004479311486934095,-1.3401800534973966e-05,1.3164426509233203e-06,-0.000267549557077045,-4.692145929699996e-06,-0.37099190471578547,0.039824569553920657,-0.032028016801484246,-0.0073616220070921706,-0.1146823188267867,-0.04898592844522631,-0.04397077611654074,-4.011825877389397,-4.6011186129889525,-1.0327166452241403,-0.00442713008672499,-0.00055483995712543
0.03,-9.463611994905898e-05,1.5000147007546003,-1.0000029810442215,-0.540000518217687,-9.972279886141789e-06,-1.6633845942708408e-07,-0.007124255397765825,0.0008900667408298613,-0.00047089388644285337,-9.194076570070905e-05,-0.0007473212951232249,-1.269610138514432e-05,-0.6504554704834197,0.058030315629684096,-0.07044010173033724,-0.01496753316914392,-0.1444168218487305,-0.04949868601370755,-0.0903421029721141,-4.007970665105558,-4.605963625851628,-1.0337282827239502,-0.00911990032552736,-0.0006248987927548196
0.04,-0.00022560241598128472,1.5000288837136655,-1.0000139754820707,-0.5400027423889021,-2.357102667261702e-05,-3.9067073332062066e-07,-0.013096629603222575,0.0014182959065099608,-0.0010994437849264692,-0.00022241712150501745,-0.0013598746786475232,-2.2433227389353657e-05,-0.8422197747552939,0.07039437361577744,-0.09584655971900899,-0.020476619033814772,-0.16275627751474842,-0.0494987441443947,-0.13614152519592196,-4.004210141324001,-4.6107779038867,-1.034734626070982,-0.013755080293138582,-0.0006941641999330241
0.05,-0.00042526817189085156,1.5000489277366351,-1.0000323671012097,-0.540006512816981,-4.4177879454246604e-05,-7.238106867081485e-07,-0.019966575590956683,0.0020044022969697485,-0.0018391619138876565,-0.0003770428078822041,-0.0020606852781629584,-3.331399533875279e-05,-0.9700110929079754,0.07865755497224422,-0.11237404317135548,-0.024090143514049978,-0.174350596573829,-0.04926952162537901,-0.1811119192029722,-4.000564913539461,-4.615540499461604,-1.0357310900617025,-0.018306672729035404,-0.0007622720391750508
0.06,-0.0006993036056514607,1.500075211617022,-1.000058851459073,-0.5400119801427901,-7.234806894881633e-05,-1.1728509974691333e-06,-0.02740354337606092,0.002628388038686497,-0.002648435786324301,-0.0005467325809077763,-0.002817018949456973,-4.4904031076098464e-05,-1.0508011984223384,0.08402449615392205,-0.12273375312006735,-0.026359674595674426,-0.18093290600616996,-0.04883637820439479,-0.22501259051809339,-3.99705111254066,-4.620232039911391,-1.036713456250686,-0.02275030679269445,-0.0008288797369137039
0.07,-0.0010509205498634266,1.50010797068612,-1.0000938323348774,-0.5400192314094076,-0.00010839306867726733,-1.7416401285644944e-06,-0.035161694421196585,0.0032759069097967526,-0.003498087580448131,-0.0007251266617530701,-0.003604499972845099,-5.687891310953612e-05,-1.0966428621527895,0.08732259782615466,-0.12876540023841274,-0.02768615001280622,-0.1836916958693937,-0.0482169456006305,-0.2676165649937619,-3.993680941902465,-4.624834470861076,-1.0376777715943735,-0.027062981912807045,-0.0008936628209412885
0.08,-0.0014814752726322502,1.5001473358124857,-1.0001375063965638,-0.5400283086111973,-0.00015244009261642725,-2.431564757415742e-06,-0.043055472276882355,0.0039365126365755515,-0.004367406168650046,-0.0009077201789740872,-0.004404702393915992,-6.899246288512475e-05,-1.116113206774346,0.08912134137103914,-0.13172186180882905,-0.02834403792869597,-0.1834762869759885,-0.04742455502176146,-0.30870900612131813,-3.9904634235172405,-4.629330835499928,-1.0386202881658535,-0.031222919099822524,-0.000956312972043123
0.09,-0.0019908990533604645,1.5001933604401838,-1.0001899209109835,-0.5400392213213999,-0.0002044746160797251,-3.2421088507509663e-06,-0.050942378072821426,0.004602462769817581,-0.005241451441958293,-0.0010912710202553618,-0.005203452346329785,-8.105440933352244e-05,-1.115338583038201,0.0898142288520115,-0.1324575987868879,-0.02852039890233979,-0.18089891410549708,-0.04646962005394595,-0.3480863810414082,-3.9874050935448424,-4.633705109885252,-1.0395374285009742,-0.03520948419674304,-0.0010165370634005006
0.1,-0.002578007456547779,1.5002460394506185,-1.0002510131525504,-0.5400519553010351,-0.0002643709425949471,-4.171255588687179e-06,-0.058710840318731444,0.005267901043466571,-0.006109224156686256,-0.0012733979635237193,-0.005989632651522194,-9.291467379362122e-05,-1.0987193595865172,0.089674629718757,-0.13155653767216813,-0.02834286424401078,-0.1764054313201724,-0.04536061179467521,-0.3855561268719969,-3.9845105750644105,-4.637942091370194,-1.0404257671517974,-0.03900315938449654,-0.0010740568495389213
0.11,-0.003240724315999046,1.5003053224268708,-1.0003206373989963,-0.5400664783840007,-0.0003319143670515504,-5.215778908052528e-06,-0.06627168594512667,0.005928297625227299,-0.006962424644603057,-0.0014523082965541625,-0.006754342445660328,-0.00010445233193653491,-1.0694423008616205,0.08889382428858779,-0.1294190599192423,-0.027898755979283874,-0.17032515042912522,-0.0441047504513854,-0.4209366499602791,-3.9817830237253666,-4.64202732994936,-1.0412820225736323,-0.04258554681174032,-0.0011286090816704567
0.12,-0.003976245878291021,1.5003711230784504,-1.0003985835200764,-0.5400827445190649,-0.0004068174438283622,-6.371457694589564e-06,-0.0735521562291975,0.006580065157976062,-0.007794612108007895,-0.0016266135064201704,-0.007490307677681184,-0.0001155678786537036,-1.0298426541038832,0.08760692504512477,-0.12632117963988654,-0.02724809752807164,-0.1629060013683583,-0.042708492288354605,-0.45405754304441526,-3.9792244667890637,-4.645947091505976,-1.0421030556104935,-0.04593939317240939,-0.001179945898413266
0.13,-0.004781163079897498,1.5004433260253538,-1.000484589883665,-0.5401006965675667,-0.0004887321316505023,-7.633235937080297e-06,-0.08049172016064766,0.007220294690345317,-0.00860063635885503,-0.0017952048501705304,-0.008191468782214014,-0.00012617782424907342,-0.981659891345502,0.08591054490551202,-0.12245479419484892,-0.026432462091063952,-0.15433932376027126,-0.04117787014956675,-0.4847599400387376,-3.9768360605516113,-4.649688343473007,-1.042885872159835,-0.049048627377243775,-0.0012278353875234756
0.14,-0.005651554643222038,1.500521791759631,-1.0005783524315348,-0.540120268263803,-0.0005772590653990589,-8.995345284484159e-06,-0.08703915633245397,0.007846573427725274,-0.009376254786994555,-0.0019571696236299354,-0.008852693374855653,-0.0001362109347403861,-0.9262181960586241,0.0838748460321844,-0.11795505292599089,-0.02548098820789102,-0.14477732301230084,-0.039518729880007375,-0.5128969516431258,-3.9746182883732293,-4.653238755499944,-1.0436276284235733,-0.05189840573505744,-0.0012720622452466177
0.15,-0.006583059933656099,1.5006063603433641,-1.0006795311834809,-0.5401413856145366,-0.000671954835977619,-1.045140158646889e-05,-0.09315052904340616,0.008456858373327438,-0.010117875194592991,-0.0021117350733580826,-0.009469577057856013,-0.00014560563019847314,-0.8645536901183178,0.08155176169121461,-0.11291895796269265,-0.024414467384078223,-0.1343453319727903,-0.03773689299381244,-0.5383341411137557,-3.972571116727424,-4.656586709649463,-1.044325637680489,-0.05447516063171694,-0.0013124284808986079
0.16,-0.007570937870428182,1.5006968542252834,-1.0007877550243696,-0.5401639679252055,-0.00077233789805005,-1.199448355907678e-05,-0.09878779367720826,0.009049388191920003,-0.010822384088870339,-0.0022582310668852854,-0.010038306207243098,-0.00015430819726078908,-0.797503963235542,0.07898061125794445,-0.10741799682128969,-0.02324811953104977,-0.12315039188501098,-0.035838267154557735,-0.5609500107594491,-3.970694121966062,-4.659721316219008,-1.044977377858046,-0.05676664979652742,-0.001348754128773415
0.17,-0.008610116308499137,1.5007930804378273,-1.0009026253536295,-0.5401879285799468,-0.0008778935404722733,-1.3617199284172721e-05,-0.10391784380709562,0.009622621254389037,-0.01148703292600525,-0.0023960654741300275,-0.010555564242222325,-0.00016227157250959414,-0.7257709154383007,0.07619193893813594,-0.1015067122036718,-0.021993475256365844,-0.11128722418801384,-0.03382891969558666,-0.5806364776227807,-3.968986596590648,-4.662632432476101,-1.0455804994075213,-0.05876200402551018,-0.0013808779396087996
0.18,-0.00969523498075131,1.500894832354346,-1.0010237189894267,-0.540213175661388,-0.0009880782232403137,-1.5311744529275877e-05,-0.10851186722521741,0.010175191651880992,-0.012109363579713886,-0.0025247081441235244,-0.011018468276804036,-0.0001694545245103155,-0.6499647030479192,0.07321014168161612,-0.0952285058354194,-0.020659650167784857,-0.09884235239150563,-0.0317151248823726,-0.5972993224118964,-3.967447640839782,-4.6653106824672355,-1.0461328331369109,-0.06045177178827533,-0.0014086580310190948
0.19,-0.010820684149098867,1.5010018911301186,-1.0011505905922755,-0.5402396124681432,-0.0011023234919863036,-1.7069955655180474e-05,-0.1125449168347557,0.01070587757725135,-0.012687160284876504,-0.0026436806755135594,-0.011424526874598995,-0.00017582111259045968,-0.5706343005303519,0.07005527135637106,-0.08861955905771803,-0.019254205260442858,-0.08589691238640729,-0.029503392410835494,-0.6108585997717795,-3.9660762432399204,-4.667747476679593,-1.0466323977576912,-0.061827959547470376,-0.0014319724814495847
0.2,-0.011980640446652873,1.5011140269126086,-1.0012827747860285,-0.5402671379688824,-0.0012200396153088022,-1.8883359015232218e-05,-0.1159956297554006,0.011213578249002753,-0.013218419375301403,-0.002752550073915762,-0.01177161233224987,-0.0001813403360051745,-0.4882885791074824,0.06674427346477951,-0.08171147105246528,-0.01778372550220475,-0.07252853322014019,-0.02720048237469669,-0.6212490009039379,-3.9648713522525143,-4.669935030765926,-1.0470774069708784,-0.06288406691367701,-0.0014507198559448615
0.21,-0.013169100920597381,1.501230999880252,-1.0014197880950764,-0.5402956472188635,-0.0013406190436257431,-2.074321813819192e-05,-0.11884604739445075,0.01169729676432817,-0.013701330904791103,-0.0028509249981069026,-0.012057942831694096,-0.00018598591229596997,-0.40341066314947505,0.0632918411071439,-0.07453302378872033,-0.0162542065234942,-0.05881255965177634,-0.02481341034278789,-0.6284201616939371,-3.9638319401251154,-4.671866382838298,-1.0474662759657827,-0.06361511597649064,-0.0014648196547815383
0.22,-0.014379915950315498,1.5013525611511913,-1.0015611307763448,-0.5403250317559795,-0.001463439755200763,-2.2640579552738184e-05,-0.12108150297181167,0.01215612709393138,-0.014134268126850497,-0.0029384537115967595,-0.012282071157501987,-0.00018973614145462647,-0.31646751918918675,0.05971100600326104,-0.06711135223559535,-0.014671310633272656,-0.04482280935602567,-0.022349445077773755,-0.6323369111183258,-3.962957059384595,-4.673535409035154,-1.047797627238585,-0.06401767431694512,-0.001474212678090088
0.23,-0.01560682147748239,1.5014784535911407,-1.0017062885972743,-0.540355179987363,-0.0015878685315650356,-2.4566317803852145e-05,-0.12269055271668929,0.012589243994938713,-0.014515782092939253,-0.0030148231383567746,-0.012442877636427256,-0.00019257382511139612,-0.22791616228528214,0.0560135496468794,-0.059472709543266035,-0.013040533838375331,-0.030632002047234375,-0.01981610065047848,-0.6329794559381391,-3.9622458919950843,-4.674936837197368,-1.0480702956620302,-0.0640898713332877,-0.0014788613011881184
0.24,-0.016843470815986986,1.5016084125411717,-1.001854734592316,-0.5403859775734999,-0.0017132641879423437,-2.6511179992852776e-05,-0.12366493385045944,0.012995895003108136,-0.014844599504189128,-0.003079758613686313,-0.01253956563773081,-0.00019448621890006304,-0.13820746133687983,0.05221029128801147,-0.05164295641377266,-0.011367312253757254,-0.016311958372963065,-0.01722112416784015,-0.6303434986586712,-3.9616977909675763,-4.676066258572952,-1.0482833327552863,-0.06383140761249692,-0.00147874965661272
0.25,-0.01808346618962847,1.501742166480458,-1.0020059308177935,-0.5404173078140211,-0.0018389807725086298,-2.8465830017753644e-05,-0.1239995373641484,0.013375393928636415,-0.015119622547747931,-0.003133024052115408,-0.01257165845662861,-0.00019546500249008678,-0.047788239943654914,0.04831129146831411,-0.04364786271811508,-0.00965708723591578,-0.001933638462834425,-0.014572479962886555,-0.6244402865241502,-3.961312314098115,-4.676920137521838,-1.048436010116519,-0.06324355716168749,-0.0014738837198743284
0.26,-0.019320390060400865,1.5018794376350573,-1.002159330116347,-0.5404490520374556,-0.001964370739981167,-3.0420892580551246e-05,-0.1236923870772397,0.0137271154599243,-0.015339929855347162,-0.003174422343452125,-0.012538996747253728,-0.00019550625627976008,0.04289783207042922,0.044325997589029414,-0.03551328138748387,-0.007915342418727343,0.012432929827972644,-0.011878330841403946,-0.6152965899769888,-3.961089249489425,-4.6774958192213365,-1.0485278219913363,-0.062329162382143685,-0.0014642912968300024
0.27,-0.02054783624982339,1.502019942541088,-1.002314377896336,-0.5404810899959447,-0.002088788099148626,-3.23669969500791e-05,-0.1227446189422527,0.014050490603071349,-0.015504777998906547,-0.003203795848901985,-0.012441735916745876,-0.00019461043695278532,0.1334102037577453,0.04026334964160015,-0.027265235526098386,-0.006147621638692334,0.026718797043454923,-0.009147016815785086,-0.6029546095834052,-3.96102863254983,-4.677791535387128,-1.0485584869589917,-0.06109262172800287,-0.0014500219113399602
0.28,-0.02175944081312538,1.502163392568784,-1.002470513927608,-0.5405133002650514,-0.002211591529822967,-3.429482041402069e-05,-0.1211604563301989,0.014345002769589504,-0.015613603127197057,-0.003221026910672806,-0.012280343067434099,-0.00019278234639415903,0.2233120127053552,0.036131858532280986,-0.01892994669976443,-0.004359533875179518,0.0408562867095571,-0.006387031642351104,-0.5874718109373491,-3.961130754244402,-4.677806408028277,-1.0485279487256784,-0.059539870044232286,-0.001431146592562238
0.29,-0.022948912596156074,1.502309494412615,-1.0026271741523767,-0.5405455606482197,-0.002332147461823172,-3.6195131315109694e-05,-0.11894717830306939,0.014610184383082715,-0.015666022476861247,-0.003226038316823323,-0.01205559320002051,-0.00019003109010890074,0.31217107830939855,0.031939665540499006,-0.010533823500192377,-0.0025567494121754505,0.054779219614777386,-0.0036069974130091276,-0.5689206875215305,-3.9613961604828405,-4.677540451251767,-1.0484363760208621,-0.05767835162634469,-0.0014077575618801266
0.3,-0.024110063384131446,1.5024579505517726,-1.0027837925081722,-0.5405777485850445,-0.00244983310663984,-3.805883153989676e-05,-0.11611507879753714,0.01484561391576225,-0.015661835579549296,-0.0032187936824816196,-0.011768564481666816,-0.0001863700224787071,0.39956118798865853,0.02769458878628719,-0.002103423465391302,-0.0007449900714408958,0.06842315413526645,-0.0008156374114536846,-0.5473884519405068,-3.961825642656773,-4.676994571124627,-1.0482841615986611,-0.055516986088524234,-0.001379967820061619
0.31,-0.025236837537257747,1.5026084596847058,-1.0029398027586478,-0.540609741562263,-0.0025640394311313153,-3.9876998310508664e-05,-0.11267741531263008,0.015050913293327249,-0.015601025047555497,-0.0031992977218557993,-0.011420632449147546,-0.0001818166770611903,0.48506358118910814,0.02340416075712821,0.006334602683223018,0.0010699844872031627,0.08172563261415755,0.0019782525763200054,-0.5229766563546426,-3.9624202194782097,-4.676170563591626,-1.048071920351941,-0.05306612716831528,-0.0013479106358298527
0.32,-0.026323340999121397,1.5027607171409638,-1.003094640327268,-0.5406414175262088,-0.0026741740617911088,-4.164092511829459e-05,-0.10865034618636499,0.015225745625795999,-0.015483756862012098,-0.003167596394573278,-0.01101346306597933,-0.00017639268077859288,0.5682685611552761,0.01907565968643505,0.014753578315038603,0.002882393064537525,0.09462642644535713,0.004765834312390305,-0.4958007433406144,-3.963181110415201,-4.675071110435157,-1.047800486552158,-0.05033751463528916,-0.0013117389375847449
0.33,-0.027363869558259663,1.5029144152733136,-1.0032477441284322,-0.5406726552953708,-0.002779664107678674,-4.334216163153912e-05,-0.1040528559138266,0.01536981323496895,-0.015310380116426044,-0.0031237769162004185,-0.010549004588756522,-0.00017012365132445227,0.6487771822254282,0.014716136710075144,0.02312687542587978,0.004686450854174587,0.10706777442999904,0.007538258331239112,-0.4659895287873324,-3.964109701165199,-4.673699773252265,-1.0474709102331181,-0.04734421950848218,-0.0012716246105623622
0.34,-0.028352936240642647,1.503069243832895,-1.0033985583903147,-0.5407033349716425,-0.002879958889932784,-4.4972552406384594e-05,-0.09890666823829851,0.015482855958136026,-0.015081426188248738,-0.0030679676271635277,-0.010029478225410997,-0.0001630390774845476,0.7262029730136755,0.010332440124032448,0.03142799348223167,0.006476388357893659,0.11899461037733383,0.010286696142992935,-0.43368461880719317,-3.9652075017472503,-4.672060985412506,-1.0470844527417305,-0.04410058282305211,-0.0012277577022512573
0.35000000000000003,-0.029285297710276815,1.5032248903300314,-1.003546534463565,-0.540733338348816,-0.002974532565825774,-4.652427422994175e-05,-0.09323614696341688,0.015564649713637142,-0.014797607325034308,-0.0030003377173521105,-0.009457367589299026,-0.00015517218235571584,0.8001736648028223,0.005931237644834235,0.039630640515675455,0.00824647081891805,0.13035477696092057,0.01300237320757458,-0.399039763002255,-3.966476097927483,-4.6701600419501395,-1.046642581483466,-0.040622148220620345,-0.001180345539404027
0.36,-0.030155979556335998,1.5033810403832093,-1.0036911326099798,-0.5407625493168746,-0.0030628866355225663,-4.798987192669973e-05,-0.08706818460591817,0.015615005317796447,-0.014459814641479236,-0.0029210968058582974,-0.008835406969679242,-0.00014655976967579767,0.8703329008708648,0.0015190372777834915,0.04770881502266895,0.009991017825858789,0.1410992236240931,0.01567660246050573,-0.36222014677293335,-3.9679170968151074,-4.668003087335433,-1.0461469638946455,-0.036925588670137635,-0.0011296117604865253
0.37,-0.030960300347816112,1.503537378058661,-1.0038318237652852,-0.5407908542606431,-0.0031445523200479076,-4.936229246336306e-05,-0.08043207914801156,0.01563376754516048,-0.014069115530549032,-0.0028304943768503233,-0.008166568452534127,-0.00013724205366633322,0.936341907076044,-0.002897792814568784,0.0556368876371134,0.011704422858117819,0.1511821869257055,0.018300818157165,-0.3234016256926262,-3.969532067575695,-4.665597101063197,-1.045599460677755,-0.03302862765680164,-0.0010757952678944955
0.38,-0.03169389434046147,1.5036935862029137,-1.0039680912702538,-0.5408181424513804,-0.003219092799414691,-5.0634917192841855e-05,-0.07335939926453608,0.015620814425284677,-0.013626750496854158,-0.0027288190737267785,-0.007454047936678323,-0.00012726247294787938,0.9978811073721293,-0.0073130052030342925,0.06338968184175027,0.01338117256548299,0.16056135218113265,0.02086660979145727,-0.28276990529412266,-3.971322478302238,-4.662949880991959,-1.0450021183397085,-0.028949955205475168,-0.001019149104735431
0.39,-0.03235273272545141,1.5038493467706118,-1.0040994325644945,-0.5408443064299258,-0.003286105300407705,-5.1801592085078964e-05,-0.06588383849899355,0.015576056769814875,-0.01313412942406463,-0.002616397854534473,-0.00670125009930138,-0.00011666748922371112,1.0546516703979332,-0.011720454713907438,0.07094255317299873,0.015015865659986888,0.16919799562474314,0.02336575583517264,-0.24051966992157908,-3.97328963016061,-4.660070024365244,-1.044357161076318,-0.024709139132118023,-0.0009599392614194751
0.4,-0.03293314331493654,1.504004341149847,-1.004225360837403,-0.5408692423800486,-0.0033452230241370604,-5.2856655800544264e-05,-0.0580410589485133,0.015499437923515632,-0.012592827290852522,-0.0024935950122900808,-0.005911772372935558,-0.00010550637154653021,1.106376975153338,-0.016114080535809396,0.07827146651836003,0.01660323129823671,0.1770571066197677,0.025790257036799824,-0.19685366459380052,-3.9754345899824863,-4.656966906446875,-1.0436669820491193,-0.020326531941840927,-0.0008984434177240287
0.41000000000000003,-0.033431828565873484,1.5041582504871704,-1.004345406630922,-0.5408928504906922,-0.003396116904163203,-5.379496547142499e-05,-0.04986852509369408,0.015390933732344474,-0.012004579351904403,-0.0023608110643641607,-0.005089388002614241,-9.383096708807241e-05,1.15280398522849,-0.020487888926569504,0.08535307120208031,0.018138146855429665,0.18410748969062762,0.02813236901811167,-0.1519817340990515,-3.9777581225143517,-4.653650656705489,-1.0429341341031075,-0.015823173815211387,-0.0008349496263894926
0.42,-0.033845881850643855,1.5043107560143782,-1.0044591193889436,-0.5409150353058472,-0.003438497186742154,-5.461192006568354e-05,-0.041405328477037345,0.015250552720781138,-0.011371275802158546,-0.0022184815154952845,-0.004238028257895093,-8.169545942585497e-05,1.193704522226752,-0.02483593658172518,0.09216477361606083,0.01961565503109952,0.19032184636144223,0.03038463389896573,-0.10611982379716106,-3.9802606235451305,-4.650132132489564,-1.0421613199758293,-0.011220692145280351,-0.0007697549446650816
0.43,-0.034172801890590056,1.504461539379073,-1.0045660689483809,-0.5409357060608408,-0.0034721148255381505,-5.530348122013873e-05,-0.03269200399462002,0.015078336469487209,-0.010694955943720915,-0.002067075499362506,-0.003361763879599678,-6.915611544551891e-05,1.228876430009589,-0.02915231475863781,0.09868480720676957,0.021030980208812805,0.1956768369663564,0.03253991069787965,-0.05948894683973597,-3.982942055126138,-4.646422890143068,-1.0413513820496312,-0.006541198106351413,-0.0007031640205509837
0.44,-0.034410505276795865,1.5046102829809036,-1.0046658469671408,-0.5409547770038803,-0.003496762683994755,-5.586619144047203e-05,-0.02377033862058112,0.014874360183051712,-0.00997780187599393,-0.0019070943039442196,-0.0024647858456604364,-5.62710220333303e-05,1.258144622258872,-0.033431134276461154,0.10489229965850126,0.022379544020354247,0.20015312275053443,0.03459140424396878,-0.012314122732427093,-3.9858018840662157,-4.642535153523418,-1.0405072916996616,-0.0018071807516905412,-0.0006354876407735268
0.45,-0.03455733701113004,1.504756670315265,-1.0047580682844457,-0.540972167701742,-0.003512276539439006,-5.629718957847637e-05,-0.014683173433417358,0.014638733436153309,-0.009222131730483347,-0.0017390697861629767,-0.0015513855444251141,-4.309981380043359e-05,1.2813620066442193,-0.03766651152749864,0.11076733713835839,0.023656980062459726,0.20373538871832597,0.03653269236846235,0.03517670764704704,-3.9888390248314796,-4.638481779897715,-1.039632138290466,0.002958600848914875,-0.0005670412477807777
0.46,-0.03461207900970281,1.5049003863261148,-1.0048423722091715,-0.5409878033285574,-0.003518535883910876,-5.6594223509876894e-05,-0.00547419985727699,0.014371601084971783,-0.008430392472571269,-0.0015635626815500992,-0.0006259344471869991,-2.970339314005216e-05,1.2984102796321781,-0.04185255564757857,0.11629102548202172,0.024859147736773057,0.2064123478027149,0.03835775114055662,0.08275378529631869,-3.992051787904604,-4.634276223209739,-1.0387291178736893,0.007733226909662976,-0.0004981434332549185
0.47000000000000003,-0.03457395652040819,1.5050411177694065,-1.0049184237321045,-0.5410016149367064,-0.003515464517656973,-5.6755659949576827e-05,0.003812248929461786,0.01407314432917354,-0.007605152293294389,-0.0013811608148938048,0.00030713662539028183,-1.6143643969993207e-05,1.3092005867010272,-0.04598335699637487,0.12144554821593492,0.02598214516486219,0.2081767270337851,0.040060977941294595,0.1301866491832693,-3.995437834563979,-4.629932494729275,-1.0378015216385754,0.01249372713664809,-0.0004291144158026955
0.48,-0.034442642416088035,1.5051785535884896,-1.0049859146582532,-0.5410135397088867,-0.003503030932198085,-5.6780491355136505e-05,0.013131410432015399,0.013743581908312525,-0.006749092614866433,-0.0011924772180298235,0.0012433585458887977,-2.4831405559678756e-06,1.3136740434445051,-0.050052977099364265,0.12621422131401688,0.027022321162592622,0.20902523647483395,0.04163721218714844,0.17724525965833873,-3.9989941389296035,-4.625465121116086,-1.036852724165592,0.017217191306580622,-0.00036027451060459566
0.49,-0.03421825933500611,1.5053123853026402,-1.0050445646555966,-0.5410235211904979,-0.003481248480869793,-5.6668339883597314e-05,0.02243830810819243,0.013383171415064406,-0.005864999734349092,-0.0009981481611271697,0.0021782451328292334,1.121514715391876e-05,1.311802113768951,-0.05405544019834642,0.13058154459678167,0.02797628624382334,0.20895852176986285,0.04308175354109012,0.22370112357016347,-4.002716957993299,-4.620889099953634,-1.0358861715317227,0.021880879676470864,-0.0002919425988758018
0.5,-0.03390137965071009,1.505442307409704,-1.0050941222169016,-0.5410315095015379,-0.003450175335739079,-5.6419458381331295e-05,0.031687968429601754,0.012992210706391583,-0.00495575613051896,-0.0007988311039933365,0.0031073145130713913,2.4888150226601818e-05,1.303586842116341,-0.057984726548618415,0.1345332496812583,0.02884092264249491,0.2079811012123809,0.04439037747236019,0.2693284154154348,-4.006601810206791,-4.616219852831504,-1.0349053693137638,0.026462332683883812,-0.00022443460501645466
0.51,-0.0334930232639335,1.5055680178036295,-1.0051343655314977,-0.5410374615272787,-0.0034099142308126815,-5.6034728401343256e-05,0.040835638677659825,0.01257103939254349,-0.004024331459607808,-0.0005952025740862316,0.0040261104926397505,3.847299799880421e-05,1.2890609373840052,-0.06183476758869057,0.13805634439313996,0.02961339334255625,0.20610128829708785,0.045559348063506366,0.3139050888286107,-4.01064346304639,-4.611473176080699,-1.0339138705334194,0.03093947939953697,-0.00015806198930479583
0.52,-0.032994653219894254,1.505689218207457,-1.0051651032641598,-0.5410413410870595,-0.00336061199246998,-5.5515655257291724e-05,0.04983700440392437,0.012120040382760548,-0.0030737732662072742,-0.00038795597807183017,0.004930223834270156,5.190731440515335e-05,1.2682877069610998,-0.06559944309291026,0.14113915355535667,0.030291150107758402,0.2033311007566576,0.046585427985201155,0.3572139727222519,-4.014835929809419,-4.606665189291506,-1.0329152635852001,0.03529074419888603,-9.313026391415558e-05
0.53,-0.03240816916512716,1.505805614622114,-1.005186175238522,-0.5410431190805985,-0.003302458859069538,-5.486436013833744e-05,0.05864840547670946,0.011639641465696493,-0.0021071974362388765,-0.00017779935390327948,0.005815313340044192,6.512951189542803e-05,1.241360840061856,-0.06927258039900122,0.14377135606610367,0.030871940514539342,0.19968615711611104,0.04746588559921028,0.3990438464247619,-4.0191724757288805,-4.601812281769713,-1.0319131601851061,0.039495151126907935,-2.9937539913822643e-05
0.54,-0.03173589866878769,1.5059169177911331,-1.005197453022717,-0.5410427736113038,-0.003235687592689151,-5.408356932368643e-05,0.06722704963394739,0.011130316901922576,-0.0011277784194898047,3.454692947587988e-05,0.0066771266380386924,7.807908146510088e-05,1.208404040305478,-0.07284795578155195,0.14594401818121247,0.03135381399186074,0.1951855618141547,0.04819849917941044,0.43919048822955037,-4.023645633322305,-4.59693105711263,-1.0309111833749998,0.04353242544051806,3.122688725483674e-05
0.55,-0.030980586444128388,1.5060228436811876,-1.005198840415215,-0.5410402900861279,-0.0031605723869594774,-5.3176600550280465e-05,0.07553122246593039,0.010592589005441718,-0.00013873924980581484,0.00024835251759112726,0.007511520572967367,9.069687734059677e-05,1.169570508269529,-0.07631929802019329,0.14764962291491324,0.03173512688297833,0.18985177994779168,0.048781558275765136,0.47745769186820813,-4.028247226721589,-4.592038276111624,-1.029912955614424,0.0473830918259041,9.008390655087357e-05
0.56,-0.0301453815165189,1.506123113978097,-1.0051902738291312,-0.5410356612915904,-0.00307742757593621,-5.2147346601413715e-05,0.08352049276094874,0.010027029690941472,0.000856658608393629,0.0004628794537396034,0.008314481102326767,0.00010292539488667513,1.1250422755259355,-0.07968029418586303,0.14888209547772577,0.03201454653374286,0.18371050269293043,0.049213862279532394,0.5136582455502527,-4.03296840456635,-4.5871507982119875,-1.0289220869885431,0.051028568803474894,0.00014636590733920374
0.5700000000000001,-0.029233822394899155,1.5062174565977327,-1.0051717225735506,-0.541028887445663,-0.0029866061499204703,-5.10002561980352e-05,0.09115591216197458,0.009434261963548457,0.001855125558049438,0.0006773845927371975,0.009082142601573962,0.00011470904033785198,1.075029392452828,-0.08292459764446895,0.14963682466595574,0.032191054438716504,0.17679050443748956,0.04949471627829871,0.5476148683730804,-4.0377996808873355,-4.5822855217836995,-1.0279421635579415,0.05445125885103437,0.00019981803591707296
0.58,-0.028249820313864856,1.506305606211014,-1.0051431890307299,-0.5410199762252867,-0.0028884980850769426,-4.9740312288048016e-05,0.09840020810342977,0.008814961328130007,0.0028533542820827124,0.0008911220376305119,0.009810806484352773,0.0001259943909987183,1.0197689728982273,-0.08604583824983496,0.14991068012577255,0.03226394845396424,0.1691234926395495,0.04962392432207208,0.5791610990976376,-4.042730983261666,-4.5774593234775,-1.0269767358732789,0.05763463379613042,0.00025019938619450476
0.59,-0.027197640623627804,1.5063873047819711,-1.0051047087283256,-0.5410089427693684,-0.002783528494609545,-4.837300784195704e-05,0.10521796902370509,0.008169857095712083,0.003848030240427938,0.0011033455918405414,0.010496959046739772,0.00013673044460909731,0.9595240995497439,-0.08903763467256488,0.149702025413277,0.03223284410841512,0.16074395138613617,0.04960178025199047,0.6081421325073756,-4.0477517073913365,-4.572688996959234,-1.0260293076753009,0.060563315051200134,0.0002972841185451845
0.6,-0.026081882414813674,1.5064623021176247,-1.0050563503061183,-0.5409958096571768,-0.0026721556101306373,-4.690431927567076e-05,0.11157582088141292,0.00749973356534741,0.004835842220732932,0.0013133112191605837,0.011137288447890786,0.00014686885662862869,0.8945825946333495,-0.09189360878501421,0.14901072677767693,0.03209767503919034,0.15168897958525518,0.04942905626364691,0.6344155988194666,-4.052850777143168,-4.567991191331484,-1.0251033247985963,0.06322314829003844,0.0003408625012634302
0.61,-0.02490745647440089,1.5065303564282322,-1.0049982153770027,-0.5409806068621368,-0.002554868602697433,-4.534067763305421e-05,0.11744259404127833,0.006805431060760671,0.005813492911552026,0.001520279504000844,0.011728700743320445,0.00015636416426165466,0.8252556613207908,-0.0946074019977365,0.1478381576012547,0.03185869257443236,0.14199812466948414,0.049106989408686186,0.6578522818970575,-4.058016708994395,-4.5633823495643595,-1.024202164295657,0.06560127219114638,0.0003807418695147562
0.62,-0.02367956167801101,1.5065912348962553,-1.0049304382823379,-0.5409633716810942,-0.0024321852537841637,-4.368893767189191e-05,0.12278947963898802,0.006087846802315399,0.0067777094664815485,0.0017235181042624228,0.012268334891326898,0.0001651739961162301,0.7518764019646039,-0.0971726934183113,0.14618719843445444,0.03151646449464074,0.13171321262827806,0.048637266251893685,0.6783367723182937,-4.063237679755607,-4.558878647267099,-1.0233291237964506,0.0676861809025423,0.00041674749714855277
0.63,-0.022403659932180253,1.506644714252218,-1.0048531857420642,-0.5409441486392019,-0.0023046494872065166,-4.195634500718672e-05,0.12759017458307564,0.005347935596260831,0.007725254027366996,0.001922304189226981,0.01275357665776469,0.00017325926647051898,0.6747982199977459,-0.09958321968186853,0.14406223257278228,0.031071872999576616,0.12087817511788534,0.048022005920294486,0.6957680516904977,-4.068501596393227,-4.554495932138274,-1.0224874111177382,0.0694677799135126,0.000448723377248091
0.64,-0.02108544978812188,1.506690581355466,-1.0047666564003195,-0.5409229893706532,-0.0021728287737119907,-4.015050147513525e-05,0.13182101440583743,0.00458671032482412,0.008652934174470515,0.002115926854870956,0.013182071349452582,0.0001805843532051477,0.5943931130264822,-0.10183279628130092,0.14146913713295206,0.03052611190622112,0.10953887432584963,0.04726374179463455,0.7100600049545649,-4.073796166747908,-4.550249664434665,-1.0216801341357873,0.0709374350513907,0.00047653290782150915
0.65,-0.019730838855780586,1.5067286337776908,-1.0046710802676064,-0.5408999524755627,-0.0020373114205924146,-3.82793288896303e-05,0.13546109323412947,0.0038052422224750387,0.009557613271310232,0.002303689509056286,0.013551735311957608,0.0001871172585504946,0.5110498653075158,-0.10391534020818398,0.13841526959230863,0.029880683111197348,0.09774292618475044,0.046365402099198094,0.7211418578035237,-4.079108969944464,-4.546154858797502,-1.0209102909360377,0.07208801435563039,0.0005000594795837979
0.66,-0.018345915153636257,1.5067586803869468,-1.0045667180608884,-0.5408751033533716,-0.0018987037592594063,-3.635103137070023e-05,0.13849237021443295,0.003004660925597073,0.010436220671808447,0.0024849122190993937,0.013860766133300825,0.000192829751893007,0.4251721484260802,-0.10582489369872407,0.1349094497747513,0.029137392326095538,0.08553952245208185,0.045330289653602474,0.7289585367381258,-4.08442752531219,-4.542226027769075,-1.0201807602534807,0.07291392261701211,0.0005192069633399595
0.67,-0.01693691753569128,1.506780541929795,-1.0044538604433144,-0.5408485140132285,-0.0017576272442468334,-3.437405643086475e-05,0.14089976179449804,0.0021861542848128123,0.011285761757395287,0.002658934014310127,0.0141076515012573,0.00019769749398354804,0.33717653957872895,-0.10755564886802646,0.13096193727035776,0.02829834412841467,0.07297925208743106,0.044162061047450185,0.7334709496990559,-4.089739358682391,-4.538477127323205,-1.0194942922181152,0.07341112840661589,0.0005339000950493698
0.68,-0.015510205342332732,1.5067940516091083,-1.004332827165596,-0.5408202628618668,-0.0016147154775633667,-3.235705501093516e-05,0.1426712193358546,0.0013509679313136653,0.012103327771832978,0.0028251151361764273,0.01429117666834667,0.0002017001419929585,0.247490467406377,-0.10910197300487236,0.12658440429998735,0.027365936327623103,0.0601139222753575,0.04286470549667798,0.734656185647363,-4.095032065000516,-4.53492150471943,-1.0188534994207492,0.07357718345701965,0.0005440847572267599
0.6900000000000001,-0.014072227426261266,1.5067990556550153,-1.0042039661113784,-0.5407904344695769,-0.0014706111727103535,-3.0308840661288762e-05,0.14379779160714662,0.0005004045906986651,0.01288610542175052,0.0029828392289970203,0.014410430485301318,0.00020482143496463996,0.15655009581650825,-0.11045843429421598,0.12178990404359581,0.026342853679400063,0.04699637935876244,0.04144252363099998,0.732507631909404,-4.10029336628299,-4.531571848973424,-1.018260848315544,0.07341123429684714,0.0005497281559120005
0.7000000000000001,-0.01262949070838928,1.5067954138864152,-1.0040676522492662,-0.5407591193149379,-0.001325963073003086,-2.8238348068085343e-05,0.14427367178719852,-0.0003641768599916556,0.013631386211229245,0.003131515463893521,0.014464809970726748,0.0002070492593203419,0.06479815667209837,-0.1116198277307,0.11659283447557217,0.025232060948283994,0.03368032987146252,0.039900106449355974,0.7270350085570401,-4.105511164060803,-4.528440144214816,-1.017718650977013,0.07291402607908418,0.0005508188930149258
0.71,-0.011188528421504003,1.5067830002604734,-1.0039242864944737,-0.5407264135090449,-0.0011814228390851008,-2.6154591126257844e-05,0.1440962286885276,-0.001241362594184499,0.014336575479242507,0.003270580589293823,0.014454023391798536,0.00020837569418274998,-0.02731825739281382,-0.11258120098739197,0.11100889776237044,0.024036795336192445,0.02022016177970007,0.03824231466503734,0.7182643195552527,-4.110673585581626,-4.525537626179256,-1.0172290572306468,0.07208789858329952,0.0005473669344087265
0.72,-0.00975586820154199,1.5067617034075071,-1.0037742944833803,-0.5406924185000334,-0.001037641920703705,-2.40666207623965e-05,0.14326602199620134,-0.0021296852966196543,0.014999201109349367,0.003399500901158977,0.014378091838139576,0.0002087970363861346,-0.11934992845244678,-0.11333788000709905,0.10505505529803111,0.022760558287760718,0.006670765978982973,0.03647425864106763,0.7062377208744908,-4.115769023186055,-4.522874742053718,-1.0167940471777739,0.07093677441182336,0.0005394034747021346
0.73,-0.008338000187511853,1.5067314271486967,-1.0036181252645626,-0.5406572407587692,-0.0008952684279191822,-2.1983482710860764e-05,0.14178680140301378,-0.003027625881041843,0.015616921881771818,0.003517774126418959,0.014237349278452284,0.00020831380515357354,-0.21084776523062804,-0.11388549409040084,0.09874947847553654,0.0214071066678,-0.006912641970686417,0.03460127909473146,0.6910133062309498,-4.120786166429353,-4.520461113863865,-1.016415424136744,0.06946613943983301,0.0005269807001629229
0.74,-0.006941345291417914,1.5066920909940902,-1.0034562499101742,-0.5406209914466361,-0.0007549440169491194,-1.9914175445607362e-05,0.13966548960939396,-0.003933615460658316,0.01618753543884315,0.0036249312133061562,0.014032441097006288,0.00020693072652534038,-0.30136505948674813,-0.11422000026449587,0.09211149530754208,0.019980443319259356,-0.020474699937846674,0.03262892872329751,0.6726648115813328,-4.125714026683578,-4.5183055055596455,-1.0160948080238281,0.06768301561894244,0.0005101714517896723
0.75,-0.005572223798970728,1.5066436306184363,-1.0032891600518161,-0.5405837860664109,-0.0006173008058024763,-1.786760846833393e-05,0.13691214924471856,-0.004846037565395865,0.01670898583580828,0.003720538022518073,0.013764321114664309,0.0002046566977273433,-0.39045973471689094,-0.1143377067291634,0.08516153303072005,0.018484807004778163,-0.03396007724450856,0.03056295487576527,0.6512812399561893,-4.1305419541234825,-4.516415793921189,-1.0158336291984227,0.06559592627305917,0.0004890687910319737
0.76,-0.004236824460418504,1.5065859983124539,-1.0031173663453152,-0.5405457440972768,-0.0004829583347352171,-1.5852561150630933e-05,0.13353993385522242,-0.005763230598248052,0.01717937065009228,0.00380419691339872,0.01343424710672592,0.0002015047317702996,-0.4776965750013321,-0.11423529519160995,0.07792105685148519,0.016924661722086204,-0.04731365275954902,0.028409283365622373,0.6269664086646335,-4.135259647168947,-4.5147989433716145,-1.0156331227980646,0.06321485406373639,0.0004637854711382702
0.77,-0.002941174228499491,1.50651916340724,-1.0029413968690812,-0.5405069886150806,-0.00035252058636079205,-1.3877642323940787e-05,0.12956502319190127,-0.006683490521408008,0.017596947623404854,0.0038755482196175255,0.013043774837442504,0.00019749188266901454,-0.562649421869063,-0.11390984191899271,0.07041250500355711,0.015304685403638843,-0.06048069320530969,0.026174003486801323,0.5998384213396839,-4.139857154623596,-4.513460984747635,-1.0154943235894294,0.06055119183977138,0.0004344533175625131
0.78,-0.0016911087973084443,1.5064431126696252,-1.0027617954609567,-0.5404676458989894,-0.00022657307997516008,-1.1951250806278769e-05,0.12500654311910467,-0.0076050737614648,0.017960140812452736,0.003934271609120661,0.012594750638563197,0.00019263915176620178,-0.6449033271646071,-0.1133588373569489,0.06265922031670781,0.013629757981840906,-0.0734070318282809,0.023863354264990866,0.5700290677148067,-4.1443248709100065,-4.512406998042989,-1.0154180613618111,0.05761768662217231,0.00040122252128346335
0.79,-0.0004922440918051333,1.5063578506664081,-1.0025791199987013,-0.5404278450257548,-0.00010568005430844266,-1.0081537048917353e-05,0.11988647055033108,-0.008526200321701254,0.018267546225531468,0.00398008732346349,0.012089302566671742,0.00018697137573614158,-0.724056650096803,-0.11258020418322175,0.05468537850238983,0.011904948837860252,-0.08603924756706638,0.021483711942803296,0.5376831544253409,-4.1486535249531435,-4.511641099104891,-1.0154049568895536,0.054428377010609326,0.0003642608492815721
0.8,0.0006500511472096499,1.5062634000955233,-1.0023939406294622,-0.5403877174528351,9.618247504805484e-06,-8.276366079621027e-06,0.11422952390147831,-0.009445057088491372,0.01851793692391805,0.004012757291966844,0.011529830181324814,0.00018051709692963258,-0.7997230869208035,-0.11157231368744233,0.046515913392897776,0.010135503613242502,-0.09832484482530557,0.019041578665157877,0.5029577705105487,-4.152834163402153,-4.511166430229911,-1.0154554184894762,0.050998524330873755,0.00032375277677622024
0.81,0.0017306815435385702,1.5061598020823437,-1.002206837953775,-0.54034739659167,0.00011880817743544144,-6.543281911592968e-06,0.10806303963289204,-0.010359801317952132,0.018710267568719456,0.004032086116512327,0.010918992993063596,0.00017330841680280595,-0.8715336220536309,-0.11033400039133708,0.03817643937469014,0.008326830404548291,-0.11021243391313984,0.016543572300610765,0.466021491650446,-4.1568581290034645,-4.510985154574287,-1.0155696391985654,0.047344537874495884,0.000279898546149347
0.8200000000000001,0.002744849898832901,1.50604711643946,-1.002018401169818,-0.5403070173724384,0.0002214051538074512,-4.889473579113192e-06,0.10141683552943308,-0.011268564288365125,0.018843678395688332,0.0040379219231621395,0.010259697637200974,0.00016538083324797755,-0.9391383898479305,-0.10886457484609537,0.029693171282687798,0.006484485326441025,-0.12165191216563542,0.013996417303843267,0.4270535275038184,-4.160717035042831,-4.511098454264497,-1.0157475945959797,0.04348389461132785,0.00023291315776909646
0.8300000000000001,0.0036880805132519182,1.5059254218884255,-1.0018292261837936,-0.5402667158016664,0.0003169559921659273,-3.3217429519675356e-06,0.09432306144190172,-0.012169455103445,0.01891749860245575,0.004030157077195856,0.009555083835847605,0.0001567730627145656,-1.0022084367464748,-0.10716383456757624,0.02109284202728403,0.004614157465803459,-0.13259464567616863,0.011406936496681341,0.38624281681771555,-4.164402736858115,-4.5115065320680445,-1.0159890412918589,0.039435053783409106,0.00018302529817841107
0.84,0.004556240896081913,1.5057948162421126,-1.001639913692447,-0.5402266285140808,0.0004050410843348561,-1.8464744712483724e-06,0.0868160382829995,-0.013060564631290725,0.01893124913465663,0.0040087287585643,0.008808509216892881,0.00014752684807191633,-1.0604373741078685,-0.10523207309215563,0.01240261824381822,0.0027216532291080564,-0.14299365150065935,0.008782043619301239,0.34378707525226204,-4.167907301486854,-4.512208616462082,-1.0162935161034918,0.03521736681364533,0.00013047621132832325
0.85,0.005345561757442774,1.5056554165464746,-1.0014510672438517,-0.5401868923201288,0.00048527641498049895,-4.6960693901359974e-07,0.07893208613608606,-0.013939969563802954,0.01888464485952115,0.003973619395189534,0.008023533064564287,0.00013768675322347725,-1.1135429126277543,-0.10307008715813727,0.0036500142626489703,0.0008128800999537833,-0.15280378009793516,0.006128736480911834,0.2998918011061356,-4.17122297655147,-4.513202969918985,-1.0166603359371411,0.030850982985602793,7.551851871399353e-05
0.86,0.006052655181391248,1.5055073591806598,-1.001263291282675,-0.5401476437506091,0.0005573154057976668,8.033925163160193e-07,0.0707093423948474,-0.014805736581474185,0.018777596117655955,0.003924856951979756,0.007203899081716785,0.0001272999455329619,-1.161268269976416,-0.1006791820380806,-0.005137195294141524,-0.0011061701723652506,-0.1619818976668821,0.003454090517932662,0.25476924433607423,-4.174342159499865,-4.514486900213979,-1.0170885983912594,0.026356751370929084,1.841499441388979e-05
0.87,0.006674530890453485,1.5053507999145723,-1.0010771891862156,-0.5401090185998703,0.0006208505782888538,1.9675521879958675e-06,0.0621875709062237,-0.01565592660874747,0.01861020964594513,0.0038625150738830216,0.006353517249118696,0.0001164159671679848,-1.2033834440257696,-0.0980611750670467,-0.013931063975996142,-0.0030294389235760444,-0.17048706793560076,0.0007652525545369659,0.20863734443725418,-4.177257368309835,-4.516056774550088,-1.0175771830940357,0.02175611949845901,-4.056269886041166e-05
0.88,0.007208610521825263,1.5051859139231167,-1.0008933612975484,-0.5400711514690527,0.000675615027005581,3.0184171530451943e-06,0.053407963137177814,-0.0164885991455696,0.01838278886673036,0.003786713081757458,0.005476444871672718,0.00010508649650493267,-1.239686344843219,-0.09521839742792552,-0.02270356270755356,-0.004950818442751415,-0.17828073284086976,-0.0019305654546704076,0.16171864288938284,-4.179961214732376,-4.517908036290612,-1.0181247537851807,0.017071029273861317,-0.00010113530652343654
0.89,0.007652739846103331,1.5050128957565034,-1.0007124029621415,-0.5400341753108496,0.0007213836960626979,3.952068160752781e-06,0.04441293242780676,-0.017301816661329173,0.01809583354068342,0.003697615820312567,0.004576866905711684,9.336510077075873e-05,-1.2700037794779335,-0.09215369427178573,-0.03142666941449704,-0.006864170308083339,-0.18532689142119985,-0.004626092925920977,0.11423917597550941,-4.1824463810929595,-4.5200352240887645,-1.0187297611486898,0.012323810670677933,-0.00016301730546355728
0.9,0.008005198870389689,1.5048319592661232,-1.000534902574311,-0.5399982209772712,0.0007579744527148335,4.765137971982203e-06,0.03524590242863581,-0.018093649038030485,0.017750038783044843,0.0035954333578444853,0.003659075665213565,8.130698112294215e-05,-1.294192284452322,-0.08887042326219075,-0.040072458747828645,-0.008763344156636765,-0.19159227612913377,-0.007314007621080476,0.06642735384650611,-4.184705601591599,-4.522431993207844,-1.019390446400016,0.007537073722747288,-0.00022591824775003303
0.91,0.008264709778874496,1.50464333748562,-1.0003614396398597,-0.5399634167718915,0.000785248952794508,5.45482508586349e-06,0.025951090848480678,-0.01886217805030883,0.01734629344514881,0.00348042053796684,0.0027274500079674437,6.896871138812875e-05,-1.3121388017891735,-0.08537245164431648,-0.0486131915878111,-0.010642196835545348,-0.19704652565310266,-0.009986943326414144,0.018512831734163425,-4.186731648944996,-4.525091138833513,-1.0201048456277217,0.002733599354282965,-0.00028954411849069423
0.92,0.008430442675483053,1.504447282466913,-1.0001925828612057,-0.5399298880080513,0.0008031132938482327,6.018904802796301e-06,0.016573289660855715,-0.01960550187069879,0.016885677865389397,0.003352876384023183,0.0017864341053724626,5.6407971693281106e-05,-1.3237611953471529,-0.08166415194658676,-0.05702140401127936,-0.012494611873727635,-0.20166235322896942,-0.012637498456755214,-0.02927462078990794,-4.188517327098112,-4.528004621191546,-1.020870794886254,-0.0020637704127197086,-0.0003535987016798684
0.93,0.00850201910479756,1.504244065071019,-1.000028888251246,-0.5398977565744779,0.0008115184528647338,6.455737585101316e-06,0.007157642931450797,-0.020321739589415494,0.016369460995977945,0.0032131433573382084,0.0008405159016501097,4.368327823050153e-05,-1.3290086051953471,-0.07775039642767732,-0.06526999540855445,-0.014314519224517708,-0.20541570931823738,-0.015258245799403047,-0.07670624665305066,-4.19005547060189,-4.531163592299828,-1.0216859360330974,-0.006832242333516854,-0.00041778494794971464
0.9400000000000001,0.008479513339164042,1.5040339747136313,-0.9998708972821061,-0.5398671405097684,0.0008104605065625771,6.764274689086093e-06,-0.002250576563351883,-0.021009035738768726,0.015799096913994764,0.003061606470951506,-0.00010579463021566805,3.085371039847769e-05,-1.3278616387252753,-0.07363655038477844,-0.07333231544785507,-0.016095915198655553,-0.2082859374361563,-0.01784174359514501,-0.12355541843633423,-4.191338951110549,-4.534558424201729,-1.0225477233001607,-0.011549181360119523,-0.000481806338235137
0.9500000000000001,0.008363451431598274,1.5038173190654995,-0.9997191350748328,-0.5398381535871589,0.000799980633287236,6.944061054684955e-06,-0.011606190756576873,-0.02166556481317712,0.015176220727334403,0.0028986922609439514,-0.0010479873275341081,1.7978636559886233e-05,-1.3203323981670396,-0.06932846443772588,-0.08118224958874093,-0.017832882526071292,-0.2102559218309814,-0.02038054813481982,-0.1695987401713435,-4.19236069129924,-4.538178738548553,-1.0234534305859544,-0.01619221907231233,-0.0005453682374804405
0.96,0.00815480804574162,1.5035944237077339,-0.999574108635951,-0.5398109049109795,0.0007801648966542507,6.995235451138325e-06,-0.020864338585665304,-0.022289535776567688,0.014502643888177607,0.0027248676179371088,-0.001981573663298522,5.117439645337004e-06,-1.306464345139378,-0.06483246590165476,-0.08879430285827414,-0.019519610466472548,-0.2113122256492881,-0.022867228027646735,-0.21461712824431048,-4.193113686344193,-4.542013437421138,-1.024400159451831,-0.02073936059494435,-0.0006081792326529645
0.97,0.007855001085619514,1.5033656317422368,-0.9994363051466651,-0.5397854985261614,0.0007511438121597936,6.918527889348008e-06,-0.029980696012210706,-0.022879196549710514,0.013780348928580422,0.002540638481805159,-0.0029021084494457094,-7.67075617903171e-06,-1.2863320038124604,-0.06015534935543956,-0.09614368161413507,-0.021150414889125113,-0.21144521816873407,-0.025294380267368632,-0.25839686604211565,-4.1935910329459505,-4.546050735304059,-1.0253848478024297,-0.025169089486560117,-0.0006699524494826845
0.98,0.007465884159254836,1.5031313033575295,-0.9993061903103188,-0.5397620330421306,0.0007130916990569138,6.715254323534991e-06,-0.038911692636467765,-0.02343283847072814,0.013011483634644879,0.0023465484030916555,-0.0038052113102879847,-2.0327356581301724e-05,-1.2600405051916563,-0.05530436650559286,-0.1032063730323141,-0.02271975823413358,-0.21064918964809554,-0.02765464819511454,-0.30073062717215693,-4.193785965715069,-4.550278192149492,-1.026404279227359,-0.029460470097265302,-0.0007304068425153957
0.99,0.006989736921220903,1.5028918153503033,-0.9991842067635435,-0.53974060127238,0.0006662258208592879,6.387308676594486e-06,-0.04761472380339322,-0.023948800722623745,0.012198354677527305,0.0021431769750589378,-0.004686587819762593,-3.2794564694050544e-05,-1.2277249759324254,-0.05028721543611051,-0.10995922206668018,-0.024222269276415687,-0.20892245232851359,-0.029940741419197447,-0.34141846231176864,-4.193691900582413,-4.554682747491027,-1.0274550929781905,-0.03359324690894258,-0.000789268453248466
1.0,0.006429253349921845,1.5026475606030816,-0.9990707725563311,-0.5397212898909727,0.0006108053188788358,5.937152235048973e-06,-0.0560483571299058,-0.024425474722166964,0.011343420721232922,0.0019311381407317878,-0.0055420501980452015,-4.501564415455129e-05,-1.1895497759658082,-0.045112029323342996,-0.11638000564616628,-0.025652762594037204,-0.20626742612564808,-0.03214545771934252,-0.3802687449908651,-4.193302484745469,-4.559250755589802,-1.0285337945519242,-0.037547940388442065,-0.000846271631310669
1.01,0.005787528025703068,1.502398947518433,-0.9989662797060437,-0.5397041791071756,0.000547129944223591,5.3678004707081575e-06,-0.06417253242187769,-0.024861308464865776,0.010449285028747722,0.0017110783797066418,-0.006367537465524486,-5.693517643408151e-05,-1.1457075900437343,-0.03978736468315821,-0.1224475038846218,-0.02700625765933784,-0.20269070757944796,-0.03426170692153552,-0.41709907188150563,-4.192611652521492,-4.563968021615585,-1.0296367668493023,-0.04130593890403069,-0.0009011602138495358
1.02,0.005068040485765599,1.5021463994102229,-0.9988710928301481,-0.5396893423593766,0.00047553859467241576,4.6828073570217135e-06,-0.07194875399374691,-0.0252548108210055,0.009518687589556108,0.0014836747799020337,-0.007159134955117522,-6.849931136864436e-05,-1.0964183790992357,-0.03432218920290313,-0.12814156809718202,-0.028277997455594284,-0.19820312067615742,-0.03628253668903769,-0.4517371134580051,-4.191613686349844,-4.568819838883265,-1.030760281873603,-0.04484958627707103,-0.0009536886584997211
1.03,0.004274637741233787,1.5018903538524442,-0.9987855478622182,-0.5396768460293785,0.0003964076637983997,3.886247258625077e-06,-0.0793402744531811,-0.025604555777870033,0.008554496792994413,0.00124963299981268,-0.007913093087401608,-7.965600983966371e-05,-1.041928198053111,-0.028725869197466503,-0.13344318542996345,-0.029463466526580218,-0.19281974822645775,-0.038201160134912704,-0.4840214111986606,-4.190303282072561,-4.573791027180032,-1.0319005129329135,-0.04816226456446419,-0.0010036231255228113
1.04,0.0034115150505586002,1.5016312619862116,-0.9987099508554863,-0.5396667491781065,0.0003101492106281451,2.9826944827022635e-06,-0.08631226906751871,-0.025909186623253994,0.00755970067319137,0.001009685127192925,-0.00862584531702546,-9.035527759228134e-05,-0.9825078873821473,-0.023008156712594183,-0.13833453992231154,-0.030558408378668467,-0.18655994257415465,-0.04001098511822254,-0.5138021178228939,-4.188675617525616,-4.5788659722298615,-1.0330535473062938,-0.05122847169269887,-0.00105074250493193
1.05,0.0024831950516853813,1.501369587785559,-0.9986445768779608,-0.5396591033037019,0.00021720895899498215,1.9772005904964398e-06,-0.09283199988732188,-0.026167420065240983,0.006537397752549158,0.0007645874404574023,-0.009294025163316295,-0.00010054938922058238,-0.9184516463901097,-0.017179176284985418,-0.14279906984021595,-0.03155884213279819,-0.17944731452100626,-0.041705645045225115,-0.5409416773931716,-4.186726423395558,-4.584028666349403,-1.0342153993317484,-0.054033893591240244,-0.0010948393846426055
1.06,0.0014945053630369546,1.5011058072827295,-0.9985896690028426,-0.5396539521229078,0.00011806413656605817,8.752695765642075e-07,-0.09886896886484267,-0.02637805028295637,0.005490787511820817,0.0005151180794186739,-0.009914482242892398,-0.00011019310139322324,-0.8500754966892105,-0.011249411352779135,-0.1468215211302049,-0.032461078344753314,-0.1715096994846914,-0.04327903095639263,-0.5653154424572112,-4.1844520552381805,-4.589262750352743,-1.035382023871485,-0.05656547050132954,-0.0011357209559243052
1.07,0.00045055477032639895,1.5008404077537032,-0.9985454373976841,-0.5396513313765848,1.3221164292135371e-05,-3.1716896782903295e-07,-0.10439505927105557,-0.026539952902618975,0.004423160515852511,0.00026207463229902753,-0.01048429722739228,-0.00011924385443932403,-0.7777156449039744,-0.0052296902966438505,-0.150387996856781,-0.03326173391131326,-0.16277910005342644,-0.04472532464124679,-0.5868122257603138,-4.181849565518778,-4.594551556761446,-1.0365493301075897,-0.058811457165882,-0.0011732098526643588
1.08,-0.0006432918775102154,1.500573886864776,-0.9985120585154342,-0.5396512686601223,-9.67867922589799e-05,-1.5937885824590929e-06,-0.10938466478366143,-0.0266520888927162,0.003337888224982685,6.271646257840124e-06,-0.011000795655111527,-0.000127661961463006,-0.7017267540486167,0.0008688279216962014,-0.15348600250091854,-0.03395774597627749,-0.1532916042699628,-0.04603903248682628,-0.6053347844179228,-4.1789167745176234,-4.599878154371002,-1.0377131956189976,-0.06076147663692479,-0.0012071449211978097
1.09,-0.0017814399344065297,1.5003067517810607,-0.9984896743902051,-0.5396537832794327,-0.0002114023975725863,-2.9478964245138313e-06,-0.11381480568963143,-0.026713508371526553,0.002238412522915168,-0.00025146193104015233,-0.011461560531360639,-0.00013541078420547387,-0.6224801334036526,0.007034668568863174,-0.15610448701172203,-0.0345463847532016,-0.14308727915424768,-0.047215019733088726,-0.620800234802454,-4.175652338949695,-4.605225394215112,-1.0388694806884875,-0.06240656746874076,-0.0012373819177030278
1.1,-0.0029580922515959444,1.5000395182378654,-0.9984783920402787,-0.5396588861331431,-0.00033004683415947117,-4.37246537377329e-06,-0.11766523171894147,-0.02672335431952988,0.00112823499264114,-0.000510285371035425,-0.011864443658688483,-0.00014245689492594588,-0.5403618570247433,0.013256056453157222,-0.15823387950857695,-0.03502526520656346,-0.13221003917138363,-0.04824854477769569,-0.6331403967638775,-4.1720558171739235,-4.61057595695543,-1.0400140427864282,-0.06373922409743105,-0.0012637941304140137
1.11,-0.004167277362602522,1.4997727095759805,-0.9984782829805521,-0.5396665796215133,-0.00045212259060664243,-5.860167610043557e-06,-0.12091851110065781,-0.026680866188488493,1.0905972654080397e-05,-0.0007693488370268636,-0.012207575644717125,-0.00014877022362702667,-0.45577082125817703,0.01952093180625595,-0.1598661215512591,-0.035392357503724214,-0.12070748955267407,-0.0491352931506332,-0.642302066168362,-4.168127729913759,-4.6159124017067645,-1.0411427511761566,-0.06475343024081415,-0.0012862729241566878
1.12,-0.005402878417682392,1.4995068557419988,-0.9984893828462891,-0.5396768575825315,-0.0005770163360283272,-7.403409510104793e-06,-0.12356010550798702,-0.026585383398176406,-0.0011099865737038527,-0.0010277961018126552,-0.012489374542168483,-0.0001543241900061236,-0.3691167518119591,0.025816966805220245,-0.1609946949004738,-0.0356459961819906,-0.10863074459327704,-0.049871410756137546,-0.6482472151015084,-4.163869615476073,-4.621217216286523,-1.0422515015842158,-0.06544468518629044,-0.0013047282049784763
1.1300000000000001,-0.006658662724030641,1.49924249225489,-0.998511691129713,-0.5396897052555492,-0.000704101866855234,-8.994367705828013e-06,-0.1255784306348249,-0.026436348710895112,-0.0022308283423975476,-0.0012847673017630553,-0.012708553082690683,-0.00015909581957232187,-0.2808181710410854,0.03213158281167978,-0.16161464470111497,-0.03578488797870677,-0.09603422126629102,-0.050453535967107055,-0.6509531194403652,-4.159284078538558,-4.626472868853247,-1.0433362308772942,-0.06581002286835708,-0.0013190888029089303
1.1400000000000001,-0.007928311746253249,1.4989801591401593,-0.9985451710306384,-0.5397050992727359,-0.0008327431115879719,-1.0625026140104642e-05,-0.12696490222226084,-0.026233311473062654,-0.0033479900925374264,-0.0015394017186782971,-0.01286412447327378,-0.00016306584342766286,-0.19130033614989234,0.03845196840756161,-0.1617225980351915,-0.03580811825941482,-0.08297540871885523,-0.050878830148298804,-0.6504124138496968,-4.154374831674221,-4.631661860872312,-1.0443929316865443,-0.0658480236717033,-0.0013293027711643746
1.1500000000000001,-0.009205451420542974,1.498720399833036,-0.9985897494219953,-0.5397230076785422,-0.0009622971789013612,-1.2287213952834845e-05,-0.12771396742897248,-0.025975930712324263,-0.004457839135684963,-0.0017908405806283643,-0.012955406731338931,-0.00016621878127302044,-0.10099315899689348,0.044765098307419364,-0.16131677779430625,-0.03571515600787212,-0.0695146144372582,-0.05114500618230457,-0.646633074601198,-4.149146728894062,-4.636766781318625,-1.0454176669191608,-0.0655588189300935,-0.0013353376003924285
1.16,-0.010483682635683444,1.498463760052258,-0.9986453169307562,-0.5397433899772706,-0.001092117434320891,-1.3972644025452198e-05,-0.12782312151404704,-0.02566397807782007,-0.005556750876088387,-0.002038229872834507,-0.012982025541952975,-0.00016854300726173516,-0.01032911810835372,0.051057753226244194,-0.16039701183367627,-0.03550585734081968,-0.055714688093173766,-0.05125035457632425,-0.6396383309478669,-4.143605790612709,-4.641770361996508,-1.0464065840966192,-0.06494408812539917,-0.0013371803468431747
1.17,-0.01175661173442424,1.498210786646153,-0.9987117281344267,-0.5397661972087658,-0.0012215565906010923,-1.567295200934082e-05,-0.12729290987407949,-0.025297340610489272,-0.0066411203670442695,-0.0022807231495321316,-0.012943915628020138,-0.00017003079838886234,0.08025882663030516,0.0573165407767638,-0.15896473737830666,-0.03518046750980086,-0.04164072430075144,-0.051193766739905694,-0.6294665061081322,-4.137759219574578,-4.6466555338269275,-1.0473559294589065,-0.06400704882501573,-0.0013348376736532336
1.18,-0.013017880889904621,1.4979620264128568,-0.9987888018729105,-0.5397913720521426,-0.0013499697969180427,-1.7379735661043612e-05,-0.12612691554803812,-0.024876023329601163,-0.0077073738483826315,-0.0025174843376707984,-0.012841320631695035,-0.0001706783651702792,0.17033930632960995,0.06352791746527493,-0.15702300065775807,-0.03473962137603415,-0.0273597457291318,-0.05097475504075569,-0.6161707892241896,-4.1316154074175095,-4.651405483922384,-1.0482620617744327,-0.0627524394293437,-0.0013283358047374958
1.19,-0.014261198213634503,1.4977180248966457,-0.9988763216752099,-0.539818848957375,-0.0014767177120441045,-1.9084594305383344e-05,-0.1243317323729882,-0.02440015162110945,-0.008751980229935744,-0.002747690523240504,-0.012674791512606176,-0.0001704858644339732,0.2594845924682099,0.06967821184598609,-0.15457645175616283,-0.03418434234018511,-0.012940368219514609,-0.05059346927076072,-0.5998189399551652,-4.125183931693851,-4.656003713240791,-1.0491214657960983,-0.06118649483387722,-0.0013177203911008848
1.2,-0.015480367454044405,1.4974793251625163,-0.9989740363000678,-0.5398485543044848,-0.0016011695468014868,-2.0779168246538966e-05,-0.12191692404099018,-0.023869973412937777,-0.00977146248578289,-0.002970534710977113,-0.012445183475738227,-0.00016945739411556223,0.3472726135488213,0.07575364888431366,-0.15163133467224232,-0.03351603972077133,0.0015475502491910653,-0.050050709185425146,-0.5804929276470546,-4.11847554331347,-4.6604340945823175,-1.0499307653052783,-0.05931691514257601,-0.0013030562897094662
1.21,-0.01666931714776467,1.4972464665512968,-0.9990816603893083,-0.5398804065899667,-0.0017227060612910545,-2.2455177946753237e-05,-0.11889496937202663,-0.023285861121941382,-0.0107624089240623,-0.0031852285481966305,-0.012153651448956764,-0.00016760097002142701,0.43328892964742094,0.08174037556781545,-0.1481954725906111,-0.03273650459122199,0.0160332747187939,-0.04934793281735583,-0.5582885072869743,-4.1115021445162325,-4.664680930667965,-1.0506867356872323,-0.05715282760045854,-0.0012844272553961915
1.22,-0.017822129089558512,1.497019983417726,-0.9991988752322805,-0.539914316640002,-0.0018407225026624017,-2.410446279270993e-05,-0.11528119417938391,-0.02264831335706885,-0.011721484297212268,-0.0033910050035261896,-0.01180164413713471,-0.00016492848459566934,0.5171286558504872,0.08762448778928308,-0.1442782483771379,-0.03184790408126059,0.03044557033886175,-0.04848726030760814,-0.5333147346982932,-4.104276757620897,-4.668729012016201,-1.0513863159836965,-0.054704741943607874,-0.0012619355466214105
1.23,-0.01893306599118117,1.4968004038540943,-0.9993253296394571,-0.5399501878499156,-0.0019546314695285992,-2.5719019270723532e-05,-0.11109369016226579,-0.0219579563631686,-0.012645440717660909,-0.0035871209913603116,-0.011390896686619755,-0.00016145564780136,0.5983983259998514,0.09339205851335837,-0.13989058031885973,-0.030852774171687164,0.044713089034996045,-0.04747147304741872,-0.5056934236649778,-4.096813484930131,-4.672563674314817,-1.0520266203711148,-0.051984499393888106,-0.001235701446261194
1.24,-0.019996598204334456,1.4965882484021946,-0.9994606409228992,-0.539987916449245,-0.002063865689531944,-2.7291038373744412e-05,-0.10635322131532839,-0.021215545189976558,-0.01353112834420906,-0.003772859932953415,-0.010923422000334474,-0.00015720191030208806,0.6767176886244922,0.09902916722040359,-0.13504489313909876,-0.02975401100823019,0.05876476327425273,-0.046304007977356565,-0.4755585478875268,-4.089127460296269,-4.676170854969662,-1.0526049490161478,-0.0490052155535132,-0.001205862698956889
1.25,-0.021007429388295522,1.496384028756484,-0.9996043959809461,-0.5400273917916969,-0.0021678806970328738,-2.8812942065808024e-05,-0.1010831183961067,-0.020421964571067982,-0.014375505804683227,-0.00394753424518864,-0.010401500750092992,-0.00015219036920636133,0.7517214274295398,0.1045219306067955,-0.12975508432900326,-0.02855486078300934,0.0725302043296292,-0.04498894694549116,-0.4430555908687126,-4.081234792966321,-4.679537148500555,-1.0531187982636794,-0.04578121748106111,-0.001172573866925885
1.26,-0.02196052100868347,1.4961882464615042,-0.9997561524841545,-0.5400684966691791,-0.00226615739842009,-3.027741863295749e-05,-0.09530916203879504,-0.019578229497980274,-0.015175650320845157,-0.0041104877482163,-0.009827670138721609,-0.00014644765671494657,0.823060799230805,0.1098565345023904,-0.12403648584775528,-0.027258908229704032,0.08594010234835237,-0.04353100109090435,-0.40834084700481377,-4.073152504426547,-4.682649860447345,-1.0535658701165096,-0.04232797525548471,-0.0011360056065051539
1.27,-0.02285111556014767,1.4960013916067512,-0.9999154401591752,-0.5401111076490126,-0.0023582045131226716,-3.167745675385027e-05,-0.0890594551464199,-0.01868548547530537,-0.01592876750207607,-0.004261097983350933,-0.009204711470258168,-0.0001400038120892784,0.8904051827638881,0.1150192669494064,-0.11790582125821872,-0.025870063790534158,0.09892662545454733,-0.04193549027839594,-0.3715806773169454,-4.06489845905501,-4.685497059446609,-1.053944080970248,-0.03866202835803269,-0.0010963438680740233
1.28,-0.023674758412477757,1.495823941522318,-1.000081762166925,-0.5401550954333411,-0.0024435608790411845,-3.300637812822547e-05,-0.08236428523300872,-0.017745008443309826,-0.016632200774971097,-0.00439877843285088,-0.008535636591851276,-0.00013289213743751955,0.9534435323561008,0.11999655237010523,-0.11138115837220473,-0.024392549532537864,0.11142381506565346,-0.040208317678083194,-0.3329507233975342,-4.056491289463028,-4.688067627140947,-1.0542515695714354,-0.034800907223669145,-0.0010537890223791555
1.29,-0.024427318186706203,1.4956563594787624,-1.0002545965710923,-0.5402003252396758,-0.0025217976118008215,-3.425786850715698e-05,-0.07525597742284434,-0.016758204355568167,-0.01728344041673374,-0.004522980633467727,-0.007823673275963686,-0.00012514903789315104,1.011885731023373,0.12477498673321445,-0.1044818575011353,-0.02283088387777407,0.12336797457206128,-0.0383559396445432,-0.2926350832690122,-4.047950317463385,-4.690351305589387,-1.054486704171761,-0.030763050333489996,-0.0010085549166606615
1.3,-0.025105005575158944,1.4954990933947607,-1.0004333978927034,-0.5402466572014354,-0.0025925201079616653,-3.542600697554717e-05,-0.06776873884527422,-0.015726608400176482,-0.017880132161116336,-0.004633196175965055,-0.00707224961608436,-0.00011681384683901892,1.0654638381374861,0.1293413736138874,-0.0972285154148941,-0.0211898652428857,0.1346980485254301,-0.03638533111913189,-0.250825452955809,-4.039295471642702,-4.692338741857677,-1.0546480888560572,-0.02656771723771751,-0.0009608678643515607
1.31,-0.025704390527066984,1.4953525745562173,-1.0006175987461698,-0.5402939467872668,-0.002655369883095203,-3.65052933446153e-05,-0.05993849519080384,-0.014651883854343465,-0.018420085346649316,-0.004728958583148412,-0.006284977513353773,-0.00010792863690681306,1.1139332273989495,0.13368276102653437,-0.0896429051326851,-0.01947455467476411,0.14535598949950224,-0.03430394683704974,-0.20772023765692932,-4.03054720253809,-4.694021529482193,-1.0547345690267556,-0.022234897915045678,-0.000910965572490861
1.32,-0.026222417729240763,1.4952172163505821,-1.00080661155195,-0.5403420452378601,-0.002710026236448125,-3.7490673520194215e-05,-0.05180272021737783,-0.01353582056352443,-0.018901280578017012,-0.004809845059327086,-0.005465635335292194,-9.85380175578916e-05,1.1570736114413829,0.13778647889561924,-0.08174791168347838,-0.017690257578048207,0.15528710983334548,-0.0321196786859993,-0.1635236364754687,-4.021726396423356,-4.695392246519587,-1.0547452360323444,-0.017785218888378394,-0.0008590960113508378
1.33,-0.026656420319389584,1.4950934130202047,-1.000999830320677,-0.5403908000189056,-0.0027562077347599236,-3.837756272144727e-05,-0.043400259014882106,-0.012380333037750157,-0.01932187687269214,-0.0048754781045515895,-0.004618149831179864,-8.868892012530508e-05,1.1946899499831,0.14164017701792514,-0.07356746398883247,-0.015842504647191502,0.16444041553298394,-0.029840809612438846,-0.11844470471373462,-4.0128542886981045,-4.696444489916355,-1.0546794309321812,-0.013239846529306917,-0.000805516231128818
1.34,-0.0270041317779003,1.4949815384386107,-1.0011966325033403,-0.5404400552887797,-0.002793673508675535,-3.916186643413451e-05,-0.034771145851071765,-0.011187458159398726,-0.019680218266334613,-0.004925526987413806,-0.003746577391561135,-7.843037126872431e-05,1.226613239023711,0.14523186335775937,-0.06512646304376049,-0.013937032096077245,0.17276891970442776,-0.027475964530237373,-0.07269639777908078,-4.003952377844601,-4.6971729059577925,-1.054536747394607,-0.008620387994008369,-0.0007504911308902069
1.35,-0.02726369595223467,1.4948819449136272,-1.00139638090186,-0.5404896523794865,-0.0028222243560937967,-3.983999899276315e-05,-0.025956417433437046,-0.009959352498342771,-0.019974839851976667,-0.004959709070687761,-0.002855084741826176,-6.781325586286411e-05,1.252701179157379,0.14854994250821835,-0.056450706580960436,-0.011979761309071385,0.18022993300743018,-0.02503405872725417,-0.026494600766666238,-3.9950423408727778,-4.697573216583449,-1.054317033729652,-0.0039487902415939816,-0.0006942921852695454
1.36,-0.027433675176525566,1.4947949620213057,-1.0015984256341568,-0.5405394302893325,-0.002841703647712393,-4.040889969681731e-05,-0.01699792242908952,-0.00869828923216034,-0.02020447322968349,-0.004977790984600489,-0.0019479291618596248,-5.6890070405416e-05,1.2728387216343524,0.15158325414383259,-0.04756681042812161,-0.009976778018945809,0.18678532876281384,-0.022524244304058527,0.019942852207921587,-3.9861459511145845,-4.697642241386329,-1.0540203940616275,0.0007527624076883355,-0.0006371961347372484
1.37,-0.02751305645741278,1.4947208954745967,-1.0018021061476086,-0.5405892261857631,-0.0028519980309657327,-4.0866046377738636e-05,-0.00793812808872114,-0.007406654670904858,-0.020368051345167365,-0.0049795896430652855,-0.0010294383253339576,-4.571466809213284e-05,1.2869384913468258,0.15432111128474355,-0.03850212678208074,-0.00793431112670373,0.19240178051323742,-0.019955855215357143,0.06639716486020736,-3.9772849991559203,-4.697377915144714,-1.0536471886505474,0.005461951712585366,-0.0005794836455182327
1.3800000000000001,-0.027501255705625005,1.494660026030719,-1.0020067532745862,-0.5406388759167509,-0.002853037929499417,-4.120946634537431e-05,0.00118007517877744,-0.006086944387770811,-0.020464712697761244,-0.004964973098777554,-0.00010398985336843502,-3.4341996763567296e-05,1.2949410864402644,0.15675333818909049,-0.029284659643292413,-0.005858711274387474,0.19705097002519167,-0.017338351502584892,0.11264956772618712,-3.968481217609604,-4.696779300768506,-1.053198033374537,0.01015642948501279,-0.0005214379455021316
1.3900000000000001,-0.027398120001253135,1.4946126084411306,-1.0022116913235881,-0.5406882145290874,-0.002844797836279164,-4.143774465517232e-05,0.010313570437186934,-0.004741758958848232,-0.020493804900193174,-0.004933861233661677,0.0008240093220252989,-2.282783097980081e-05,1.296815254755379,0.15887030768858523,-0.019942977668075703,-0.0037564292829019297,0.20070976393283146,-0.01468126332414843,0.1584823052747335,-3.959756210337243,-4.69584659757547,-1.052673798388132,0.014813921633411194,-0.00046334344271015864
1.4000000000000001,-0.027203927889040306,1.4945788704479606,-1.002416240199336,-0.5407370767919051,-0.0028272963993889043,-4.1550029650428746e-05,0.019419211221283005,-0.0033737993170056078,-0.02045488757477471,-0.004886226281767714,0.001750143689025964,-1.1228499525642789e-05,1.2925579477868292,0.16066297778361277,-0.010506124715673039,-0.001633994563109975,0.20336035745387981,-0.011994135395895666,0.20367961717082103,-3.9511313866238997,-4.694581144846814,-1.0520756059736889,0.019412331811711737,-0.0004054843330783065
1.41,-0.026919387708307447,1.4945590118306928,-1.0026197175450648,-0.5407852977237284,-0.0028005963005279673,-4.154603574731477e-05,0.028454018073285858,-0.001985861726766935,-0.020347734572882078,-0.004822093182334006,0.002670009886093692,3.9939031139794375e-07,1.2821942533000077,0.16212292731591532,-0.0010035283822082408,0.0005020064035070604,0.20499038385927193,-0.009286472449156591,0.24802870977002683,-3.942627900698551,-4.692985420645109,-1.0514048276049262,0.02392984421344078,-0.0003481432044777842
1.42,-0.026545633970312305,1.4945532035068045,-1.0028214409001346,-0.5408327131213422,-0.0027648039271666275,-4.142604344416548e-05,0.03737537379951425,-0.000580832388833601,-0.020172335506972176,-0.004741539761371909,0.0035792373361339994,1.199923031492868e-05,1.2657772081771734,0.16324239054183182,0.008535093175697527,0.0026449514056460788,0.20559298864573083,-0.006567686302635378,0.2913207139868565,-3.934266596877942,-4.69106303591068,-1.050663080242986,0.028345025055364525,-0.0002915996440188477
1.43,-0.02608422180388007,1.4945615866899582,-1.003020729866003,-0.5408791600887498,-0.0027200688402587146,-4.11908965505259e-05,0.04614121664322328,0.0008383183153750562,-0.019928896586830384,-0.004644696740760989,0.004473508690791302,2.3514689363957674e-05,1.2433874934663423,0.16401429043496374,0.018079825805484877,0.0047882035866613215,0.2051668676416396,-0.00384704512246703,0.33335162575004285,-3.9260679604930897,-4.688818723884664,-1.0498522218863222,0.0326369223016451,-0.00023612885577144747
1.44,-0.025537119498021968,1.4945842721092295,-1.0032169082735456,-0.5409244775644947,-0.0026665830403355506,-4.0841996645644564e-05,0.05471023058581028,0.002268541927132806,-0.01961784075426943,-0.004531747574490889,0.005348579992316399,3.488999048813381e-05,1.2151330139816143,0.16443227055479365,0.027600654982880887,0.0069251321811705235,0.20371626857321345,-0.0011336254129945544,0.3739232253365467,-3.9180520746392613,-4.686258324937715,-1.0489743463962449,0.03678516318771017,-0.0001820002960831339
1.45,-0.024906699177953098,1.4946213392927112,-1.0034093063446763,-0.5409685068456179,-0.0026045800357133446,-4.038129479040143e-05,0.06304203200688704,0.0037067183481735867,-0.01923980711307961,-0.00440292811232447,0.006200300462220597,4.607018552431306e-05,1.1811483651513972,0.16449072532698902,0.037067562154289996,0.009049132833313323,0.20125095592119546,0.0015637327590141137,0.41284397196180805,-3.9102385826729167,-4.683388766912479,-1.048031777620125,0.040770049112855165,-0.00012947633367992506
1.46,-0.02419572565841349,1.4946728359186887,-1.0035972628412129,-0.5410110921065359,-0.0025343337174327076,-3.9811280530971305e-05,0.07109735195396051,0.005149662597746227,-0.01879564965365421,-0.004258526091796709,0.007024631828063681,5.7001425943012386e-05,1.1415941901323599,0.16418482859128988,0.046450621449965424,0.011153647424848367,0.19778613921202393,0.004236466849555143,0.4499298700964819,-3.9026466562658455,-4.680218041115296,-1.0470270628341636,0.044572647481956794,-7.881094169770545e-05
1.47,-0.023407343525468898,1.4947387772374139,-1.0037801271939566,-0.5410520809111367,-0.00245615704641064,-3.913496824676849e-05,0.07883821329445934,0.006594131872525293,-0.018286435274367383,-0.0040988804600824765,0.007817667102206743,6.763122842028136e-05,1.096656430501894,0.16351056028404365,0.0557200964096284,0.013232183370131656,0.19334236520314985,0.006876328833494982,0.4850053040788791,-3.895294968718736,-4.676755174117868,-1.0459629655272757,0.04817488008950916,-3.0248428709272698e-05
1.48,-0.02254506250500451,1.4948191455663309,-1.003957261605001,-0.5410913247164156,-0.002370400559118866,-3.835588090930717e-05,0.08622810204643859,0.008036832891690061,-0.017713441104440283,-0.003924380527892437,0.008575648729177404,7.790873374613214e-05,1.0465454741134137,0.16246473113468707,0.06484653636575838,0.015278332312369969,0.18794537473890216,0.009475417769327144,0.5179038376975267,-3.8882016731362232,-4.673010195552731,-1.0448424575472004,0.05155960765345874,1.5977784315589065e-05
1.49,-0.021612741182911135,1.4949138898614145,-1.004128043116358,-0.5411286793659971,-0.002277450698904599,-3.747803133245193e-05,0.09323213220933745,0.009474429508351583,-0.017078151135691746,-0.0037354649581453434,0.009294986021426727,8.778495768552416e-05,0.9914952039461242,0.16104500526795623,0.07380087211912834,0.01728578819964799,0.18162592536972166,0.012026207665218114,0.5484689755292731,-3.881384384974385,-4.668994102107247,-1.043668710629395,0.054710710121946234,5.964633435288967e-05
1.5,-0.02061456914848575,1.4950229253670893,-1.00429186563809,-0.5411640055719246,-0.0021777279808377395,-3.6505901008038155e-05,0.09981720344253854,0.010903550567486733,-0.016382252173197876,-0.0035326205927479234,0.009972271806685945,9.721303244137747e-05,0.931761952009322,0.15924992061599888,0.08255451054761101,0.019248364706188625,0.17441958113386313,0.014521570440089726,0.5765548829353936,-3.8748601683915815,-4.664718817939242,-1.0424450873287698,0.05761316239302958,0.00010054902742491077
1.51,-0.019555047638815076,1.4951461333469858,-1.0044481419292648,-0.5411971693831383,-0.0020716849986993444,-3.5444416633919105e-05,0.10595215096706762,0.012320797989644899,-0.015627629117483034,-0.003316381121374146,0.0106042982138395,0.0001061484374119048,0.8676233625691604,0.1570789070584635,0.09107942778950681,0.021160011976782855,0.16636647120311743,0.016954793859570105,0.602027061741013,-3.8686455257657104,-4.6601971517536285,-1.0411751313739115,0.06025310510570079,0.00013849188417741653
1.52,-0.018438968767870077,1.4952833608975749,-1.0045963055251987,-0.541228042639105,-0.0019598042834173507,-3.4298924454060384e-05,0.11160788709449997,0.013722755058908588,-0.014816359593400502,-0.003087325596662781,0.011188071528199357,0.00011454921798587205,0.7993771691596507,0.15453230221989162,0.09934826064580918,0.023014832693115772,0.15751101937572187,0.01931959439407116,0.624762978752294,-3.8627563896868304,-4.655442750792984,-1.0398625574632006,0.06261791017999278,0.00017329611396136202
1.53,-0.017271393429700726,1.495434420846504,-1.004735812604632,-0.5412565034071126,-0.0018425960229045753,-3.307516254226544e-05,0.11675753381693507,0.015105994892926902,-0.013950707943330665,-0.00284607680076715,0.011720826051277534,0.00012237619117949478,0.7273398900181794,0.15161136486776822,0.10733439585620065,0.02480709744815557,0.14790164667309114,0.02161012502850923,0.6446526444013417,-3.857208116694414,-4.650470052006525,-1.0385112405222432,0.06469624080465025,0.00020479901179890026
1.54,-0.016057627970473453,1.4955990917372268,-1.004866143790679,-0.5412824364017993,-0.0017205956538586787,-3.1779231172394475e-05,0.12137654592272744,0.016467089072279277,-0.013033118604703315,-0.002593299468663315,0.012200036904589656,0.0001295931369870962,0.6518454467554987,0.14831828586483675,0.1150120569089436,0.02653125944286905,0.13759044954160649,0.02382097813055195,0.6615991389512644,-3.8520154820043553,-4.645294230670919,-1.037125204442355,0.06647810559268612,0.00023285477300738727
1.55,-0.014803199729128542,1.4957771179012864,-1.0049868058796203,-0.5413057333855401,-0.0015943613366420292,-3.0417561428455795e-05,0.12544282413449112,0.01780261640596867,-0.012066208894133908,-0.002329698374080344,0.01262343172166494,0.00013616697439386793,0.5732437112302711,0.14465619664133533,0.12235638805969082,0.02818196850474408,0.12663285638715793,0.02594718355523551,0.675519083843612,-3.847192674462465,-4.639931146743177,-1.0357086103204967,0.06795490664811196,0.00025733522068863547
1.56,-0.013513831551141213,1.4959682096193812,-1.0050973334918467,-0.5413262935483834,-0.001464471324869329,-2.899688221762637e-05,0.1289368177987328,0.019109171809478562,-0.011052761222630637,-0.002056016284327576,0.012989001177270011,0.00014206792108294243,0.49189898575375846,0.14062917516236906,0.12934353524292683,0.029754084455682395,0.11508726536813585,0.027984202240112166,0.6863430559282427,-3.842753290969052,-4.634397289230423,-1.034265744222116,0.069119481311199,0.00027813044176177486
1.57,-0.012195415384237927,1.4961720433720966,-1.0051972906395303,-0.5413440238662903,-0.0013315212417907647,-2.7524185858029548e-05,0.13184161669032857,0.020383375271541753,-0.009995714768371742,-0.001773031790695656,0.013295008307856446,0.00014726963595968208,0.40818842190298266,0.13624224937529655,0.13595072358177399,0.031242689827696846,0.10301466653693492,0.02992791561005731,0.6940159424820777,-3.838710329643246,-4.628709718863765,-1.0328010044898346,0.06996613737474448,0.00029514932772371967
1.58,-0.010853985068938116,1.4963882621809521,-1.005286272205885,-0.5413588394365049,-0.0011961212759667608,-2.6006692420898252e-05,0.13414303152998108,0.021621880885556506,-0.008898156635462827,-0.001481557021450307,0.013539996582400392,0.00015174934371312953,0.3225003833723046,0.13150139812895573,0.14215633120875354,0.03264310197173925,0.09047825155877054,0.03177461117170849,0.6984972350989553,-3.8350761810356047,-4.622886009363764,-1.031318888622766,0.07049068158996637,0.00030832001685848775
1.59,-0.009495688440449871,1.4966164760401666,-1.0053639053311736,-0.5413706637889527,-0.0010588933090857826,-2.4451813013524833e-05,0.13582966284882442,0.022821385921434713,-0.007763312528843836,-0.0011824352447822235,0.013722796688097817,0.00015548794073734178,0.2352327584468166,0.12641354956495474,0.14793995914069719,0.03395088455287598,0.07754301433344524,0.03352096473555827,0.6997612607185056,-3.831862616752831,-4.61694418758328,-1.0298239797535735,0.07069044130777039,0.0003175902351818282
1.6,-0.008126758861734381,1.4968562624393023,-1.005429850700945,-0.5413794291726463,-0.0009204679890778254,-2.2867112195094886e-05,0.13689295787154904,0.023978639913563856,-0.006594536977131348,-0.0008765383693573759,0.013842532000795712,0.00015847008184299475,0.14679122783755458,0.1209865769851587,0.15328249695842414,0.035161858477430585,0.06427534590873851,0.03516401974919167,0.6977973482584164,-3.8290807749282867,-4.610902672809705,-1.0283209327529936,0.07056427912919669,0.0003229275339970964
1.61,-0.0067534863104556815,1.4971071669767073,-1.0054838037323113,-0.5413850768161501,-0.0007814817619222082,-2.1260269722080855e-05,0.13732725512786995,0.025090453740501638,-0.005395303136629723,-0.0005647643503884892,0.013898622715561726,0.00016068424730140298,0.057587493779192776,0.11522929220518,0.15816618407347047,0.0362721122531684,0.05074262709972993,0.03670116426301191,0.6926099295222276,-3.8267411420551416,-4.604780215502971,-1.0268144599945663,0.07011260046779956,0.0003243194225478734
1.62,-0.0053821881450363575,1.4973687040634271,-1.0055254956544217,-0.5413875571612439,-0.0006425738757381439,-1.963904182329721e-05,0.13712981654193235,0.026153708671990926,-0.0041691922110405726,-0.000248034509379215,0.013890788618406426,0.0001621227898783645,-0.03196252354337861,0.10915143640651889,0.162574666378594,0.03727801180891821,0.037012822215510055,0.03813010608444235,0.684218573274492,-3.824853530794533,-4.598595835738085,-1.0253093168155538,0.0693373539564908,0.0003217733948781632
1.6300000000000001,-0.00401917967713213,1.4976403577170159,-1.005554694479647,-0.5413868300690029,-0.0005043833708795829,-1.8011222206969737e-05,0.1363008467904227,0.02716536535886637,-0.0029198825225195944,7.270922409797456e-05,0.01381905048585611,0.0001627819616327471,-0.12144051600102944,0.10276366850196583,0.16649304810642213,0.03817620978138281,0.023154077236504866,0.03944884669138569,0.6726579516073002,-3.8234270534768457,-4.592368761611619,-1.0238102867134853,0.06824202466191256,0.0003153168506474321
1.6400000000000001,-0.002670744679504118,1.49792158244443,-1.0055712058623538,-0.5413828649976024,-0.0003675460698314148,-1.638460300322964e-05,0.13484349976280122,0.02812247274142413,-0.001651138270687699,0.00039650714005505793,0.01368373010481681,0.00016266192037400981,-0.21042763754440102,0.09607755103028472,0.16990793874031915,0.03896365428540893,0.009234325698496249,0.040655654491130955,0.6579777379670898,-3.822470091129067,-4.586118367860361,-1.0223221663213378,0.0668316201006271,0.00030499691029057987
1.6500000000000001,-0.0013431059594915,1.4982118042129484,-1.0055748738425236,-0.5413756411512376,-0.00023269158072187736,-1.4766935845302738e-05,0.1327638720012618,0.02902217685182972,-0.0003667980169902191,0.0007223846364786091,0.013485448910953744,0.00016176671579269005,-0.29850636765008326,0.08910553359699047,0.172807494849993,0.03963759715910109,-0.004679094593508459,0.041749038008940975,0.6402424364686199,-3.8219902579823395,-4.579864114927427,-1.0208497502079266,0.0651126490832283,0.0002908801255571393
1.6600000000000001,-4.239612905332325e-05,1.4985104215078098,-1.0055655814718478,-0.5413651475996412,-0.00010044032822568243,-1.316589329132734e-05,0.13007098304381767,0.0298617294861421,0.0009292370675818972,0.0010493551596470999,0.013225125249619493,0.00016010425539753992,-0.385262381408448,0.08186093387685651,0.17518145674257996,0.040195601696373484,-0.01851981106682432,0.04272771958231425,0.6195311423940593,-3.8219943615400593,-4.5736254886966785,-1.0193978155535963,0.06309309344479447,0.000273052087104627
1.67,0.0012253712973600563,1.4988168064750251,-1.0055432513203184,-0.5413513833677666,2.8599374466150256e-05,-1.158903078621259e-05,0.12677674264133795,0.030638496721530968,0.002233015152941103,0.0013764231874600235,0.012903970269183268,0.0001576862505114749,-0.4702864192880118,0.07435791619363645,0.17702117984923038,0.04063554984928641,-0.03222276934196744,0.04359061011749804,0.5959372340590369,-3.8224883584149585,-4.567421941100207,-1.0179711067546107,0.06078237275279795,0.00025161693145284907
1.68,0.002454330346044532,1.4991303061475678,-1.0055078458617208,-0.5413343574952987,0.0001538341990903999,-1.0043749359263066e-05,0.12289590486844752,0.0313499672542626,0.003540545859763101,0.0017025872467910808,0.012523482462424964,0.0001545281426949523,-0.5531761494265022,0.06661146769146789,0.17831966078827619,0.040955648889181684,-0.04572456713313544,0.044336785436854875,0.569567996524033,-3.823477306271805,-4.561272831786175,-1.0165743200126385,0.058191302116543844,0.00022669675022414233
1.69,0.00363879043803392,1.499450243752908,-1.0054593677368222,-0.5413140890657404,0.00027468860786485164,-8.537259248473895e-06,0.11844600919893881,0.03199376053401882,0.0048478124898631205,0.0020268429558301586,0.012085440877445175,0.0001506490110789171,-0.6335380151196064,0.05863737211065364,0.17907155806886113,0.04115443751170178,-0.058963766829466024,0.0449654647081047,0.5405441779378415,-3.8249653123379272,-4.555197371015675,-1.0152120879683817,0.055332043255283944,0.00019843090519388045
1.7,0.004773263524720877,1.499775920099609,-1.00539785989344,-0.541290607204917,0.0003906075781177345,-7.076544636481976e-06,0.11344730866869566,0.03256763467010465,0.006150784338212367,0.0023481860823483256,0.01159189702528829,0.00014607146119919185,-0.7109890600066773,0.050452181180077986,0.1792732074238904,0.04123079135507324,-0.07188118478562044,0.04547599140093439,0.5089994796192451,-3.8269554790642353,-4.549214563937463,-1.0138889644405102,0.05221804901519229,0.00016697525325120699
1.71,0.0058524903777511655,1.50010661504046,-1.0053234056029612,-0.5412639510488287,0.00050105923328935,-5.668329676188241e-06,0.10792268530302888,0.03306949408509439,0.007445429047884779,0.002665615608819597,0.011045165517161547,0.00014082149602937343,-0.7851587232926918,0.042073183637496285,0.17892263178122644,0.041183927906312756,-0.08442015566045002,0.045867817164520375,0.4750799813122999,-3.8294498476322985,-4.543343156368796,-1.0126094093326095,0.04886400155823191,0.00013250128591722906
1.72,0.006871465908157818,1.5004415890093747,-1.005236128353266,-0.5412341696808752,0.0006055373679867596,-4.319045976097204e-06,0.10189755304066526,0.033497396891470126,0.008727724969522899,0.002978136795348165,0.010447813469740969,0.00013492837000910366,-0.8556905972026818,0.03351837188916031,0.17801954590384314,0.041013410757235746,-0.09652677046545444,0.04614048895925116,0.43894350338828036,-3.8324493401061064,-4.5376015821895335,-1.011377773771792,0.045285744478410196,9.519518858212188e-05
1.73,0.00782546339259058,1.500780084629043,-1.0051361916183925,-0.5412013220385613,0.0007035638552124074,-3.0348017065135868e-06,0.09539974844327606,0.033849561966829936,0.00999367348735417,0.0032847642313934616,0.009802648722564783,0.00012842442695836176,-0.9222441387421159,0.024806406320556598,0.17656535575014823,0.04071915317477259,-0.10815008732366316,0.04629363971237521,0.4007589081116922,-3.8359537011177305,-4.532007912434985,-1.010198285542766,0.0415002091328277,5.525682509970086e-05
1.74,0.0087100574879625,1.501121328386076,-1.0050237985056492,-0.5411654767898878,0.0007946909243814774,-1.8213524779587186e-06,0.08845940953719207,0.034124375703297356,0.011239311274336753,0.003584524867345292,0.009112706916906996,0.00012134492285548681,-0.9844963277406706,0.015956577272312637,0.17456315262226324,0.04030142094493572,-0.11924231428246479,0.04632698269804625,0.3607053424367503,-3.8399614400526856,-4.526579806151809,-1.009075034880661,0.03752533550607154,1.2898653813894745e-05
1.75,0.009521145919888611,1.5014645323701445,-1.0048991912812522,-0.541126712179717,0.0008785032992892473,-6.840741325945226e-07,0.08110884319261108,0.034320398406856065,0.012460722439695865,0.0038764610170835445,0.008381237490776992,0.0001137278345364196,-1.0421432630909706,0.006988764697658178,0.17201770219157012,0.039760834443171134,-0.1297589638704526,0.04624030977061944,0.3189714251521687,-3.844469774760782,-4.521334463060008,-1.0080119606845466,0.03337998795669459,-3.165541851714678e-05
1.76,0.010254969734937473,1.5018088960733693,-1.0047626507759233,-0.5410851158464893,0.0009546201857870871,3.720624218518178e-07,0.07338238150488623,0.034436370322486046,0.01365405053288259,0.004159633322762699,0.007611688649783975,0.00010561365544463403,-1.0949016890653498,-0.0020766044773021393,0.16893542850252233,0.03909836989198656,-0.13965897942982153,0.04603349350597474,0.27575438154333026,-3.8494745778604393,-4.516288578043931,-1.0070128372115124,0.029083866223534087,-7.817123809017874e-05
1.77,0.010908132011958373,1.5021536082459812,-1.0046144956722347,-0.5410407846097575,0.001022697099572243,1.3425142181016528e-06,0.06531622770209007,0.034471217261193156,0.014815510368863095,0.004433123673181473,0.006807691378515585,9.70451796249835e-05,-1.1425104436052425,-0.011218601263921756,0.16532439307454053,0.038315359754292844,-0.1489048335906764,0.045706493231711054,0.23125912908930593,-3.85497032672746,-4.511458297476191,-1.0060812613083427,0.024657412097259673,-0.0001264056536170768
1.78,0.011477614933584587,1.5024978488040346,-1.0044550816758286,-0.5409938242290849,0.0010824275251900904,2.2231869702003298e-06,0.05694829216262147,0.03442405580532667,0.015941399640604165,0.004696038067249636,0.005973042561784751,8.80672752098677e-05,-1.184731820536899,-0.02041584175811954,0.16119426923037397,0.03741349223045848,-0.1574625995735941,0.045259364853055484,0.18569731805458353,-3.8609500582617757,-4.5068591773608695,-1.005220640234269,0.020121712188571853,-0.00017610780673374865
1.79,0.011960795125442373,1.5028407907847243,-1.004284800572972,-0.5409443491349427,0.0011335443980858438,3.0104534571244684e-06,0.048318019185778605,0.034294198068979716,0.01702811028565899,0.004947509414219401,0.005111687289575345,7.872664869241384e-05,-1.2213528377762195,-0.029646536480898638,0.15655631179708615,0.03639480980299059,-0.16530199630860398,0.0446922743085163,0.13928633116879485,-3.8674053295073203,-4.50250614326708,-1.0044341801241,0.015498397248703126,-0.0002270204557292718
1.8,0.012355457177607691,1.503181602344632,-1.0041040791772236,-0.5408924821323173,0.0011758214023232481,3.7011694703110134e-06,0.039466205216531686,0.03408115599078108,0.018072139574857555,0.005186700262541165,0.004227700423740442,6.907160131865449e-05,-1.25218640375057,-0.03888854185908654,0.15142332232932307,0.035261706803702886,-0.1723964086390133,0.04400551442122569,0.09224824690869693,-3.8743261851606143,-4.498413452010974,-1.0037248751362986,0.01080953852008136,-0.00027888132493620395
1.81,0.01265980527043508,1.5035194487960024,-1.0039133781683007,-0.5408383540778233,0.00120907407740779,4.29268725989907e-06,0.030434809282738867,0.03378464513702738,0.019070100892272512,0.005412805449401806,0.0033252675084541774,5.9151778958805624e-05,-1.277072374489346,-0.04811941378042639,0.14580961001928439,0.034016925959191424,-0.17872288412968107,0.043199524845926485,0.044808771201925536,-3.8817011329430637,-4.494594655034104,-1.0030954973253412,0.006077541615013487,-0.00033142447204827127
1.82,0.012872472835017747,1.5038534946759412,-1.0037131908265324,-0.540782103531191,0.001233160728508425,4.782866428265747e-06,0.02126675645826665,0.033404587993887125,0.02001873417683454,0.005625054663227878,0.0024086651100635194,4.901791683666772e-05,-1.2958784941220027,-0.05731646314363482,0.1397309484601479,0.03266355388946543,-0.18426210822286393,0.04227491475065981,-0.002803857342029227,-3.889517127730736,-4.491062563419095,-1.0025485872721633,0.0013250384378305365,-0.00038438166561284993
1.83,0.01299253018720173,1.5041829058432246,-1.0035040416665602,-0.5407238763820743,0.0012479831352614967,5.1700822333260764e-06,0.012005735218398393,0.032941116728345224,0.020914915997228063,0.005822714911677893,0.0014822406753071627,3.872158050603299e-05,-1.3085012118737196,-0.06645681330863983,0.13320452843861916,0.031205015534446934,-0.18899835967161138,0.04123248781856437,-0.050359983304861695,-3.8977595652348316,-4.487829214479979,-1.002086445500682,-0.0034252223190578035,-0.000437483764982004
1.84,0.0130194900832418,1.504506851597211,-1.0032864849742305,-0.5406638254531952,0.0012534870552598938,5.453231277964404e-06,0.0026959896040069913,0.03239457539865403,0.021755669232973753,0.0060050928879020965,0.0005503919998397181,2.8314904463832755e-05,-1.314866369068108,-0.07551745933595432,0.12624890693556626,0.029645067485272486,-0.192919448334254,0.040073269106653875,-0.09762966583063935,-3.9064122859076598,-4.4849058398646475,-1.0017111247025254,-0.00815048556249992,-0.000490462095096348
1.85,0.012953311154818773,1.5048245068131745,-1.0030611032508714,-0.540602110080914,0.001249662519275875,5.6317345757835025e-06,-0.006617892842302766,0.03176552159632975,0.022538172335915086,0.006171537228129654,-0.0003824535984018751,1.7850329781909815e-05,-1.3149297501332542,-0.08447532888668112,0.1188839525159476,0.027987790215636105,-0.1960166375264425,0.0387985332584746,-0.144383819681562,-3.915457589613851,-4.482302835110651,-1.0014244227862155,-0.012828100517267552,-0.0005430498086186562
1.86,0.012794399191198182,1.5051350540882062,-1.0028285055693948,-0.5405388956743747,0.0012365439162333744,5.705537997012567e-06,-0.01589119636205915,0.03105472750318335,0.023259768147646204,0.00632144065392667,-0.0013118603042500602,7.3803421229064316e-06,-1.3086774921632927,-0.09330734463570822,0.11113078729410478,0.026237579195996466,-0.1982845532026296,0.03740983353303329,-0.19039535998969565,-3.924876261458232,-4.480029730603279,-1.0012278767613776,-0.01743563121765126,-0.0005949832281269678
1.87,0.012543606246754182,1.5054376858916914,-1.0025893258468974,-0.5404743532544469,0.0012142098669308612,5.675110111826245e-06,-0.025079294444400085,0.03026318034850725,0.023917972249748617,0.00645424199278364,-0.002233404930251321,-3.0427885186321915e-06,-1.2961263482104628,-0.10199048803243183,0.10301172565607436,0.02439913490541578,-0.19972108227385021,0.03590903108992216,-0.2354403445765504,-3.9346476090015687,-4.478095163896212,-1.001122757463132,-0.02195096621036858,-0.0006460031613167904
1.8800000000000001,0.012202227562860457,1.5057316067142248,-1.0023442210386468,-0.5404086589737369,0.0011827828865145515,5.541437461416599e-06,-0.03413786838937249,0.029392082253354025,0.024510480825047525,0.006569428071003375,-0.003142698041630981,-1.336726504096459e-05,-1.2773238001722316,-0.1105018642232774,0.09455020992788896,0.022477451733973596,-0.20032726236225962,0.03429832395363408,-0.27929910761120347,-3.944749510927167,-4.476506853369976,-1.0011100651168188,-0.026352426907162434,-0.0006958561824459856
1.8900000000000001,0.011771996304206903,1.5060160352087333,-1.0020938692585526,-0.5403419936190049,0.0011424288367093997,5.306017299856714e-06,-0.04302312586535544,0.028442849450839837,0.02503517800942949,0.006666535473199233,-0.004035404980515186,-2.3542016155988445e-05,-1.2523480178899677,-0.11881876793151468,0.08577074317113559,0.020477805799498636,-0.20010716525080952,0.032580275073226694,-0.3217573783170607,-3.9551584770474433,-4.475271573221709,-1.00119052573869,-0.030618874028719247,-0.0007442958735800613
1.9000000000000001,0.01125507612087721,1.506290206317469,-1.0018389678314017,-0.5402745420973744,0.0010933561698270875,4.970847862031282e-06,-0.05169201833296929,0.02741711087357412,0.025490142715099962,0.006745152163059748,-0.004907266688231225,-3.351694378254322e-05,-1.221307661888227,-0.1269187500711005,0.07669881928941048,0.018405741698428207,-0.199067776202706,0.030757838893373135,-0.36260737841951624,-3.965849719364122,-4.474395129800805,-1.0013645883642828,-0.03472981158808979,-0.0007910840195561768
1.9100000000000001,0.010654051558954162,1.5065533733784855,-1.0015802312823268,-0.5402064929077705,0.001035814967581278,4.538416224626407e-06,-0.06010245619230478,0.02631670610165668,0.02587365490748413,0.006804918960390025,-0.005754120224580933,-4.324316374048744e-05,-1.1843415280500191,-0.1347796848524698,0.06736085062734976,0.01626705821372404,-0.19721887120856607,0.02883438586739495,-0.4016488920531368,-3.9767972337214377,-4.473882339328572,-1.001632423092898,-0.038665487871640494,-0.0008359917509765663
1.92,0.009971916353938185,1.5068048102051572,-1.0013183892691337,-0.5401380375990723,0.0009700957787456906,4.011683838311733e-06,-0.06821352050159762,0.025143682667174455,0.026184201319291018,0.006845530869811615,-0.006571918883558751,-5.2673238631467426e-05,-1.1416180334395496,-0.14237983712184538,0.05778409323969612,0.014067793019124447,-0.19457289407023204,0.02681372435704732,-0.4386903019188961,-3.9879738914226164,-4.473737007065267,-1.0019939199339996,-0.04240699288869058,-0.0008788006299619779
1.93,0.00921205965279883,1.5070438131322947,-1.001054184463268,-0.5400693702165036,0.0008965282606849421,3.394069819765102e-06,-0.07598567011393542,0.02390029271376101,0.026420480586572783,0.0068667382568725925,-0.007356751806074845,-6.176140185466305e-05,-1.0933345434428232,-0.14969792965956638,0.047996570010143964,0.011814206406939587,-0.19114483504753554,0.02470011939365846,-0.4735495856000538,-3.999351540019207,-4.473961908014221,-1.002448688439461,-0.04593635177734367,-0.0009193036738383046
1.94,0.008378250221953737,1.50726970302242,-1.000788370385339,-0.5400006867378264,0.0008154796307664073,2.6894321020420368e-06,-0.08338094308450934,0.022588989012536163,0.026581407792900167,0.0068683478677172005,-0.00810486299185348,-7.046377177230652e-05,-1.0397165413898484,-0.15671321014975634,0.03802699178834467,0.009512764105411076,-0.18695211259095235,0.022498307810799423,-0.5060552661097113,-4.010901112333985,-4.474558769279517,-1.0029960581043564,-0.04923661367352532,-0.0009573063123899608
1.95,0.0074746187098082804,1.507481827225806,-1.0005217092012484,-0.539932184500938,0.0007273529346182967,1.9020465509426492e-06,-0.09036315121454566,0.02121242033859751,0.02666611840907669,0.006850223688838701,-0.008812669614811058,-7.873855510993875e-05,-0.9810166428433275,-0.16340551752075305,0.027904676726047878,0.007170119202427494,-0.18201445945440042,0.020213509298034782,-0.5360473109536622,-4.022592742644215,-4.475528254219715,-1.0036350795184514,-0.05229193557279676,-0.0009926272747870482
1.96,0.006505638043612977,1.5076795614879577,-1.0002549694850775,-0.5398640616244995,0.00063258513912952,1.0365841634505961e-06,-0.0968980666195303,0.019773426215167936,0.02667397161708681,0.006812287643857265,-0.009476779548877667,-8.654623874920531e-05,-0.9175134577773567,-0.1697553473480618,0.017659467974727113,0.004793093260677228,-0.17635381423651797,0.017851432977933235,-0.5633779742479529,-4.034395888836094,-4.476869948565005,-1.0043645262505847,-0.05508766073998929,-0.0010250994027749313
1.97,0.005476102051225351,1.5078623117983125,-0.999988923954995,-0.539796516423253,0.0005316450589854316,9.808647198900478e-08,-0.10295359923876257,0.018275031035484442,0.02660455300826249,0.006754520124655168,-0.010094008014408839,-9.384976914615913e-05,-0.8495103049174356,-0.17574391600397135,0.007321649921312191,0.002388656654707222,-0.16999421914145207,0.0154182791605455,-0.5879125767303804,-4.046279459245745,-4.4785823486877145,-1.005182897448723,-0.05761039124995732,-0.001054570387200061
1.98,0.004391102408818886,1.5080295161740678,-0.9997243471885257,-0.5397297468197068,0.00042503112639509326,-9.080607148570368e-07,-0.1084999642406465,0.01672043757552504,0.026457676646928732,0.006676960354623176,-0.010661393259033834,-0.00010061471868460415,-0.7773337835588703,-0.18135322323481495,-0.0030781368731595295,-3.609179325747558e-05,-0.16296172448499835,0.01292073599239607,-0.6095302188469784,-4.058211942829147,-4.480662852235564,-1.0060884211394758,-0.059848054273594534,-0.0010809034254299858
1.99,0.003256004025585074,1.5081806463732044,-0.9994620133236048,-0.539663949753885,0.0003132690144851626,-1.9761550983727015e-06,-0.11350983832338117,0.015113019913669645,0.026233386492076207,0.006579706582182007,-0.011176211190993067,-0.00010680943835156646,-0.7013322092160182,-0.1865661128466418,-0.013508981859958833,-0.0024739458267724057,-0.15528430020142814,0.010365970779578126,-0.6281244224762028,-4.070161541255042,-4.483107751352752,-1.0070790582122118,-0.0617899617565142,-0.0011039777977044534
2.0,0.0020764189859482163,1.508315209530968,-0.9992026937518957,-0.5395993205928533,0.00019690912560799408,-3.100207060369824e-06,-0.11795850396368572,0.0134563157763617,0.025931957170911617,0.006462916103170834,-0.011635988887716853,-0.00011240519619971228,-0.6218739204671099,-0.19136633118278107,-0.023939791644289266,-0.0049176133456976245,-0.14699175434102418,0.007761615835667146,-0.6436036972720459,-4.082096301491786,-4.485912228724881,-1.0081525070744588,-0.0634268631732373,-0.0011236893609240964
2.0100000000000002,0.0008581791786816863,1.5084327497142853,-0.9989471548109013,-0.5395360525417422,7.652395653226787e-05,-4.273970071760359e-06,-0.121823980726653,0.011754018331736501,0.02555389409944463,0.006326805111117017,-0.01203851690757262,-0.00011737630113905351,-0.5393454653400852,-0.19573858308327996,-0.03433937790898667,-0.007359738512519143,-0.13811565828794237,0.005115748774138118,-0.655892028059566,-4.09398424746265,-4.489070356689669,-1.0093062089669609,-0.06475099107714079,-0.0011399509588400562
2.02,-0.0003926922494927889,1.5085328493888452,-0.9986961554814352,-0.5394743360579938,-4.7294646851094455e-05,-5.490972188529539e-06,-0.1250871428174475,0.010009967455988516,0.025099932946611704,0.006171648374839346,-0.012381860338336234,-0.00012170021167691795,-0.45414967652252525,-0.19966858502607648,-0.04467654594530391,-0.009792924298804961,-0.12868927817924192,0.0024368672397711566,-0.6649292801985945,-4.10579350937361,-4.49257509965533,-1.0105373539283458,-0.06575609920554085,-0.0011526927480486034
2.0300000000000002,-0.0016700104707922494,1.5086151307938445,-0.9984504450970372,-0.5394143582705611,-0.00017393833207109496,-6.744548481534464e-06,-0.12773182212994605,0.008228140499926883,0.024571038439801247,0.005997778743272832,-0.012664368522000048,-0.0001253576293004925,-0.36670364556374785,-0.20314311516287595,-0.05492018361069055,-0.012209755404224976,-0.11874751177301657,-0.0002661418526093695,-0.6706715203397233,-4.117492449373523,-4.4964183200625705,-1.0118428874008922,-0.06643749293986885,-0.0011618624396166604
2.04,-0.0029674594320730956,1.5086792572197014,-0.9982107610719267,-0.5393563024057826,-0.0003027851660909644,-8.027874244232993e-06,-0.1297448961280846,0.006412642585687949,0.023968402511047683,0.0058055864778484,-0.012884683401986945,-0.0001283325762698528,-0.27743660705921275,-0.20615005997954888,-0.06503935052902574,-0.014602821474222871,-0.10832682980315766,-0.002984038430024094,-0.6730912505267485,-4.129049782286946,-4.500590788113724,-1.0132195174700735,-0.06679205196267515,-0.0011674254565647779
2.05,-0.004278623031893815,1.5087249341843605,-0.9979778266540807,-0.5393003472216504,-0.00043320263054758186,-9.333998820841222e-06,-0.131116359982072,0.004567696465910424,0.023293441784599814,0.00559551841321156,-0.013041746445661745,-0.0001306124576608229,-0.18678774455844063,-0.20867845733041748,-0.07500336734421092,-0.016964740539693213,-0.09746522066526941,-0.005707270507818635,-0.672177554147044,-4.1404346902638824,-4.505082195473917,-1.0146637227314812,-0.06681824499588473,-0.0011693650078116505
2.06,-0.005597016856625217,1.5087519105041585,-0.9977523487100002,-0.5392466664521752,-0.0005645506715694349,-1.0655879896501452e-05,-0.13183938247314012,0.0026976319797996995,0.02254779440806066,0.005368076947523456,-0.013134804102185304,-0.00013218810756602303,-0.09520393060775532,-0.2107185356193215,-0.08478190483062883,-0.01928818259887588,-0.08620213712111269,-0.008426020283800906,-0.6679361527911372,-4.151616930315761,-4.509881173124195,-1.0161717607791687,-0.06651613654806285,-0.0011676820795373368
2.07,-0.006916120309389643,1.5087599792555824,-0.9975350155476919,-0.5391954282635348,-0.0006961847892014402,-1.1986418090788712e-05,-0.13191034527644263,0.0008068751423992574,0.02173331623083258,0.005123818864043092,-0.013163411763200525,-0.000133053819428726,-0.0031374139220696888,-0.2122617489248516,-0.0943450726547313,-0.02156589327404368,-0.07457844357246865,-0.011130254723665307,-0.6603893736501766,-4.162566933850733,-4.514975313515783,-1.017739677309452,-0.0658873856421287,-0.0011623953452500457
2.08,-0.008229408962703223,1.5087489786246324,-0.9973264947843399,-0.5391467947236731,-0.0008274591512167728,-1.3318491696263849e-05,-0.131328865331358,-0.0011000630949838152,0.020852076335193412,0.004863353986170822,-0.01312743620153327,-0.00013320736054751373,0.08895653283209559,-0.21330080789689812,-0.10366350758048834,-0.02379071744362271,-0.06263636235694325,-0.01380978021716338,-0.6495760276501825,-4.173255897480867,-4.520351197138471,-1.019363315833653,-0.06493523653871042,-0.0011535409961432445
2.09,-0.009530386963813394,1.5087187926408934,-0.9971274312650701,-0.5391009212869872,-0.000957729715926666,-1.464499140476399e-05,-0.13009780011101701,-0.0030185983738947255,0.019906351926979912,0.004587343668597359,-0.013027056470989316,-0.00013264997085001416,0.1806219907726513,-0.21382970628054476,-0.11270846089535747,-0.025955622785027832,-0.05041941745120715,-0.01645430082251942,-0.6355511990899821,-4.183655864545596,-4.525994423575188,-1.0210383279922182,-0.0636645015138771,-0.0011411724936059324
2.1,-0.010812619320888877,1.5086693517938232,-0.9969384450391244,-0.5390579562957103,-0.0010863573485105078,-1.5958854865675866e-05,-0.1282232357075483,-0.004944084707013838,0.018898622594562105,0.004296499127689738,-0.012862763258384183,-0.00013138634609118763,0.2714047839047733,-0.21384374295601086,-0.12145188483099655,-0.02805372313484278,-0.037972373934101133,-0.019053479562658793,-0.6183859481107473,-4.193739796976255,-4.531889647070027,-1.0227601844610164,-0.06208153579303406,-0.0011253602459997147
2.11,-0.012069763898443633,1.5086006335291786,-0.9967601293996589,-0.5390180404995629,-0.0012127109153815807,-1.7253100922532012e-05,-0.1257144577554755,-0.006871826464464657,0.017831563946558784,0.003991579614732864,-0.012635356687107295,-0.00012942460568561465,0.3608548652641427,-0.21333953941684122,-0.1298665177426584,-0.030078301579383293,-0.025341171564270848,-0.0215970021856719,-0.5981669278743807,-4.203481637312053,-4.538020616589098,-1.0245241864385368,-0.06019420478505968,-0.0011061912120425158
2.12,-0.013295602951664104,1.5085126626239131,-0.9965930489932532,-0.5389813065952016,-0.0013361703411790416,-1.8520863376873696e-05,-0.12258390532204701,-0.008797090526542128,0.01670804064056248,0.0036733904361313015,-0.012345942579746087,-0.00012677624543416826,0.4485286857116039,-0.21231505264231723,-0.13792596780231575,-0.03202283319392962,-0.01257285086643578,-0.02407464276068061,-0.5749959188610306,-4.212856360864294,-4.544370220303984,-1.0263254777001822,-0.05801184380202824,-0.0010837684333418127
2.13,-0.014484074031655797,1.5084055114383021,-0.996437738005083,-0.5389478787869498,-0.0014561296131343129,-1.9755424131406638e-05,-0.11884710799916941,-0.010715118561099121,0.015531098817022576,0.0033427808251727123,-0.011995927195527115,-0.00012345607545329428,0.5339915310389038,-0.2107695833547133,-0.14560479495324105,-0.03388100733905042,0.0002845298103806293,-0.02647633044324066,-0.5489892832085159,-4.221840018209098,-4.550920534376812,-1.0281590572028847,-0.0555452104898517,-0.0010582104988013435
2.14,-0.015629300097017636,1.5082793000444623,-0.9962946984255394,-0.5389178723702454,-0.0015719997177995094,-2.0950245568008037e-05,-0.11452260653618397,-0.012621139383984863,0.014303957954348674,0.003000641670449666,-0.011587010466519661,-0.00011948214366013985,0.6168198132065942,-0.20870377968716666,-0.15287859086894476,-0.035646749420770285,0.013181987692209685,-0.02879221671824511,-0.520277342504308,-4.230409768365825,-4.557652875875899,-1.0300197922201184,-0.052806430233642974,-0.0010296509437864438
2.15,-0.01672561867156886,1.5081341962308485,-0.9961643984039067,-0.53889139333918,-0.0016832114954459122,-2.209900202009838e-05,-0.10963185745512254,-0.01451038136137577,0.013030002163267286,0.0026479031065289875,-0.011121177764640274,-0.00011487564520903424,0.6966033018066277,-0.20611963632063346,-0.15972405664864195,-0.03731424203056033,0.026069720731337398,-0.031012742407459326,-0.4890036829002683,-4.238543903184443,-4.564547859601997,-1.031902431983899,-0.04980893483832785,-0.0009982375870761682
2.16,-0.017767609893463605,1.5079704153827127,-0.9960472706945022,-0.5388685380194506,-0.0017892183978403392,-2.319561020324443e-05,-0.10419912218947433,-0.01637808481358398,0.011712770940451128,0.002285531972950575,-0.0106006902394427,-0.00010966081831460494,0.7729472822218598,-0.2030204891823027,-0.1661190779809725,-0.038877945370757505,0.03889722563951947,-0.03312870371839183,-0.45532439184817514,-4.2462218636176825,-4.5715854585591655,-1.0338016218069057,-0.04656739481979699,-0.0009641318087574779
2.17,-0.01875012330729452,1.5077882202389032,-0.9959437112004675,-0.5388493927279693,-0.0018894991355846115,-2.4234258472588427e-05,-0.09825134138309152,-0.018219514380942072,0.010355949403458159,0.0019145291481250733,-0.010028073774427233,-0.00010386482693439963,0.8454746274392602,-0.1994110058283055,-0.17204279750168805,-0.040332616875461635,0.05161342973861416,-0.035131316610624075,-0.4194072311471859,-4.253424248688917,-4.5787450677617665,-1.0357119176542937,-0.04309764567450291,-0.0009275077723301215
2.18,-0.019668303258063527,1.507587920525767,-0.9958540776201571,-0.5388340334603176,-0.0019835602017556657,-2.5209434780782173e-05,-0.09181799507690078,-0.02002997131363805,0.008963358031040296,0.0015359267651771868,-0.00940610661710541,-9.751763081937456e-05,0.9138277710571614,-0.19529717166332503,-0.17747568406917819,-0.041673329939766024,0.06416683735281659,-0.03701227875983426,-0.38143075135019,-4.260132818082302,-4.5860055710313,-1.0376278011313769,-0.03941660852568523,-0.0008885515943926625
2.19,-0.02051761275403212,1.5073698724692781,-0.9957786882008081,-0.538822525607145,-0.002070938259208309,-2.611595321552764e-05,-0.0849309495968592,-0.021804805648878794,0.007538941934900038,0.0011507853172521474,-0.00873780574526434,-9.065184347454644e-05,0.9776705697051342,-0.19068627217602058,-0.18239959868282554,-0.04289549166569695,0.07650569122821782,-0.03876382842018322,-0.34158335289231073,-4.266330489374996,-4.593345410404555,-1.039543694850126,-0.03554220557219966,-0.000847460465372693
2.2,-0.0212938556743965,1.5071344781868734,-0.9957178206038984,-0.5388149237005425,-0.0021512023795957325,-2.69489790015724e-05,-0.07762429203643804,-0.023539428240479762,0.006086759690970342,0.0007601906602516323,-0.008026412038742338,-8.330257860447596e-05,1.0366900438606834,-0.18558687139347177,-0.18679785676876404,-0.04399485954678273,0.08857814921562657,-0.04037879950736334,-0.300062299579791,-4.272001331000851,-4.6007426577484285,-1.041453978134481,-0.031493270791081676,-0.0008044417248496076
2.21,-0.02199319720739894,1.5068821849607947,-0.9956717108862958,-0.5388112711913284,-0.002223956122920844,-2.7704051858068134e-05,-0.06993415330024387,-0.025229322607872983,0.0046109717602566495,0.00036525092140490356,-0.007275374332511176,-7.550728564957339e-05,1.0905979868920381,-0.18000878677832957,-0.19065528656374597,-0.044967557004732095,0.10033247618839347,-0.04185067226172423,-0.2570726903099141,-4.277130552079132,-4.608175088157423,-1.0433530030218685,-0.027289456367388654,-0.000759711895098616
2.22,-0.02261218241481555,1.506613484395059,-0.9956405526009838,-0.5388116002581035,-0.0022888394472500373,-2.837710760856429e-05,-0.0618985207416611,-0.026870056573576218,0.0031158285311916655,-3.290667750513004e-05,-0.006488332432919327,-6.730557504961588e-05,1.1391324330742372,-0.1739630608102348,-0.19395828333236367,-0.0458100877024783,0.11171725089296469,-0.04317361889302318,-0.21282639508139709,-4.281704490260334,-4.615620254697576,-1.0452351105160955,-0.022951135344421374,-0.0007134956765615818
2.23,-0.02314775282967718,1.5063289114584557,-0.9956244960208109,-0.538815931648834,-0.0023455304390955028,-2.8964497947570305e-05,-0.05355704148616319,-0.0284572936603291,0.0016056580172880452,-0.0004331390730527376,-0.005669099184546547,-5.8739033900601355e-05,1.182058976306293,-0.1674619295060216,-0.19669485916268378,-0.04651934856185047,0.12268158715360311,-0.044342543659039335,-0.16754096149943637,-4.285710598733492,-4.623055564055527,-1.0470946470450224,-0.018499301004058517,-0.0006660249090254965
2.24,-0.023597261005505264,1.5060290434162422,-0.9956236474883546,-0.5388242745556305,-0.00239374685589769,-2.946300827457486e-05,-0.044950817582808084,-0.02998680422135162,8.485324563110115e-05,-0.0008342906796470287,-0.004821641680218704,-4.9851032700455436e-05,1.2191719322920695,-0.16051878814350115,-0.19885468809449838,-0.047092641420591996,0.1331753685749728,-0.04535311689245347,-0.12143849808013223,-4.289137433506193,-4.630458352653485,-1.048925981075046,-0.013955463500583909,-0.000617537502364298
2.25,-0.023958482947196182,1.5057144986534474,-0.9956380688946207,-0.5388366265232873,-0.002433247473010706,-2.986987351365591e-05,-0.03612219416909196,-0.031454476279479775,-0.0014421406266051137,-0.001235196765680653,-0.003950061711301626,-4.0686523908105175e-05,1.2502953380276662,-0.15314815445935567,-0.20042914634843695,-0.04752768327342349,0.14314949561057055,-0.04620180255258566,-0.07474454071561185,-4.29197464201057,-4.637805962799975,-1.0507235198335392,-0.009341544282007683,-0.0005682763407752863
2.2600000000000002,-0.024229628365881734,1.505385935392915,-0.9956677772889098,-0.5388529733920489,-0.002463833228604765,-3.0182791844350215e-05,-0.02711454186855533,-0.03285632605324191,-0.0029708394289076397,-0.00163468687615015,-0.0030585755594058663,-3.1291833069430526e-05,1.275283783552546,-0.1453656295936644,-0.2014113474420036,-0.047822615032604876,0.15255614359972114,-0.046885878955721494,-0.027686908674485745,-4.2942129540075165,-4.645075818461638,-1.05248172608985,-0.0046797688404647325,-0.0005184881645184192
2.27,-0.024409348712543303,1.5050440503114129,-0.9957127446217833,-0.5388732892749619,-0.0024853481609454354,-3.0399936277275295e-05,-0.017972034666156968,-0.03418850815023129,-0.004496733287350495,-0.002031588291306817,-0.002151493234067056,-2.1714443292507942e-05,1.2940230720622294,-0.13718785705082273,-0.2017961719905956,-0.04797600878501662,0.1613490301193874,-0.04740345241488819,0.01950544351677182,-4.295844175659133,-4.652245500262929,-1.0541951349453575,7.441662185454885e-06,-0.00046842243324560104
2.2800000000000002,-0.0244967429577771,1.5046895770573092,-0.995772897622647,-0.5388975365700687,-0.002497680133583426,-3.0519964016109185e-05,-0.008739424523379738,-0.035447325410362836,-0.006015300086374201,-0.002424729510669622,-0.0012331972637990457,-1.2002773883389056e-05,1.3064307056358389,-0.12863247994138033,-0.20158029201830743,-0.04798687349391295,0.1694836897565164,-0.04775346360223787,0.0666035720359781,-4.2968611875181955,-4.65929281934698,-1.055858370583223,0.004697579345906333,-0.0004183301750878179
2.29,-0.0244913610978101,1.5043232846734718,-0.9958481178130474,-0.5389256660075843,-0.0025007613450847544,-3.0542023555934635e-05,0.000538185996699787,-0.036629238383751136,-0.007522019040040968,-0.002812943751565373,-0.00030812115013282475,-2.2059539825449224e-06,1.3124561949938855,-0.11971809675924287,-0.20076218962110512,-0.0478546591275435,0.17691775418483235,-0.04793568653794211,0.11337968140498121,-4.297257947046419,-4.6661958897618545,-1.0574661629288897,0.009368158594986627,-0.0003684628257502407
2.3000000000000003,-0.024393205379565276,1.503945975929172,-0.9959382416563425,-0.5389576167320966,-0.002494568621043176,-3.0465759476641137e-05,0.009815571824482339,-0.03773087442997039,-0.0090123843295067,-0.0031950724512364043,0.0006192724041578536,7.626407929349894e-06,1.312081192859485,-0.11046421593478208,-0.1993421698483612,-0.047579259203333946,0.18361123522877243,-0.04795072019411273,0.1596082477881675,-4.297029496122892,-4.672933199070541,-1.0590133641729584,0.013996824529677373,-0.0003190710619486448
2.31,-0.02420272925018563,1.5035584855648987,-0.9960430608439702,-0.5389933164197114,-0.0024791234872382603,-3.029131489904983e-05,0.019047612937964864,-0.038749036427341926,-0.01048191876276929,-0.003569968761470061,0.001544513380491583,1.7444457759130742e-05,1.3053194516418538,-0.10089120938916761,-0.19732236769785788,-0.0471610117322917,0.18952680842109437,-0.04779997280137516,0.20506712211366857,-4.296171973844229,-4.679483676919575,-1.0604949651087106,0.018561460432371533,-0.0002704036336035756
2.32,-0.02392083404886692,1.5031616784540727,-0.9961623227180929,-0.5390326814299582,-0.0024544920239271562,-3.001933158067421e-05,0.028189520131870895,-0.039680711082599684,-0.011926187412267811,-0.003936501024676723,0.002463146331110424,2.719833183756181e-05,1.2922166072845662,-0.0910202652943354,-0.19470674914138714,-0.046600698576895416,0.1946300944112096,-0.047485639028826854,0.24953860739716868,-4.294682634751718,-4.6858267613388955,-1.0619061112372221,0.02304029360371918,-0.0002227061992903617
2.33,-0.02354886347103899,1.5027564476857447,-0.9962957308299493,-0.5390756169921618,-0.0024207845023794623,-2.9650947637548885e-05,0.03719705778279289,-0.040523076832802624,-0.013340811185633347,-0.004293556220353051,0.0033707521547693985,3.683839431253256e-05,1.2728497922148194,-0.08087334022240056,-0.19150110612972365,-0.045899543228442585,0.19888993546104228,-0.04701067030874184,0.29281050489498345,-4.292559872451748,-4.691942462583605,-1.0632421185936007,0.027411999136715035,-0.00017622016952163847
2.34,-0.023088595846798694,1.5023437125724182,-0.9964429456327976,-0.5391220174258711,-0.0023781548058763808,-2.9187792888334094e-05,0.04602676242402958,-0.04127351133266209,-0.01472148028482884,-0.004640043370932957,0.004262969650308135,4.631547492147921e-05,1.2473270813855568,-0.0704731108429503,-0.18771304555107857,-0.04505920703286659,0.20227866417544416,-0.046378738656275065,0.33467712398798505,-4.289803248427596,-4.697811424365437,-1.0644984892483387,0.03165580111197955,-0.0001311815625126367
2.35,-0.022542234286961286,1.5019244165872028,-0.9966035853078883,-0.5391717663948324,-0.002326799638491221,-2.8631981826922584e-05,0.05463615598374062,-0.04192959852153434,-0.01606396750906742,-0.004974896896135312,0.005135516738515993,5.558110614115105e-05,1.2157867764123742,-0.05984292530227183,-0.18335197214828408,-0.044081783892717774,0.20477236155811163,-0.045594194428553725,0.37494025099825035,-4.286413525676678,-4.703414982357297,-1.0656709264380593,0.035751570735052085,-8.781987714588814e-05
2.36,-0.02191239476109335,1.501499525234551,-0.996777226721461,-0.5392247371938832,-0.0022669575260421976,-2.7986104240015985e-05,0.06298395258679347,-0.04248913526516772,-0.01736414135726301,-0.005297079905070358,0.005984211244902338,6.458775869065998e-05,1.1783965337643565,-0.0490067543907183,-0.17842906542848783,-0.042969793483137786,0.20635110146023816,-0.04466201854437324,0.4134100724630727,-4.282392706651002,-4.70873521988713,-1.0667553492799706,0.039679920956380614,-4.6356987908957223e-05
2.37,-0.021202092182355702,1.5010700238588721,-0.9969634065103244,-0.5392807930680389,-0.002198907614654385,-2.72532134965744e-05,0.07103025787376475,-0.04295013756790049,-0.01861797888634638,-0.005605587415568692,0.006804991138781263,7.328907434415836e-05,1.1353523438672635,-0.03798914257754128,-0.17295725062723918,-0.04172617303330606,0.20699917850089022,-0.04358776975874912,0.44990604873339596,-4.277744074832969,-4.713755020767105,-1.0677479070241933,0.043422297136689596,-7.006066623615743e-06
2.38,-0.020414724583861298,1.5006369153953585,-0.99716162229315,-0.5393397875629432,-0.0021229682733798533,-2.6436812546647312e-05,0.07873675984944042,-0.04331084635136634,-0.01982157828255502,-0.00589944949043407,0.007593934127453179,8.164009499270905e-05,1.0868773688101594,-0.026815158964544315,-0.16695116381730205,-0.040354267724862725,0.20670531658409086,-0.04237752766060132,0.48425773412246925,-4.272472239146338,-4.718458119229713,-1.068644992797647,0.04696106334434821,3.002946418474413e-05
2.39,-0.01955405548048838,1.5002012180673996,-0.9973713340041879,-0.5394015649057492,-0.002039495508297931,-2.5540837677827612e-05,0.08606691033729186,-0.04356973279589467,-0.020971171103791857,-0.006177734280597286,0.008347276508192197,8.959748688197005e-05,1.0332206471118435,-0.01551034818328484,-0.16042711128321,-0.038857819759059276,0.20546285521946928,-0.04103783211478562,0.5163055402029924,-4.266583180286426,-4.722829146964032,-1.069443256792588,0.05027958389712025,6.455694141580903e-05
2.4,-0.018624194518636603,1.4997639630349926,-0.9975919653457109,-0.539465960415404,-0.001948881196445945,-2.456964008839407e-05,0.09298609618517764,-0.043725503240695775,-0.022063134152311197,-0.006439550965472498,0.009061431185198622,9.711975894335425e-05,0.9746556746914666,-0.004100681233627416,-0.153403023302872,-0.03724095617055412,0.20326991096902436,-0.039575619924311245,0.5459014392335866,-4.2600842979556885,-4.7268536772620715,-1.0701396188520356,0.053362299788027936,9.639543016636302e-05
2.41,-0.017629576524233265,1.4993261919986065,-0.9978229053550943,-0.5395328009412155,-0.0018515511488097346,-2.3527965347073065e-05,0.09946179944033363,-0.043777103638610634,-0.023094000938338334,-0.00668405258115557,0.00973300476362104,0.0001041674741321005,0.911478871799678,0.007387493762561648,-0.14589840251065017,-0.03550817543741863,0.2001295114932602,-0.037998159528545905,0.5729096050855392,-4.252984457913159,-4.730518266297302,-1.070731280403367,0.05619479966387127,0.0001253766463204033
2.42,-0.016574939066354048,1.4988889547629995,-0.9980635100820617,-0.5396019053284904,-0.0017479630124281622,-2.242093082020507e-05,0.10546374578792175,-0.04372372356070276,-0.024060472696739863,-0.006910438727494276,0.010358813638157237,0.00011070345268679946,0.8440079461955181,0.018927500942478272,-0.13793426703252842,-0.03366433297356469,0.19604969985290532,-0.036312984580394225,0.5972069894350193,-4.245294037689976,-4.73381049156483,-1.0712157356903982,0.05876388505499287,0.00015134582818665152
2.43,-0.015465298660090413,1.4984533067655466,-0.998313104371267,-0.5396730849099449,-0.0016386040224324527,-2.125400115788788e-05,0.11096404062636346,-0.043564799745294626,-0.024959428920521557,-0.00711795814545561,0.010935898999570941,0.00011669296623171897,0.7725801632987952,0.030492386287646677,-0.12953308861280763,-0.03171462555830695,0.19104360693854527,-0.03452782726650783,0.6186838313814578,-4.237024969789136,-4.736718987515583,-1.0715907822532822,0.0610576295859835,0.0001741625524945569
2.44,-0.014305925737753043,1.4980203065736943,-0.9985709837450343,-0.5397461440215116,-0.0015239886155457231,-2.0032961941322964e-05,0.11593729223373708,-0.04330001918523151,-0.025787937376729502,-0.007305911156658797,0.011461540688672965,0.0001221039216564917,0.6975505344071927,0.04205496750156807,-0.12071872596466116,-0.029664574794586313,0.1851294901460152,-0.03265055223646296,0.6372440990467578,-4.228190781176311,-4.73923347841548,-1.0718545306047662,0.06306543192900782,0.00019370149017126686
2.45,-0.013102318522133054,1.4975910133562322,-0.9988364163807567,-0.5398208805410853,-0.0014046559172070498,-1.8763891604047184e-05,0.1203607215619989,-0.04292932174621892,-0.026543263572247552,-0.007473651957379393,0.011933269833867322,0.00012690703372757805,0.6192899343374544,0.05358788428131176,-0.11151635360347054,-0.027520009646238686,0.17833073668919885,-0.030689092004094087,0.6528058620992709,-4.218806627880158,-4.7413448084555645,-1.072005413050793,0.06477806229406469,0.00020985309746444957
2.46,-0.011860175939342518,1.4971664843331516,-0.9991086451771468,-0.5398970864486835,-0.0012811671150549232,-1.745313174991651e-05,0.12421425827905352,-0.042452902308059065,-0.02722287963900512,-0.007620590759811489,0.012348880215212667,0.00013107598541306752,0.5381831600341652,0.06506364909686513,-0.1019523864287467,-0.025287048146060143,0.1706758302424931,-0.02865138465984768,0.6653015945287547,-4.208889323554123,-4.743044969130714,-1.0720421916032306,0.06618770228362576,0.0002225242381512539
2.47,-0.010585369711721627,1.4967477722089562,-0.999386889903249,-0.539974548406422,-0.00115410273200443,-1.6107256000547763e-05,0.12748062276208907,-0.041871212419542045,-0.02782447261021961,-0.007746195773849715,0.012706438305049342,0.0001345875749368746,0.45462694178381313,0.07645469859840033,-0.09205440034152748,-0.02297207833153636,0.16219827992958136,-0.02654531470575372,0.6746784073707833,-4.19845736090709,-4.7443271238936395,-1.0719639649327832,0.06728797797248463,0.0002316387327827641
2.48,-0.00928391577343675,1.4963359225943895,-0.9996703494238638,-0.5400530483566536,-0.0010240598125789723,-1.4733037514340092e-05,0.13014539382848758,-0.0411849614566647,-0.028345952061480117,-0.007849995023154943,0.013004291942545753,0.00013742184862076715,0.36902791868124146,0.08773344577555223,-0.08185104919058257,-0.02058173848720597,0.15293651101821126,-0.02437865777538034,0.6808982114393308,-4.187530924985684,-4.745185630078241,-1.0717701743110113,0.06807398610714054,0.0002371378311572639
2.49,-0.007961945152712792,1.4959319714216617,-0.999958203994791,-0.5401323641365513,-0.0008916490365092163,-1.3337415328111141e-05,0.1321970620723959,-0.04039511727278948,-0.028785457092716942,-0.007931577989768901,0.013241077606975599,0.00013956221862289518,0.2818005899175965,0.09887233299196922,-0.07137197835332183,-0.018122896754907164,0.14293371704494895,-0.022159029946763414,0.6839378104718367,-4.176131897384938,-4.745616058072216,-1.0714606084918559,0.06854231335241297,0.00023898060449442757
2.5,-0.006625674465161596,1.4955369423583782,-1.0002496176210849,-0.5402122701073718,-0.0007574917738882133,-1.1927459680713944e-05,0.13362706875511962,-0.039502906328358865,-0.02914136262938602,-0.007990597082057519,0.013415726262100304,0.00014099556473971966,0.19336525330000523,0.10984388601353233,-0.06064773526367051,-0.015602630178079793,0.13223767346818416,-0.01989384228776736,0.6837889254203126,-4.164283850575043,-4.745615207704637,-1.0710354074853552,0.06869104854608024,0.00023714425409641904
2.5100000000000002,-0.005281376162408407,1.4951518442255094,-1.00054374047132,-0.5402925377965847,-0.0006222170963717209,-1.051033648566852e-05,0.13442983027531882,-0.038509813286883535,-0.029412285023503223,-0.008026768921286022,0.013527467751649234,0.00014171231950454224,0.10414594217311102,0.12062076913987269,-0.049709677201953906,-0.01302820325054474,0.12090051333620133,-0.017590261191814394,0.6804581509328653,-4.152012031657063,-4.745181121799843,-1.0704950651792708,0.06851978795495793,0.0002316243336300712
2.52,-0.003935348679208191,1.4947776684248777,-1.000839711340695,-0.5403729365510112,-0.0004864587590365783,-9.09327112676966e-06,0.13460274832002156,-0.037417580063160025,-0.029597086937494996,-0.008039875442650272,0.013575833733514259,0.00014170653588988603,0.014568371597740428,0.1311758415357512,-0.03858987666926833,-0.010407046025487615,0.10897846584965866,-0.015255174976309283,0.6739668453610006,-4.139343334998143,-4.744313096835934,-1.0698404307682456,0.06802963355782489,0.00022243488254592532
2.5300000000000002,-0.0025938866205156936,1.4944153863817868,-1.0011366601556566,-0.5404532341990823,-0.00035085216755801935,-7.683511756742153e-06,0.13414620586924975,-0.036228204309085923,-0.029694881496157927,-0.008029764807118462,0.013560659147855895,0.00014097593700275075,-0.07494209574427244,0.14148221484183654,-0.0273210246666777,-0.007746731848571664,0.09653155909295857,-0.012895167115903043,0.6643509558978258,-4.126306263343795,-4.743011690634283,-1.0690727089548457,0.06722318441180061,0.00020960846856348133
2.54,-0.001263251127564327,1.4940659470085662,-1.0014337105126,-0.540533197720292,-0.00021603134533993253,-6.288292284233901e-06,0.13306354929513667,-0.034943937322056584,-0.02970503569435371,-0.00799635212096947,0.013482082221808682,0.00013952194725082507,-0.16396245390221212,0.1515133121240621,-0.01593633220230715,-0.00505495477336132,0.08362328860535218,-0.010516496378395634,0.6516607806997916,-4.112930877159116,-4.7412787269970575,-1.0681934588924689,0.06610452118903425,0.00019319613759561402
2.5500000000000003,5.035944103989106e-05,1.4937302741949585,-1.0017299822431038,-0.5406125939198965,-8.262591513167285e-05,-4.914795238697923e-06,0.1313610568604218,-0.033567281360779744,-0.02962717305036838,-0.007939619960450617,0.01334054302082597,0.00013734970455359785,-0.25207401876002977,0.16124292819678301,-0.004469430343388507,-0.0023395067246751444,0.07032025384735374,-0.008125084021803008,0.635960670069118,-4.099248732108988,-4.739117297202417,-1.067204591846451,0.06467918399974124,0.00017326726995643422
2.56,0.001340838380847992,1.4934092643314238,-1.0020245939980754,-0.5406911901068916,4.8741890507088005e-05,-3.570114705952387e-06,0.1290478939808101,-0.032100986353462826,-0.029461175497169364,-0.00785961869951134,0.013136780563876085,0.00013446805327455355,-0.3388643449499585,0.17064529132741466,0.007045730865918875,0.00039174554000137585,0.05669176499585893,-0.005726508094559241,0.6173286689751407,-4.085292804747529,-4.736531758263055,-1.0661083675569245,0.06295414364560738,0.0001499093421931841
2.57,0.0026021989375540257,1.4931037838715866,-1.002316665843136,-0.5407687547732827,0.00017746017577359216,-2.2612195293676335e-06,0.12613605567060338,-0.030548045983730655,-0.029207184506052322,-0.007756466639112435,0.012871828526650416,0.00013088951765847536,-0.423929086245071,0.17969512630111076,0.018574984310762748,0.0031308836032635234,0.04280942286186784,-0.0033260047652733937,0.5958561033702473,-4.071097406645686,-4.733527727852489,-1.064907389294759,0.0609377664742564,0.0001232275944008628
2.58,0.003828601903964439,1.4928146669401832,-1.00260532185753,-0.5408450582726542,0.0003029302714099043,-9.949169726609527e-07,0.12264029664104134,-0.0289116931403447,-0.028865601439409066,-0.007630349937148254,0.01254700956363121,0.0001266302556706681,-0.5068737917470465,0.1883677187912704,0.03008404822543602,0.005869960642242877,0.028746675065746352,-0.0009284764904355369,0.5716471129101056,-4.05669808734116,-4.730112075805722,-1.063604597610342,0.05863977303076828,9.334460341482698e-05
2.59,0.0050143823996222515,1.492542712993005,-1.0028896927288453,-0.5409198734960399,0.00042456955427246676,2.2218295985679064e-07,0.1185780495657812,-0.02719539471782811,-0.02843708713154918,-0.007481522338570588,0.012163928286256249,0.00012170999325177432,-0.5873156308622688,0.19663898094866797,0.04153862882652371,0.008601024692631687,0.014578351917328813,0.0014614932877510811,0.5448181328188877,-4.042131526643855,-4.72629291210633,-1.0622032627837734,0.05607119072606036,6.039976282763227e-05
2.6,0.006154075720300344,1.4922886845354402,-1.003168918335832,-0.5409929765430983,0.0005418141836772562,1.383702351075682e-06,0.1139693320678092,-0.025402845756467785,-0.027922560698676463,-0.007310304705842166,0.011724462940478946,0.00011615193912188913,-0.6648850407578274,0.2044855180860103,0.05290452285963301,0.011316141872673158,0.0003801857374718942,0.003839619332676736,0.515497327748942,-4.02743541697066,-4.722079571280644,-1.0607069759941978,0.053244300764256174,2.454867133795007e-05
2.61,0.007242442150468342,1.4920533049063216,-1.0034421503116446,-0.5410641473866024,0.0006541217420045188,2.4835291549750837e-06,0.10883664301679978,-0.023537962911867577,-0.027323197581250815,-0.007117084350404863,0.011230755832726263,0.00010998268038994018,-0.73922729069814,0.2118846962998131,0.06414771977189997,0.014007419491618212,-0.013771682395675278,0.006201888221528451,0.48382398057195075,-4.012648336513643,-4.7174825931314555,-1.0591196392352853,0.05017257959193049,-1.4037568492805187e-05
2.62,0.008274490638023897,1.4918372561338589,-1.0037085545798852,-0.5411331705282664,0.0007609737675903282,3.515849748452079e-06,0.10320484875555555,-0.0216048772462659,-0.02664042682405872,-0.0069023141663966244,0.010685202558580936,0.00010323205934769954,-0.8100039583771049,0.21881471083504167,0.07523450322554677,0.016667028982381704,-0.027801204275910152,0.008544526996153046,0.4499478391061682,-3.997809614163519,-4.712513699758019,-1.0574454540131268,0.04687063515130878,-5.5173138431094274e-05
2.63,0.009245501237011775,1.491641176870497,-1.0039673138558989,-0.5411998356439505,0.0008618781685247156,4.475180067965514e-06,0.09710105989878787,-0.019607926336203906,-0.025875927601376452,-0.006666511568405375,0.010090440093438749,9.593303195134347e-05,-0.8768943140671358,0.22525465496221173,0.08613155167433645,0.01928722859375631,-0.041632930207076146,0.010863967574112565,0.41402842383366295,-3.982959187214491,-4.707185768826269,-1.0556889088719499,0.043354138237131384,-9.865837649738313e-05
2.64,0.010151046230684703,1.4914656604135588,-1.0042176301058652,-0.5412639382163066,0.000956371506613732,5.356395154125387e-06,0.0905544993672928,-0.01755164569381407,-0.025031624996623637,-0.006410257235613075,0.009449333808901637,8.81215086159873e-05,-0.9395966091008195,0.23118458910348466,0.09680603773681126,0.021860385758889822,-0.05519251415660875,0.013156807715958618,0.3762342996940197,-3.9681374529651756,-4.70151280307192,-1.053854765801759,0.039639749272958526,-0.00014428072885714613
2.65,0.010987009854042431,1.4913112528185388,-1.004458726956344,-0.5413252801529589,0.001044021141441265,6.154756934816021e-06,0.08359636233577292,-0.015440759501995131,-0.024109685047900665,-0.006134193665228194,0.008764963482753295,7.983617806906339e-05,-0.9978292658707418,0.23658560990922112,0.10722572609617691,0.024378999093989218,-0.06840721385696824,0.015419769411485817,0.3367423150589922,-3.9533851154031554,-4.695509896040084,-1.0519480455903283,0.03574504083725147,-0.0001918157773593052
2.66,0.011749606541876614,1.4911784511118689,-1.0046898520470715,-0.5413836703883457,0.0011244272251814552,6.8659400860719425e-06,0.07625966878341822,-0.013280170667006042,-0.023112509072743807,-0.0058390235386795945,0.008040608374019027,7.111831512559214e-05,-1.0513319671744232,0.24143991895805159,0.11735906967739627,0.026835719928437696,-0.08120638126298019,0.01764965560086451,0.2957368109978563,-3.9387430282162805,-4.689193194086707,-1.04997401218953,0.03168841628263074,-0.00024102833787513782
2.67,0.012435397635308867,1.4910677016099134,-1.0049102793199451,-0.5414389254673916,0.0011972245395598115,7.486055819684785e-06,0.06857910934322535,-0.011074950195538301,-0.022042727287362694,-0.005525507904588661,0.007279731437835624,6.20115733612842e-05,-1.099866643333385,0.24573089072328735,0.12717530384338457,0.02922337332142666,-0.0935219388032289,0.01984330618327501,0.2534088039382732,-3.92425203541207,-4.682579854689908,-1.0479381561728385,0.027489024803371193,-0.0002916736240826027
2.68,0.013041306486801432,1.4909793983508428,-1.0051193112373202,-0.5414908701092226,0.0012620841671363303,8.011673457353596e-06,0.0605908851492564,-0.008830325907067343,-0.02090319173749936,-0.0051944641831046705,0.006485962757651885,5.256176376688114e-05,-1.1432183560753073,0.2494431394255023,0.13664453837216545,0.0315349784719694,-0.10528883694621793,0.021997554287487064,0.20995514481425587,-3.909952810846941,-4.6756880011421424,-1.0458461773667438,0.023166673316482127,-0.00034349847085943393
2.69,0.01356463191061164,1.4909138816458807,-1.0053162809229192,-0.5415393377491898,0.0013187149898828557,8.439839663035053e-06,0.05233254238102083,-0.006551670496220399,-0.019696968559908972,-0.004846763996728338,0.005663082274652553,4.281662056814579e-05,-1.181196078678067,0.25256258436757906,0.14573784697079525,0.03376376847402085,-0.11644548874297378,0.02410918378113802,0.16557765777383326,-3.8958856979701464,-4.668536673716984,-1.043703966743738,0.01874173553072513,-0.0003962426109972708
2.7,0.014003059932624984,1.490871436756241,-1.005500554218872,-0.5415841710575229,0.0013668650088454442,8.768095217931113e-06,0.043842802201334345,-0.004244488963969402,-0.018427329595277913,-0.004483330833305077,0.0048150018962588555,3.282555548960598e-05,-1.2136333723301433,0.2550765133336506,0.15442735409774333,0.035903209331130226,-0.12693417720056477,0.026174888985938227,0.12048226149651466,-3.88209055107254,-4.661145777426529,-1.0415175876683533,0.014235058585722707,-0.00044963999853285465
2.71,0.014354673800412946,1.4908522927018346,-1.0056715316526237,-0.5416252224329968,0.0014063224795166339,8.99448923618488e-06,0.035161386778796266,-0.0019144054406440999,-0.017097743375182398,-0.004105137547395111,0.003945747067118974,2.2639401825376637e-05,-1.2403889590624246,0.25697364361805924,0.16268631886248552,0.03794701818503987,-0.13670143158952097,0.02819123753083297,0.07487807614656303,-3.8686065792992537,-4.6535360265067895,-1.0392932565904158,0.00966786764995366,-0.0005034201716151215
2.72,0.014617962221201928,1.4908566212075547,-1.005828650307698,-0.5416623544700645,0.0014369168583884258,9.117590733750537e-06,0.0263288420788983,0.00043285057199980584,-0.015711865507438742,-0.003713203706764247,0.0030594378871791985,1.2310149756565771e-05,-1.2613471919456056,0.25824418024389123,0.1704892157845949,0.03988918068161884,-0.1456983690874596,0.030154637231358583,0.028976518964918315,-3.855472194638012,-4.645728885788648,-1.0370373232812349,0.005061668872035428,-0.0005573096474920836
2.73,0.014791825802193567,1.4908845357926364,-1.0059713855925572,-0.5416954403979769,0.0014585195570107948,9.136497477960319e-06,0.017386358099163758,0.0027914585081697894,-0.014273528485908092,-0.0033085927912415098,0.002160269862236915,1.8906744209781913e-06,-1.2764184235294243,0.25887987092623677,0.17781181219313072,0.041723967434599496,-0.15388099851078607,0.0320613078171621,-0.01700960851830457,-3.842724865032266,-4.637746509130561,-1.0347562507087684,0.0004381510842734239,-0.0006110333419127703
2.74,0.014875581674334303,1.490936091008228,-1.006099252902082,-0.5417243644904938,0.0014710445007392083,9.050842060925157e-06,0.008375587214073634,0.005155521559175483,-0.012786730952487182,-0.002892409251691694,0.0012524943728413462,-8.565541703516193e-06,-1.2855392737202767,0.2588740573374163,0.18463124205827608,0.04344594952895764,-0.16121048327986642,0.03390725825044938,-0.06286703868524095,-3.830400973692074,-4.629611675106383,-1.0324565946470665,-0.004180913338870379,-0.000664316004999593
2.75,0.014868966287186952,1.4910112818279129,-1.0062118091664884,-0.541749022444867,0.0014744484902146607,8.86079515596496e-06,-0.0006615387147349515,0.007519081968474633,-0.011255626440638343,-0.002465795437322643,0.0003403989475452403,-1.900469049601968e-05,-1.288672798459365,0.2582217222377538,0.19092607604991008,0.04505001302840839,-0.16765336119940422,0.035688270284541024,-0.10838295849123009,-3.818535685586434,-4.621347720156921,-1.0301449831133933,-0.008773768061979098,-0.0007168836654586687
2.7600000000000002,0.01477213636900692,1.4911100431954807,-1.0063086542828024,-0.541769321728867,0.001468731364478091,8.567065932653149e-06,-0.009682991818003236,0.009876136756783255,-0.009684511631387897,-0.0020299284000062324,-0.0005717125736569837,-2.9372922331181156e-05,-1.2858085606723482,0.25691953204827417,0.19667638762608228,0.04653137244563821,-0.17318171910721514,0.03739988880278444,-0.1533459296350396,-3.8071628220002305,-4.612978469427367,-1.0278280957235688,-0.013318772402206006,-0.0007684650748616126
2.77,0.014585668052471955,1.4912322497337764,-1.0063894324243448,-0.5417851818947143,0.0014539359654748686,8.17089962266073e-06,-0.018646831653496496,0.012220653829579207,-0.00807781415423652,-0.001586016584715533,-0.001479539900322225,-3.961663099924185e-05,-1.2769626050228138,0.25496587445733376,0.20186381495871744,0.04788558315669045,-0.17777332094490994,0.039037419364142734,-0.19754680528498544,-3.7963147439290097,-4.604528165524518,-1.0255126430522457,-0.017794500566686015,-0.0008187931436544854
2.7800000000000002,0.01431055417276116,1.4913777156179338,-1.0064538332240136,-0.5417965348588701,0.0014301479045516772,7.674072245274919e-06,-0.027511387971079562,0.014546588415732229,-0.006440079966882483,-0.0011352964155880553,-0.002378806092319148,-4.9682737738581206e-05,-1.2621773380177486,0.2523608906765201,0.206471618513651,0.04910855273282122,-0.1814116883305461,0.040595933249563454,-0.24077964039650487,-3.7860222449661753,-4.596021395437544,-1.0232053460802242,-0.022179840105116727,-0.0008676063605291525
2.79,0.013948199750833263,1.4915461946157604,-1.006501592827504,-0.5418033251467451,0.0013974951323851102,7.078882518126512e-06,-0.03623544219278962,0.01684789978266097,-0.004775960349047464,-0.0006790287874945721,-0.0032652772166566926,-5.951897271484061e-05,-1.2415213149910158,0.2491065019869706,0.21048473410733623,0.05019655118338484,-0.1840861332532988,0.04207028017588066,-0.2828425926377332,-3.776314454212709,-4.587483015874512,-1.0209129158056258,-0.026454089169335403,-0.0009146501868302298
2.8000000000000003,0.013500415680824789,1.4917373802974645,-1.0065324948129741,-0.5418055101014785,0.0013561473146063558,6.388140995165068e-06,-0.044778407000847356,0.019118568170397175,-0.003090198547009668,-0.00021849547333202757,-0.0041347817778754434,-6.907415229614448e-05,-1.2150889354403627,0.24520643024894553,0.21388982127110268,0.05114622010939418,-0.18579174306002777,0.0434551086996956,-0.32353881091332576,-3.76721874961001,-4.57893807727354,-1.0186420330899033,-0.030597052173137268,-0.0009596784177679917
2.81,0.012969410646485845,1.491950906416307,-1.006546370974041,-0.5418030600560542,0.001306315016197317,5.605156490153336e-06,-0.05310050343389449,0.021352611884259094,-0.0013876161066842046,0.0002450045424282372,-0.004983229840903877,-7.829845050117315e-05,-1.1830000481182739,0.24066621208279002,0.21667530676505944,0.05195458076388704,-0.1865293184553911,0.04474489420101835,-0.3626773084435096,-3.7587606819644797,-4.570411746753093,-1.0163993288034683,-0.034589133447878985,-0.0010024545023635124
2.82,0.012357781297505652,1.4921863474611423,-1.0065431019633833,-0.5417959584681228,0.0012482486985284217,4.733719859793074e-06,-0.061162934898019224,0.02354410448354069,0.00032690106576295443,0.0007101587931426169,-0.005806631766889548,-8.714366303602623e-05,-1.1453994671916023,0.23549320646834698,0.2188314230889865,0.052619041043664216,-0.1863052657786577,0.04593397419166756,-0.40007381731685343,-3.7509639097993857,-4.561929230270084,-1.0141913643292728,-0.038411428492702085,-0.0010427528142671644
2.83,0.011668500722462496,1.4924432193811596,-1.006522617794626,-0.5417842020170097,0.001182237533685295,3.7780852359309826e-06,-0.06892805750431558,0.025687192001732074,0.002048416875727763,0.0011756451113116683,-0.006601116484312665,-9.556346238620912e-05,-1.1024564006925592,0.22969659555267297,0.2203502418527215,0.0531374014204713,-0.1851314453500441,0.047016590564353256,-0.43555162139256626,-3.7438501450375665,-4.553515694257965,-1.012024612476193,-0.04204581242252177,-0.001080359865863741
2.84,0.010904905260973416,1.492720980482483,-1.0064848982005918,-0.5417678006625039,0.0011086080414886097,2.742948811014922e-06,-0.07635954614890794,0.027776110132332173,0.003771959403413165,0.0016401354505846087,-0.007362949219668531,-0.00010351364249160606,-1.0543637923991027,0.22328737850119476,0.22122570187469134,0.05350785984711526,-0.18302497818210384,0.04798693826208067,-0.46894236438372355,-3.7374391093893307,-4.545196187019433,-1.0099054388476159,-0.04547502522239955,-0.0011150754584060515
2.85,0.01007067970342655,1.493019032495616,-1.0064299728464252,-0.5417467776651332,0.001027722555347013,1.6334252949754459e-06,-0.08342255575468653,0.029805201313304636,0.005492535416670541,0.0021022997370598773,-0.008088548614159672,-0.0001109523516039476,-1.0013375782105267,0.2162783582749897,0.2214536318951196,0.0537290156555974,-0.18000801382540388,0.04883921973411176,-0.5000868299085264,-3.7317485011955682,-4.536995560150445,-1.0078400837044943,-0.048682753423613584,-0.0011467137613013333
2.86,0.009169840932459915,1.493336721812043,-1.0063579213965166,-0.5417211695677494,0.0009399775237953585,4.5502217489776033e-07,-0.09008387709666346,0.03176893164268722,0.007205144990867972,0.0025608097383785352,-0.008774503155165451,-0.00011784031200776855,-0.9436158580367957,0.20868412126616495,0.22103176779684805,0.053799872493813794,-0.17610746255074972,0.04956770442941827,-0.5288356902554591,-3.726793972358161,-4.528938390273607,-1.005834644356271,-0.051653707824806626,-0.0011751043141091124
2.87,0.008206720066108524,1.493673340887621,-1.0062688734345906,-0.5416910261383592,0.0008458016552577997,-7.863880788648301e-07,-0.09631208663513917,0.03366190755779447,0.008904796192604189,0.0030143429390207767,-0.00941758685375588,-0.00012414102537625904,-0.8814579842038762,0.20052100977429346,0.21995976424553026,0.05371984032737731,-0.1713546954587697,0.05016679248161526,-0.5550502205726642,-3.722589114880183,-4.521048901360185,-1.0038950581077966,-0.05437369689112867,-0.0012000929452920257
2.88,0.00718594316827757,1.4940281298097295,-1.0061630082367545,-0.5416564102742574,0.0007456539142359204,-2.0845977051835355e-06,-0.10207768978309541,0.03547889221085657,0.010586519783601539,0.0034615864101787044,-0.010014774102187932,-0.00012982096263187054,-0.8151435674004234,0.19180708735741772,0.2182392006721752,0.05348873655046438,-0.1657852164432687,0.050631081657786514,-0.5786029751650572,-3.7191454564388176,-4.513350887920648,-1.0020270857856066,-0.0568296954754189,-0.001221542602289042
2.89,0.006112410597909656,1.4944002780244776,-1.0060405543977469,-0.5416173978676317,0.0006400213777542063,-3.433095078056173e-06,-0.10735325703679142,0.03721482147481491,0.012245383900757962,0.0039012406625672587,-0.010563253648171404,-0.00013484973728726378,-0.7449714012616219,0.18256209714308003,0.21587358154077801,0.05310678622981446,-0.15943831021287025,0.05095543657547996,-0.5993784225679918,-3.71647246432572,-4.5058676393440935,-1.000236295862897,-0.059009908518328644,-0.0012393340880497428
2.9,0.004991275073891161,1.494788926219621,-1.0059017893110658,-0.5415740776329259,0.0005294169614969969,-4.825097691598618e-06,-0.11211355240184948,0.03886481951433238,0.013876508668114152,0.004332023470582397,-0.011060441625720943,-0.0001392002613542445,-0.6712583068069788,0.17280741323410886,0.21286833085193033,0.05257462153844017,-0.15235667079151094,0.051135059139118755,-0.6172735360666307,-3.7145775570144797,-4.498621865666923,-0.9985280491992111,-0.06090382939895492,-0.0012533666997741073
2.91,0.0038279185383747237,1.4951931683582096,-1.0057470385041016,-0.5415265508963631,0.00041437702564070647,-6.25358652185417e-06,-0.11633565355164377,0.04042421385886612,0.015475080696414227,0.004752673656271764,-0.011503993585629044,-0.00014284888302555526,-0.5943378981278649,0.1625659853946267,0.2092307808607485,0.05189328038811292,-0.14458601507067925,0.0511655591197927,-0.6321983363491348,-3.713466122553725,-4.491635625050654,-0.996907484408337,-0.06250229262417199,-0.0012635587662401192
2.92,0.0026279279067644708,1.4956120538573783,-1.0055766748298416,-0.5414749313481461,0.0002954588709206456,-7.711341576414595e-06,-0.1199990631610253,0.04188854991686927,0.017036367426003056,0.00516195482170309,-0.011891815472006084,-0.00014577550545604245,-0.5145592709581054,0.15186227724787046,0.20497015499596447,0.05106420430884251,-0.1361746860657398,0.05104302378150666,-0.6440763830221939,-3.713141542938699,-4.484930253247575,-0.9953795038661243,-0.06379752056346527,-0.0012698480807658335
2.93,0.001397069798096184,1.4960445899061063,-1.0053911175171515,-0.5414193447579616,0.0001732381359711654,-9.190978437358897e-06,-0.12308581086682865,0.04325360487281483,0.018555731269008367,0.0055586590184468695,-0.01222207349494802,-0.00014796368609443022,-0.43228561606032984,0.14072219826367685,0.2000975449917008,0.050089235584867664,-0.12717325054695472,0.0507640854670518,-0.6528452117826057,-3.7136052235844947,-4.478526295331017,-0.9939487603689992,-0.06478316395679647,-0.0012721922275382744
2.94,0.00014126434491913784,1.4964897439152238,-1.0051908310820803,-0.5413599286545309,4.8306107439027016e-05,-1.0684985598797962e-05,-0.12558054531770463,0.04451540091174178,0.020028643507119918,0.005941610343072847,-0.01249320285321384,-0.00014940071614390663,-0.34789275972120043,0.12917302985512807,0.19462588225895913,0.048970613674729546,-0.11763409565646166,0.05032598607417613,-0.658456714131056,-3.7148566270109598,-4.472443439963784,-0.992619644453633,-0.0654543359458703,-0.0012705687997423267
2.95,-0.0011334418129818305,1.4969464460924176,-1.0049763241030625,-0.5412968319700532,-7.873304520929371e-05,-1.2185762397375008e-05,-0.12747061579009683,0.045670217719378084,0.02145069790178376,0.0063096684477657395,-0.012703915264832073,-0.0001500776798577045,-0.2617676340690951,0.11724334594329136,0.18856990354457928,0.04771097092492882,-0.10761102900248987,0.049726637395665046,-0.660877456636688,-3.7168933098535506,-4.466700456473899,-0.9913962723886945,-0.06580763940418541,-0.0012649755086330582
2.96,-0.002420903241632756,1.497413592134513,-1.0047481478633196,-0.5412302146504991,-0.00020726509788741108,-1.3685657332414081e-05,-0.12874614286509256,0.046714604209562596,0.02281762397429548,0.006661731955404991,-0.012853205267811738,-0.00014998949350390734,-0.17430668040489566,0.10496292838430579,0.18194611094664867,0.04631332757992945,-0.09715888653234295,0.048964676351129055,-0.6600889369153785,-3.719710962335215,-4.461315135000477,-0.9902824748505323,-0.06584118736840176,-0.001255430183408123
2.97,-0.0037149040184613572,1.4978900460288593,-1.0045068948641787,-0.5411602472328119,-0.0003366686504635343,-1.5177006572020963e-05,-0.12940007768286013,0.04764538943463292,0.024125299914088568,0.006996741768725938,-0.012940355257612321,-0.00014913492396068822,-0.08591418926583552,0.09236267768451913,0.17477272637359093,0.04478108609018827,-0.08633315223698407,0.04803951421157124,-0.6560877736726565,-3.72330344937247,-4.456304229964435,-0.9892817862961325,-0.06555461640282251,-0.001241970662446933
2.98,-0.005009186511639579,1.4983746429552456,-1.0042531972134339,-0.5410871103901771,-0.00046631804279083215,-1.6652172442302414e-05,-0.12942824931782224,0.04845969263862616,0.02536976507448834,0.007313684263481381,-0.01296493923272978,-0.00014751658702814502,0.0029994184821017385,0.07947451945640566,0.16706964055709597,0.04311802470895032,-0.075189593431821,0.0469513790029332,-0.648885828385017,-3.7276628525427684,-4.451683407108155,-0.9883974350484631,-0.06494909276008541,-0.0012246545771837833
2.99,-0.006297480510128954,1.4988661922794206,-1.0039877248932707,-0.5410109944466186,-0.0005955862950376426,-1.8103581698950733e-05,-0.12882939984893751,0.049154932417512974,0.026547232016316806,0.00761159435585104,-0.012926825224681046,-0.000145140925664832,0.09201936461407631,0.0663313070905425,0.15885835674817625,0.041328290362456555,-0.06378391500331065,0.04570135037282015,-0.6385102564516205,-3.7327795122097704,-4.44746719433526,-0.9876323341113482,-0.06402731123439086,-0.0012035590305668111
3.0,-0.007573532577486308,1.4993634806289728,-1.0037111839126607,-0.5409320988622716,-0.0007238480589757619,-1.9523763383701232e-05,-0.12760520673573536,0.04972883495521247,0.027654098061013398,0.007889558434706505,-0.012826176393811934,-0.00014201816847505012,0.1807283350251121,0.05296672113678484,0.1501619292484449,0.03941639077291126,-0.052171435605700145,0.044291386313683095,-0.6250034859421145,-3.7386420691866533,-4.443668936565726,-0.9869890727330896,-0.06279348663861016,-0.0011787801727174412
3.0100000000000002,-0.008831135499008942,1.4998652750420605,-1.0034243143494972,-0.5408506316907743,-0.0008504825667528314,-2.090538607256245e-05,-0.12576029215226334,0.05017944130876919,0.028686956316358238,0.008146717149725955,-0.012663450777706945,-0.00013816226888612162,0.2687083435004368,0.039415165900701404,0.14100489694855217,0.03738718580882994,-0.04040678835610412,0.042724341251969916,-0.608423122394951,-3.7452375054135896,-4.4403007548027755,-0.9864699087400688,-0.06125333787325255,-0.001150432677039993
3.02,-0.010064157688788666,1.5003703261792682,-1.0031278882881027,-0.5407668090103066,-0.0009748765635981475,-2.2241294328186155e-05,-0.12330221897797228,0.05050511372077506,0.029642606139450117,0.008382268046766457,-0.012439399684531617,-0.0001335908255623705,0.35554263088640414,0.02571166376978573,0.13141321206597084,0.035245878033602684,-0.028543648105210595,0.04100397513679688,-0.5888417784829446,-3.752551183232425,-4.437373509586228,-0.9860767616633799,-0.05941406459330535,-0.0011186491206326662
3.0300000000000002,-0.011266572420756684,1.5008773715886867,-1.0028227076580696,-0.5406808543298832,-0.0010964272108919069,-2.352454417522284e-05,-0.12024147319680176,0.05070454094184318,0.030518063003308307,0.008595468042340036,-0.012155064729375928,-0.0001283249847036686,0.4408175920997776,0.011891747787375,0.12141416429722189,0.03299800241455919,-0.016634486875507948,0.039134953288974705,-0.5663468277570693,-3.7605668829570345,-4.434896768982032,-0.9858112066829943,-0.05728431651816599,-0.0010835792734141254
3.04,-0.012432486745889421,1.5013851390141932,-1.0025096019807165,-0.5405929979725881,-0.0012145449460676172,-2.4748437424928115e-05,-0.11659143251327367,0.050776742550644224,0.0313105677353174,0.008785635729509538,-0.01181177351757104,-0.00012238932497052736,0.5241247227547275,-0.0020086470095003577,0.11103630061671511,0.03064941516304409,-0.004730358555179226,0.03712283689998608,-0.5410400821032377,-3.769266838559345,-4.432878781229877,-0.9856744694149538,-0.05487415546998642,-0.0010453893008994936
3.0500000000000003,-0.013556169956460275,1.50189234973683,-1.0021894260297393,-0.540503476437508,-0.0013286562859176287,-2.5906554683569925e-05,-0.11236832105708548,0.05072107226366802,0.03201759509771451,0.00895215350800901,-0.011411133985001147,-0.00011581172586418094,0.6050625765555636,-0.015953292976967858,0.10030934097519888,0.028206281666348504,0.007119286564223337,0.034974064201932276,-0.5130373929969066,-3.7786317714166384,-4.431326452140289,-0.9856674215675345,-0.05219501026645269,-0.0010042608860314794
3.06,-0.014632081457612946,1.5023977219391442,-1.001863057412915,-0.5404125317421888,-0.0014382065600336406,-2.6992786888255342e-05,-0.10759115011526703,0.0505372202314245,0.03263686168243186,0.009094469531912338,-0.010955027411601195,-0.00010862322046854161,0.6832387240085499,-0.02990577947539241,0.08926409016915443,0.02567506347956383,0.018866757317749006,0.032695922454862636,-0.4824681771133648,-3.788640922191841,-4.430245327299507,-0.9857905774920748,-0.049259624635020705,-0.0009603902758931636
3.0700000000000003,-0.0156548979066436,1.5028999740823665,-1.0015313940819668,-0.5403204107475017,-0.001542662561338552,-2.8001365223563325e-05,-0.10228164490306552,0.05022521432222481,0.0331663330948329,0.009212099468712162,-0.010445600130491147,-0.0001008578335307983,0.7582717024626541,-0.04382962221754899,0.07793234616981941,0.02306250434326987,0.03046624765803596,0.030296511023642947,-0.44947486734314845,-3.7992720810432346,-4.4296395791055625,-0.9860440916532582,-0.046081998356573735,-0.0009139872594952559
3.08,-0.016619539481252804,1.503397828286356,-1.0011953517779346,-0.5402273644668594,-0.0016415151009537264,-2.892688928274964e-05,-0.09646415746092021,0.04978542039894554,0.03360423040322369,0.009304628064234396,-0.009885253961517439,-9.255240591863157e-05,0.8297929470056855,-0.05768837188489703,0.06634680521812078,0.020375615197182964,0.04187393396083294,0.027784695932087322,-0.414212290767886,-3.810501616479666,-4.429511998622412,-0.9864277570419416,-0.042677321887039224,-0.0008652740831405733
3.09,-0.017521195139699207,1.5038900137023385,-1.0008558614196001,-0.5401336473617753,-0.0017342814549968844,-2.9764353348191108e-05,-0.09016556584464017,0.04921854159825471,0.033949035833453274,0.00937171050840537,-0.009276635404315801,-8.374640654414684e-05,0.8974486913322597,-0.07144572156394156,0.05454096400198633,0.01762165817945629,0.05304804493020532,0.02517005639506642,-0.37684697566672976,-3.822304503289678,-4.429863992201771,-0.9869410045512047,-0.03906190474531884,-0.0008144843101199873
3.1,-0.018355346738285296,1.5043752698685948,-1.0005138664426956,-0.5400395166258004,-0.0018205076913203003,-3.050917067706911e-05,-0.08341515985860871,0.04852561662563695,0.0341994976904532,0.009413073597483947,-0.008622623632341585,-7.448173288779998e-05,0.9609018273706302,-0.08506561257813777,0.04254901925469962,0.014808129577462373,0.06394890578114598,0.02246282392903365,-0.33755639014243677,-3.834654350075031,-4.430695582784902,-0.9875829033331762,-0.035253097994629834,-0.0007618616316868153
3.11,-0.019117791874953393,1.5048523500394266,-1.0001703200977838,-0.5399452314589104,-0.0018997708646762265,-3.115719568996505e-05,-0.07624451366680961,0.04770801708317616,0.03435463449116885,0.009428516689005788,-0.007926317335592615,-6.480250128959441e-05,1.0198337122186716,-0.09851233831834764,0.03040576511551904,0.011942741739575907,0.07453895872891358,0.019673814735758355,-0.2965281154732439,-3.847523427008179,-4.432005415759882,-0.9883521621503457,-0.03126921118164054,-0.0007076586363899638
3.12,-0.01980466533198308,1.505320024477931,-0.9998261827148237,-0.5398510523344472,-0.0019716810693355875,-3.170474397196529e-05,-0.06868734570296868,0.04676744385042837,0.03441373829601125,0.009417912446323945,-0.007191020465936084,-5.4754828200024184e-05,1.073945910799357,-0.11175064570193001,0.018146488610294314,0.009033403941132945,0.08478276211711844,0.01681435613077531,-0.25395895780663313,-3.860882694507193,-4.433790769214754,-0.989247131730713,-0.02712942413330435,-0.0006521355449212952
3.13,-0.020412458995866283,1.505777083703349,-0.9994824189425369,-0.5397572402607442,-0.0020358833387855947,-3.2148610007959806e-05,-0.06077936638832048,0.045705922541814166,0.03437637722868396,0.009381207370290735,-0.006420226945000706,-4.4386603599451527e-05,1.122961862612193,-0.12474583392232856,0.005806863614711531,0.006088202222417627,0.09464697076959183,0.013896207863579368,-0.21005400230790225,-3.8747018335783707,-4.436047568394132,-0.9902658081312063,-0.022853694044697365,-0.0005955589176506649
3.14,-0.02093804013839228,1.506222341684017,-0.9991399949707669,-0.5396640560395813,-0.0020920593827902624,-3.248608258598574e-05,-0.0525581142525996,0.04452579806678675,0.034242397176999374,0.00931842211628633,-0.005617604400466796,-3.374725780259308e-05,1.1666284610329516,-0.1374638501808461,-0.006577156328025548,0.0031153782091052906,0.104100300345495,0.010931479226126917,-0.16502561435457178,-3.8889492786145303,-4.438770404137396,-0.9914058371086105,-0.018462658322155,-0.0005382003419852112
3.15,-0.021378667949791815,1.5066546389672328,-0.998799875744066,-0.5395717595236263,-0.0021399291528126146,-3.2714957814629936e-05,-0.04406278113995353,0.043229728321571514,0.034011922670089796,0.00922965159549468,-0.0047869770022352254,-2.288752286441964e-05,1.2047175338015819,-0.14987138212602688,-0.018969445965544354,0.00012330697249890443,0.1131134786195318,0.007932542896481043,-0.1190923928216191,-3.903592253454261,-4.441952555051004,-0.9926645194917207,-0.01397753367430053,-0.0004803351066006967
3.16,-0.021732008222448515,1.507072845737668,-0.9984630221747639,-0.5394806088750264,-0.002179252227565997,-3.2833549712589144e-05,-0.03533402726566996,0.04182067704352835,0.03368535693020904,0.009115064859996852,-0.0039323074753382465,-1.1859189795921193e-05,1.2370272136426521,-0.16193594675669176,-0.03133381669071518,-0.002879526048442105,0.12165918669073594,0.004911946490728791,-0.07247808092665771,-3.918596811503856,-4.445586013146889,-0.994038817542954,-0.009420011968881405,-0.0004222408694550146
3.17,-0.02199614609215877,1.5074758647962796,-0.9981303883637628,-0.5393908598273068,-0.002209829011281284,-3.284069834041981e-05,-0.026413786971025793,0.04030190586115577,0.03326338110010801,0.00897490477194915,-0.0030576783715287347,-7.148627830665742e-07,1.2633831883792126,-0.17362597557842677,-0.043634124919352105,-0.00588454899410551,0.12971199314979742,0.0018823228172586415,-0.025410440493883014,-3.9339278806984206,-4.449661512663652,-0.9955253622921515,-0.004812153395491062,-0.0003641963263119988
3.18,-0.022169596753171622,1.507862634452024,-0.9978029188372655,-0.5393027649527288,-0.0022315017381433536,-3.273577545622598e-05,-0.01734506610128523,0.0386769655744437,0.032746952649728024,0.008809487457801987,-0.002167272686206945,1.0492288419382968e-05,1.2836398204336879,-0.18491089583463,-0.05583438011913431,-0.008883128331766188,0.13724828420416912,-0.0011437001688454629,0.021879904154368596,-3.949549314032059,-4.4541685617780455,-0.9971204618200907,-0.00017627749300956242,-0.0003064798862811173
3.19,-0.02225131407322211,1.508232131319041,-0.9974815458075788,-0.5392165729372368,-0.0022441552772601205,-3.2518687688474704e-05,-0.008171732005048803,0.03694968670169941,0.03213730296867436,0.008619201549197882,-0.0012653539116766982,2.170877677512824e-05,1.2976811262491168,-0.19576120766362903,-0.06789885212218592,-0.01186659432791104,0.14424619267760885,-0.004153588721422574,0.06916064616291374,-3.9654239463196714,-4.459095476911446,-0.9988201104643516,0.004465147384158243,-0.0002493683606211135
3.2,-0.022240697045431336,1.5085833730123421,-0.9971671864660427,-0.5391325278651081,-0.0022477177334763905,-3.218987723023976e-05,0.0010617027790774444,0.035124169330119234,0.031435934153600895,0.008404507212866652,-0.0003562456216269932,3.288104582349391e-05,1.305421606912395,-0.20614855706413765,-0.07979217736130184,-0.01482626715338653,0.1506855286657034,-0.007134990997812007,0.11619899319136524,-3.981513657766031,-4.46442941933966,-1.0006199989158082,0.009089615575414326,-0.0001931356707675647
3.21,-0.022137594025221943,1.508915420735425,-0.9968607403160205,-0.5390508685153831,-0.002242160840328154,-3.175032006991146e-05,0.010310302020939471,0.033204772308282025,0.0306446150022265,0.008165934972498894,0.0005556893148236625,4.395571603283032e-05,1.306806922105919,-0.2160458045786219,-0.09147946367903301,-0.01775348352637862,0.15654771444924087,-0.010075822152267877,0.16276287456099986,-3.997779444812914,-4.470156433824818,-1.0025155251702544,0.01367469600540409,-0.0001380515812316759
3.22,-0.0219423047122197,1.509227381753619,-0.9965630865537384,-0.5389718276721207,-0.002227500142445775,-3.120152178373369e-05,0.019528931300224324,0.03119610181940355,0.029765376228213323,0.007904084326234915,0.001466069788237872,5.4879828617777245e-05,1.3018144004532282,-0.22542708963157707,-0.10292639337174474,-0.020639623778742844,0.16181572604472994,-0.012964345932284571,0.20862215136259568,-4.014181498614229,-4.476261489004786,-1.0045018062965734,0.018198143860081447,-8.438046268528901e-05
3.23,-0.02165557984940415,1.5095184117473655,-0.996275081504603,-0.5388956314504804,-0.0022037949657515536,-3.0545510925408765e-05,0.028672486281555137,0.02910299937463876,0.028800504913544675,0.00761962216403034,0.0023705176694221344,6.560108583249246e-05,1.2904533803458664,-0.23426789048328095,-0.11409932414017128,-0.023476139243917338,0.16647404351105255,-0.015789251932115222,0.253549822287068,-4.030679291355019,-4.4827285192983055,-1.0065736909805416,0.022638011449719813,-3.2380090200787525e-05
3.24,-0.021278618624451674,1.5097877170400251,-0.9959975561224296,-0.5388224986405826,-0.0021711481748528665,-2.978483005742089e-05,0.0376961224952477,0.02693052926596128,0.027752538217335986,0.007313280989777955,0.003264679089868735,7.606808679878743e-05,1.2727653764335933,-0.24254507978335246,-0.12496538763845437,-0.026254579833028258,0.1705086118416368,-0.018539727721069377,0.2973232178974316,-4.047231670485557,-4.489540468112271,-1.0087257728017471,0.02697275766476628,1.7699518740330782e-05
3.25,-0.020813063771195538,1.5100345566952071,-0.9957313135588077,-0.5387526400710462,-0.0021297057181008053,-2.8922524477654146e-05,0.04655548532561369,0.02468396551821262,0.026624256362188514,0.006985856953642506,0.004144245675206097,8.62305579766745e-05,1.2488240681204896,-0.2502369757276692,-0.13549258532428377,-0.02896662168648767,0.17390681395398921,-0.021205525132567238,0.33972517607497926,-4.06379696078976,-4.496679332170411,-1.0109524042003017,0.031181355437777485,6.561722221525674e-05
3.2600000000000002,-0.02026099438231764,1.5102582444790054,-0.9954771268095953,-0.5386862579940399,-0.0020796559618600206,-2.796212870331107e-05,0.05520693888778971,0.022368778379813804,0.025418674921236496,0.006638207700628501,0.0050049756240784955,9.603957743430734e-05,1.2187351076193567,-0.25732338884096856,-0.14564988133600368,-0.03160409476164716,0.17665745695364787,-0.023777020080316347,0.380545191444232,-4.080333074051281,-4.504126206819224,-1.0132477110899119,0.03524339663564764,0.00011114182390638879
3.27,-0.019624916457690697,1.5104581506829193,-0.995235736445286,-0.5386235454936208,-0.0020212288166123046,-2.690765078206833e-05,0.0636077924626942,0.019990620391388797,0.024139036430939533,0.006271250041914877,0.005842714524771603,0.00010544779212427432,1.1826357463703996,-0.26378566442244583,-0.15540729213533244,-0.034159010243597354,0.17875077249843763,-0.026245265346920066,0.4195805317102412,-4.096797625924199,-4.511861332206257,-1.0156056080744273,0.039139193820885786,0.00015405309168100027
3.2800000000000002,-0.01890775122610979,1.5106337038036313,-0.9950078484317216,-0.5385646859190608,-0.001954694658588225,-2.5763554507841683e-05,0.07171652315809059,0.01755531207118571,0.022788801356435337,0.005885957455996714,0.006653415802407969,0.00011440962742266448,1.1406942799087654,-0.26960672070602587,-0.1647359726806651,-0.0366235876288048,0.18017843173407222,-0.028602035887739685,0.45663731402652336,-4.113148059462022,-4.519864140266402,-1.0180198142260721,0.04284987833862658,0.00019414272150066435
3.29,-0.018112821291389445,1.5107843920761883,-0.9947941320473429,-0.5385098523447897,-0.001880363051681602,-2.4534739625478382e-05,0.07949299347203471,0.015068827255714835,0.02137163843787148,0.005483357427117235,0.007433160690662301,0.00012288148823633006,1.0931093125636002,-0.27477108279691626,-0.17360829890904106,-0.03899028137238614,0.18093357491158812,-0.030839866275631622,0.49153153475117817,-4.129341774612253,-4.528113302492682,-1.0204838693851106,0.046357494207266224,0.00023121524378664875
3.3000000000000003,-0.017243834666857066,1.5109097648575232,-0.994595217902867,-0.5384592070585006,-0.0017985812754447081,-2.322652011516755e-05,0.08689866245323802,0.012537278133475315,0.01989141444759783,0.005064528628907466,0.008178177623689395,0.00013082195103108314,1.0401088446701374,-0.27926491245599117,-0.18199794633182745,-0.041251806953576775,0.18101085544315865,-0.03295208002111816,0.5240900462398139,-4.145336262847176,-4.536586778507531,-1.022991150942531,0.049645087314867116,0.0002650888696808983
3.31,-0.01630486677504658,1.5110094338576134,-0.9944116960689728,-0.5384129010788853,-0.0017097326659815523,-2.1844600653372017e-05,0.09389678918104861,0.009966900009027571,0.018352183389409957,0.0046305979615248625,0.008884860946315585,0.0001381919461795532,0.9819491862686989,-0.28307603380966173,-0.18987996456259257,-0.04340116625205148,0.18040649780802553,-0.03493281059052222,0.5541514746645115,-4.16108924597856,-4.545261865487593,-1.0255348910692956,0.05269678945062778,0.0002955962749378952
3.3200000000000003,-0.015300340501789716,1.5110830742159536,-0.9942441143172509,-0.5383710737043759,-0.001614234777546474,-2.0395051352661466e-05,0.10045262732568633,0.007364035834012803,0.016758175172193412,0.0041827374509420786,0.009549788843507831,0.00014495493007105517,0.9189137025353448,-0.2861939550681775,-0.19723084762331983,-0.045431672096831965,0.17911836838776374,-0.03677701405432687,0.5815670732347297,-4.176558818096929,-4.5541152485282685,-1.0281081943576982,0.05549789673052442,0.0003225853194585008
3.33,-0.0142350044058215,1.5111304254213638,-0.9940929764793375,-0.5383338520941825,-0.001512537373609557,-1.8884280887987106e-05,0.10653360959682158,0.004735120541029855,0.015113783791341874,0.0037221610193377075,0.010169740393691699,0.0001510770464674361,0.8513113974272004,-0.28860988633793655,-0.20402859988551253,-0.047336971891737134,0.17714605799926053,-0.038480473390065106,0.6062015056252746,-4.191703589488179,-4.5631230520624255,-1.0307040558421654,0.05803494200849104,0.00034591970073207055
3.34,-0.013113909196369136,1.5111512920735195,-0.9939587409288155,-0.5383013508828242,-0.0014051202570633228,-1.7319008121709395e-05,0.11210952094523635,0.002086665215577869,0.013423555052198664,0.0032501211358315673,0.010741711654623405,0.0001565272766277709,0.7794753432217681,-0.29031675361543924,-0.21025279753172862,-0.04911107018506877,0.1744909746019685,-0.04003979457083218,0.6279335548844334,-4.206482831313042,-4.572260892469786,-1.0333153793683505,0.060295760898997346,0.0003654795396875476
3.35,-0.011942382601891966,1.511145544484925,-0.9938418191901103,-0.5382736718292538,-0.001292490950111207,-1.570623234409549e-05,0.1171526594477169,-0.000574758859432715,0.011692173870529555,0.002767905357038343,0.011262930695211575,0.0001612775777613905,0.7037609647697508,-0.2913092090496227,-0.21588464542991548,-0.05074835010005274,0.17115644439467603,-0.04145239466052292,0.6466567535975452,-4.2208566197906,-4.581503932028635,-1.035934996280432,0.0622695510733481,0.00038116189766772756
3.36,-0.010726002763101823,1.5111131191223972,-0.9937425746782537,-0.5382509035015824,-0.001175182235192137,-1.4053202250069066e-05,0.12163798387901442,-0.003242536252792922,0.00992445118566248,0.0022768327671351994,0.011730871491907022,0.0001653030094026423,0.6245441883593572,-0.2915836375589351,-0.22090702933913092,-0.05224359351062491,0.1671478192815008,-0.04271648223614588,0.6622799316135279,-4.234785978606241,-4.590826934368969,-1.0385556843970476,0.06394692453025569,0.0003928812234349152
3.37,-0.009470570292540975,1.5110540188874513,-0.9936613215730291,-0.5382331209983093,-0.001053749569052084,-1.2367383776745277e-05,0.12554324705608474,-0.005910023494599076,0.00812531052245284,0.0017782503273126714,0.012143266614005284,0.00016858184733237896,0.5422194660938436,-0.2911381598863998,-0.22530456337332172,-0.05359199988323948,0.16247258848423796,-0.04383103054431653,0.6747276781991376,-4.248233018268283,-4.600204321585475,-1.041170187246178,0.06531995258095348,0.00040056972929161357
3.38,-0.008182079151258513,1.5109683132353127,-0.9935983238306425,-0.5382203857068629,-0.0009287683827680173,-1.0656426929740388e-05,0.1288491141282462,-0.008570565213862501,0.006299774238661443,0.0012735291446377794,0.012498118628406664,0.000171095684700489,0.45719768760734,-0.2899726321734759,-0.2290636326671821,-0.05478920369218909,0.15714049191134194,-0.04479574388495711,0.6839407160634392,-4.261161071165571,-4.609610233159714,-1.0437712335284892,0.06638220333010529,0.00040417769555911066
3.39,-0.006866686500441868,1.5108561381325902,-0.9935537943356959,-0.5382127451001582,-0.0008008312811578562,-8.928131729428602e-06,0.13153926508166447,-0.011217510272251784,0.004452949494658525,0.0007640606704807101,0.012793710161016107,0.00017282952003117857,0.36990399177798944,-0.28808864212897867,-0.2321724311996373,-0.0558312903363285,0.15116363275919098,-0.04561101779235807,0.6898761852879598,-4.273534821130378,-4.619018586823471,-1.046351556777137,0.06712877147575289,0.000403673702801806
3.4,-0.0055306816921725606,1.5107176958539636,-0.9935278941958695,-0.5382102325717705,-0.000670545155567816,-7.190413411244925e-06,0.13360048082693077,-0.013844227862668243,0.0025900139826398063,0.0002512528387687257,0.013028612559004012,0.0001737718318183677,0.28077549183624667,-0.28548950186584365,-0.23462099474068024,-0.05671481047907001,0.14455658672552274,-0.046277893658269675,0.6925078358014074,-4.285320426385808,-4.628403141469774,-1.0489039151798027,0.06755630029430092,0.00039904479131882534
3.41,-0.004180454568736197,1.5105532546185447,-0.9935207321813422,-0.5382128673102264,-0.0005385282245123281,-5.451267016813761e-06,0.13502271234363636,-0.01644412354188719,0.0007162014527280175,-0.00026347384559462813,0.013201693105548796,0.00017391463944311635,0.19025892790319066,-0.2821802374731119,-0.23640122889531595,-0.05743679276031255,0.13733650515741525,-0.046798008501475044,0.6918261276465574,-4.296485634852936,-4.637737562185234,-1.0514211115258931,0.06766299571980605,0.0003902965475496621
3.42,-0.0028224632440869857,1.5103631480668749,-0.9935323643106074,-0.5382206542128037,-0.0004054070170483404,-3.7187315151273867e-06,0.13579913246492115,-0.01901065516698577,-0.0011632129265214545,-0.0007786902577304431,0.013312120746398773,0.00017325355016863743,0.09880826152557118,-0.27816757538679665,-0.23750693223036431,-0.057994754807977555,0.1295232094315542,-0.047173540647659794,0.6878382388960435,-4.306999890908061,-4.64699548743763,-1.0538960132383783,0.06744863247037083,0.0003774531171605119
3.43,-0.0014632015441158686,1.5101477745798177,-0.9935627935839633,-0.5382335838391312,-0.0002718133140925216,-2.0008535952084837e-06,0.1359261699971117,-0.02153734870572261,-0.0030429273355845722,-0.0012929626327501452,0.013359370295581877,0.0001717877919918903,0.0068822271950348506,-0.2734599256176905,-0.23793381446863426,-0.058386712515408945,0.12113927388520435,-0.04740715212682918,0.6805679816783466,-4.316834432812067,-4.656150598407354,-1.0563215724458315,0.066914552217997,0.0003605571446958272
3.44,-0.00010916628427717272,1.5099075964409032,-0.9936119698655804,-0.5382516324047731,-0.00013838106313444304,-3.056512736646772e-07,0.1354035259838696,-0.02401781389144228,-0.00491762816171652,-0.001804856564188632,0.013343225095807857,0.00016952023215438064,-0.08505814385198648,-0.2680673618910379,-0.23767950974820595,-0.05861118752890904,0.11221009466592397,-0.04750192863388131,0.6700556273705676,-4.325962380179369,-4.665176690401478,-1.0586908460460158,0.06606365384157745,0.00033966963979866827
3.45,0.0012331754361211361,1.5096431388439688,-0.9936797899146729,-0.538274761814877,-5.743281959424019e-06,1.3589225377281986e-06,0.13423417203983087,-0.02644575969343946,-0.006782004909249619,-0.0023129410103905545,0.013263778117501903,0.00016645738113928757,-0.17655201206433327,-0.26200159874749385,-0.2367435849414418,-0.058667212919977896,0.10276394196105498,-0.04746131792214406,0.656357642595861,-4.334358811009513,-4.67404774623607,-1.0609970157079285,0.06490037584555744,0.00031486977012687347
3.46,0.0025574187440673074,1.5093549887482283,-0.9937660975659197,-0.5383029197378602,0.00012547103292987895,2.9850163578064916e-06,0.1324243307946171,-0.02881500957405367,-0.008630765124682435,-0.002815792298320966,0.013121431488930297,0.00016260938200782931,-0.26714121466932145,-0.25527596565255234,-0.2351275430350388,-0.058554337008130286,0.09283199319256141,-0.04728906751735762,0.6395463382263428,-4.3420008279672935,-4.682738011417594,-1.0632334077547827,0.0634306710689313,0.0002862545812229463
3.47,0.0038572531301014584,1.5090437935831875,-0.9938706840589077,-0.5383360397190029,0.00025463997751464613,4.564916207362251e-06,0.1299834386034151,-0.031119516504064703,-0.010458649298797713,-0.003311998114274314,0.012916894458476717,0.00015798998495557588,-0.3563727319020943,-0.24790537815732835,-0.2328348215742327,-0.05827262531449251,0.08244834492409137,-0.046989162641685234,0.6197094341325242,-4.348867613763255,-4.6912220708991095,-1.0653935128661394,0.06166197385041709,0.0002539386437366267
3.48,0.005126494038042989,1.508710259806105,-0.9939932885159881,-0.5383740413337126,0.0003811517755021442,6.091081277358402e-06,0.126924090794153,-0.03335337770824044,-0.012260445708042588,-0.003800161470969754,0.012651179798749804,0.0001526165069996152,-0.44380111899933755,-0.2399063061517107,-0.2298707861730082,-0.05782266063825925,0.07165000141915057,-0.046565765232263356,0.5969495429340061,-4.35494047565225,-4.69947492713314,-1.0674710055334653,0.05960315985563501,0.00021805362855300235
3.49,0.006359113736370436,1.5083551513149736,-0.9941335985675623,-0.538416830380118,0.0005044077622101093,7.556179044765618e-06,0.12326196983274483,-0.035510849113149466,-0.01403100515742171,-0.004278904640538403,0.012325598670796507,0.00014650977674072162,-0.5289908888562097,-0.23129673924886646,-0.22624271909836216,-0.057205541240772595,0.06047683801595838,-0.04602315491900377,0.571383576489448,-4.360202879229469,-4.707472079091946,-1.0694597631999496,0.05726449881066914,0.00017874781054779657
3.5,0.007549271305331099,1.5079792877202776,-0.9942912511234342,-0.5384642991105475,0.0006238253019621822,8.953119686578506e-06,0.11901575689606621,-0.03758635946960238,-0.015765255587184345,-0.004746873042949929,0.011941753975207291,0.0001396940641812887,-0.6115188306280612,-0.2220961493383817,-0.22195980293423315,-0.05642287714848515,0.048971537736862025,-0.0453656727985049,0.5431420793133709,-4.364640471857677,-4.715189601878938,-1.0713538850126414,0.05465760042329079,0.0001361855018768922
3.5100000000000002,0.008691341579795295,1.5075835424790542,-0.9944658332884904,-0.5385163265013422,0.0007388406242149506,1.0275089642781993e-05,0.1142070274464197,-0.03957452412233452,-0.017458216505619486,-0.005202739079471273,0.011501532225276842,0.00013219699562034879,-0.6909762500506591,-0.21232545034522812,-0.21703309933259968,-0.05547678458412508,0.03717949983339919,-0.044597668797481727,0.5123684935200855,-4.368241096202959,-4.722604226513291,-1.0731477101129459,0.05179535380815067,9.054641591072822e-05
3.52,0.009779942894799696,1.5071688408950563,-0.9946568834205939,-0.5385727785603504,0.0008489115640706777,1.1515584179698294e-05,0.10886013150044,-0.0414701583997922,-0.019105013210354085,-0.005645205900814818,0.011007093985572711,0.00012404945369163013,-0.766971117850804,-0.20200695523119094,-0.21147552286592472,-0.05436987854220665,0.025148719272102493,-0.04372345337067696,0.47921836026811,-4.370994794485808,-4.729693419434834,-1.0748358353904368,0.04869186076518316,4.2024963146384577e-05
3.5300000000000002,0.010809963488588925,1.5067361579890848,-0.9948638923282002,-0.5386335086713475,0.0009535201933428221,1.2668438806296078e-05,0.10300205937892286,-0.04326829059714801,-0.020700890760631155,-0.006073011099714391,0.010460862927214445,0.00011528546265977843,-0.8391301133178279,-0.19116433027652852,-0.20530180999202213,-0.05310526354303802,0.012929636497486019,-0.042747254212940455,0.44385846300965087,-4.372893804167497,-4.736435461248474,-1.0764131326247792,0.045362363291131025,-9.170519328234247e-06
3.54,0.01177658642670108,1.5062865162438253,-0.995086304604832,-0.5386983579745251,0.0010521753289310526,1.3727859397731836e-05,0.0966622938112154,-0.044964174525949224,-0.022241227663187757,-0.006484930317768169,0.009865513558823046,0.00010594205914357587,-0.9071005509012675,-0.17982254668053985,-0.19852848315151153,-0.051686522602198304,0.0005749571530277997,-0.041673178594609395,0.40646591813686045,-4.3739325458857365,-4.742809524207937,-1.077874764941412,0.04182316573228039,-6.28186029833801e-05
3.5500000000000003,0.012675312920180431,1.5058209832277842,-0.9953235200971774,-0.5387671557820902,0.0011444149059252331,1.4688450882665572e-05,0.08987264934793525,-0.04655330160410406,-0.02372154923453301,-0.006879780756506988,0.00922395769941806,9.60591484933736e-05,-0.970552178583253,-0.16800782952154059,-0.19117381002171638,-0.05011770446196806,-0.01186055819157783,-0.040505181847970695,0.3672272188583306,-4.374107604526972,-4.748795747927618,-1.0792162025085448,0.038091552012056,-0.00011868566549606526
3.56,0.013501983921263288,1.5053406691031819,-0.9955748955032041,-0.5388397200279181,0.0012298082035898882,1.5545244353795405e-05,0.08266710010828572,-0.04803141246024543,-0.02513754060266894,-0.007256424582796143,0.008539329766465511,8.567934711298323e-05,-1.0291788377405797,-0.15574760411933847,-0.1832577579561255,-0.04840330914972235,-0.02432033388638466,-0.03924704244114163,0.3263372383341734,-4.373417704373935,-4.754375312809223,-1.0804332374058674,0.034185698389876305,-0.00017652684848910426
3.5700000000000003,0.014252799890789173,1.504846724022913,-0.9958397460963203,-0.5389158577501066,0.0013079579131775995,1.629372246463268e-05,0.07508159695258848,-0.04939450802687459,-0.026485059311620825,-0.007613772218845899,0.007814970958771135,7.484781108372735e-05,-1.082699975251624,-0.14307043984563877,-0.17480194365171564,-0.04654827192209754,-0.03674624781049385,-0.037902343979922426,0.283998198245629,-4.371863679295183,-4.759530510676493,-1.0815219975991712,0.03012458222751272,-0.00023608707264027298
3.58,0.014924338643053202,1.504340335421942,-0.9961173475712457,-0.5389953656051798,0.0013785020373768319,1.6929842979832596e-05,0.06715387522640286,-0.05063886009709666,-0.027760147492536504,-0.00795078550731592,0.0070544124199232285,6.361205151999153e-05,-1.1308619997098555,-0.1300059914312781,-0.16582957808825452,-0.04455794569013782,-0.04907892754816423,-0.03647446437370483,0.2404186090748794,-4.3694484389485,-4.764244812126499,-1.0824789599597202,0.025927887255994087,-0.0002971021071171184
3.59,0.015513571185746871,1.50382272520874,-0.9964069380069019,-0.539078030412602,0.0014411156121116127,1.745006035144356e-05,0.05892325426936703,-0.05176102132020747,-0.028959043565626195,-0.00826648074222006,0.006261357473478085,5.202173716109647e-05,-1.173439474769471,-0.11658493782287277,-0.15636540680651453,-0.04243808199323529,-0.06125807254317195,-0.03496657229235056,0.19581218842287884,-4.366176931951854,-4.768502930129182,-1.0833009622725518,0.021615905849775602,-0.00035929968995829746
3.6,0.016017875484940807,1.503295146862621,-0.9967077199412802,-0.5391636297281682,0.001495512242371722,1.7851345199274306e-05,0.05043042991939342,-0.05275783461189133,-0.030078193437819156,-0.00855993155661641,0.005439663026010933,4.012848478307471e-05,-1.2102361438584028,-0.10283891864489145,-0.14643564559383265,-0.040194810641686174,-0.07322280025595074,-0.033381630927572514,0.15039676369820146,-4.36205610693546,-4.772290879437368,-1.0839852141838064,0.01720943882539809,-0.00042240069568006707
3.61,0.016435048097649372,1.5027588824430678,-0.9970188625528977,-0.5392519324447519,0.0015414454447566241,1.8131201580227655e-05,0.04171726127085655,-0.053626441955334454,-0.031114261161756595,-0.00883027165836203,0.00459332023849022,2.7985638095334814e-05,-1.2410857817420344,-0.08880046832747038,-0.13606791167003074,-0.037834618122868924,-0.08491201397217729,-0.03172240895934331,0.10439316546886192,-4.357094872327249,-4.775596031406507,-1.084529307043546,0.012729693289131259,-0.0004861203460404505
3.62,0.016763313627287606,1.5022152395173662,-0.9973395039431238,-0.5393426994188074,0.001578709790458076,1.828768193893441e-05,0.03282655296382335,-0.05436429257016266,-0.03206413902260199,-0.009076697405551335,0.00372643457014519,1.5648035870675377e-05,-1.26585286969254,-0.07450294796491734,-0.1252911504769147,-0.035364324892896204,-0.09626478954655848,-0.029991498507964565,0.0580241176836734,-4.351304055643753,-4.7784071638658325,-1.0849312226071,0.008198179062165568,-0.0005501694595467888
3.63,0.017001331970189056,1.5016655480130985,-0.9976687535133255,-0.5394356841209438,0.0016071418434786553,1.8319399640350552e-05,0.023801834290145107,-0.054969150426764896,-0.03292495702017206,-0.009298470213631848,0.002843205302057933,3.171770141614224e-06,-1.284433092307289,-0.059980474973729,-0.11413555819691064,-0.032791061674736444,-0.10722077802040175,-0.028191339741598487,0.01151313084129227,-4.34469636296104,-4.780714505729529,-1.0851893405646753,0.0036366042127578273,-0.0006142557349494404
3.64,0.017148203334203447,1.5011111570022557,-0.998005694430476,-0.5395306333088099,0.0016266208899796718,1.8225538994159542e-05,0.014687136401438967,-0.055439101084278346,-0.03369409171504966,-0.009494918786606894,0.0019479046501016464,-9.386064619101134e-06,-1.2967536553078318,-0.045267850624083956,-0.10263250014068796,-0.03012224490152199,-0.11772062073290002,-0.026324251690691636,-0.03491659598353191,-4.337286339128622,-4.782509776086385,-1.0853024448755435,-0.0009332297775476761,-0.0006780850636287156
3.65,0.017203471023141154,1.500553431423943,-0.9983493861745627,-0.5396272877204616,0.001637069455765171,1.8005862690840596e-05,0.005526768893770675,-0.05577255783127893,-0.03436917440866666,-0.009665441165173833,0.0010448565785499127,-2.19676303318945e-05,-1.3027734249328686,-0.03040048552372753,-0.09081442517087539,-0.027365551424031298,-0.1277063732522734,-0.024392468717714166,-0.08104325855378555,-4.32909032916604,-4.783786217558506,-1.0852697288895032,-0.005489532691885701,-0.0007413628654587382
3.66,0.017167121993385895,1.4999937487528525,-0.998698867160851,-0.5397253827863131,0.0016384536100320457,1.766071658010698e-05,-0.003634902975525817,-0.05596826710904958,-0.0349480986288248,-0.009809506585146633,0.00013841542668747888,-3.4514611073361544e-05,-1.302482890796025,-0.01541432313728712,-0.07871477633957655,-0.024528892646937417,-0.137121934197876,-0.022398181982144383,-0.12664751086282372,-4.320126441149962,-4.784538623772236,-1.0850907992442738,-0.01001062958681347,-0.0008037954424243467
3.67,0.017039585201269206,1.4994334956208706,-0.9990531574297887,-0.5398246493577132,0.0016307830546426001,1.719103173405615e-05,-0.012753679211669047,-0.05602531319818312,-0.0354290268937732,-0.009926657140014181,-0.0007670555389445637,-4.696848460508306e-05,-1.2959039553052882,-0.00034576143018378105,-0.06636789795107462,-0.021620388208908964,-0.14591347480661465,-0.020343585149484866,-0.17151350331782383,-4.31041451076274,-4.784763360836847,-1.0847656785329718,-0.014475063629602547,-0.0008650913439803923
3.68,0.016821727771706322,1.4988740643993683,-0.9994112613970864,-0.5399248144501337,0.0016141109992982474,1.6598323749767584e-05,-0.021785742956288476,-0.05594312215022767,-0.035810396729766415,-0.010016509242048175,-0.001667205534435278,-5.9270798428856674e-05,-1.283089553920896,0.01476842726880668,-0.053808939271786434,-0.01864833936695473,-0.15402986492228088,-0.018230923503706364,-0.21542989082737543,-4.2999760675346455,-4.7844583827774585,-1.0842948067407283,-0.018861697275703786,-0.0009249627378806721
3.69,0.016514849030053996,1.4983168497498975,-0.9997721706562763,-0.5400256019989033,0.0015885338241044265,1.5884689259183006e-05,-0.03068787416523256,-0.05572146494708476,-0.03609092591899801,-0.010078754876952752,-0.002557717519382101,-7.136344905845793e-05,-1.264123111650237,0.02989117808735879,-0.04107375513689874,-0.015621202221365947,-0.16142309096366958,-0.01606254554861719,-0.2581908062320396,-4.288834302674312,-4.783623240917049,-1.0836790414537365,-0.02314981131435532,-0.00098312677997043
3.7,0.016120672450093226,1.4977632451511782,-1.0001348668258456,-0.5401267336253798,0.0015541905321104577,1.5052799627845118e-05,-0.03941765799607709,-0.055360459871943504,-0.03626961695692438,-0.01011316264765128,-0.003434329199396877,-8.318896313378867e-05,-1.2391178422345388,0.044985217005938105,-0.028198803723542516,-0.012547560913365938,-0.16804866135209817,-0.013840956123017278,-0.29959679486278223,-4.27701403824937,-4.782259087247734,-1.082919656847599,-0.02731920132896998,-0.0010393069762361985
3.71,0.015641335581397506,1.4972146394104116,-1.0004983244328483,-0.5402279294114142,0.0015112619954773165,1.4105891838384296e-05,-0.04793368686957184,-0.05486057407666535,-0.03634576070026309,-0.010119578603441577,-0.004292853663314118,-9.469077894608223e-05,-1.2082158974567179,0.060013145719841364,-0.015221041778216109,-0.009436100936440359,-0.1738659948633261,-0.011568869999128206,-0.33945570637421457,-4.2645416973541215,-4.780368671872804,-1.0820183414647178,-0.03135027113966413,-0.0010932345302428108
3.72,0.01507937802906051,1.4966724131670943,-1.0008615138247419,-0.5403289086799281,0.0014599699999647904,1.3047756569442114e-05,-0.05619575523369949,-0.05422262433173257,-0.03631893918935505,-0.01009792685139397,-0.00512919955125261,-0.00010581352689421817,-1.1715873748893253,0.07493752784904135,-0.002177817609107374,-0.006295582677607298,-0.17883878740850623,-0.0092492649077075,-0.37758354037393366,-4.251445274786603,-4.777956334638044,-1.0809771947927114,-0.03522412281789704,-0.0011446496689638897
3.73,0.01443772756777439,1.496137935397633,-1.0012234041010528,-0.5404293907794034,0.0014005760934311475,1.1882723495915478e-05,-0.06416504612861215,-0.05344777694613917,-0.03618902763110499,-0.01004820994753762,-0.005939390653364287,-0.00011650330735266359,-1.12942919319168,0.08972097637180476,0.010893237833140668,-0.0031348153173059168,-0.18293535284955542,-0.006885432909775724,-0.4138052427511807,-4.237754307656011,-4.775027991102891,-1.0797987226574455,-0.03892264288738689,-0.0011933029399313073
3.74,0.013719684480527839,1.4956125599291736,-1.0015829660563664,-0.5405290958700639,0.001333380244997563,1.0615643851892885e-05,-0.07180430872465503,-0.052537546845939864,-0.035956195531356525,-0.00997050906604947,-0.006719584843358451,-0.00012670796440225924,-1.0819638447537467,0.10432624215020124,0.02395432144098969,3.736881505800316e-05,-0.18612893361557337,-0.004481029035592221,-0.44795544999385917,-4.223499845255476,-4.771591113029529,-1.0784858314454244,-0.04242858435105787,-0.0012389564725945625
3.75,0.01292890421969669,1.4950976219711578,-1.0019391751260494,-0.5406277457095174,0.0012587193224408454,9.251870313324717e-06,-0.0790780260831149,-0.051493795801584905,-0.03562090696829076,-0.009864983945346736,-0.007466092255671755,-0.00013637735385681673,-1.0294380360605604,0.11871630340830615,0.03696756964663057,0.0032121393261063114,-0.18839797710830908,-0.0020401161310943383,-0.4798791791681032,-4.208714417466284,-4.7676547035902175,-1.0770418211709714,-0.04572564421045652,-0.001281385196794214
3.7600000000000002,0.012069378495002912,1.4945944346732012,-1.002291014326062,-0.5407250644356241,0.00117696539623664,7.797234273207536e-06,-0.08595257246937778,-0.05031872979565436,-0.03518392000125238,-0.009731872610665408,-0.008175392620420545,-0.00014546360401171816,-0.9721212266136395,0.13285445601580498,0.049895170958960684,0.006380692204946969,-0.18972637416825489,0.0004327951191290813,-0.5094324616154852,-4.193432000909365,-4.7632292675108765,-1.0754703774040613,-0.048798536171643356,-0.0013203780113169835
3.77,0.011145414898703377,1.4941042857179594,-1.0026374771781847,-0.540820779344358,0.0010885238794769358,6.2580205977441135e-06,-0.09239635962995363,-0.049014895524181146,-0.03464628521227569,-0.009571490873392818,-0.008844151675970401,-0.00015392136754634227,-0.9103040775903412,0.14670440442030508,0.0626994789634889,0.009534273554551165,-0.1901036562103271,0.0029327119635894627,-0.5364829187956047,-4.177687982029111,-4.758326776381972,-1.0737755620749458,-0.051633058259748385,-0.0013557388956148251
3.7800000000000002,0.01016161518342901,1.4936284339576953,-1.0029775706119899,-0.540914621660439,0.0009938315136265856,4.640939967442047e-06,-0.09837997152743665,-0.047585176026409666,-0.03400934338051246,-0.009384231608096717,-0.009469236585035023,-0.00016170806303020664,-0.844296821645993,0.16023035306259426,0.07534312539437985,0.012664202559531379,-0.18952514803478815,0.005454132057412964,-0.5609102790626898,-4.161519116284107,-4.7529606293769,-1.0719618031719718,-0.05421615509293759,-0.0013872879579371238
3.79,0.009122852312328445,1.4931681061032993,-1.0033103178349168,-0.5410063272985277,0.0008933542107604166,2.9530989223042134e-06,-0.10387628711005648,-0.04603278543959071,-0.033274722292693765,-0.009170563808867252,-0.010047730286616912,-0.00016878410451378334,-0.7744275653701116,0.1733970980989573,0.08778913289045837,0.01576189363546554,-0.1879920737640286,0.007991023453191803,-0.5826068345109563,-4.144963482628709,-4.747145609623196,-1.0700338833493623,-0.056535974595268663,-0.0014148624133447107
3.8000000000000003,0.00803424640458664,1.4927244934745267,-1.003634761161874,-0.5410956376128001,0.0007875847635327566,1.201967745014712e-06,-0.10886059077418052,-0.04436126287726247,-0.03244433269571867,-0.008931031427241259,-0.010576944722766003,-0.00017511311772895014,-0.7010405358949728,0.186170119243871,0.10000102703617256,0.018818877740064188,-0.18551161384783077,0.01053681282266239,-0.6014778373515668,-4.1280604324990335,-4.7408978364743675,-1.0679969274623762,-0.058581918956566774,-0.001438317485346098
3.81,0.006901139702005038,1.4922987488202124,-1.0039499647958778,-0.5411823001327464,0.0006770404346727475,-6.04653669794824e-07,-0.11331067025816019,-0.042574465431426525,-0.031520363400398536,-0.008666251994623864,-0.011054432886000908,-0.0001806621414809536,-0.6244942830305081,0.19851567153462732,0.11194294729360738,0.021826822824861702,-0.1820969116104525,0.013084382505275993,-0.6174418355920184,-4.110850532565357,-4.734234713929739,-1.0658563890482757,-0.060344689675869936,-0.0014575272252198624
3.8200000000000003,0.005729070684170002,1.4918919832172015,-1.004255017551361,-0.5412660692830739,0.0005622604382702448,-2.458671798629672e-06,-0.1172069017835036,-0.04067656030108646,-0.030505275548300292,-0.008376915032747338,-0.011477999640250263,-0.00018540181288348475,-0.5451598480640836,0.21040087680840353,0.1235797564310435,0.02477755342667054,-0.17776702838056657,0.01562607684526085,-0.6304309480741253,-4.09337550057942,-4.727174875447514,-1.0636180357730012,-0.061816326552961424,-0.0014723852434607855
3.83,0.00452374746083173,1.4915052630566834,-1.004549035511926,-0.541346707085637,0.0004438033255175526,-4.351737150334005e-06,-0.12053232233382716,-0.038672016051799686,-0.029401796056495712,-0.008063780256318515,-0.011845711275269222,-0.00018930653517043337,-0.4634189100300485,0.2217938146688127,0.1348771480612126,0.027663069400647444,-0.17254684683275912,0.018153718139036046,-0.640391079188245,-4.075678133728294,-4.719738125392716,-1.0612879338655279,-0.0629902405199068,-0.0014828053482098405
3.84,0.003291020570504179,1.4911396071265515,-1.0048311646145045,-0.5414239838413629,0.00032224428790144554,-6.275283419451759e-06,-0.12327268903275515,-0.036565593013183934,-0.0282129102578421,-0.007727675572589186,-0.012155903761610702,-0.00019235462691177542,-0.3796619198246844,0.23266361270686756,0.14580175190339484,0.030475563824561736,-0.166466922781205,0.020658632359482343,-0.6472820738174077,-4.057802229004216,-4.711945377357311,-1.05887243156453,-0.06386124023117747,-0.001488722085996711
3.85,0.0020368553140205034,1.490795983798314,-1.0051005831520758,-0.5414976787901945,0.00019817239109818285,-8.22056793511187e-06,-0.12541652564836756,-0.03436233282373898,-0.026941853757142437,-0.007369494883154631,-0.012407189680326268,-0.00019452845156601108,-0.2942862320321226,0.24298053572756145,0.15632123640007076,0.0332074400934943,-0.15956328628135918,0.023131684666423985,-0.6510778132751531,-4.039792495210487,-4.703818589585042,-1.0563781416053157,-0.06442555235679216,-0.001490091180635797
3.86,0.00076730375088562,1.4904753083269653,-1.0053565041873378,-0.5415675807471328,7.21877530123314e-05,-1.0178713199280969e-05,-0.12695515631348833,-0.0320675471348807,-0.025592103526194773,-0.006990195693833824,-0.012598463808585144,-0.0001958145264169099,-0.20769424374380857,0.2527160737204699,0.1664044083239541,0.03585132824156245,-0.1518771935153077,0.02556332454816905,-0.651766253184724,-4.021694456344857,-4.695380697729172,-1.053811922778991,-0.06468083554784235,-0.0014868898666691244
3.87,-0.0005115235151913692,1.490178440272078,-1.0055981778699705,-0.5416334887125229,-5.510132048048595e-05,-1.2140749299950858e-05,-0.12788272660769892,-0.02968680548874685,-0.024167368263279986,-0.0065907965390090886,-0.012728907349281735,-0.00019620361006698878,-0.12029154901188208,0.26184302829888045,0.1760213090285352,0.038400100529749626,-0.1434548315427372,0.027943640275218846,-0.6493494044050794,-4.003554346231324,-4.68665554516701,-1.0511808606004283,-0.0646261880677326,-0.0014791171143387033
3.88,-0.0017934856371733796,1.4899061810482068,-1.0058248936504215,-0.5416952124547959,-0.00018308122847457168,-1.4097656977882702e-05,-0.12819621219820104,-0.02722592238711377,-0.02267157804509252,-0.006172374227302631,-0.012797990799408573,-0.0001956907677931844,-0.032485116888094495,0.27033559731909773,0.1851433070035527,0.040846886355577094,-0.13434697859099015,0.03026242218260051,-0.6438432582417464,-3.985418994406847,-4.677667811092075,-1.0484922471268485,-0.06426214910543897,-0.0014667937436925742
3.89,-0.0030724397899971386,1.4896592716124901,-1.006035982383436,-0.5417525730639555,-0.00031113598305919246,-1.604041111998583e-05,-0.1278954152823759,-0.02469094357166516,-0.021108873301435883,-0.005736060915964942,-0.012805475458462076,-0.00019427541421031277,0.05531849972230804,0.27816945737903087,0.19374318642363775,0.043185086507194104,-0.12460862311887103,0.03250923414037776,-0.6352776572888607,-3.9673357034085033,-4.668442936602205,-1.0457535599745686,-0.06359069380904628,-0.0014499624260785752
3.9,-0.004342269281147524,1.4894383902971016,-1.006230818314888,-0.5418054034741735,-0.00043865011890308324,-1.796002444832539e-05,-0.12698294911503855,-0.022088131538862354,-0.019483593145215465,-0.005283041021799946,-0.012751413584389078,-0.0001919613328339563,0.1427149179039451,0.28532184388244825,0.20179523138309338,0.04540838683189996,-0.11429854541573181,0.034673492419221214,-0.6236961133344795,-3.9493521177465807,-4.659007049000716,-1.042972440587623,-0.06261522209879337,-0.0014286875719530315
3.91,-0.005596911390527648,1.4892441507939438,-1.0064088209458113,-0.5418535489539426,-0.0005650115910085149,-1.984759117117569e-05,-0.1254642109380124,-0.019423950315779488,-0.01780026309233532,-0.00481454797690696,-0.012636147210543174,-0.00018875667228502994,0.22930363553029376,0.2917716283448587,0.20927530553776585,0.047510771347486935,-0.10347886597455958,0.03674455101771332,-0.6091555738263942,-3.931516084988015,-4.649386884527354,-1.0401566718184325,-0.06134054133886666,-0.0014030551046231676
3.92,-0.006830384827116523,1.4890771002986791,-1.0065694567678918,-0.541896867562322,-0.0006896146474363182,-2.1694330361496384e-05,-0.12334734365888747,-0.016705049526473427,-0.0160635822080485,-0.0043318608379442165,-0.012460305642780329,-0.00018467391903206938,0.3146896940163601,0.2974993926063129,0.21616092688994243,0.049486534839994434,-0.09221456530963512,0.038711792390639044,-0.5917261384423831,-3.9138755095097313,-4.639609709736585,-1.037314154887347,-0.059772842966290256,-0.0013731721202466262
3.93,-0.008036816693615625,1.4889377178208618,-1.0067122408650728,-0.5419352305699023,-0.0008118626640479646,-2.3491628828725035e-05,-0.12064318664991032,-0.013938247781740042,-0.014278409718113564,-0.0038363007580288094,-0.012224801661164648,-0.00017972984672286513,0.3984852887399669,0.30248749960831434,0.22243133747386895,0.05133029498028807,-0.08057298025389437,0.040564722405291076,-0.5714907273399072,-3.8964781996110536,-4.629703241742057,-1.0344528857945225,-0.057919673193541854,-0.0013391664351238264
3.94,-0.009210468854187704,1.4888264126665773,-1.0068367383763206,-0.5419685228432102,-0.0009311709286056405,-2.523108325185519e-05,-0.11736521605720783,-0.011130515428453806,-0.012449751124779114,-0.0033292273307790714,-0.011930826455767587,-0.00017394544231301545,0.4803113235305268,0.306720160384832,0.2280675677183321,0.05303700398940858,-0.06862328207291135,0.0422930682588758,-0.5485447026784174,-3.879371708796221,-4.619695567548346,-1.0315809312641278,-0.05578989791905657,-0.001301186022033285
3.95,-0.010345763604441295,1.4887435230995967,-1.006942565815012,-0.541996643191374,-0.0010469693619128673,-2.6904541345393366e-05,-0.11352947502535897,-0.008288956698074643,-0.010582743869144505,-0.002812034816382538,-0.011579843330722685,-0.0001673458093538177,0.5597989062633743,0.3101834969127391,0.23305249528504918,0.05460195986961769,-0.05643594196428525,0.043886878017656006,-0.5229954450157681,-3.862603172150567,-4.609615062693422,-1.0287064043071152,-0.053393661996665655,-0.0012593983380708108
3.96,-0.011437308546973033,1.4886893151866236,-1.0070293922408402,-0.5420195046739733,-0.0011587051640632937,-2.8504141834937014e-05,-0.10915449425317382,-0.005420791297310387,-0.008682642582823119,-0.0022861482599296854,-0.011173580215042632,-0.00015996004895436485,0.6365907831807678,0.31286560046454526,0.23737089820308854,0.05602081721194008,-0.044082189663770865,0.04533662038479114,-0.49496188618202264,-3.8462191388351354,-4.599490309427663,-1.0258374394945426,-0.05074234303135599,-0.001213989547155083
3.97,-0.01247992058001232,1.4886639818317504,-1.007096940280571,-0.5420370348690993,-0.0012658453742905185,-3.0022353025749518e-05,-0.10426120330392863,-0.0025333354873247026,-0.006754803973082077,-0.0017530195125987028,-0.010714021022722488,-0.0001518211190812504,0.710342710081256,0.3147565851062834,0.24100950213994854,0.05728959757763907,-0.03163347095817359,0.04663328327750749,-0.4645740002322453,-3.8302654018136226,-4.58935001465767,-1.0229821680386377,-0.04784849988462544,-0.0011651636410486429
3.98,-0.013468648910990491,1.488667642004738,-1.0071449869944382,-0.5420491761007652,-0.0013678793333740354,-3.1452009755776885e-05,-0.09887283309781723,0.0003660172987540087,-0.004804671386725099,-0.0012141231665943766,-0.010203395908351688,-0.00014296567300273695,0.7807247589669436,0.31584863598615187,0.2439570216707782,0.058404699451598985,-0.019160909900022283,0.04776846978768945,-0.43197225407824164,-3.814786826000634,-4.5792229278845396,-1.0201486927831933,-0.04472581608826778,-0.001113141463409373
3.99,-0.014398797011156515,1.4887003401672076,-1.0071733645854277,-0.5420558856249157,-0.0014643210380525548,-3.278634853398976e-05,-0.09301481001660239,0.003269816246961668,-0.002837759098945753,-0.0006709524150549076,-0.009644170467851928,-0.00013343387782128812,0.8474225591114217,0.31613605206564854,0.24620419542997163,0.059362907741618676,-0.006734781436521953,0.04873449012018183,-0.39730701940053226,-3.7998271760808384,-4.569137759367225,-1.0173450632084406,-0.041389038380726315,-0.0010581596420273702
4.0,-0.01526594343166666,1.4887620459002677,-1.0071819609491695,-0.5420571357733999,-0.0015547113774232121,-3.401904067566798e-05,-0.08671464205101452,0.006170573305997256,-0.0008596363741829919,-0.00012501484842178748,-0.00903903393706574,-0.00012326921416782208,0.9101384718027096,0.31561528295409313,0.24774381505033682,0.060161402797853425,0.005575999997332826,0.04952444814745338,-0.3607379474494922,-3.785428945293818,-4.559123098741091,-1.0145792505580764,-0.037853910595321436,-0.001000469435010586
4.01,-0.016065961405876305,1.4888526537365052,-1.0071707200626363,-0.5420529140553901,-0.00163862024186081,-3.5144223258187004e-05,-0.08000179742096448,0.009060783623742826,0.0011240886533067482,0.00042217180096851584,-0.008390886443759783,-0.00011251825825190231,0.9685926982270054,0.3142849595201595,0.24857074781283556,0.060797768918152695,0.01770437061210206,0.05013232128572176,-0.3224333083611577,-3.7716331865085078,-4.54920733432028,-1.0118591231976075,-0.03413710314473479,-0.0009403354972543565
4.0200000000000005,-0.016795037166853682,1.4889719831986505,-1.007139642210327,-0.5420432232158494,-0.0017156484955728093,-3.615652773391969e-05,-0.07290757609773779,0.011932946214538082,0.003107785230933127,0.000969083954071656,-0.007702825371199934,-0.0001012304475732689,1.0225243200878469,0.31214591797006086,0.24868195295659495,0.06127000228723101,0.029585581126756466,0.05055303248900245,-0.2825692966415553,-3.758479346923834,-4.539418573308953,-1.0091924223134356,-0.03025613836120908,-0.0008780345740602824
4.03,-0.017449686913419773,1.4891197790465729,-1.0070887840471001,-0.5420280812507705,-0.0017854298045110392,-3.705110605092865e-05,-0.0654649746566089,0.014779584792226658,0.005085816322685016,0.001514196507891146,-0.006978130893822991,-8.945783170089576e-05,1.0716922726057607,0.30920121710223547,0.24807649161202197,0.06157651830520794,0.041157629746518154,0.05078251326645733,-0.24132930451564819,-3.746005107728471,-4.529784563141887,-1.0065867380612377,-0.026229311967018977,-0.0008138541292540934
4.04,-0.01802677236230292,1.4892957117335879,-1.007018258497314,-0.5420075213790365,-0.001847632311987977,-3.782365414708081e-05,-0.05770854488831491,0.017593268701508288,0.007052554978614803,0.0020559871734048517,-0.006220250747693786,-7.725480961521626e-05,1.11587624951908,0.30545614847200014,0.24675553034688957,0.061716158239198515,0.052361660086634565,0.05081775676029432,-0.19890316489504606,-3.734246230032091,-4.520332614167948,-1.0040494862700196,-0.022075610964908045,-0.0007480909155858485
4.05,-0.018523514828293768,1.489499378072367,-1.0069282344904147,-0.5419815919708754,-0.0019019601549921715,-3.847043269894871e-05,-0.049674246599084766,0.020366633877918323,0.009002400689928506,0.002592940816114797,-0.005432784300419454,-6.46778551867901e-05,1.1548775396112705,0.3009182392266973,0.2447223383288798,0.061688195143694724,0.06314232037269729,0.05065686006775261,-0.15548636579423092,-3.7232364083437957,-4.5110895238818705,-1.0015878858048914,-0.017814628253391356,-0.0006810494955756328
4.0600000000000005,-0.018937507778612455,1.4897303021100157,-1.006818936533607,-0.5419503564330099,-0.0019481548148622832,-3.8988285023248134e-05,-0.041399295031868566,0.023092403764850115,0.010929795680764598,0.003123553786547128,-0.004619465987011163,-5.17852324299426e-05,1.1885197941355563,0.29559724740345783,0.2419822781334522,0.06149233897297801,0.07344808079923926,0.050299055150544,-0.11127923811869359,-3.7130071328206276,-4.502081502899668,-0.9992089366870501,-0.013466474287009294,-0.0006130407212895871
4.07,-0.01926672781207707,1.4899879362111603,-1.006690644122728,-0.5419138930507305,-0.0019859962966608633,-3.937465204547177e-05,-0.03292200334646136,0.02576341011446803,0.012829241087924468,0.00364633822795194,-0.0037841481798579994,-3.863670222236317e-05,1.2166497242971974,0.2895051495156653,0.2385427902385415,0.06112874082949715,0.08323150651621347,0.04974472784845152,-0.06648611886120251,-3.703587561440614,-4.493334102861664,-0.9969193990637769,-0.009051686116796399,-0.0005443801817926857
4.08,-0.019509544018113646,1.490271662347142,-1.0065436909929264,-0.5418722947872464,-0.002015304132286063,-3.962758426768322e-05,-0.024281620603657766,0.02837261359816215,0.014695312980155696,0.0041598263484039855,-0.0029307835625199657,-2.5293222221144796e-05,1.2391377277033553,0.28265612029264997,0.23441337127308806,0.06059799627058893,0.0924494843327146,0.04899542469189644,-0.02131449187376362,-3.6950044031717235,-4.484872146434369,-0.9947257731145316,-0.004591134161249144,-0.0004753866272227246
4.09,-0.01966472567520016,1.490580793588656,-1.006378464211236,-0.5418256690408013,-0.0020359382030707683,-3.974575068500351e-05,-0.0155181657086515,0.03091312415139848,0.016522678169052694,0.00466257464450404,-0.002063407078470533,-1.1816641732029309e-05,1.2558784424059168,0.27506650447799286,0.22960554609878792,0.05990114761228926,0.10106340186737484,0.04805384739462659,0.024025891467336375,-3.6872818131109377,-4.47671965956896,-0.9926342799715879,-0.00010592707288717635,-0.0004063803785634746
4.1,-0.019731448253017456,1.4909145757984303,-1.0061954031135933,-0.5417741373601621,-0.002047799378343068,-3.9728444618021894e-05,-0.006672257781729741,0.03337822097744633,0.01830610976426016,0.005153168063922768,-0.0011861175272299689,1.7306066981620954e-06,1.2667912268605968,0.2667547806356912,0.22413283382582982,0.05903968516574665,0.10903927852547923,0.04692383509102038,0.06932390921930871,-3.6804413004574577,-4.4688998061597305,-0.9906508437251476,0.004382684920081359,-0.0003376817322618447
4.11,-0.019709297687417006,1.4912721895197758,-1.0059949980893292,-0.541717835119221,-0.0020508299671583995,-3.957558644606387e-05,0.0022150565600451283,0.035761372134541974,0.020040502426421452,0.005630224094112815,-0.0003030588815331371,1.5285817195802255e-05,1.271820563815757,0.2577415169602711,0.2180107078806402,0.05801554734188419,0.11634784833379719,0.04561033456758157,0.11436798078721241,-3.674501650062199,-4.461434825231472,-0.9887810745738048,0.008853407803590388,-0.0002696093688338978
4.12,-0.01959827290233626,1.4916527520560916,-1.005777789216607,-0.5416569111515744,-0.002045013981161101,-3.9287723243824e-05,0.01110247850807439,0.03805625363158722,0.02172088727221412,0.006092396764653681,0.0005815985997298313,2.878632022398705e-05,1.270936385839822,0.24804931913466283,0.21125655025874268,0.05683111957578224,0.12296459530394799,0.04411935891646279,0.15894699093325862,-3.669478858163271,-4.4543459707703645,-0.9870302531715852,0.013285002292462166,-0.00020247877453756502
4.13,-0.019398786558023295,1.4920553197356767,-1.0055443647527387,-0.5415915273460657,-0.002030377207290288,-3.8866025341195224e-05,0.019948634431296526,0.04025676795850808,0.023342446386846398,0.006538380550871302,0.0014636773870813206,4.216979026287788e-05,1.2641343199119934,0.23770277033119586,0.20388960011378654,0.05548923201530065,0.1288697426182237,0.042457935205424846,0.20285122281392068,-3.665386082775718,-4.447653454299199,-0.9854033162128877,0.017656382651248057,-0.00013660068505601025
4.14,-0.019111664010396816,1.4924788903554658,-1.0052953594837328,-0.5415218582043997,-0.002006987089810759,-3.8312279843079883e-05,0.028712254762647882,0.0423570619789026,0.024900526900576175,0.006966914166610719,0.002339011747952903,5.537454981153408e-05,1.2514358482460948,0.2267283635006452,0.1959308968506497,0.05399315593459297,0.13404819751931019,0.04063404192087905,0.24587329676475822,-3.6622336090550776,-4.441376390284889,-0.9839048432865969,0.021946715391209605,-7.227955993674662e-05
4.15,-0.018738140472085944,1.492922405796612,-1.0050314529378617,-0.5414480903620565,-0.0019749524219227024,-3.7628881162436555e-05,0.03735235383108711,0.04435154411461565,0.026390654587110946,0.0073767842343194535,0.0032034667888056847,6.833986806433263e-05,1.232888382307908,0.21515442614818245,0.18740321790247336,0.05234659883793835,0.13848945434094073,0.03865653708023298,0.2878091113367111,-3.66002882979983,-4.43553274445484,-0.9825390450206577,0.026135517403743272,-9.81209626880759e-06
4.16,-0.01827985637168224,1.4933847548041557,-1.0047533674684297,-0.5413704220738472,-0.001934422847982793,-3.6818818635693494e-05,0.04582841004037039,0.046234900754364115,0.02780854694319767,0.007766828820930998,0.004052957393990935,8.100625267430603e-05,1.2085652468292152,0.20301103784544972,0.17833101139006527,0.05055369822538869,0.142187458619369,0.03653507803955636,0.3284587828717202,-3.6587762410999605,-4.430139285088962,-0.9813097525286647,0.030202753082377406,5.051421024317886e-05
4.17,-0.01773885091400546,1.4938647759223709,-1.004461866211327,-0.5412890626655631,-0.0018855881781522138,-3.588566130484355e-05,0.05410054576767841,0.04800211182151104,0.029150125710276104,0.008135940828415058,0.004883466983057926,9.331573308499493e-05,1.1785655705320544,0.19032994078059448,0.16874032387423862,0.048619013999020355,0.14514043567490376,0.03428003413049918,0.3676275796947585,-3.6584774529790622,-4.425211537346424,-0.9802204081607068,0.034128929979152914,0.00010842244903084273
4.18,-0.017117553850739858,1.4943612605767662,-1.0041577509233193,-0.5412042319532802,-0.0018286775180722658,-3.4833539964935405e-05,0.06212970632656012,0.049648465439529645,0.03041152880075785,0.0084830712282901,0.005691066007994794,0.00010521213399081422,1.1430140802574076,0.17714444369826865,0.15865872342397297,0.04654751950291314,0.14735068744416413,0.03190239334758482,0.40512684679769667,-3.659131214718315,-4.420763740680838,-0.9792740575520116,0.037895192536919024,0.0001636476158982232
4.19,-0.016418775477638706,1.494872956293142,-1.0038418597073862,-0.5411161596319816,-0.0017639582169534762,-3.366712658920743e-05,0.06987783731011497,0.05116957163758293,0.031589121593304376,0.008807232129864201,0.0064719301118789565,0.00011664133757279795,1.102060795257534,0.16348931962964572,0.1481152182383205,0.04434459119050893,0.1488243616613909,0.029413664378604154,0.44077491670304364,-3.6607334543943146,-4.41680880939444,-0.9784733429549565,0.041483413437098444,0.00021593786488620338
4.2,-0.015645694881613242,1.4953985700435717,-1.0035150646317523,-0.5410250846352567,-0.0016917346382470592,-3.239161125670118e-05,0.07730805960254647,0.05256137504296166,0.032679507563388104,0.009107499672484108,0.007222357870641695,0.00012755153325062484,1.0558806185607748,0.14940069785998514,0.13714017106929643,0.04201599692416624,0.14957119774141425,0.02682577530979413,0.47439800202687793,-3.6632773320113303,-4.4133582963814115,-0.9778204978329756,0.04487628210298314,0.0002650556844396696
4.21,-0.014801846468404326,1.49593677170869,-1.0031782692495779,-0.5409312544679303,-0.001612346757845651,-3.101267671877609e-05,0.08438484132089169,0.053820166511824426,0.03367953821744719,0.009383016732629802,0.007938788040140827,0.00013789345379250958,1.0046728225588275,0.13491595062334596,0.12576520970565339,0.03956788292016378,0.14960425389109933,0.024150970368857827,0.5058310651149666,-3.6667533054645736,-4.41042236011231,-0.9773173426887954,0.04805738990180449,0.0003107789921218914
4.22,-0.01389110480915831,1.4964861976452375,-1.0028324060265672,-0.5408349245135575,-0.0015261685955305219,-2.9536470751472688e-05,0.09107416592460173,0.05494259365474777,0.03458632230105832,0.009632995437282382,0.008617816231512919,0.00014762059673033995,0.9486604263019282,0.12007357505499756,0.11402313378684953,0.03700675935532416,0.14893962007771844,0.02140170606240477,0.5349186600088702,-3.6711492084366557,-4.408009734915848,-0.9769652820944624,0.05101131159486475,0.0003529021427247066
4.23,-0.012917667852063953,1.4970454543474272,-1.0024784336840296,-0.5407363573188013,-0.0014336064861418631,-2.796957645009486e-05,0.09734369570943568,0.05592567021896995,0.035397234253759444,0.009856719475624533,0.009256210938865873,0.00015668943013778265,0.888089462414194,0.10491307096684456,0.10194781822478294,0.034339484666582765,0.14759612150865076,0.01859054805121585,0.5615157419136945,-3.6764503392070274,-4.406127704620547,-0.9767653028867712,0.05372368259402381,0.0003912368452546743
4.24,-0.011886038553218153,1.497613122190376,-1.0021173344651753,-0.5406358218567835,-0.001335097197693883,-2.6318980630670173e-05,0.10316292988457992,0.056766784294862274,0.03610992188544031,0.010053546201784858,0.009850928844798025,0.0001650595819424689,0.823228132062489,0.08947481504339193,0.08957411352195678,0.031573248565916145,0.14559501722598345,0.015730070060237744,0.5854884392904328,-3.6826395592456227,-4.404782079626783,-0.9767179734889949,0.056181271594946215,0.00042561298492855204
4.25,-0.0108010049890311,1.4981877592435762,-1.0017501113326595,-0.5405335927715632,-0.0012311059043837607,-2.4592040510078823e-05,0.10850335641870544,0.05746370532003248,0.03672231325158064,0.010222908522030926,0.01039912933101221,0.00017269401205913498,0.7543658470195383,0.07379993208096619,0.07693774327831628,0.028715553819409434,0.14295969829893052,0.01283275606595402,0.6067147836867515,-3.689697400369714,-4.403977177489036,-0.9768234443182877,0.058372048172764215,0.0004558793469791305
4.26,-0.00966761902070597,1.4987679051421812,-1.0013777851055892,-0.540429949605958,-0.001122124023149242,-2.279644884260588e-05,0.11333859683251292,0.05801458986050492,0.03723262270703886,0.01036431656051602,0.01089818812345187,0.00017955916674729428,0.6818121585542704,0.05793016391437746,0.06407519919038115,0.025774196819878248,0.13971538990580923,0.009910906921302809,0.6250853924539543,-3.6976021791683924,-4.403715807098095,-0.9770814492376574,0.06028524494426389,0.00048190423974843065
4.2700000000000005,-0.00849117358957799,1.499352085003727,-1.0010013915443834,-0.5403251760149739,-0.0010086669231098796,-2.0940197695466503e-05,0.11764454311279805,0.058417986154579556,0.03763935612057939,0.01047735909842008,0.011345710003936232,0.00018562511471393778,0.605895573649279,0.04190773668965763,0.05102363384832733,0.022757247008895698,0.13588886134322253,0.0069765524888215635,0.6405040995769994,-3.706330117344227,-4.403999256563125,-0.9774913080119969,0.061911413922317214,0.0005035760152223786
4.28,-0.007277178730310325,1.4999388133778389,-1.000621978392035,-0.5402195589671531,-0.000891271517877623,-1.9031541049490066e-05,0.12139948592676648,0.05867283741118823,0.03794131523485038,0.010561704782069721,0.011739540523225669,0.0001908656645976437,0.5269622598805024,0.025775227150830946,0.037820751641946045,0.019673025200753563,0.13150814768824315,0.004041370243026254,0.6528885299708687,-3.715855466587315,-4.404827284902958,-0.9780519297291513,0.06324247671303562,0.0005208034858330607
4.29,-0.00603133639705311,1.5005265982164466,-1.000240602380444,-0.5401133879361895,-0.0007704937513394832,-1.7078956413644738e-05,0.12458423332572148,0.05877848386078481,0.03813760115910226,0.010617103096371969,0.012077776653813982,0.00019525846358453276,0.44537464118629394,0.009575428611719424,0.024504698096128805,0.016530080849547865,0.12660228647621263,0.0011166111867365047,0.6621706127714424,-3.7261506365846033,-4.406198117664247,-0.9787618171492738,0.06427176823390662,0.0005335162370148502
4.3,-0.004759514205605704,1.5011139448520763,-0.9998583262105987,-0.5400069540851827,-0.0006469059880942385,-1.5091105643468367e-05,0.1271822191447406,0.05873466356296465,0.038227616984534606,0.010643385100673147,0.012358776324524466,0.00019878507701763713,0.3615098876911,-0.006648782720796999,0.011113947951100796,0.013337168336920547,0.1212010723483492,-0.0017869662047669266,0.6682970293727734,-3.7371863247772823,-4.4081084465903135,-0.9796190719486401,0.06499407366185979,0.00054166483564299
4.3100000000000005,-0.003467718202307045,1.5016993599718869,-0.9994762155154507,-0.5399005494459336,-0.0005210943202624246,-1.3076795153780329e-05,0.12917960032986586,0.0585415119810613,0.0382110695147922,0.010640463924918334,0.012581166783181387,0.00020143104896880377,0.27575830372078697,-0.022854580413811595,-0.00231280768597675,0.010103222329579255,0.11533483218313156,-0.004659153429305535,0.6712295922351995,-3.748931646511558,-4.410553433468144,-0.9806214008274698,0.06540565835363925,0.000545220935101858
4.32,-0.0021620647777384526,1.5022813555752854,-0.999095335814383,-0.5397944660956859,-0.0003936558028801233,-1.1044935715328374e-05,0.13056534245685927,0.058199560339845684,0.03808797010677538,0.010608335024762532,0.012743851738230125,0.00020318594384519548,0.18852161913821883,-0.0389993188245128,-0.015736774793975908,0.00683733227669267,0.10903422275497598,-0.007490340353949049,0.6709455508089018,-3.7613542642830953,-4.413526718281059,-0.981766122454946,0.06550429051680182,0.0005441772783196782
4.33,-0.0008487518502800675,1.5028584529031666,-0.9987167494681871,-0.5396889953337354,-0.0002651956305283557,-9.004502023325104e-06,0.13133129274583852,0.05770973278811031,0.03785863461958823,0.010547076195060031,0.012846017235176763,0.000204043369200327,0.1002111901271575,-0.05504066184575471,-0.029119170168842395,0.003548716119643469,0.10233005247337296,-0.010271554260410765,0.6674378212838576,-3.774420514852076,-4.417020431790927,-0.983050175228388,0.06528925644789452,0.0005385476006620986
4.34,0.00046597054896086636,1.5034291863270997,-0.9983415126434659,-0.5395844268603162,-0.00013632426823738622,-6.964492223209906e-06,0.13147223992409338,0.05707334239330348,0.03752368247211582,0.01045684734192428,0.012887136229096947,0.00020400098001151985,0.011246116542319244,-0.07093670878905747,-0.04242133510235053,0.00024669327986232004,0.09525312826501212,-0.0129944893836406,0.6607151372869996,-3.788095533103128,-4.421025212665493,-0.9844701258271515,0.06476136819460347,0.0005283664350946117
4.3500000000000005,0.0017758301524107762,1.503992107187104,-0.9979706722953422,-0.5394810479601729,-7.65455003538744e-06,-4.933887575496673e-06,0.130985960344991,0.05629208600044226,0.03708403481237667,0.010337890014322537,0.012866971820199876,0.00020306046477132334,-0.07794871608569866,-0.08664611684627582,-0.05560484868387788,-0.0030593429842684094,0.08783412815537256,-0.01565152692468781,0.6508021190979344,-3.8023433716408235,-4.425530229253461,-0.9860221785452384,0.06392296354061221,0.000513688822499574
4.36,0.0030745626507495526,1.5045457875670263,-0.9976052631772976,-0.5393791426932038,0.00012020124121965258,-2.921612437303879e-06,0.12987324983387766,0.055368037992229314,0.036540911804455976,0.01019052669691725,0.012785579125504001,0.0002012275138192794,-0.16694466086913917,-0.1021282196089711,-0.06863164039283368,-0.006359953784798256,0.080103499622458,-0.018235745655703767,0.6377392594418884,-3.817127115245025,-4.430523206091934,-0.9877021853894996,0.0627778982552372,0.0004945899304648275
4.37,0.004355942058769083,1.5050888239969422,-0.9972463048868829,-0.5392789910945376,0.00024663429888019373,-9.364947331825937e-07,0.12813794080195304,0.05430364299159444,0.03589582904146288,0.01001515986661707,0.012643305766054113,0.0001985117704121285,-0.2553113902987441,-0.11734314116743254,-0.08146410165612442,-0.00964568328198101,0.07209138331853282,-0.020740923364256564,0.6215828244385108,-3.8324089894587132,-4.435990455207752,-0.9895056569326969,0.06133153059428036,0.00047116458424536643
4.38,0.005613811101227006,1.5056198410724597,-0.9968947989559271,-0.5391808683863771,0.0003710422084376994,1.0127729177664782e-06,0.12578690424579225,0.05310170755174283,0.03515059309557413,0.009812270816040755,0.01244079095575057,0.00019492676509490719,-0.3426190226670988,-0.13225190535781528,-0.0940651960466036,-0.012907087732233258,0.06382756130304124,-0.023161529506254552,0.602404668832891,-3.8481504627412937,-4.4419169122461515,-0.9914277739123044,0.05959069808359008,0.00044352671393580617
4.39,0.006842111464556983,1.5061374949812816,-0.9965517259937389,-0.5390850442038991,0.0004928318402850389,2.9176712576890108e-06,0.1228300363329977,0.0517653908821899,0.03430729621882638,0.009582418247798895,0.012178963184733951,0.00019048983399225325,-0.42844028270177237,-0.14681653977461853,-0.10639856779099241,-0.016134764841392535,0.05534142851141066,-0.025492709549523374,0.5802919652055478,-3.8643123417898178,-4.44828617742756,-0.993463399566828,0.057563686662203885,0.0004118087221789404
4.4,0.008034913758184447,1.5066404769279034,-0.9962180428916301,-0.5389917818374568,0.000611422205258327,4.769891474575079e-06,0.11928022936274639,0.05029819466217582,0.03336831021087533,0.009326236644232854,0.0118590364973288,0.00018522202168860677,-0.5123526842670194,-0.16100017422051413,-0.11842864827670824,-0.019319383275705038,0.04666198579574399,-0.027730261593446826,0.5553468474455338,-3.880854859805659,-4.455080561296409,-0.9956070927013909,0.055260192307270396,0.00037616077697449717
4.41,0.009186447028015117,1.5071275164478561,-0.9958946800969054,-0.5389013374932777,0.0007262472589758892,6.561371168654128e-06,0.11515332698306693,0.04870395199527021,0.032336279472470676,0.009044434417908266,0.011482505371756224,0.0001791479694079049,-0.5939407224238612,-0.1747671333170204,-0.13012076022836933,-0.022451712273235946,0.037817852530666496,-0.02987060594147145,0.5276859693695634,-3.8977377576615058,-4.462281135185468,-0.9978531214735207,0.052691275307870516,0.0003367500343432582
4.42,0.010291127664452582,1.507597384603465,-0.9955825389642468,-0.5388139595747892,0.0008367586411371789,8.284329061035114e-06,0.11046806364374656,0.04698681556088957,0.03121411326586973,0.008737791848851999,0.01105113821612897,0.00017229578923809858,-0.672798061673646,-0.18808302305739066,-0.14144121924860564,-0.025522651209465286,0.028837296476763363,-0.031910748382072196,0.49743997997402223,-3.9149203580994407,-4.46986778627613,-1.0001954778883426,0.04986930739899711,0.000293759795746403
4.43,0.01134358754809265,1.5080488970536634,-0.9952824891921883,-0.5387298879866376,0.0009424283361631479,9.931298312770162e-06,0.10524598836400674,0.0451512450198506,0.030004977205845315,0.008407158815156603,0.010566969502596899,0.00016469692517350482,-0.7485297068548271,-0.20091481113804582,-0.15235743240876296,-0.028523259024814118,0.019748278342966774,-0.03384823800205283,0.4647529174100404,-3.932361633261819,-4.477819277090193,-1.0026278929898886,0.04680791200998016,0.0002473886052606375
4.44,0.012338701278058646,1.5084809169909832,-0.9949953663521153,-0.5386493534633955,0.0010427512418518037,1.1495158330461905e-05,0.0995113729965997,0.0432019937319844,0.028712284007306823,0.0080534523242136,0.010032290568865572,0.0001563860017691743,-0.8207541429243873,-0.2132309009613656,-0.16283799359134313,-0.03144478337698153,0.010578508287873767,-0.03568112040810756,0.42978152436824685,-3.9500202660189387,-4.486113309203212,-1.005143852732013,0.04352189792320361,0.0001978492915689562
4.45,0.013271612330797147,1.5088923579394258,-0.9947219695169367,-0.5385725769248711,0.0011372476330879682,1.2969164942625744e-05,0.0932911052738501,0.04114409484424803,0.02733968351785752,0.00767765385242862,0.009449639123616446,0.00014740066121638403,-0.8891054297361701,-0.22500119925644735,-0.17285277528408013,-0.03427868941342305,0.0013555114516483613,-0.03740788727480382,0.39269448814360963,-3.967854705707625,-4.494726590924436,-1.0077366145085696,0.04002718667875512,0.00014536795984831897
4.46,0.014137758001051551,1.5092821864075028,-0.9944630589962784,-0.5384997688598525,0.0012254655080836021,1.4346978839203527e-05,0.08661456702544042,0.038982846807704814,0.025891052065830165,0.0072808065018588435,0.008821787499563392,0.00013778138965777823,-0.953235237932248,-0.23619717731891593,-0.18237301654282037,-0.03701668801981173,-0.007893300486904842,-0.03902742316156116,0.3536716092159738,-3.9858232190297875,-4.503634908644982,-1.0103992243182218,0.03634073409836827,9.018293862255919e-05
4.47,0.014932892981666073,1.509649424391315,-0.9942193541847135,-0.538431128740025,0.0013069828051329732,1.5622692174852466e-05,0.07951349806145216,0.036723798381232554,0.024370481156487912,0.00686401198275258,0.008151729704937105,0.00012757133356489406,-1.0128148121907128,-0.24679192592036675,-0.19137140684075027,-0.03965076343270568,-0.017140554778104722,-0.04053895055858059,0.3129029027230458,-4.003883936976418,-4.512813201515433,-1.013124534534621,0.03248044633739008,3.254368660583285e-05
4.48,0.015653111444829743,1.5099931517231038,-0.9939915315292024,-0.53836684446571,0.0013814094784434562,1.6790853244860285e-05,0.07202184631636702,0.0343727331788862,0.02278226555111453,0.0064284274314972386,0.007442667331048294,0.00011681610700078203,-1.0675368483224463,-0.25676020398644434,-0.19982216554052964,-0.042173200073134964,-0.026358843138066135,-0.04194197411825995,0.2705876377144997,-4.021994898738202,-4.522235639077599,-1.0159052222479519,0.028465090906303236,-2.729033550680351e-05
4.49,0.016294867494324104,1.510312508261269,-0.9937802226215458,-0.5383070918449704,0.0014483894222453947,1.7846489150725416e-05,0.0641756049494361,0.03193565381651901,0.021130890765663775,0.00597526207396432,0.006697994380193852,0.00010556359058651297,-1.1171172710813915,-0.26607848118639377,-0.20770111673113903,-0.044576608479717006,-0.03552065034235952,-0.04323622502035951,0.226933319553428,-4.0401140936363,-4.531875701443869,-1.0187338081390604,0.024314203133298847,-8.905082343521728e-05
4.5,0.016854993866255323,1.510606695918385,-0.9935860124212712,-0.5382520341075234,0.001507602233090322,1.87851263805604e-05,0.056012637193121995,0.0294187657115986,0.01942102002745721,0.00550577374469248,0.005921281084492743,9.386372298349839e-05,-1.1612969000397266,-0.2747249746166352,-0.21498575918845858,-0.04685395021092442,-0.044598288764825966,-0.04442160639316528,0.18215462127047477,-4.0581995021545945,-4.541706261592451,-1.0216026758428578,0.020047988566386676,-0.000152461813136374
4.51,0.017330718764588207,1.5108749805242667,-0.9934094376139699,-0.5382018214547958,0.0015587648010125775,1.960280923750384e-05,0.047572489833288295,0.02682846058817475,0.01765748073012213,0.005021265272766534,0.005116256792225546,8.176828569434407e-05,-1.1998429914821134,-0.2826796797968898,-0.22165533123201886,-0.04899856158870275,-0.053563841603170737,-0.04549814067718727,0.1364722700721456,-4.076209137176395,-4.551699669328477,-1.0245040917534334,0.015687221837331743,-0.000217240885411524
4.5200000000000005,0.017719680727504315,1.511116693521634,-0.9932509851096847,-0.5381565906473396,0.0016016327210512096,2.0296116057244673e-05,0.038896196291610854,0.024171299736719644,0.015845250428525876,0.004523080745627064,0.004286792003863213,6.933068197408322e-05,-1.2325506449802197,-0.2899243962270271,-0.22769087026662704,-0.051004176160784676,-0.06238911735002706,-0.04646591977408776,0.09011189555495941,-4.094101086523612,-4.561827836450279,-1.027430225219601,0.011253142530237247,-0.000283100386782917
4.53,0.018019941431119152,1.511331233492395,-0.9931110906855158,-0.5381164646307158,0.0016360015175028808,2.086217316356404e-05,0.03002607036148374,0.021453997076103022,0.013989442416879149,0.0040126016623750855,0.003436879645167121,5.6605710631936425e-05,-1.259244064119647,-0.2964427477785414,-0.23307526681380467,-0.05286494577175982,-0.07104561784576724,-0.04732505876350457,0.04330284647768675,-4.111833557865031,-4.57206232265749,-1.030373169076443,0.006767348614695016,-0.00034974866225395826
4.54,0.0182299963483467,1.5115180675130184,-0.9929901377761714,-0.5380815522008314,0.0016617076741977748,2.129866651848083e-05,0.021005491722755024,0.0186834020623471,0.012095290934446487,0.003491242988440674,0.00257061566948939,4.3649335491679124e-05,-1.2797776617522805,-0.3022201982142128,-0.23779331286172145,-0.05457546011388725,-0.07950452199801017,-0.048075653910084615,-0.003723016807089902,-4.129364927002487,-4.582374421742954,-1.0333249604559618,0.0022516880170699617,-0.0004168912956949694
4.55,0.018348783192619178,1.511676732337879,-0.9928884564157274,-0.5380519477095943,0.0016786294650544366,2.160385103115242e-05,0.011878684427247689,0.015866482486063788,0.010168136044400259,0.0029604491237136717,0.001692179085666189,3.051845126715882e-05,-1.2940370011354716,-0.3072440621431938,-0.24183174437332988,-0.05613076468137734,-0.08773668697186832,-0.048717745603723106,-0.050732546965955916,-4.146653790461474,-4.592735247624139,-1.0362776018182538,-0.002271851086423258,-0.0004842323537208107
4.5600000000000005,0.01837568808867502,1.5118068354098557,-0.9928063223334046,-0.5380277308116298,0.001686687580170924,2.1776557497140035e-05,0.0026904896055843074,0.013010307197675697,0.008213408232282412,0.0024216897964501986,0.0008058115116487366,1.7270646598761427e-05,-1.301939565382882,-0.31150351172774987,-0.245179277824089,-0.05752637701146024,-0.09571266835073278,-0.04925128680149893,-0.09749254390645215,-4.1636590232065265,-4.603115819790915,-1.0392230821436508,-0.006781250664654446,-0.0005514756290429785
4.57,0.018310549425633003,1.5119080556978226,-0.9927439562056918,-0.5380089662526757,0.001685845543743232,2.1816197147014696e-05,-0.006513866304201574,0.010122028796693949,0.006236612771284087,0.0018764558954114333,-8.420364276921191e-05,3.963964987466041e-06,-1.3034353487812556,-0.31498957946082523,-0.24782664065551063,-0.05875830114282299,-0.10340276044637875,-0.04967611744861844,-0.14377099108863012,-4.180339842175188,-4.613487147775254,-1.0421533982261093,-0.011254573321342711,-0.0006183258793847422
4.58,0.01815365936098397,1.511980144361008,-0.9927015230666707,-0.5379957037001477,0.0016761099211620785,2.1722763790572818e-05,-0.015689006464903274,0.007208866318535124,0.004243313902110672,0.0013262552527973678,-0.000973562258115338,-9.343335644187852e-06,-1.298507264716423,-0.3176951573306469,-0.24976659555882097,-0.059823040213873524,-0.11077705759760725,-0.049991945265891014,-0.18933828638109607,-4.196655876178812,-4.623820314283407,-1.045060576008642,-0.015670072287054408,-0.0006844900581416748
4.59,0.01790576295785961,1.5120229252405042,-0.9926791318779149,-0.5379879776162418,0.001657530313719993,2.1496833550173182e-05,-0.02478964031243629,0.004278087949636732,0.002239118875575042,0.0007726083905885675,-0.001857960744208536,-2.2593024039963405e-05,-1.2871713661850117,-0.31961499268155,-0.250993958523357,-0.06071760714766694,-0.11780553695164286,-0.05019833319506484,-0.2339684599465776,-4.212567242558088,-4.634086556671489,-1.0479366919027553,-0.020006300324896736,-0.000749678533049375
4.6000000000000005,0.017568054951882066,1.5120362951784945,-0.9926768352588525,-0.5379858071738127,0.0016301991404562809,2.1139562183923856e-05,-0.03377080059775422,0.001336993799032286,0.00022966190623348749,0.00021704424291236167,-0.002733117326371216,-3.572713662493278e-05,-1.2694768761422328,-0.32074568106688806,-0.251505610612171,-0.06143953337628938,-0.12445816286643563,-0.05029469369473172,-0.27744037172900227,-4.228034630808627,-4.64425734649022,-1.0507738940355336,-0.024242216968905637,-0.0008136062891850605
4.61,0.017142174157959177,1.5120202241660154,-0.9926946293779989,-0.5379891962151426,0.0015942512077717686,2.0652680006665256e-05,-0.04258807939228883,-0.001607101247899942,-0.0017794119146412207,-0.0003389041329938035,-0.00359479326845122,-4.8688217725860086e-05,-1.24550602623379,-0.32108565637363157,-0.25130050345255683,-0.06198687556832283,-0.1307050127186038,-0.05028028997917677,-0.3195388812561012,-4.243019393211542,-4.654304466872243,-1.0535644233701362,-0.028357293525002967,-0.0008759941126790583
4.62,0.016630195541466105,1.511974755320315,-0.9927324540049856,-0.5379981332535901,0.0015498630685520823,2.003848442394104e-05,-0.05119786164930719,-0.004546884570048524,-0.0037824626986691866,-0.0008937038447483063,-0.00443881392196863,-6.141955827242147e-05,-1.2153737037782242,-0.32063517847601125,-0.2503796584521567,-0.062358220348153415,-0.13651642354580318,-0.050154244191481734,-0.3600559826678554,-4.257483642319076,-4.664200087584649,-1.056300634647806,-0.032331615278580285,-0.0009365697515469628
4.63,0.016034619992243565,1.511900004693074,-0.9927901927228343,-0.5380125915179841,0.0014972521736413469,1.9299830101448374e-05,-0.05955755492225413,-0.007475062724100223,-0.0057738717848778535,-0.0014458264393899648,-0.0052610894910735395,-7.386543224926667e-05,-1.1792269081881566,-0.3193963186511055,-0.24874615977703865,-0.06255268700548156,-0.1418631586047967,-0.049915552400057184,-0.39879189812925836,-4.271390354960467,-4.673916837618708,-1.0589750171019905,-0.036145980370090564,-0.0009950690500737684
4.64,0.015358361853643537,1.5117961609109607,-0.9928676732994548,-0.538032529039508,0.0014366758196013656,1.8440116799837386e-05,-0.06762581386000274,-0.010384378211326057,-0.007748057662044983,-0.001993752152395558,-0.0060576354039981305,-8.597133016109877e-05,-1.1372440193407913,-0.31737294296161295,-0.24640514115634693,-0.06256992819891471,-0.14671659258747471,-0.04956310621221649,-0.43555612308415076,-4.284703482251982,-4.683427875236721,-1.0615802148975824,-0.03978199482041999,-0.0010512370531896326
4.65,0.01460473427236502,1.5116634846501662,-0.9929646682168805,-0.5380578887807004,0.0013684298977682835,1.7463274912209972e-05,-0.07536275812785165,-0.013267626079451278,-0.009699491742566414,-0.002535974119235591,-0.006824592183308215,-9.768418876274142e-05,-1.0896338817159128,-0.31457069377947444,-0.243363766599376,-0.062410128679542654,-0.15104891390946396,-0.04909572069624735,-0.4701684171523306,-4.297388064921588,-4.692706955441095,-1.064109047250545,-0.043222163211101304,-0.0011048290772748286
4.66,0.013777432447945978,1.5115023079467398,-0.9930808953563054,-0.5380885988060786,0.0012928474506732615,1.6373748749266375e-05,-0.08273018244190418,-0.016117670342652303,-0.011622713942492573,-0.0030710025378287323,-0.007558244709502216,-0.00010895261629435971,-1.036634709405914,-0.31099696959249157,-0.23963120513356462,-0.062074002078427615,-0.1548333421747552,-0.04851216821744564,-0.5024597348619143,-4.309410353096782,-4.7017284948716975,-1.0665545281850815,-0.046449974550482546,-0.0011556117438216674
4.67,0.012880514873417282,1.5113130333447036,-0.9932160188365403,-0.5381245724937842,0.0012102970429196435,1.5176477624781043e-05,-0.08969175745286964,-0.018927460203626158,-0.01351234802349448,-0.0035973687705587393,-0.00825504077536181,-0.00011972711244853326,-0.9785128183562066,-0.30666090320146666,-0.23521859969847855,-0.061562785799644804,-0.15804435862830246,-0.047811217696876906,-0.5322730908396064,-4.3207379295571435,-4.7104676341733445,-1.0689098858869932,-0.04944998288560878,-0.0012033639723666137
4.68,0.011918382670687172,1.5110961328840808,-0.9933696500030781,-0.5381657087875328,0.001121180954600463,1.387687480196172e-05,-0.0962132202730109,-0.021690046062279283,-0.0153631166537793,-0.004113629374857584,-0.008911608831918057,-0.00012996028228193213,-0.915561193409179,-0.30157333838143024,-0.23013903034905225,-0.060878234079478455,-0.160657947136988,-0.04699167872771437,-0.5594643545496972,-4.33133983532429,-4.718900297904581,-1.0711685816127814,-0.052207882250657665,-0.0012478779290901777
4.69,0.010895757135622273,1.510852146931122,-0.9935413485645419,-0.5382118924880501,0.001025933206291014,1.2480804369262035e-05,-0.10226255350649005,-0.024398595295874223,-0.017169856146378233,-0.004618370051733983,-0.009524774830944913,-0.0001396070432699686,-0.8480978988870428,-0.2957468050453233,-0.22440747194012423,-0.06002260929079006,-0.16265184299526902,-0.046052449900439885,-0.5839029701738945,-4.341186696354181,-4.727003252081211,-1.0733243281143985,-0.05471057557606385,-0.0012889599274686547
4.7,0.009817655618439648,1.5105816828531673,-0.9937306238728895,-0.5382629945830703,0.0009250174255558989,1.0994556122371037e-05,-0.10781015171826253,-0.02704640779546225,-0.01892753083475675,-0.005110209502011507,-0.010091578073511501,-0.00014862482468909978,-0.7764643425549854,-0.28919549291513386,-0.21804074648766963,-0.05899867155614835,-0.1640057866314919,-0.04499257062350248,-0.6054725977547623,-4.350250850012014,-4.734754159462632,-1.0753711075392605,-0.05694623721781764,-0.0013264312773547985
4.71,0.008689365874845999,1.510285413540736,-0.9939369363433628,-0.5383188726148749,0.0008189245657629524,9.42481853738063e-06,-0.11282897435936493,-0.02962693124312904,-0.02063124704732692,-0.005587803180464596,-0.010609285979294645,-0.00015697375849904076,-0.7010234038425549,-0.28193522367181634,-0.21105747041101297,-0.05780966677121069,-0.16470177910509154,-0.043811275664244254,-0.624071672280719,-4.358506469950452,-4.742131632695605,-1.077303188764221,-0.058904368803579556,-0.0013601290788677212
4.72,0.007516419032282774,1.509964075779596,-0.9941596990098044,-0.5383793710842595,0.0007081704887924512,7.77864992851239e-06,-0.11729468425632243,-0.03213377611400449,-0.022276266644166286,-0.006049846938465461,-0.011075407697050114,-0.00016461686088682406,-0.6221574381640776,-0.2739834215249004,-0.2034779968805266,-0.056459313120305055,-0.16472433612983517,-0.04250805158310633,-0.6396138779659254,-4.3659296879786025,-4.749115285428689,-1.079115144120753,-0.06057584813102631,-0.0013899069574900454
4.73,0.006304561323595157,1.5096184684757346,-0.9943982792106149,-0.5384443218897215,0.0005932934239641017,6.0634478922395315e-06,-0.12118577086876176,-0.034560730386156334,-0.023858020081051243,-0.006495080546200449,-0.01148770648283495,-0.00017152020362728583,-0.5402661700565538,-0.26535908211327663,-0.1953243535053099,-0.05495178618353358,-0.16406073723653503,-0.04108269419270494,-0.6520285355687693,-4.37249871150272,-4.755685781501386,-1.0808018654665896,-0.06195297089395838,-0.0014156357368062477
4.74,0.005059724747380987,1.5092494507363303,-0.9946520004002926,-0.5385135448005811,0.00047485131617174995,4.286917148129954e-06,-0.12448365762141703,-0.036901773940430004,-0.02537211896776491,-0.006922291085963379,-0.011844210779235175,-0.00017765307441095776,-0.4557644886403954,-0.2560827396231764,-0.18662017560489091,-0.05329170273382311,-0.16270126661030204,-0.03953536614072167,-0.6612609011932994,-4.378193935140263,-4.761824882295544,-1.0823585795567727,-0.06302948505294267,-0.0014372040453743467
4.75,0.003787996820143455,1.50885793981002,-0.994920144081188,-0.538586847962666,0.0003534190768122927,2.457035895215718e-06,-0.12717279272375315,-0.039151092631034605,-0.026814368089545886,-0.007330316208491153,-0.012143223935945725,-0.00018298812529142362,-0.36908015959771423,-0.2461764319855856,-0.17739063531801683,-0.051484103328031994,-0.16063944209126135,-0.03786665369646991,-0.6672723756237209,-4.382998045155671,-4.767515492313439,-1.0837808626644307,-0.06380061770936042,-0.0014545188543070397
4.76,0.00249558959012802,1.5084449088899574,-0.9952019518498126,-0.5386640284351136,0.0002295857516169377,5.820208111092801e-07,-0.1292407230015435,-0.041303092006253525,-0.02818077686246822,-0.007718047244759893,-0.0123833325195355,-0.0001875015084106438,-0.2806514684450569,-0.23566366399731833,-0.16766236680745344,-0.04953443379089628,-0.15787222883185548,-0.03607762180915042,-0.6700406238476194,-4.38689611543863,-4.7727417030183785,-1.0850646543989892,-0.06426309438440693,-0.0014675059422512272
4.7700000000000005,0.0011888080863376635,1.5080113847833865,-0.9954966275517675,-0.5387448727567747,0.00010395161993627722,-1.3297091706252932e-06,-0.13067815037903566,-0.04335241065710001,-0.029467570195480706,-0.008084432166108331,-0.012563413168066048,-0.00019117299817345733,-0.19092481035025666,-0.22456936819406667,-0.15746338782477792,-0.04744852568678426,-0.15440023414282844,-0.034169866510114305,-0.6695596050240075,-4.389875693841155,-4.7774888349402245,-1.0862062706669087,-0.06441515064758196,-0.0014761102845995365
4.78,-0.00012598162133112397,1.5075584454516855,-0.9958033395391052,-0.5388291575406349,-2.2874759607453176e-05,-3.269570161245983e-06,-0.13147897076687876,-0.04529393317009103,-0.03067119873377001,-0.008428478386015672,-0.01268263795437304,-0.00019398609906206898,-0.10035224209758731,-0.21291986329232795,-0.14682301789576246,-0.045232575898560334,-0.15022788015104171,-0.03214556374380545,-0.6658395137422596,-4.3919268778069975,-4.781743478011897,-1.0872024157178048,-0.06425653608222232,-0.0014802963639462307
4.79,-0.00144238457361918,1.5070872174250993,-0.9961212230237055,-0.5389166500946078,-0.0001502795419096038,-5.228851544330708e-06,-0.1316402952288056,-0.04712280265861568,-0.031788348460037585,-0.008749255397283853,-0.012740478230215062,-0.0001959281383084725,-0.009389012039159594,-0.20074281001209207,-0.13577179339796408,-0.04289312538256318,-0.1453635510241048,-0.030007513738933234,-0.6589066339925915,-4.393042378362859,-4.78549353006439,-1.0880501932169664,-0.0637885106183781,-0.0014800483990145036
4.8,-0.002754009107800887,1.5065988730966426,-0.9964493825200272,-0.539007109066996,-0.0002776466112305282,-7.198754971110881e-06,-0.1311624534181707,-0.04883443284566494,-0.03281594963217113,-0.009045897238821161,-0.012736706932092438,-0.0001969903426780172,0.0815089160220025,-0.18806716408843976,-0.1243413797879446,-0.040437037219613,-0.13981971169862245,-0.027759180069017144,-0.6488031078229546,-4.393217571692209,-4.788728233368784,-1.0887471162841145,-0.06301383330552295,-0.0014753704895338528
4.8100000000000005,-0.004054498901729307,1.5060946278999525,-0.9967868943704038,-0.5391002851148624,-0.0004043606046133647,-9.17043395772189e-06,-0.13004897939284193,-0.05042451966901788,-0.03375118503766065,-0.00931760478663513,-0.012671399338283647,-0.00019716789866110085,0.17188732909146723,-0.17492312628453519,-0.11256448124412352,-0.037871474033911556,-0.13361299527263892,-0.025404722601974794,-0.6355866211864905,-4.39245053767669,-4.791438209075739,-1.089291116437911,-0.061936743638930314,-0.001466286674835531
4.82,-0.0053375647020555295,1.5055757373761687,-0.9971328093458731,-0.539195921593503,-0.0005298099273681777,-1.1135033911947953e-05,-0.1283065800326223,-0.051889052378377445,-0.03459149754692808,-0.00956364786406581,-0.012544932275481301,-0.0001964599954226063,0.26129620561063815,-0.1613420892242796,-0.1004747479780038,-0.03520387488540466,-0.12676425649807843,-0.022949023599532187,-0.619330009983451,-4.39074208496254,-4.793615489366893,-1.0896805513862604,-0.06056293559375019,-0.001452840904260865
4.83,-0.0065970155660189135,1.505043494135244,-0.9974861553153683,-0.5392937552651699,-0.0006533897451908979,-1.3083732411151655e-05,-0.12594508639633845,-0.05322432409247282,-0.035334596949521416,-0.009783367166678962,-0.012357981782272019,-0.00019486984992037013,0.34929211495735896,-0.1473565808768375,-0.08810668147162733,-0.03244193169596887,-0.11929858912270785,-0.020397706301405888,-0.6001207897677114,-4.388095762287565,-4.7952535471002395,-1.0899142116041327,-0.05889952455959699,-0.0014350969178407611
4.84,-0.007826789450668876,1.5044992247174158,-0.9978459399759568,-0.5393935170251464,-0.0007745049376462318,-1.5007779547898903e-05,-0.12297738846499624,-0.05442694178281898,-0.03597846605885279,-0.009976175997648391,-0.012111519245533386,-0.0001924047136747247,0.43544056073590887,-0.13300020453927858,-0.07549553788260537,-0.029593565314429693,-0.11124530519068432,-0.01775714541203477,-0.5780606130169208,-4.384517855983075,-4.796347322703656,-1.08999132564337,-0.056955007405543656,-0.0014131380361035067
4.8500000000000005,-0.00902098298888906,1.5039442863609187,-0.9982111536366852,-0.5394949326432447,-0.0008925729979917689,-1.6898538155408054e-05,-0.11941935382201838,-0.0554938356497014,-0.0365213660728434,-0.010141561809833135,-0.011806806034553712,-0.0001890758607509151,0.5193182533101829,-0.11830757518608188,-0.0626772298611236,-0.026666901281240718,-0.10263787481124664,-0.01503446900315375,-0.5532646582536264,-4.380017373742171,-4.796893248048484,-1.08991156412289,-0.054739215940549,-0.0013870668583000566
4.86,-0.01017388029809536,1.503380063682368,-0.99858077204848,-0.539597723518756,-0.001007026864654274,-1.8747523721454715e-05,-0.11528973092063008,-0.056422267855060965,-0.03696184117947784,-0.010279087551136335,-0.011445386666250506,-0.0001848985566046661,0.6005152976952067,-0.10331425207793085,-0.049688227014490556,-0.023670245365637277,-0.09351382533689101,-0.012237551448379236,-0.5258609556494604,-4.374606014916616,-4.796889267019224,-1.0896750423528196,-0.05226326406726916,-0.0013570048687984461
4.87,-0.011279980674906324,1.5028079652766047,-0.9989537592724586,-0.5397016074468571,-0.001117317670086372,-2.0546443796834717e-05,-0.11061003768109624,-0.05720984057632887,-0.0372987223978588,-0.01038839281011733,-0.011029080543209814,-0.00017989200753800008,0.6786372837013124,-0.08805666755009373,-0.03656545524462141,-0.020612058958884627,-0.08391459936174117,-0.00937499711811407,-0.4959896540434973,-4.368298127766055,-4.796334852486312,-1.0892823215523189,-0.04953948895772259,-0.001323091951888762
4.88,-0.012334025037365682,1.5022294202431554,-0.9993290705789277,-0.5398062993944491,-0.00122291739322963,-2.22872367030046e-05,-0.10540443624593589,-0.05785450334493059,-0.0375311306469173,-0.010469194759196752,-0.010559972314325792,-0.00017407929061698848,0.7533072661164998,-0.07257205193258326,-0.023346195186193457,-0.017500934377143618,-0.07388537144428886,-0.006456114682211855,-0.46380223455720515,-4.361110654232652,-4.7952310193873515,-1.0887344086281594,-0.04658138660716865,-0.0012854858157532237
4.89,-0.013331020985353097,1.5016458746468238,-0.9997056553692822,-0.5399115122833809,-0.0013233214023848996,-2.3962109343152905e-05,-0.09969959479874156,-0.058354559633172806,-0.03765847903544886,-0.01052128889317653,-0.010040400915526947,-0.00016748726401483055,0.8241676237050303,-0.05689835458832233,-0.010067979960020318,-0.014345570150335912,-0.06347482397152637,-0.0034908819942592872,-0.42946067619103717,-4.3530630629484675,-4.793580333627787,-1.088032754489337,-0.04340354214767499,-0.0012443613268882706
4.9,-0.014266266359564793,1.5010587879202881,-1.0000824601129688,-0.5400169577789926,-0.0014180508759386308,-2.5563573921767714e-05,-0.09352453742116959,-0.05870867265355916,-0.037680474368653585,-0.01054454956117647,-0.009472947355373107,-0.0001601464578614809,0.8908817868879082,-0.04107416109156858,0.003231507542675823,-0.011154746357329715,-0.0527348831145229,-0.000489901658106362,-0.39313657894071996,-4.34417727129978,-4.791386916525006,-1.0871792508820248,-0.04002155532502398,-0.001199909756812191
4.91,-0.015135371189790034,1.5004696292169353,-1.0004584312916471,-0.5401223470818973,-0.0015066550891100123,-2.7084483379810066e-05,-0.08691048302252413,-0.0589158703352782,-0.037597117867840577,-0.01053893029047614,-0.008860421317138158,-0.00015209094580423513,0.9531358251370844,-0.025138606607849216,0.016514537635480837,-0.007937300070826787,-0.041720416358084655,0.002535652487171136,-0.35501025007506326,-4.334477557470501,-4.78865644453983,-1.086176225738781,-0.03645196156176628,-0.001152337943448047
4.92,-0.01593427793405706,1.4998798737224985,-1.0008325183426614,-0.5402273917209088,-0.0015887135556630807,-2.851806535591941e-05,-0.07989067442670256,-0.05897554944367168,-0.03740870510143681,-0.010504463901147969,-0.008205846655306843,-0.00014335819761093448,1.010639886351302,-0.009131285575777387,0.029743436864253455,-0.004702100975443491,-0.030488893626423597,0.005574097596554473,-0.3152697592719864,-4.323990463464264,-4.78539614406572,-1.0850264370459677,-0.0327121490452764,-0.001101867370132064
4.93,-0.01665927992147489,1.4992909989343992,-1.0012036765939307,-0.5403318043450166,-0.001663838014364678,-2.985795448869587e-05,-0.0725001987417827,-0.0588874788099348,-0.03711582512692151,-0.010441262410777627,-0.0075124458701597285,-0.00013398891327764614,1.0631294817724797,0.006907842168502024,0.04288069088226912,-0.0014580272253927051,-0.01910001455286814,0.008613312262399253,-0.27410996831659556,-4.312744690161094,-4.78161478107824,-1.083733065243578,-0.028820272292561323,-0.0010487331657565917
4.94,-0.017307037923155258,1.498704480917998,-1.0015708701823787,-0.5404352995123064,-0.0017316742508572602,-3.109822288104097e-05,-0.06477580016803694,-0.0586518016401254,-0.03671935884480419,-0.01034951672898137,-0.006783623649258221,-0.00012402683923450997,1.1103666113296466,0.022938548642065924,0.05588904696513295,0.0017860584084198328,-0.007615304951531954,0.01164081454138044,-0.23173154102666657,-4.300770985499503,-4.777322645484453,-1.082299704181872,-0.024795162653345876,-0.000993183030109212
4.95,-0.017874594787360955,1.4981217905492503,-1.0019330749480515,-0.5405375944737252,-0.0017919037465485984,-3.223340855479617e-05,-0.05675568642056977,-0.058269036874754994,-0.03622047656727656,-0.010229496141872532,-0.006022949569133815,-0.00011351856737552005,1.1521407256514355,0.03892043811987367,0.06873161596316485,0.005021332028222136,0.003902313965048698,0.014643846810984296,-0.1883399389886912,-4.288102026888527,-4.772531530053067,-1.080730350669238,-0.020656236219607698,-0.0009354760890094424
4.96,-0.018359388086892615,1.4975443897535223,-1.0022892812961086,-0.5406384099495959,-0.0018442451470916366,-3.325854173248506e-05,-0.04847932995316592,-0.05774007957280335,-0.03562063480571734,-0.010081547587073636,-0.005234140054303816,-0.00010251331776888933,1.1882695223465474,0.05481305043122381,0.08137197348136396,0.008239031687053533,0.015388979630130528,0.017609466584492584,-0.14414440856499852,-4.27477229894761,-4.767254703850348,-1.079029392655214,-0.016423399613367404,-0.0008758816843668139
4.97,-0.018759260738597294,1.4969737277505533,-1.0026384970189366,-0.5407374708967994,-0.0018884555440301972,-3.416916879281482e-05,-0.03998726517046772,-0.05706620029691429,-0.034921572282806373,-0.009906094720341305,-0.004421039693856056,-9.106270603297602e-05,1.2185995755034331,0.07057596684881189,0.09377426007968837,0.01143047998771829,0.026780361027499033,0.020524642302317764,-0.09935696447218724,-4.260817967646156,-4.761506880152961,-1.077201596101547,-0.012116954125217294,-0.0008146781047829702
4.98,-0.01907246956666333,1.4964112373157554,-1.002979750070703,-0.5408345072645528,-0.001924331564212742,-3.496137375768338e-05,-0.031320882806603625,-0.056249043479783836,-0.03412530517663467,-0.009703636775348586,-0.0035876020182544644,-7.922049648685558e-05,1.2430067986820503,0.08616891823412937,0.10590328027788498,0.014587106155771412,0.03801214570048028,0.023376353025170937,-0.054191375037512535,-4.246276751870983,-4.7553041788559565,-1.0752520906022658,-0.007757498673987609,-0.0007521512627914082
4.99,-0.01929769179296597,1.4958583310682023,-1.0033120912867615,-0.5409292547367396,-0.001951710262619816,-3.563179718071602e-05,-0.022522222630264047,-0.05529062475531705,-0.033234121605862914,-0.009474747218673273,-0.002737869840707423,-6.704234230326436e-05,1.2613967429528774,0.10155189506937708,0.1177246001510188,0.017700467521367114,0.04902053580918242,0.026151690867605826,-0.008862154016371046,-4.2311877933904904,-4.748664083441133,-1.0731863538209154,-0.0033658320532079563,-0.0006885933252659313
