time,q1,q2,q3,q4,q5,q6,dq1,dq2,dq3,dq4,dq5,dq6,ddq1,ddq2,ddq3,ddq4,ddq5,ddq6,tau1,tau2,tau3,tau4,tau5,tau6
0.0,0.0,1.5,-1.0,-0.54,0.0,0.0,0.0,0.0,0.0,0.0,0.0,0.0,0.0,0.0,0.0,0.0,0.0,0.0,-0.10229463304401794,-4.4274614055951504,-4.114243933116887,-0.9357212252565987,-0.012727938617979846,-0.0010489296449766041
0.01,8.656573064837667e-07,1.5000019714572572,-0.9999981409632641,-0.5399995713693367,9.503899149197175e-08,4.708320094224007e-09,8.656573064837668e-05,0.00019714572572775675,0.000185903673591001,4.2863066333331846e-05,9.503899149197174e-06,4.7083200942240074e-07,0.011999011534809603,0.021095446201137735,0.0262431178879971,-0.003964167876920804,0.004425951480881485,0.009009590927454837,0.0014582964817417001,-4.013096381773457,-4.595594311101866,-1.031454935467782,0.0001686788341222121,-0.00048678907485539543
0.02,1.018379332840331e-05,1.4999595287983394,-1.0000015275739538,-0.5400034101334358,1.1312971799351584e-06,5.23323427459211e-08,0.0009318136021919544,-0.004244265891776677,-0.0003386610689732054,-0.000383876409901378,0.00010362581884431866,4.762402265169709e-06,0.1166391586030955,-0.5083948945782801,0.034233539688938004,-0.27783512841720337,0.04852212285554869,0.09289531733948467,0.014666866657653148,-4.209431534421825,-4.657149123669443,-1.0527695967090303,0.0015209136616742744,-0.00046421108396902674
0.03,3.326516264997151e-05,1.499832648221837,-1.0000187828599172,-0.5400148510421175,3.6337797508340253e-06,1.479267172822388e-07,0.00230813693215682,-0.012688057650251527,-0.0017255285963428762,-0.001144090868176405,0.0002502482570898867,9.55943745363177e-06,0.19210750225008286,-0.9680180233350196,-0.036736962372517445,-0.32300728555652114,0.05691342351929862,0.09315151901925395,0.027824804597701796,-4.403855849957844,-4.718234915739479,-1.073909152104283,0.002868319977429419,-0.000441620292083866
0.04,7.379144907508055e-05,1.499587066467758,-1.0000588493327984,-0.5400370223114321,7.96470829510608e-06,2.94441438996275e-07,0.004052628642510904,-0.024558175407899663,-0.004006647288115629,-0.002217126931454547,0.00043309285442720536,1.4651472171403619e-05,0.24450464433623004,-1.3598721655082442,-0.1227057459801541,-0.35276391662863027,0.06210612699868623,0.09297224366715287,0.0408871237903189,-4.594524436919751,-4.7783622862259545,-1.0946956937111612,0.004206950872405365,-0.0004189818195599698
0.05,0.0001342772553389325,1.4991937858394384,-1.0001303912128605,-0.5400728090967722,1.4372139887439794e-05,4.934487717913214e-07,0.006048580626385195,-0.03932806283194756,-0.007154188006218536,-0.0035786785340107853,0.0006407431592333715,1.990073327950464e-05,0.28031343432630956,-1.6901567278457663,-0.21168056017118653,-0.3786801799016919,0.06577785634214073,0.09268223812297345,0.053808944841685975,-4.779715933829865,-4.837047982582496,-1.114957104331364,0.005533088493670585,-0.00039625585372231494
0.06,0.0002163952595325283,1.4986286760311562,-1.0002414228908463,-0.5401247844212868,2.302244666780109e-05,7.456085992762537e-07,0.00821180041935958,-0.056510980828225116,-0.011103167798585892,-0.005197532451453783,0.0008650306780361299,2.5215982748493228e-05,0.30415560617913007,-1.9640162182301775,-0.2976962178121798,-0.40042832094743286,0.0685059182281369,0.09230376356376456,0.06654650500859596,-4.95782898052107,-4.893823658992899,-1.134528849657741,0.006843264886560241,-0.0003734003358714966
0.07,0.00032120481976278533,1.4978721436234743,-1.000399079477715,-0.5401951661745441,3.402313583797772e-05,1.0509948307096868e-06,0.010480956023025702,-0.07565324076818107,-0.015765658686863047,-0.0070381753257354115,0.0011000689170176632,3.05386231433433e-05,0.31928058032791906,-2.185636170597524,-0.3770599520275361,-0.41736421636468624,0.07069242665903097,0.09185514589495813,0.07905769612713742,-5.1273786524122995,-4.948242221492049,-1.1532552343746354,0.008134254026755671,-0.00035037313909892895
0.08,0.0004493127445789051,1.4969088477757537,-1.000609482887211,-0.5402857947662756,4.7438896751933204e-05,1.4093211400640444e-06,0.012810792481611976,-0.09632958477205106,-0.02104034094960987,-0.009062859173152145,0.001341576091395548,3.5832630935435745e-05,0.3279721102430603,-2.3585350271529197,-0.44750559253567196,-0.42911322701275,0.07262477825234481,0.09135108226789057,0.09130240442004914,-5.286993316328646,-4.999882436065832,-1.1709902940483135,0.009403055308420463,-0.00032713378888820255
0.09,0.0006009865351497976,1.4957274472374704,-1.0008776725116209,-0.5403981249625576,6.330287688770131e-05,1.820095440706321e-06,0.015167379057089253,-0.11814005382832525,-0.026818962440995135,-0.011233019628196245,0.00158639801357681,4.107743006422766e-05,0.3318374693485503,-2.485778752902781,-0.5077249590887423,-0.4355161214599228,0.0745035899357358,0.09080270052219105,0.10324277808237689,-5.435412113076725,-5.048352258177517,-1.1875984356215172,0.010646877430633308,-0.00030364481065769423
0.1,0.0007762344274795052,1.4943203684216524,-1.0012075795454873,-0.5405332273467844,8.162460340153675e-05,2.2827240729290455e-06,0.01752478923297076,-0.14070788158179537,-0.032990703386657765,-0.013510238422682,0.0018321726513835443,4.626286322227243e-05,0.33201150711698096,-2.5701291703058726,-0.5570563380364348,-0.4365645309960282,0.07646337217889387,0.09021783619611111,0.11484347345365441,-5.571483131253093,-5.0932911991816,-1.202954900563128,0.01186312598170494,-0.0002798727824275563
0.11,0.0009748623289600452,1.4926835874759186,-1.00160203076343,-0.5406917963096033,0.00010239555179839768,2.7965805259700382e-06,0.019862790148053998,-0.16367809457337468,-0.039445121794257416,-0.01585689628187963,0.002077094839686093,5.1385645304099297e-05,0.32930036753301806,-2.6141458661135153,-0.5952735805969918,-0.43235550016829727,0.07858801390699544,0.08960136661062867,0.12607189389146262,-5.694162259686065,-5.134371954359736,-1.2169461003687894,0.0130493953366593,-0.0002557891560507593
0.12,0.0011965147497654974,1.4908164214918083,-1.0020627721408542,-0.540874162472669,0.00012559306880377536,3.3610491481983553e-06,0.022165242080545218,-0.18671659841102775,-0.04607413774241819,-0.01823661630656953,0.0023197517005377694,5.64468622228317e-05,0.32428256167997754,-2.620256054640878,-0.622443209825948,-0.4230605197164845,0.08092233254968972,0.08895553540797611,0.13689841888846457,-5.802512664677028,-5.171301458486576,-1.2294698585877029,0.014203464322202795,-0.00023137089552830386
0.13,0.0014407047147566112,1.488721325519331,-1.0025905058172595,-0.5410803081293233,0.00015118314819080207,3.97555121755069e-06,0.024418996499111386,-0.20950959724773288,-0.05277336764054515,-0.020614565665430847,0.0025590079387026723,6.145020693523348e-05,0.31737993674164294,-2.5908023195365213,-0.6388277169172951,-0.4089043970706534,0.08348070085120307,0.08828024055901383,0.147296614710911,-5.895704816447253,-5.2038214953220585,-1.2404355833854483,0.015323294700946196,-0.00020660096853649632
0.14,0.0017068361481295134,1.4864036931126672,-1.0031849360129341,-0.5413098847442304,0.00017912241116117028,4.639558576686805e-06,0.026613143337290222,-0.23176324066638285,-0.05944301956745608,-0.022957661490707385,0.002793926297036821,6.640073591361148e-05,0.3089074063422444,-2.5280750531012695,-0.6448202340301826,-0.3901507336619119,0.08625354315366485,0.08757327916405927,0.15724341664479913,-5.973016977630435,-5.231708959721208,-1.2497643877455984,0.016407031479798814,-0.00018146871785981668
0.15,0.001994221168165562,1.4838716588702674,-1.0038448209416255,-0.5415622318641686,0.00020935953902752444,5.3525985158528606e-06,0.028738502003604848,-0.2532034242399713,-0.06598849286914157,-0.025234711993828415,0.0030237127866354152,7.130399391660553e-05,0.29910769468558307,-2.4343342806231187,-0.6409005151870313,-0.3670918243253585,0.08921230529101942,0.08683055258920973,0.16671927406073642,-6.033836060224736,-5.254775850676197,-1.2573891695063275,0.01745300414967513,-0.00015597013256787298
0.16,0.002302093983759474,1.4811359019484414,-1.004568028732045,-0.5418363970014688,0.0002418363326638972,6.114252520062312e-06,0.030787281559391214,-0.2735756921826096,-0.07232077904196087,-0.027416513730011787,0.0032476793636372764,7.616540042094511e-05,0.2881754978956478,-2.3118240929020955,-0.627605380497892,-0.3400415070700209,0.09231334936377755,0.08604624015141106,0.17570825153674008,-6.077658753524421,-5.2728690578874415,-1.2632546597711898,0.018459728113510033,-0.00013010803391844654
0.17,0.002629622556629285,1.4782094498910248,-1.005351596027583,-0.5421311561924559,0.0002764885214426397,6.9241507503587184e-06,0.0327528572869811,-0.2926452057416672,-0.07835672955378034,-0.029475919098708173,0.0034652188778742494,8.09898230296407e-05,0.2762741609695025,-2.1627819028578217,-0.6055089689720137,-0.3093299736634263,0.09550110509237753,0.08521295127776249,0.1841980815157306,-6.104092822961349,-5.28586999180889,-1.267317445380327,0.019425905711097244,-0.0001038921875607682
0.18,0.0029759188189549556,1.4751074823766444,-1.006191788376666,-0.5424450350276786,0.0003132464077690465,7.781963605772034e-06,0.03462962623256705,-0.3101967514380489,-0.08401923490830433,-0.03138788352227201,0.003675788632640678,8.578128554133153e-05,0.26354704986828464,-1.9894440480272404,-0.5752096320968969,-0.2752998771546,0.09871071779984875,0.08432186626197125,0.1921801661054035,-6.112858478019077,-5.2936940965813895,-1.2695459688186,0.020350426384757522,-7.733935120730906e-05
0.19,0.0033400479704583487,1.4718471346725552,-1.007084161823749,-0.5427763300135556,0.00035203540734887815,8.687391345560165e-06,0.0364129151503393,-0.32603477040891693,-0.08923734470830298,-0.03312949858770401,0.003878899957983163,9.054277397881309e-05,0.2501251525694943,-1.7940487816401676,-0.537321309368562,-0.23830329216752588,0.1018703635091931,0.08336287519188794,0.19964952752787488,-6.103789706340061,-5.296290276295439,-1.269920507019727,0.021232365645184343,-5.047326520305346e-05
0.2,0.003721037189908641,1.4684473007229695,-1.0080236253090542,-0.5431231301663973,0.0003927765268051359,9.640152492927793e-06,0.03809892194502923,-0.33998339495858476,-0.09394634853052235,-0.034680015284169245,0.004074111945625776,9.527611473676272e-05,0.2361319900891458,-1.5788373637101447,-0.4924679113389577,-0.198699231904099,0.10490334891292474,0.08232472370092629,0.20660470836117967,-6.076835470914249,-5.29364025727851,-1.2684331289157753,0.02207098259366024,-2.3324592109652076e-05
0.21,0.00411788396149352,1.4649284359061567,-1.0090045036150903,-0.5434833387663619,0.0004353868069701715,1.0639971558289723e-05,0.039684677158487926,-0.3518864816812847,-0.09808783060360149,-0.03602085999646024,0.004261028016503556,9.998190653619304e-05,0.22168660167486684,-1.346053734367286,-0.44127969985732607,-0.1568515254966254,0.10773007380666944,0.0811951730616416,0.21304762408842465,-6.032060667972215,-5.285757902383638,-1.2650876302331644,0.022865715838640815,4.069189624003339e-06
0.22,0.004529564120899026,1.461312359579422,-1.0100206006808419,-0.5438546952153788,0.00047977975055766,1.1686566488949899e-05,0.041168015940550536,-0.36160763267347396,-0.10160970657514694,-0.0371356449016841,0.004439294358748849,0.00010465949306601769,0.20690514736378787,-1.0979430931511651,-0.3843909699971941,-0.11312692642606237,0.1102699027142533,0.07996118083969589,0.21898337159887715,-5.96964674507817,-5.2726884874430455,-1.2598994429258317,0.023616177714846694,3.166393371697377e-05
0.23,0.0049550396584430514,1.4576220576019556,-1.0110652631547037,-0.5442347969525289,0.0005258657458790169,1.2779636156507259e-05,0.04254755375440255,-0.3690301977466351,-0.1044662473861812,-0.03801017371501014,0.004608599532135687,0.00010930696675573603,0.19190151749355508,-0.8367495987233806,-0.3224385519522322,-0.06789336776364685,0.11244296850057012,0.07860910685602535,0.22441999818442665,-5.889891882083788,-5.254507945063878,-1.252895515751684,0.02432214677405377,5.940901243185021e-05
0.24,0.005393266269647586,1.4538814850876858,-1.0121314440845324,-0.5446211213849375,0.0005735524930575947,1.3918848122067688e-05,0.0438226611204535,-0.37405725142697804,-0.10661809298286846,-0.03863244324085794,0.00476867471785778,0.00011392119655604279,0.17678723247234343,-0.5647133287302044,-0.25606079672596427,-0.021518310281874342,0.1141719121653163,0.07712494755395205,0.22936823625695849,-5.793210642189797,-5.231322076725347,-1.2441141618343474,0.024983558570335736,8.724753857642569e-05
0.25,0.005843200611938772,1.4501153696970919,-1.013211766654325,-0.545011047793356,0.0006227454352946702,1.5103826864658348e-05,0.04499343422911856,-0.3766115390593836,-0.10803225697925498,-0.03899264084185224,0.0049192942237075415,0.00011849787425906601,0.16167084292510814,-0.2840665892091598,-0.18589680901142042,0.02563285022066042,0.11538354870591327,0.07549460002860806,0.23384120948632936,-5.680133006459959,-5.203265730640516,-1.2336048686051644,0.025600494809380422,0.00011511662108600046
0.26,0.006303807206037982,1.4463490158306487,-1.0142985878766748,-0.5454018791703057,0.0006733481948035162,1.633414261483491e-05,0.046060659409921004,-0.37663538664432517,-0.10868212223497356,-0.03908313769496794,0.005060275950884603,0.00012303157501765603,0.1466569901127512,0.002970370028589365,-0.11258575933206702,0.07319833634379622,0.11601043834285119,0.07370415497094118,0.23785411633275835,-5.551302712794638,-5.170501940028942,-1.221428065287284,0.026173170971920942,0.00014294765272291303
0.27,0.006774064909434585,1.442608110138455,-1.015384062141588,-0.5457908639456375,0.0007252630108181412,1.7609300899856654e-05,0.04702577033966034,-0.3740905692193804,-0.10854742649130213,-0.03889847753318039,0.005191481601462494,0.00012751582850217445,0.13184525202666042,0.29419419808161634,-0.036766155521922896,0.12082151403041075,0.11599233521792285,0.07174021565225952,0.2414238970307083,-5.407474829610852,-5.133221014265724,-1.207654843059889,0.02670192255528086,0.00017066662893317896
0.28,0.007252972885214814,1.4389185288112734,-1.0164602045078557,-0.546175217550161,0.000778391175448787,1.8928732876762416e-05,0.04789079757802288,-0.36895813271815425,-0.10761423662678042,-0.038435360452354544,0.00531281646306459,0.00013194319769057626,0.11732887659118234,0.5874238191792452,0.040925012146038456,0.168152393571686,0.1152774817764225,0.06959023790859134,0.24456888998636767,-5.249512505262881,-5.091639573785241,-1.1923666232195063,0.027187190104521863,0.00019819449730987628
0.29,0.007739555991031962,1.435306147167789,-1.0175189536047542,-0.5465521437630051,0.0008326334619989354,2.0291786503891053e-05,0.048658310581714846,-0.36123816434842226,-0.10587490968985537,-0.03769262128441832,0.005424228655014828,0.0001363053627128636,0.10319348621724014,0.8805063227454079,0.11985331277572589,0.21484910700506044,0.11382371635769206,0.06724288397850398,0.2473084832950704,-5.07838284650056,-5.045999518580461,-1.1756547690276393,0.02762950322589025,0.00022544753741529161
0.3,0.00823286951900429,1.4317966521011427,-1.0185522339907682,-0.5469188557829135,0.0008878905396157599,2.169771857915327e-05,0.049331352797232754,-0.3509495066646299,-0.10332803860141174,-0.036671201990841056,0.005525707761682445,0.00014059320752622163,0.08951582486124952,1.1713233476255707,0.19938814513375322,0.26057935938292376,0.11159936393886255,0.06468838113037198,0.24966276669110016,-4.895151892884606,-4.996566919606945,-1.1576201374873727,0.028029463790674853,0.0002523377708984432
0.31,0.008732003226856732,1.428415357994198,-1.019552017793456,-0.5472725969580104,0.00094406336777634,2.3145687654384437e-05,0.04991337078524425,-0.3381294106944614,-0.09997838026877559,-0.035374117509693534,0.005617282816058015,0.00014479690752311692,0.07636260787386452,1.4577979372978733,0.278904262830008,0.3050218494773107,0.10858388528431762,0.06191887441334909,0.2516521887380416,-4.700978668902099,-4.943630822331574,-1.1383725680111938,0.028387728548048156,0.00027877340190634713
0.32,0.00923608461281967,1.425187026756854,-1.0205103854314337,-0.5476106611029256,0.0010010535640849138,2.4634747819343998e-05,0.05040813859629393,-0.3228331237343976,-0.09583676379776682,-0.03380641449151278,0.005699019630857375,0.0001489060164959562,0.06378952500689175,1.7379018368670351,0.35778356834192576,0.347867654231818,0.10476826757178143,0.05892876171506245,0.2532972234846139,-4.497108311347372,-4.8875019520173835,-1.1180303058097787,0.028704991372070627,0.00030465928772730887
0.33,0.00974428140086076,1.4221356926791697,-1.0214195851966246,-0.547930412326739,0.0010587637391446362,2.6163843336443858e-05,0.05081967880410894,-0.3051334077684372,-0.09091997651909244,-0.03197512238134804,0.005771017505972253,0.000152909551709986,0.05184043721140631,2.009663194855458,0.43541717909853284,0.38882157052173305,0.10015514932510244,0.05571499871071017,0.2546180501826049,-4.28486428611369,-4.82851131106879,-1.096719358826401,0.02898196537208287,0.0003298974394294479
0.34,0.010255803217995262,1.41928449283021,-1.0222720914531394,-0.548229304290188,0.0011170977928414122,2.773180409816832e-05,0.05115218171345025,-0.28511998489597046,-0.08525062565147712,-0.02988919634490114,0.00583340536967759,0.00015679607617244594,0.04054679792687224,2.2711746238693604,0.511207759342553,0.42760340734528945,0.09475868344081684,0.05227736132703892,0.2556342490242991,-4.065639725598149,-4.767008659838452,-1.0745727881404419,0.029219365098480412,0.0003543875519799093
0.35000000000000003,0.010769902460982049,1.4166555037633746,-1.0230606611891393,-0.5485048988061284,0.0011759611672029896,2.9337341873412555e-05,0.05140992429867878,-0.2628989066835462,-0.07885697359998568,-0.027559451594035823,0.005886337436157742,0.00016055377752442377,0.0299273193684309,2.520601564621824,0.5845721028674211,0.4639492214951755,0.08860415336161123,0.04861865405302079,0.2563645152394584,-3.8408879351452505,-4.703360873685363,-1.0517299329409386,0.029417889078493124,0.00037802756296566775
0.36,0.011285874365009576,1.4142695853135567,-1.0237783886404221,-0.5487548836935261,0.0012352610520327645,3.097904730652063e-05,0.05159719040275275,-0.23859184498177785,-0.0717727451282956,-0.024998488739766365,0.005929988482977492,0.00016417054331080715,0.0199878940470086,2.7561908879580925,0.6549439438627536,0.4976124898355927,0.08172736806062486,0.04474485379017984,0.2568263933261965,-3.612112134003139,-4.637950170742009,-1.0283355723998717,0.029578202919877908,0.0004007142386037576
0.37,0.011803056301429235,1.4121462322888512,-1.0244187576898496,-0.5489770897924034,0.0012949065407172858,3.2655387633410564e-05,0.05171819364196592,-0.2123353024705557,-0.06403690494274646,-0.022220609887735554,0.00596454886845214,0.00016763403268899347,0.010721771749610073,2.9762796598045864,0.7217769658961724,0.5283652116093389,0.07417387050223216,0.04066518089218657,0.2570360327012253,-3.380854512781965,-4.571172206769375,-1.0045390280265696,0.029700923224720552,0.00042234378524563614
0.38,0.012320826344721026,1.410303434868772,-1.0249756917356303,-0.5491695070453104,0.001354808734916641,3.436470508244364e-05,0.05177700432917914,-0.18427974200793024,-0.05569340457807698,-0.01924172529069492,0.005990219419935529,0.00017093174490330766,0.002109982899822298,3.179303984665126,0.7845479725255795,0.5559989346338572,0.06599800079268237,0.0363920914771696,0.2570079656628157,-3.1486847050147952,-4.503434035625643,-0.9804932113299032,0.029786602560642087,0.0004428124840645342
0.39,0.012838601160312815,1.4087575485212438,-1.0254436007143664,-0.5493302995501409,0.0014148807982118275,3.610521593309922e-05,0.051777481559178905,-0.1545886347528199,-0.04679089787360565,-0.01607925048305223,0.0060072063295186365,0.00017405108506555813,-0.005878008940340349,3.363807834690632,0.842760177223481,0.5803256997445594,0.05726185868431936,0.031941187869546805,0.2567549082781957,-2.9171877847550576,-4.43515193622242,-0.9563536228245377,0.0298357157418778,0.00046201734608084986
0.4,0.013355833274381501,1.4075231742412528,-1.02581742496204,-0.5494578194895651,0.00147503796014624,3.787501021241771e-05,0.051723211406868586,-0.12343742799908734,-0.03738242476737187,-0.012751993942416762,0.006015716193441257,0.00017697942793184847,-0.013283449284411372,3.5284517636998998,0.8959465652466113,0.6011788984502644,0.048034210096110676,0.027331046974562845,0.2562875846433885,-2.6879519148352076,-4.366749109365625,-0.932277309562594,0.029848647676715623,0.00047985678414055194
0.41000000000000003,0.013872007794234916,1.4066130498943885,-1.0260926755981088,-0.5495506198440696,0.001535197473404881,3.967205201686605e-05,0.05161745198534144,-0.09101243468643817,-0.02752506360687336,-0.00928003545044988,0.006015951325864087,0.00017970418044483408,-0.02015725830659008,3.672021399052357,0.9436732759077914,0.6184140393253568,0.03838937884387722,0.02258296934378501,0.25561457491847484,-2.462555781112229,-4.2986532505489095,-0.9084217894249406,0.02982568303904516,0.0004962312979235836
0.42,0.014386638653324731,1.406037953418108,-1.0262654711248123,-0.5496074657986517,0.0015952785280747637,4.149418045503751e-05,0.05146308590898158,-0.05750964762806159,-0.017279552670351684,-0.005684595458215151,0.006008105466988284,0.00018221284381714567,-0.02655885130426767,3.793435599168073,0.9855429504477234,0.6319094192581254,0.028406158172797014,0.01772065450056548,0.25474218760916834,-2.2425559564197517,-4.231294007554986,-0.8849439513413125,0.029766998018462422,0.0005110441675290827
0.43,0.014899264458500386,1.4058066185921048,-1.026332569945845,-0.5496273447576273,0.0016552021279800935,4.3339111213726155e-05,0.051262580517565375,-0.023133482600314045,-0.0067098821032780965,-0.0019878958975627923,0.00599235999053298,0.00018449307586886432,-0.03255484649363647,3.8917541609359936,1.0211979884685185,0.6415666961617124,0.018166767633678638,0.012769810637429102,0.25367435673388083,-2.0294743437566307,-4.165100334588718,-0.8619989414022213,0.029672654393659903,0.0005242021506659251
0.44,0.015409444018996493,1.4059256640365152,-1.0262913985257602,-0.5496094748878042,0.0017148909349515985,4.5204438755801896e-05,0.0510179560496107,0.011904544441047903,0.004117142008465517,0.001786986982312231,0.005968880697150509,0.00018653275420757394,-0.03821769184927627,3.9661849594052754,1.05032365471657,0.6473113601745109,0.007755870277263821,0.007757708980313804,0.2524125647652042,-1.8247858512423591,-4.100497757574228,-0.839739045458175,0.029542596156032448,0.0005356161779742899
0.45,0.015916751637124974,1.4063995360329038,-1.0261400749338212,-0.5495533121174304,0.0017742690875461248,4.708763916245787e-05,0.050730761812848246,0.04738719963886651,0.015132359193903771,0.0056162770373834135,0.005937815259452632,0.0001883200406655971,-0.04362424060904828,4.016090402152853,1.0726509779570863,0.6490931006656258,-0.002740345814843087,0.002712694887494038,0.25095579254046363,-1.6299064513940407,-4.037905568148136,-0.8183125792565821,0.029376648883211252,0.0005452020405214944
0.46,0.016420772240019997,1.4072304656882701,-1.0258774275433609,-0.5494585555268172,0.0018332620011657797,4.898607363445816e-05,0.0504020602895023,0.08309296553663281,0.026264739046029113,0.00947565906131734,0.005899291361965476,0.00018984344720002867,-0.048854302068827064,4.040993082671447,1.0879593847794782,0.6468860665468501,-0.013235027827178975,-0.0023363309177744096,0.24930049766647308,-1.4461817742320595,-3.9777339667178437,-0.7978627974317039,0.029174522024754304,0.0005528810630605737
0.47000000000000003,0.016921096430358426,1.4084184408771416,-1.0255030086898287,-0.5493251510763045,0.0018917961567312322,5.0896992666794306e-05,0.05003241903384275,0.11879751888714238,0.037441885353225055,0.013340445051269467,0.005853415556545242,0.00019109190323361448,-0.05398919086544854,4.040580521114228,1.0960790134489744,0.6406890173901232,-0.023641474807047813,-0.007360446679502308,0.2474406232623764,-1.2748763775801821,-3.920381177665068,-0.7785268327303299,0.028935814214208634,0.0005585807562238057
0.48,0.01741731553202071,1.409961193301812,-1.0250171031272473,-0.5491532936281991,0.0019497988850464977,5.281754090863931e-05,0.04962191016622845,0.15427524246702506,0.04859055625814794,0.017185744810545342,0.005800272831526543,0.0001920548241845003,-0.059110294543153974,4.01470888681371,1.0968926563305668,0.630525362795062,-0.03387393057505453,-0.0123312447389885,0.24536763915125567,-1.1171638287504346,-3.866230562292283,-0.7604346767223193,0.02866002166359712,0.0005622354404607756
0.49,0.01790901670438474,1.411854200906786,-1.0244207311633646,-0.5489434272313755,0.002007198153766443,5.474476271580003e-05,0.04917011723640293,0.18930076049740863,0.05963719638825195,0.020986639682361034,0.005739926871994566,0.00019272218071607239,-0.06429767619714313,3.96340560518987,1.0903372839495555,0.616443087246143,-0.043848375142677976,-0.017221352637684317,0.24307061778382605,-0.9741177197367796,-3.8156477573603,-0.7437082129125254,0.028346549629104854,0.0005637868342409165
0.5,0.01839577819650876,1.4140907057715475,-1.0237156463978359,-0.5486962436502539,0.0020639223634643642,5.667560839627516e-05,0.04867614921240187,0.2236504864761536,0.07050847655287028,0.02471835811215062,0.0056724209697921035,0.00019308456804751283,-0.0696287266483229,3.8868707619560996,1.0764051093538973,0.5985145574267676,-0.0534833354222255,-0.022004925731965608,0.2405363472142639,-0.8467037233102728,-3.7689778689718296,-0.7284603126449927,0.027994726862008275,0.0005631845988470665
0.51,0.018877164809935062,1.4166617474871033,-1.0229043280347117,-0.5484126791337154,0.0021199001587219766,5.860694114139459e-05,0.048138661342630416,0.25710417155557874,0.0811318363124298,0.028356451653853653,0.005597779525761232,0.00019313327451194273,-0.07517687904668041,3.7854772298647243,1.055144158008175,0.5768362087089809,-0.06270073119744685,-0.026658097636793332,0.2377494833107272,-0.7357727803192056,-3.7265427530415427,-0.714794003482465,0.027603822878928843,0.0005603868320154426
0.52,0.01935272363623584,1.419556211897796,-1.0219899677896773,-0.5480939094340116,0.0021750602594588285,6.053554462578314e-05,0.04755588263007794,0.28944644106927436,0.09143602450342629,0.0318769699703841,0.0055160100736851925,0.000192860348438855,-0.0810103980054121,3.659769457507983,1.0266583158961033,0.5515281072767628,-0.07142676464802566,-0.031159376032743102,0.23469274303983745,-0.6420554894329138,-3.6886384145828206,-0.7028017188687352,0.02717306780301523,0.0005553605027559295
0.53,0.019821980132662547,1.4227608949621826,-1.0209764514631314,-0.5477413431006927,0.0022293313169156567,6.245813124953104e-05,0.04692564964267081,0.32046830643865554,0.10135163265459267,0.0352566333318946,0.005427105745682818,0.0001922586623747891,-0.08719125518643547,3.5104608757542075,0.9911068366996925,0.5227333841741277,-0.07959285206477235,-0.03548997302081508,0.2313471400937838,-0.5661577499754258,-3.6555325584651577,-0.6925646368564868,0.02670167444574848,0.0005480818199415927
0.54,0.020284434596235044,1.4262605813570663,-1.019868335301528,-0.547356613089801,0.002282641797840675,6.437135098593834e-05,0.046245446357249594,0.3499686394883661,0.11081161616033723,0.038473001089166854,0.00533104809250181,0.00019132197364072945,-0.09377410344837576,3.338429895054927,0.9487032976953229,0.4906175376036508,-0.08713658584858991,-0.03963406130338121,0.22769226332265113,-0.5085576868790396,-3.627462324094164,-0.6841521145301899,0.026188862221074694,0.0005385365277118899
0.55,0.020739559093167687,1.430038137318875,-1.018670817320621,-0.5469415667438532,0.002334919899532646,6.627180078847885e-05,0.04551244969326438,0.3777555961808743,0.11975179809071752,0.04150463459477698,0.005227810169197095,0.00019004498025405224,-0.10080536194098447,3.1447144858596747,0.8997140032293538,0.4553675999559843,-0.09400270463899113,-0.04357894995497674,0.22370659740070117,-0.4696038646917655,-3.6046322355901554,-0.677621223495919,0.025633882412968437,0.0005267201214093286
0.56,0.02118679489651532,1.434074617088404,-1.0173897038144706,-0.5464982542132264,0.0023860934975013684,6.815603450159412e-05,0.04472358033476316,0.4036479769528835,0.1281113506150268,0.04433125306268296,0.0051173597968722645,0.00018842337131152656,-0.10832242458986714,2.9305053544179467,0.8444558440790785,0.41719116656361166,-0.10014404061744403,-0.047315176374659984,0.21936788391899129,-0.44951477556523756,-3.5872123974602905,-0.6730163904729298,0.025036044257766066,0.0005126379786760833
0.5700000000000001,0.021625550480179882,1.4383493822004465,-1.0160313713224813,-0.546028915404245,0.0024360901266433565,7.002057321190856e-05,0.043875558366456485,0.42747651120425084,0.1358332491989204,0.046933880898134044,0.004999662914198806,0.00018645387103144443,-0.11635300400929116,2.697137746987576,0.7832936305193772,0.3763152838925503,-0.10552240664996565,-0.0508365140508408,0.21465351970115562,-0.4483795648053541,-3.5753369634608276,-0.6703691456318592,0.024394741256935432,0.0004963054014777207
0.58,0.02205520011182356,1.4428402327409946,-1.0146027243724665,-0.5455359655532995,0.002484836996022482,7.186191596970222e-05,0.04296496316436795,0.4490850540548129,0.14286469500148125,0.04929498509454462,0.00487468693791257,0.0001841342757793661,-0.12491462182850668,2.446081936509805,0.7166369262600014,0.3329851959929915,-0.11010938267286119,-0.05413989889479956,0.20954098764467632,-0.4661599374477374,-3.569102903340363,-0.6696979799083382,0.023709477107255895,0.0004777475661869408
0.59,0.02247508308070577,1.4475235495834196,-1.013111149360012,-0.5450219795394805,0.002532261036612069,7.367655080515618e-05,0.041988296888220825,0.468331684242495,0.149157501245448,0.05139860138190433,0.004742404058958651,0.0001814634835453954,-0.13401425463322064,2.1789324667244228,0.6449364194044807,0.2874629494418528,-0.11388696093660022,-0.05722527992516922,0.20400831387115126,-0.5026931709522438,-3.568569088475164,-0.6710083111053295,0.022979890626007287,0.0004569993804298448
0.6,0.022884503588973953,1.4523744465132151,-1.0115644649624531,-0.5444896750602644,0.002578288980711231,7.546096596009392e-05,0.04094205082681849,0.4850896929795596,0.15466843975588243,0.053230447921616436,0.004602794409916216,0.0001784415154937733,-0.14364814222263186,1.8973962490225762,0.5686798749983506,0.2400258587414612,-0.11684801338890538,-0.060095402833914846,0.1980345435107392,-0.5576961429709621,-3.5737557131122983,-0.6742925572087601,0.022205779060312732,0.0004341052471365181
0.61,0.023282731326528288,1.4573669310602209,-1.009970869518925,-0.543941894805524,0.002622847471204004,7.72116612537033e-05,0.0398227737554334,0.49924845470056434,0.15935954435281816,0.054778025474028394,0.004455849049277301,0.00017506952936093782,-0.1538017617698219,1.6032796265919254,0.48838772137073516,0.19096483616433702,-0.11899655122237562,-0.06275553726940082,0.1916002261376458,-0.6307702696384934,-3.58464406310714,-0.6795303140039605,0.02138711920296001,0.00040911873809963326
0.62,0.023669002740347323,1.462474072779309,-1.0083388858355933,-0.5433815877743692,0.0026658631983898762,7.892515950001092e-05,0.038627141381903415,0.5107141719088276,0.16319836833316942,0.056030703115484554,0.004301572718587231,0.00017134982463076206,-0.16444996792412755,1.2984745381151992,0.40460832913560696,0.1405825923331605,-0.12034775577800794,-0.0652131603762358,0.18468790080309794,-0.7214072392829145,-3.6011766387846404,-0.686688632818621,0.02052408579152735,0.00038210218127080446
0.63,0.0240425229992633,1.4676681776566785,-1.006677303896833,-0.5428117898868788,0.0027072630617791765,8.059801789561923e-05,0.037352025891597605,0.5194104877369452,0.16615819387603106,0.05697978874903598,0.004139986338930048,0.00016728583956083238,-0.17555729512982754,0.9849439289673221,0.31791304725272335,0.08919171623479949,-0.12092777071239413,-0.06747761015164874,0.177282569859036,-0.828995419083908,-3.6232576329933477,-0.6957223930530654,0.019617066742048897,0.0003531261679464931
0.64,0.024402468644819795,1.472920967270241,-1.0049951219784166,-0.5422356040485377,0.0027469743540128547,8.222683929830426e-05,0.03599456455564954,0.5252789613562597,0.16821819184165937,0.05761858383412079,0.003971129223367825,0.0001628821402685026,-0.1870784146886862,0.6647065710709743,0.228891064763029,0.0371126459561415,-0.12077325665573735,-0.06955972246046915,0.16937215039405412,-0.9528268081295783,-3.650753759699776,-0.706574763110186,0.018666674860253193,0.00032226898783901546
0.65,0.024747990908276243,1.4782037612999592,-1.003301486667467,-0.5416561798290159,0.002784924963926841,8.380828332038666e-05,0.034552226345644844,0.5282794029718307,0.1693635310949643,0.057942421952175326,0.0037950609913986323,0.00015814440220824095,-0.19895873558877938,0.33982146291637605,0.1381441696207314,-0.015328456036191707,-0.11993072056162146,-0.07147146511164301,0.1609478921562689,-1.0921044095537096,-3.6834954227415424,-0.7191777424224908,0.017673755779027342,0.00028961600171653406
0.66,0.025078219663312678,1.4834876619678823,-1.0016056322959124,-0.5410766929187806,0.0028210435957272597,8.53390771652005e-05,0.03302287550364347,0.5283900667922976,0.1695854371554623,0.05794869102353038,0.0036118631800418598,0.0001530793844813839,-0.21113513504633466,0.012371988387401457,0.046281477328073674,-0.06780190676964323,-0.11845564175267864,-0.07322558131579696,0.15200475133413127,-1.2459498968711795,-3.721278208780252,-0.7334527765068453,0.01663939198574772,0.00025525896275362017
0.67,0.02539226797381096,1.4887437389882325,-0.9999168202894817,-0.5405003245268601,0.002855260001263544,8.68160261403569e-05,0.03140483104982792,0.5256077020350269,0.16888120064306258,0.05763683919204616,0.003421640553628426,0.0001476948975156398,-0.223536802204185,-0.31554998329697004,-0.04608579820036746,-0.11997676721497375,-0.11641142464581666,-0.07483525322429843,0.14254171049650008,-1.4134114550674899,-3.7638646832286,-0.7493114363701301,0.01556490292235447,0.00021929529889213255
0.68,0.025689237186515862,1.4939432136250523,-0.9982442789230977,-0.5399302408809247,0.002887505222470314,8.823602378770297e-05,0.029696921270490288,0.5199474636819866,0.1672541366383958,0.057008364593551124,0.0032245221206770153,0.00014199976473460574,-0.23608617658869532,-0.6418598741904582,-0.13834946098074033,-0.17152314671894597,-0.11386821387265811,-0.07631379424629425,0.13256203632090413,-1.5934716851430863,-3.810986463123451,-0.7666561531496644,0.01445184125904493,0.00018182736931266716
0.6900000000000001,0.02596822250965978,1.4990576404881197,-0.996597143956162,-0.5393695729867447,0.002917711841183817,8.959606157677643e-05,0.027898532314391725,0.5114426863067388,0.16471349669358426,0.05606678941799873,0.0030206618713502953,0.0001360037789073471,-0.24869996178457998,-0.9644958721175441,-0.22990926935026534,-0.2221145252093697,-0.11090161080329541,-0.07767437661208076,0.12207346840187623,-1.7850554712885263,-3.862346536717003,-0.7853809986057531,0.01330198555369911,0.00014296170851647275
0.7000000000000001,0.02622831901098417,1.504059085746266,-0.9949844005981513,-0.5388213967981529,0.002945814233713151,9.089323811602494e-05,0.02600965013243881,0.5001445258146155,0.16127433580106784,0.054817618859179636,0.0028102392529334042,0.0001297176539248504,-0.26129019433567047,-1.2814339317393053,-0.3201776301216236,-0.2714300697574332,-0.10759133136312182,-0.07892979836009223,0.11108833434679949,-1.9870377222349114,-3.917621796082725,-0.80537250199176,0.012117329608433333,0.00010280827149108045
0.71,0.026468627962182866,1.50892030049972,-0.9934148272267296,-0.5382887139409943,0.002971748827749398,9.21247678439641e-05,0.024030895119869913,0.48612147534541766,0.15695733714217663,0.05326828571585795,0.002593459403624669,0.00012315297279391618,-0.27376534807489905,-1.590702141697543,-0.40858399443552706,-0.31915692138940255,-0.10401984371989004,-0.08009229171168952,0.099623588437458,-2.198250912103999,-3.9764657463776345,-0.8265104939073276,0.010900068917471199,6.147969297467886e-05
0.72,0.026688263451751276,1.5136148881282476,-0.9918969412479002,-0.5377744331253871,0.002995454359417042,9.32879891706577e-05,0.02196354895684104,0.46945876285275506,0.15178859788293603,0.05142808156072468,0.0023705531667644318,0.00011632213266936025,-0.2860314548580625,-1.8903943114055546,-0.49457890664681475,-0.3649924278757011,-0.10027102126043519,-0.08117337278883818,0.08770077325676223,-2.4174923607703005,-4.038511353636383,-0.8486689679869728,0.009652584663257444,1.9090572959546163e-05
0.73,0.026886359184623464,1.518117464517971,-0.9904389474513663,-0.5372813523701327,0.003016872128502565,9.438037204827632e-05,0.019809573287218895,0.4502576389723315,0.14579937965338405,0.049308075525439206,0.002141776908552279,0.00010923828776186139,-0.2979932239365916,-2.178682647953854,-0.5776376659518799,-0.4086462986256354,-0.09642884171133548,-0.08218373090432407,0.07534590574777093,-2.643531208836179,-4.103373992132148,-0.8717169516794523,0.008377425758044153,-2.4243200681075454e-05
0.74,0.02706207538483623,1.5224038101650077,-0.9890486891750474,-0.5368121421515456,0.0030359462501267443,9.539952495788097e-05,0.017571620021276484,0.42863456470368866,0.13902582763188367,0.04692102185871356,0.00190741216241796,0.0001019152909604652,-0.3095551438594744,-2.4538294128703213,-0.6572635695893683,-0.4498426587390796,-0.09257615775622274,-0.0831331542783712,0.0625892910901153,-2.8751150573211746,-4.170654452429452,-0.8955193779197359,0.007077289445014659,-6.840508314256543e-05
0.75,0.027214605716744607,1.5264510132564297,-0.9877336025515139,-0.5363693295765657,0.003052623901352879,9.634320130783466e-05,0.0152530331908376,0.4047203091421987,0.13150866235334754,0.044281257497994095,0.0016677651226134904,9.436763499536898e-05,-0.3206225527472214,-2.714197469560548,-0.7329907160512343,-0.48832198072268085,-0.08879355852435333,-0.0840304880109124,0.049465269465819264,-3.110976256622516,-4.239941972246572,-0.9199379501683789,0.005755000966720238,-0.00011327844975974612
0.76,0.02734318414095179,1.5302376029364522,-0.9865006740668312,-0.5359552836670392,0.003066855561436578,9.720930524720416e-05,0.012857842420718506,0.3786589680022506,0.12329284846827272,0.04140459095265787,0.0014231660083698933,8.661039393695085e-05,-0.3311026649362326,-2.9582596545469357,-0.8043863565594074,-0.5238428743112493,-0.0851583352906482,-0.08488361948782663,0.036011902180628254,-3.3498378428079105,-4.310817254081394,-0.9448319940726243,0.00441349278085753,-0.00015874711377088214
0.77,0.027447091622994226,1.5337436720761166,-0.9853564016198425,-0.5355722018287651,0.00307859524461845,9.799589690501614e-05,0.010390748204243473,0.3506069139664391,0.11442724469887053,0.03830818382740175,0.001173968318187182,7.865916578119828e-05,-0.3409055442598517,-3.1846069284798655,-0.8710527928207176,-0.5561837171550348,-0.08174355898874675,-0.08569948606323208,0.02227060466942853,-3.5904191315076854,-4.382855436148084,-0.9700592898673045,0.003055783757049397,-0.00020469578147194712
0.78,0.027525662615796028,1.536950988975946,-0.9843067592281155,-0.5352220975655746,0.0030878007245341093,9.870119707310949e-05,0.007857099280180194,0.3207316899829398,0.10496423917270306,0.03501042631905037,0.0009205479915659392,7.053001680933394e-05,-0.34994501652724863,-3.3919552856550568,-0.9326288284914445,-0.5851441117943956,-0.078617271972651,-0.08648409981790028,0.008285734630240684,-3.8314409903013185,-4.455628986412479,-0.9954768805569956,0.001684958727097407,-0.0002510104435956181
0.79,0.027578291240812024,1.5398430975411825,-0.9833571654864275,-0.5349067894855796,0.0030944337494621314,9.932359135642131e-05,0.005262862501599514,0.2892108565236568,0.09495937416879628,0.03153080799950027,0.0006633024928022165,6.223942833118137e-05,-0.3581395160031714,-3.5791514228003045,-0.9887907906036169,-0.6105461572386641,-0.07584179206393182,-0.08724258437560595,-0.005895856091385026,-4.071630819335547,-4.5287104932731275,-1.0209418518780438,0.00030414868960145023,-0.00029757870381662776
0.8,0.027604437097440423,1.5424054055764218,-0.9825124558454881,-0.5346278916340417,0.003098460247746238,9.986163381970368e-05,0.002614585662839775,0.25623080352392397,0.0844709640939434,0.027889785153790335,0.00040264982841066194,5.380424632823764e-05,-0.3654128628057175,-3.7451771885931198,-1.0392531451965654,-0.6322355265136661,-0.07347312341224033,-0.08797921912371776,-0.020225297178713065,-4.309727276831816,-4.601675330571708,-1.0463120810036688,-0.0010834881073086605,-0.0003442900472067704
0.81,0.02760363063552896,1.5446252609491207,-0.9817768587432137,-0.5343868051752634,0.003099850522809977,0.00010031405016375544,-8.064619114615855e-05,0.22198553726988124,0.07355971022742844,0.02410864587783098,0.00013902750637391,4.524163440517563e-05,-0.3716949700565628,-3.889152854202561,-1.0837687383592975,-0.6500823446065258,-0.0715604661277538,-0.0886974866615331,-0.03465219459100099,-4.54448479107233,-4.674104178983316,-1.071446951900983,-0.002474784059279229,-0.0003910360531741071
0.8200000000000001,0.02757547803145462,1.5464920154681734,-0.9811539755887969,-0.5341847114346826,0.0030985794372280443,0.0001006797404671484,-0.002815260407433913,0.18667545190526474,0.06228831544168708,0.020209374058082267,-0.00012710855819329786,3.656903033929702e-05,-0.3769224812753366,-4.010339261656754,-1.1221286996425608,-0.6639818643085214,-0.07014581501528827,-0.08940011985061347,-0.04912513630117627,-4.774677903392973,-4.745585390286324,-1.0962080361502755,-0.0038665790033027133,-0.00043771055886963125
0.8300000000000001,0.027519665514175957,1.5479970764133857,-0.9806467645714317,-0.5340225663020939,0.0030946265853265638,0.00010095778153103419,-0.0055812517278664075,0.1505060945212221,0.0507211017365169,0.016214513258873284,-0.00039528519014803707,2.7804106388578482e-05,-0.3810393398511248,-4.108138920666934,-1.154162049250115,-0.67385494031954,-0.06926363700337368,-0.0900891454238888,-0.06359220150290022,-4.9991054877110335,-4.815717185401177,-1.1204597388707618,-0.0052557359140048224,-0.0004842097801927281
0.84,0.027435963093711598,1.549133945733373,-0.9802575282411518,-0.5339010959877368,0.0030879764537544586,0.00010114742886486554,-0.00837024204643582,0.11368693199873126,0.03892363302799688,0.012147031435700983,-0.0006650131572105086,1.8964733383135298e-05,-0.38399729340202743,-4.182096135431571,-1.1797350534589262,-0.6796483047060224,-0.06894061694398368,-0.0907659216869543,-0.07800146641357435,-5.216594891275239,-4.884109681285769,-1.144069910142118,-0.00663915554818968,-0.0005304323983506005
0.85,0.027324227650590796,1.5498982470025926,-0.9799879047889207,-0.5338207941149512,0.0030786185693999755,0.00010124811834971603,-0.011173544312080154,0.07643012692195278,0.026962345223097782,0.008030187278566268,-0.0009357884354482923,1.0068948485049057e-05,-0.38575633641169627,-4.231896250761062,-1.1987503743518162,-0.6813346491895906,-0.06919546226002882,-0.09143116840159726,-0.09230150047932315,-5.426006038783909,-4.9503867456661625,-1.1669104229495668,-0.008013790128733187,-0.0005762796204169096
0.86,0.02718440535088705,1.5502877402926019,-0.9798388629369242,-0.5337819201262316,0.003066547633922366,0.00010125946761332418,-0.013982229970374705,0.03894932900091513,0.014904185199653095,0.0038873988719623446,-0.001207093547760942,1.1349263608146524e-06,-0.38628509468574085,-4.257364111570609,-1.2111460601677226,-0.6789125218413599,-0.07003875833082662,-0.09208498745959104,-0.10644184745117616,-5.626235537940493,-5.0141876820670275,-1.1888577191975298,-0.009376656185497448,-0.0006216552224946727
0.87,0.027016533357453843,1.5503023251682098,-0.9798107003378153,-0.5337844989738195,0.0030517636440319964,0.0001011812771470479,-0.016787199343320607,0.001458487560798534,0.002816259910892835,-0.0002578847587924125,-0.0014783989890369625,-7.819046627627372e-06,-0.38556115489175413,-4.258461831458923,-1.216894421458159,-0.6724060474737925,-0.0714728684124799,-0.09272687343669972,-0.12037348641187433,-5.816220819091499,-5.07516875060969,-1.209793325722444,-0.01072484668211899,-0.0006664655839329378
0.88,0.026820740813936542,1.5499440320661928,-0.9799030453732639,-0.5338283220614011,0.0030342719964878482,0.00010101353118965157,-0.019579254351730135,-0.03582931020168814,-0.009234503544860889,-0.004382308758156657,-0.0017491647544148204,-1.6774595739633378e-05,-0.3835713417424323,-4.235285964893161,-1.2160008358779169,-0.6618644823634678,-0.07349187417306347,-0.09335571355900196,-0.13404926836635137,-5.994944335018903,-5.133004532512071,-1.2296043424827252,-0.012055542553817643,-0.0007106197206005774
0.89,0.02659724908407267,1.549217002353155,-0.9801148622372209,-0.533912949399972,0.0030140835765963044,0.0001007563983963536,-0.022349172986387267,-0.0727029713037655,-0.02118168639569685,-0.008462733857097273,-0.002018841989154378,-2.5713279329797668e-05,-0.38031194427821347,-4.188064173705874,-1.2085025209693754,-0.6473616148861652,-0.07608155545936923,-0.09396977703346665,-0.14742432445591097,-6.161437839442453,-5.187389148121593,-1.2481839052107706,-0.013366023764158515,-0.0007540293245160026
0.9,0.02634637123477786,1.5481274573906043,-0.9804444591874423,-0.5340377129383853,0.0029912148287980023,0.00010041023230396785,-0.025087784929480977,-0.10895449625507125,-0.032959695022141126,-0.01247635384132319,-0.002286874779830202,-3.461660923857482e-05,-0.37578889125076753,-4.1171514725003,-1.1944673098668783,-0.6289950242502975,-0.07921941058342163,-0.09456669409346663,-0.16045644221930902,-6.314786754532701,-5.238037339628119,-1.265431624780144,-0.01465367996009272,-0.0007966088162070792
0.91,0.026068510757631138,1.5466836569602123,-0.9808894998495556,-0.5342017210273913,0.0029656878077309054,9.997557159443906e-05,-0.027786047714672104,-0.14438004303920854,-0.04450406621134012,-0.01640080890059621,-0.002552702106709698,-4.34660709528791e-05,-0.3700178738688394,-4.0230261295257,-1.1739924596565845,-0.6068852097136812,-0.08287472109648575,-0.09514342551682231,-0.17310640661744398,-6.454134628945644,-5.284685430348929,-1.2812540053763657,-0.01591602076728993,-0.0008382754150732709
0.92,0.02576415952971825,1.5448958474214987,-0.9814470174607721,-0.534403863974984,0.0029375302079698634,9.945314014980222e-05,-0.030435122791288727,-0.17878095387135712,-0.05575176112165245,-0.020214294759265207,-0.0028157599761042132,-5.224314446368445e-05,-0.36302441223143156,-3.9062852900302145,-1.147203516318332,-0.5811746026579812,-0.08700866758071935,-0.09569622378348941,-0.1853383027851143,-6.578687678762437,-5.327092172677967,-1.2955648432713465,-0.0171506857248435,-0.0008789492317870745
0.93,0.0254338950214658,1.5427761999888636,-0.9821134319447085,-0.5346428206504227,0.0029067753704795853,9.884384688182315e-05,-0.033026450825245066,-0.2119647432635079,-0.06664144839363004,-0.023895667543870628,-0.0030754837490278106,-6.0929326797906484e-05,-0.35484385974831245,-3.767640378451484,-1.114253254002328,-0.5520264734957081,-0.09157450529997124,-0.09622058748017404,-0.19711977770212905,-6.687719394444063,-5.365039496490073,-1.3082856076020282,-0.018355453813169414,-0.0009185533854502462
0.9400000000000001,0.0250783767661946,1.54033873952608,-0.9828845697141154,-0.534917066094262,0.0028734622636941228,9.814878530957114e-05,-0.0355518255271199,-0.24374604627837548,-0.0771137769406933,-0.027424544383935226,-0.003331310678546264,-6.950615722520033e-05,-0.34552133786099903,-3.607912324484753,-1.0753206999873492,-0.519623744897542,-0.09651781047242758,-0.0967112110279984,-0.20842225821834906,-6.780575187675993,-5.39833316904225,-1.319345804058615,-0.019528252484641243,-0.000957014146858274
0.9500000000000001,0.024698342113711323,1.5375992642651546,-0.9837556861040543,-0.5352248800919293,0.0028376354370673834,9.73692328482396e-05,-0.03800346524832776,-0.2739475260925373,-0.0871116389938859,-0.03078139976671756,-0.0035826826626739194,-7.795524613315332e-05,-0.3351115915699545,-3.4280266464926243,-1.0306102502602197,-0.48416772209460923,-0.10177680931926014,-0.09716193230433767,-0.21922112315358097,-6.856677042960956,-5.426803376282115,-1.3286833218145766,-0.020667166066343286,-0.0009942611078690776
0.96,0.024294601298385968,1.5345752568639408,-0.9847214903436708,-0.535564356668691,0.002799344944941758,9.650664976300034e-05,-0.04037408153253558,-0.30240074012137996,-0.09658042396165926,-0.033947657676170834,-0.0038290492125625138,-8.625830852392612e-05,-0.32367875479901514,-3.2290084142736264,-0.9803508743910906,-0.4458767502445369,-0.10728280275760427,-0.09756568125657294,-0.22949582755028178,-6.915528130192339,-5.450305234029166,-1.33624476339896,-0.021770443371080042,-0.0010302273755619577
0.97,0.023868031860830224,1.531285787224054,-0.9857761729796792,-0.535933414464105,0.0027586462386709437,9.556267773291443e-05,-0.04265694375557445,-0.32894696398868456,-0.10546826360083697,-0.03690577954140256,-0.004069870627081439,-9.439720300858993e-05,-0.31129601364366655,-3.0119771022462785,-0.9247954024415688,-0.4049848079854339,-0.11296069950615228,-0.09791443312842107,-0.23922997760462356,-6.956717326375848,-5.468719235810841,-1.3419857565423372,-0.022836504328752047,-0.0010648497886502181
0.98,0.023419572471448408,1.527751407498448,-0.9869134356685104,-0.5363298079441232,0.0027156000251223724,9.453913796230817e-05,-0.044845938938181756,-0.3534379725605967,-0.11372626888311882,-0.03963934800181631,-0.00430462135485715,-0.00010235397706062529,-0.2980451552111172,-2.778141333942533,-0.8642198811447463,-0.3617400455070445,-0.11872966933093698,-0.09819917043459803,-0.24841135535050254,-6.979923587327967,-5.481951642287061,-1.3458712463427132,-0.023863945437076883,-0.0010980691525114081
0.99,0.022950216213670008,1.5239940397272673,-0.9881265232563925,-0.5367511394087868,0.002670272089985758,9.343802877094888e-05,-0.046935625777840155,-0.3757367771180536,-0.12130875878820692,-0.04213314646635812,-0.0045327935136614365,-0.00011011091913593017,-0.28401599021170126,-2.5287935096057472,-0.7989229816923746,-0.3164032746798533,-0.12450392607381011,-0.09840985827311233,-0.2570318928221218,-6.984920103726991,-5.489934815256427,-1.3478757654189206,-0.024851543829367388,-0.0011298304882534757
1.0,0.0224610033944194,1.5200368565520057,-0.9894082580670547,-0.5371948717528341,0.0026227330847351455,9.226152259021225e-05,-0.048921281925060824,-0.39571831752615994,-0.12817348106621967,-0.04437323440473155,-0.004753900525061247,-0.0001176506180736631,-0.26930563882394115,-2.2653043008752864,-0.7292254372311368,-0.2692464181265386,-0.13019364691526514,-0.0985354379241532,-0.26508759616337985,-6.971578170483115,-5.492627497273475,-1.3479836790684787,-0.025798259767876974,-0.0011600832904678786
1.01,0.02195301395909874,1.5159041554721295,-0.9907510763150106,-0.5376583419354451,0.0025730582766359264,9.10119622905914e-05,-0.050798943532066106,-0.41327010798760716,-0.1342818247955913,-0.04634701826110242,-0.0049674808099219115,-0.00012495602996208608,-0.25401767171709877,-1.9891169901782497,-0.6554694847120058,-0.2205509235526577,-0.13570603001527148,-0.09856384389223216,-0.2725784209655717,-6.939870694177401,-5.490015035982765,-1.346189401845847,-0.026703237393515825,-0.0011887817877495458
1.02,0.021427359597759026,1.5116212271255782,-0.9921470665582678,-0.5381387751137242,0.0025213272618534273,8.969185676668698e-05,-0.052565436133971216,-0.42829283465513984,-0.13959902432571833,-0.04804331782790628,-0.0051731014782499295,-0.00013201055239044117,-0.23826110151504884,-1.701741627659468,-0.5780182830949944,-0.17060614928226148,-0.14094648730958115,-0.09848204955742024,-0.2795081009687207,-6.889875260437499,-5.482109550448528,-1.3424975814458746,-0.027565803595231142,-0.001215885199698567
1.03,0.020885175637865128,1.507214218095168,-0.993588010097709,-0.5386332993923355,0.0024676236424972164,8.830387570951147e-05,-0.054218395989389837,-0.44070090304101833,-0.14409435394412543,-0.04945242786112858,-0.00537036193562107,-0.00013879810571755145,-0.2221492244037272,-1.4047489753410711,-0.4972552781524485,-0.11970772667117036,-0.14581996295863053,-0.09827614634175919,-0.2858839331191103,-6.821776681701209,-5.468950035077484,-1.336923245334787,-0.02838546490309565,-0.0012413579839615297
1.04,0.020327612826738495,1.5027099887670146,-0.9950654232212489,-0.5391389611389473,0.002412034669309407,8.685084350271705e-05,-0.05575628111266306,-0.45042293281534285,-0.1477413123539885,-0.05056617466118208,-0.005558897318780964,-0.00014530322067944206,-0.20579831693088424,-1.0997642067385855,-0.4135834832467522,-0.06815590499487811,-0.15023236098694515,-0.0979314607425914,-0.29171652279505567,-6.735868945981528,-5.450602395237884,-1.3294919052343863,-0.029161902355731347,-0.0012651700669154766
1.05,0.0197558291129832,1.4981359667945566,-0.9965706011792241,-0.5396527408118225,0.0023546508526526315,8.533573218929374e-05,-0.057178371375529245,-0.45740219724579745,-0.1505177957975258,-0.051377967287516875,-0.0057383816656775355,-0.00015151113134233133,-0.1893261991526626,-0.7884603303659837,-0.3274246454931144,-0.016253884472091418,-0.1540920583466222,-0.09743271267007031,-0.2970194937526757,-6.632556489085515,-5.427159407402684,-1.3202396143489763,-0.029894964342372456,-0.0012872970518306734
1.06,0.019170981540567206,1.4935199967524146,-0.998094663763444,-0.540171569242048,0.0022955655454433956,8.376165346831909e-05,-0.0584847572415997,-0.46159700421419864,-0.1524062584219923,-0.05188284302254959,-0.005908530720923602,-0.0001574078720974652,-0.1728506818962315,-0.4725513073921752,-0.23921826765694698,0.03569385674341907,-0.15731147241704324,-0.09676421725748816,-0.3018091679641419,-6.512354716324704,-5.398740595613189,-1.3092129721410901,-0.0305846574698057,-0.001307720398749333
1.07,0.01857421837137281,1.4888901865977666,-0.999628602346098,-0.5406923443085827,0.0022348745026717766,8.213184969726742e-05,-0.05967631691943955,-0.46298101546480275,-0.15339385826539237,-0.05207750665347091,-0.006069104277161915,-0.00016298037710516685,-0.15648792270377612,-0.1537848370887412,-0.1494204579387159,0.08738323546766613,-0.15980864531568162,-0.09591013067844245,-0.3061042209894046,-6.375889705130671,-5.365492015288382,-1.296469071520688,-0.031231135551911118,-0.0013264275708602712
1.08,0.017966671551637267,1.484274751592674,-1.0011633282165553,-0.5412119479395915,0.002172675423106224,8.044968389383595e-05,-0.06075468197355451,-0.46154350050926946,-0.15347258704574102,-0.051960363100874235,-0.0062199079565552545,-0.0001682165803431476,-0.14035072160726506,0.16606521146761163,-0.05850258243944971,0.13851222979842137,-0.16150880189197447,-0.09485473854994414,-0.30992531881452406,-6.223897027165425,-5.327585934903958,-1.282075383519324,-0.031834686862210124,-0.0013434121428049948
1.09,0.017349449634551234,1.479701856378215,-1.002689722034329,-0.541727263368518,0.002109067479656177,7.871862875169382e-05,-0.06172219170860346,-0.4572895214459066,-0.15263938177737452,-0.051531542892650106,-0.006360794345004703,-0.00017310551421421302,-0.124546793816159,0.4852067368340381,0.03305030147878806,0.18878253194750116,-0.16234583446654027,-0.09358278328594549,-0.3132947421922009,-6.05721963746476,-5.285220405837103,-1.2661095748785036,-0.03239571982590012,-0.0013586738670882076
1.1,0.01672363126525401,1.4751994559296413,-1.0041986841954926,-0.5422351925681348,0.0020441508456079628,7.694225470633602e-05,-0.0625818369297224,-0.45024004485737046,-0.1508962161163592,-0.05079291996167881,-0.0064916634048213856,-0.00017763740453577984,-0.10917706122704114,0.8018377198640914,0.1247412485903366,0.23790118031191643,-0.16226366577114754,-0.09207982440515243,-0.31623600443186567,-5.876804788806149,-5.238618710716484,-1.248659254489351,-0.032914747356204,-0.001372218695555343
1.11,0.016090259325572998,1.470795136160233,-1.0056811858880892,-0.5427326737805123,0.0019780262245152965,7.512421710953747e-05,-0.06333719396810121,-0.44043197694082964,-0.1482501692596466,-0.04974812123774443,-0.0066124621092666395,-0.00018180375967985455,-0.09433400794997632,1.114154915352857,0.21606347883857308,0.28558216315918994,-0.1612174425501151,-0.09033262341144455,-0.31877346831879144,-5.683699941739176,-5.188028680925648,-1.2298216452743134,-0.03339237006014083,-0.0013840587537144143
1.12,0.015450335824253491,1.466515954979178,-1.0071283205900246,-0.5432166990555997,0.0019107943918737881,7.326824259288174e-05,-0.06399235013195081,-0.4279181181055061,-0.14471347019352773,-0.04840252750874324,-0.006723183264150833,-0.00018559745166557218,-0.0801001464182797,1.4203629112672056,0.30650268756736787,0.33154798601431157,-0.15917451614936556,-0.08832954261909484,-0.3209319674163765,-5.4790476544006665,-5.133721874472956,-1.2097031788927481,-0.03382925855146511,-0.0013942122664965019
1.1300000000000001,0.014804817604406998,1.4623882846446732,-1.0085313557411195,-0.5436843317060429,0.001842555756806285,7.13781147215782e-05,-0.06455182198464929,-0.4127670334504726,-0.14030351510948727,-0.046763265044323175,-0.006823863506750308,-0.00018901278713035318,-0.06654663983704025,1.7186835363578823,0.39553961474719196,0.37553119467995,-0.15611517317234413,-0.08606094535633001,-0.3227364364543412,-5.264079451157409,-5.07599260625111,-1.1884190115691846,-0.034226135114635764,-0.0014027034348512916
1.1400000000000001,0.014154612923896748,1.458437656286526,-1.00988178429994,-0.5441327235811125,0.0017734099518103212,6.945765905840228e-05,-0.06502046805102504,-0.3950628358147196,-0.13504285588204046,-0.044839187506956736,-0.006914580499596385,-0.00019204556631759236,-0.053732123601976996,2.007365586690566,0.4826528688934191,0.4172758457793728,-0.15203308871096338,-0.08351958350676719,-0.3242115548659346,-5.040108685033527,-5.01515682375242,-1.1660924603705363,-0.03458375496491508,-0.001409562263349758
1.1500000000000001,0.013500578946913562,1.4546886075017864,-1.0111713758762877,-0.5445591320583245,0.0017034554581611577,6.751072777329837e-05,-0.0654033976983186,-0.37490487847395304,-0.12895915763476742,-0.042640847721203017,-0.006995449364916356,-0.00019469312851039087,-0.04170176292574964,2.284694831118966,0.5673219950575624,0.45653891682658454,-0.1469354862711392,-0.08070095749761697,-0.32538140685066747,-4.808522425502308,-4.951550822569238,-1.1428543603781134,-0.03490288734800678,-0.0014148243397089297
1.16,0.012843520166690768,1.4511645339513413,-1.0123922271123642,-0.5449609366476381,0.0016327892738288363,6.554118394631986e-05,-0.06570587802227944,-0.3524073550445189,-0.12208512360764057,-0.04018045893136021,-0.007066618433232128,-0.00019695438269785122,-0.0304865764655547,2.549004245155568,0.6490307698661972,0.4930916480957581,-0.14084300158076285,-0.07760363371307893,-0.3262691606472091,-4.570772420233697,-4.885529797480811,-1.118842344390585,-0.035184296720025175,-0.001418530567861575
1.17,0.012184187760822734,1.447887545903917,-1.0135368109701626,-0.5453356551001419,0.0015615066297750917,6.355288571967866e-05,-0.06593324058680333,-0.32769880474240665,-0.11445838577983627,-0.037471845250380366,-0.007128264405374453,-0.0001988298226641204,-0.020103046653730472,2.79868441228186,0.7272707002159917,0.5267208089827253,-0.1337892610514978,-0.07422950497442954,-0.3268967690430864,-4.328365196438041,-4.817466226595889,-1.094200048031188,-0.03542872424681632,-0.0014207268568665976
1.18,0.011523279862648221,1.4448783306856112,-1.0145980245701158,-0.5456809589110226,0.001489700759279623,6.154967045849762e-05,-0.06609078981745135,-0.3009215218305806,-0.10612135999532542,-0.03453038108807301,-0.007180587049546869,-0.0002003215261181041,-0.010553027242826115,3.032194021681279,0.8015446960466717,0.5572298821113773,-0.1258201987067467,-0.07058398117849812,-0.3272846925581111,-4.082851384160391,-4.7477480878734895,-1.0690762443906925,-0.035636869862048684,-0.001421463768594438
1.19,0.010861442715254355,1.442156021996961,-1.0155692352169194,-0.5459946881054556,0.0014174627235511458,5.9535339079401816e-05,-0.06618371473938656,-0.27223086886503794,-0.09712106468036731,-0.03137291944329269,-0.007223803572847718,-0.00020143313790957964,-0.0018239479445333593,3.2480703818801575,0.8713708817344985,0.5844401591110433,-0.11699314680436929,-0.0666760993712946,-0.3274516462449355,-3.8358143598698984,-4.676776909371025,-1.0436239135897147,-0.03580937512672284,-0.0014207961277246412
1.2,0.010199272659384436,1.4397380770548496,-1.0164443242432009,-0.5462748651959732,0.0013448812953623975,5.751364070158795e-05,-0.06621700558699187,-0.24179449421113092,-0.08750890262813116,-0.028017709051762964,-0.007258142818874829,-0.00020216983778138637,0.006110694328976639,3.444939861039532,0.9362865052217959,0.60819174275567,-0.1073757441841218,-0.06251854533199191,-0.32741437067324153,-3.5888583235623703,-4.604965656756709,-1.0179992538619305,-0.0359468071387334,-0.0014187825981554422
1.21,0.009537318893311887,1.4376401625024793,-1.0172177283007071,-0.5465197082009435,0.001272042900871601,5.548825776692673e-05,-0.06619537660725489,-0.20979145523703446,-0.07734040575062247,-0.024484300497025158,-0.007283839449079656,-0.00020253829346612203,0.013290577542986435,3.621528156851668,0.9958518991412588,0.628344450969669,-0.09704471177714762,-0.058127581997332256,-0.3271874274163273,-3.3435959359631693,-4.532736463958311,-0.9923606419157014,-0.036049643748996135,-0.001415485230438971
1.22,0.008876086931854257,1.4358760500065872,-1.0178844777322615,-0.5467276426160946,0.0011990316182199112,5.346279176460855e-05,-0.06612319614576304,-0.17641124958919485,-0.06667494315544115,-0.02079344151511098,-0.007301128265168974,-0.00020254660023181795,0.019767557760997007,3.77667029234106,1.04965444404474,0.6447786190125644,-0.08608454625774781,-0.053522883567751645,-0.32678301924492253,-3.1016356539113934,-4.460518215285663,-0.9668675513982501,-0.03611826034888443,-0.0014109689853070307
1.23,0.008216042683276867,1.4344575224265692,-1.0184402316661352,-0.546897312234616,0.001125929229987744,5.1440749682582176e-05,-0.06600442485773898,-0.1418527580017991,-0.05557539338735519,-0.016966961852141308,-0.007310238823216702,-0.00020220420820263747,0.025604467268890103,3.909320228531502,1.0973124805022876,0.6573957969501052,-0.07458618039095992,-0.04872727770945118,-0.32621083524998734,-2.86456891128037,-4.388743989938833,-0.9416794392380272,-0.03615291850020519,-0.0014053012387240304
1.24,0.007557617056860625,1.4333942913948308,-1.0188813094878768,-0.5470275887162785,0.00105281532521025,4.942553129336113e-05,-0.0658425626416242,-0.10632310317384235,-0.044107782174166686,-0.013027648166252298,-0.007311390477749421,-0.00020152183892210452,0.030873745094559656,4.018559981080806,1.1384791144110717,0.6661193402184828,-0.0626456525497238,-0.04376640170290469,-0.3254779212539548,-2.633957299539403,-4.317848382471224,-0.9169546104536166,-0.0361537566812932,-0.0013985512741756503
1.25,0.006901211010235744,1.4326939270913623,-1.0192047183631183,-0.5471175798122686,0.0009797674454431876,4.742041736647663e-05,-0.06564060466248808,-0.07003643034685242,-0.03234088752415002,-0.008999109599007403,-0.0073047879767062195,-0.0002005113926884502,0.03565593891307654,4.1036081257574155,1.1728458584267676,0.6708948916793247,-0.0503628188162531,-0.0386682815216951,-0.32458857611138325,-2.4113199060313955,-4.248264715483685,-0.8928490726706199,-0.036120783418522324,-0.00139078976805376
1.26,0.006247200943958577,1.4323618009282009,-1.019408176508411,-0.547166636160015,0.0009068612683744359,4.542855888466507e-05,-0.06540100662771667,-0.033212616316142134,-0.020345814529266443,-0.004905634774642314,-0.007290617706875172,-0.0001991858481811561,0.04003811677188514,4.163827577170858,1.2001460520618608,0.6716907540288286,-0.03784013005363632,-0.03346284553021417,-0.32354427482205955,-2.1981209690346093,-4.1804221635420244,-0.869515392064123,-0.03605387305934772,-0.0013820882740117149
1.27,0.005595944350903546,1.4324010417813013,-1.0194901319356595,-0.5471743565711744,0.0008341708217210169,4.3452967326402305e-05,-0.06512565930550303,0.00392408531005406,-0.008195542724841843,-0.0007720411159362443,-0.007269044665341891,-0.00019755915582627632,0.044112224816658246,4.198732526589395,1.2201580037510515,0.668498151686677,-0.025181484536700327,-0.028181386676079057,-0.32234361975281944,-1.9957580065667415,-4.114742809987459,-0.8471015627302091,-0.03595276441902259,-0.0013725187120255467
1.28,0.004947785629488681,1.432812506318756,-1.019449776428987,-0.5471405917460838,0.0007617687196522744,4.149650606409523e-05,-0.06481587214148646,0.041146453745468,0.004035550667266593,0.0033764825090659006,-0.007240210206874246,-0.00019564612623070783,0.04797342372578645,4.207994428072795,1.2327078000636673,0.6613313814410962,-0.012491155454645186,-0.022855988677918715,-0.32098232165387963,-1.8055505706233168,-4.051638660891306,-0.8257499015765619,-0.03581706249711948,-0.0013621528675987413
1.29,0.004303061972181628,1.4335947638758615,-1.0192870545506019,-0.5470654463593131,0.0006897264137401765,3.956188291540201e-05,-0.06447236573070533,0.07822575571054252,0.01627218783850726,0.0075145386770672055,-0.007204230591209785,-0.000193462314869322,0.05171843240591975,4.191446927585161,1.2376717302765186,0.6502278510559147,0.0001272169552592739,-0.01751893276033112,-0.31945321252180414,-1.6287297701499837,-3.99150864282797,-0.8055959807052564,-0.03564624341139971,-0.0013510619060930682
1.3,0.0036621092438040245,1.4347440962200066,-1.0190026675140436,-0.5469492794733611,0.0006181144504499776,3.7651643874893184e-05,-0.06409527283776037,0.11493323441450803,0.028438703655838685,0.011616688595189984,-0.007161196329019893,-0.0001910239040508826,0.055443903191461,4.149089637264515,1.2349782786626695,0.6352480048754856,0.012571585699876625,-0.01220210197082583,-0.31774629266142873,-1.4664286946434193,-3.9347356133337703,-0.786767608940788,-0.03543966263570397,-0.0013393159065667104
1.31,0.0030252677675843957,1.4362545124327215,-1.0185980718085734,-0.5467927032509184,0.0005470027274313027,3.5768168044543016e-05,-0.06368414762196288,0.15104162127149198,0.04045957054700683,0.015657622244272626,-0.007111172301867486,-0.00018834758303501694,0.05924484878108679,4.0810906666170474,1.224609642077398,0.6164751351336175,0.024742430208389177,-0.006936400052174996,-0.31584881448876184,-1.3196738560575985,-3.8816834148085695,-0.7693838736385046,-0.035196566556483,-0.001326983418775421
1.32,0.0023928879404981995,1.4381177790136557,-1.0180754725068941,-0.5465965799503315,0.00047646074132579714,3.391366377417846e-05,-0.06323798270861962,0.18632665809342008,0.05225993016792657,0.019612330058697718,-0.007054198610550554,-0.00018545042703645566,0.06321313776890929,3.987787834032818,1.2066027366390855,0.594015077328244,0.036543682556757884,-0.0017512012537350685,-0.31374540565267883,-1.1893777499444798,-3.8326940041252877,-0.7535542532025841,-0.03491610728123272,-0.0013141310461735965
1.33,0.001765335603059338,1.4403234651830916,-1.0174378112391518,-0.5463620172037866,0.0004065578204414102,3.209016601673335e-05,-0.06275523374388617,0.2205686169435883,0.06376612677423842,0.023456274654482013,-0.006990292088438693,-0.00018234977574451046,0.06743607307079726,3.869688495610734,1.1810496644400923,0.5679957876045787,0.04788366303551339,0.003326153628083528,-0.31141823389585266,-1.0763326178427746,-3.788084691262639,-0.7393778098626199,-0.034597360544024465,-0.001300823056879333
1.34,0.0011429970923574778,1.4428590032273687,-1.0166887488686156,-0.5460903615931069,0.00033736333641968137,3.0299534897619855e-05,-0.06223385107018601,0.2535538044276995,0.07490623705362395,0.02716556106798157,-0.006919448402172884,-0.00017906311191134982,0.07199506583764716,3.7274679437032705,1.1480976191451848,0.5385667997523615,0.05867603447351688,0.008270801275425455,-0.30884721569297774,-0.9812054722783987,-3.7481455207953855,-0.7269424712213357,-0.03423934646168088,-0.001287121023685624
1.35,0.0005262839108148107,1.4457097635969554,-1.0158326429577456,-0.5457831905537303,0.0002689468899034109,2.854345549237558e-05,-0.061671318154266706,0.28507603695866524,0.08561059108701233,0.030717103937657468,-0.00684164465162705,-0.00017560794052442778,0.07696441647460614,3.5619663446745626,1.1079482179115279,0.5058985591780303,0.06884077570747377,0.013060728283553424,-0.3060102700763515,-0.9045344238490123,-3.713136829998717,-0.716324407913973,-0.03384105280255115,-0.00127308349335741
1.36,-8.436305302815842e-05,1.4488591443316545,-1.0148745201667493,-0.5454423026532068,0.00020137846615978893,2.6823438801626816e-05,-0.06106469638429691,0.3149380734699245,0.09581227909963322,0.03408879005234356,-0.006756842374362196,-0.00017200166907487612,0.0824102139329454,3.3741842038811614,1.060856256137782,0.4701816311331459,0.07830516452396102,0.017677062826536027,-0.3028836181788889,-0.8467263272737577,-3.683287016594093,-0.7075875134359428,-0.03340146034217185,-0.0012587656846994916
1.37,-0.0006884698112460222,1.4522886742534435,-1.0138200437793523,-0.5450697063061819,0.00013472855759163235,2.514082390702356e-05,-0.06041067582178638,0.34295299217889197,0.10544763873969643,0.03725963470249498,-0.00666499085681566,-0.0001682614894603258,0.08838936422719335,3.1652763655582694,1.0071278909422712,0.4316257806321495,0.08700475051097323,0.022104279220186762,-0.2994421279035749,-0.8080557405687365,-3.65879054774295,-0.7007829908247305,-0.03291956980037262,-0.001244219214258702
1.3800000000000001,-0.001285526125712143,1.455978129236679,-1.0126754766015087,-0.5446676070031143,6.906825104264519e-05,2.349678128591848e-05,-0.059705631446612055,0.36894549832354656,0.11445671778436697,0.04020993030675391,-0.006566030654898716,-0.00016440426211050807,0.09494875886251673,2.936544575797828,0.9471182687902167,0.39045892192249987,0.09488428968574003,0.026330312170330328,-0.2956597017956777,-0.7886651692449571,-3.639806239760526,-0.6959490494515714,-0.0323944297865457,-0.0012294918480740917
1.3900000000000001,-0.0018749829694067852,1.4599056607398138,-1.0114476395273189,-0.5442383931446622,4.469278741148382e-06,2.1892317256031372e-05,-0.05894568436946423,0.39275315031348884,0.12278370741899026,0.042921385845218055,-0.006459897230149681,-0.00016044640298871053,0.10212459327197827,2.6894286577677304,0.8812286221427061,0.34692593610561673,0.10189860650570526,0.030346580767884546,-0.29150970469838816,-0.7885665461959941,-3.6264558351733185,-0.6931107137151095,-0.031825165127530856,-0.0012146272776404864
1.4000000000000001,-0.0024562506434881223,1.4640479356643172,-1.0101438661116822,-0.5437846205875326,-5.899596739533029e-05,2.0328279514104278e-05,-0.05812676740813371,0.41422749245035206,0.13037734156367708,0.04537725571295747,-0.006346524613647868,-0.00015640377419270943,0.10994184426616269,2.425496369327479,0.8099028691732814,0.3012873565764238,0.108013345611786,0.034147925565758075,-0.2869654261800717,-0.8076438783017301,-3.6188229002033907,-0.6922797439605117,-0.0312110049190985,-0.0011996649182212027
1.41,-0.0030286975868538835,1.4683802864970696,-1.0087719535304123,-0.5433089960204123,-0.00012125445757552547,1.8805363724640766e-05,-0.05724469433657612,0.43323508327523264,0.13719125812699565,0.047562456712034254,-0.006225849018019518,-0.00015229157894635137,0.11841391378086537,2.1464320337985816,0.7336237592804593,0.2538179233709208,0.1132055757553645,0.03773246517507811,-0.2820005711129377,-0.8456569732280705,-3.6169520615774005,-0.6934546684998024,-0.03055130962990776,-0.0011846397278383464
1.42,-0.0035916499070962667,1.472876870593893,-1.0073401103449784,-0.5428143593001481,-0.0001822325808506995,1.732412110634477e-05,-0.056295232024238334,0.44965840968233245,0.14318431854338987,0.04946367202642219,-0.006097812327517402,-0.0001481242618295995,0.12754244386136476,1.8540240543764233,0.6529086151203483,0.20480500922040257,0.11746421180465871,0.04110138157815002,-0.27658977024944537,-0.9022461448951029,-3.6208485968001902,-0.6966209242082846,-0.0298455965977785,-0.001169582045672783
1.43,-0.004144391653036952,1.4775108373757262,-1.0058569015200685,-0.5423036648884462,-0.00024185623491860517,1.588496695500302e-05,-0.05527417459406851,0.4633966781833218,0.1483208824909828,0.05106944117019358,-0.005962365406790568,-0.00014391541513417497,0.1373173049231955,1.5501514410426098,0.5683047289751473,0.15454692214848187,0.12079022714375764,0.04425864561124132,-0.27070910127891606,-0.9769377839784865,-3.630478386797891,-0.7017511018418631,-0.029093563292831855,-0.0011545174491942728
1.44,-0.0046861658395115965,1.482254502136693,-1.0043311911672694,-0.5417799625378167,-0.0003000509467192494,1.4488190032511195e-05,-0.05417741864746447,0.47436647609669785,0.15257103527990332,0.052370235062946385,-0.005819471180064421,-0.00013967769224918243,0.1477167560261534,1.2367694953733632,0.4803844772972874,0.10335109167610845,0.12319663753307053,0.04721069569895653,-0.26433660974443846,-1.0691506708702088,-3.645768234241631,-0.7088052909833421,-0.028295107780057966,-0.0011394666300753508
1.45,-0.005216176224904189,1.4870795251061653,-1.0027720835069,-0.5412463773821665,-0.0003567420211548496,1.313396274277493e-05,-0.05300103853925925,0.48250229694722635,0.15591076603693718,0.05335851556501507,-0.005669107443560017,-0.0001354227289736265,0.15870777238553313,0.9158948128830355,0.3897402220458457,0.05153214810981632,0.12470824774915656,0.04996608383802742,-0.25745281844083895,-1.1782029029176022,-3.6666065450468546,-0.717731518402553,-0.02745034589348787,-0.0011244452897686674
1.46,-0.00573358983131364,1.4919570943658187,-1.001188862552124,-0.5407060895922127,-0.0004118547150018096,1.1822352006579426e-05,-0.05174136064094507,0.48775692596534376,0.1583220954776216,0.05402877899538365,-0.005511269384696004,-0.0001311610736195505,0.1702465318346854,0.5895897740687227,0.29697907082723085,-0.0005900931263997933,0.12536116314565737,0.05253510300998143,-0.25004121356273296,-1.3033193055372405,-3.692844364655494,-0.7284662726233992,-0.02655962473250003,-0.0011094640564862125
1.47,-0.006237540186410887,1.496858111198269,-0.9995909310247404,-0.5401623137586744,-0.0004653144329179609,1.0553330739463707e-05,-0.050395035509724746,0.49010168324502973,0.1597931527383484,0.05437758335382465,-0.005345971791615129,-0.0001269021267115719,0.1822790486497234,0.2599467037645185,0.20271756975896402,-0.05269272768983768,0.12520207877508305,0.054929409672512225,-0.24208869596927254,-1.4436391979052279,-3.7242967549088273,-0.7409351066459493,-0.025623532203902247,-0.0010945284261453876
1.48,-0.006727131255282942,1.501753376436456,-0.9979877490104957,-0.5396182781669573,-0.0005170469423741609,9.326789829383949e-06,-0.04895910688720549,0.4895265238186896,0.16031820142446854,0.05440355917170803,-0.005173250945619998,-0.00012265409100797588,0.19474194023057534,-0.07092811652366342,0.10757640333265314,-0.10445192230288644,0.12428736808229046,0.05716165382506408,-0.23358598649372922,-1.5982243881909537,-3.7607444917697572,-0.755053310085922,-0.024642902456383845,-0.0010796387305760037
1.49,-0.007201442020138904,1.5066137763925067,-0.9963887728534825,-0.5390772041257665,-0.0005669786043444655,8.142550504697955e-06,-0.04743107648559622,0.48603999560509187,0.15989761570131605,0.05410740411907418,-0.004993166197030466,-0.00011842393246859937,0.20756330973831233,-0.4009303971641259,0.012175174297753,-0.15554511959049555,0.12268200080959979,0.05924512747837571,-0.22452797523732698,-1.7660672804631212,-3.8019360590139155,-0.7707266414768741,-0.02361881718116812,-0.001064790136853436
1.5,-0.007659531655944402,1.5114104669709765,-0.9948033947744903,-0.5385422855088202,-0.000615036616661486,7.000376977904712e-06,-0.04580896358054981,0.47966905784698266,0.15853780789921426,0.05349186169463427,-0.004805801231702044,-0.00011421735267932426,0.22066372600792772,-0.7279735659198135,-0.08287266621224375,-0.20565326708076626,0.12045832523342226,0.061193440336248336,-0.21491400620491113,-1.9460989851023327,-3.847589908427437,-0.7878521111381889,-0.0225526028783,-0.0010499726819846265
1.51,-0.008100445241107118,1.516115054613424,-0.9932408836774193,-0.5380166686636583,-0.0006611492670709868,5.899989246741493e-06,-0.04409135851627163,0.47045876424476346,0.15625110970710984,0.05256168451619809,-0.00461126504095008,-0.00011003877311632188,0.2339572809323105,-1.0500040924798386,-0.17696467243481206,-0.25446304819122645,0.11769475299786869,0.0630202292728617,-0.20474809039660538,-2.1371973363808774,-3.8973969531578634,-0.80631880484737,-0.021445824306100664,-0.001035171347286391
1.52,-0.008523219934476332,1.520699772778217,-0.9917103275816218,-0.5375034328345832,-0.0007052461931903554,4.841075931747056e-06,-0.0422774693369214,0.4584718164792876,0.15305560957973954,0.05132358290750818,-0.004409692611936859,-0.0001058913314994437,0.24735270404754767,-1.3650162435740967,-0.2695139814741127,-0.301669092087268,0.11447438565279544,0.06473890591905107,-0.19403904247551412,-2.3381947343426304,-3.951023257772972,-0.8260087385672858,-0.020300274436436155,-0.0010203661766363965
1.53,-0.008926891543320475,1.5251376527299243,-0.9902205780869343,-0.5370055712381849,-0.0007472586467779922,3.823307028275608e-06,-0.04036716088441439,0.4437879951707385,0.14897494946874995,0.049786159639835174,-0.004201245358763677,-0.00010177689034714479,0.26075451420936213,-1.6710661131506725,-0.35995356141489443,-0.3469761388066823,0.1108836207414774,0.06636244449560633,-0.18280053828375367,-2.5478857427271917,-4.008112886373494,-0.8467977346633594,-0.019117961325860137,-0.001005532442340206
1.54,-0.009310501401736017,1.5294026874950806,-0.988780197242941,-0.5365259729198892,-0.0007871197599445513,2.8463464511897966e-06,-0.038360985841554195,0.42650347651562825,0.1440380843993375,0.047959831829573016,-0.003986111316655914,-9.76960577085812e-05,0.27406418897628726,-1.966284788036212,-0.4477400850132154,-0.39010113613853115,0.10701077224844191,0.06790321006097967,-0.17105109266866383,-2.7650343899145464,-4.068290868831457,-0.8685563103938585,-0.017901092378750608,-0.0009906408616550608
1.55,-0.009673103475193234,1.5334699879336664,-0.9873974071555095,-0.5360674055087528,-0.0008247648111728941,1.9098642520415e-06,-0.03626020734572174,0.40673004385857625,0.13827900874314872,0.04585674111364657,-0.003764505122834289,-9.364821991482967e-05,0.28718133353089503,-2.2488905280378124,-0.5323573928671639,-0.4307752453607936,0.10294473582555952,0.06937282566051377,-0.15881395920100116,-2.9883811352111627,-4.131166244906385,-0.8911505699565002,-0.016652056520895523,-0.0009756578660711217
1.56,-0.010013771604660979,1.5373159299763988,-0.9860800426227085,-0.5356324989755467,-0.0008601314892531893,1.0135483914128633e-06,-0.03406681294677451,0.3845942042732329,0.13173645328009714,0.04349065332061535,-0.003536667808029518,-8.963158606286365e-05,0.3000048325897892,-2.517199860059042,-0.6133195195217245,-0.46874573408537046,0.09877372390896721,0.07078207552078922,-0.14611695532009572,-3.2166494777747667,-4.1963351466127605,-0.9144430920109243,-0.01537340481965025,-0.0009605459243172136
1.57,-0.010331606802943835,1.5409182921847657,-0.9848355070497723,-0.5352237304862923,-0.000893160153475321,1.5711595316633928e-07,-0.031783519828285596,0.3602362208366935,0.12445355729362838,0.040876848925425646,-0.00330286642221318,-8.564324382465241e-05,0.3124339706858203,-2.7696375079006055,-0.6901732658408954,-0.5037777361280202,0.0945840900603867,0.07214084044625435,-0.1329922181463661,-3.4485521996464987,-4.2633838807280195,-0.9382938053504648,-0.014067830080282487,-0.0009452639187852599
1.58,-0.010625744516435583,1.5442563829015576,-0.9836707318497171,-0.5348434104301012,-0.0009237940886460035,-6.596763074404957e-07,-0.0294137713491749,0.33380907167918733,0.11647752000551556,0.03803200561911897,-0.003063393517068253,-8.16792260606835e-05,0.3243695083603336,-3.004745102365148,-0.7625003109279381,-0.5356558603998867,0.09045925601380622,0.07345806093660368,-0.11947589759943081,-3.6827972473462807,-4.331891975665285,-0.9625608462463907,-0.012738145919309054,-0.0009297675737176117
1.59,-0.01089536176732805,1.547311156372327,-0.9825921394934192,-0.5344936696866863,-0.0009519797537068075,-1.4370221835709507e-06,-0.026961725089246664,0.30547734707693913,0.10785923562978877,0.03497407434148524,-0.0028185665060803935,-7.77345876130455e-05,0.33571470408995796,-3.221188639426062,-0.8299188665943827,-0.564185633293766,0.08647874932221478,0.07474172322264314,-0.10560779451428173,-3.9180932679766984,-4.401435159986608,-0.9871013919094908,-0.01138726576756897,-0.0009140099321394628
1.6,-0.011139684094268966,1.5500653173307068,-0.9816056103312633,-0.5341764481855314,-0.0009776670229164014,-2.175057099153434e-06,-0.024432232694091727,0.2754160958379978,0.09865291621558954,0.03172215011549082,-0.00256872692095939,-7.380349155824834e-05,0.3463762741043904,-3.417764676903635,-0.89208488661612,-0.5891947617772146,0.08271735444614237,0.07599886337151862,-0.09143095214717993,-4.153154825532102,-4.471588243477947,-1.0117724654818958,-0.010018182192482744,-0.0008979418772083485
1.61,-0.011357992213370261,1.552503413650918,-0.9807164532686381,-0.5338934847956431,-0.0010008094187209699,-2.8738501402959483e-06,-0.021830811910129453,0.24380963202111144,0.08891570626251885,0.028296338988835733,-0.0023142395804568562,-6.987930411425141e-05,0.3562652845461542,-3.59340528169363,-0.9486928515093942,-0.6105342073759079,0.07924437579911747,0.07723558478561514,-0.07699120981873143,-4.386707330955134,-4.541927875807198,-1.0364317089598236,-0.008633946855070207,-0.0008815126924530929
1.62,-0.011549628326151706,1.5546119167773575,-0.9799293803402551,-0.5336463085723188,-0.0010213643355668548,-3.53339711349021e-06,-0.01916361127814438,0.21085031264395976,0.07870729283829293,0.024717622332440615,-0.0020554916845884974,-6.595469731942616e-05,0.36529797260105273,-3.7471817595452928,-0.9994761571097184,-0.6280790642486789,0.07612300778579217,0.07845708475926336,-0.06233672748572663,-4.617491725328294,-4.6120351621935995,-1.0609381214287794,-0.00723765133781805,-0.0008646706543360134
1.6300000000000001,-0.011714002006285713,1.5563792897423667,-0.9792484851940779,-0.533436231375611,-0.0010392932540054434,-4.153614698822343e-06,-0.016437368013400698,0.17673729650092315,0.0680895146177233,0.021007719670769993,-0.001792891843858858,-6.202175853321327e-05,0.3733964952154813,-3.8783072171929707,-1.0442071416362324,-0.6417292376324681,0.07340980429305155,0.0796676862048401,-0.04751748981300218,-4.844268959406319,-4.6814981200791355,-1.0851527609405902,-0.005832408999369386,-0.0008473636497343126
1.6400000000000001,-0.011850595602716953,1.5577960426778377,-0.9786772254650189,-0.5332643418643319,-0.0010545619444993933,-4.734335756305394e-06,-0.013659359643124015,0.14167529354709305,0.05712597290590191,0.017188951127914777,-0.0015268690493949926,-5.807210574830511e-05,0.38048960574589347,-3.98613802190127,-1.0826967910529857,-0.6514099218822356,0.0711542384268462,0.0808708711774925,-0.032584797889326236,-5.065824314519848,-4.749913965361942,-1.108939409251806,-0.00442133793590559,-0.000829539810327035
1.6500000000000001,-0.011958969102712052,1.5588547758132547,-0.9782184089918238,-0.5331315008596337,-0.00106714066035948,-5.275305832826397e-06,-0.01083734999950989,0.1058733135417075,0.045881647319509805,0.013284100469828378,-0.0012578715860086746,-5.4097007652100315e-05,0.3865132602958985,-4.070174235888169,-1.1147941662865553,-0.6570718801275639,0.06939834248987187,0.08206931336085763,-0.01759075615941061,-5.280971609799133,-4.816891221188787,-1.1321651994530981,-0.0030075450610887186,-0.0008111481555077191
1.6600000000000001,-0.012038764404520598,1.5595502100313472,-0.9778741838079111,-0.5330383380635256,-0.0010770043192217574,-5.776180906127642e-06,-0.007979530180854611,0.06954342180924047,0.03442251839126131,0.00931627961080009,-0.000986365886227743,-5.008750733012451e-05,0.39141115653743475,-4.130059112449711,-1.140385598184701,-0.6586915301073741,0.0681764181982516,0.08326490721025043,-0.0025877614891691002,-5.488557338807335,-4.882051646481701,-1.154701207229631,-0.0015941112598245385,-0.0007921392353226043
1.67,-0.012089708955499354,1.559879205122336,-0.9776460318184464,-0.5329852501101761,-0.0010841326724156458,-6.236526390786028e-06,-0.005094455097875564,0.032899509098879925,0.022815198946468846,0.005308795334958874,-0.0007128353193888358,-4.603454846583862e-05,0.39513520844397476,-4.1655777468418265,-1.159393696995253,-0.6562708430044033,0.06751480784878194,0.08445879195145536,0.012371999400386201,-5.687464775199352,-4.9450319851843085,-1.176423007086766,-0.0001840775282760088,-0.0007724657650516985
1.68,-0.012111618717700685,1.559840765938649,-0.9775347660615471,-0.532972399921525,-0.001088510461476728,-6.655817419378064e-06,-0.0021909762201329764,-0.0038439183686954786,0.0111265756899372,0.0012850188651088315,-0.000437778906108225,-4.1929102859203676e-05,0.39764596056123946,-4.176654978110516,-1.171776222663726,-0.6498370639732816,0.0674317184682851,0.08565136910125087,0.027237038556688783,-5.876618082121105,-5.0054855405676815,-1.197211195341501,0.0012195680151219838,-0.0007520832433871522
1.69,-0.012104400429022652,1.5594360367040705,-0.9775405314410727,-0.5329997173335747,-0.0010901275609267863,-7.033440399982757e-06,0.0007218288678032419,-0.040472923457846186,-0.0005765379525540099,-0.0027317412049619677,-0.00016170994500585206,-3.776229806046929e-05,0.39891294519405973,-4.163352638227066,-1.1775248604521722,-0.6394422646128479,0.06793709279133653,0.08684231259981579,0.041957036508539367,-6.054986453937959,-5.063083581766694,-1.216951882009293,0.002613902375040517,-0.0007309505466949154
1.7,-0.012068053134065518,1.5586682837749577,-0.9776628088116791,-0.5330669009556654,-0.0010889791062830456,-7.3686958389405376e-06,0.0036347294957133408,-0.07677529291128099,-0.01222773706064139,-0.006718362209081176,0.00011484546437407969,-3.352554389577803e-05,0.3989149852063545,-4.125866242299364,-1.1766639434196648,-0.6251627387520031,0.06903252310587815,0.08803057103648454,0.05648328862870782,-6.221588311739786,-5.117516591982444,-1.2355371539043203,0.003996079305623254,-0.000709030492540354
1.71,-0.01200266896487315,1.5575428671869729,-0.9779004222933443,-0.5331734212220114,-0.0010850656060756745,-7.660802405416859e-06,0.006538416919236829,-0.1125416587984747,-0.023761348166512347,-0.01065202663459918,0.0003913500207371179,-2.9210656647632014e-05,0.39764044404230275,-4.064521208588209,-1.1692491592945116,-0.6070982537026683,0.07071120645893014,0.08921436181592296,0.07076912414884404,-6.375495566126778,-5.168495369462321,-1.2528655113187228,0.005363340426133105,-0.0006862903664819077
1.72,-0.011908433157821113,1.5560672013495085,-0.9782515496919671,-0.533318524592642,-0.0010783930364562308,-7.90890220188536e-06,0.009423580705203693,-0.14756658374643183,-0.035112739862289834,-0.01451033706305269,0.0006672569619443672,-2.480997964685019e-05,0.39508742313073714,-3.979768689913149,-1.1553662744045943,-0.5853711695252795,0.0729579423055613,0.09039115746010329,0.08477029418991568,-6.515837952245175,-5.215751993456883,-1.268842280557114,0.0067130259065350025,-0.0006627024070524515
1.73,-0.011785623299129749,1.5542507052725207,-0.9787137359044095,-0.5335012388595539,-0.0010689729167806686,-8.112067192226661e-06,0.012280985869136514,-0.18164960769877175,-0.04621862124422933,-0.018271426691191285,0.0009420119675562218,-2.0316499034130154e-05,0.39126390510152953,-3.8721810891770834,-1.1351299017795555,-0.5601254389475745,0.07574917628862687,0.09155766460123246,0.09844532546522552,-6.641807433119397,-5.259040667870154,-1.2833800043844157,0.00804258476742487,-0.0006382442448191005
1.74,-0.011634607797926255,1.5521047427278465,-0.979283909189947,-0.533720379513172,-0.0010568223643613042,-8.269306726832728e-06,0.015101550120349364,-0.21459625446742103,-0.05701732855375254,-0.021914065361806158,0.0012150552419364418,-1.572395346060667e-05,0.3861878393150705,-3.7424473215994634,-1.1086823345099397,-0.5315255003543236,0.07905309632513036,0.0927097965852586,0.11175583656361235,-6.7526626582159714,-5.298138455303628,-1.2963988121092191,0.009349584796969327,-0.0006128992924029956
1.75,-0.011455843592553196,1.5496425527603197,-0.9799584001949762,-0.5339745571239964,-0.0010419641264168035,-8.379576092028494e-06,0.01787642053730589,-0.24621899675268671,-0.0674491005029096,-0.02541776108244625,0.0014858237944500574,-1.1026936519576569e-05,0.3798871641950836,-3.5913678752446363,-1.0761924591174972,-0.4997550758361502,0.08282978941351149,0.09384264100704631,0.12466681395630416,-6.847733455063377,-5.3328459136929265,-1.307826770585651,0.010631722043556889,-0.0005866570833173903
1.76,-0.011249873103011697,1.5468791709742231,-0.9807329636234061,-0.5342621856944285,-0.001024426587123028,-8.441785999413043e-06,0.02059704895414986,-0.2763381786096503,-0.07745634284300054,-0.028762857043210955,0.0017537539293775444,-6.220990738454871e-06,0.3723997588915,-3.4198497099944642,-1.0378547572667267,-0.4650158856544202,0.08703146942539286,0.09495042392732228,0.13714684512276054,-6.926425322824369,-5.362987646810732,-1.3176002168910075,0.011886829799962197,-0.0005595135584139381
1.77,-0.01101732045010582,1.543831342028896,-0.9816028024509144,-0.5345814919360538,-0.0010042437475963656,-8.454812919551177e-06,0.023255265290587752,-0.30478289453271257,-0.0869838827508273,-0.03193062416251945,0.0020182839526662385,-1.3026920138134794e-06,0.3637733150283269,-3.2289010236385636,-0.9938883978005335,-0.4275262897148977,0.09160278746207418,0.096026472985232,0.14916830648804025,-6.988223888146754,-5.388412778627768,-1.3256640728430429,0.013112886956076129,-0.0005314712995857698
1.78,-0.010758886970058562,1.5405174237846948,-0.9825625945866139,-0.534930525427981,-0.0009814551766409456,-8.417510154009956e-06,0.02584334800472581,-0.33139182442012577,-0.09597921356994961,-0.03490334919272728,0.002278857095542001,3.7302765541221404e-06,0.3540651178651165,-3.0196259026149166,-0.9445364149752273,-0.3875198658509138,0.09648123699944389,0.09706318211449218,0.16070750423164476,-7.03269927557511,-5.408995359958344,-1.331972140880199,0.01430802556537389,-0.0005025397111378304
1.79,-0.010475346062095976,1.536957283547957,-0.9836065218901965,-0.5353071696120478,-0.0009561059301771439,-8.3287195302633e-06,0.02835409079625857,-0.35601402367376866,-0.10439273035826005,-0.037664418406681104,0.0025349246463801634,8.879062374665575e-06,0.3433417252783,-2.7932188644620353,-0.890064963076859,-0.3452439338249178,0.10159766587819119,0.09805198106598975,0.17174476648340906,-7.059510337450675,-5.424634714042402,-1.3364873801615849,0.015470537447498732,-0.0004727351498804032
1.8,-0.010167537415688967,1.533172186871996,-0.9847283014558286,-0.5357091535806803,-0.000928246437454706,-8.187283595733626e-06,0.030780864640700917,-0.3785096675960844,-0.11217795656320476,-0.04019839686324773,0.002785949272243794,1.4143593452967357e-05,0.33167853270209874,-2.5509592895252116,-0.830762632412396,-0.3009580332066104,0.10687690610174738,0.0989833134290538,0.18226448597464215,-7.068408681718185,-5.43525572580633,-1.3391821610731307,0.01659887963720146,-0.0004420810055162671
1.81,-0.009836360673689218,1.5291846793812172,-0.9859212190756094,-0.536134064612842,-0.0008979323524507253,-7.992058180478141e-06,0.03311767419997497,-0.39875074907788377,-0.1192917619780847,-0.04249110321616392,0.003031408500398063,1.9522541525548457e-05,0.3191592126977024,-2.294205731135279,-0.7669398071483141,-0.2549323624961062,0.11223853028952857,0.09984662726934661,0.19225511286114297,-7.059242430546458,-5.440809077570441,-1.3400384956738287,0.01769167848926934,-0.0004106077332660346
1.82,-0.009482768597321164,1.5250184620978056,-0.987178164794948,-0.5365793614127243,-0.0008652243692680662,-7.741925193040199e-06,0.03535920763680544,-0.41662172834115674,-0.12569457193386943,-0.0445296799882333,0.0032707983182659176,2.5013298743794147e-05,0.3058750192565442,-2.024390086537553,-0.6989280416617963,-0.20744618626663325,0.11759774044737648,0.10063038284227613,0.2017090981670223,-7.031959638299917,-5.441271431998576,-1.3390482410029487,0.018747732260103657,-0.000378352840906706
1.83,-0.00910775980865881,1.5206982607655575,-0.9884916704695303,-0.5370423880045646,-0.0008301880008863326,-7.4358055110509924e-06,0.03750087886623532,-0.4320201332248023,-0.131350567458228,-0.0463026591840296,0.003503636838173359,3.061196819892064e-05,0.2919239493652333,-1.743011605428885,-0.6270794290806684,-0.15878621657649283,0.12286639046716696,0.10132208202761281,0.210622789092783,-6.986611294305707,-5.4366455611743705,-1.3362132716159238,0.019766012008625204,-0.0003453608324880158
1.84,-0.008712371195529992,1.5162496896836202,-0.9898539492284787,-0.5375203882351758,-0.0007928933212722081,-7.072671827536033e-06,0.03953886131288187,-0.4448571081937359,-0.1362278758948381,-0.04780002306111978,0.0037294679614124538,3.631336835149591e-05,0.2774097577917579,-1.451630709154743,-0.5517659335473275,-0.10924497456777349,0.12795413852901083,0.10190832412555303,0.21899627825764803,-6.923353834171181,-5.426960418892552,-1.3315456172426345,0.020745660690853606,-0.00031168311094917025
1.85,-0.008297670072408985,1.5116991105843307,-0.9912569367407735,-0.5380105208334224,-0.0007534146716194009,-6.65156131576193e-06,0.041470112312100675,-0.455057909928955,-0.14029875122948093,-0.049013259824655125,0.003947864965280719,4.211105117741028e-05,0.26244082546028824,-1.1518625914727798,-0.473378656496098,-0.05911913795166157,0.13276971951118743,0.10237489239591423,0.22683320976853247,-6.842451083229679,-5.412271151616864,-1.325067561084408,0.021685990361886242,-0.0002773778417006863
1.86,-0.007864746198405447,1.5070734871139948,-0.9926923341720042,-0.5385098749729753,-0.0007118303323439268,-6.171587979990277e-06,0.043292387400353835,-0.46256234703359417,-0.14353974312307222,-0.04993541395529726,0.004158433927547415,4.7997333577165315e-05,0.24712888705850478,-0.8453705713054571,-0.39232700688901295,-0.00870788003747558,0.13722232086438235,0.10270687517165528,0.23414054578684212,-6.744275557121564,-5.3926590421162945,-1.3168116940007002,0.022586477443703346,-0.00024250977898387937
1.87,-0.007414703759543297,1.5024002355031627,-0.9941516527061399,-0.5390154862812558,-0.0006682221633841076,-5.63195456673466e-06,0.04500424388621504,-0.4673251610832189,-0.1459318534135675,-0.050561130828055106,0.004360816895981923,5.396334132556173e-05,0.23158762948418857,-0.5338591690546476,-0.3090377459113872,0.0416887939628543,0.14122303851935336,0.10288882449897396,0.24092829796015333,-6.629309047623366,-5.368231378576812,-1.3068209196960263,0.023446756064604186,-0.00020715005650077186
1.8800000000000001,-0.00694865342676619,1.4977070720434393,-0.9956262594924036,-0.5395243532335742,-0.0006226752163155004,-5.031963920979329e-06,0.04660503327771073,-0.46931634597232974,-0.14746067862636242,-0.050886695231830904,0.004554694706860713,5.999906457553307e-05,0.21593117912621013,-0.2190668807633881,-0.22395387806881745,0.0917717074275004,0.14468638269220446,0.10290495403889285,0.24720922866279565,-6.498142426664573,-5.339121241018084,-1.2951484060124678,0.02426660952342957,-0.00017137594345016503
1.8900000000000001,-0.006467704603159803,1.493021858020668,-0.9971074248607406,-0.5400334538671568,-0.0005752773227517905,-4.371029684122523e-06,0.0480948823606387,-0.46852140227712374,-0.14811653683369458,-0.05091006335827229,0.004739789356370996,6.60934236856806e-05,0.2002725024570666,0.09724137140732465,-0.13753336291248205,0.14124416340201354,0.1475317974171524,0.10273937641904674,0.2529985274179348,-6.351474608033286,-5.305487196138014,-1.2818574775701719,0.025045959976514647,-0.00013527056674375614
1.9000000000000001,-0.00597295797345972,1.4883724427888712,-0.9985863706310851,-0.5405397627451136,-0.000526118664421438,-3.6486862448274868e-06,0.049474662970008264,-0.464941523179693,-0.14789457703446257,-0.05063088779567357,0.004915865833035251,7.223434392950365e-05,0.1847217506011375,0.41328212838587897,-0.05024762470728952,0.18981357971904933,0.14968515279103534,0.10237637838997121,0.2583134681334561,-6.1901106145477165,-5.267512891269861,-1.2670214452816546,0.02578485648538285,-9.892259984185927e-05
1.9100000000000001,-0.005465498465818292,1.4837865057049477,-1.0000543193220148,-0.5410402680955209,-0.0004752913311416409,-2.8645978700406717e-06,0.05074595076414278,-0.4585937083923498,-0.14679486909297676,-0.05005053504072669,0.0050827333279797144,7.840883747868151e-05,0.16938458401058915,0.7272616323420503,0.03742015881762091,0.23719310126202675,0.15108016576598926,0.10180073008941082,0.2631730528649465,-6.014958708400924,-5.225406537969676,-1.2507233686957897,0.026483461596916034,-6.242591837158967e-05
1.92,-0.0049463887299440856,1.4792913976800226,-1.0015025440438534,-0.5415319890458129,-0.0004228888736105905,-2.0185669605909635e-06,0.05191097358742068,-0.44951080249251835,-0.14482247218385272,-0.04917209502920581,0.005240245753105035,8.460309094497081e-05,0.15436051770227885,1.0373844152531195,0.12497700301343158,0.283103182124707,0.15165970432479026,0.10099802255276558,0.2675976477231685,-5.827026553872622,-5.179400275853433,-1.2330557477011999,0.027142036654181516,-2.5879222497181297e-05
1.93,-0.004416663227137714,1.4749139831386548,-1.0029224188403048,-0.542011992867685,-0.0003690058584630761,-1.1105413933437415e-06,0.05297255028063714,-0.4377414541367812,-0.1419874796451374,-0.04800038218721065,0.00538830151475144,9.08025567247222e-05,0.13974133028635694,1.3418622306867147,0.21192230746022353,0.3272731301486873,0.15137693135445507,0.09995502545512308,0.2716086162834412,-5.627416394501878,-5.129749407668296,-1.2141201408296114,0.02776092605503679,1.0614374077998982e-05
1.94,-0.003877323016594999,1.4706804832109184,-1.0043054692217692,-0.5424774121428668,-0.000313737433345572,-1.4062092911995382e-07,0.05393402105427151,-0.4233499927736396,-0.13830503814645023,-0.0465419275181815,0.00552684251175041,9.699204642237878e-05,0.1256095809270821,1.6389233122415048,0.2977502954904473,0.3694426061003391,0.15019624866029802,0.0986600550775758,0.275227955453367,-5.417319240943915,-5.07673149720239,-1.1940267082374505,0.028340540687565655,4.694778857316346e-05
1.95,-0.003329331308930972,1.4666163210136896,-1.00564342261313,-0.5429254617555469,-0.00025717890983557146,8.909373182376447e-07,0.0547991707664027,-0.40641621972289077,-0.1337953391360656,-0.04480496126800934,0.005655852351000056,0.00010315582473575984,0.11203727720059513,1.9268219322237359,0.38195269994787756,0.4093630696406114,0.14809400829838965,0.09710334081223493,0.27847793824415945,-5.198008080867179,-5.020645322502901,-1.1728936783948734,0.028881340777417767,8.301044700699035e-05
1.96,-0.002773609842614524,1.462745969905311,-1.0069282584195502,-0.5433534556130606,-0.00019942537183736814,1.983714341860304e-06,0.0555721466316448,-0.38703511083786984,-0.1284835806420371,-0.0427993857513699,0.005775353799820331,0.0001092777023622659,0.0990847334789679,2.203848223969109,0.4640216868697581,0.44679916429483413,0.14505896746725033,0.09527737729668284,0.2813807673057489,-4.9708301381176465,-4.961809677972793,-1.1508467385587016,0.02938381838377802,0.00011868879518256193
1.97,-0.00221103612241,1.459092805621153,-1.0081522573962314,-0.543758822992829,-0.0001405713166266202,3.137125609082049e-06,0.05625737202045239,-0.36531642841580236,-0.12239989766811987,-0.04053673797683901,0.005885405521074794,0.00011534112672217452,0.08679965406151777,2.4683382209490703,0.543453002489741,0.48153003377307435,0.1410924740726452,0.09317724863384858,0.2839582424655702,-4.737198224685513,-4.900562020240792,-1.128018350229548,0.029848479779752628,0.00015386684211185622
1.98,-0.0016424415415833755,1.4556789632154548,-1.0093080499926785,-0.544139124410589,-8.071033499641454e-05,4.350418304867551e-06,0.056859458082662455,-0.3413842405698111,-0.11557925964472125,-0.03803014177600002,0.005986098163020565,0.00012132926957855017,0.07521646804735595,2.718684055631371,0.6197493226598283,0.5133505623099719,0.13620838203939095,0.09080091118433148,0.2862314448938043,-4.498581245423506,-4.837256954236748,-1.104546991971388,0.03027582795119324,0.0001884267347644755
1.99,-0.00106861039216291,1.4525251997462512,-1.0103886633293444,-0.5444920669028088,-1.9934835999530713e-05,5.622669414317538e-06,0.057383114942046544,-0.315376346920366,-0.10806133366658201,-0.03529424922198617,0.006077549899688383,0.00012722511094499876,0.06435593430990728,2.953344251198643,0.6924237776269286,0.5420725321355739,0.13043270759273706,0.08814942216821836,0.28822043993931756,-4.256493931632127,-4.77226455764408,-1.0805763331796328,0.030666345446892177,0.0002222493625144552
2.0,-0.0004902797505552438,1.4496507636442633,-1.0113875664550382,-0.5448155186149568,4.1664179380645266e-05,6.952784604234852e-06,0.057833064160766626,-0.28744361019879444,-0.09989031256938503,-0.032345171214792925,0.006159901538017597,0.00013301151899173136,0.054225025430768944,3.1708540298698042,0.7610036192055175,0.5675256917625333,0.12380304911244433,0.08522710276015655,0.2899440001711694,-4.012485895173943,-4.705968543830652,-1.0562543435952603,0.031020477813731673,0.00025521498910678066
2.0100000000000002,9.185979013190209e-05,1.4470732717025274,-1.0122987135276678,-0.545107522587088,0.0001039972926194624,8.339497863892718e-06,0.05821395406871458,-0.25774919417357495,-0.091114707262952,-0.029200397213119345,0.006233311323881713,0.00013867132596578658,0.044817089693412505,3.369835552914285,0.8250339919007632,0.5895587294201476,0.11636780281824607,0.08204162644828739,0.2914193497444472,-3.768130109330812,-4.638764265467235,-1.0317323445510673,0.03133861785319049,0.00028720390939365975
2.02,0.000677162584142436,1.4448085946105045,-1.0131165845591075,-0.5453663096291285,0.0001669767885166259,9.781371868015513e-06,0.05853027940105338,-0.22646770920228393,-0.08178710314396472,-0.025878704204053214,0.006297949589716352,0.00014418740041227953,0.036112280864915774,3.54900799969137,0.884081764578144,0.6080401467204464,0.10818521365286521,0.07860402603436467,0.29266193090340403,-3.525010935799532,-4.571056563313337,-1.0071640090743494,0.03162109094037037,0.00031809712751905596
2.0300000000000002,0.0012650256491317353,1.4428707519338322,-1.0138362233676086,-0.5455903101803391,0.00023051672242870876,1.1276799030041036e-05,0.058786306498929936,-0.1937842676672274,-0.07196388085010712,-0.022400055121061656,0.006353993391208286,0.0001495427162025522,0.0280782371003983,3.7071973863716,0.9377393749850442,0.6228590283914954,0.09932230468449998,0.0749286156316461,0.2936851932487768,-3.2847118286738555,-4.50325746706675,-0.9827043190317081,0.03186814165248075,0.00034777705267371767
2.04,0.0018548857002932823,1.4412718174082504,-1.0144532723884399,-0.5457781650507965,0.00029453293522151505,1.2824003220328797e-05,0.05898600511615469,-0.1598934525581721,-0.061704902083116936,-0.018785487045731252,0.006401621279280628,0.00015472041902877612,0.020670983384786807,3.843346019582345,0.9856286359124062,0.6339257046769724,0.08985372884539083,0.07103282719580184,0.2945004063317927,-3.048802855647,-4.435783757713648,-0.9585084884606949,0.03207992195901611,0.00037612820801281876
2.05,0.0024462155768147564,1.4400218353731817,-1.014964004005566,-0.5459287349473727,0.0003589430186877749,1.4421042131377927e-05,0.05913298765214741,-0.12499820350685503,-0.05107316171261701,-0.015056989657627962,0.006441008346625985,0.00015970389110491295,0.013836026821985516,3.956521476227508,1.027404449147948,0.641172303723252,0.07986058390135009,0.06693696432454876,0.2951164961894566,-2.8188281836890163,-4.369054403453888,-0.9347308630659853,0.03225648122874996,0.00040303794783048367
2.06,0.0030385201409310063,1.439128749116789,-1.0153653480842384,-0.5460411086926477,0.00042366623544601393,1.6065810279567356e-05,0.059230456411625,-0.08930862563928145,-0.04013440786723169,-0.011237374527494449,0.006472321675823903,0.0001644768148189428,0.0075096109542202505,4.045924998315429,1.0627583717078306,0.6445531919206822,0.06942922559879802,0.06266387912083848,0.295539906592163,-2.5962936808517125,-4.303487883978004,-0.9115238065436598,0.03239775830700245,0.0004283971776226792
2.07,0.0036313317337887075,1.4385983418400272,-1.0156549154063916,-0.5461146100524443,0.0004886233984402293,1.7756042639714057e-05,0.05928115928577013,-0.0530407276761882,-0.028956732215329305,-0.007350135979662281,0.006495716299421538,0.00016902323601467015,0.0016200941150854259,4.110899190922674,1.0914219782154764,0.6440453006870399,0.058650105674878605,0.0582385806905823,0.29577448601696193,-2.382654787431239,-4.239499420598296,-0.889036584918049,0.03250357590827384,0.0004521010712425316
2.08,0.004224205274458178,1.4384341908724136,-1.015831016737645,-0.5461488030962224,0.0005537367160625998,1.9489318914236378e-05,0.05928735406694705,-0.016415096761363386,-0.01761013312533582,-0.0034193043778098274,0.006511331762237055,0.0001733276274522322,-0.003910582615573533,4.150934912539523,1.1131699637661363,0.6396483386099749,0.04761665179283771,0.05368778623317316,0.2958214016633528,-2.1793048083390785,-4.177498132438438,-0.8674142604171591,0.032573637552358384,0.00047404977896004007
2.09,0.004816713089012059,1.4386376356872843,-1.015892677286298,-0.5461434960243406,0.0006189296095991744,2.1263068442414357e-05,0.05925078145538811,0.02034448148706429,-0.006166054865297199,0.0005307071881746625,0.006519289353657452,0.00017737495281779778,-0.009165370324727109,4.1656772500785175,1.1278229332231353,0.6313848881089612,0.03642419657688516,0.04903942760788482,0.2956790821631633,-1.9875637741326362,-4.117884141508948,-0.846796606564921,0.03260752724497654,0.0004941491198824705
2.1,0.005408439555955752,1.439207760169735,-1.0158396463507335,-0.5460987434071432,0.0006841265101389043,2.3074575756822955e-05,0.05917264669436928,0.05701244824507899,0.005303093556434942,0.004475261719752378,0.006519690053972987,0.00018115073144085972,-0.014230559591115825,4.154930475845376,1.1352498256278247,0.6193003859159045,0.02516895386634498,0.044322127682700496,0.29534319096704126,-1.8086680107498327,-4.061045651976935,-0.8273170561255156,0.03260471206587991,0.000512311251876504
2.11,0.005998975652753294,1.4401413894869777,-1.0156724019917103,-0.5460148467928464,0.0007492526422880473,2.4920986793315025e-05,0.05905360967975423,0.0933629317242641,0.01672443590232421,0.008389661429678397,0.00651261321491431,0.00018464110364920688,-0.01919422634351995,4.118661890808671,1.1353699262638108,0.6034629866529215,0.013947033092260253,0.039564661675715374,0.29480663267873086,-1.6437605476731176,-4.007356031209326,-0.8091016932958537,0.03256454777807975,0.0005284553118664133
2.12,0.006587913486024708,1.4414331017994004,-1.0153921506096857,-0.5458923536541852,0.0008142338020034095,2.6799315757957855e-05,0.05889378332714141,0.1291712312422743,0.028025138202448015,0.01224931386611866,0.006498115971536214,0.00018783289646428304,-0.024144698891303055,4.057004467561039,1.128154423849085,0.5839633086902083,0.0028534780603062526,0.03479541908635886,0.29405959481387645,-1.4938824811927547,-3.957170922155599,-0.7922683011101392,0.03248628751183648,0.0005425080191769702
2.13,0.00717484088542206,1.443075254932318,-1.0150008213540211,-0.5457320546575848,0.0008789961356163392,2.8706452649245156e-05,0.05869273993973524,0.1642153132917548,0.039132925566448526,0.01602989966003929,0.006476233361292968,0.00019071368912873012,-0.029169065584470577,3.9702582174084835,1.113627476281595,0.5609140612499708,-0.00801868512975562,0.03004188168872357,0.29308962754172985,-1.3599653939042056,-3.9108254182633564,-0.7769254744033427,0.03236909350757967,0.0005544042344628502
2.14,0.0077593361383780455,1.4450580280045109,-1.0145010553400395,-0.5455349792531065,0.000943465926689111,3.0639171427011606e-05,0.05844952529559849,0.198277307219279,0.049976601398159404,0.019707540447836795,0.00644697910727718,0.00019327187777664484,-0.034351739923020395,3.8588902189718746,1.0918667552233368,0.5344495515474836,-0.018579404701576513,0.025330132436903408,0.29188176388754294,-1.242824913893625,-3.868631333312327,-0.7631718078902765,0.03221205182493942,0.000564087466739537
2.15,0.008340962939944567,1.4473694778816402,-1.0138961897007621,-0.5453023895983924,0.0010075693967558658,3.25941388111641e-05,0.058162680156652144,0.2311449877129341,0.06048656392773228,0.023258965471408804,0.006410347006675479,0.00019549673841524933,-0.03977309795752234,3.7235332604217404,1.0630034474908387,0.5047250705270976,-0.02874257354372256,0.020684409023839223,0.2904186825977217,-1.1431554776408719,-3.830874599237141,-0.7510951679696036,0.032014189843101976,0.0005715103211285462
2.16,0.008919265628808818,1.4499956101920766,-1.0131902365519796,-0.5450357728451207,0.0010712325252846084,3.4567923684069725e-05,0.057830268886425076,0.26261323104364737,0.07059531487825906,0.026661675327171248,0.006366312852874264,0.00019737848729056237,-0.04550820148699341,3.5649830638190987,1.0272216995473116,0.4719161556922291,-0.0384270156974251,0.016126714258621166,0.28868091537497137,-1.061526339963558,-3.797812825121335,-0.7407720557766182,0.03177449629379158,0.0005766348801776739
2.17,0.009493764777236912,1.4529204645113099,-1.0123878570013267,-0.544736831831868,0.0011343808933895773,3.6557007060688855e-05,0.0574499148428094,0.2924854319233261,0.08023795506528639,0.029894101325262733,0.00631483681049689,0.00019890833766191294,-0.05162561974148674,3.384194077787596,0.9847575002549267,0.4362177295215446,-0.0475574832209571,0.011676493414653266,0.28664709946438965,-0.9983788528475941,-3.769673050028924,-0.7322670678067267,0.03149194348571921,0.0005794330120393309
2.18,0.010063953199048395,1.4561262131907269,-1.0114943303834165,-0.5444074742425533,0.0011969395549593427,3.855779258078957e-05,0.05701884218114826,0.32057486794171336,0.08935266179101788,0.032935758931473276,0.006255866156976542,0.00020007855201007127,-0.0581863617320109,3.1822738436275406,0.9358970062245804,0.39784311221009006,-0.05606564904872305,0.007350386298384248,0.28429427561613524,-0.9540250133003663,-3.7466497211545713,-0.7256324591371408,0.03116551130193858,0.0005798865994079341
2.19,0.010629292435637861,1.4595932731790235,-1.0105155189530002,-0.5440498003045731,0.001258832937978608,4.05666174682682e-05,0.05653392365894671,0.3467059988296653,0.09788114304162956,0.035767393798027465,0.006189338301926524,0.00020088248874786243,-0.06524293101936761,2.960475959687997,0.8809743234381401,0.3570229079320928,-0.06389107346859207,0.003162059070390577,0.2815982302847504,-0.9286472589783905,-3.7289029268940994,-0.7209078129125601,0.030794212482860635,0.0005779876839459117
2.2,0.01118920977539255,1.463300430061742,-1.009457828315746,-0.5436660891151172,0.0013199847779416078,4.257976389411546e-05,0.05599173397546903,0.37071568827185336,0.10576906372540777,0.038371118945588804,0.00611518399629997,0.00020131464258472628,-0.07283851406047444,2.7201916889795648,0.8203687680966127,0.3140037645608462,-0.07098211540321991,-0.0008778820798034936,0.2785338795856417,-0.9222994698359819,-3.716556911859997,-0.7181198183578283,0.03037711865122628,0.0005737385219741877
2.21,0.011743095856478359,1.4672249734282954,-1.0083281639207557,-0.5432587836977408,0.001380318084409324,4.459347067222151e-05,0.05538860810858089,0.3924543366553309,0.1129664394990217,0.0407305417376323,0.0060333306467716345,0.00020137067781060526,-0.08100631233851634,2.4629402752431386,0.75450163867137,0.2690470078087568,-0.07729675555325832,-0.004761896320515158,0.2750756910685927,-0.9349091149458495,-3.709698897609008,-0.7172821581628992,0.029913386494323953,0.0005671515484637334
2.22,0.012290302896781439,1.4713428425681598,-1.007133883979606,-0.5428304749038501,0.0014397551409742481,4.6603945211241885e-05,0.054720704030307966,0.41178691398644235,0.11942799411496585,0.04283087938908062,0.005943705656492411,0.00020104745390203707,-0.08976902703999107,2.1903580525570274,0.6838325396916558,0.22242715207768882,-0.08280329711352974,-0.008485436491682125,0.27119813785430535,-0.9662804664486022,-3.7083782289524088,-0.7183955046790349,0.029402283495866908,0.0005582492478251456
2.23,0.012830143587741625,1.475628781400434,-1.005882749212816,-0.5423838842851226,0.0014982175381830884,4.860737564130617e-05,0.05398406909601861,0.42859388322742487,0.12511347667901432,0.04465906187273737,0.005846239720884018,0.00020034304300642857,-0.09913850305491391,1.9041864526184051,0.6088553056811992,0.17443029193829585,-0.08748091137031988,-0.012046806942044769,0.2668761781917659,-1.0160987877281293,-3.7126058612492967,-0.7214476229951987,0.028843212607212957,0.0005470639316255279
2.24,0.013361890680893244,1.480056501455251,-1.0045828698555694,-0.5419218460728431,0.0015556262383426972,5.0599943031524283e-05,0.053174709315161904,0.44277200548167833,0.12998793572466,0.0462038212279579,0.0057408700159608745,0.00019925673902181123,-0.1091155365721598,1.6062590316150898,0.5300935806823573,0.12535237999664695,-0.09131999987683986,-0.01544695984309695,0.26208575211706275,-1.0839353907423108,-3.7223541991273374,-0.7264135776539635,0.028235735266165914,0.0005336374251261027
2.25,0.013884777287191346,1.484598851652999,-1.0032426503797442,-0.5414472884085023,0.0016119016706057099,5.257783361304878e-05,0.05228866062981025,0.4542350197748184,0.13402194758251448,0.04745576643408239,0.0056275432263012725,0.0001977890581524497,-0.11968984761711314,1.298487654650489,0.4480961147709186,0.07549739899594066,-0.09432235165227243,-0.018689240786520026,0.2568042857138814,-1.1692534482348025,-3.7375572917437903,-0.7332560385393762,0.0275795922115909,0.000518020666378003
2.2600000000000002,0.014397997899756558,1.4892279935691506,-1.001870732408388,-0.5409632139766644,0.0016669638543035346,5.4537250922848854e-05,0.05132206125652114,0.4629141916151528,0.13719179713563837,0.04840744318379509,0.005506218369782479,0.00019594173098000739,-0.1308402156808462,0.9828479895649849,0.3634318437302646,0.025175438198763445,-0.09650108231998988,-0.021779095728295336,0.2510111925720507,-1.2714144404867613,-3.7581113841199163,-0.7419256803453772,0.026874721602574873,0.0005002732234753694
2.27,0.01490071014068033,1.4939155808296156,-1.0004759363114417,-0.5404726801959073,0.001720732548164905,5.6474427785262815e-05,0.05027122409237709,0.4687587260465042,0.13947960969461612,0.04905337807569971,0.005376869386137025,0.00019371768624139608,-0.14253477329667785,0.6613644733058059,0.2766848214781582,-0.02529931365820204,-0.09788035152176333,-0.024723751947676446,0.24468836148062797,-1.3896851134076416,-3.7838758183965173,-0.7523616690307843,0.026121274029837025,0.00048046273737504993
2.2800000000000002,0.015392037222197527,1.4986329412546135,-0.9990672019775839,-0.5399787791265314,0.0017731274228242383,5.8385638051712326e-05,0.04913270815171977,0.4717360424998025,0.1408734333857786,0.049390106937597274,0.005239487465933326,0.00019112102664495118,-0.15473144921463922,0.33609492238373223,0.18844907680448053,-0.0756106442716642,-0.09849486452063616,-0.027531885640790232,0.23782061922541242,-1.523244825076096,-3.8146742732185333,-0.7644922278010945,0.02531962410145177,0.0004586642993775027
2.29,0.01587107110208864,1.5033512603583816,-0.9976535292564978,-0.5394846172546472,0.001824068253878826,6.0267208023552035e-05,0.04790338798911128,0.4718319103768183,0.14136727210861227,0.04941618718840991,0.005094083105458769,0.00018815699718397114,-0.16737854987903913,0.009114964138603677,0.09932346645076663,-0.12544244590428294,-0.09838917287730653,-0.03021328811458185,0.23039615761417134,-1.6711931611876905,-3.8502963240175045,-0.7782352744413874,0.024470378390679053,0.0004349597738510865
2.3000000000000003,0.016336876302869976,1.5080417648176578,-0.9962439185587971,-0.5389932953112124,0.0018734751326886605,6.211552748875089e-05,0.0465805200781335,0.46905044592762113,0.14096106977005937,0.049132194343478444,0.004940687880983438,0.0001848319465198862,-0.18041546537019523,-0.3174975326902573,0.009906595472349209,-0.1744808771702041,-0.0976167968319468,-0.032778541365656166,0.22240691452771452,-1.8325577060127927,-3.8904993018749012,-0.7934991212683359,0.023574379646067126,0.0004094370780034233
2.31,0.016788494354420584,1.5126759045434592,-0.9948473120874944,-0.5385078882816026,0.0019212686921174236,6.392706030980602e-05,0.04516180515506085,0.4634139725801457,0.13966064713027204,0.04854070296099177,0.004779355942876306,0.00018115328210551276,-0.193773483936142,-0.6416778513325776,-0.07920812678759058,-0.2224165382786374,-0.0962391980701065,-0.0352387122447223,0.21384889986653166,-2.0063018640975345,-3.9350104240605357,-0.8101832285795443,0.02263270727781052,0.0003821894313996155
2.32,0.017224948810422015,1.5172255320275936,-0.9934725361556633,-0.5380314257564777,0.0019673703444770476,6.569835450782326e-05,0.04364544560014311,0.45496274841342627,0.13747759318310884,0.04764625251248796,0.004610165235962417,0.00017712941980172433,-0.20737669777661993,-0.9613894727981217,-0.1674372308538391,-0.2689466383474297,-0.09432463563349425,-0.03760507254707557,0.20472245868190675,-2.19133263866646,-3.983529165378015,-0.828179002258594,0.021646674244282862,0.00035331458845133115
2.33,0.01764525078057114,1.5216630776866422,-0.9921282450203348,-0.5375668727681391,0.0020117025290503805,6.742605179590504e-05,0.04203019701491272,0.44375456590485396,0.13442911353285739,0.04645529883386278,0.004433218457333291,0.00017276972880817722,-0.2211429818773066,-1.2746386113172343,-0.2542116726124986,-0.3137771325302525,-0.09194693976138602,-0.03988885037731066,0.1950324654769515,-2.3865082850672534,-4.035729836222431,-0.8473706261442104,0.020617820563580275,0.00032291406722293153
2.34,0.018048404913153803,1.5259617199906217,-0.9908228666332818,-0.5371171112484248,0.002054188966716161,6.910689652370842e-05,0.040315413258266417,0.42986423039793764,0.13053783870529753,0.044976151971437235,0.004248643766578056,0.0001680844727803377,-0.2349850274173553,-1.579488088486776,-0.3389810080169701,-0.35662480641994154,-0.08918423850495971,-0.042101016136157576,0.18478844555095103,-2.59064577116136,-4.091264330848501,-0.8676359198882224,0.01954790376219701,0.000291092387608998
2.35,0.018433415756383555,1.5300955492396768,-0.989564550675913,-0.536684922234653,0.002094754919377593,7.073774400411383e-05,0.03850108432297509,0.41338292490551365,0.12583159573687647,0.04321890137717671,0.004056595266143229,0.00016308474804054118,-0.24881141155148306,-1.8740704099887038,-0.4212172126128153,-0.39721928535229534,-0.08611767026626693,-0.044252104591659736,0.17400462124464963,-2.8025279908222496,-4.149765007816898,-0.888847213302302,0.018438886642819938,0.0002579563312393831
2.36,0.018799294422015226,1.5340397239383106,-0.9883611192087824,-0.5362729689393991,0.0021333274520908595,7.23155682022135e-05,0.03658786656316729,0.3944174698633744,0.12034314671305535,0.04119532952539264,0.0038572532713266263,0.0001577824198099666,-0.2625276861426007,-2.156599926027171,-0.5004181100467106,-0.43530494692549304,-0.08283011229064208,-0.046352072806386424,0.16269988292737875,-3.0209106911703367,-4.210847663957521,-0.9108722286169125,0.017292922802942656,0.00022361423438998238
2.37,0.019145065471189472,1.5377706188109592,-0.9872200202270764,-0.5358837807882184,0.0021698356959943023,7.38374687761211e-05,0.034577104917424634,0.37308948726487373,0.11410989817059866,0.03891881511806883,0.003650824390344289,0.000152190057390761,-0.2760374692201077,-2.4253839759118265,-0.5761103828770048,-0.4706427162465623,-0.0794049509642678,-0.04841019226485055,0.1508976864571331,-3.2445290883902334,-4.274114563456285,-0.9335749626333635,0.01611234036405969,0.00018817532376418599
2.38,0.019469773940256438,1.5412659636032346,-0.9861482843727178,-0.5355197385170595,0.0022042111103448944,7.530067746824787e-05,0.032470846906696424,0.34953447922755027,0.10717358543586472,0.03640422711589609,0.0034375414350591954,0.00014632086921267633,-0.2892435244847004,-2.6788329379452525,-0.6478521484944723,-0.5030117250733692,-0.07592491491931352,-0.05043497241651951,0.1386258805609404,-3.472104160517766,-4.339157484799986,-0.9568165614239936,0.014899624377391433,0.00015174910332060594
2.39,0.01977249242342521,1.5445049719178658,-0.9851524850123015,-0.5351830604082949,0.002236387742168912,7.670256385451072e-05,0.030271848316877428,0.3239008314631291,0.09957993604163876,0.03366781087645653,0.00321766318240178,0.0001401886386262844,-0.3020488159882401,-2.915469127356847,-0.7152350925213351,-0.5322108180831524,-0.07247098680689446,-0.05243411202539827,0.12591646906087528,-3.7023486180791276,-4.405560750237762,-0.9804561810061407,0.013657398357471479,0.00011444479842818642
2.4,0.02005232812941233,1.5474684594412962,-0.9842387018487943,-0.5348757897312971,0.0022663024822220552,7.804064046726114e-05,0.027983570598711822,0.2963487523430309,0.0913783163507243,0.030727067699777254,0.0029914740053143354,0.0001338076612750431,-0.3143575271031646,-3.1339345068464404,-0.7778861614218748,-0.5580598919174555,-0.06912140449165705,-0.05441447418907408,0.11280531406641854,-3.933972564600111,-4.472904205047624,-1.0043518282604817,0.01238840536172165,7.637086160802329e-05
2.41,0.0203084298307073,1.5501389510240853,-0.9834124881945967,-0.5345997834405428,0.002293895316124822,7.931256731537537e-05,0.025610170129497213,0.2670491582789034,0.08262136541975448,0.027600629075432266,0.0027592833902766747,0.0001271926848114237,-0.3260760349762443,-3.332997195746816,-0.8354688249668442,-0.5804010553301406,-0.0659507576313847,-0.056382080629841735,0.099331787143658,-4.165688868533709,-4.54076611712175,-1.0283611772593733,0.011095488985533848,3.763454205340578e-05
2.42,0.020539994626502273,1.552500776183916,-0.9826788419949172,-0.5343567021715834,0.0023191095696865993,8.051615583176137e-05,0.02315647957949728,0.2361825159830663,0.07336461996794721,0.02430812689594139,0.0025214253561777417,0.00012035885163859964,-0.3371138337539155,-3.511556784297406,-0.8876839274168578,-0.599099601625074,-0.06302918134604951,-0.05834212082940493,0.08553837605450462,-4.396218275902963,-4.608725971078807,-1.0523423570911825,0.009781574582299045,-1.6584809146304147e-06
2.43,0.020746274443597786,1.5545401527024476,-0.9820421806541052,-0.5341480015630786,0.002341892147552052,8.164937228436119e-05,0.02062798170955114,0.20393765185316018,0.0636661340811992,0.020870060850474707,0.002278257786545273,0.0001133216452599827,-0.3473844018927595,-3.6686484785048807,-0.9342701536084204,-0.6140447875119293,-0.06042164510395409,-0.06029897172902299,0.07147025495225236,-4.624294298813535,-4.676367135138397,-1.0761547081868388,0.008449650950627966,-4.1404402225034894e-05
2.44,0.02092658220354316,1.556245258085035,-0.9815063196841862,-0.5339749249216444,0.0023621937643919996,8.271034069141604e-05,0.018030775994537597,0.17051053825873858,0.05358609699189952,0.017307664143419818,0.0020301616839947688,0.0001060968407054838,-0.35680601075299473,-3.8034461180785355,-0.9750041423651428,-0.6251504154636436,-0.05818733215350913,-0.06225622401009645,0.05717482595707039,-4.84866791891388,-4.743279383211791,-1.099659505050319,0.007102752661210901,-8.150153678843352e-05
2.45,0.021080297588747757,1.557606288744217,-0.9810744551647838,-0.5338384972356717,0.002379969167914808,8.369734528519381e-05,0.015371538520459572,0.13610306591820087,0.043186451940242176,0.013642768597273968,0.0017775403522808464,9.870045937777693e-05,-0.3653024733452167,-3.915264124584842,-1.009700284688857,-0.6323552194928013,-0.056379102844956064,-0.06421671135642804,0.04270123986156094,-5.068112146885615,-4.809061258935073,-1.1227206441419286,0.005743943127737666,-0.00012185051162602557
2.46,0.02120687234516916,1.5586155068528946,-0.9807491499772282,-0.5337395205346523,0.0023951773529909196,8.460883257045729e-05,0.012657475642140039,0.10092181086776139,0.0325305187555558,0.009897670101935332,0.0015208185076111616,9.11487285263488e-05,-0.3728038334971504,-4.003558448972732,-1.0382102478962585,-0.63562305696896,-0.055043034017821624,-0.06618253954152076,0.028099903384216637,-5.28142647919958,-4.873322272563073,-1.1452052964404418,0.004376298464010427,-0.00016235441068971148
2.47,0.02130583506432707,1.5592672748905627,-0.9805323237531429,-0.5336785705819886,0.002407781766161075,8.544341302459861e-05,0.009896271915791203,0.06517680376681373,0.021682622408523713,0.006094995266373076,0.0012604413170155425,8.345804541413217e-05,-0.3792469967715374,-4.067926596791276,-1.0604222692295082,-0.6349429115272507,-0.05421802623765348,-0.0681551126594625,0.013421979951294218,-5.48744129178549,-4.935684925634466,-1.166984524898416,0.003002892116196543,-0.0002029188796172031
2.48,0.021376795392712596,1.5595580779753941,-0.9804252464592488,-0.5336559948818139,0.002417750499737762,8.619986248554055e-05,0.007096032838552401,0.029080308483146994,0.010707729389414864,0.0022575700174699612,0.000996873357668705,7.564494609419413e-05,-0.38457630515366265,-4.108106815669741,-1.076260263459299,-0.6303287142915472,-0.0539354709897053,-0.0701351542883355,-0.0012811095037867388,-5.685022207080001,-4.995786562004104,-1.1879338675883162,0.0016267802176567528,-0.00024345219829881445
2.49,0.021419447622097104,1.5594865341362296,-0.980428535525494,-0.5336719119740323,0.0024250564746105866,8.68771232711908e-05,0.004265222938450984,-0.007154383916442894,-0.000328906624523213,-0.0015917092218367878,0.0007305974872824491,6.772607856502419e-05,-0.38874405780394616,-4.123976532970901,-1.0856827886700056,-0.6218189924322228,-0.054218970895265395,-0.07212272184538548,-0.015958179735477696,-5.8730744663108005,-5.053281047130598,-1.207933887803011,0.00025098758564571784,-0.00028386532944557196
2.5,0.02143357361976044,1.5590533927316854,-0.9805421564127582,-0.5337262119865698,0.002429677610732289,8.747430507045038e-05,0.0014125997663332565,-0.04331414045441379,-0.011362088726420898,-0.005430001253748107,0.0004621136121702236,5.971817992595871e-05,-0.3917109800195392,-4.115550132078539,-1.0886819128301062,-0.6094763555514557,-0.05508410751728077,-0.07411721283701789,-0.03055876286344069,-6.050547333033185,-5.107840280337879,-1.2268706927141326,-0.0011215057348157452,-0.0003240719513497326
2.5100000000000002,0.021419045063254375,1.5582615212689603,-0.9807654265090368,-0.5338185584096743,0.002431596984097477,8.799068564057332e-05,-0.001452855650606392,-0.07918714627251229,-0.022327009627850267,-0.009234642310453314,0.00019193733651880614,5.163805701229286e-05,-0.39344664196870044,-4.082976153729438,-1.0852820210239418,-0.5933868314826718,-0.05653825326097017,-0.07611736214026565,-0.04503357344754216,-6.21643854705985,-5.159155547091842,-1.2446364224008393,-0.002487777474609347,-0.0003639884827373091
2.52,0.021375824950025313,1.5571158809130239,-0.9810970222388548,-0.5339483910539221,0.002430802968837158,8.8425711339136e-05,-0.004322011322906043,-0.1145640355936407,-0.03315957298179613,-0.012983264424776432,-7.940152603187322e-05,4.350256985626806e-05,-0.39392982777044827,-4.026534004425242,-1.0755385995004274,-0.5736590637820917,-0.058580426144744235,-0.07812122987025572,-0.05933495224368135,-6.369798840221243,-5.206938720121767,-1.261129711139061,-0.003844975773465262,-0.0004035341070547895
2.5300000000000002,0.021303968358097548,1.5556234910083828,-0.9815349892692729,-0.5341149301512857,0.0024272893628471464,8.87789975111233e-05,-0.007185659192776571,-0.14923899046411615,-0.04379670304181253,-0.01665390973636347,-0.00035136059900116724,3.532861719872977e-05,-0.3931488541299161,-3.946630247578238,-1.059537028110797,-0.5504233836070025,-0.06120118869916369,-0.08012617980627779,-0.0734172842327066,-6.5097365170682915,-5.250923319464462,-1.2762561227902487,-0.005190331499723292,-0.00044263080274284784
2.54,0.021203622440144856,1.5537933829613721,-0.9820767556967614,-0.5343171815570718,0.002421055495157724,8.905032874283017e-05,-0.010034591795269127,-0.18301080470106232,-0.054176642748854954,-0.02022514057860543,-0.0006233867689422383,2.713312317068664e-05,-0.39110183606779214,-3.843794545030813,-1.0373914074766082,-0.5238307686897112,-0.06438259482445186,-0.08212884876993232,-0.08723738677634915,-6.635422094886226,-5.290865442229485,-1.289928561955703,-0.006521170281392556,-0.00048120338506751046
2.5500000000000003,0.021075025639746118,1.551636543851837,-0.9827191481019267,-0.5345539430096059,0.0024121063130477893,8.923965898460613e-05,-0.012859680039873894,-0.2156839109535191,-0.0642392405165317,-0.023676145253417127,-0.0008949182109934627,1.8933024177595838e-05,-0.3877968953842321,-3.718675307328186,-1.0092434414952947,-0.4940517019115944,-0.06809819096766168,-0.0841251077972538,-0.10075486398830887,-6.7460929884261445,-5.326544573104449,-1.3020676622777945,-0.007834924233903504,-0.0005191795639467658
2.56,0.02091850612552714,1.5491658501601264,-0.9834584103630412,-0.5348238114040909,0.002400452446723108,8.934711153416582e-05,-0.0156519514218978,-0.24706936917104955,-0.07392622611144233,-0.026986839448491368,-0.0011653866324681282,1.07452549559696e-05,-0.3832523054798845,-3.57203510102233,-0.9752613897614655,-0.46127494152296045,-0.07231308033087802,-0.08611001641585814,-0.1139324236411334,-6.841058215773972,-5.357764286382132,-1.312602152885646,-0.009129143327919281,-0.0005564900209731058
2.57,0.02073447944632642,1.5463959920095518,-0.9842902251240123,-0.5351251910369342,0.0023861102492306312,8.937297886152025e-05,-0.018402667920071884,-0.2769858150574548,-0.08318147609711465,-0.03013796328433287,-0.0014342197492476843,2.5867327354424375e-06,-0.377496564145058,-3.4047458507363113,-0.9356390983332106,-0.4257062144134256,-0.07698406084097975,-0.08807777184513488,-0.12673615318868336,-6.919703092951129,-5.384352849648277,-1.321469203515692,-0.010401506298776324,-0.0005930685075358962
2.58,0.020523445418559293,1.5433433883368475,-0.9852097378172986,-0.5354563027768977,0.0023691018091855716,8.93177222458551e-05,-0.021103402776712868,-0.3052603672704243,-0.09195126932862634,-0.03311117399634547,-0.0017008440045059798,-5.525661566516183e-06,-0.3705683840671751,-3.217783863107307,-0.890595111175993,-0.3875668430700916,-0.08205984914731834,-0.09002165547586172,-0.13913575179772802,-6.98149387635953,-5.406163738281038,-1.3286147483044788,-0.011649830960637444,-0.0006288519646377571
2.59,0.02028598426563532,1.5400260934147034,-0.9862115831468242,-0.5358151941195083,0.0023494549338618506,8.91819711842338e-05,-0.023746115292397334,-0.33172949221439707,-0.10018453295256745,-0.03588913426106197,-0.0019646875323720923,-1.3575106162130342e-05,-0.362516589253997,-3.012224689398304,-0.840371858731203,-0.3470923160441899,-0.08748140380575231,-0.09193397955117755,-0.1511047156747802,-7.025982304219864,-5.423076068645258,-1.3339937876712475,-0.01287208375605016,-0.000663780663720592
2.6,0.02002275203860907,1.5364636951620003,-0.9872899139396955,-0.5361997500811703,0.002327203100256123,8.89665225222047e-05,-0.026323222702624893,-0.3562398252703181,-0.10783307928712323,-0.03845559616619757,-0.0022251833605727565,-2.1544866202909553e-05,-0.35339990449017955,-2.7892378338512165,-0.7852349145394908,-0.3045308108686946,-0.09318236090433141,-0.09380603754042116,-0.1626204744634175,-7.052809980876508,-5.434994956384643,-1.33757066710142,-0.014066388347654387,-0.0006977983666113246
2.61,0.019734475357164143,1.532677205689786,-0.9884384322780398,-0.5366077048891994,0.002302385371896051,8.867233924763684e-05,-0.028827668144492512,-0.37864894722144243,-0.11485183383444167,-0.0407954808029095,-0.00248177283600724,-2.9418327456786135e-05,-0.34328662450267056,-2.5500813060134,-0.7254723058155814,-0.2601416775562271,-0.09908959454518174,-0.09562806225566545,-0.17366447708230132,-7.061712541418431,-5.441851804590416,-1.3393193310299898,-0.01523103304505028,-0.0007308525016028051
2.62,0.019421945520434948,1.5286889445449856,-0.9896504228232175,-0.5370366544234699,0.002275046279437793,8.830054888180698e-05,-0.03125298367291936,-0.39882611448002714,-0.12119905451776605,-0.04289495342705778,-0.0027339092458257917,-3.717903658298606e-05,-0.3322541498593594,-2.2960960075451844,-0.6613938594399191,-0.2141938900513889,-0.10512391270420651,-0.09738919625838727,-0.18422222607383906,-7.052523528649836,-5.443604524921127,-1.3392235494268567,-0.01636447685739107,-0.0007628943517345794
2.63,0.01908601204788584,1.5245224151299015,-0.9909187882436727,-0.5374840693644322,0.002245235663495311,8.78524413963202e-05,-0.03359334725491061,-0.41665294150840393,-0.12683654204552489,-0.04474149409622252,-0.0029810615942481703,-4.481074854867888e-05,-0.32038837789826563,-2.028699937588965,-0.5933305610989731,-0.16696447234008183,-0.11120089596862703,-0.09907747950876056,-0.19428326032644333,-7.025177910186744,-5.440237693026701,-1.337277114125035,-0.01746535397145274,-0.0007938792505582508
2.64,0.01872757572125273,1.520202174794167,-0.9922360866545803,-0.53794730900086,0.0022130084786700253,8.73294665812599e-05,-0.035843632663310934,-0.4320240335734519,-0.1317298410907544,-0.04632396364277595,-0.003222718482528572,-5.229748150602864e-05,-0.3077829392774852,-1.7493821957891253,-0.5216339023347178,-0.11873690539027848,-0.1172318824854841,-0.1006798594615474,-0.20384108689762562,-6.979715160495172,-5.4317626379464325,-1.3334840014271787,-0.01853247647531882,-0.0008237667800826138
2.65,0.018347581209105474,1.5157536991172609,-0.9935945709720241,-0.5384236356487858,0.0021784245584028656,8.673323078938645e-05,-0.03799945121472567,-0.44484756769059863,-0.13584843174437902,-0.04763266479258361,-0.0034583920267159548,-5.9623579187345316e-05,-0.2945382740981846,-1.4596967585895013,-0.4466751881087614,-0.06979952072604512,-0.12312509719082576,-0.10218222885984629,-0.21289306356988247,-6.916281831150699,-5.418217463555172,-1.3278584970947218,-0.019564835178249484,-0.0008525209652064038
2.66,0.017947009365553587,1.5112032409240885,-0.9949862300766517,-0.5389102296306467,0.002141548341044434,8.606549298352969e-05,-0.04005718435518886,-0.45504581931723365,-0.1391659104627609,-0.04865939818608509,-0.003687621735843154,-6.677378058567633e-05,-0.28076054597021893,-1.1612560025525553,-0.3688447761995257,-0.020443886156404467,-0.12878691717407786,-0.10356949626345574,-0.22144023467885637,-6.83513353259915,-5.399666998667138,-1.3204252794841145,-0.02056159841599085,-0.000880110458764911
2.67,0.017526869303596027,1.506577684603479,-0.9964028316715656,-0.5394042047607049,0.0021024485584179775,8.532816001975837e-05,-0.04201400619575613,-0.4625556320609398,-0.14166015949140215,-0.04939751300582681,-0.003909978262645679,-7.373329637713202e-05,-0.2665603977750869,-0.8557239481475046,-0.28855121932440875,0.029036810890725295,-0.13412325809855008,-0.10482569382484086,-0.2294871236219894,-6.7366362523260745,-5.376202671107603,-1.3112194563612616,-0.021522108775421375,-0.0009065087113357568
2.68,0.01708819035118977,1.5019043963295786,-0.997835966706721,-0.5399026242793461,0.002061197889111561,8.452328110755247e-05,-0.043867895240625746,-0.4673288273900402,-0.14331350351553862,-0.049841951864114886,-0.0041250669306416386,-8.048789122058991e-05,-0.2520515590655431,-0.5448091987208277,-0.20622028133792553,0.0783493769644994,-0.1390410592857929,-0.10593412595265234,-0.2370414862438157,-6.6212669376677304,-5.347942299957615,-1.3002865508110815,-0.022445877720421073,-0.0009316941201561416
2.69,0.016632014003865575,1.49721107081871,-0.9992770952274428,-0.54040251717493,0.0020178725797498852,8.365304140001516e-05,-0.045617634732419476,-0.4693325510868432,-0.14411285207218108,-0.04998928955839686,-0.004332530936167589,-8.702397075373004e-05,-0.23734932177203427,-0.230257552129559,-0.122293800176717,0.12720221751312788,-0.14344983780905074,-0.10687756126587733,-0.2441140299620013,-6.489613276558998,-5.315029799286046,-1.2876824316741593,-0.023332578149466588,-0.0009556501518788793
2.7,0.016159385991265793,1.4925255752888997,-1.0007175934880845,-0.5409008948275519,0.001972552038525245,8.271975468194845e-05,-0.04726280125997827,-0.4685495529810237,-0.14404982606417502,-0.049837765262186876,-0.004532054122464047,-9.332867180667153e-05,-0.22256890782956323,0.08615573329954494,-0.0372283723768896,0.17530692730941538,-0.14726327523708038,-0.10763846864142049,-0.25071810401329214,-6.342372616324001,-5.277634786021792,-1.2734731840940117,-0.024182034962097892,-0.0009783654344123858
2.71,0.01567134857598874,1.4878757913253589,-1.0021488021536027,-0.5413947679044276,0.0019253184062681139,8.17258551410272e-05,-0.04880374152770526,-0.4649783963540893,-0.14312086655181785,-0.04938730768757703,-0.004723363225713096,-9.93899540921258e-05,-0.20782375909526338,0.40263403133907266,0.048506163064710915,0.2223798602796061,-0.1504007950753189,-0.10819929623903199,-0.2568693665369089,-6.1803499691468105,-5.23595208419461,-1.2577349160504319,-0.02499421375382066,-0.0009998338137216563
2.72,0.015168933201352782,1.4832894553920901,-1.0035620753922792,-0.5418811634317593,0.0018762561112637994,8.067388822682776e-05,-0.05024153746359582,-0.45863359332686915,-0.1413273238676498,-0.04863955273317052,-0.004906229500431445,-0.00010519669141994405,-0.19322378604972687,0.7173678051587383,0.1344284600324743,0.26814367234055014,-0.15278908502439192,-0.10854279021348996,-0.26258543436166826,-6.004455063047903,-5.190201117590134,-1.2405534971874441,-0.025769207795462094,-0.0010200543721828217
2.73,0.014653153600006333,1.47879399876669,-1.004948830642386,-0.5423571419629587,0.001825451414824296,7.956650062343895e-05,-0.05157796013464495,-0.4495456625400025,-0.13867552501067304,-0.04759785311993968,-0.005080469643950337,-0.00011073876033888174,-0.17887361680469846,1.0285434278819563,0.22004763403388056,0.3123288305799079,-0.1543635164197492,-0.10865234749811518,-0.267885521321538,-5.8156984089311985,-5.140625182922068,-1.2220242268156936,-0.02650722348243578,-0.0010390314058534916
2.74,0.014124999467702033,1.4744163877114853,-1.006300598814707,-0.5428198147581399,0.0017729919552571677,7.84064293830233e-05,-0.05281541323043001,-0.43776110552048225,-0.13517681723209854,-0.04626727951811706,-0.005245945956712842,-0.00011600712404156535,-0.16487089143871309,1.3343523564054072,0.30486547360193295,0.3546750818936557,-0.15506941402761942,-0.10851239470359729,-0.2727900707036082,-5.615186367408921,-5.087490595919557,-1.2022514286723038,-0.027208564461471976,-0.0010567743588179846
2.75,0.013585430796158612,1.4701829647284683,-1.0076090746720021,-0.5432663608849557,0.001718966298293966,7.719649028914237e-05,-0.05395686715434199,-0.4233422983016924,-0.13084758572951086,-0.04465461268158794,-0.0054025656963201584,-0.00012099390938809267,-0.15130464827847864,1.633000639287041,0.3883788981982584,0.3949328740184681,-0.1548631329833694,-0.1081087829673408,-0.2773203870546606,-5.404115213465628,-5.031085703254094,-1.1813479708464014,-0.027873614657551008,-0.0010732977135676984
2.7600000000000002,0.013035372946027787,1.4661192917771226,-1.0088661671062307,-0.5436940441462841,0.0016634635022151636,7.593956553901573e-05,-0.05500578501308249,-0.40636729513457,-0.12570924342285747,-0.04276832613283913,-0.005550279607880261,-0.00012569247501266457,-0.13825384817407516,1.9227187298112463,0.4700826606305311,0.4328647219015007,-0.15371290607834487,-0.10742918668034525,-0.28149827206867134,-5.183764212358334,-4.9717197539819065,-1.159434710212436,-0.02850282043310637,-0.001088620837165028
2.77,0.012475712525972599,1.4622499963621616,-1.010064049015187,-0.5441002297361005,0.0016065727058132257,7.463859085227901e-05,-0.05596604200551881,-0.3869295414961036,-0.11978819089563797,-0.04061855898164037,-0.005689079640193775,-0.00013009746867367276,-0.12578607995897856,2.201771565349925,0.5494722859185843,0.4682465123684274,-0.15159943359883754,-0.10646349256563088,-0.2853456686848703,-4.955487736194278,-4.909721625146732,-1.136639861739643,-0.02909667211658838,-0.001102767783701823
2.7800000000000002,0.011907294127265442,1.458598621421471,-1.0111952064626744,-0.5444824005212423,0.0015483827469595268,7.329654212945587e-05,-0.0568418398707157,-0.3651374940690508,-0.11311574474873669,-0.038217078514175835,-0.005818995885369878,-0.00013420487228231465,-0.11395648519242907,2.468468864038312,0.6260472322861077,0.5008687403138605,-0.14851619899565055,-0.10520416472441249,-0.28888431688494226,-4.72070646707766,-4.845438397366893,-1.1130982941450158,-0.029655685140010622,-0.0011157670542932842
2.79,0.011330917945726706,1.455187479962149,-1.0122524867909948,-0.5448381728438028,0.0014889818188877331,7.191642179561469e-05,-0.057637618153873554,-0.3411141459322166,-0.10572803283203257,-0.03557723225605077,-0.0059400928071793695,-0.00013801203338411757,-0.10280693318117544,2.7211755797840524,0.6993142536912482,0.5305376699354198,-0.14446950608815023,-0.10364657110398354,-0.2921354240294119,-4.480897749235899,-4.779233777612331,-1.0889507545073072,-0.030180381026968964,-0.001127651316541519
2.8000000000000003,0.010747338304889793,1.4520375154035425,-1.0132291453418807,-0.5451653117367212,0.0014284571703940894,7.050124497308378e-05,-0.05835796408369133,-0.31499645586064584,-0.09766585508860091,-0.032713889291847514,-0.006052464849364376,-0.00014151768225309123,-0.09236546857274193,2.9583224469185048,0.7687909371420304,0.5570764150129666,-0.13947824635677608,-0.10178925743121403,-0.29511935195560174,-4.2375851687675565,-4.711486367953929,-1.0643430256366462,-0.030671268475402212,-0.0011384570860581299
2.81,0.010157263076637703,1.4491681685896984,-1.0141188904325333,-0.5454617454438699,0.0013668948550156041,6.905402563140777e-05,-0.059007522825208894,-0.2869346813844054,-0.08897450906525683,-0.02964337071487618,-0.006156231537848533,-0.00014472193416760053,-0.08264604404854324,3.1784165365846877,0.8340093821200318,0.5803259327940964,-0.1335734171314843,-0.09963415599248893,-0.29785532250667984,-3.992327455225656,-4.6425877808316045,-1.0394250211731564,-0.031128824784175342,-0.0011482243732504943
2.82,0.009561353978812193,1.4465972524288373,-1.014915926227608,-0.5457255791356936,0.0013043795329244236,6.757776286293703e-05,-0.05959090978255108,-0.25709161608611025,-0.07970357950746604,-0.02638336918237234,-0.00625153220911805,-0.0001476262768470748,-0.07364854046333708,3.380051738428547,0.894519983896418,0.6001459266897857,-0.12679742211138834,-0.09718671866811346,-0.300361142700811,-3.746706813783447,-4.572940603329788,-1.0143498245419,-0.03155347787988493,-0.0011569962991486997
2.83,0.00896022771397075,1.4443408351036182,-1.0156149931462215,-0.545955107712317,0.0012409943278241492,6.607542742877245e-05,-0.06011262648414429,-0.22564173252191905,-0.06990669186134413,-0.02295285766234138,-0.006338520510027451,-0.00015023354341645801,-0.06535906685667936,3.5619190735128887,0.949895277492772,0.6164156536724867,-0.11920319372554722,-0.094455966235868,-0.30265295040186363,-3.5023168098508566,-4.502956215058674,-0.9892726789942171,-0.031945589209868196,-0.0011648186845730035
2.84,0.008354457899970831,1.4424131327724432,-1.0162114054456672,-0.5461488275880872,0.0011768207396110199,6.454994871267031e-05,-0.06057698139999188,-0.19277023311749794,-0.059641229944568275,-0.019371987577026715,-0.006417358821312924,-0.00015254787161021386,-0.05775052374592925,3.7228167377909567,0.9997337946534024,0.6290346329694998,-0.11085318167347558,-0.09145444898698407,-0.30474498113134135,-3.260749939358104,-4.433052466502043,-0.9643499369906949,-0.03230543777827338,-0.0011717396174050143
2.85,0.007744577731673871,1.440826412648375,-1.0167010856308136,-0.5463054473548162,0.0011119386120317953,6.300420221053575e-05,-0.060988016829696054,-0.15867201240681694,-0.04896801851464462,-0.015661976672900667,-0.006488212757922462,-0.0001545746502134566,-0.05078340554954153,3.8616597701348074,1.0436638825672637,0.6379232533199612,-0.10181825315251142,-0.08819811697915264,-0.30664935657046655,-3.0235850271645823,-4.36365122708989,-0.9397379781039362,-0.03263320561259988,-0.0011778090031154638
2.86,0.0071310833039212665,1.4395909072980413,-1.017080595350307,-0.5464238972255792,0.001046426153091594,6.144099767100378e-05,-0.06134944277526046,-0.1235505350333648,-0.037950971949345914,-0.011844987076296998,-0.006551245894020144,-0.00015632045395319653,-0.044406812278087994,3.9774892349811846,1.0813474303220576,0.6430232766692701,-0.09217654776974948,-0.08470610159337622,-0.3083758953393658,-2.7923746028854186,-4.295175814761886,-0.9155921054166898,-0.032928964956258015,-0.001183078104000111
2.87,0.006514437519039695,1.4387147409479937,-1.017347162457825,-0.5465033371668324,0.0009803600045950635,5.986306798907667e-05,-0.06166457848815708,-0.08761663500475256,-0.02665671075179269,-0.007943994125328379,-0.006606614849653036,-0.00015779296819271044,-0.03855963697661527,4.069480807286425,1.1124834472797849,0.6442982366918759,-0.08201232428108715,-0.08100041329587643,-0.3099319467975377,-2.568632407602899,-4.22804832137528,-0.892065431042378,-0.03319266748605716,-0.0011875990727641134
2.88,0.00589507449735876,1.4382038685203362,-1.0174987039387504,-0.546543163633837,0.0009138153559917233,5.8273058940599975e-05,-0.06193630216809351,-0.05108724276574424,-0.015154148092543502,-0.003982646700465552,-0.006654464860334014,-0.00015900090484766963,-0.03317189380838096,4.13695264681094,1.1368114368154556,0.6417337309145417,-0.071414827807072,-0.07710556348321618,-0.3113222488697176,-2.3538211862475142,-4.162686850940067,-0.8693077618831506,-0.033424135849722016,-0.0011914244861556036
2.89,0.005273404406345228,1.4380620280432017,-1.0175338444296875,-0.5465430148328959,0.0008468660966801548,5.667351983119643e-05,-0.06216700910135321,-0.014184047713442997,-0.0035140490937224152,1.488009410918062e-05,-0.006694925931156844,-0.00015995391094035424,-0.028166151948232434,4.1793724499028,1.1541145092086142,0.6353376054707418,-0.06047719602015576,-0.07304812089290841,-0.3125488112405912,-2.149340918761249,-4.099502690288301,-0.8474644970516152,-0.03362305780537585,-0.0011946068842655306
2.9,0.0046498186226812685,1.4382907069951738,-1.0174519300900466,-0.5465027744436882,0.0007795850001339541,5.50668951197053e-05,-0.06235857836639595,0.022867895197215958,0.008191433964092743,0.004024038920769005,-0.006728109654620072,-0.00016066247114911338,-0.02345904225817801,4.196363570016952,1.164222178970447,0.6251400316008766,-0.049295412129667926,-0.06885621521672508,-0.3136108256509031,-1.9565176384332834,-4.038897434349037,-0.8266755485065982,-0.03378898322065756,-0.0011971983208723426
2.91,0.004024695141610588,1.4388891230465617,-1.017253037621221,-0.5464225737459503,0.0007120439326614521,5.3455517063622417e-05,-0.06251234810706803,0.059841605138794614,0.019889246882555833,0.008020069773797541,-0.006754106747250201,-0.00016113780560828814,-0.01896280659462702,4.187710103261803,1.167012794523668,0.6111934729918502,-0.037967302515711024,-0.06455900221156374,-0.3145046054308244,-1.7765929780433836,-3.9812600906426803,-0.8070742963854818,-0.0339213241526037,-0.001199249929813528
2.92,0.0033984041488170262,1.4398542195552746,-1.0169379782693044,-0.5463027921068182,0.0006443140793062842,5.184159942277268e-05,-0.06262909927935617,0.09650965087129351,0.03150593519165594,0.011978163913209513,-0.006772985335516786,-0.00016139176408497323,-0.014586863052936496,4.153360842354669,1.1624155519439783,0.5935725428414198,-0.02659156867202793,-0.06018610574776906,-0.3152235567836238,-1.610714573758864,-3.926964189859372,-0.7887865902548546,-0.03401935818018232,-0.001200811511816659
2.93,0.002771313671685703,1.4411806760618353,-1.0165082966913808,-0.5461440557982032,0.0005764661793314708,5.022723224758254e-05,-0.06270904771313233,0.13264565065607398,0.042968157792372196,0.015873630861495014,-0.006784789997481341,-0.00016143671751901422,-0.010239364012905303,4.093432011494768,1.15041204934611,0.572373749311879,-0.015266837613100215,-0.05576705285974892,-0.3157581846398262,-1.4599274432900207,-3.8763649313708513,-0.7719298070512259,-0.03408223509975907,-0.0012019311455354616
2.94,0.002143795228782371,1.442860933907942,-1.0159662646126315,-0.5459472351274816,0.0005085707638909969,4.86143777698211e-05,-0.06275184429033319,0.16802578461065815,0.054203207874935266,0.01968206707216394,-0.00678954154404739,-0.00016128544777614415,-0.005828727111703653,4.008208705803583,1.1310373444385742,0.5477151276703083,-0.004090712638517461,-0.05133071797466915,-0.31609613609393017,-1.325166438878361,-3.8297963941663467,-0.7566119758523056,-0.034108987020935545,-0.0012026548257362045
2.95,0.0015162293985986502,1.4448852369772305,-1.0153148692512077,-0.5457134398793926,0.0004406983888574515,4.7004867406388056e-05,-0.06275658301837207,0.2024303069288665,0.06513953614236985,0.023379524808893232,-0.0067872375033545375,-0.00016095103634330418,-0.0012651219553400453,3.8981449720613,1.1043804846466094,0.5197357571230867,0.006841192468876869,-0.04690479209695475,-0.3162222844684015,-1.2072498576128194,-3.787568844922601,-0.7429309788189549,-0.034098541818015506,-0.0012030261307000322
2.96,0.0008890112309549766,1.447241687426981,-1.0145577965393129,-0.5454440130821782,0.0003729198563136573,4.5400399880398955e-05,-0.06272181676436736,0.2356450449750381,0.0757072711894773,0.026942679721437594,-0.006777853254379422,-0.00016044675259890978,0.003538102653707168,3.7638624823709246,1.070584486942899,0.4885951600340128,0.01743624832486086,-0.04251529182158453,-0.3161188568836008,-1.1068742717519777,-3.749966175641156,-0.7309738366941496,-0.03404973980338377,-0.0012030859199887146
2.97,0.0002625554269136723,1.44991631614705,-1.0136994092214755,-0.5451405231264673,0.0003053064188978136,4.3802540458153144e-05,-0.06264558040413043,0.26746287200692354,0.08583873178373297,0.030348995571079295,-0.006761343741584369,-0.00015978594222458112,0.008663064947650413,3.6061477689404677,1.0298457529516816,0.4544725810911423,0.027605839350458405,-0.03818612164997759,-0.3157656078161131,-1.0246106206460768,-3.7172435034441147,-0.7208160861570927,-0.03396135339646161,-0.0012028720628109763
2.98,-0.0003626987843140723,1.4528931675490675,-1.0127447199637614,-0.5448047542810099,0.00023792996198057496,4.221272129524887e-05,-0.06252542112277445,0.29768514020173226,0.0954689257714088,0.0335768845457379,-0.006737645691723866,-0.00015898191629042685,0.014186083208276492,3.4259480061753367,0.9824129138917337,0.4175661439468996,0.03726642428820734,-0.033938701202017085,-0.3151400404816767,-0.9609015840196147,-3.689624964654188,-0.7125212551294994,-0.03383210946920365,-0.001202419196372574
2.99,-0.0009862831400717117,1.456154398156702,-1.011699359659834,-0.5444386956648679,0.00017086315951316146,4.063224287983036e-05,-0.06235843557576395,0.3261230607634413,0.104536030392723,0.03660586161420003,-0.006706680246741349,-0.00015804784154185066,0.02017650862261224,3.224365345446817,0.9285851092823801,0.3780918831067712,0.046340614831707705,-0.029791666597592303,-0.31421767697763964,-0.9160602343450588,-3.6673017341516676,-0.7061404408406614,-0.033660713960189874,-0.0012017585128438792
3.0,-0.0016076962758378806,1.4596803883385348,-1.0105695411704796,-0.544044528750857,0.00010417960028340135,3.9062276555452726e-05,-0.06214131357661688,0.3525990181832688,0.11298184893545236,0.039416691401098505,-0.006668355922976011,-0.00015699663243776347,0.02669567089410039,3.00264982793622,0.8687097128857392,0.3362826493254172,0.05475825017241048,-0.025760652582967614,-0.3129723769757108,-0.890269944376247,-3.650430299172709,-0.7017119941030627,-0.033445878268229874,-0.0012009175729779011
3.0100000000000002,-0.002226400155026352,1.4634498664006543,-1.0093620187816104,-0.5436246134896597,3.795388221913799e-05,3.7503868100136104e-05,-0.06187038791884716,0.3769478062119542,0.120752238886932,0.04199152611972639,-0.006622571806426336,-0.00015584084553166234,0.03379594923979455,2.762190921479563,0.8031795288857624,0.2923868875646445,0.06245743751961105,-0.02185815899838439,-0.3113767033998531,-0.8835855051800863,-3.6391310141831457,-0.6992613118568676,-0.033186346866962244,-0.0011999201439968077
3.02,-0.002841817053684256,1.4674400441384639,-1.008084043711035,-0.5431814731578748,-2.7738326743386956e-05,3.5957942331729434e-05,-0.06154168986579042,0.399017773780947,0.1277975070575366,0.04431403317849833,-0.006569220896252494,-0.00015459257684066708,0.041519980752428735,2.5045077479524447,0.7324294905966366,0.24666728768373503,0.0693855232069012,-0.018093502051073296,-0.3094023320061111,-0.895935390746823,-3.6334869602458006,-0.6988007386353918,-0.032880925527870905,-0.00119878605916328
3.0300000000000002,-0.003453327151237802,1.4716267628382071,-1.0067433160356298,-0.5427177780460912,-9.282026187965252e-05,3.442530870267738e-05,-0.06115100975535461,0.41867186997432587,0.13407276754050879,0.04636951117836168,-0.006508193513626556,-0.00015326336290520594,0.04990001692348914,2.23123808799819,0.6569329028340611,0.19939930947996665,0.07549995646291818,-0.014472847726162863,-0.3070205001678402,-0.9271250879712882,-3.6335431284367545,-0.7003295762103698,-0.032528509503651964,-0.0011975310964795836
3.04,-0.004060266771955323,1.4759846486201507,-1.0053479334472561,-0.5422363281146747,-0.000157214068879523,3.2906667839719134e-05,-0.06069396207175213,0.4357885781943499,0.1395382588373638,0.048144993141654324,-0.006439380699987049,-0.00015186408629582425,0.05895743733137999,1.9441262693504162,0.5771972772603701,0.15086958543742846,0.08076900855290314,-0.010999321703244413,-0.304202488541854,-0.9768413959184099,-3.6393059424220198,-0.7038341993202432,-0.0321281110094881,-0.001196166874213116
3.0500000000000003,-0.004661927314338627,1.4804872759288177,-1.003906337277184,-0.5417400347551125,-0.00022084084425174982,3.1402618976052436e-05,-0.060166054238330345,0.45026273086670054,0.14415961700722418,0.049629335956226275,-0.006362677537222683,-0.00015040488636667,0.06870242710462536,1.6450100631601086,0.4937598173213502,0.10137420656738438,0.08517231371986633,-0.007673187515809254,-0.30092012773810783,-1.044657586177459,-3.6507431303687317,-0.7092882740904318,-0.031678885348187955,-0.0011947007614186726
3.06,-0.00525755489724634,1.485107337902598,-1.0024272562543568,-0.5412319018033132,-0.0002836207075697388,2.9913668215231862e-05,-0.0595627582907713,0.4620061973780505,0.1479081022827018,0.050813295179929246,-0.006277986331798899,-0.00014889507608205747,0.0791338218598597,1.335806729132149,0.40718261563601243,0.05121689894590009,0.08870120478424987,-0.0044920825411670084,-0.29714632073036096,-1.1300393070433454,-3.6677839510452657,-0.7166530745437065,-0.03118015505696731,-0.001193135802286497
3.0700000000000003,-0.005846350742289554,1.4898168222966575,-1.0009196484821248,-0.5407150059580412,-0.00034547290371847607,2.8440237557739087e-05,-0.058879584504321354,0.4709484394059389,0.15076077722320957,0.05168958452719067,-0.006185219614873729,-0.00014734306574927758,0.09023912053449727,1.0184983644547065,0.3180476317070932,0.0007071009484103108,0.09135882476771678,-0.0014512998566200974,-0.2928555706166827,-1.2323511084103087,-3.690319773391578,-0.7258778914914643,-0.030631431508385078,-0.001191470653949529
3.08,-0.006427472302070244,1.4945871915902844,-0.9993926421307614,-0.5401924767625597,-0.00040631593292439765,2.6982674612985723e-05,-0.058112155978069055,0.4770369293627052,0.1527006351363405,0.05225291954815339,-0.00608430292059216,-0.00014575629447533645,0.10199466306736313,0.6951167230460948,0.22695152144746938,-0.049842046390140116,0.09316000570825178,0.0014558968891149049,-0.28802450254483547,-1.3508634616896975,-3.718205003159505,-0.7369005271110152,-0.030032433473894577,-0.001189699538280459
3.09,-0.007000035133355302,1.4993895658833052,-0.9978554753490047,-0.5396674763104774,-0.0004660677060706779,2.554126291171394e-05,-0.057256283128505864,0.4802374293020858,0.15371667817567758,0.052500045208229505,-0.005975177314628024,-0.00014414117012717849,0.11436596642524484,0.3677276801830286,0.13450039214813217,-0.10011578103957741,0.09413091607280766,0.004237938639552158,-0.2826323682193561,-1.4847601497253429,-3.7512583445861214,-0.7496478676654097,-0.02938310225274875,-0.0011878122091383756
3.1,-0.007563115503529408,1.5041949071762781,-0.9963174358969562,-0.5391431788376978,-0.0005246457226142198,2.4116232726562072e-05,-0.056308037017410516,0.4805341292973003,0.15380394520484908,0.05242974727796488,-0.005857801654354189,-0.00014250301851518666,0.12730820921613484,0.03841552281381247,0.04130455707239608,-0.14979985653392705,0.09430848803749992,0.006904608727158243,-0.276661521443035,-1.633145905430129,-3.789264379629845,-0.7640365261238398,-0.02868361307766123,-0.0011857939374213403
3.11,-0.008115753707907835,1.5089742036358769,-0.9947878009950734,-0.5386227503612407,-0.0005819672683195708,2.270777230215589e-05,-0.0552638204378426,0.4779296459598693,0.1529634901882838,0.052042847645706845,-0.005732154570535112,-0.0001408460424406184,0.14076685223434549,-0.290732752411822,-0.05202663718584864,-0.1985827142330926,0.09373964467860696,0.009466704873118834,-0.27009785362765826,-1.7950541844599597,-3.8319754422237717,-0.7799735459021668,-0.027934382626840226,-0.001183625517080745
3.12,-0.008656958064983764,1.5136986524698297,-0.9932757778699285,-0.5381093285225963,-0.0006379496299994895,2.131603939063318e-05,-0.05412043570759295,0.47244488339529167,0.1512023125144921,0.05134218386444504,-0.0055982361679918595,-0.0001391732911522707,0.15467837987355668,-0.6176429532626013,-0.1448898400868642,-0.24615767035067693,0.09248035425513357,0.011935715470350224,-0.26293117912202635,-1.9694549663457708,-3.879113760430405,-0.7973571565715262,-0.027136072594344928,-0.001181283295896397
3.13,-0.00918570954669612,1.518339840074348,-0.9917904454572897,-0.5376060027882451,-0.0006925103244914522,1.994117298413578e-05,-0.05287514817123547,0.46411876045183054,0.14853324126388245,0.05033257343511915,-0.005456069449196268,-0.00013748664064974032,0.16897114550544098,-0.940268843594241,-0.23669251696728807,-0.2922250954504597,0.0905945439136372,0.014323518413030457,-0.25515556150715285,-2.155262489718278,-3.9303738354476625,-0.8160775721817457,-0.02628958939142911,-0.001178739235247477
3.14,-0.009700966991576443,1.5228699181701508,-0.9903406976974181,-0.5371157951531698,-0.0007455673391931756,1.8583305132596854e-05,-0.05152574448803228,0.4530078095802905,0.14497477598716077,0.04902076350753116,-0.005305701470172346,-0.00013578678515389258,0.18356630269566018,-1.2566067670264025,-0.32685749861140495,-0.33649456325781735,0.08815290815741283,0.01664210874111946,-0.24676957363324561,-2.351342840129701,-3.985425023228456,-0.8360178228153959,-0.025396080164975153,-0.0011759610033059522
3.15,-0.010201672840379237,1.527261774709717,-0.9889351888269117,-0.5366416414847398,-0.0007970393816174712,1.7242572733161822e-05,-0.050070584880279385,0.43918565395662285,0.14055088705064298,0.04741536684299495,-0.0051472042424295485,-0.0001340732399435032,0.19837880352139534,-1.5647095894642284,-0.41482720680677554,-0.3786869452178925,0.0852316483258857,0.018903359324490856,-0.23777648603587528,-2.5565213230135306,-4.043914282120403,-0.8570546101241161,-0.02445692542004637,-0.001172912106003231
3.16,-0.010686759326691756,1.531489198416715,-0.9875822810366969,-0.5361863736344744,-0.0008468461355971259,1.5919129176824285e-05,-0.04850864863125194,0.4227423706997923,0.1352907790214848,0.045526785026543094,-0.0049806753979654735,-0.00013234435563375376,0.21331844523891705,-1.8626998226590243,-0.5000675101283665,-0.4185364274488803,0.08191117831809891,0.021118816854952392,-0.22818438037274677,-2.769589569026362,-4.105469048464367,-0.8790591778940028,-0.023473728617518536,-0.0011695520597716808
3.17,-0.011155155049182765,1.535527035906947,-0.986289994827686,-0.5357527024340936,-0.0008949085219643119,1.461315573831991e-05,-0.04683957224910094,0.4037837490232021,0.12922862090109216,0.04336712003808342,-0.004806238636718595,-0.00013059734385043745,0.22829094707699712,-2.1487818089284176,-0.5820711731037521,-0.45579242741098813,0.07827482916132933,0.023299533633941466,-0.21800618656607904,-2.98931233389061,-4.169700201535261,-0.9018981891304051,-0.022448303181267247,-0.0011658366094512442
3.18,-0.01160579184766184,1.539351340436675,-0.9850659623550527,-0.535343201680203,-0.0009411489617372871,1.3324872596962262e-05,-0.04506367984790749,0.38243045297279765,0.12240324726332652,0.04095007538905877,-0.004624043977297521,-0.00012882831413576484,0.24319903993722933,-2.4212528671280884,-0.6603608714321617,-0.4902213889078997,0.07440758114377743,0.02545593411836987,-0.20725964431974062,-3.214433969432844,-4.236205079558692,-0.9254346017299959,-0.021382657390293422,-0.0011617179939043282
3.19,-0.012037611902008005,1.5429395114268547,-0.9839173840099272,-0.5349602931991786,-0.0009854916400616489,1.205454937886864e-05,-0.04318200543461647,0.35881709901796344,0.11485783451254557,0.03829084810244059,-0.004434267832436191,-0.00012703232180936213,0.25794355318866935,-2.678513321418799,-0.73449175582736,-0.5216084357462503,0.07039484749940561,0.027597713956971387,-0.19596719151582703,-3.4436845563606884,-4.30457050975381,-0.9495285355018142,-0.020278977648639295,-0.0011571452608397765
3.2,-0.01244957497126763,1.54627042401853,-0.9828509884444817,-0.534606233070594,-0.0010278627693666087,1.0802515114840793e-05,-0.04119630692596249,0.3330912591675489,0.1066395565445548,0.03540601285846262,-0.004237112930495986,-0.0001252034264027847,0.27242448447064016,-2.9190753566748295,-0.8040535570166253,-0.5497588666002393,0.06632132844003458,0.029733768330607424,-0.18415578360861729,-3.675785702065549,-4.3743758173687874,-0.9740381240887357,-0.019139610620525965,-0.0011520646311598908
3.21,-0.012840665689751998,1.5493245480233682,-0.9818729962037488,-0.5342830990741299,-0.0010681908504018042,9.569167512958268e-06,-0.039109071848436795,0.3054124004838021,0.09779922407328706,0.032313399646414095,-0.004032808103519549,-0.00012333476018825247,0.28654204037936853,-3.1415706668948036,-0.8686722341974988,-0.5744994761757969,0.06226994903622063,0.03187214579833855,-0.17185664947089258,-3.9094560180653484,-4.445195781396949,-0.9988203462036811,-0.0179670446916556,-0.001146419911870599
3.22,-0.013209900837683428,1.5520840557420519,-0.980989087085929,-0.5339927794115815,-0.0011064069300107467,8.354981450629451e-06,-0.036923514793142966,0.2759507718683805,0.08839091178198048,0.029031966254831634,-0.003821607960894243,-0.00012141860623288163,0.3001976380259172,-3.344756885064654,-0.9280111785523708,-0.5956796906096731,0.05832088935954838,0.03402002351260422,-0.15910499017670984,-4.143416301367831,-4.516603507974856,-1.0237318315065207,-0.016763891173019182,-0.0011401529552945242
3.23,-0.013556336505715087,1.554532918230143,-0.9802043713131634,-0.533736962742581,-0.0011424448546673263,7.160516597347808e-06,-0.03464356680316581,0.2448862488091137,0.07847157727656279,0.025581666900050908,-0.0036037924656579607,-0.0001194464853281643,0.31329485963136544,-3.5275228039730884,-0.9817719919943507,-0.6131725080871,0.054550710655455026,0.03618369957531395,-0.1459396279164825,-4.376394451866255,-4.588173196238406,-1.0486296373826103,-0.015532865604656778,-0.001133204161059179
3.24,-0.013879075075333543,1.5566569896943507,-0.9795233645574675,-0.5335171295601961,-0.0011762415189465847,5.986424086640991e-06,-0.03227385696184553,0.21240714642076702,0.06810067556959816,0.021983318238478433,-0.0033796664279258253,-0.00011740925107068169,0.32574035448684335,-3.688892416938711,-1.0296948689522805,-0.6268752387904772,0.05103157730171026,0.038368598404351334,-0.1324026126463419,-4.607130163773827,-4.6594827755096135,-1.073371993816613,-0.014276769448056443,-0.0011255130161526932
3.25,-0.014177271940584242,1.5584440798004386,-0.9789499668323087,-0.5333345449208575,-0.0012077371082154507,4.8334521636071445e-06,-0.029819686525069982,0.1787090106087873,0.0573397725158772,0.018258463933861626,-0.003149558926886592,-0.00011529719230338465,0.3374446846716525,-3.828027824785676,-1.0715586155113106,-0.6367100414084028,0.047830571035582636,0.040579285227108436,-0.11853879420381917,-4.834379433022303,-4.73011639696156,-1.0978190144606315,-0.012998472381964941,-0.0011170186672949428
3.2600000000000002,-0.014450141900577097,1.5598840137660004,-0.9784874452296375,-0.533190252532253,-0.0012368753349091724,3.702450742941085e-06,-0.027286995999285375,0.1439933965561781,0.04625216026712671,0.01442923886044183,-0.002913822669372162,-0.00011310014206660595,0.34832311281586276,-3.9442310703066994,-1.1071803454562117,-0.6426242564913327,0.04500909146780141,0.04281948616475023,-0.10439536751927313,-5.0569189245181825,-4.799666767220985,-1.1218333728500098,-0.01170089534201228,-0.0011076605190007715
3.27,-0.01469696515667918,1.560968680196069,-0.9781384204553792,-0.5330850701930556,-0.0012636036678013236,2.5943748214063176e-06,-0.0246823256102083,0.10846664300684687,0.03490247742582632,0.010518233919738568,-0.00267283328921512,-0.0001108075921534767,0.35829633184273973,-4.036944973580659,-1.1364148966369723,-0.6445905397601788,0.04262233525850334,0.0450921107776209,-0.09002139826957348,-5.273550243239777,-4.867737315582633,-1.1452809435015812,-0.01038699437413227,-0.0010973788500416104
3.2800000000000002,-0.014917092853047698,1.5616920666962872,-0.9779048570936836,-0.5330195865696904,-0.0012878735536769876,1.5102866982578032e-06,-0.022012769636851955,0.07233865002183434,0.023356336169562536,0.00654836233651894,-0.002426988587566402,-0.00010840881231485145,0.36729113796747803,-4.10575305067653,-1.1591540135134617,-0.6426068011130024,0.04071884548701599,0.04739927437548774,-0.075467335913386,-5.483104151488696,-4.933944190505586,-1.1680314083186696,-0.009059745309149757,-0.0010861154405587088
3.29,-0.015109952104085908,1.5620502833667465,-0.9777880575116783,-0.5329941592878693,-0.001309640630778546,4.513569671227136e-07,-0.019285925103820906,0.03582166704592414,0.011679958200527833,0.0025427281821141148,-0.002176707710155836,-0.00010589297311350896,0.3752410492056847,-4.150378604399762,-1.1753253427684247,-0.6366959573114119,0.039340122656206455,0.04974231782709315,-0.06078452057113183,-5.68444477133098,-4.997918084733293,-1.189958829308813,-0.007722129214238368,-0.0010738142018510072
3.3000000000000003,-0.015275050457433931,1.562041574339434,-0.9777886593020576,-0.5330089143103259,-0.0013288649333112637,-5.811357467316919e-07,-0.016509835334802284,-0.0008709027312533008,-6.0179037926082896e-05,-0.0014755022456609925,-0.0019224302532717626,-0.00010324927138544054,0.38208687221370463,-4.170683078840534,-1.1848912885022032,-0.6269055083087451,0.03852028936232932,0.05212182302518556,-0.04602468971701605,-5.876473806551877,-5.0593058916390445,-1.2109421890816163,-0.006377118538500821,-0.001060421800849449
3.31,-0.01541197974618477,1.56166631757366,-0.9779066361503853,-0.5330637465670611,-0.0013455110861728887,-1.5858063190049633e-06,-0.013692928875083867,-0.03752567657739208,-0.011797684832775273,-0.005483225673517812,-0.0016646152861625068,-0.00010046705722732714,0.38777722041282814,-4.16666376969898,-1.187847771869118,-0.6133069486719336,0.038285801850845624,0.054537622549582554,-0.031239490176299373,-6.058134812497251,-5.117772198181054,-1.230865900926869,-0.005027663846014837,-0.0010458882714846278
3.3200000000000003,-0.015520419289127221,1.5609270131671864,-0.9781413020072527,-0.5331583218003972,-0.0013595484889108256,-2.5611659329371147e-06,-0.010843954294245232,-0.0739304406473722,-0.02346658568673443,-0.009457523333613826,-0.0014037402737936812,-9.753596139321517e-05,0.39226898602519317,-4.138450979894549,-1.1842229371498538,-0.5959950267409528,0.038655203374117875,0.056988802444222136,-0.01648000049798754,-6.2284175351856135,-5.173000622111221,-1.2496202904726088,-0.0036766810207114523,-0.0010301676055368668
3.33,-0.015600138402980687,1.5598282604766285,-0.978491318442042,-0.5332920795841622,-0.0013709514877170233,-3.50562615244018e-06,-0.007971911385346536,-0.10987526905578557,-0.035001643478926654,-0.013375778376500884,-0.0011402998806197637,-9.444602195030655e-05,0.3955277678752732,-4.086304705108551,-1.1740758423685307,-0.5750868648810634,0.039638916369424626,0.059473697368697565,-0.001796268418398075,-6.386362333253201,-5.224695002795178,-1.2671020509884992,-0.0023270388328687657,-0.0010132183161023361
3.34,-0.01565099819585256,1.558376724369788,-0.9789547050545883,-0.5334642374742685,-0.001379699534051514,-4.41750424258068e-06,-0.005085979287187359,-0.14515361068405339,-0.04633866125462804,-0.017215789010627206,-0.0008748046334490681,-9.118780901404994e-05,0.39752825561072025,-4.01061092699953,-1.1574951677824303,-0.5507209545953646,0.04123907287790951,0.061989877724769354,0.01276313215088935,-6.53106468784583,-5.272580456165272,-1.2832146743351969,-0.0009815467754562361,-0.000995003967487538
3.35,-0.01567295261659525,1.5565810909557525,-0.9795288528230033,-0.5336737962466942,-0.0013857773282495976,-5.295029706153043e-06,-0.0021954420742690273,-0.17956334140353314,-0.05741477684150016,-0.020955877242572585,-0.0006077794198083613,-8.775254635723635e-05,0.3982545694158326,-3.9118775832587827,-1.134597970116902,-0.523056040268429,0.0434493852157507,0.06453412870438777,0.02715152039384057,-6.6616797966954735,-5.3164043049571275,-1.2978688593720595,0.0003570568920190018,-0.0009754936661267319
3.36,-0.01566604874046564,1.554452013156873,-0.9802105402698053,-0.533919546178271,-0.0013891749462261733,-6.136351992835924e-06,0.0006903876129612063,-0.21290777988794385,-0.06816874468019421,-0.02457499315767969,-0.0003397617976575843,-8.413222866828808e-05,0.39770055239931873,-3.790730273844801,-1.1055285044403815,-0.4922699050824164,0.046255061565158684,0.06710242156594962,0.041324500071676866,-6.777427239512388,-5.355936895505524,-1.3109828993339308,0.0016861169167667449,-0.0009546625079711118
3.37,-0.015630426277606035,1.552002046501107,-0.9809959523337264,-0.5342000743255818,-0.0013898879471568506,-6.939549325058208e-06,0.003562246285960477,-0.24499666557659674,-0.0785412063921105,-0.028052814731087075,-7.130009306773033e-05,-8.031973322222849e-05,0.3958700107264029,-3.6479077520715686,-1.070457129306214,-0.45855807209108335,0.04963277374583508,0.06968987784484668,0.05524031931420803,-6.877595692673566,-5.390972312040988,-1.322483049285918,0.003003072624610758,-0.0009324919786930436
3.38,-0.015566316297485266,1.5492455755247891,-0.9818807018405825,-0.5345137727575219,-0.0013879174598042158,-7.702638572327305e-06,0.006410998012076979,-0.27564709763179884,-0.08847495068561478,-0.03136984319400601,0.000197048735263491,-7.630892472690969e-05,0.39277689434905505,-3.4842572381325185,-1.0295793043763841,-0.4221324327576852,0.05355068681518227,0.07229072764030507,0.06886019497378294,-6.961547662177056,-5.421328998689196,-1.332303874278619,0.0043054692269279046,-0.0009089703039525175
3.39,-0.015474039169664826,1.546198731185685,-0.9828598534728323,-0.5348588476975167,-0.0013832702449854536,-8.42358609352619e-06,0.009227712782044081,-0.30468443391041083,-0.09791516322498524,-0.034507493999480776,0.00046472148187621127,-7.209475211988848e-05,0.3884454090019279,-3.300729581515458,-0.9831146833996547,-0.3832198143891663,0.057968562177689975,0.07489826361373708,0.08214859798829896,-7.028724195135432,-5.446850298293836,-1.3403885782728646,0.005590968755051645,-0.000884092747856567
3.4,-0.01535400172916962,1.5428792996952339,-0.9839279501433932,-0.5352333295318807,-0.0013759587315618597,-9.100319454744971e-06,0.012003744049520537,-0.3319431490451221,-0.10680966705608658,-0.03744818343640811,0.0007311513423593813,-6.76733361218781e-05,0.38291004812882895,-3.0983742879621947,-0.9313062992866091,-0.3420604969773198,0.06283794740032822,0.07750479286752118,0.09507349646206055,-7.078649521870421,-5.467404915826945,-1.3466893133017415,0.00685736047483395,-0.0008578618585783015
3.41,-0.015206693683393302,1.5393066231881074,-0.9850790416844217,-0.535635083641193,-0.0013660010232894135,-9.730739918792306e-06,0.014730804577631805,-0.3572676507126486,-0.11510915410285925,-0.0401754109312315,0.000995770827244633,-6.304204640473343e-05,0.37621553175167977,-2.878334416476243,-0.8744198322658137,-0.2989066889904226,0.06810246677006893,0.08010158944960873,0.10760655352941914,-7.11093557310979,-5.482887312587881,-1.3511674677087635,0.00810257060133369,-0.0008302876608655553
3.42,-0.015032683286856181,1.5355014926574744,-0.9863067157656615,-0.5360618220117412,-0.0013534208739198325,-1.0312735591886059e-05,0.017401039653712137,-0.38051305306330413,-0.12276740812397954,-0.04267383705481988,0.0012580149369580997,-5.819956730937529e-05,0.3684166381630458,-2.6418413426601766,-0.8127429468495306,-0.254020970721097,0.07369822663181935,0.08267885082711704,0.11972327753323708,-7.125286310037685,-5.493218035692043,-1.3537939316652268,0.009324671110121559,-0.0008013877958385144
3.43,-0.014832612320204823,1.5314860335963663,-0.987604130959214,-0.5365111155839336,-0.001338247628099273,-1.0844195103442928e-05,0.020007096665135865,-0.40154590611081986,-0.12974151935524003,-0.04492935721923654,0.0015173245820559388,-5.314595115568688e-05,0.3595779138859171,-2.3902093766057617,-0.7465846786884808,-0.20767471293864936,0.07955434856740173,0.08522566225454314,0.13140312263605677,-7.121501799165541,-5.4983439855789396,-1.3545493375479831,0.010521887429101595,-0.0007711876090336684
3.44,-0.01460719042047813,1.5272835847999058,-0.988964051867883,-0.5369804072940064,-0.0013205161258904253,-1.1323021686692494e-05,0.022542189972669244,-0.4202448796460512,-0.1359920908669125,-0.04692917100728072,0.001773150220884773,-4.7882658324956547e-05,0.349773247758179,-2.1248302168495568,-0.6762748484623621,-0.16014647780630398,0.08559364140185677,0.08772997349813332,0.14262953868318048,-7.09948195932263,-5.498238622488615,-1.3534242721716403,0.011692604793955319,-0.0007397201880855577
3.45,-0.014357188820677606,1.5229185708003294,-0.9903788862323205,-0.5374670257642957,-0.0013002665691528208,-1.17471475213679e-05,0.025000159980052415,-0.43650139995762366,-0.1414834364437426,-0.04866184702893553,0.0020249556737604547,-4.241258346754054e-05,0.33908529639727963,-1.8471672166771407,-0.6021634767842436,-0.11172040841554054,0.09173341978069605,0.09017859281496236,0.15338996993933174,-7.059229904653391,-5.4929021111214755,-1.3504194573363468,0.012835373061459935,-0.0007070263517411499
3.46,-0.014083433567812855,1.5184163684270124,-0.9918407239278797,-0.5379681995957492,-0.001277544348560403,-1.2114548195309028e-05,0.02737552528647497,-0.45022023733170696,-0.1461837695559228,-0.050117383145337986,0.0022722220592417785,-3.674006739411291e-05,0.3276047507774658,-1.5587494354060991,-0.5246201717774616,-0.06268461276207837,0.09788647264186667,0.09255720336313014,0.1636758031993626,-7.000854805485324,-5.482361401059338,-1.345545894692593,0.013948909797388599,-0.0006731545920735838
3.47,-0.013786798299525458,1.5138031680072388,-0.9933413777552824,-0.5384810722141982,-0.0012523998307134067,-1.2423257139768315e-05,0.029663526828739663,-0.46132004197736204,-0.1500653827402676,-0.051287261844903204,0.002514451784699637,-3.087089444592861e-05,0.31542943724813094,-1.261165445238681,-0.444033459513038,-0.013329547700977606,0.10396217937539154,0.09485040728606825,0.1734822666947759,-6.92457418841285,-5.466670239027232,-1.3388249705549962,0.015032101488105057,-0.0006381609718086555
3.48,-0.013468196669747984,1.5091058297502515,-0.9948724259198808,-0.5390027172191979,-0.0012248881056048338,-1.2671379893802117e-05,0.03186016297774729,-0.46973382569871697,-0.1531048164598321,-0.05216450049997669,0.002751172510857289,-2.4812275403380167e-05,0.3026632510117676,-0.9560568638653746,-0.36081002693017517,0.036053591814362296,0.10986776498464312,0.09704180250217737,0.1828082821415366,-6.830715598030048,-5.445909107750847,-1.330288516033093,0.016084002765343074,-0.00060210897861135
3.49,-0.013128574523213244,1.504351735886995,-0.9964252560825339,-0.5395301541809792,-0.0011950686956139717,-1.285710805655638e-05,0.033962214653474,-0.4754093863256576,-0.15528301626530552,-0.05274369617813043,0.0029819409990862094,-1.857281627542623e-05,0.28941492575875016,-0.6451115841796239,-0.2753738471677498,0.08517447290073132,0.11550967839943782,0.09911409669815938,0.19165627315721126,-6.719717545517499,-5.42018508504151,-1.3199788177019225,0.017103833579561356,-0.0005650693380203433
3.5,-0.01276890192655547,1.4995686391706424,-0.9979911108510375,-0.5400603648272992,-0.0011630052281959913,-1.2978732792609728e-05,0.03596725966577735,-0.4783096716352527,-0.156585476850365,-0.05302106463201202,0.0032063467417980333,-1.2162473605334898e-05,0.27579664963323564,-0.33005667517711373,-0.18816515843066395,0.1337452089747615,0.12079507060837713,0.1010492621243024,0.20003193407357206,-6.5921296737979524,-5.38963161583881,-1.3079485740190453,0.018090974305962907,-0.0005271197864902315
3.5100000000000002,-0.012390165169809723,1.494784508378039,-0.9995611345648692,-0.5405903095577745,-0.0011287650754852863,-1.3034657764791374e-05,0.03787367567457461,-0.4784130792603637,-0.15700237138316908,-0.052994473047534886,0.0034240152710704975,-5.592497218164553e-06,0.26192254470216053,-0.012650932263574385,-0.09963926954102185,0.1814819224797656,0.1256333419390867,0.10282873351626806,0.20794396384490102,-6.448612075245707,-5.354408189274633,-1.294260792815486,0.01904495881599552,-0.0004883448057333202
3.52,-0.011993358855922018,1.4900273714890155,-1.0011264212080113,-0.5411169442187136,-0.001092418965091327,-1.3023411380875952e-05,0.03968063138877051,-0.47571368890232485,-0.1565286643142086,-0.05266346609390507,0.003634611039395933,1.124638391542209e-06,0.2479070342578704,0.30532293932769494,-0.010265168174045998,0.22810628035226133,0.1299377211521895,0.10443364982108783,0.21540377026968757,-6.2899337059533496,-5.314699912399011,-1.2789886254504612,0.019965465593304834,-0.00044883531927620576
3.5300000000000002,-0.011579478197097844,1.4853251572584911,-1.0026780632651426,-0.5416372370666354,-0.001054040567394213,-1.2943658254950933e-05,0.04138806588241746,-0.47022142305244835,-0.15516420571312425,-0.05202928479217136,0.0038378397697113906,7.975312592501885e-06,0.2338631291803981,0.622066517640978,0.07947608864229327,0.2733469961543944,0.13362683360141725,0.10584513843896765,0.22242515008148417,-6.116969850277613,-5.270716972030633,-1.2622151336251843,0.020852307014509738,-0.0004086883518925788
3.54,-0.0111495116352,1.4807055359345693,-1.0042072013159375,-0.5421481858436651,-0.0010137060655940654,-1.2794209800583295e-05,0.0429966561897844,-0.46196213239218564,-0.15291380507948674,-0.05109487770297526,0.00403345018001477,1.4944845436763755e-05,0.21990067075227868,0.9357742355532063,0.16909321790461368,0.31694129256612236,0.13662621210680936,0.10704463847746165,0.22902395061201622,-5.930698600713077,-5.222693976261837,-1.244032985397447,0.021705416950196635,-0.0003680066523717055
3.5500000000000003,-0.010704433898833398,1.4761957599136466,-1.005705074141035,-0.5426468348829661,-0.0009714937155842594,-1.2574033890574973e-05,0.04450777363666019,-0.4509776020922658,-0.1497872825097447,-0.049864903930097425,0.004221235000980602,2.2017591000832287e-05,0.2061245722851498,1.2446423241267817,0.2580867991536844,0.3586363177052041,0.13886970288797695,0.10801425716317636,0.2352177186872729,-5.732196330945497,-5.170889167455106,-1.2245440776206402,0.022524836869289754,-0.0003268982799567957
3.56,-0.01024519960223449,1.4718225051599112,-1.0071630690919202,-0.5431302921574171,-0.0009274834033558171,-1.2282263536375621e-05,0.04592342965989079,-0.43732547537353894,-0.14579949508853599,-0.04834572744511096,0.004401031222844239,2.9177035419935162e-05,0.19263310524662106,1.5468781118324073,0.34595161402075897,0.3981905085572448,0.14030072027310858,0.10873715121637201,0.24102534219834232,-5.522632154039901,-5.115583499108919,-1.2038590828393936,0.02331070065032254,-0.0002854761547571176
3.5700000000000003,-0.009772737480769723,1.4676117142505982,-1.0085727724560236,-0.5435957461800219,-0.0008817562080569991,-1.1918204558337124e-05,0.04724621214647664,-0.42107909093130247,-0.1409703364103454,-0.046545402260473434,0.004572719529881804,3.640589780384966e-05,0.17951627690728877,1.8407096539230186,0.4321792368716032,0.43537489479654035,0.140873308121779,0.10919792280896273,0.24646668941682226,-5.303261372902999,-5.057079569737677,-1.182096919596695,0.024063218316711908,-0.00024385757251307313
3.58,-0.009287945345036857,1.4635884419389638,-1.009926019528314,-0.5440404826601626,-0.0008343939789948275,-1.1481342235148809e-05,0.048479213573286495,-0.402327231163454,-0.13532470722904172,-0.044473648014063845,0.004736222906217159,4.368623231883143e-05,0.16685434562380733,2.124395656126732,0.5162608705293288,0.4699743362956923,0.14055297291934077,0.1093830178802846,0.2515622506320339,-5.075417946166571,-4.995700407894768,-1.159384146128537,0.024782658921162895,-0.00020216368427649202
3.59,-0.00879168582068131,1.459776704153145,-1.0112149440821045,-0.5444619008159371,-0.0007854789347518023,-1.0971346936230028e-05,0.04962595243555469,-0.38117377858186463,-0.12889245537905616,-0.04214181557745657,0.004891504424302518,5.0999529891878074e-05,0.1547165166506291,2.396235646583583,0.5976904147669839,0.5017886878422999,0.13931726300929337,0.10928111321993955,0.2563327861118834,-4.840506009171643,-4.931788103661455,-1.1358542785231156,0.025469332808480998,-0.00016051894185338045
3.6,-0.008284782924620083,1.4561993313698958,-1.0124320269152312,-0.5448575292395657,-0.0007350932921927755,-1.0388078753920482e-05,0.05069028960612264,-0.3577372783249414,-0.12170828331266462,-0.03956284236285312,0.005038564255902674,5.8326818230954586e-05,0.14315985592581004,2.6545803397728807,0.6759677489182185,0.5306338849255052,0.13715607985213407,0.10888347798100007,0.26079898377171673,-4.599990506465366,-4.865702283318767,-1.111647035581085,0.026123573488226193,-0.00011905051022999665
3.61,-0.007768019511015805,1.4528778273166505,-1.0135701431337478,-0.5452250412103562,-0.0006833189324597349,-9.731591162492573e-06,0.051676341360427765,-0.33215040532453455,-0.11381162185166194,-0.03675119707905064,0.00517743597330407,6.564875914279075e-05,0.13222845188365323,2.8978421262659473,0.750602203696461,0.5563429448831982,0.13407171973694954,0.10818429525276574,0.26498112931637774,-4.355387008799277,-4.7978184255070415,-1.0869075138077597,0.026745719350643873,-7.78876486470039e-05
3.62,-0.007242135602705439,1.4498322339625775,-1.01462260782431,-0.5455622693480988,-0.0006302371101167872,-9.002133738003273e-06,0.05258839083103665,-0.30455933540729396,-0.10524646905619861,-0.03372281377426066,0.0053081822342947674,7.294574244893011e-05,0.12195284645696204,3.1245056126830155,0.821116191245617,0.5787668783278335,0.13007865704823895,0.1071809300349964,0.2688987910375804,-4.108250803668621,-4.728526018949799,-1.0617852971721087,0.027336095462671604,-3.7161062478794076e-05
3.63,-0.006707827606497083,1.4470810037583524,-1.0155832197589607,-0.545867219499119,-0.0005759282104483199,-8.200153976715121e-06,0.05343079962083558,-0.27512302042251724,-0.09606119346508006,-0.030495015102016056,0.005430889966846731,8.019797612881522e-05,0.11234974662415574,3.33313812743164,0.8870489567401305,0.597775506407487,0.12520309196918583,0.10587413140331037,0.27257052093446965,-3.8601653635765847,-4.6582265637665525,-1.0364335074546154,0.02789499568655855,2.9977714063237184e-06
3.64,-0.006165748394389007,1.444640880074584,-1.016446302772518,-0.5461380837476641,-0.0005204715585762795,-7.32629825038568e-06,0.054207921210807586,-0.2440123683768278,-0.08630830135571965,-0.027086424854513777,0.005545665187204032,8.738557263294409e-05,0.10342201779448255,3.522400099840412,0.9479604096119669,0.6132581802212194,0.11948229535828564,0.10426815876272288,0.2760135734064551,-3.6127303100651953,-4.587331420512137,-1.0110078021495759,0.028422665372075745,4.245730260550584e-05
3.65,-0.00561650821783548,1.442526786769482,-1.0172067444535424,-0.546373252446905,-0.0004639452826027379,-6.381411934507184e-06,0.05492401765535277,-0.2114093305102087,-0.07604416810246259,-0.023516869924089554,0.005652627597354166,9.448863158784961e-05,0.09515895068502006,3.6910552133639145,1.003434987854321,0.6251243994711206,0.11296379060586131,0.10237082473084191,0.27924364246345557,-3.3675490037566,-4.516259513345135,-0.9856653279606246,0.028919284884036927,8.108662474859689e-05
3.66,-0.005060676409065633,1.4407517277869235,-1.0178600317952673,-0.5465713251666696,-0.0004064262314618015,-5.366538741114637e-06,0.05558318087698469,-0.17750589825584412,-0.06532873417248444,-0.01980727197645484,0.005751905114093639,0.00010148731933925473,0.08753678475177282,3.837980227793268,1.0530855049512489,0.6333043281909383,0.10570441593749735,0.10019345021627701,0.28227461822148975,-3.1262159008473582,-4.445434896127973,-0.9605636389054231,0.02938495423876879,0.00011875620847370675
3.67,-0.004498783812401299,1.4393266976461825,-1.0184022834630808,-0.54673112045914,-0.00034798994664255806,-4.282919281750567e-06,0.05618925966643336,-0.14250301407409324,-0.05422516678136136,-0.015979529247030583,0.0058436284819243425,0.00010836194593640696,0.08051946420182673,3.9621743610294198,1.0965569259208778,0.6377492061101648,0.09776931059816163,0.09775073048437644,0.2851183634053627,-2.8903038243784573,-4.375284192774013,-0.9358595889025553,0.02981967913453408,0.00015533864515527538
3.68,-0.003931325879623344,1.4382606036339476,-1.0188302783503551,-0.5468516843491624,-0.0002887106854822667,-3.13198887933855e-06,0.05674579327779552,-0.10660940122349363,-0.04279948872742455,-0.012056389002246641,0.005927926116029135,0.00011509304024120169,0.07405959747600631,4.062768118115489,1.1335300168397118,0.6384316548309386,0.08923086471000008,0.09506051425492534,0.2877845106618624,-2.6613513038924346,-4.306233925754098,-0.911708209428904,0.030223358669550775,0.00019070939630637124
3.69,-0.0033587663566747835,1.4375602004478234,-1.0191414801146175,-0.5469322974625521,-0.00022866149238127324,-1.915374640854418e-06,0.057255952294856055,-0.07004031861241464,-0.031120176426240806,-0.00806131133897164,0.006004919310099349,0.00012166142384841317,0.06809958799419337,4.139031454018275,1.1637248111139922,0.6353458785091242,0.08016766582434454,0.0921435009911229,0.2902802816858017,-2.4408501395670443,-4.238707749321157,-0.8882615833905344,0.030595775044781302,0.0002247475431870154
3.7,-0.00278154148421693,1.4372300379683616,-1.019334057411264,-0.5469724807138036,-0.00016791431310509986,-6.348917965290986e-07,0.05772248724578535,-0.03301624794617888,-0.019257729664635535,-0.004018325125147351,0.006074717927617339,0.00012804828443253193,0.06257290284043343,4.190381157220594,1.186903835750813,0.6285077590908195,0.07066346608145685,0.0890228643864529,0.29261032945973836,-2.230233346424108,-4.1731236066629815,-0.865667726729094,0.030936585544723984,0.00025733653078951455
3.71,-0.0022000646315350663,1.4372724227540854,-1.0194068995720431,-0.5469719994839135,-0.00010654014635185263,7.074606934911114e-07,0.058147685268186367,0.004238478572383443,-0.007284216077922234,4.8122988999962923e-05,0.006137416675324724,0.000134235249002021,0.05740544668825202,4.216387343633372,1.2028750419971213,0.6179548463648565,0.06080618351128192,0.08572381253265826,0.294776605281514,-2.0308636306652934,-4.109890832798413,-0.8440694894777545,0.03124531707591605,0.0002883649000364939
3.72,-0.0016147312817269845,1.437687393761436,-1.0193596275101895,-0.5469308662295199,-4.460922600048125e-05,2.109505267064275e-06,0.05853333498080816,0.04149710073505662,0.004727206185358773,0.004113325439360091,0.006193092035137138,0.00014020445735731638,0.05251701024387407,4.216778954740035,1.211494386982149,0.6037462431269454,0.050686940539024256,0.08227309729790366,0.29677825267047286,-1.8440225435717144,-4.049407227531766,-0.8236034879789442,0.03152136351810128,0.0003177270017159249
3.73,-0.0010259242856808985,1.4384727126897352,-1.0191925996729936,-0.5468493414761815,1.78087730679432e-05,3.5688916253775186e-06,0.0588806996046086,0.07853189282990425,0.016702783719584113,0.008152475333850166,0.006241799906842444,0.00014593863583132433,0.04782276534633338,4.191448160291288,1.212668016410701,0.5859623856538487,0.0403991333876631,0.07869848701853221,0.298611530665893,-1.6709004487906876,-3.9920561251070574,-0.8043990797781246,0.031763986105984854,0.00034532368539189306
3.74,-0.00043401930274723766,1.4396238692409975,-1.0189069129053643,-0.5467279331612632,8.064451296447458e-05,5.083103336963546e-06,0.05919049829336609,0.11511565512623001,0.028568676762935043,0.012140831491822747,0.006283573989653138,0.00015142117115860267,0.04323478211760309,4.14045357429633,1.2063540028896726,0.5647047194313028,0.03003751884691122,0.07502821770012313,0.30026976941730615,-1.5125874263721406,-3.9382034892853977,-0.7865773923159352,0.031972317009870375,0.00037106295627711735
3.75,0.00016060965304219642,1.4411341014667842,-1.0185043981340232,-0.5465673943054268,0.0001438287620354496,6.649465177858557e-06,0.05946289557894341,0.15102322257866713,0.040251477134122395,0.016053885583645303,0.0063184249070975034,0.00015663618408950109,0.03866354675371323,4.064022203487346,1.1925636000659434,0.5400952697572077,0.019697300595816675,0.07129043852327166,0.3017433612701964,-1.3700652218431317,-3.8881950643290075,-0.7702504159617988,0.032145366221690286,0.0003948605928458383
3.7600000000000002,0.0007575846410681602,1.4429944312505016,-1.01798761083079,-0.5463687190060018,0.00020729216261265206,8.265151199402245e-06,0.05969749880259638,0.1860329783717502,0.051678730323331354,0.01986752994249194,0.006346340057720243,0.00016156860215436888,0.03401946133264857,3.9625500598115577,1.1713619793422265,0.5122761064271693,0.009473196375885062,0.06751266755766894,0.30301979072520574,-1.2442003312343664,-3.8423536137363254,-0.7555201711765709,0.03228203178021147,0.0004166407178219492
3.77,0.0013565182749080136,1.445193714845025,-1.0173598162642845,-0.5461331367603772,0.0002709650041561838,9.927193507440559e-06,0.05989336338398535,0.2199283594523249,0.06277945665053211,0.023558224562458697,0.006367284154353177,0.00016620423080383135,0.0292143091592071,3.8366013827257475,1.1428684233911497,0.48140870137295977,-0.0005415301374663006,0.06372127319587095,0.3040837066494854,-1.1357382936837603,-3.8009762794584456,-0.7424779586747507,0.032381113287450435,0.00043633631512042797
3.7800000000000002,0.001957008332566427,1.4477187082538148,-1.0166249696015557,-0.5458621051428011,0.0003347770081348764,1.1632491727580974e-05,0.060049005765841344,0.25249934087897635,0.0734846662728895,0.02710316175761591,0.006381200397869263,0.0001705298220140416,0.024162670585504354,3.686906432989839,1.107255958917444,0.4476731777442975,-0.010256083259106666,0.0599409959246926,0.3049170399056556,-1.0452992424889898,-3.764332094666961,-0.7312037003964535,0.032441328580155034,0.000453889685377267
3.79,0.002558632571135746,1.4505541471105001,-1.015787690973851,-0.5455573008734292,0.0003986571303121314,1.3377823121149857e-05,0.06016242385693185,0.2835438856685254,0.08372786277046343,0.03048042693718984,0.006388012217725495,0.00017453313935688835,0.01878327499158664,3.514357837077434,1.0647504199220514,0.41126744878694943,-0.019583197444088013,0.05619452365236899,0.30549916910645475,-0.9733747437662661,-3.7326596828752328,-0.7217653779167454,0.03246133332872018,0.00046925283290302137
3.8000000000000003,0.0031609438188606744,1.4536828405790014,-1.0148532356731574,-0.5452206093338897,0.00046253338532650237,1.515985330611814e-05,0.060231124772492844,0.3128693468501419,0.09344553006936009,0.03366915395395765,0.006387625501437099,0.00017820301849682808,0.013000274846902578,3.32000548000123,1.015628941977445,0.37240624483344575,-0.028440240568279852,0.05250213192084752,0.30580713648376945,-0.9203259297373703,-3.706165175289482,-0.7142185736384243,0.03243974324465754,0.00048238777726621393
3.81,0.003763465415207851,1.4570857786655547,-1.0138274596973977,-0.5448541125988184,0.0005263326976109483,1.6975147526991443e-05,0.06025215963471763,0.34029380865533376,0.10257759757597859,0.03664967350712411,0.006379931228444598,0.00018152942208733046,0.006744427741715494,3.1050499639950333,0.9602178975135511,0.33132002696067886,-0.03675034137521421,0.0488813979907578,0.3058159148775429,-0.8863829116742008,-3.6850203766496192,-0.708606118758758,0.0323751584905531,0.0004932667832805896
3.8200000000000003,0.004365687066640887,1.4607422522073652,-1.0127167809114448,-0.5444600760675384,0.000589980781816234,1.882018240796125e-05,0.060222165143303606,0.36564735418106276,0.11106787859529962,0.039403653128002925,0.0063648084205285655,0.00018450348809698067,-4.582775292068528e-05,2.8708346707572816,0.8988902916485182,0.28825378639290555,-0.04444351502409916,0.045346995060052686,0.3054987256194276,-0.871645436246403,-3.6693612074978823,-0.704957850596909,0.0322661898072558,0.0005018725039542178
3.83,0.0049670611822080785,1.4646299846820034,-1.0115281361375574,-0.5440409337940696,0.0006534020550237992,2.069135811488129e-05,0.06013741155671912,0.3887732474638145,0.11886447738873561,0.04191422734688099,0.006342127320756518,0.00018711757069200433,-0.007423416306821113,2.6188364854638166,0.8320626474682019,0.24346572955630563,-0.051457753364732614,0.04191056987161751,0.30482740564393845,-0.8760847289950009,-3.6592864477937757,-0.7032904804430866,0.03211148580571053,0.0005081980319701815
3.84,0.0055669997486094995,1.4687252748689112,-1.0102689345316624,-0.5435992726267479,0.0007165195821795212,2.2585010844189616e-05,0.059993856640142076,0.40952901869078334,0.1259201605895054,0.04416611673216609,0.006311752715572193,0.00018936527293083254,-0.015431803343570508,2.350655261076822,0.7601914186516402,0.19722584983982294,-0.057740041831461864,0.03858070381631479,0.3037728205611096,-0.8995464504104125,-3.654856803107525,-0.7036075716688629,0.03190976081896979,0.0005122468565088257
3.85,0.006164871799001506,1.4730031492913345,-1.0089470076403575,-0.5431378152806732,0.0007792550553759234,2.44974255509806e-05,0.059787205039200625,0.42778744224232107,0.13219268913048957,0.04614573460746742,0.006273547319640229,0.0001912414706790982,-0.024104317747991152,2.06800212116525,0.6837689757369438,0.14981438859755514,-0.06324726319050193,0.03536295450886717,0.3023053187412401,-0.9417546740912623,-3.6560943103269095,-0.7058996264460086,0.03165982267660826,0.0005140327236786894
3.86,0.0067600015233461284,1.4774375232752843,-1.0075705565669184,-0.5426594024768007,0.000841528806875627,2.642484882419954e-05,0.05951297243446226,0.44343739839497587,0.13764510734391158,0.04784128038725532,0.006227375149970356,0.00019274232732189415,-0.033463629713265386,1.772686718046062,0.6033192199232624,0.10152018969359577,-0.06794694994043166,0.03225997187721055,0.30039521977930767,-1.0023167830952144,-3.6629820949837173,-0.710144278082891,0.03136059975144996,0.0005135794004721367
3.87,0.007351667060604419,1.482001369383285,-1.0061480967023677,-0.5421669742905478,0.0009032598551173524,2.8363501814464876e-05,0.0591665537258291,0.45638461080005477,0.14224598645505968,0.04924281862527873,0.00617310482417254,0.00019386529902653358,-0.0435213910994111,1.466603580088669,0.5193928849154446,0.05263895389534401,-0.07181785177853706,0.029271680231022362,0.2980133291172245,-1.080729170173428,-3.6754644870487887,-0.7163065847256865,0.031011166638749883,0.0005109203439633743
3.88,0.007939100004552727,1.486666891915963,-1.004688400499337,-0.5416635508601522,0.0009643659823868604,3.030959311933102e-05,0.05874329439483085,0.466552253267799,0.14596962030307106,0.050342343039567,0.006110612726950801,0.00019460913048661445,-0.054278042599033405,1.1517176970397491,0.4325625927510298,0.003471401640329219,-0.07485029172596583,0.026395515705518485,0.2951314692009669,-1.1763836203200082,-3.6934474964818174,-0.7243394190073953,0.03061076786125887,0.0005060982793688087
3.89,0.008521485645577115,1.4914057061250365,-1.0032004387816507,-0.5411522126105456,0.001024763842373536,3.22593315318441e-05,0.05823856410243877,0.47388142090735624,0.14879617176864682,0.05113382496066185,0.006039785998667563,0.00019497384125130818,-0.06572278859167065,0.830049504797925,0.3434177336744752,-0.04567864501680896,-0.07704629356343284,0.023626707024153114,0.29172301642603343,-1.2885742500742334,-3.71679964409282,-0.7341839471797067,0.030158839049299883,0.0004991646925291502
3.9,0.009097963960638038,1.4961890207477355,-1.001693321091067,-0.5406360801521217,0.0010843690954694218,3.420893856092469e-05,0.05764783150609236,0.4783314622699087,0.1507117690583686,0.051613245842385094,0.0059605253095885635,0.00019496070290805816,-0.07783373700850435,0.5036594408136187,0.25255924278803044,-0.09450624811473629,-0.07841947334322164,0.02095858674627976,0.28776343235548135,-1.4165048772884532,-3.7453531375280322,-0.7457701903476429,0.0296550251212573,0.0004901792442771701
3.91,0.0096676313529064,1.5009878224555966,-1.000176235574325,-0.5401182940153897,0.0011430965693983973,3.615466063631559e-05,0.05696673922683611,0.4798801707861134,0.1517085516742091,0.051778613673204,0.005872747392897551,0.00019457220753909039,-0.09057819802378318,0.17463224788875092,0.16059434735446712,-0.14270739175223102,-0.07899469805955078,0.018382920073887976,0.2832307773378888,-1.5592966975120057,-3.778905376591126,-0.7590176596584713,0.02909919508372874,0.0004792091159474185
3.92,0.010229543131599215,1.5057730608100683,-0.9986583889086196,-0.5396019943821185,0.0012008604425830624,3.809278091641637e-05,0.05619117786928152,0.47852383544718186,0.15178466657053272,0.051629963327118056,0.005776387318466513,0.00019381202801007835,-0.10391313212050271,-0.15493879263816146,0.06813135818713875,-0.18998105483568553,-0.07880752428579713,0.015890238840651202,0.27810619474220816,-1.7159961485350963,-3.817220766808477,-0.7738360566856665,0.028491453177980557,0.0004663282968869724
3.93,0.010782716711555184,1.5105158323332513,-0.9971489467520696,-0.5390903009712003,0.00125757444755776,4.001963062413345e-05,0.055317357995596915,0.4742771523182977,0.150944215655007,0.051169341091826415,0.005671400497469761,0.00019268497077170755,-0.11778573520009812,-0.4829675176687568,-0.024225423469044785,-0.2360312992902256,-0.07790343805502309,0.013470169414064953,0.2723743545695917,-1.8855828526886462,-3.8600328152962016,-0.7901260298036646,0.02783214621541081,0.0004516168261655203
3.94,0.011326135501359904,1.5151875623338564,-0.9956569751879656,-0.538586293233155,0.0013131520917087297,4.1931599843741744e-05,0.05434187898047209,0.46717300006052437,0.14919715641039427,0.05040077380452092,0.005557764415096983,0.00019119692196082946,-0.1321341460323063,-0.8073902523558378,-0.11588061572903682,-0.2805693529786333,-0.07633692398318392,0.011111744784023658,0.26602384617804853,-2.0669775368321894,-3.9070464787249755,-0.8077799770745236,0.027121867064039004,0.00043516000169413667
3.95,0.011858753438621472,1.519760183175265,-0.9941913836080863,-0.5380929910010759,0.0013675068926564601,4.382514772051198e-05,0.053261793726156796,0.4572620841408593,0.1465591579879243,0.04933022320790814,0.005435480094773048,0.00018935478767702365,-0.14688825954481902,-1.1261807240827735,-0.2062524197361156,-0.32331566551649615,-0.07417039631780742,0.008803692955246467,0.2590475112166246,-2.259049842146662,-3.957940729626789,-0.826682886064689,0.0263614543649643,0.000417047570592868
3.96,0.012379500121552301,1.5242063077332615,-0.9927608694517077,-0.5376133357380047,0.001420552625680503,4.5696812014336384e-05,0.05207466829308296,0.44461245579965897,0.14305141563786405,0.047965526307118075,0.00530457330240427,0.0001871664293824404,-0.16197062826465253,-1.4373643619783776,-0.29477698078110914,-0.3640019146085667,-0.07147302714784753,0.006534695762934917,0.25144270954108544,-2.4606259494059923,-4.012371304541887,-0.8467132010765563,0.025551988666745115,0.00039737291486265775
3.97,0.012887286477542356,1.5284993968641956,-0.9913738651838225,-0.53715017251142,0.0014722035807130795,4.754321796861008e-05,0.05077863559900552,0.42930891309340097,0.138700426788518,0.04631632265847305,0.005165095503257658,0.00018464059542736984,-0.1772974336414946,-1.7390318374566427,-0.38091239798060517,-0.40237294050070815,-0.06831950750863747,0.004293614251162592,0.24321151278472908,-2.670495959831962,-4.06997359563345,-0.8677437085095591,0.024694785261734135,0.0003762322462010554
3.98,0.013381010902081832,1.532613919788352,-0.9900384878592955,-0.5367062328149135,0.0015223748265849298,4.93610864660205e-05,0.04937244245394751,0.41145229241563985,0.13353773245270667,0.04439396965065418,0.00501712458718504,0.00018178684974104182,-0.19277950897684898,-2.0293517179131895,-0.4641423421166917,-0.4381885866113011,-0.06478877578212738,0.0020696786837918757,0.23436082228708496,-2.8874209864414775,-4.130365646440087,-0.8896424314495515,0.023791384087332484,0.00035372382315782924
3.99,0.013859565795330422,1.5365255063863694,-0.9887624915800515,-0.5362841183454623,0.0015709824803858152,5.114724145348093e-05,0.04785548932485905,0.3911586598017595,0.12759962792440216,0.04221144694512027,0.004860765380088549,0.00017861549874604346,-0.20832339619972756,-2.3065821245965825,-0.5439792504504999,-0.47122542544805057,-0.06096274494534493,-0.0001473570087642262,0.22490241013786472,-3.1101399254906745,-4.193151212398756,-0.9122735251102823,0.02284353711376267,0.0003299472027805798
4.0,0.014321844418909189,1.5402110905066757,-0.9875532231108146,-0.5358862858322229,0.001617943979994383,5.28986166290345e-05,0.046227862357876716,0.3685584120306259,0.12092684692368216,0.03978325132394869,0.004696149960856773,0.00017513751755535728,-0.2238324197035003,-2.5690813062714946,-0.6199670770029417,-0.5012783504056202,-0.05692505623441402,-0.002367095059324087,0.21485288407594683,-3.337375891758212,-4.2579228476280875,-0.9354981654004699,0.0218531936764182,0.0003050025374950387
4.01,0.014766747992133957,1.5436490434870864,-0.9864175808762743,-0.5355150329997381,0.001663178358029886,5.461226139396277e-05,0.04449035732247686,0.3437952980410817,0.11356422345403465,0.03712528324847635,0.00452343780355031,0.0001713644764928267,-0.23920776181511222,-2.8153170620014065,-0.6916835866530344,-0.5281620160415148,-0.05275988205872029,-0.004598405496831215,0.20423357880670684,-3.5678423145902833,-4.324264981158712,-0.9591754236451121,0.02082248422457893,0.00027898992625919293
4.0200000000000005,0.015193192944894003,1.546819297201904,-0.985361977519741,-0.5351724857351287,0.00170660651567434,5.628534608337135e-05,0.042644495276004626,0.31702537148174664,0.10556033565332902,0.0342547264609501,0.004342815764445405,0.0001673084689408588,-0.2543495261259413,-3.0438749685827746,-0.7587421911889598,-0.5517121117580377,-0.04855079590189604,-0.006849366224965903,0.19307037789565407,-3.800248703511836,-4.3917569482508725,-0.9831631213284643,0.019753702950083236,0.0002520088270966456
4.03,0.015600118243642583,1.5497034560550331,-0.9843923061612212,-0.5348605865154861,0.0017481514950014646,5.7915166498003885e-05,0.04069252987485804,0.28841588531292034,0.09696713585198002,0.03118992196426302,0.004154497932712459,0.00016298204146325342,-0.26915777679212766,-3.2534653902249087,-0.8207933348582042,-0.5717864565258175,-0.044379721817146445,-0.009127227605568722,0.18139347171225834,-4.033306102518878,-4.459975945544489,-1.007318659624951,0.01864928973144051,0.00022415753603248598
4.04,0.015986492707407755,1.5522848974479242,-0.9835139104521737,-0.5345810841385562,0.0017877387486220984,5.9499147768771964e-05,0.03863744637651718,0.2581441392891111,0.08783957090474492,0.027950237692987292,0.003958725362063393,0.00015839812707680787,-0.2835335439274457,-3.442929269383427,-0.8775254457788266,-0.5882659051434906,-0.04032597125389059,-0.011438397287978797,0.16923705790748564,-4.265732260703047,-4.528499882419522,-1.0314998194181952,0.0175118117839241,0.0001955327353081335
4.05,0.01635132223222713,1.5545488603567685,-0.982731558485733,-0.5343355247871148,0.0018252964056090564,6.1034847593305606e-05,0.03648295248193758,0.22639629088443822,0.07823519664407223,0.02455593514413894,0.0037557656986958107,0.0001535699824533641,-0.29737978728199865,-3.611242717641717,-0.9286654775311898,-0.6010550595853861,-0.03646537056167709,-0.0137884409441833,0.1566389916063053,-4.496256553490118,-4.596910104968594,-1.055565528451887,0.016343945348279734,0.00016622911162283407
4.0600000000000005,0.0166936568448149,1.5564825217547669,-0.9820494205855076,-0.5341252444454057,0.001860755532792456,6.251995889056128e-05,0.034233461258776764,0.19336613979982215,0.06821379002253743,0.021028034170916407,0.0035459127183399483,0.00014851112972556733,-0.310602312443901,-3.757520443691906,-0.9739790721795354,-0.61008278203348,-0.03286947876887858,-0.016182094674978997,0.1436403928969137,-4.723624693437071,-4.664793973257471,-1.079376593184207,0.015148457684205783,0.00013633904311651445
4.07,0.017012597509431186,1.5580750607110967,-0.981471050963701,-0.5339513626748057,0.001894050390614746,6.395231192502482e-05,0.03189406646162846,0.15925389563298442,0.057836962180659986,0.017388177060000818,0.00332948578222901,0.00014323530344635422,-0.3231106357405505,-3.8810180713616154,-1.0132703816990078,-0.6153025091877815,-0.02960489222893825,-0.018623285102822185,0.13028521933307724,-4.9466032722273825,-4.731747276928525,-1.1027963938056302,0.013928189564313334,0.00010595235194110753
4.08,0.01730730261569085,1.5593177100873465,-0.9809993732106386,-0.5338147777456435,0.0019251186827990133,6.532987595618649e-05,0.029470510625966447,0.12426493762499255,0.04716777530624809,0.013658492916225671,0.0031068292184267318,0.00013775640311616653,-0.334818795775753,-3.9811334139292547,-1.046381589196591,-0.616692370311906,-0.026732630517963596,-0.021115153516629626,0.1166198110788218,-5.163984176288709,-4.797376478550344,-1.1256915417056574,0.012686038394373893,7.515611762366216e-05
4.09,0.017576994079278763,1.5602037958338189,-0.9806366695530895,-0.5337161631129322,0.001953901799111356,6.665076047164088e-05,0.02696914635879123,0.08860857464723274,0.0362703657549038,0.009861463271123914,0.002878311631234288,0.00013208845154543975,-0.3456461110493667,-4.057406781440462,-1.073192174345063,-0.6142551140999455,-0.024307596561228495,-0.02366008084749449,0.10269241606723414,-5.3745889174357115,-4.861300778305177,-1.147932499417282,0.011424942020479173,4.403454505038122e-05
4.1,0.017820962992106337,1.5607287639616974,-0.9803845737981782,-0.5336559652157545,0.0019803450504859207,6.791321606329749e-05,0.02439689128275739,0.052496812787854064,0.02520957549112018,0.006019789717766731,0.002644325137456444,0.00012624555916566042,-0.3555178843047342,-4.109520405249853,-1.093617969075452,-0.6080178517890875,-0.02237810333659218,-0.026259710701785455,0.08855270217152679,-5.577272917254808,-4.9231539975212115,-1.1693941637113938,0.010147863226854991,1.2668879828327023e-05
4.11,0.01803857476324861,1.5608901953323395,-0.9802440678631988,-0.5336344025731833,0.002004397895728421,6.911563500573168e-05,0.0217611771142272,0.01614313706421594,0.014050593497942155,0.0021562642571293215,0.0024052845242500246,0.00012024189424341939,-0.3643660550825276,-4.137297068549021,-1.1076100498099526,-0.5980316259621379,-0.02098545959746434,-0.028914968125999363,0.07425126294883874,-5.770929779770582,-4.982586282103129,-1.189956413043253,0.008857774882327208,-1.8862636970489507e-05
4.12,0.01822927369696996,1.5606878084618785,-0.9802154817791765,-0.5336514661439378,0.002026014158920861,7.025655159364195e-05,0.019069893372135157,-0.020238687046111987,0.002858608402238845,-0.0017063570754461141,0.002161626319243986,0.0001140916587910274,-0.3721298023873209,-4.140698033283819,-1.1151535114345108,-0.5843708161230357,-0.020163607805432138,-0.03162607223242764,0.05983912306135877,-5.954495581456392,-5.0392656300153735,-1.2095046209593527,0.007557645660788737,-5.048478310411297e-05
4.13,0.01839258695923961,1.5601234505881347,-0.9802984970473457,-0.5337069209124169,0.0020451522365185627,7.133464229172448e-05,0.016331326226964822,-0.05643578737438043,-0.008301526816924107,-0.005545476847908943,0.0019138077597701773,0.00010780906980825301,-0.3787560993684011,-4.119820352779158,-1.1162661659095836,-0.5671323933697572,-0.019938808777781425,-0.03439254123829072,0.04536724904197892,-6.12695320107979,-5.092879249573258,-1.2279301373493956,0.006250426242500979,-8.212534702294066e-05
4.14,0.018528127889348156,1.559201077287986,-0.9804921532225247,-0.533800308660251,0.0020617752929641435,7.23487257450774e-05,0.013554093010854645,-0.09223733001487681,-0.019365617517897556,-0.009338774783403695,0.001662305644558084,0.00010140834533529315,-0.3842002214699793,-4.074893655832723,-1.1109972050162362,-0.5464350373748079,-0.020329369343105252,-0.037213188895988125,0.0308860706782106,-6.287336704417739,-5.143134757363037,-1.2451307395723894,0.0049390358987884036,-0.00011371510563161204
4.15,0.01863559861858896,1.5579267209674579,-0.9807948575952704,-0.5339309518799802,0.0020758514434473766,7.3297762691588e-05,0.010747072924080545,-0.12743563205281597,-0.030270437274572945,-0.013064321972916947,0.001407615048323322,9.490369465105899e-05,-0.3884262086287654,-4.006276482318587,-1.0994258624117774,-0.5224181293449099,-0.02134541145538882,-0.04008611169507459,0.016445017951649776,-6.434735790748306,-5.18976122613026,-1.2610110554997864,0.0036263493718774876,-0.00014518779581000163
4.16,0.018714791963517084,1.5563084485746645,-0.9812043978452433,-0.534097958785779,0.002087353922222665,7.418085580975315e-05,0.00791933449281225,-0.16182723927932444,-0.04095402499728727,-0.01670069057988853,0.0011502478775288496,8.830931181651493e-05,-0.39140728082010756,-3.9144522428228723,-1.0816601050727526,-0.49524063479663205,-0.022988683631196327,-0.04300866662331482,0.002092078192084681,-6.5683002994337585,-5.232510093951497,-1.275482960407466,0.002315183982749106,-0.0001764800868358661
4.17,0.018765592567121788,1.5543563089082453,-0.9817179575408828,-0.534300229375173,0.0020962612346670084,7.499724952618987e-05,0.005080060360470463,-0.195213966641936,-0.051355969563944635,-0.020227058939397847,0.000890731244434333,8.163937164367128e-05,-0.39312620463280784,-3.800024865905412,-1.0578353785392796,-0.4650798897932855,-0.02525241812749046,-0.04597743969225976,-0.012126622124447078,-6.687244766056699,-5.271155946460493,-1.2884659494209623,0.0010082869307069403,-0.00020753155992898523
4.18,0.01878797726744029,1.5520822699120818,-0.9823321343647652,-0.5345364624952877,0.002102557291032849,7.574632979689725e-05,0.002238470031850144,-0.22740389961635507,-0.06141768238823887,-0.023623312011472657,0.0006296056365840511,7.490802707073687e-05,-0.39357560666552555,-3.663714186653616,-1.0281134243234562,-0.4321303038417721,-0.028121239838321932,-0.048988205866852486,-0.026167206704343464,-6.79085300865186,-5.305497183873265,-1.2998874868864914,-0.00029167721377705406,-0.00023828470005037808
4.19,0.01878201467980162,1.549500146361873,-0.9830429609493263,-0.5348051638671872,0.002106231519635981,7.642762386536122e-05,-0.0005962587638670088,-0.25821235502088097,-0.0710826584561091,-0.0268701371899486,0.00036742286031318767,6.812940684639696e-05,-0.39275822748592326,-3.506351119670391,-0.9926811815840133,-0.3966019920132595,-0.03157113531882905,-0.05203588150907856,-0.039988405857708915,-6.878482715778469,-5.335356584096118,-1.309683333618497,-0.00158213877951045,-0.0002686849038851958
4.2,0.018747863986117948,1.5466255183615893,-0.9838459282134343,-0.5351046550221372,0.0021072789570344263,7.704079998911283e-05,-0.0034150693683674474,-0.2874628000283508,-0.08029672641079973,-0.02994911549500113,0.00010474373984452735,6.131761237516162e-05,-0.3906871078021599,-3.328872648914505,-0.9517497789039018,-0.35871934800963956,-0.03556949249476582,-0.05511447094918964,-0.053551876196621245,-6.949569999681576,-5.360581772364116,-1.3177978524791785,-0.002860634942167154,-0.00029868050666033517
4.21,0.018685772932518777,1.5434756410789439,-0.9847360110960622,-0.5354330831040308,0.0021057003126167153,7.758566711466165e-05,-0.006209105359916891,-0.31498772826455373,-0.08900828826278834,-0.03284280818935956,-0.00015786444177108534,5.4486712554881744e-05,-0.3873856965078222,-3.13231665625234,-0.9055536158798599,-0.3187195689917317,-0.04007522332730229,-0.05821700934165763,-0.0668224800649326,-7.003633869766399,-5.381045606708098,-1.3241842921950702,-0.004124821222368197,-0.0003282228291436011
4.22,0.01859607504520646,1.540069346159718,-0.9857076965885269,-0.5357884314925917,0.002101502004944928,7.806217446916706e-05,-0.008969788731231627,-0.34062949192258646,-0.09716854924646731,-0.03553483885608545,-0.00041983076717874116,4.765073545054174e-05,-0.3828878685359714,-2.9178166005230843,-0.8543495284151639,-0.27685114201566563,-0.04503898281440666,-0.06133550453593151,-0.07976852150107389,-7.0402805742236785,-5.396646487153436,-1.3288050487297576,-0.005372482372228058,-0.00035726624488543964
4.23,0.018479186083715238,1.536426935271939,-0.9867550139709778,-0.5361685312022,0.0020946961672066618,7.847041102615278e-05,-0.01168889614912241,-0.3642410887778931,-0.10473173824509154,-0.038009970960828074,-0.000680583773826618,4.082365569857211e-05,-0.377237839164133,-2.6865960496533887,-0.7984160262297972,-0.23337230095836503,-0.0504034980603385,-0.06446088128124394,-0.09236193597825494,-7.059207751052078,-5.407308594979794,-1.3316319029303083,-0.006601542460526622,-0.0003857682665391778
4.24,0.01833559976074709,1.532570066243246,-0.9878715671616226,-0.5365710730111516,0.00208530061923735,7.881060479241178e-05,-0.014358632296814618,-0.38568690286930246,-0.11165531906447984,-0.04025418089515801,-0.0009395547969311636,3.401937662589859e-05,-0.37048996072021606,-2.4399630601352977,-0.7380525862899474,-0.18854946188809407,-0.056104020585980185,-0.06758293166400542,-0.10457843171640833,-7.060208324078282,-5.412982066684953,-1.3326462325685402,-0.007810073948357074,-0.000413689648970409
4.25,0.01816588276834308,1.5285216322689512,-0.9890505690882272,-0.5369936202757687,0.002073338803794565,7.90831218544066e-05,-0.016971699240400914,-0.40484339742947273,-0.11790019266045422,-0.04225472646170747,-0.0011961815442785432,2.725170619948281e-05,-0.3627083877123862,-2.1793043911979924,-0.6735789816982682,-0.14265564402945596,-0.062068913458454,-0.0706902762121423,-0.11639758101852915,-7.043174075017997,-5.41364310555895,-1.33183919632699,-0.008996305539576767,-0.00044099450587475783
4.26,0.017970669161171373,1.5243056346847779,-0.9902848779904464,-0.5374336223829522,0.0020588396851104872,7.928846511536441e-05,-0.019521360717170835,-0.42159975841734304,-0.12343089022192054,-0.044000210718355845,-0.0014499118684077692,2.0534326095781878e-05,-0.35396659738524316,-1.9060795354174873,-0.6053346221814063,-0.0959688827339864,-0.06822038210314685,-0.07377034054753995,-0.12780286084141704,-7.008098819286111,-5.409294032045383,-1.329211886753031,-0.01015862859420187,-0.00046765043579398213
4.2700000000000005,0.017750654158948453,1.5199470498173788,-0.9915670355583283,-0.5378884287934496,0.002041837608224592,7.942727264930497e-05,-0.022001500222292178,-0.43585848673989935,-0.12821575678818492,-0.04548064104972829,-0.001700207688589507,1.3880753394055679e-05,-0.3443467547001726,-1.6218145434197997,-0.5336778796951941,-0.04877064031470191,-0.07447535379210612,-0.07680935277762047,-0.1387816426478343,-6.955081111273918,-5.399963272396175,-1.3247754487416041,-0.011295601907856449,-0.0004936286527746686
4.28,0.017506587441168783,1.5154716904477217,-0.9928893068067611,-0.5383553036262696,0.002022372118207193,7.950031559580223e-05,-0.02440667177796689,-0.44753593696570976,-0.13222712484328583,-0.04668748328200739,-0.001946549001739913,7.304294649726014e-06,-0.33393891381023366,-1.3280956178063898,-0.45898537090592983,-0.0013442201766658002,-0.08074650582122511,-0.07979236692733388,-0.149325132475109,-6.884326404274386,-5.3857052835592345,-1.3185511597246236,-0.01240595468559652,-0.0005189041164651264
4.29,0.017239266018053923,1.5109060624472885,-0.9942437215776575,-0.5388314407323067,0.0020004877391206774,7.950849551968313e-05,-0.026732142311486153,-0.4565628000433106,-0.1354414770896388,-0.047613710603705756,-0.0021884379086515265,8.179923880911665e-07,-0.32284005225029555,-1.026562450485147,-0.3816511674128098,0.04602681060401803,-0.08694343641823865,-0.08270331758272409,-0.15942826305859334,-6.796148591245109,-5.366600410813341,-1.310570467458719,-0.013488587572323052,-0.000543455656200063
4.3,0.01694952677155369,1.506277217174704,-0.9956221175513176,-0.5393139792023348,0.0019762337134164084,7.945284116335228e-05,-0.02897392465002356,-0.4628845272584486,-0.13783959736600473,-0.04825384700281417,-0.0024254025704269102,-5.565435633085693e-06,-0.31115293921859105,-0.71890127820705,-0.3020859045616813,0.09306018522375226,-0.09297396569072003,-0.08552511047279315,-0.16908954072715535,-6.690970855223423,-5.342754673411776,-1.300874981125865,-0.014542571642507636,-0.0005672660835762377
4.3100000000000005,0.016638238768921957,1.5016126002506072,-0.9970161846358016,-0.5398000192511523,0.0019496637034108696,7.933450452612727e-05,-0.031128800263173224,-0.4664616924097031,-0.13940670844839465,-0.04860400488174496,-0.0026570010005538803,-1.1833663722501039e-05,-0.2989848453312942,-0.4068376332368001,-0.22071576055343226,0.13947648257380973,-0.09874554674729952,-0.08823975294702574,-0.17831085060076055,-6.569325762496545,-5.314299472439897,-1.2895164114045656,-0.015567145296647834,-0.0005903222881647879
4.32,0.016306295458426573,1.4969398973609507,-0.9984175105884459,-0.5402866384158294,0.0019208354574963336,7.915475621487979e-05,-0.03319433104953845,-0.4672702889656532,-0.14013259526443048,-0.04866191646770847,-0.0028828245914536066,-1.797483112474808e-05,-0.2864461078489581,-0.09212876964642185,-0.13798127926209636,0.1850006490153449,-0.10416675992670932,-0.09082852716263135,-0.1870972243283787,-6.4318545375997,-5.281391214249345,-1.276556455240791,-0.016561709058198124,-0.0006126153113196356
4.33,0.015954606861738097,1.4922868777729406,-0.9998176277071346,-0.5407709080018239,0.0018898104447833716,7.89149800232508e-05,-0.03516885966884772,-0.4653019588010034,-0.14001171186887124,-0.04842695859945895,-0.003102501271296209,-2.3977619162899328e-05,-0.27364857228092654,0.22344424939547852,-0.0543360126909191,0.22936349117221877,-0.10914885634047922,-0.09327220730564731,-0.19545657517428366,-6.279305466853276,-5.244210842214945,-1.2620666212531753,-0.01752581831018324,-0.0006341403935028413
4.34,0.015584091880127531,1.4876812362828882,-1.001208060410904,-0.5412499097062575,0.0018566534629031134,7.861666671243848e-05,-0.03705149816105654,-0.46056414900523623,-0.13904327037693134,-0.04790017044335481,-0.0033156981880258134,-2.983133108123155e-05,-0.2607039380820965,0.5380848118836417,0.029755037723141302,0.2723031341804256,-0.11360731121849055,-0.09555132034773475,-0.20339940566700693,-6.112531386407213,-5.202963269176212,-1.2461279920482062,-0.01845917405309118,-0.0006548969911297757
4.3500000000000005,0.015195670831518947,1.483150434350635,-1.0025803735102885,-0.5417207523429958,0.0018214322246701113,7.826140698457572e-05,-0.038842104860858394,-0.45308019322531173,-0.13723130993845337,-0.04708426367381957,-0.00352212382330021,-3.55259727862756e-05,-0.24772204242983187,0.8499893661950539,0.11381719776172518,0.3135664396018236,-0.11746334338758024,-0.09764644775869355,-0.2109384932528114,-5.932486221550285,-5.157876702776979,-1.228830920197364,-0.019361611803241578,-0.000674888759610691
4.36,0.014790258332522545,1.4787215412101145,-1.0039262209479383,-0.5421805885894635,0.0017842169301738981,7.785088365940084e-05,-0.04054124989964023,-0.44288931405205356,-0.13458474376496746,-0.04598362464677689,-0.0037215294496213084,-4.105233251748832e-05,-0.23480912135151508,1.1573563726497222,0.19736812724177175,0.35291037695527905,-0.12064535511142371,-0.09953856335431602,-0.2180885594406707,-5.740220556236671,-5.109201856003235,-1.2102746552348134,-0.020233088782491596,-0.0006941235000015808
4.37,0.01436875663377359,1.4744210757791658,-1.005237394769912,-0.542626631670467,0.0017450798315816786,7.738686308554133e-05,-0.042150169874895387,-0.4300465430948732,-0.1311173821973721,-0.044604308100347344,-0.003913709859221952,-4.6402057385951575e-05,-0.22206609133343724,1.458395582046195,0.279920064049927,0.3901033426909928,-0.1230902468687024,-0.10120940016960112,-0.2248659277963774,-5.536876225215404,-5.05721103553865,-1.1905668997637837,-0.021073669575465342,-0.0007126130674497862
4.38,0.013932049508314047,1.470274850223002,-1.0065058740681883,-0.5430561718898245,0.001704094798452834,7.687118583844378e-05,-0.0436707125459544,-0.41462255561637695,-0.12684792982761597,-0.04295402193574536,-0.004098503312884456,-5.156772470975465e-05,-0.2095868966050807,1.7513376165136862,0.36098230687859195,0.4249264202931826,-0.12474456468119677,-0.10264183707331952,-0.2312881758577666,-5.323679935613265,-5.002197101104951,-1.169823293601019,-0.021883510449713896,-0.0007303732404053967
4.39,0.0134809967816054,1.4663078160537988,-1.0077238736158447,-0.5434665929164567,0.0016613368916519294,7.630575677692526e-05,-0.045105272670864734,-0.39670341692033084,-0.12179995476563395,-0.04104210266322135,-0.004275790680090454,-5.654290615185232e-05,-0.19745696728971193,2.034443818376195,0.44006393221811396,0.4571745752585432,-0.1255654433459621,-0.10382029392215376,-0.23737378562837638,-5.101935940072655,-4.94447228972562,-1.1481668258274704,-0.022662842548200172,-0.000747423550349677
4.4,0.013016429578411454,1.4625439136727514,-1.008883891898585,-0.5438553877278888,0.0016168819539743792,7.569253454863651e-05,-0.04645672031939464,-0.37639023810474453,-0.11600182827401755,-0.03887948114320538,-0.004445493767755018,-6.132222282887583e-05,-0.1857518314114481,2.3060163229131536,0.5166767350438424,0.4866577787790769,-0.1255213171622379,-0.10473112254960001,-0.2431417967969842,-4.8730177993042805,-4.8843668998405425,-1.12572717563266,-0.02341195417359508,-0.0007637870725530037
4.41,0.012539146346708099,1.4590059262796928,-1.0099787582303612,-0.5442201741110018,0.0015708062253536968,7.503352065063214e-05,-0.04772832317033542,-0.3537987393058614,-0.10948663317761353,-0.03647863831129543,-0.00460757286206824,-6.590138980043635e-05,-0.1745359193802862,2.564408301119232,0.5903383764037531,0.5132020542489784,-0.12459238000713846,-0.10536297992948136,-0.24861146626264485,-4.638359287869101,-4.822227831400869,-1.1026399839200727,-0.02413117239163752,-0.0007794901791077415
4.42,0.01204990970251596,1.4557153390880317,-1.0110016786272846,-0.5445587096174714,0.0015231859900007296,7.433074816408039e-05,-0.0489236644192139,-0.3290587191660998,-0.10229203969233905,-0.03385355064697251,-0.00476202353529672,-7.027724865517575e-05,-0.16386159324754884,2.808034309007981,0.660575714939997,0.5366504410631805,-0.12277078821073117,-0.10570716954006057,-0.2538019369578689,-4.399444512820733,-4.758416979481112,-1.0790460587595903,-0.024820844187884033,-0.0007945622561804483
4.43,0.011549444122712017,1.4526922047884814,-1.0119462801033328,-0.5448689058697633,0.0014740972620469668,7.35862702914293e-05,-0.05004655798039433,-0.3023134299550298,-0.09446014760481417,-0.03101962522918839,-0.004908872795376296,-7.44477872651079e-05,-0.1537684251035517,3.0353806708640034,0.7269282933706099,0.5568638706557767,-0.12006061173932747,-0.10575793734570507,-0.2587319183932896,-4.157797330166471,-4.693309480553064,-1.0550905189066853,-0.02548131741994123,-0.0008090353880888192
4.44,0.011038434496067125,1.4499550162029717,-1.012806653044019,-0.545148842112926,0.001423615515252981,7.280214882979938e-05,-0.05110096266448928,-0.27371885855097106,-0.08603729406861171,-0.027993624316271917,-0.005048174679398591,-7.84121461629927e-05,-0.14428273998686936,3.2450158153146713,0.788951945255232,0.5737219503284052,-0.1164775507399598,-0.10551270990479611,-0.2634193808291134,-3.9149701585813492,-4.6272918123657,-1.0309218807319593,-0.026112921816718915,-0.0008229440114280662
4.45,0.010517525526555355,1.4475205870595362,-1.0135773913106148,-0.5453967779078438,0.001371815461138436,7.198044271593524e-05,-0.05209089695117702,-0.24344291434355597,-0.077073826659571,-0.024793579491781906,-0.005180005411454491,-8.217061138641392e-05,-0.1354174291926546,3.435600475358097,0.8462224821297535,0.5871236510099465,-0.11204844455460361,-0.10497226385494779,-0.26788126454015365,-3.672532303073531,-4.560759750356701,-1.0066910949931418,-0.026715950287771618,-0.0008363245430441243
4.46,0.00998732196789732,1.4454039417991897,-1.0142536297280775,-0.5456111648631491,0.001318770878540613,7.11231967758836e-05,-0.053020355865803524,-0.21166452603464656,-0.06762384174626751,-0.021438695530531744,-0.005304458259782294,-8.57245940051647e-05,-0.1271720305428847,3.6058976567236116,0.8983394164106973,0.5969878957999128,-0.1068106080020449,-0.10414081833246425,-0.27213320530425783,-3.432057912999866,-4.494116185672483,-0.982550540909597,-0.027290640819132194,-0.0008492149861692547
4.47,0.009448389654742682,1.4436182152963435,-1.0148310786148365,-0.5457906573057336,0.0012645544961694304,7.023243080703104e-05,-0.053893231315463856,-0.17857265028462382,-0.057744888675893453,-0.017949244258447482,-0.005421638237118268,-8.907659688525566e-05,-0.11953306362468906,3.7547822733341825,0.9449296715042532,0.6032540467968524,-0.10081103438279476,-0.10302604459672526,-0.2761892770237791,-3.1951137086353882,-4.427768812176954,-0.9586529859419433,-0.02783715924626287,-0.0008616545194884593
4.48,0.008901257284156089,1.4421745633347436,-1.0153060550222681,-0.5459341217937776,0.0012092379282569957,6.931012911175571e-05,-0.05471323705865935,-0.14436519615998827,-0.047497640743163067,-0.014346448804399515,-0.005531656791243462,-9.223016952753256e-05,-0.11247460073290359,3.8812503443491284,0.9856512273966215,0.6058822883522357,-0.09410550590565536,-0.10163899011716787,-0.280061752294422,-2.9632466181080885,-4.362127692263229,-0.9351505205134861,-0.028355583208319598,-0.0008736830742781504
4.49,0.008346418891304243,1.4410820846310268,-1.015675510366191,-0.546040645381475,0.0011528916619570856,6.835823059135716e-05,-0.05548383928518453,-0.10924787037167136,-0.036945534392287496,-0.01065235876974003,-0.005634626629991018,-9.51898520398539e-05,-0.10595904864705023,3.984427644441542,1.0201966477654962,0.6048539054515967,-0.08675765002865943,-0.0999939174550129,-0.2837608817661833,-2.7379714716595034,-4.297602713818245,-0.9121934776146837,-0.02884588759886472,-0.0008853409050348677
4.5,0.007784336955478811,1.440347755137673,-1.0159370541520991,-0.5461095425511742,0.0010955850937893286,6.737861949682301e-05,-0.05620819358254324,-0.07343294933538297,-0.026154378590815038,-0.006889716969911313,-0.005730656816775709,-9.796110945341522e-05,-0.09993811263393497,4.0635776977496,1.0482964334151559,0.6001714564061995,-0.07883797487149002,-0.0981080612932283,-0.2872946932909969,-2.52075890267004,-4.234600953292112,-0.8899293477883066,-0.02930793183424388,-0.0008966681591734858
4.51,0.0072154460667426985,1.4399763752864874,-1.0160889735200986,-0.5461403607364744,0.0010373866111927019,6.63731169200639e-05,-0.05688908887361128,-0.037137985118563414,-0.015191936799943583,-0.003081818530024217,-0.005819848259662677,-0.00010055025767591041,-0.09435391220447387,4.11810900645162,1.0697221466804363,0.5918588393699302,-0.07042290904888121,-0.09600130979568344,-0.29066881210739476,-2.3130236045433916,-4.17352396244865,-0.8685017003862484,-0.029741449259776082,-0.0009077044514038533
4.5200000000000005,0.006640157079372669,1.4399705307530373,-1.016130248364491,-0.5461328843688793,0.0009783637141931975,6.534347309614604e-05,-0.057528898737002995,-0.0005844533450148626,-0.004127484439227627,0.0007476367595168495,-0.0059022896999504255,-0.0001029643823917858,-0.08914021800435969,4.147581407254418,1.0842892523949321,0.5799612524367355,-0.06159386190354127,-0.09369581900592694,-0.2938863036536365,-2.1161130892897715,-4.114764998969054,-0.8480491222075062,-0.03014603900361402,-0.0009184884482778147
4.53,0.0060588616756386965,1.4403305672321431,-1.0160605618164378,-0.5460871373908522,0.000918583171331271,6.429136057432311e-05,-0.0581295403733972,0.03600364791058697,0.006968654805322747,0.004574697802706324,-0.005978054286192652,-0.00010521125218229254,-0.08422378046689799,4.151711453328558,1.091859623123331,0.5645450471436835,-0.05243631027046003,-0.09121557115580725,-0.2969475409996812,-1.931297087469378,-4.058706223587989,-0.8287041846632741,-0.030521160566890637,-0.0009290574681257012
4.54,0.005471937262023339,1.4410545796152363,-1.0158803059158221,-0.5460033841894754,0.0008581112033554508,6.321836830374453e-05,-0.05869244136153573,0.0724012383093255,0.01802559006157306,0.008375320137683067,-0.006047196797582025,-0.00010729922705785771,-0.07952572309375648,4.13037672542085,1.09234365959308,0.5456974751918047,-0.043038908698204814,-0.08858588949821394,-0.2998500993112697,-1.759757720117672,-4.005715888793738,-0.8105924504660372,-0.030866131405416577,-0.0009394471011702067
4.55,0.004879752119451626,1.4421384158529698,-1.0155905823398823,-0.5458821289172672,0.0007970136877781811,6.212599666887886e-05,-0.059218514257171305,0.1083836237733509,0.028972357593989938,0.012125527220820206,-0.0061097515577269645,-0.00010923716348656657,-0.074962976003424,4.083618984041318,1.0857019816222957,0.5235263280402851,-0.03349261252842739,-0.08583292357649597,-0.30258868016676893,-1.6025805615157072,-3.956145546250058,-0.7938315305062407,-0.031180127712224375,-0.000949690854022316
4.5600000000000005,0.00428267072920682,1.4435756956719272,-1.0151931981009308,-0.5457241131799528,0.0007353563772074456,6.101565350008039e-05,-0.05970813902448066,0.1437279818957529,0.03973842389516182,0.015801573731434468,-0.006165731057073563,-0.00011103431687984758,-0.07044972826442199,4.011646084741916,1.0719466502577992,0.49815946884628737,-0.023889798226461367,-0.08298311968890154,-0.30515506889566013,-1.4607466974096726,-3.910327301920413,-0.7785302010676153,-0.031462188551880266,-0.00095981982204363
4.57,0.003681059196730718,1.4453578441938155,-1.0146906561728954,-0.5455303120849538,0.0006732051244028169,5.988865107634807e-05,-0.06016115324761018,0.17821485218882377,0.05025419280353056,0.01938010949990407,-0.006215125280462868,-0.00011270024237323214,-0.06589888014780261,3.9148325905147385,1.0511418882455947,0.4697442559809524,-0.01432336340789958,-0.08006269168462576,-0.3075381283509763,-1.3351258668231596,-3.8685711493194095,-0.7647875908501963,-0.031711223427673206,-0.0009698623922268889
4.58,0.003075290696293862,1.4474741403805016,-1.0140861410558777,-0.5453019286589036,0.0006106261072394459,5.8746204130069825e-05,-0.0605768500436856,0.21162961866860458,0.060451511701774,0.02283834260502354,-0.0062579017163371005,-0.00011424469462782432,-0.061223478535953384,3.7937190291432734,1.0234042732442843,0.438446857149124,-0.0048857903003209635,-0.07709710713354306,-0.30972383262142034,-1.2264707573062488,-3.8311624123056145,-0.7526924464313858,-0.03192602328321418,-0.0009798439783346579
4.59,0.0024657508604882337,1.4499117801001882,-1.0133834993386812,-0.5450403866574259,0.0005476860471741223,5.758942885721405e-05,-0.06095398358056281,0.243763971968668,0.07026417171964461,0.026154200147770874,-0.006294006006532368,-0.00011567752728557711,-0.05633812018514514,3.64900975879112,0.9889023862372179,0.4044514529956711,0.004331839263910342,-0.07411060333370995,-0.3116953440909547,-1.1354125037564087,-3.7983593292946045,-0.7423224838165985,-0.03210527485297889,-0.00098978678908531
4.6000000000000005,0.0018528430396325918,1.452655953480537,-1.0125872153705628,-0.544747321805527,0.0004844524153654213,5.6419342930772e-05,-0.0612907820855642,0.2744173380348854,0.0796283968118309,0.029306485189891204,-0.006323363180870099,-0.00011700859264420532,-0.051160308361105494,3.4815694220138034,0.9478559062412302,0.3679593290953189,0.013240882342866162,-0.07112574655640502,-0.31343313693026026,-1.062457420304522,-3.7703908106497206,-0.7337438326313809,-0.03224757818480902,-0.0009997096292311584
4.61,0.0012369933575438036,1.4556899360853932,-1.0117023822044708,-0.5444245715220466,0.00042099362127371643,5.52368665099936e-05,-0.061584968208878814,0.30339826048563134,0.08848331660920272,0.03227502834804373,-0.006345879409170482,-0.00011824764207784041,-0.04561174866507751,3.2924179864906633,0.900534151501643,0.3291878553584926,0.021756223276815895,-0.06816304638093107,-0.3149151695323521,-1.0079849736992799,-3.7474544002507875,-0.727010578307905,-0.032351467064712675,-0.0010096277324835399
4.62,0.0006186554918241582,1.45899519332475,-1.0107346680239448,-0.5440741631964597,0.00035737917932387835,5.404282423282723e-05,-0.06183378657196454,0.3305257239356818,0.09677141805259715,0.03504083255868547,-0.006361444194983811,-0.00011940422771663672,-0.03961956984223888,3.082724389802106,0.8472540766785837,0.28836935232897787,0.029797399043837325,-0.06524063497144839,-0.3161171075747635,-0.9722469856801936,-3.729714470814426,-0.7221644063436733,-0.03241543198415759,-0.001019552624451633
4.63,-1.6848910125921105e-06,1.4625514973845573,-1.0096902783138206,-0.5436983011007014,0.0002936798500213852,5.283794817373589e-05,-0.06203403828367503,0.35563040598072376,0.1044389710124113,0.03758620957584001,-0.006369932930249317,-0.00012048760590913392,-0.03311745525675201,2.853798825188294,0.7883777449210597,0.24574984444236847,0.03728973961894219,-0.062374018744944915,-0.31701259831072326,-0.9553680315433417,-3.7173006804280826,-0.7192343513835211,-0.03243794520628157,-0.0010294920131198038
4.64,-0.0006235061124467387,1.466337055845787,-1.0085759140800894,-0.5432993520323656,0.0002299677527404577,5.162288174353586e-05,-0.062182122143414655,0.378555846122987,0.11143642337311552,0.039894906833584404,-0.006371209728092748,-0.00012150664302000328,-0.02604667077518864,2.6070837250410177,0.7243093029249668,0.20158770130511883,0.04416549366279898,-0.05957590716483924,-0.3175735953875769,-0.9573469829987733,-3.710306714969229,-0.7182366525223813,-0.03241748741389368,-0.0010394497039300406
4.65,-0.0012462469341655703,1.470328651052618,-1.0073987264659299,-0.5428798297983952,0.00016631644822244252,5.039818450197273e-05,-0.06227408217188315,0.39915952068307237,0.11771876141596004,0.041952223397029566,-0.006365130451801518,-0.00012246972415631282,-0.018356975236775618,2.3441435184919666,0.6554914959164938,0.15615216923581698,0.05036490429060874,-0.05685612048194505,-0.3177707320068824,-0.9780596259879091,-3.7087893376401597,-0.7191747148708223,-0.03235257536245708,-0.0010494255362901222
4.66,-0.0018693035443479982,1.4745017891894228,-1.0061662681483265,-0.5424423786600062,0.00010280098960924562,4.916433784736684e-05,-0.062305661018242794,0.4173138136804916,0.123245831760331,0.04374511383890113,-0.00635154586131969,-0.00012338466546058853,-0.010007400658080276,2.0666532584312316,0.5824017677527394,0.10972179681021466,0.055837196810988865,-0.05422157528063962,-0.31757373863872757,-1.017262268814516,-3.7127677628092473,-0.7220391760924171,-0.03224178991867898,-0.001059415338311274
4.67,-0.002492027131265174,1.478830857937057,-1.0048864419321542,-0.5419897558698848,3.9497941569524366e-05,4.7921751540848384e-05,-0.062272358691717586,0.4329068747634259,0.12798262161724866,0.04526227901213822,-0.006330304803972125,-0.0001242586306518456,-0.0009668908992678383,1.7763862311693883,0.5055479987794089,0.06258275992509521,0.060541440455383,-0.05167634383219871,-0.3169518998588004,-1.0745962431201757,-3.7222233667870843,-0.7268080753351226,-0.03208380384253191,-0.0010694108967948756
4.68,-0.003113722090872665,1.48328929150216,-1.0035674469855687,-0.5415248134414825,-2.351463226157947e-05,4.667077101554596e-05,-0.06216949596074911,0.4458433565102983,0.1318994946585385,0.046494242840228524,-0.006301257383110383,-0.00012509805253024215,0.008785210294261514,1.4752006782974212,0.4254639405635465,0.015027093807789882,0.06444724919712497,-0.04922178066662075,-0.315874543276293,-1.1495931901998793,-3.7370997431782333,-0.7334471207603178,-0.03187740866935675,-0.001079399939925614
4.69,-0.0037336449074685278,1.4878497417500756,-1.0022177231815508,-0.5410504792973437,-8.615721272671669e-05,4.5411685413725074e-05,-0.06199228165958629,0.45604502479155234,0.13497238040179524,0.04743341441388202,-0.0062642580465137225,-0.00012590856018208883,0.01925882824294967,1.1650257746604968,0.34270441192046996,-0.03264915847109506,0.06753529245950418,-0.04685670759704291,-0.3143115520537109,-1.2416810181088889,-3.757303105152786,-0.741910050743408,-0.03162154007004614,-0.0010893661307633932
4.7,-0.00435100373793298,1.4924842541235315,-1.000845894025125,-0.5405697379487223,-0.00014834889817902423,4.414473628746442e-05,-0.06173588304644528,0.4634512373455831,0.1371829156425832,0.04807413486214657,-0.0062191685452307535,-0.0001266949126260658,0.030452986528011233,0.8478470183401848,0.2578403246539483,-0.0801478692739459,0.06979759427465737,-0.044577646779346544,-0.31223389127376205,-1.3501904110642875,-3.7827030315100396,-0.7521390827977675,-0.03131530111099669,-0.0010992890704203697
4.71,-0.004964958720680107,1.4971644469961423,-0.9994607086539399,-0.5400856108621737,-0.00021000750540601566,4.2870126891197834e-05,-0.06139549827471267,0.46801928726108,0.13851853711851622,0.04841270865486405,-0.006165860722699143,-0.00012746093962665825,0.04235579633562576,0.5256911977719305,0.17145360999752549,-0.12717080758819566,0.07123760856102712,-0.04237909034060301,-0.30961413746248206,-1.4743617717962292,-3.8131335479027633,-0.764065443375449,-0.030957982900222895,-0.0011091443107134266
4.72,-0.005574623020419562,1.501861693092539,-0.9980709834014273,-0.539601136670296,-0.0002710496964366909,4.158803198753277e-05,-0.06096642997394552,0.4697246096396814,0.13897252525126055,0.04844741918776672,-0.006104219103067525,-0.0001282094903665062,0.05494460246500021,0.20061110731019902,0.08413211779702151,-0.17342166219326038,0.07187006786052205,-0.04025379469048477,-0.30642699999526385,-1.6133524796579057,-3.8483945292054087,-0.7776099709375528,-0.030549082189277793,-0.0011189033770386899
4.73,-0.006179064609364422,1.5065473016056066,-0.9966855434067464,-0.5391193513833202,-0.0003313911290003043,4.029860808136851e-05,-0.060444158894486046,0.46856085130676167,0.13854399946808332,0.04817852869757354,-0.00603414325636134,-0.0001289423906164259,0.06818627925812852,-0.12532981452983488,-0.003535440020705818,-0.21860808901085854,0.07172061235013688,-0.03819308782079993,-0.30264982293678766,-1.7662443522663307,-3.888253403893204,-0.7926837840755037,-0.030088315598912865,-0.0011285338031613657
4.74,-0.0067773087748739455,1.5111926996557317,-0.995313164744344,-0.5386432687558389,-0.00039094662826274384,3.900200399164596e-05,-0.05982441655095229,0.4645398050125162,0.13723786624024747,0.04760826274813097,-0.005955549926243951,-0.00012966040897225485,0.08203766674424631,-0.45007275041775,-0.09096443221663708,-0.2624437632094152,0.0708252145413254,-0.03618717863888933,-0.2982630561161892,-1.9320512059394401,-3.9324471365957985,-0.8091890060098551,-0.029575630245345208,-0.0011379991804882843
4.75,-0.007368341332943233,1.5157696117666177,-0.993962517528567,-0.5381758609586808,-0.0004496303773972427,3.769837166520494e-05,-0.05910325580692875,0.4576912110886153,0.1350647215776978,0.0467407797158184,-0.005868374913449889,-0.0001303632326441025,0.09644613474420251,-0.7715785033370767,-0.17757907133434025,-0.30465041542409343,0.06922942228100809,-0.034225458572460454,-0.2932506849084641,-2.109726419866274,-3.9806844608318204,-0.827019536500685,-0.029011210658542792,-0.0011472592251331453
4.76,-0.007951112516700625,1.5202502360762877,-0.9926421104258145,-0.5377200396998891,-0.0005073561245412115,3.6387877133311895e-05,-0.05827711837573907,0.4480624309669999,0.13204071027524655,0.04558212587916749,-0.005772574714396881,-0.00013104945318930414,0.11135026063879196,-1.0878420670090607,-0.26281693621401925,-0.34495983059844804,0.06698744810156448,-0.03229678721100307,-0.287600609249947,-2.298170420386708,-4.032648330434061,-0.8460618620746918,-0.028395481998729367,-0.0011562698666439445
4.7700000000000005,-0.00852454149938891,1.5246074160592722,-0.9913602369787823,-0.5372786379310874,-0.0005640374037407738,3.5070711508524334e-05,-0.05734289826882853,0.4357179982984454,0.1281873447032189,0.04414017688016581,-0.005668127919956223,-0.0001317165624787563,0.12668060502113743,-1.3969066156386463,-0.3461331993127575,-0.3831157875994622,0.0641611364660235,-0.030389755482091815,-0.28130496380444703,-2.4962380145156047,-4.087998555432577,-0.8661958955070013,-0.02772910968695834,-0.0011649833625980012
4.78,-0.009087521502403799,1.5288148066053109,-0.9901249241151301,-0.5368543922663909,-0.0006195877675793731,3.374710191771755e-05,-0.05629800030148875,0.42073905460386657,0.12353128636522388,0.04242456646966124,-0.0055550363838599405,-0.00013236095908067817,0.1423605685429185,-1.696876774459955,-0.4270045116351867,-0.4188759178929633,0.06081884201015442,-0.028492921674791283,-0.2743603728433903,-2.7027455154533584,-4.1463745862410555,-0.8872958356849664,-0.02701299566505799,-0.0011733484433555463
4.79,-0.009638925431023584,1.5328470333796045,-0.988943883177138,-0.5364499262306534,-0.0006739210293170336,3.241732226632559e-05,-0.055140392861978596,0.4032226774293618,0.11810409379920529,0.04044660357375615,-0.005433326173766045,-0.0001329779651391962,0.1583073129156846,-1.9859310485658284,-0.5049325064158954,-0.4520134622116414,0.05703425162454179,-0.026595017401260523,-0.2667681352213086,-2.9164776168069917,-4.207398408929111,-0.9092310393181149,-0.02624827158511142,-0.0011813104910866012
4.8,-0.010177611973627917,1.5366798444780005,-0.9878244637704459,-0.5360677344424558,-0.0007269515125232908,3.108170372912454e-05,-0.05386865426043333,0.38328110983960434,0.11194194066921224,0.03821917881975712,-0.005303048320625729,-0.00013356185372010492,0.1744327292048415,-2.2623333056200803,-0.579446891712147,-0.48231890529987176,0.052885181405836645,-0.0246851222394934,-0.258534336724201,-3.136193986146445,-4.270677514167552,-0.931866896430489,-0.025436289295404934,-0.0011888117567519466
4.8100000000000005,-0.010702432094566058,1.540290253485614,-0.9867736106896384,-0.5357101678250812,-0.0007785943063608053,2.974064486417703e-05,-0.052482012093814014,0.36104090076133716,0.10508530808074604,0.03575666173746434,-0.005164279383751441,-0.00013410588649475055,0.19064443720317434,-2.5244432277486797,-0.6501081115101772,-0.5096014704422096,0.04845237643979705,-0.022752807251663926,-0.24966988895048034,-3.3606355619127166,-4.335807903083671,-0.9550657021636089,-0.024578609036112024,-0.0011957916180467452
4.82,-0.011212235846445153,1.5436566731473418,-0.98579782413713,-0.5353794199260473,-0.0008287655248600739,2.839462124881001e-05,-0.050980375187909564,0.3366419661727758,0.09757865525083918,0.033074789903389745,-0.005017121849926862,-0.0001346023615367022,0.2068468007277681,-2.770725668617316,-0.7165095645576703,-0.5336904575248678,0.0438183374207044,-0.020788248778876306,-0.24019049566739772,-3.588530550196853,-4.402377094709284,-0.9786875181118667,-0.0236769857827517,-0.0012021868804372889
4.83,-0.011705879424470865,1.5467590389615873,-0.9849031234103656,-0.5350775144128307,-0.0008773825687109205,2.70441945396528e-05,-0.049364357802571285,0.31023658142455424,0.08947007267644773,0.030190551321666446,-0.004861704385084657,-0.00013504267091572102,0.22294194507694082,-2.999758872832871,-0.7782793796296819,-0.5544364107886857,0.039066193609579525,-0.018782314854740023,-0.23011654919794253,-3.818600129195308,-4.469967101869839,-1.0025910171867451,-0.02273335417883619,-0.0012079321223806162
4.84,-0.012182232383548833,1.5495789221123655,-0.9840950141916172,-0.5348062937994661,-0.0009243643882764966,2.5690020862753748e-05,-0.04763529590779669,0.2819883150778097,0.08081092187483865,0.027122061336457177,-0.0046981819565576075,-0.0001354173676899053,0.23883076453489308,-3.2102415357535645,-0.8350817550619474,-0.5717121051356564,0.03427863691938815,-0.01672662725296728,-0.21947296077926012,-4.049563878953661,-4.5381573451512205,-1.0266343068394548,-0.021749812482488716,-0.0012129600846641367
4.8500000000000005,-0.012640184938072742,1.5520996312580118,-0.9833784595353847,-0.5345674094459878,-0.000969631746703804,2.4332858444555465e-05,-0.04579525545239086,0.2520709145646175,0.07165546562324507,0.023888435347830764,-0.004526735842730747,-0.00013571624181982835,0.25441390964280514,-3.400998701979355,-0.8866178788979293,-0.58541334272509,0.029536927278439595,-0.014613602609275467,-0.20828892995801615,-4.2801449621397865,-4.606527477877406,-1.05067572633975,-0.020728605917614898,-0.0012172021025924121
4.86,-0.013078655264581086,1.5543063027953066,-0.982757854611286,-0.5343623128604058,-0.0010131074821551301,2.2973574399978304e-05,-0.04384703265083439,0.22066715372948165,0.06206049240987492,0.020509658558201492,-0.004347573545132621,-0.00013592840445771602,0.26959274588431775,-3.5709865196809876,-0.9326264536706972,-0.5954595545976655,0.024919975100295533,-0.012436476263278928,-0.19659765893582537,-4.509075087908132,-4.6746600987108895,-1.0745746146878066,-0.019672109771800922,-0.0012205885785363086
4.87,-0.013496596728637034,1.5561859793144692,-0.9822370052259476,-0.5341922483212862,-0.0010547167683116045,2.1613150599983328e-05,-0.04179414640559476,0.1879676519162672,0.052084938533831046,0.017006453911956175,-0.004160928615647437,-0.00013604237999949745,0.2842702773814334,-3.7192958850349864,-0.9728838564869295,-0.6017942050900782,0.020503502864837486,-0.01018931248453131,-0.18443601835282716,-4.735099295362327,-4.742143332416059,-1.0981920466021444,-0.01858281252442716,-0.0012230494911980175
4.88,-0.013893004959239338,1.5577276760519134,-0.9818191101162641,-0.5340582468281887,-0.0010943873723981766,2.0252688547710698e-05,-0.03964082306023043,0.154169673744429,0.041789510968345184,0.013400149309755142,-0.003967060408657203,-0.0001360462052272629,0.29835203108394787,-3.8451550259655747,-1.007203970562996,-0.604384999712428,0.016359284616609404,-0.007867004626359642,-0.17184417132081167,-4.95698059568715,-4.808573263370759,-1.1213915348567993,-0.017463299223836663,-0.0012245149368812266
4.89,-0.014266924696668824,1.5589224352328703,-0.981506746978848,-0.5339611213773444,-0.0011320499100440963,1.889341319957753e-05,-0.03739197374294855,0.11947591809568409,0.031236313741611135,0.009712545084425348,-0.0037662537645919746,-0.00013592753481331683,0.3117468986842348,-3.9479310868413924,-1.0354377285511567,-0.6032238999627282,0.012554459695348852,-0.005465268523887512,-0.1588651626233218,-5.1735045127501245,-4.87355621044424,-1.1440396980140153,-0.016316235266144008,-0.0012249156971284824
4.9,-0.014617456342782291,1.5597633682742,-0.9813018621768023,-0.5339014635511355,-0.0011676380963205782,1.753667567554182e-05,-0.03505316461134683,0.08409330413297747,0.020488480204570586,0.00596578262088761,-0.003558818627648185,-0.00013567375240357103,0.3243679350272737,-4.027130785523505,-1.057472410850173,-0.5983269510773432,0.009150915264559467,-0.0029806321545509107,-0.14554447993214592,-5.383483560958799,-4.936710835760989,-1.166006893295369,-0.015144350664561218,-0.001224183826328126
4.91,-0.014943762146265013,1.5602456858884386,-0.9812057640452266,-0.5338796414022179,-0.001201088992284767,1.6183954811073634e-05,-0.03263058034827219,0.04823176142385883,0.00960981315756479,0.002182214891766341,-0.0033450895964188786,-0.0001352720864468186,0.33613311304442994,-4.08240022110198,-1.0732307435744488,-0.5897339309907288,0.006204731197376301,-0.00041042424817577805,-0.1319295936955591,-5.585761696532578,-4.9976700835334995,-1.187167814938434,-0.013950424840687837,-0.0012222532523225092
4.92,-0.015245071959146327,1.5603667161930996,-0.9812191197011286,-0.5338957986065496,-0.0012323432463044969,1.4836857512210038e-05,-0.03013098128813147,0.012103030466109471,-0.001335565590196432,-0.0016157204331631726,-0.003125425401972991,-0.00013470972988635963,0.346966036160205,-4.113523914780151,-1.0826698410099878,-0.5775078306670078,0.0037656805913803826,0.0022472358202541565,-0.11806948208119807,-5.779218774265349,-5.056082948482098,-1.2074020588844117,-0.012737271921133057,-0.0012190603826789737
4.93,-0.015520688504898652,1.5601259109844936,-0.9813419552515434,-0.5339498548541325,-0.001261345329341051,1.3497117884398999e-05,-0.0275616545752325,-0.02408052086061392,-0.012283555041484892,-0.005405624758296255,-0.0029002083036554116,-0.0001339739627811039,0.35679660965430665,-4.120423167750699,-1.0857800362490333,-0.5617341775440625,0.0018767795630896256,0.00499344487201181,-0.10401414704937662,-5.962775036496196,-5.111616076294852,-1.2265946550252176,-0.011507726486437043,-0.0012145447091181367
4.94,-0.015769992102637236,1.5595248403830502,-0.9815736592854548,-0.534041507441909,-0.001288043763228144,1.2166595115658181e-05,-0.02493035977385854,-0.060107060144337636,-0.023170403391134117,-0.009165258777653352,-0.0026698433887093077,-0.00013305227687408186,0.36556167257050703,-4.103153818730013,-1.082583641396593,-0.5425202149593513,0.0005738809573336834,0.007828517863589901,-0.08981412732731195,-6.135395654563001,-5.1639552010622145,-1.2446365685001624,-0.010264629695995663,-0.0012086494026249664
4.95,-0.015992444796307542,1.5585671760977882,-0.9819129895302496,-0.5341702340299063,-0.0013123913408073795,1.0847270104885108e-05,-0.022245269367030567,-0.09576642852620533,-0.03393302447948104,-0.012872658799723822,-0.0024347577579235348,-0.00013193250107730722,0.3732055914299465,-4.061903480310829,-1.0731336753809395,-0.5199939512380176,-0.00011469188201629343,0.01075198362285354,-0.075520013777493,-6.296095335687589,-5.212806426616739,-1.2614251716705038,-0.00901081570312162,-0.0012013218919844789
4.96,-0.016187593842313053,1.5572586635917587,-0.9823580825515509,-0.5343352965193006,-0.0013343453365681703,9.541240836950511e-06,-0.019514904600550925,-0.13085125060295155,-0.04450930213012093,-0.016506248939426336,-0.0021953995760790827,-0.00013060292679345964,0.3796808162262672,-3.9969883277690226,-1.0575125931560023,-0.49430309249556004,-0.00016847318494428443,0.013762573415551926,-0.06118197241982745,-6.4439430002340305,-5.257897360203382,-1.2768646884160424,-0.007749098278211654,-0.0011925144188678384
4.97,-0.016355074513852895,1.5556070834587694,-0.9829064663759013,-0.5345357460094601,-0.001353867706200394,8.25071651747473e-06,-0.016748067153984254,-0.16515801329892899,-0.054838382435038385,-0.020044949015949862,-0.0019522369632223805,-0.00012905243194757807,0.38494839797392105,-3.9088495067555873,-1.0358310450923747,-0.4656138733122539,0.0004248557129709063,0.016858201720074656,-0.046849280180804365,-6.578066525795597,-5.298978107904702,-1.290866612296614,-0.006482257574096469,-0.0011821845631235475
4.98,-0.016494612185386146,1.5536222023453117,-0.9835550759184306,-0.5347704287900923,-0.0013709252732099506,6.978010491898637e-06,-0.013953767153325275,-0.19848811134576588,-0.06486095425292922,-0.02346827806321714,-0.001705756700955642,-0.00012727060255760935,0.38897846549035053,-3.798049217798199,-1.0082266898326737,-0.43410979915179304,0.0016692182808861755,0.02003593894160241,-0.03256987829672303,-6.697657545798152,-5.335822141766719,-1.3033500999108174,-0.005213026994218874,-0.0011702957325766135
4.99,-0.016606023666217995,1.5513157137713074,-0.9843002711017993,-0.5350379933242283,-0.0013854899004822768,5.725531985570381e-06,-0.011141148083185035,-0.23064885740043392,-0.07451951833686683,-0.02675645341360056,-0.0014564627272326315,-0.00012524785063282556,0.39175065718328494,-3.6652665261124833,-0.9748630779747263,-0.3999903139276153,0.0035599416707974285,0.02329197619484663,-0.01838994817561133,-6.801976281451601,-5.368227048648535,-1.3142423404756598,-0.003944080158918994,-0.001156817612378239
