time,q1,q2,q3,q4,q5,q6,dq1,dq2,dq3,dq4,dq5,dq6,ddq1,ddq2,ddq3,ddq4,ddq5,ddq6,tau1,tau2,tau3,tau4,tau5,tau6
0.0,0.0,1.5,-1.0,-0.54,0.0,0.0,0.0,0.0,0.0,0.0,0.0,0.0,0.0,0.0,0.0,0.0,0.0,0.0,0.0,0.0,0.0,0.0,0.0,0.0
0.01,1.079600907280369e-06,1.5000011775318856,-0.999997736455609,-0.5399995358951809,1.255815282973628e-07,5.719264031297846e-09,0.0001079600907280369,0.00011775318854773195,0.00022635443909868085,4.641048191683369e-05,1.255815282973628e-05,5.719264031297847e-07,0.014732668411933197,0.011378986549543637,0.03411075037604016,-0.008032016614019338,0.007967442978470948,0.010727456435475374,0.0018195602200834588,-4.0158974541056045,-4.595616913766523,-1.0315646640157465,0.0002090394705645239,-0.00048602340265741374
0.02,5.908106659447623e-06,1.5000062360661242,-1.0000337792147198,-0.5400069497470421,3.8769127085522296e-07,3.417781287362859e-08,0.0004828505752167254,0.0005058534238553023,-0.0036042759110873138,-0.0007413851861229776,2.6210974255786016e-05,2.8458548842330738e-06,0.06110403010687352,0.09127642688971117,-0.5819247249579954,0.02234241347202448,-0.07680243877410753,0.06709372639717766,0.006803927453672894,-4.048545266385591,-4.672246524272354,-1.0499789602033784,0.0005839479904174028,-0.0004786722464116247
0.03,1.632682037720777e-05,1.5000143592989374,-1.0001362068657846,-0.5400287766932746,9.643352403402016e-07,8.406789678845866e-08,0.0010418713717760145,0.0008123232813316578,-0.01024276510648782,-0.002182694623255529,5.766439694849786e-05,4.989008391483007e-06,0.08756037449912515,0.11806694380005323,-0.9828784238030348,-0.06090978065570818,-0.07643092944504276,0.06712729664265558,0.011764107550827747,-4.0808562270703534,-4.748250641013392,-1.0682292846961803,0.0009568556183588195,-0.000471282812429871
0.04,3.360418742621875e-05,1.5000226759335518,-1.0003243417726484,-0.5400696336099368,1.9839891523264694e-06,1.543696971779211e-07,0.0017277367049010985,0.0008316634614379271,-0.01881349068637576,-0.004085691666213372,0.00010196539119862677,7.030180038946244e-06,0.10558651861167884,0.1095472649533866,-1.2543889041672964,-0.12591795435694442,-0.0741038938766782,0.06686375657597309,0.01668651017035178,-4.112440569301052,-4.8230156038734435,-1.0861551908191125,0.0013268196594822719,-0.00046379941720649617
0.05,5.8599895502330966e-05,1.500027260745391,-1.0006111692201454,-0.5401326956347978,3.5351087176391694e-06,2.4431281628146645e-07,0.002499570807611222,0.0004584811839321065,-0.028682744749703636,-0.006306202486101416,0.00015511195653127,8.994311910354531e-06,0.11774956246046278,0.08040136675180201,-1.4340632486140346,-0.1715695574276297,-0.0719907793541682,0.06649268679137335,0.02155914393606767,-4.142905961825723,-4.895955676547611,-1.103604820820056,0.001693051548904418,-0.00045616791232569134
0.06,9.18802653589351e-05,1.5000238043476462,-1.001004984494259,-0.5402200569990688,5.677529205099074e-06,3.5332323264003796e-07,0.0033280369856604135,-0.0003456397744796084,-0.03938152741136341,-0.008736136427097134,0.00021424204874599047,1.0901041635857152e-05,0.12570128585650345,0.04065370968050197,-1.546316591038057,-0.2026267293165187,-0.06999855082716672,0.06601686496359079,0.026370966693783495,-4.171863715692095,-4.966511464133938,-1.1204341341545456,0.0020548601448468146,-0.00044833662795521915
0.07,0.0001337996758664375,1.5000080566142728,-1.0015105246117357,-0.5403329817069336,8.450645308690691e-06,4.809887048841185e-07,0.004191941050750241,-0.0015747733373399227,-0.050554011747667056,-0.011292470786467258,0.0002773116103591617,1.2766547224408058e-05,0.13060294726111005,-0.0029967075200138635,-1.60782955418211,-0.2226992909786265,-0.06801428209519444,0.06543846593220752,0.031111542732902592,-4.198934133455028,-5.034149740057676,-1.1365066441986929,0.0024116194007227443,-0.0004402569804938777
0.08,0.00018455801229998701,1.4999761160384404,-1.0021297521731864,-0.5404720778478479,1.1879185217383659e-05,6.270358765632852e-07,0.005075833643354949,-0.003194057583250422,-0.06192275614508026,-0.013909614091439383,0.00034285399086929667,1.460471716791667e-05,0.13327392009525724,-0.04612096610083209,-1.6301270470346245,-0.23430298914563252,-0.06595719706535219,0.06475936199441347,0.035770860254248873,-4.223750894608036,-5.098364287002482,-1.1516934918344277,0.0027627489561705782,-0.00043188395092342994
0.09,0.0002442411936821006,1.4999246141862905,-1.002862404652304,-0.5406374203388984,1.5977281280063548e-05,7.913142611528143e-07,0.005968318138211361,-0.0051501852149779155,-0.0732652479117473,-0.016534249105046795,0.0004098096062679888,1.6427838458952913e-05,0.13429247358782673,-0.0858339527891714,-1.621260102892679,-0.23919774281280315,-0.06377135677213741,0.06398108946059006,0.0403392365700921,-4.245964614692616,-5.158677402101379,-1.1658737318895729,0.0031077020188734375,-0.0004231765131400829
0.1,0.000312849771646594,1.499850828626136,-1.0037063859976723,-0.5408286390345397,2.0751337571716536e-05,9.737840403072701e-07,0.006860857796449335,-0.007378556015444744,-0.0843981345368246,-0.019121869564134454,0.0004774056291652987,1.8246977915445586e-05,0.13406696058983114,-0.1203006398517171,-1.5869432250241415,-0.23863503365151928,-0.061419220020261456,0.06310485821776962,0.04480727396987255,-4.265245782211062,-5.2146417962062515,-1.1789347459601134,0.003445957637198336,-0.0004140980371384229
0.11,0.0003903191325537207,1.4997527469819107,-1.0046580526729112,-0.5410449836899296,2.620204834414457e-05,1.1745057946903666e-06,0.007746936090712674,-0.009808164422522076,-0.09516666752388271,-0.02163446553898378,0.0005450710772428031,2.0072175438309635e-05,0.13288617130335084,-0.1484010130963216,-1.5313254835576304,-0.23352632027211673,-0.05887700166392518,0.062131584632142106,0.04916584633246093,-4.281287268853362,-5.2658426891416905,-1.1907727218974467,0.0037770157804132586,-0.0004046166701380717
0.12,0.00047653380011837153,1.499629097465514,-1.0057124294339321,-0.5412853735516416,3.232581774157185e-05,1.3936310437444936e-06,0.008621466756465081,-0.012364951639665701,-0.10543767610208415,-0.02403898617120004,0.0006123769397427283,2.19125249054127e-05,0.13095493468238975,-0.1695028622917559,-1.4575128298709865,-0.22455679208642465,-0.05613132313511782,0.06106193484020576,0.05340610504309369,-4.293806572027354,-5.311899958784915,-1.2012931585837974,0.004100394297162294,-0.0003947056910648828
0.13,0.0005713376033103948,1.499479356285251,-1.0068633786993721,-0.5415484368245566,3.911575784098214e-05,1.6313929478775995e-06,0.009480380319202328,-0.014974118026281569,-0.1150949265440108,-0.026306327291492994,0.0006789940099410293,2.3776190413310588e-05,0.12841927344576032,-0.1833078797817939,-1.3679212579001925,-0.21226192730393212,-0.05317677876389881,0.05989637187654863,0.057519497111502865,-4.302547905765911,-5.352470242423611,-1.210411366964851,0.004415627162229412,-0.0003843438319308469
0.14,0.0006745409557134028,1.4993037389584345,-1.0081037395862755,-0.541832543545887,4.656239018699575e-05,1.8880968250969613e-06,0.010320335240300802,-0.01756173268165527,-0.12403608869034058,-0.028410672133035497,0.0007446632346013607,2.5670387721936178e-05,0.1253841637415747,-0.1897475831447806,-1.2645149133139475,-0.1970787555775928,-0.05001415421937233,0.05863520375710338,0.06149779071907092,-4.307284215796925,-5.38724891740079,-1.2180529465677203,0.00472226360873142,-0.00037351555999337344
0.15,0.0007859261254703727,1.499103180267023,-1.00942544738557,-0.5421358342280427,5.465413927340956e-05,2.164110319497416e-06,0.011138516975696998,-0.020055869141166072,-0.13217077992944185,-0.030329068215571478,0.0008091749086413807,2.7601349440045444e-05,0.12192606058517862,-0.1889130999646279,-1.1489659128530303,-0.17937991061837533,-0.046649109816462475,0.05727863145180991,0.0653331047556976,-4.307819160081696,-5.415971907902487,-1.2241542222802593,0.005019867853813732,-0.00036221131561004806
0.16,0.0009052511151413433,1.4988793060409085,-1.0108196406448342,-0.5424562458358766,6.337768044714927e-05,2.459853172956224e-06,0.011932498967097057,-0.022387422611442116,-0.13941932592643688,-0.0320411607833868,0.000872354117373971,2.9574285345880793e-05,0.11810171895859899,-0.18100795897197314,-1.0227608604150031,-0.1594959745119935,-0.04309119435446834,0.05582679649720301,0.06901793972532072,-4.30398906804181,-5.438417278588984,-1.2286626299513026,0.005308019196850775,-0.00035042770185438624
0.17,0.00103225258687548,1.4986343989000255,-1.012276760568818,-0.5427915361216131,7.271818633553536e-05,2.7757866203829744e-06,0.012700147173413667,-0.024490714088300437,-0.14571199239839894,-0.03352902857364889,0.0009340505888386092,3.1593344742675054e-05,0.11395439288373899,-0.16631649633775578,-0.8872710514152709,-0.13772986575104618,-0.03935309264087,0.05427982831424252,0.07254520794121119,-4.295664869557255,-5.454406585607098,-1.2315370420249283,0.00558631231782062,-0.00033816762302436973
0.18,0.0011666481380297644,1.4983713593750254,-1.013786645774216,-0.5431393069715607,8.2659502899468e-05,3.1124024696354018e-06,0.013439555115428433,-0.026303952500006604,-0.15098852053978445,-0.034777084994749886,0.0009941316563932638,3.366158492524272e-05,0.10951817765416205,-0.14518283622163508,-0.7437979293992735,-0.1143658362891129,-0.035450036817478325,0.052637891368821174,0.07590826132110402,-4.28275396786944,-5.463805962743807,-1.23274802636244,0.005854357639102746,-0.0003254403701142942
0.19,0.001308138140017394,1.4980936633490751,-1.0153386242951032,-0.5434970271675736,9.318427701730956e-05,3.4702119502334005e-06,0.014149000198762956,-0.027769602595033534,-0.15519785208873696,-0.03577201960130093,0.0010524774117841565,3.578094805979988e-05,0.10482103592643845,-0.11799699942100891,-0.5936016739776827,-0.08967483669685783,-0.031399331199438885,0.05090123227246975,0.07910091539505121,-4.265202017997956,-5.466526926032232,-1.232278032904147,0.006111781641533283,-0.0003122616521400055
0.2,0.0014564072876178534,1.4978053164471654,-1.0169216039598936,-0.5438620547958044,0.00010427405099125836,3.849734426838352e-06,0.014826914760045933,-0.028834690190976044,-0.15829796647904673,-0.03650276282307715,0.0011089773973948806,3.7952247660495104e-05,0.09988688965401918,-0.08518577670524331,-0.4379182966869196,-0.06391745966164675,-0.027219954680511083,0.049070226835991035,0.08211746839454072,-4.242994563524078,-5.462526884621568,-1.230121504052804,0.006358227048190241,-0.00029865357292918707
0.21,0.0016111259593741146,1.4975108057943665,-1.0185241617345369,-0.5442316594201371,0.00011590933475094612,4.2514860781904295e-06,0.015471867175626108,-0.02945106527989267,-0.16025577746431333,-0.03696046243326122,0.0011635283759687766,4.017516513520781e-05,0.09473704778616494,-0.04720673947032664,-0.27796892113826815,-0.03734529731036307,-0.022932215320408733,0.04714542698413006,0.08495271452356663,-4.216158479082406,-5.4518093495737405,-1.2262849057312915,0.0065933528090077066,-0.0002846445536315676
0.22,0.001771951456504423,1.4972150494367336,-1.0201346322716138,-0.5446030440605051,0.00012806966325066,4.67596864234443e-06,0.016082549713030837,-0.029575635763292387,-0.16104705370770422,-0.037138464036797374,0.0012160328499713892,4.244825641540003e-05,0.08939116067052927,-0.0045442618378545765,-0.11496376780329022,-0.01020129099928907,-0.01855743955371686,0.045127607329001715,0.0876019507352994,-4.184763163225096,-5.434423835701637,-1.2207866770464346,0.006816833837177531,-0.00027026920178326226
0.23,0.0019385291640714503,1.4969233436447413,-1.0217411956675928,-0.5449733669652276,0.000140733644224059,5.123658326190344e-06,0.016657770756702727,-0.029170579199212655,-0.16065633959790787,-0.03703229047225083,0.0012663980973398996,4.476896838459136e-05,0.08386783654127039,0.042293228726432285,0.049897423048121975,0.01728052474300551,-0.014117684285768817,0.04301781108617199,0.09006097655991775,-4.148921426157854,-5.410465454766419,-1.213657097418664,0.007028360465168339,-0.0002555681282843361
0.24,0.002110493661245645,1.4966413082831003,-1.0233319642743215,-0.5453397631334619,0.00015387899979695132,5.594994972379888e-06,0.017196449717419456,-0.028203536164116656,-0.15907686067286908,-0.03663961682342657,0.0013145355572892297,4.713366461895439e-05,0.07818501649079755,0.0927753192914402,0.21542733311339252,0.04487560527337031,-0.00963546450064473,0.04081739490167355,0.09232608675360947,-4.108790018927844,-5.3800742013872895,-1.2049380709354138,0.007227637604501505,-0.00024058771412475944
0.25,0.0022874697954571553,1.4963748304213131,-1.0248950683108922,-0.545699365523298,0.0001674826042703935,6.090371570543876e-06,0.017697613421151042,-0.026647786178703947,-0.15631040365706564,-0.035960238983611705,0.0013603604473442189,4.953765981639876e-05,0.07236017704338364,0.1463513811337245,0.3804545418803869,0.07236961308543766,-0.005133492276796214,0.03852807204276837,0.0943940567659101,-4.064569754738363,-5.34343393592392,-1.194682828564383,0.007414383609331426,-0.0002253798291245572
0.26,0.0024690737267134373,1.496130006368384,-1.0264187399611517,-0.5460493258690774,0.00018152051953701495,6.610124192509015e-06,0.01816039312562821,-0.024482405292907662,-0.15236716502594636,-0.03499603457793431,0.0014037915266621457,5.197526219651394e-05,0.06641041041294896,0.2024523094207524,0.5438279571076693,0.09955913750234391,-0.0006344255545492339,0.03615195329237092,0.0962621212500579,-4.0165051789541835,-5.300771071379103,-1.1829555497229998,0.0075883288593351856,-0.00021000150534119307
0.27,0.0026549139424339027,1.4959130823368656,-1.0278913956084825,-0.5463868350255302,0.00019596802898803949,7.1545224234167025e-06,0.018584021572046548,-0.021692403151833486,-0.14726556473307856,-0.033750915645281584,0.001444750945102452,5.443982309076876e-05,0.0603524192750437,0.26049241880468005,0.7044217936309122,0.12625232898187155,0.0038393731867273906,0.03369158478147899,0.09792794606471952,-3.9648837518238738,-5.252352974027609,-1.1698309055391374,0.0077492140922263315,-0.00019451456814260242
0.28,0.002844592239167125,1.495730393971634,-1.0293017158448077,-0.5467091427544355,0.000210799670340768,7.723760352452191e-06,0.0189678296733222,-0.018268836523150776,-0.141032023632522,-0.032230772890533374,0.0014831641352728493,5.6923792903548913e-05,0.054202453663951364,0.31987162061102925,0.8611408141570732,0.15226939236248516,0.008266066872821276,0.031149981902516083,0.09938959442996265,-3.910034516751766,-5.198486089987692,-1.1553935269488,0.00789678853006557,-0.00017898522824932173
0.29,0.0030377046650535006,1.495588305014064,-1.03063872288928,-0.5470135768703897,0.00022598926752024208,8.317948178511768e-06,0.019311242588637565,-0.014208895756999318,-0.133700704447231,-0.030443411595412643,0.00151895971794741,5.9418782605957686e-05,0.04797621117290399,0.3799779620617356,1.0129256296364215,0.17744290731169832,0.012624560032535481,0.028530658374754797,0.10064548809980332,-3.8523262368573934,-5.139513812288756,-1.139737401550407,0.008030807856084591,-0.0001634836383155085
0.3,0.003233842415553215,1.495493145410037,-1.0318918550597076,-0.5472975616649886,0.0002415099615323239,8.93710447774651e-06,0.01961377504997144,-0.009515960402692623,-0.1253132170427687,-0.028398479459891077,0.001552069401208182,6.191562992347421e-05,0.04168871710158122,0.4401905729664452,1.1587579161388968,0.20161796236324214,0.016894698327003604,0.025837649491078335,0.10169436459212373,-3.7921649933045383,-5.0758141051270504,-1.1229652038629911,0.008151032109584854,-0.00014808341784816907
0.31,0.0034325926745413025,1.4954511492083005,-1.0330510379535165,-0.5475586355326109,0.0002573342401459481,9.581149171684379e-06,0.019875025898808747,-0.004199620173666728,-0.11591828938089038,-0.026107386762234983,0.0015824278613624238,6.440446939378685e-05,0.03535419792901948,0.4998830374377337,1.2976654476681548,0.22465210278526193,0.02105744823104766,0.023075528567646914,0.10253523166864269,-3.729991250191072,-5.007796903915603,-1.1051875643071807,0.008257223575246522,-0.00013286115045868806
0.32,0.003633539393202251,1.4954683926323245,-1.034106752012828,-0.5477944677255424,0.0002734339661436868,1.0249897226693803e-05,0.02009467186609484,0.0017243424024086821,-0.10557140593114724,-0.023583219293150832,0.001609972599773868,6.68748055009423e-05,0.028985959046244077,0.5584271854162007,1.428726875212972,0.24641510317635973,0.02509505368580943,0.02024941565448568,0.10316732037810386,-3.666276402379874,-4.935901311404715,-1.086522282833886,0.00834914474955229,-0.0001178958576027634
0.33,0.0038362640000963633,1.495550732742476,-1.0350500961685132,-0.5480028741710584,0.0002897804038900615,1.0943053108040718e-05,0.02027246068941124,0.00823401101515344,-0.09433441556852706,-0.020840644551604073,0.0016346437746374695,6.931558813469148e-05,0.022596275749050408,0.6151972798412317,1.5510762050365137,0.26678858387031124,0.028991166763000037,0.01736497764610323,0.10359003806100296,-3.6015188342297257,-4.860592611558976,-1.0670934936574104,0.008426556470722407,-0.00010326845309604083
0.34,0.004040346037201494,1.4957037471347443,-1.0358728472797474,-0.5481818322880267,0.00030634424399692353,1.1660206004818225e-05,0.020408203710513037,0.015301439226826566,-0.08227511112341598,-0.01789581169682941,0.0016563840106862046,7.171528967775067e-05,0.016196304853721664,0.6695745593689499,1.6639069460779483,0.28566549631683635,0.03273094979209412,0.014428419063701514,0.10380292276120894,-3.5362395284628647,-4.782359124016138,-1.047030787999694,0.00848921629937785,-8.906118279459726e-05
0.35000000000000003,0.004245363718551777,1.4959326751463486,-1.0365675151078315,-0.548329494745432,0.0003230956259269395,1.2400825835682633e-05,0.020501768135028325,0.02289280116044019,-0.06946678280841868,-0.014766245740523144,0.0016751381930015974,7.406198308644078e-05,0.009796022815649194,0.720952083138044,1.7664759089030988,0.3029495069796262,0.036301146969555026,0.011446462960353398,0.10380560049705007,-3.4709772750982717,-4.7017089228189874,-1.0264683021144485,0.008536877234987774,-7.535705390307056e-05
0.36,0.004450894410201079,1.4962423610564055,-1.037127392585323,-0.548444202109845,0.00034000415846286043,1.3164260039676872e-05,0.020553069164930198,0.030968591005696836,-0.055987747749159225,-0.011470736441304386,0.001690853253592096,7.634342039942386e-05,0.0034041948159217812,0.7687398129256945,1.8581066479265225,0.31855431214375596,0.039690124160397626,0.008426321625706112,0.10359774681130744,-3.40628354021583,-4.619166443705984,-1.0055437781292975,0.008569286848003054,-6.223925841903651e-05
0.37,0.004656515032537886,1.4966371997807115,-1.0375466011634484,-0.5485244943331974,0.00035703893807533264,1.3949731151501403e-05,0.020562062233680758,0.039483872430595354,-0.041920857812547334,-0.008029222335237306,0.0017034779612472187,7.854711118245311e-05,-0.0029716221132547933,0.812369858969438,1.9381925453177946,0.3324029174861707,0.04288787638453134,0.005375657031422898,0.10317905394655061,-3.342717063042705,-4.535269004579366,-0.9843976054179695,0.008586186899508737,-4.9790595240083646e-05
0.38,0.004861802388377039,1.4971210855630404,-1.0378201310421684,-0.5485691210362538,0.0003741685653392213,1.4756335156416291e-05,0.020528735583915297,0.0483885782328736,-0.027352987872000724,-0.004462670305639652,0.0017129627263888698,8.06604004914888e-05,-0.009325040243502941,0.8513018086633967,2.0061995395669925,0.34442691649980617,0.045886003317027246,0.0023025312509467044,0.10254920488079564,-3.28083825724191,-4.450563263854365,-0.9631718502916975,0.008587313509416276,-3.8092895448843425e-05
0.39,0.005066333422661005,1.4976973641607607,-1.0379438761080482,-0.5485770505469143,0.0003913611596715773,1.5583040616512347e-05,0.020453103428396607,0.057627859772029305,-0.012374506587972475,-0.0007929510660515601,0.001719259433235596,8.267054600960563e-05,-0.015650766285761085,0.8850280522231804,2.0616685044582237,0.3545658009574275,0.04867765399076801,-0.0007846526024737344,0.10170785531083704,-3.221203498135666,-4.365601641249522,-0.9420092817801312,0.008572397920925455,-2.7226455249585845e-05
0.4,0.0052696854219313844,1.4983687890098214,-1.0379146634252967,-0.5485474776559646,0.00040858437278742525,1.6428688557335504e-05,0.020335199927037934,0.06714248490607712,0.002921268275143966,0.0029572890949753944,0.001722321311584795,8.45647940823155e-05,-0.021944491558435083,0.9130790162193393,2.1042172854487644,0.36276633466986397,0.05125744273839105,-0.0038772180630762265,0.10065462448975986,-3.164359381748695,-4.2809387252276565,-0.9210524011594294,0.008541167893556766,-1.726948095555716e-05
0.41000000000000003,0.005471436163896805,1.4991374818331602,-1.0377302771451071,-0.5484798300561919,0.000425805401386696,1.7291993101726025e-05,0.02017507419654199,0.07686928233387416,0.018438628018961584,0.006764759977257992,0.0017221028599270728,8.633045443905222e-05,-0.028202749533457135,0.9350282145705154,2.1335424003981007,0.36898201893708027,0.05362133921787132,-0.006966290467546488,0.09938909561471417,-3.1108370438839508,-4.197127690764851,-0.9004424826830211,0.008493349739907282,-8.297550316552845e-06
0.42,0.005671164029349724,1.5000048981274596,-1.0373894767179554,-0.5483737734339853,0.000442990999691459,1.8171542836163162e-05,0.019972786545292,0.08674162942993949,0.03408004271516099,0.010605662220659921,0.0017185598304762996,8.79549734437136e-05,-0.034422744304972455,0.9504970271243622,2.1494204104490007,0.3731726744151942,0.055766536104253125,-0.010042878146604595,0.09791082622528022,-3.0611466278615262,-4.11471675043634,-0.8803186326843675,0.00842867100290199,-3.8309432837363e-07
0.43,0.0058684480903038,1.5009717979261594,-1.036892009313064,-0.5482292151857316,0.0004601074925423195,1.9065802893792024e-05,0.019728406095407578,0.09668997986997667,0.049746740489137756,0.014455824825370677,0.001711649285086052,8.942600576288617e-05,-0.04060215459568904,0.9591591182830073,2.15170896483398,0.3753041597575191,0.05769129867478526,-0.013097957990109932,0.09621936881648138,-3.015771988021271,-4.034245660989256,-0.8608168738581282,0.008346863751237645,6.405096522977562e-06
0.44,0.00606286818947751,1.5020382221921298,-1.036238616369091,-0.5480463067346287,0.00047712078983234085,1.997311773754907e-05,0.019442009917371,0.10664242659703448,0.06533929439730349,0.018290845110287713,0.0017013297290021329,9.07314843757045e-05,-0.0467389188229139,0.9607444121828678,2.1403475206870084,0.37534824242067444,0.05939480104299502,-0.016122563544033963,0.09431430159920529,-2.9751657126169784,-3.9562423066472174,-0.8420692610948168,0.008247668451535413,1.2002337861857955e-05
0.45,0.006254005027092694,1.5032034751419796,-1.0354310342206003,-0.5478254444270613,0.0004939964031029497,2.0891714626286007e-05,0.019113683761518407,0.11652529498497836,0.08075821484907035,0.022086230756742656,0.0016875613270608855,9.18596888736938e-05,-0.052831007461086,0.9550425466294598,2.115357735797289,0.3732826316154405,0.060876954192574856,-0.019107873683828214,0.09219526906056492,-2.939744544368169,-3.8812193793832224,-0.8242030347538638,0.00813083835704994,1.634848542575939e-05
0.46,0.006441440271355458,1.5044661127462942,-1.0344719887663045,-0.5475672689915506,0.0005106994651467865,2.1819707746409997e-05,0.018743524426276297,0.12626376043146517,0.09590454542958067,0.025817543551069872,0.0016703062043836878,9.279931201239897e-05,-0.05887618943724246,0.94190573521859,2.076843528871715,0.3690911776532726,0.06213823120805928,-0.022045299864833057,0.08986203169436548,-2.9098852697837785,-3.8096711753247994,-0.8073398167214209,0.007996144335260268,1.9388334352494975e-05
0.47000000000000003,0.006624756708922368,1.505823937586991,-1.0333651841677662,-0.5472726635476032,0.0005271947534562442,2.2755102991205253e-05,0.018331643756691024,0.13578248406969207,0.11068045985382377,0.029460544394748756,0.001649528830945758,9.353952447952566e-05,-0.06487179956496344,0.9212509757272838,2.0249907985165914,0.36276423600133256,0.0631794951857336,-0.02492656997963555,0.08731452399482278,-2.8859211395761935,-3.742070525334885,-0.7915948540232,0.007843380040928482,2.1071981005654533e-05
0.48,0.006803538451122115,1.5072740001853762,-1.0321152855914664,-0.5469427501566432,0.0005434467183234436,2.3695803369580383e-05,0.01787817421997472,0.14500625983849966,0.12498985762998448,0.03299133909599934,0.001625196486719949,9.407003783751295e-05,-0.07081451405448141,0.893061552801146,1.9600667890144092,0.354299188388179,0.06400183522848024,-0.02774380695390638,0.08455291954303365,-2.8681388722325707,-3.678865876656061,-0.7770763141606802,0.007672367327863071,2.1355145009329226e-05
0.49,0.006977371210711176,1.5088126068434193,-1.0307278960331228,-0.5465788849127116,0.0005594195163386189,2.4639615025411203e-05,0.017383275958906128,0.15386066580431368,0.13873895583435028,0.036386524393165864,0.0015972798015175226,9.438116558308194e-05,-0.07670014093291541,0.8573877940497222,1.8824190882761724,0.34370110744240634,0.06460641567809183,-0.03048960038061374,0.08157770177398826,-2.856776281333578,-3.62047854132342,-0.7638846357226159,0.007482961782232951,2.0199449622775143e-05
0.5,0.007145842662514926,1.5104353339673675,-1.0292095272910435,-0.5461826515768139,0.0005750770499512574,2.558425384784886e-05,0.01684714518037495,0.16227271239482305,0.1518368742079199,0.039623333589766385,0.0015657533612638546,9.446388224376556e-05,-0.08252343177918961,0.8143470507265217,1.7924742412976986,0.3309835457005148,0.06499434332140402,-0.0331570697186829,0.07838973880087591,-2.8520205547727846,-3.567300125847207,-0.7521119372042832,0.007275058253335811,1.7572659082951722e-05
0.51,0.007308542899479574,1.5121370487682722,-1.027567565185211,-0.5457558537657548,0.0005903830136546697,2.652735265188218e-05,0.016270023696464728,0.1701714800904671,0.1641962105832581,0.04267978110590967,0.0015305963703412227,9.430988040333195e-05,-0.08827792054056346,0.7641228870320961,1.6907359611964947,0.3161694245959179,0.06516655672960375,-0.03573991785492711,0.0749903605017251,-2.8540072009307202,-3.519690155443442,-0.7418414863554257,0.007048596254624072,1.3448872070777134e-05
0.52,0.007465064993484038,1.5139119361595839,-1.0258102291507372,-0.545300505714021,0.0006053009472333833,2.746646890704313e-05,0.015652209400446423,0.17748873913117802,0.17573360344737224,0.04553480517337319,0.0014917933578713618,9.391162551609505e-05,-0.09395579437597075,0.7069634755426513,1.5777829196037303,0.29929199434450915,0.06512374116573161,-0.03823247413306918,0.07138143594918907,-2.8628196634159853,-3.4779739048478913,-0.7331472317844674,0.006803565108800878,7.808671006596414e-06
0.53,0.00761500566779377,1.5157535315989417,-1.023946526368223,-0.5448188216357736,0.0006197942963778687,2.8399092990404622e-05,0.014994067430973245,0.18415954393577127,0.18637027825142308,0.048168407824742764,0.0014493349144485365,9.326240833614928e-05,-0.09954780049588176,0.643179210114216,1.4542660989424352,0.28039583160968284,0.06486627164498765,-0.04062972627522521,0.06756544919466873,-2.8784895925399683,-3.442440446484804,-0.7260933979807893,0.006540008716034916,6.392274407636834e-07
0.54,0.007757966085349024,1.5176547595509522,-1.02198620062922,-0.5443132037232378,0.0006338264808268891,2.9322656937937905e-05,0.01429604175552538,0.1901227952010484,0.19603257390031548,0.050561791253576065,0.001403218444902052,9.235639475332837e-05,-0.10504319187372367,0.5731395616105093,1.3209056909945356,0.2595378386206475,0.06439418578028566,-0.04292734094510077,0.06354557140858133,-2.9009977485851532,-3.4133409254736926,-0.7207341443867918,0.006258029833754799,-8.065635636288638e-06
0.55,0.007893552754243497,1.5196079771814104,-1.0199396761721782,-0.5437862288276819,0.0006473609700486923,3.0234543665886858e-05,0.013558666889447393,0.1953217630458101,0.20465244570417324,0.05269748955558609,0.001353448922180318,9.118867279489543e-05,-0.11042971352814515,0.49726921570040905,1.1784875291804635,0.2367882051121315,0.06370718702458883,-0.04512167301202892,0.05932572743302154,-2.9302754995017883,-3.3908870696427322,-0.7171132886639853,0.005957793769840441,-1.830542319767518e-05
0.56,0.00802137854884571,1.521605022832287,-1.0178179967625913,-0.543240633879648,0.0006603613663227355,3.1132096631109316e-05,0.012782579460221133,0.19970456508766796,0.21216794095868743,0.054559494803384775,0.001300039627404318,8.975529652224561e-05,-0.1156936298588906,0.41604354549482914,1.0278590461141035,0.21223129318610479,0.06280467786798377,-0.04720976385828059,0.054910654922393526,-2.966206864252574,-3.3752499413747175,-0.7152640938579267,0.0056395314079118386,-3.0072987419284215e-05
0.5700000000000001,0.008141063842127177,1.5236372687720992,-1.0156327603300803,-0.542679300116025,0.0006727914949379225,3.201262989637546e-05,0.01196852932814685,0.2032245939812137,0.21852364325110366,0.05613337636229617,0.0012430128615186949,8.805332652661466e-05,-0.12081979230258102,0.3299834846667482,0.8699247531967862,0.1859664049999865,0.061685821501204,-0.04918932932004549,0.0503059544300501,-3.008631042924014,-3.3665589367409585,-0.7152091187791578,0.0053035415032302415,-4.335458441175077e-05
0.58,0.008252237741970437,1.5256956776690518,-1.0133960495143697,-0.5421052361927762,0.0006846155010853493,3.2873438563458534e-05,0.011117389984326015,0.20584088969527037,0.22367108157106508,0.05740639232488726,0.0011824006147426753,8.608086670830758e-05,-0.12579174539917087,0.23964987861949621,0.7056412451576244,0.15810839415730227,0.06034962946175393,-0.05105873805320843,0.04551812903969541,-3.0573453662080707,-3.3649010359830513,-0.716960130583768,0.004950192209716438,-5.812996569923046e-05
0.59,0.008354539421614897,1.5277708621955752,-1.011120358510896,-0.5415215602734802,0.0006957979528968321,3.3711809533570586e-05,0.010230167964445905,0.20751845265233834,0.22756910034735425,0.058367591929598985,0.0011182451811482834,8.383709701120501e-05,-0.13059186826366387,0.145637401945627,0.5360117393883875,0.12878808381032725,0.058795071873466775,-0.0528169812704285,0.040554612431382094,-3.112108590154061,-3.370320307987148,-0.7205180782582437,0.004579921821868671,-7.437250137147652e-05
0.6,0.008447619532032734,1.5298531471433734,-1.0088185166445163,-0.5409314811951181,0.0007063039499680251,3.452503255136218e-05,0.009308011041783769,0.20822849477982366,0.23018418663798665,0.05900790783620264,0.0010505997071192878,8.132230177915892e-05,-0.1352015474771665,0.04856813955037723,0.36208016747509675,0.09815245774998438,0.057021206116268375,-0.05446363489880485,0.035423784602533814,-3.172644457373913,-3.382817669968979,-0.7258731254880244,0.004193238738948523,-9.204933159583697e-05
0.61,0.008531141681975208,1.5319326334084977,-1.00650360913576,-0.540338278823525,0.0007160992366091654,3.531041148540001e-05,0.008352214994247436,0.20794862651243934,0.23149075087562995,0.05932023715931441,0.0009795286641140362,7.853789340378315e-05,-0.1396013765781267,-0.05091506388347252,0.18492484427572609,0.06636459514790399,0.0550273191524735,-0.055998815266009985,0.030134974821289583,-3.238645443267812,-3.4023509021609835,-0.7330047412151093,0.003790720681673145,-0.0001111215430328897
0.62,0.008604783969746057,1.5339992631966788,-1.0041888955576146,-0.5397452837214066,0.0007251503189892447,3.606527579484408e-05,0.007364228777084968,0.20666297881810566,0.23147135781453548,0.05929951021183821,0.0009051082380079239,7.548643094440713e-05,-0.14377137667546602,-0.1521553762043381,0.00565174799511608,0.03360332501893498,0.05281307831658477,-0.05742312943688141,0.024698451757502342,-3.3097766053736652,-3.4288349158793063,-0.7418818460633935,0.00337301321279298,-0.00013154436665962523
0.63,0.008668240549484658,1.536042885800414,-1.0018877265112278,-0.5391558562615735,0.000733424585281881,3.6786992129048414e-05,0.006345657973860141,0.2043622603735206,0.2301169046386743,0.05894274598331025,0.0008274266292636301,7.217163342043329e-05,-0.14769123224107775,-0.25448875910425045,-0.17461254727320671,6.258274357784366e-05,0.05037868516524879,-0.05873762130449717,0.019125401099802063,-3.3856794556163896,-3.462142271962856,-0.7524630127261223,0.0029408276313962582,-0.00015326739356955147
0.64,0.008721223213904413,1.5380533233110794,-0.9996134590755172,-0.5385733653268395,0.0007408904278839408,3.747297600408654e-05,0.005298266441975474,0.20104375106652655,0.2274267435710553,0.05824909347339593,0.0007465842602059737,6.859838750381267e-05,-0.15134053588368052,-0.35725064529226397,-0.354728237408438,-0.034049541954650486,0.047725026990552144,-0.059943714492936756,0.01342789130903247,-3.465975778960851,-3.5021039452349516,-0.7646967183619438,0.0024949383257374547,-0.00017623480548784585
0.65,0.008763462975043353,1.5400204356513363,-0.9973793716078497,-0.5380011667456673,0.0007475173667609489,3.812070349782735e-05,0.004223976113893916,0.19671123402569593,0.22340874676675254,0.057219858117221245,0.0006626938877008166,6.477274937408066e-05,-0.1546990358658963,-0.4597824006502447,-0.5335498963135499,-0.06851206862659298,0.04485382082110123,-0.06104315306814348,0.007618828463737015,-3.5502713276099733,-3.548510329355841,-0.7785216470277185,0.0020361796801778836,-0.00020038561700544768
0.66,0.008794711624640138,1.5419341843448178,-0.9951985784901448,-0.5374425816189154,0.0007532761729758864,3.872772290322414e-05,0.0031248649596785187,0.1913748693481419,0.2180793117704956,0.055858512675183526,0.0005758806214937531,6.070194053967934e-05,-0.1577468803004812,-0.5614374654558629,-0.7099342636936159,-0.1030926964032246,0.041767745158244995,-0.062037940981171213,0.0017119014086604597,-3.6381593272356576,-3.601112475225775,-0.7938670401801685,0.0015654426380031204,-0.00022565392688829542
0.67,0.0088147432562298,1.5437846944807163,-0.9930839454264888,-0.5369008746977847,0.0007581389914788645,3.929166627798416e-05,0.0020031631589660795,0.18505101358985976,0.21146330636560182,0.05417069211307213,0.000486281850297805,5.6394337476002034e-05,-0.16046485234084068,-0.6615870763979596,-0.8827481448553488,-0.13754966806938906,0.038470555297203224,-0.06293028109649884,-0.004278481388424978,-3.7292237405327855,-3.6596235549751714,-0.8106530932969112,0.0010836710232315693,-0.00025196917624253413
0.68,0.008823355731925067,1.5455623143794728,-0.9910480059042404,-0.5363792329761252,0.0007620794622726473,3.981026082779919e-05,0.0008612475695267689,0.17776198987564706,0.20359395222484952,0.05216417216594861,0.00039404707937828055,5.185945498150289e-05,-0.1628345912486041,-0.759625481324622,-1.050876350783612,-0.17163390701923653,0.03496717883433387,-0.0637225145938643,-0.01033726174039741,-3.8230422433553053,-3.7237205425493576,-0.8287913966926755,0.0005918577210895967,-0.0002792564117960317
0.6900000000000001,0.00882037207806301,1.54725767252104,-0.9891028794303922,-0.5358807446615457,0.0007650728391208624,4.0281340059870226e-05,-0.000298365386205593,0.16953581415671976,0.19451264738481336,0.049848831457953095,0.00029933768482150907,4.710792320710334e-05,-0.16483879495312012,-0.8549745712539611,-1.2132296040036168,-0.20509139866861847,0.03126378882473302,-0.06441706147362586,-0.016448806820150964,-3.919188879509263,-3.7930461009649057,-0.848185418630875,9.104080888644033e-05,-0.00030743655307113486
0.7000000000000001,0.008805641795393464,1.5488617313577937,-0.9872601921484765,-0.5354083786891816,0.0007670961050294015,4.0702854643565896e-05,-0.0014730282669546417,0.16040588367536548,0.18426872819157555,0.04723659723640796,0.0002023265908539091,4.2151458369567085e-05,-0.16646140058393066,-0.9470878688598359,-1.3687523343943917,-0.23766578088333468,0.027367852988303354,-0.065016362851882,-0.02259698784913651,-4.017236371606154,-3.8672106654830216,-0.8687310288469524,-0.0004177002829064871,-0.00033642666275202125
0.71,0.00877904207119727,1.5503658376985228,-0.9855310004285199,-0.5349649649394976,0.0007681280838040884,4.1072882915717414e-05,-0.0026599724196194664,0.15041063407290714,0.1729191719956552,0.04434137496839743,0.00010319787746869317,3.7002827215152086e-05,-0.16768774042179643,-1.035453829045055,-1.516430289177343,-0.26910110179050317,0.023288158323395813,-0.0655228256994434,-0.028765260914628867,-4.1167580768836,-3.945794711208183,-0.890317060601327,-0.0009332485147678788,-0.00036614022007056636
0.72,0.008740478882574747,1.551761769416421,-0.983925718003565,-0.5345531753171232,0.0007681495470660788,4.1389640969262475e-05,-0.0038563188622523,0.13959317178982517,0.16052824249549635,0.04117896223744059,2.1463261990367248e-06,3.1675805354506036e-05,-0.16850467173684813,-1.11959842488155,-1.6552978827522518,-0.29914469813969724,0.019034811432175003,-0.06593877065304649,-0.034936748581284524,-4.217329588249119,-4.028351192968648,-0.9128259093603788,-0.0014544528404269348,-0.0003964873975262483
0.73,0.008689887982061552,1.55304177830092,-0.9824540472012604,-0.5341755058414926,0.0007671433161874688,4.165149226568432e-05,-0.005059090051319484,0.12800088844991073,0.14716708023045633,0.0377669475630558,-0.0001006230878610038,2.61851296421845e-05,-0.168900680021685,-1.1990870106206246,-1.7844452148201506,-0.3275501432870609,0.014619215750391601,-0.06626638351157066,-0.04109432115764852,-4.318529991686927,-4.1144081447569905,-0.9361341661587903,-0.0019801316393731907,-0.00042737534169865214
0.74,0.008627235758634715,1.5541986289388583,-0.9811249147883082,-0.5338342598920609,0.0007650943586900515,4.1856956713918584e-05,-0.006265222342683836,0.11568506379383557,0.13291324129521973,0.03412459494316983,-0.00020489574974171952,2.0546444823426384e-05,-0.1688659561397769,-1.2735254720922329,-1.9030246891939793,-0.3540802110816941,0.010054027669192389,-0.06650767101273253,-0.04722067670923723,-4.419942801305131,-4.2034714254879235,-0.9601132836217541,-0.0025090759710201774,-0.00045870845928841183
0.75,0.008552519968994829,1.5552256335732275,-0.9799464129095247,-0.5335315327412106,0.0007619898787270273,4.20047191610797e-05,-0.007471578963988592,0.10270046343693236,0.11785018787835587,0.030272715085037653,-0.0003104479963024244,1.4776244716111394e-05,-0.16839244885339422,-1.3425606930365008,-2.010257170715467,-0.37850980044365734,0.0053530942077097965,-0.06666442146590362,-0.053298419161924925,-4.521156602444764,-4.295027597349987,-0.9846302725183786,-0.003040052660768467,-0.0004903887098197168
0.76,0.00846577033568731,1.556116682946047,-0.9789257455624235,-0.533269197496795,0.0007578194013379496,4.2093637243445266e-05,-0.00867496333075184,0.08910493728195534,0.10206673471011601,0.026233524441552296,-0.00041704773890776856,8.891808236556624e-06,-0.16747389503163507,-1.4058803831550313,-2.1054376235805132,-0.40062876533396086,0.0005313754175331198,-0.06673817078771016,-0.059310134097250077,-4.6217654412171365,-4.388546922569216,-1.009548426576676,-0.003571807245433298,-0.0005223159066440864
0.77,0.00836704901010257,1.5568662731844052,-0.9780691810031052,-0.5330488925637553,0.0007525748502288473,4.212274854958143e-05,-0.009872132558474134,0.07495902383581159,0.08565645593182303,0.02203049330397328,-0.0005244551109102287,2.911130613616768e-06,-0.16610583053356556,-1.4632123293660915,-2.1879401809415095,-0.4202445960912353,-0.004395144942271667,-0.06673017444491336,-0.06523846208980448,-4.721369005419304,-4.483486463949471,-1.0347280731157158,-0.004103066820284943,-0.0005543880279939773
0.78,0.008256450899630887,1.5574695288342038,-0.9773820104304426,-0.5328720107205837,0.0007462506188803136,4.209127705124398e-05,-0.011059811047168222,0.06032556497985767,0.06871705726626715,0.017688184317168166,-0.000632423134853372,-3.1471498337453066e-06,-0.16428558528595652,-1.5143231453789012,-2.2572226027038247,-0.4371849006879849,-0.009409556737822289,-0.06664138575094969,-0.07106616966200441,-4.819572646880091,-4.579293274090211,-1.0600273468430619,-0.004632542841586048,-0.0005865015398426508
0.79,0.008134103859215746,1.5579222221837064,-0.9768685132437233,-0.5327396898918042,0.0007388436348249725,4.199863876169817e-05,-0.012234704041514164,0.04526933495025552,0.051349718671931874,0.013232082877941465,-0.0007406984055341062,-9.263828954580948e-06,-0.16201226640889146,-1.5590166058156374,-2.3128300857598134,-0.4512996383120811,-0.014494125071386033,-0.06647244088349213,-0.07677621812093807,-4.915987298836608,-4.675407657696318,-1.085302983928163,-0.005158933946461263,-0.0006185517322339542
0.8,0.00800016874823778,1.5582207890479556,-0.9765319291147061,-0.532652805682304,0.0007303534169612812,4.184444658531562e-05,-0.013393511097796709,0.029856686424916963,0.0336584129017164,0.008688420950014953,-0.0008490217863691303,-1.541921763825555e-05,-0.15928673337326588,-1.5971316593433371,-2.3543983983433767,-0.4624630626214543,-0.019630392604156555,-0.06622365089661575,-0.08235183068561708,-5.010229343897852,-4.771266490878101,-1.1104111331985893,-0.005680928855852292,-0.0006504330705558953
0.81,0.007854839354074454,1.5583623412051106,-0.9763744370591197,-0.5326119657235007,0.0007207821257829102,4.162851432668289e-05,-0.014532939416332536,0.01415521571549705,0.01574920555863262,0.004083995880335316,-0.0009571291178371044,-2.1593225863272538e-05,-0.15611156909836385,-1.6285402203754353,-2.381656317570934,-0.47057533794066586,-0.024799279345289804,-0.06589500088520561,-0.08777655840351976,-5.101920488521043,-4.866306580789839,-1.135208181020923,-0.00619720942604507,-0.0006820395629516177
0.8200000000000001,0.007698342183837245,1.5583446756866743,-0.9763971416356451,-0.5326175058651936,0.0007101346064024229,4.135085983195134e-05,-0.01564971702372091,-0.0017665518436185967,-0.002270457652530148,-0.0005540141692998834,-0.0010647519380487275,-2.776544947315487e-05,-0.1524910506207916,-1.6531448407187854,-2.3944273564337673,-0.47556379841437924,-0.029981177123801772,-0.06548615633276178,-0.09303434538848561,-5.190687698743564,-4.9599680483750115,-1.1595515861276433,-0.006706453909850498,-0.0007132651446996146
0.8300000000000001,0.007530936125721876,1.5581662811256456,-0.9766000663430007,-0.532669488230726,0.00069841842423574,4.101170723973219e-05,-0.016740605811536937,-0.017839456102885506,-0.02029247073556467,-0.005198236553239617,-0.0011716182166682943,-3.391525922191498e-05,-0.14843112250191276,-1.6708763610567618,-2.392630773428273,-0.4773838274745348,-0.035156036540461066,-0.0649964765351988,-0.09810959388652024,-5.276163249243313,-5.051697716383352,-1.183300720342257,-0.007207340480203293,-0.0007440040799625583
0.84,0.0073529119811639645,1.5578263413603304,-0.9769821542285121,-0.5327677011369846,0.000685643893191606,4.061148832346136e-05,-0.017802414455791147,-0.03399397653153059,-0.03820878855113813,-0.00982129062585593,-0.0012774531044134007,-4.002189162708287e-05,-0.14393937551177607,-1.6816916374662265,-2.376281864580497,-0.47601934278078595,-0.04030344487114723,-0.06442503485168294,-0.10298722959373877,-5.357984933733636,-5.140952484213087,-1.2063177108447392,-0.0076985510571157675,-0.0007741513808133655
0.85,0.007164591868628103,1.5573247364776441,-0.9775412756650583,-0.5329116608649852,0.0006718240961801921,4.015084291179502e-05,-0.01883201125358617,-0.05016048826861917,-0.055912143654624026,-0.014395972800062412,-0.001381979701141388,-4.606454116663383e-05,-0.13902503236197436,-1.6855714304789846,-2.3454915438159687,-0.47148287980677317,-0.04540269413168141,-0.06377064539230193,-0.10765276751616575,-5.435796479347142,-5.227202670529484,-1.228468279316083,-0.00817877546412511,-0.000803603242911416
0.86,0.006966328499436414,1.556662041459196,-0.9782742431981086,-0.5331006152515009,0.0006569748977197122,3.963061837822327e-05,-0.019826336919168897,-0.06626950184479877,-0.07329675330503138,-0.018895438651563404,-0.0014849198460479877,-5.202245335717502e-05,-0.13369894139278188,-1.6825185338271393,-2.3004652234268623,-0.4638152753259792,-0.05043283928746067,-0.06303189562277234,-0.11209237848182227,-5.509248201156533,-5.309935304041259,-1.249622573012737,-0.008646715923272359,-0.0008322574966352804
0.87,0.006758504325630762,1.5558395225674597,-0.9791768333111792,-0.5333335490575561,0.000641114948382495,3.905186819568424e-05,-0.020782417380565164,-0.08225188917363965,-0.09025901130706342,-0.023293380605524227,-0.0015859949337217213,-5.787501825390342e-05,-0.12797357818962318,-1.6725562073572016,-2.241501011818917,-0.45308495998044584,-0.055372747368623076,-0.06220718424856253,-0.11629295620107333,-5.5779979254671295,-5.3886573423059545,-1.2696559825574971,-0.009101091879004092,-0.0008600140718953682
0.88,0.006541530559529947,1.554859131579213,-0.9802438149069346,-0.5336091910557821,0.000624265680785552,3.8415849556505417e-05,-0.021697376610081486,-0.09803909882467397,-0.10669815957553268,-0.027564199822597633,-0.0016849267596942994,-6.360186391788198e-05,-0.12186305415238122,-1.6557269641298678,-2.168987250810315,-0.4393868767257416,-0.060201138999780746,-0.06129476364647235,-0.12024218453317048,-5.64171220215736,-5.462898798013263,-1.2884499410014847,-0.00954064512201751,-0.0008867754742652809
0.89,0.006315846064456109,1.5537234979406023,-0.9814689842527488,-0.5339260227657266,0.0006064512967986261,3.772402006247816e-05,-0.02256844950738384,-0.11356336386108878,-0.12251693458142003,-0.031683170994452045,-0.0017814383986925952,-6.91829494027257e-05,-0.11538313011031054,-1.6320917459564859,-2.083399419530098,-0.4228410490977481,-0.0648966245444873,-0.060292786041682256,-0.12392860436822398,-5.700067817315755,-5.532215751891441,-1.3058926985205725,-0.009964145164831188,-0.0009124472694990368
0.9,0.006081916116124459,1.5524359188841192,-0.9828452060942289,-0.5342822887543607,0.000587698745618291,3.697803349427275e-05,-0.023392994833165,-0.1287579056483065,-0.13762218414801208,-0.03562659886340287,-0.001875255118033514,-7.459865682054121e-05,-0.10855123220802464,-1.6017295051052687,-1.9852964364804961,-0.4035908297483406,-0.06943773766609984,-0.05919935258781256,-0.12734167928831144,-5.752753607914693,-5.596193231227503,-1.3218800669669408,-0.010370394802616527,-0.0009369385729572941
0.91,0.005840231034469976,1.551000347513969,-0.9843644605983283,-0.5346760084083081,0.0005680376923430534,3.617973467371691e-05,-0.02416850816544832,-0.14355713701502576,-0.15192545040993471,-0.03937196539474634,-0.0019661053275237513,-7.982988205558367e-05,-0.10138646652421544,-1.5647371931914877,-1.8753163955927976,-0.38180086547616376,-0.07380296959294558,-0.058012564496418506,-0.13047185894314384,-5.799472570472188,-5.654447933015965,-1.3363161284098952,-0.010758235776399132,-0.0009601625399635926
0.92,0.005591304686265078,1.549421378834169,-0.9860178957495649,-0.5351049890748302,0.0005475004766844693,3.53311534366836e-05,-0.0248926348204898,-0.1578968679800117,-0.16534351512365733,-0.042898066652204435,-0.0020537215658584093,-8.48581237033315e-05,-0.09390962826187124,-1.5212301418812,-1.7541717761541966,-0.3576548198717848,-0.07797080772090198,-0.05673057538376197,-0.1333106388784135,-5.8399442457936335,-5.706630770981241,-1.349113901776423,-0.011126554441910345,-0.0009820368526652534
0.93,0.005335672859790898,1.5477042336646218,-0.9877958847887762,-0.5355668404603781,0.0005261220614655383,3.443449773846272e-05,-0.02556318264741803,-0.17171451695473447,-0.17779890392113484,-0.04618513855479103,-0.002137841521893089,-8.966556982208778e-05,-0.08614320089960467,-1.471342804495602,-1.6226441702971306,-0.3313528986508629,-0.08191978236840175,-0.05535164404865839,-0.13585061540135837,-5.873907352173921,-5.752429226179087,-1.3601959617471593,-0.011474287336818476,-0.0010024841985961565
0.9400000000000001,0.005073891514073105,1.5458547403655571,-0.9896880882540205,-0.5360589901686348,0.0005039399705921169,3.349214591752696e-05,-0.026178134571779327,-0.18494932990647742,-0.1892203465244357,-0.04921497082566796,-0.0022182090873421488,-9.423518209357586e-05,-0.07811134044586583,-1.4152298133578163,-1.4815785753047481,-0.3031092256826824,-0.08562852550209421,-0.053874186968585924,-0.13808553396932088,-5.901122630100324,-5.791569481592901,-1.3694950041825051,-0.011800426532370246,-0.0010214327358424218
0.9500000000000001,0.004806534906775531,1.5438793142712093,-0.9916835201578594,-0.5365787002544188,0.0004809942162372272,3.250663814754809e-05,-0.026735660729757405,-0.19754260943477686,-0.19954319038389348,-0.05197100857839619,-0.0022945754354889714,-9.85507769978864e-05,-0.069839839912373,-1.3530672951775462,-1.331877301254646,-0.27314911955858534,-0.08907584506151772,-0.05229682989072054,-0.14001032955197648,-5.921375852753137,-5.82381832211513,-1.3769543525502852,-0.012104024653046518,-0.0010388165395079233
0.96,0.00453419360673735,1.541784934720262,-0.9937706178144651,-0.5371230846656352,0.0004573272150527305,3.1480667111385484e-05,-0.02723413000381806,-0.2094379550947473,-0.20870976566056693,-0.05443844112164382,-0.0023667001184496683,-0.00010259710361626102,-0.06135606933404196,-1.2850543762473088,-1.1744935474205163,-0.24170632132839032,-0.0922408181246433,-0.05061845799530862,-0.14162115745255008,-5.9344809486768355,-5.848984782551237,-1.382528400103158,-0.012384199449946518,-0.001054576024073952
0.97,0.004257472399300325,1.539579119564114,-0.9959373148138672,-0.5376891274426154,0.0004329836933178894,3.0417067934562225e-05,-0.027672120743702594,-0.22058151561479114,-0.2166696999402065,-0.05660427769802907,-0.002434352173484114,-0.00010635991768232594,-0.05268888711605743,-1.2114148009841956,-1.0104247033169411,-0.2090202236538765,-0.09510290557241377,-0.04883826421381876,-0.14291541318054946,-5.940283176103447,-5.86692152780473,-1.386182982911892,-0.01264013782033782,-0.0010686583362532836
0.98,0.003976988094942277,1.5372698970348584,-0.9981711166292143,-0.538273701542661,0.000408010581049101,2.9318807419479125e-05,-0.028048430435804787,-0.23092225292554916,-0.22338018153471845,-0.05845741000454859,-0.0024973112268788372,-0.00010982605150830998,-0.04386851918162271,-1.1323985815661075,-0.8407054321972165,-0.17533315021051,-0.09764209014005523,-0.046955795382259025,-0.14389174014761222,-5.9386622827518964,-5.877525951191219,-1.3878956792991048,-0.012871099177026914,-0.0010810177130581157
0.99,0.003693367254236071,1.5348657748632129,-1.0004591783361352,-0.5388735881573521,0.0003824568952278931,2.818897262530425e-05,-0.02836208407062061,-0.24041221716454517,-0.22880617069209636,-0.05998866146911262,-0.002555368582120789,-0.0001129834794174877,-0.034926403314777026,-1.0482835931795451,-0.666400596111115,-0.14088773169176871,-0.09983903880237308,-0.044970995994795177,-0.1445500242046451,-5.92953558068219,-5.880740978874086,-1.3876560317348783,-0.01307641808660528,-0.0010916158000354734
1.0,0.0034072438447006713,1.5323757065525168,-1.0027883839210405,-0.5394854963911346,0.0003563736124526144,2.7030758842127346e-05,-0.02861234095353995,-0.2490068310696067,-0.23292055849053545,-0.06119082337825,-0.0026083282775278722,-0.00011582137831769027,-0.025894997219724176,-0.9593770287352694,-0.48859808222105106,-0.1059244212814261,-0.10167528935714375,-0.042884249385618495,-0.14489137434454943,-5.912860863103159,-5.876555570693253,-1.385465687846692,-0.013255506114698988,-0.0011004219249711811
1.01,0.0031192568476022518,1.529809054738057,-1.0051454266573439,-0.5401060831717681,0.00032981353147971715,2.5847457011591322e-05,-0.028798699709841957,-0.256665181445972,-0.23570427363034185,-0.06205867806334938,-0.002656008097289724,-0.00011833018305360241,-0.016807550120350855,-0.866016628765808,-0.30840158984970767,-0.07067918815226859,-0.10313345988005226,-0.040696416201060875,-0.14491808924922805,-5.888639089037739,-5.865004910144206,-1.3813384578557748,-0.013407852838416029,-0.0011074133228193906
1.02,0.00283004783509146,1.5271755515909777,-1.007516890034862,-0.5407319732663198,0.00030283112628886027,2.464244064980905e-05,-0.028920901251079198,-0.26335031470791803,-0.23714633775181446,-0.06258900945517239,-0.0026982405190856887,-0.0001205016361782273,-0.007697839160172588,-0.7685716064750043,-0.12692343668259065,-0.03538142235400743,-0.10419747847034577,-0.038408870025109426,-0.1446336097481763,-5.856916762520319,-5.846170278921985,-1.3753002864725457,-0.013533026010410117,-0.001112575308170261
1.03,0.002540258540117672,1.5244852562622282,-1.009889328737784,-0.5413597792803939,0.0002754823904772184,2.3419152331936508e-05,-0.028978929497378802,-0.2690295328749515,-0.23724387029220348,-0.06278060140740802,-0.0027348735811641893,-0.00012232883178725417,0.0014001266162987152,-0.6674431943828903,0.054722559419939476,-0.0002520787231650168,-0.10485282944066351,-0.03602352998752477,-0.14404245766257937,-5.81778793557582,-5.820178614234084,-1.3673891380563687,-0.013630670884415141,-0.0011159013922117911
1.04,0.00225052844323403,1.5217485094036076,-1.0122493491802282,-0.5419861215230781,0.0002478246739566673,2.2181089801285867e-05,-0.02897300968836417,-0.27367468586206223,-0.23600204424442442,-0.06263422426842047,-0.0027657716520551115,-0.000123806253065064,0.010452430372529246,-0.5630647474701158,0.23542806937189684,0.034497918905043945,-0.10508681088332905,-0.03354289011501281,-0.14315016191604008,-5.7713957686007165,-5.787201749961812,-1.3576547946586008,-0.013700508737731596,-0.001117393341857785
1.05,0.001961492401596926,1.5189758848490305,-1.014583689125122,-0.5426076476255296,0.00021991651308672145,2.0931791769295164e-05,-0.02890360416371044,-0.27726245545772504,-0.23343399448938434,-0.062152610245146005,-0.0027908160869945828,-0.00012492980319907037,0.019425593842446742,-0.45590134790184883,0.4140970626431463,0.06866899852633325,-0.10488879743182433,-0.030970045087099066,-0.14196317318306959,-5.717933587877777,-5.747455345662987,-1.3461585674111072,-0.013742334650921518,-0.0011170611794846432
1.06,0.0016737783460811302,1.5161781385885915,-1.0168792959315074,-0.543221051807066,0.0001918174555197416,1.967482347598223e-05,-0.02877140555157955,-0.27977462604389414,-0.22956068063851934,-0.061340418153638734,-0.002809905756697984,-0.00012569682933129337,0.028286938707925,-0.34644886799331337,0.589652392417546,0.10207397802981988,-0.10425050108818912,-0.02830871193460187,-0.14048876870228125,-5.657645387703965,-5.701197510309019,-1.3329729225820728,-0.013756014627879759,-0.0011149231225252877
1.07,0.0013880050724048916,1.5133661552197126,-1.0191234029969132,-0.5438230936889337,0.00016358788115648649,1.8413762083642287e-05,-0.028577327367623858,-0.2811983368878963,-0.224410706540568,-0.06020418818676502,-0.002822957436325511,-0.0001261061392339943,0.03700495452931532,-0.23523246074671883,0.7610421158259856,0.13453881953614966,-0.10316622226826086,-0.02556324708352732,-0.1387349491874373,-5.590825733846811,-5.648727130485457,-1.3181810244835208,-0.013741482159565574,-0.0011110054629879878
1.08,0.0011047801514375254,1.5105508921123874,-1.021303603984665,-0.5444106165624446,0.00013528882070331364,1.7152181979431447e-05,-0.02832249209673662,-0.28152631073253537,-0.21802009877517797,-0.05875228735109663,-0.0028299060453172856,-0.00012615801042108413,0.04554966378998289,-0.12280446069439033,0.9272455146437889,0.16590310574984013,-0.10163308277434999,-0.022738658009063634,-0.13671033001329005,-5.517819035575303,-5.5903819155069,-1.3018761982664433,-0.013698734351194779,-0.001105342387779611
1.09,0.0008246979824203251,1.5077433215780822,-1.0234079244504204,-0.5449805650247711,0.00010698177338158872,1.5893640065030876e-05,-0.028008216901720027,-0.2807570534305192,-0.2104320465755333,-0.05699484623264479,-0.0028307047321724926,-0.00012585419144005717,0.05389297394867346,-0.009741691590081744,1.0872787879102976,0.19602025044236493,-0.09965123228612663,-0.01984060864194115,-0.1344240290249426,-5.439018165108172,-5.526536174457763,-1.2841613164658816,-0.013627827744979316,-0.001097975741496184
1.1,0.0005483380106731401,1.5049543713829605,-1.0254248905073629,-0.5455300019022272,7.872852536044044e-05,1.4641661113719297e-05,-0.027635997174718506,-0.2788950195121675,-0.2016966056942381,-0.05494368774561526,-0.0028253248021148287,-0.00012519789513115796,0.06200900608961134,0.10335780864359267,1.2402003941771473,0.22475746108554162,-0.09722402018955642,-0.016875417575265894,-0.1318855534133062,-5.354862415723936,-5.457598342527513,-1.265148113946113,-0.013528873978119771,-0.0010889547340790944
1.11,0.00027626312851654474,1.5021948639945795,-1.0273435941949032,-0.5460561243872384,5.059097046245657e-05,1.3399723276801678e-05,-0.027207488215659537,-0.2759507388381147,-0.19187036875402713,-0.05261224850111333,-0.002813755489798386,-0.00012419378369176186,0.06987438985968975,0.2158786216988743,1.3851160273337026,0.2519954769504835,-0.09435812515653388,-0.013850048071616577,-0.12910468811315612,-5.265834802697604,-5.384008276125319,-1.2449564366321464,-0.01340203541849344,-0.001078335596405765
1.12,9.018274675675773e-06,1.4994754549959228,-1.0291537552410215,-0.5465562793212915,2.263093462638768e-05,1.2171243822358021e-05,-0.026724485384086897,-0.2719408998656617,-0.18101610461182205,-0.05001549340531373,-0.002796003583606889,-0.00012284794544436577,0.07746851490723318,0.32719230434428254,1.5211832159780767,0.2776281105540983,-0.09106363583312743,-0.010772088879732633,-0.1260913881160911,-5.172458724367677,-5.306234338105652,-1.2237134300863453,-0.013247520918333932,-0.0010661811874750691
1.1300000000000001,-0.0002528707565627803,1.4968065711405183,-1.030845778933189,-0.547027977561901,-5.089994498664201e-06,1.0959565189603758e-05,-0.026188903123845607,-0.26688838554045996,-0.16920236921675688,-0.04716982406095044,-0.002772092912505188,-0.00012116786327542617,0.08477372999032987,0.43666221631015667,1.6476155419089946,0.30156162407744613,-0.08735407726878047,-0.0076497249500997455,-0.122855676953696,-5.075294013683502,-5.224770295990756,-1.2015526745872385,-0.013065581819380776,-0.0010525605573493942
1.1400000000000001,-0.0005088982895785597,1.494198348556476,-1.0324108098368558,-0.5474689073769433,-3.2510631604856576e-05,9.767941441721477e-06,-0.025602753301577946,-0.2608222584042313,-0.15650309036668403,-0.044092981504223576,-0.0027420637106192374,-0.00011916237478822816,0.09177548228460095,0.5436487602260008,1.7636864783219497,0.32371397522891154,-0.08324637927297146,-0.004491697295438524,-0.1194075534046539,-4.974932423229133,-5.140132057324927,-1.178613273882556,-0.01285650833188447,-0.0010375484704202935
1.1500000000000001,-0.0007585795228572112,1.4916605716347524,-1.033840781123564,-0.5478769468145802,-5.957035039034455e-05,8.599525198780015e-06,-0.024968123327865153,-0.253777692172365,-0.1429971286708068,-0.04080394376369427,-0.0027059718785487972,-0.00011684162429414623,0.09846239114827347,0.6475149634113727,1.868732852545691,0.34401396891512537,-0.07876078465689823,-0.0013072514772305421,-0.11575690822395371,-4.871992598663864,-5.052854267233986,-1.1550389052126588,-0.012620626395032274,-0.0010212248938698903
1.16,-0.0010014510682834993,1.4892026131570597,-1.0351284592927288,-0.5482501750013886,-8.620923202696276e-05,7.457355130272434e-06,-0.0242871545426288,-0.24579584776927058,-0.12876781691648825,-0.037322818680841294,-0.002663888163661822,-0.00011421700685075802,0.10482625263254182,0.7476323229552522,1.9621579415136088,0.36240035202471255,-0.07392069722633787,0.0018939254900884883,-0.11191345239461582,-4.767114606478182,-4.963486793894619,-1.1309768385284011,-0.012358295108473288,-0.001003674456406253
1.17,-0.0012370712817164017,1.48683337623106,-1.0362674840919708,-0.5485868823252498,-0.00011236820486802617,6.344344083875671e-06,-0.02356202134329024,-0.2369236925999739,-0.11390247992420784,-0.0336707323861136,-0.0026158972841063403,-0.00011130110463967637,0.11086197327464115,0.8433868287466257,2.0434342105490035,0.3788208885851265,-0.0687524713512444,0.005101779650187932,-0.10788665807506538,-4.660954091674892,-4.872591127953268,-1.1065769330553517,-0.01206990480439887,-0.0009849858824618166
1.18,-0.0014650203968674148,1.484561238604374,-1.0372524034606136,-0.5488855794630686,-0.0001379891750966304,5.26326792328647e-06,-0.022794911515101324,-0.22721376266858365,-0.0984919368642888,-0.029869713781878436,-0.0025620970228604225,-0.0001081076160589201,0.1165674340818878,0.9341850740337176,2.1121057073914287,0.3932314515703119,-0.06328514685312742,0.008305975439302338,-0.10368571307081009,-4.554176149216457,-4.780736721990656,-1.0819906194825895,-0.011755875807831375,-0.00096525140706632
1.19,-0.0016849004787540252,1.4823939999242497,-1.038078703339716,-0.5491450052165371,-0.0001630151482838503,4.216755143471575e-06,-0.021988008188661035,-0.21672386801243332,-0.08262998791024243,-0.025942575346852684,-0.0025025973187219907,-0.00010465127798148944,0.12194328800077898,1.0194603597481413,2.1677901236996773,0.4055951657383847,-0.057550134736261804,0.011495990798754796,-0.09931948930901066,-4.447448999633725,-4.6884972959297055,-1.0573698760793142,-0.011416657910137403,-0.0009445661765489425
1.2,-0.0018963352167667273,1.480338832496357,-1.0387428322099514,-0.5493641331220109,-0.00018739034209049838,3.207277326460014e-06,-0.0211434738012702,-0.20551674278927778,-0.06641288702352979,-0.021912790547383758,-0.002437519380664807,-0.00010094778170115608,0.12699269645605632,1.0986786972554385,2.2101805355634685,0.4158816331677784,-0.051580860858052024,0.014661220561973443,-0.09479652544915139,-4.341437563907681,-4.596447133858759,-1.0328662069683237,-0.011052730558013054,-0.0009230276400990527
1.21,-0.002098969580550852,1.4784022360741735,-1.0392422202360465,-0.5495421768032217,-0.00021106029059507432,2.237140494996009e-06,-0.020263436378412512,-0.1936596422183436,-0.049938802609500094,-0.017804368121074006,-0.0023669948504575935,-9.701368314640055e-05,0.13172101263491925,1.1713446143786912,2.239046832930599,0.42406626962183225,-0.04541237592156766,0.017791086177873283,-0.09012502343102308,-4.236797035497956,-4.5051573971200165,-1.0086296306161264,-0.010664603737930739,-0.0009007349370332976
1.22,-0.0022924693643682366,1.4765899971799827,-1.0395752929136395,-0.5496785940381123,-0.0002339719409542475,1.308477415069751e-06,-0.019349978381738443,-0.181223889419087,-0.03330726775929388,-0.01364172348905339,-0.0022911650359173173,-9.286630799262579e-05,0.13613542098617407,1.2370066714445285,2.2542368454046082,0.43012977572177746,-0.03908094112643279,0.02087514944596436,-0.08531285844955606,-4.13416654812509,-4.415192477726379,-0.9848076863404822,-0.010252819514850587,-0.0008777882843909038
1.23,-0.0024765206473009796,1.4749071534199878,-1.0397414791316533,-0.5497730895136698,-0.0002560737432918073,4.232408916634515e-07,-0.018405128293274294,-0.16828437599949958,-0.016618621801378727,-0.009449547555754976,-0.002210180233755978,-8.852365234062995e-05,0.14024454382417198,1.295262597664864,2.255677168758618,0.43405776211138125,-0.03262359940333659,0.02390322762858732,-0.08036760155998479,-4.034163036590475,-4.327106415251027,-0.961544466294799,-0.00981795416437164,-0.0008542883692214938
1.24,-0.0026508291975527363,1.4733579632099405,-1.0397412135809667,-0.5498256162453687,-0.0002773157348602022,-4.1680190489620035e-07,-0.01743085502517565,-0.15491902100472185,2.655506865554061e-05,-0.005252673169898696,-0.0021241991568394913,-8.400427965596518e-05,0.14405802691493313,1.3457639633037752,2.2433736929062564,0.4358405425742351,-0.026077742371866885,0.02686550709127744,-0.0752965538601798,-3.93737538455648,-4.2414393993129345,-0.938979679973238,-0.009360620819836109,-0.0008303357496521236
1.25,-0.0028151198491848765,1.4719458812746062,-1.03957593345867,-0.5498363756408461,-0.00029764961962020593,-1.2100740516968875e-06,-0.01642906516321403,-0.14120819353342368,0.016528012229670413,-0.001075939547732727,-0.002033388476000376,-7.932721468006872e-05,0.14758611644280967,1.3882203096887304,2.2174118281773185,0.4354731034539654,-0.019480683011196542,0.029752652521414236,-0.07010679097232855,-3.844358947874106,-4.158714378686361,-0.9172477578001962,-0.008881472540543925,-0.0008060302685336411
1.26,-0.0029691358789171464,1.470673540225089,-1.0392480694368702,-0.5498058161908375,-0.0003170288444357091,-1.9551924020097677e-06,-0.015401602973226982,-0.12723410495171344,0.03278640217997848,0.0030559450008653573,-0.0019379224815503162,-7.4511835031288e-05,0.15083923980094918,1.422402667088911,2.1779564227739105,0.43295525188621475,-0.012869243546617337,0.03255590879884407,-0.06480521635521132,-3.7556305348466825,-4.0794337969168835,-0.8964769998333363,-0.008381205694468721,-0.0007814704831804614
1.27,-0.003112638409173328,1.4695427384533775,-1.0387610308862005,-0.5497346307743196,-0.00033540867308122827,-2.650970014150231e-06,-0.014350253025618143,-0.11308017717116346,0.04870385506697245,0.007118541651787445,-0.00183798286455192,-6.957776121404632e-05,0.15382760223248407,1.4481463996708748,2.125251360444692,0.42829193940856136,-0.006279367272662539,0.035267192739361075,-0.05939862182225396,-3.6716639159088658,-4.004076473150522,-0.8767887750314387,-0.007860563538922768,-0.0007567531144407516
1.28,-0.003245405861432832,1.468554434514387,-1.0381191853671747,-0.5496237525693338,-0.00035274625921078893,-3.2964174716440244e-06,-0.013276745225950392,-0.09883039389903392,0.06418455190256894,0.011087820498580701,-0.0017337586129560676,-6.454474574937936e-05,0.1565608105082513,1.465353327009171,2.0596188239332016,0.4214937515800763,0.0002542379923654581,0.03787917220356951,-0.05389375352023928,-3.5928859247761338,-3.933094645690538,-0.858296775928381,-0.007320339875689763,-0.0007319725180724387
1.29,-0.0033672334812487057,1.467708748093323,-1.0373278324275546,-0.549474349566197,-0.00036900071934179834,-3.890743092965601e-06,-0.012182761981587386,-0.0845686421064077,0.07913529396202194,0.014940300313677268,-0.0016254460131009418,-5.943256213215768e-05,0.1590475336153996,1.4739930828241785,1.9814582068260576,0.4125775484767953,0.006698418339892265,0.04038533044083692,-0.048297381539835496,-3.5196732014133065,-3.866911194598223,-0.8411063329239354,-0.006761382653380277,-0.0007072201811592782
1.3,-0.003477932953114633,1.4670049675814567,-1.0363931717711217,-0.5492878176858081,-0.0003841332067716325,-4.433352036078783e-06,-0.011069947186592762,-0.07037805118663927,0.09346606564328504,0.018653188038882877,-0.00151324874298342,-5.426089431131821e-05,0.16129520891759472,1.4741036835764632,1.8912446542441486,0.4015672354379376,0.01302184895650349,0.042780014010090905,-0.042616371282780986,-3.452349614448927,-3.8059170584542503,-0.825313791761995,-0.006184597389270099,-0.0006825842460834126
1.31,-0.003577332119820656,1.466441564207589,-1.035322265892772,-0.5490657725125722,-0.00039810698717463177,-4.92384430988962e-06,-0.00993991667060225,-0.05634033738677129,0.10709058783494631,0.02220451732360098,-0.0013973780402999263,-4.9049227381083645e-05,0.16330980050824295,1.4657912920914793,1.7895272115347514,0.38849463839959597,0.019195262345271802,0.045058463155542405,-0.03685775470249904,-3.391184387220032,-3.7504688591960775,-0.8110059571281435,-0.0055909502857085765,-0.000658149064377562
1.32,-0.0036652748171465853,1.466016212596743,-1.0341229973066552,-0.5488100396591131,-0.0004108875164308148,-5.3620117115346424e-06,-0.008794269732592919,-0.042535161084589566,0.11992685861168839,0.025573285345908883,-0.0012780529256183036,-4.3816740164502214e-05,0.1650956145936111,1.4492291743360248,1.6769265598783591,0.3734004536514597,0.025191627312536657,0.047216824095418775,-0.031028799565834788,-3.336390937787093,-3.700886747740939,-0.7982596046712346,-0.004981470922316223,-0.0006339947826103376
1.33,-0.0037416208308207357,1.4657258175532248,-1.0328040205280884,-0.5485226437884215,-0.0004224425210232968,-5.74783371519771e-06,-0.007634601367415035,-0.029039504351827422,0.13189767785669573,0.028739587069160917,-0.0011555004592482012,-3.8582200366306755e-05,0.16665517479285508,1.4246558606201258,1.5541323185982097,0.3563352380780884,0.03098627787503938,0.04925214327285027,-0.025137074953940436,-3.288126429343734,-3.6574524818868914,-0.7871410631471281,-0.004357254414533543,-0.0006101969623094878
1.34,-0.0038062459787335783,1.4655665467933274,-1.0313747090059855,-0.5482057963283392,-0.0004327420811177498,-6.081472344897712e-06,-0.006462514791284249,-0.015927075989744386,0.14293115221029934,0.031684746008230964,-0.0010299560094452968,-3.336386297000024e-05,0.16798915830202377,1.3923725356473227,1.4218998960330669,0.3373604029438422,0.03655699261066969,0.05116234419493415,-0.01919051132994116,-3.24649201379989,-3.6204077467474587,-0.7777058678049289,-0.003719462941445316,-0.0005868262357957071
1.35,-0.0038590423175485626,1.465533869284837,-1.029845097240253,-0.5478618819232602,-0.0004417587162127057,-6.363266070433816e-06,-0.0052796338814984104,-0.003267750849048002,0.1529611765732335,0.034391440507902035,-0.0009016635094955868,-2.8179372553610346e-05,0.16909639200757492,1.3527396947628572,1.2810468740879424,0.31654917224268253,0.041884026253532824,0.05294618802039763,-0.01319745364890222,-3.2115337382771125,-3.589952726709769,-0.769998485593823,-0.0030693265608923363,-0.0005639479996779873
1.36,-0.003899918469193879,1.4656225987872737,-1.0282258183576454,-0.5474934436785172,-0.0004494674730319694,-6.593722772419245e-06,-0.004087615164531662,0.008872950243680284,0.16192788826076987,0.036843824474310435,-0.0007708756819263721,-2.304567019854288e-05,0.16997390591079556,1.3061731162207617,1.1324489160010487,0.2939874656019885,0.0469500964937174,0.05460321952657038,-0.007166706169679891,-3.1832440721464783,-3.5662449366028195,-0.7640521122672757,-0.002408143247292216,-0.0005416221476431766
1.37,-0.003928800059336398,1.4658269421295687,-1.0265280374594485,-0.5471031672640003,-0.0004558460151269539,-6.773511829067598e-06,-0.002888159014251877,0.020434334229499786,0.1697780898196825,0.039027641451684,-0.0006378542094984503,-1.7978905664835315e-05,0.17061703968689002,1.2531392110687631,0.9770351923896017,0.26977466574689046,0.05174032996042266,0.056133700473888215,-0.0011075678450028002,-3.1615640013668207,-3.549398318413907,-0.7598885410047307,-0.00173727810680885,-0.0005199028440493298
1.3800000000000001,-0.003945630256906772,1.4661405517116215,-1.0247633810945336,-0.5466938639549637,-0.00046087471347341723,-6.903455384087029e-06,-0.0016830197570373929,0.03136095820528187,0.1764656364914906,0.0409303309036632,-0.0005028698346463376,-1.2994355501943094e-05,0.17101959688937318,1.194149823087862,0.8157833271117123,0.24402423175472343,0.05624217222344896,0.05753853267773679,0.004970142589308466,-3.146385627516013,-3.5394826084925155,-0.7575181017613906,-0.0010581617449311488,-0.0004988383396962535
1.3900000000000001,-0.00395037040112332,1.4665565816737978,-1.0229438632511374,-0.546268452699527,-0.00046453673718874363,-6.984518861637037e-06,-0.00047401442165480095,0.04160299621762269,0.18195178433961456,0.04254112554367246,-0.0003662023715326391,-8.106347755000762e-06,0.17117404024948452,1.129756560873102,0.6497138717981067,0.2168641216250391,0.06044526732587496,0.05881917328559938,0.01105607243915591,-3.137555201283232,-3.536522978729513,-0.7569396701948699,-0.0003722877824579351,-0.0004784708309890334
1.4000000000000001,-0.003943000700297804,1.4670677471446394,-1.0210818082995348,-0.545829941313885,-0.00046681814336618825,-7.01780080073839e-06,0.0007369700825516474,0.05111654708416705,0.18620549516027188,0.0438511385641979,-0.00022814061774446156,-3.328193910135332e-06,0.17107172072890364,1.0605447523607792,0.4798843258344997,0.18843699116770907,0.06434131284523403,0.05997754484350909,0.01713933212468735,-3.1348765144882416,-3.540499953697069,-0.7581407447028279,0.0003187904633952216,-0.0004588363635238478
1.41,-0.003923520985029713,1.4676663859524663,-1.0191897713548268,-0.545381406917465,-0.00046770796492376967,-7.004522087709145e-06,0.0019479715268090683,0.05986388078269231,0.18920369447079438,0.0448534396420025,-8.898215575814364e-05,1.3278713029244974e-06,0.17070313246965074,0.9871271186599536,0.30738272692235624,0.15890014074892722,0.0679238967624447,0.061015942718916305,0.02320850355004454,-3.138114571042461,-3.5513496041862,-0.761097589836037,0.0010134640963002572,-0.0004399647809038054
1.42,-0.003891951497223257,1.4683445221715363,-1.017280456563664,-0.5449259757310021,-0.00046719829529888815,-6.946014671021211e-06,0.0031569487806455687,0.06781362190699876,0.1909314791162757,0.04554311864628829,5.0966962488151e-05,5.850741668793407e-06,0.17005818554677132,0.9101372687232819,0.13332084586314177,0.1284251869583546,0.07118832249041185,0.06193694234335395,0.029251659540712047,-3.1469994557318395,-3.568964015993202,-0.7657754441233965,0.0017100735020084256,-0.0004218797193314153
1.43,-0.003848333695694217,1.469093930868212,-1.0153666338501062,-0.5444668023705018,-0.0004652843687852879,-6.8437098483130426e-06,0.0043617801529040184,0.07494086966757947,0.19138227135577346,0.04591733605002288,0.00019139265136002603,1.0230482270816803e-05,0.16912648845739836,0.8302231190036096,-0.041172972349636405,0.09719744266475461,0.07413142827957064,0.0627433085542006,0.03525639385462343,-3.1612303202864687,-3.5931920311956373,-0.7721287901549442,0.0024069138832048674,-0.0004045986482215661
1.44,-0.003792731058959215,1.469906203417144,-1.013461054683303,-0.5440070487790934,-0.00046196463530565355,-6.699126220026599e-06,0.005560263673500211,0.08122725489318573,0.1905579166803214,0.045975359140833186,0.00033197334796343405,1.4458362828644346e-05,0.1678976325577123,0.7480403426476862,-0.21496127093388162,0.06541499602516199,0.0767514068811056,0.06343790907026844,0.04120986103354859,-3.180479408844167,-3.623840257537979,-0.7801016846107579,0.00310224138501763,-0.0003881329567347691
1.45,-0.003725229866091474,1.4707728127715936,-1.0115763674525797,-0.5435498629466321,-0.00045724082843903117,-6.513857408129265e-06,0.006750119286774062,0.0866609354449599,0.18846872307232101,0.045718583246131095,0.00047238068666223657,1.8526881189733383e-05,0.16636147116317232,0.6642459508746553,-0.3869051894886775,0.033287486649481446,0.07904763082704525,0.06402363384785054,0.04709882515496993,-3.204396049490601,-3.6606743399333928,-0.7896281457920796,0.0037942797187282187,-0.0003724880857479848
1.46,-0.003645939937246287,1.4716851780952518,-1.0097250330532488,-0.5430983575733732,-0.0004511180255747444,-6.2895596415054385e-06,0.007928992884518704,0.09123653236582381,0.18513343993309117,0.04515053732588384,0.0006122802864286776,2.2429776662382646e-05,0.16450838672817217,0.5794921049390368,-0.5558723534704336,0.0010345850478236523,0.08102048800088768,0.06450332174763551,0.05290971637900483,-3.232610544884619,-3.7034204864994344,-0.8006325960999762,0.004481227185387653,-0.0003576637043651989
1.47,-0.0035549953165571425,1.4726347281945797,-1.007919241298506,-0.5426555888389384,-0.00044360469914029644,-6.027939311736862e-06,0.009094462068914453,0.09495500993279048,0.18057917547427293,0.044276873443485076,0.0007513326434447931,2.6162032976857625e-05,0.16232954038435835,0.49442025050814625,-0.7207448748031398,-0.03111581047544587,0.0826712313543172,0.06487969561827898,0.0586286940653299,-3.264737902820749,-3.7517672399995714,-0.8130303568101209,0.005161263998880129,-0.00034365392963002067
1.48,-0.003452554881522049,1.4736129632299648,-1.0061708287787092,-0.5422245354409612,-0.0004347127579462286,-5.730740604028267e-06,0.010244043503509331,0.09782350353849784,0.1748412519796885,0.04310533979772634,0.0008891941194067853,2.9719870770859557e-05,0.15981709910382721,0.4096556574936612,-0.8804273889174952,-0.06292963745766911,0.08400184571087688,0.06515530658197721,0.06424171516458727,-3.3003813566648255,-3.8053674840762675,-0.8267281924037452,0.0058325598093902555,-0.00033044758764804496
1.49,-0.0033388028646748258,1.474611514229786,-1.0044911987888478,-0.5418080780691248,-0.00042445757780207565,-5.399733307886126e-06,0.011375201684722322,0.09985509998211443,0.16796299898614517,0.04164573718364189,0.0010255180144152932,3.3100729614214076e-05,0.15696443682325806,0.3258024375393711,-1.0338550503020396,-0.09416896394675489,0.08501493362791712,0.06533248800587384,0.06973460656797939,-3.3391356356161705,-3.863840672249916,-0.8416249016286108,0.006493281332938105,-0.0003180285138690105
1.5,-0.0032139492751998315,1.4756221999826158,-1.002891243937921,-0.5414089794796914,-0.00041285802068030946,-5.036700910757254e-06,0.012485358947499428,0.1010685752829746,0.15999548509268355,0.03990985894334088,0.001159955712176617,3.630323971288724e-05,0.15376630697458352,0.24343909873071384,-1.180001406843359,-0.12459447785650601,0.08571362130828386,0.06541331936700989,0.07509314012560542,-3.380589955371506,-3.926775266333296,-0.8576119523746649,0.007141600000201842,-0.0003063758898304151
1.51,-0.003078230210131178,1.4766370809379181,-1.0013812720401662,-0.5410298653330322,-0.00039993644183537166,-4.643429075139831e-06,0.01357190650686536,0.10148809553023802,0.15099718977547086,0.037911414665917506,0.0012921578844937776,3.932718356174232e-05,0.1502189849743527,0.1631146829800173,-1.3178860728802462,-0.153968128640265,0.08610148460698708,0.06539959997813527,0.0803031091140589,-3.4243307106554077,-3.993731369682622,-0.8745741573521937,0.007775699547674577,-0.0002954646132377946
1.52,-0.0029319080468106057,1.4776485098033147,-0.9999709358676921,-0.5406732059520918,-0.0003857186844185753,-4.221694595681439e-06,0.014632216332057212,0.10114288653966916,0.14103361724740773,0.03566593809404288,0.0014217757416796323,4.2173447945839185e-05,0.14632038028579913,0.08534551634039636,-1.4465821219801493,-0.1820558739526965,0.08618249430872404,0.06529283233529988,0.0853504050401785,-3.4699438619058256,-4.064243539578905,-0.892390387451838,0.00839378348562665,-0.00028526569786463006
1.53,-0.002775271510297509,1.4786491785853115,-0.9986691673172394,-0.5403412991531934,-0.000370234061263047,-3.7732549274949896e-06,0.01566365365130969,0.10006687819966899,0.13017685504526982,0.033190679889835525,0.001548462315552833,4.484396681864489e-05,0.14207011864593208,0.01061258665166128,-1.5652231229347242,-0.20863048013898666,0.0859609790971646,0.06509421468118336,0.0902210938021511,-3.51701701884189,-4.13782376200944,-0.9109343195428865,0.008994082389637217,-0.0002757466994078992
1.54,-0.0026086356113719867,1.4796321618788397,-0.9974841165108277,-0.5400362542921927,-0.00035351532364258164,-3.2998383704040074e-06,0.0166635898925522,0.0982983293528225,0.11850508064117705,0.030504486100065165,0.0016718737620465365,4.734165570909821e-05,0.13746959591079094,-0.06064045309597945,-1.67300974624865,-0.2334743229273517,0.08544160402757872,0.06480464224449015,0.09490149038178923,-3.56514123340068,-4.213964571197515,-0.9300752153268126,0.009574860974884025,-0.0002668721631431993
1.55,-0.00243234145259771,1.4805909562676494,-0.996423096311341,-0.5397599776588229,-0.00033559861693132877,-2.803134986152585e-06,0.01762941587742766,0.0958794388809611,0.10610201994867756,0.027627663336981963,0.001791670671125285,4.967033842514226e-05,0.13252200568648048,-0.1280086729798372,-1.7692158733586907,-0.256382133552969,0.08462936187342607,0.06442471651505105,0.09937823140249248,-3.6139125233476137,-4.292142295405138,-0.9496787277061683,0.01013442492422962,-0.0002586040889936874
1.56,-0.0022467559015763748,1.4815195157511507,-0.9954925326901684,-0.5395141593402963,-0.00031652342320516875,-2.28478831689037e-06,0.018558555102133525,0.09285594835013103,0.09305636211725785,0.024581831852658578,0.0019075193726160041,5.183466692622149e-05,0.12723234346060397,-0.1911266780918378,-1.8531941467868476,-0.27716363587096016,0.0835295744586424,0.06395476183960863,0.10363834504604487,-3.6629331555198443,-4.371820409802846,-0.9696077309549542,0.01067112745178819,-0.00025090240946496866
1.57,-0.002052271132001635,1.4824122831625537,-0.9946979213354227,-0.5393002616620085,-0.00029633249092859667,-1.7463879636016843e-06,0.019448476957474,0.0892767411402889,0.079461135474564,0.021389767828779417,0.002019093227657207,5.384003532886856e-05,0.12160739031434051,-0.24966888988995262,-1.9243809062549198,-0.29564602168978293,0.0821479010134748,0.06339484857198022,0.10766931796852884,-3.7118127239742638,-4.45245297655628,-0.9897231707867006,0.011183375592573314,-0.00024372547580638656
1.58,-0.0018493040343916963,1.483264217587056,-0.9940437908366572,-0.5391195092987301,-0.0002750717519616435,-1.1894630727452065e-06,0.020296709760993858,0.08519344245024611,0.06541304987654771,0.018075236327842848,0.0021260738966953187,5.5692489085647776e-05,0.1156556794749283,-0.30334935439051525,-1.98230046325379,-0.31167621463142137,0.0804903506957072,0.062744821977129,0.11145915898310371,-3.760169063149962,-4.5334881517140335,-1.0098849302131734,0.011669636215625287,-0.0002370305477382725
1.59,-0.0016382954994424341,1.484070817826575,-0.993533672726085,-0.5389728811341912,-0.0002527902261991789,-6.154767683785198e-07,0.021100853494926224,0.08066002395187595,0.0510118110572187,0.014662816453889527,0.0022281525762464613,5.739863043666867e-05,0.10938744896497932,-0.35192114424716076,-2.0265686745069242,-0.3251228771209478,0.07856329668607953,0.06200433606865906,0.11499645937873662,-3.8076290394332784,-4.614371737990205,-1.0299527068732433,0.012128441762458163,-0.0002307742821327553
1.6,-0.0014197095778047013,1.4848281419884939,-0.9931700785978008,-0.5388611039306931,-0.00022953991421983415,-2.5821555645115306e-08,0.021858592163773276,0.07573241619190302,0.036359412828416766,0.011177720349808306,0.0023250311979344726,5.896552127334045e-05,0.10281458343082628,-0.39517542891035906,-2.0568957830013357,-0.335878120536945,0.07637348967111895,0.061172891549848035,0.1182704498147816,-3.8538292661934657,-4.694550762113849,-1.0497868972924238,0.012558395714667306,-0.00022491321614885205
1.61,-0.0011940325207686101,1.485532823299788,-0.9929544844661582,-0.5387846478535608,-0.0002053756783742957,5.781842901073822e-07,0.022567705703609126,0.07046813112941733,0.02155941316426121,0.007645607713227808,0.0024164235845538446,6.040058457524975e-05,0.09595054790701328,-0.4329402915273936,-2.073088503613349,-0.34385888497534545,0.07392806903900845,0.06024987702890877,0.12127105376949071,-3.898416787442609,-4.773477055065292,-1.0692494833141104,0.012958177794178174,-0.00021940424049513919
1.62,-0.000961771706860918,1.4861820822645684,-0.9928873224630145,-0.538743723878123,-0.00018035511278392685,1.1952993459344754e-06,0.023226081390769208,0.06492589647804496,0.006716200314373082,0.004092397543789837,0.002502056559036885,6.171150558270932e-05,0.08881031582414713,-0.46507937290794815,-2.0750513387012157,-0.3490079622345572,0.07123457069777278,0.059234612686225346,0.12398893752623863,-3.941049773810595,-4.850610813237562,-1.0882049157295666,0.013326548897109162,-0.00021420505871853543
1.6300000000000001,-0.000723454459762907,1.4867737352927555,-0.992967979911759,-0.5387382830897083,-0.00015453840275209005,1.8243606844334259e-06,0.023831724709801102,0.05916530281871098,-0.008065744874450874,0.0005440788414661389,0.0025816710031836792,6.290613384989506e-05,0.08141029302484788,-0.4914904217270282,-2.0627871172263985,-0.35129464342634353,0.06830093104353441,0.058126395588775415,0.12641555665691684,-3.9813982715961465,-4.925424118355472,-1.10652098993175,0.013662355757918692,-0.00020927462868766125
1.6400000000000001,-0.0004796267632732511,1.487306199930618,-0.9931948057546055,-0.5387680178701154,-0.0001279881741140313,2.4642845573054156e-06,0.024382769648965588,0.05324646378626984,-0.02268258428464697,-0.0029734780407173556,0.002655022863805876,6.399238728719897e-05,0.07376823895303969,-0.5121038262569652,-2.036396758923749,-0.35071498074215146,0.06513548721926754,0.05692454587147289,0.12854319891200905,-4.019145041373606,-4.997404393863512,-1.1240697082350701,0.01396453533485388,-0.00020457358274559483
1.6500000000000001,-0.00023085187931305132,1.487778496820949,-0.9935651242492449,-0.5388323649473608,-0.00010076933306886105,3.1140661497809893e-06,0.02487748839601998,0.047229689033103386,-0.037031849463938976,-0.006434707724538536,0.0027218841045170247,6.497815924755735e-05,0.06590318556329978,-0.5268811964979637,-1.9960782726804627,-0.34729166120931954,0.06174697437510018,0.05562845303991604,0.13036502335748168,-4.053986517144503,-5.0660577754686695,-1.1407281233463078,0.01423211890124256,-0.00020006462334085605
1.6600000000000001,2.2291124762707185e-05,1.4881902485124936,-0.994075255792272,-0.5389305102694505,-7.294889705125349e-05,3.7727784461960602e-06,0.02531430040757585,0.04117516915445845,-0.05101315430270772,-0.009814532208973702,0.0027820436017607563,6.587122964150711e-05,0.057835353897178025,-0.5358140568947789,-1.942125005555346,-0.3410734985265629,0.05814452113529034,0.054237621694473104,0.13187509551722745,-4.085633910490949,-5.1309123736096325,-1.1563791573484774,0.014464235820436643,-0.0001957128912986407
1.67,0.0002792089329861453,1.4885416752258918,-0.9947205446704238,-0.5390613956476399,-4.459581721321961e-05,4.4395702560086816e-06,0.025691780822343812,0.035142671339806225,-0.06452888781518042,-0.013088537818941058,0.0028353079838033877,6.667918098126217e-05,0.04958606772928607,-0.5389226992389418,-1.8749231657394017,-0.33213455706223804,0.05433764486398884,0.05275171603058662,0.13306841819472529,-4.1138144768010365,-5.191521405836355,-1.1709123904764673,0.014660116975804568,-0.0001914863042584111
1.68,0.000539295614812493,1.488833587667931,-0.9954953934871605,-0.5392237271003101,-1.5780793099804887e-05,5.113663457580236e-06,0.026008668182634767,0.02919124420393834,-0.07748488167367637,-0.01623314526702326,0.0028815024113414724,6.740932015715543e-05,0.04117766323040621,-0.5362552332808804,-1.79494864920495,-0.3205729296333111,0.050336248578539744,0.051170602535467985,0.1339409575674288,-4.138272952599084,-5.247466177440702,-1.1842248139277265,0.014819097821640264,-0.00018735586317124482
1.69,0.000801934329016069,1.4890673769685185,-0.996393303961986,-0.5394159848153551,1.3423919881306052e-05,5.794349524004783e-06,0.026263871420357594,0.023378930058743704,-0.08979104748255076,-0.019225771504503976,0.002920471298111094,6.80686066424547e-05,0.03263339325657387,-0.5278868594739767,-1.7027632057905726,-0.30650919761557205,0.04615062146874005,0.04949439037476813,0.13448966408065807,-4.158773164541212,-5.298358889198036,-1.196221540969309,0.014940621016718041,-0.00018329592511388864
1.7,0.001066499089559799,1.48924500179667,-0.997406923753596,-0.5396364346369594,4.294470957598669e-05,6.480985401075448e-06,0.026456476054373023,0.017762482815155224,-0.10136197916099443,-0.02204498216042977,0.002952078969468064,6.866358770706653e-05,0.023977324674305345,-0.5139193746271694,-1.5990099860142384,-0.29008460807979386,0.0417914449332433,0.047723469041980604,0.134712487622225,-4.175099801954888,-5.343845251777414,-1.2068164706800155,0.015024238599909099,-0.00017928444103015352
1.71,0.001332356584924557,1.4893689726942076,-0.9985280989158524,-0.539883140971961,7.270681213977982e-05,7.172988812068336e-06,0.026585749536475793,0.012397089753768326,-0.11211751622563694,-0.024670633500152885,0.0029762102563793127,6.920034109928882e-05,0.015234227088319058,-0.49448090754597007,-1.4844085149845807,-0.27145900786082056,0.037269805838475126,0.04585854292457428,0.13460838644134748,-4.187060336139737,-5.3836068872698934,-1.2159328988077835,0.015069613667121881,-0.00017530315734896684
1.72,0.0015988680416703267,1.4894423336498785,-0.9997479315580405,-0.540153981001717,0.00010263452235653682,7.869833067367211e-06,0.02665114567457698,0.007336095567093818,-0.12198326421881409,-0.02708400297559687,0.0029927710216756994,6.96844255298874e-05,0.0064294514564202715,-0.46972586846776576,-1.3597491443477274,-0.2508085787010481,0.03259721834940603,0.04390066252083849,0.13417732929073112,-4.1944870612377265,-5.417363499381675,-1.223504070431768,0.01507652151105577,-0.00017133778074801228
1.73,0.001865391122219651,1.489468640923353,-1.0010568422481407,-0.5404466600775759,0.0001326514085047291,8.57104145903421e-06,0.026652308054932426,0.0026307273474555836,-0.13089106901001935,-0.029267907585897566,0.0030016886148192296,7.012083916669998e-05,-0.002411202643786482,-0.43983508369224833,-1.2258870372584896,-0.2283234206837763,0.027785655186695492,0.04185125211476237,0.13342029032229344,-4.197239223551821,-5.4448747951498,-1.2294736693981916,0.015044850189953853,-0.00016737810562948387
1.74,0.0021312818460349618,1.4894519391189516,-1.0024446366701385,-0.5407587281717433,0.0001626805310136356,9.276181321264177e-06,0.02658907238153107,-0.0016701804401486374,-0.13877944219977079,-0.031206809416738097,0.0030029122508906485,7.051398622299659e-05,-0.01126163189937738,-0.405016075675611,-1.083735744827194,-0.20420503313535665,0.022847588556065133,0.0397121337788684,0.1323392363560843,-4.195205198965113,-5.465942142565843,-1.2337962398502744,0.014974600498665601,-0.00016341810414826025
1.75,0.002395896522544086,1.4893967345037866,-1.0039005760238382,-0.5410875972505155,0.0001926446641042635,9.984857837276689e-06,0.02646146765091242,-0.005520461516492412,-0.14559393536998022,-0.03288690787721752,0.0029964133090627904,7.086765160125128e-05,-0.020095586533075645,-0.36550343933722246,-0.9342604353351517,-0.17866374292959541,0.017796040298282093,0.037485547623634166,0.13093710626751334,-4.188304671794682,-5.480409950235286,-1.2364375355952015,0.014865885324703348,-0.0001594559788821582
1.76,0.0026585936833985048,1.4893079655649055,-1.005413450638296,-0.5414305594335365,0.00022246651955971285,1.069670767165622e-05,0.026269716085441885,-0.0088768938881179,-0.15128746144577157,-0.03429621830209994,0.002982185545544935,7.118498343795324e-05,-0.02888683951743344,-0.32155925770591726,-0.7784708396720224,-0.15191612967509815,0.012644640056920883,0.03517416824122589,0.12921778239687057,-4.17649076319847,-5.488166757149335,-1.2373747935434256,0.01471892838329492,-0.00015549417845944855
1.77,0.0029187360009777577,1.4891909708053999,-1.0069716562578284,-0.5417848058008616,0.00025206897171883326,1.1411392504523959e-05,0.02601423175792531,-0.011699475950572554,-0.15582056195324634,-0.03542463673252269,0.0029602452159120394,7.146848328677383e-05,-0.03760936653118206,-0.27347349450917935,-0.6174139778467873,-0.12418249571581041,0.007407689493967251,0.032781117303283355,0.1271860540720416,-4.159752053306795,-5.489146022787244,-1.236596928014318,0.014534062338276038,-0.00015153937666206592
1.78,0.003175692179533981,1.4890514537905444,-1.0085632724525144,-0.5421474457091361,0.0002813752827379348,1.2128592540311223e-05,0.02569561785562233,-0.01395170148554336,-0.1591616194685976,-0.036263990827450826,0.00293063110191015,7.172000357872653e-05,-0.04623753465567737,-0.22156429802248132,-0.45216673203779045,-0.09568442614812134,0.0021002298384965867,0.030309972261472556,0.12484757354326557,-4.138114438714465,-5.483326610081128,-1.2341046433224758,0.014311726329518278,-0.00014760241570667442
1.79,0.0034288388050556116,1.4888954454718504,-1.0101761426030036,-0.5425155264790292,0.0003103093271207886,1.2848000059419395e-05,0.02531466255216307,-0.01560083186938985,-0.1612870150489067,-0.03680807698931882,0.0028934044382853837,7.194075191081713e-05,-0.05474629700665578,-0.16617814949940163,-0.28382833138963853,-0.06664248038700982,-0.003261890625297692,0.027764771073390954,0.12220880484918706,-4.111642765953215,-5.470732956235468,-1.22991046273439,0.014052462941861164,-0.0001436982145733536
1.8,0.0036775621398679125,1.4887292638392975,-1.011797954912072,-0.5428860533181139,0.0003387958144801454,1.3569313075825932e-05,0.024872333481230073,-0.01661816325529812,-0.1621812309068423,-0.037052683908466374,0.002848648735935681,7.213130164065361e-05,-0.06311138973478493,-0.1076897907849417,-0.11351281263274061,-0.037274052182581396,-0.008661953099035558,0.025150012832887474,0.11927696635678131,-4.080442182139653,-5.4514349289690385,-1.2240386726078611,0.013756914664582365,-0.00013984564340729108
1.81,0.003921259848222763,1.488559470979568,-1.0134163239024083,-0.5432560093465187,0.00036676050946749195,1.4292229157876097e-05,0.02436977083548501,-0.016979285972950044,-0.1618368990336303,-0.03699560284048889,0.002796469498734655,7.229160820501661e-05,-0.07130952715153649,-0.04650186918884624,0.057658481437147996,-0.007791429611088158,-0.014082313240912914,0.02247065413307032,0.11605996793389792,-4.044659146193559,-5.425547368402053,-1.2165251812872568,0.013425819903654117,-0.00013606736516700554
1.82,0.004159342639694417,1.4883928276503098,-1.0150188718712179,-0.5436223755967893,0.00039413044779461744,1.5016439463241525e-05,0.023808279147165424,-0.016664332925829844,-0.16025479688096375,-0.0366366250270504,0.0027369938327125483,7.242103053654282e-05,-0.07931859018722162,0.016955756781741483,0.228564306505826,0.021599919458107464,-0.01950435922424887,0.019732100935766477,0.11256634391205701,-4.004482047835558,-5.393229317506704,-1.2074172931160412,0.013060008620771989,-0.00013238964583780311
1.83,0.004391235818113138,1.488236245516582,-1.0165933097869948,-0.5439821508643188,0.00042083414727333055,1.5741623032493693e-05,0.023189317841872132,-0.015658213372780064,-0.1574437915776882,-0.035977526752949324,0.002670369947871312,7.251835692521681e-05,-0.08711780300393719,0.08222709985932268,0.3980907689726258,0.05070281738547533,-0.024908487598496287,0.01694019567364953,0.10880518316920641,-3.9601413869494575,-5.3546829467333765,-1.1967733987326883,0.012660397682830858,-0.00012884213467579406
1.84,0.004616380725042459,1.4880967372348763,-1.0181275171317627,-0.5443323712903136,0.0004468018128204697,1.6467441379099926e-05,0.02251449069293209,-0.013950828170572539,-0.1534207344767887,-0.035022042599489586,0.002596766554713915,7.258183466062339e-05,-0.09468789240090086,0.1488315546758028,0.5651383750679931,0.07932959003287232,-0.030274101505414264,0.014101199276884862,0.10478605779883425,-3.9119094727364088,-5.310152181074592,-1.1846625836248454,0.01222798601266534,-0.00012545761609952994
1.85,0.004834236068430792,1.487981364611487,-1.0196096202127558,-0.5446701295653751,0.0004719655344156895,1.7193533407067955e-05,0.02178553433883332,-0.011537262338936377,-0.1482103080992992,-0.033775827506145925,0.00251637215952198,7.260920279680311e-05,-0.10201122468830169,0.21626586639823625,0.7286288312787655,0.10730301788888985,-0.0355796354145449,0.011221767806617725,0.1005189519260417,-3.860099610259897,-5.259921040392353,-1.17116415771721,0.01176384963607571,-0.00012227173500621265
1.86,0.00504427912902073,1.4878971851045193,-1.0210280684903796,-0.5449925936482659,0.0004962594770601615,1.7919510681102606e-05,0.02100430605899385,-0.008417950696770192,-0.1418448277623915,-0.03224640828908432,0.0024293942644472034,7.259772740346485e-05,-0.10907191498411759,0.28400657577346383,0.8875115562526282,0.1344570264977203,-0.04080260992993645,0.008308923396802361,0.09601419227757788,-3.8050647513055704,-5.204311706270235,-1.1563671095480499,0.011269136721154625,-0.00011932269745905182
1.87,0.005246006839340287,1.4878511969813852,-1.0223717084938664,-0.5452970249011336,0.0005196200618652315,1.8644953068144387e-05,0.020172771031955663,-0.004598812313410068,-0.1343640003486663,-0.0304431252867685,0.002336058480506999,7.25442387041781e-05,-0.1158559044112406,0.351512946995936,1.0407698704946793,0.1606371241857416,-0.04591971939780981,0.005370019263119287,0.09128238210807899,-3.7471955967501214,-5.143682330922166,-1.1403694893353256,0.010745062703576351,-0.00011665094887221132
1.8800000000000001,0.005438936732575126,1.4878502834851435,-1.0236298549218024,-0.5455807955492383,0.0005419861375002631,1.93694047636688e-05,0.019292989323483913,-9.134962418586978e-05,-0.12581464279359708,-0.028377064810465532,0.0022366075635031554,7.244516955244148e-05,-0.12235100143236052,0.41823037242230804,1.1874268365124376,0.18570060123250354,-0.05090695403740564,0.002412698635307492,0.08633434002761743,-3.686918148609604,-5.0784246057612075,-1.1232777259338766,0.010192905585814165,-0.00011429883200864116
1.8900000000000001,0.005622607761261712,1.487901156402397,-1.024792358551209,-0.5458414053799598,0.0005632991413464752,2.0092370711250197e-05,0.018367102868658607,0.005087291725353483,-0.11625036294067376,-0.02606098307214693,0.0021313003846212056,7.229659475813966e-05,-0.12854688453802907,0.4835942357130436,1.326550728414202,0.20951651026800988,-0.05573975716045465,-0.0005551523941833836,0.0811810451669686,-3.624690721359863,-5.008961109075397,-1.1052058833287162,0.009614001489351091,-0.00011231022730124007
1.9000000000000001,0.005796580988469387,1.4880102994616005,-1.0258496706056384,-0.5460764976024167,0.0005835032498357573,2.0813313419725437e-05,0.01739732272076758,0.010914305920351825,-0.10573120544292253,-0.023509222245690808,0.002020410848928217,7.209427084752397e-05,-0.13443506466763205,0.5470342028011217,1.457260116158775,0.2319654525279189,-0.060393216781109205,-0.0035254579338333675,0.07583358995955364,-3.5610004337131427,-4.935742453851422,-1.0862748628859873,0.009009740527117916,-0.0001107301782048308
1.9100000000000001,0.0059604401568677905,1.4881839120225369,-1.0267929032594418,-0.546283873795329,0.0006025455175966123,2.153165017889205e-05,0.016385916839840316,0.017361256093632472,-0.09432326538034193,-0.020737619291226993,0.0019042267760855003,7.18336759166614e-05,-0.14000880705089716,0.6079788984567639,1.5787285554447847,0.2529391987734133,-0.06484228960127825,-0.0064900108917921445,0.07030314161732647,-3.496359213511412,-4.859244258114987,-1.0666115580834639,0.008381563049014398,-0.00010960450447975562
1.92,0.006113792143713258,1.488427853544473,-1.0276138859816577,-0.5464615078767202,0.0006203760051792317,2.224675067207665e-05,0.015335198684546745,0.024394152193629125,-0.0820982722215916,-0.01776340813912764,0.001783048758261941,7.151004931846001e-05,-0.14526301355738525,0.6658609154066455,1.6901888795052418,0.2723401768416709,-0.0690620540386252,-0.009440536499305013,0.06460091313794289,-3.4312993594721304,-4.779963961209998,-1.0463479688590631,0.007730956296932541,-0.00010897940649034506
1.93,0.006256267312241742,1.48874758934126,-1.0283052174485794,-0.5466075590346379,0.0006369478952834469,2.2957934982114854e-05,0.014247516852848368,0.031973579678706336,-0.0691331466921638,-0.014605115791769235,0.0016571890104215242,7.111843100382038e-05,-0.1501940680738974,0.7201220932077097,1.7909370936128757,0.29008086012098744,-0.07302798770702379,-0.012368759908557792,0.05873814440950905,-3.3663687139177756,-4.698417510215913,-1.0256202830427754,0.007059451487762916,-0.00010890106376541765
1.94,0.00638751977213722,1.4891481381456808,-1.028860312778859,-0.5467203835632403,0.0006522175975618039,2.366447198626709e-05,0.013125245989547766,0.04005488044207596,-0.05550953302795743,-0.011282452860243512,0.0015269702278356992,7.065370041522341e-05,-0.15479964883221786,0.7702189955787578,1.8803358768289584,0.30608309249795607,-0.07671626361530182,-0.01526647677708401,0.05272609368502444,-3.302125510069871,-4.61513594120795,-1.0045679325704315,0.006368621324044114,-0.00010941523120472558
1.95,0.006507227563571614,1.4896340220120945,-1.029273445868866,-0.546798545553361,0.0006661448422101187,2.436557813530062e-05,0.011970779143439352,0.048588386641369594,-0.04131330900070277,-0.007816199012076135,0.0013927244648314799,7.011061490335322e-05,-0.1590785129180425,0.8156285078191052,1.9578176983115014,0.3202773856431982,-0.08010405837449353,-0.018125625533953776,0.04657603938980767,-3.239132965746715,-4.5306618803096965,-0.9833326323144357,0.0056600779128559075,-0.00011056683641646179
1.96,0.006615092780713393,1.4902092190854135,-1.0295397866289473,-0.5468408263910324,0.0006786927626846106,2.5060416612317236e-05,0.010786521714177908,0.05751970733189149,-0.026634076008129705,-0.004228083767131534,0.00125479204744919,6.948384770166144e-05,-0.1630302593451912,0.8558534704311846,2.022887557295393,0.3326022238141597,-0.08316986494125989,-0.020938359841172705,0.04029929191049069,-3.177953702151612,-4.445545989487928,-0.9620574094064204,0.004935471054915994,-0.0001123995817282746
1.97,0.00671084165151963,1.4908771197553876,-1.029655432943296,-0.5468462330214774,0.0006898279679935503,2.574809686779691e-05,0.00957488708062376,0.06679006699741624,-0.011564631434885243,-0.0005406630444968964,0.0011135205308939653,6.876802554796749e-05,-0.1666550780218862,0.8904282612035843,2.0751253566518013,0.34300340971989307,-0.08589380191372198,-0.023697119632405145,0.03390721470241098,-3.119144071687641,-4.36034338181563,-0.9408856308709647,0.004196486848263427,-0.00011495555442025203
1.98,0.006794224591018786,1.4916404866979118,-1.029617437197468,-0.5468140049398305,0.0006995206050984505,2.642767452864327e-05,0.00833829394991557,0.07633669425241563,0.0037995745828018363,0.0032228081646953743,0.0009692637104900202,6.795776608463618e-05,-0.1699534926219818,0.9189242358694568,2.1141879197462012,0.35143348247381034,-0.0882579111617029,-0.02639469904211922,0.027411253752102255,-3.063248482233523,-4.275610030504857,-0.9199600372410425,0.003444846535013904,-0.00011827484867674176
1.99,0.00686501624513547,1.4925014192796149,-1.029423827238383,-0.5467436198734,0.0007077444120221857,2.7098151680627965e-05,0.007079165411668393,0.08609325817029767,0.01936099590849224,0.007038506643040883,0.0008223806923735236,6.704771519846951e-05,-0.17292610576836262,0.9409549370567251,2.139810659213271,0.35785123532770413,-0.09024643563227219,-0.029024309539542187,0.02082297415157412,-3.010793806951912,-4.1918991954117155,-0.8994217895895085,0.002682305506027614,-0.00012239520264001585
2.0,0.006923015541399471,1.4934613227685063,-1.0290736216521827,-0.5466347981237456,0.000714476762297096,2.775847752540398e-05,0.005799929626400072,0.09599034888913288,0.03502055862004124,0.010882174965445976,0.0006732350274910244,6.603258447760152e-05,-0.17557335501744822,0.9561809825936475,2.1518089043676145,0.36222135679386014,-0.0918460695252501,-0.031579636659179594,0.014154102289262392,-2.9622839684065676,-4.109757889967334,-0.8794095370928017,0.0019106523674483737,-0.00012735165376981562
2.0100000000000002,0.0069680457616343,1.4945208827522531,-1.028566839265861,-0.5464875055403103,0.0007196987013942712,2.8407549415057826e-05,0.004503022023482903,0.10595599837469324,0.05067823863218145,0.014729258343527108,0.0005221939097175194,6.490718896538465e-05,-0.177895287895501,0.9643145472946608,2.150078891391855,0.3645142140807831,-0.0930461736739363,-0.034054888871687505,0.007416571946627077,-2.9181947835155935,-4.029723410617257,-0.8600585118509576,0.001131707965394472,-0.00013317621546834676
2.02,0.006999954649969039,1.4956800451172056,-1.0279045027994806,-0.5463019551009498,0.0007233949757561404,2.9044214268867547e-05,0.0031908888334738882,0.11591623649525226,0.06623364663802447,0.01855504393604907,0.00036962743618692456,6.366648538097224e-05,-0.17989136368717856,0.965123357073585,2.1345984173849613,0.3647057925274524,-0.09383894987139552,-0.03644483736007087,0.0006225724165214407,-2.8789691516865767,-3.952319949880928,-0.8414996572307065,0.0003473242609601385,-0.00013989757762207131
2.0300000000000002,0.0070186145673124655,1.4969380018861824,-1.027088636617348,-0.5460786070785393,0.0007255540550096448,2.9667270378407257e-05,0.0018659917343426913,0.12579567689768617,0.0815866182132597,0.022334802241050854,0.0002159079253504374,6.230561095397102e-05,-0.18156028883618427,0.958434120538005,2.105427155973655,0.3627777991316634,-0.09421956902198436,-0.03874484574689882,-0.006215403363887227,-2.8450126624363006,-3.878055313094966,-0.8238587954858727,-0.0004406170526247714,-0.00014754083334429487
2.04,0.007023922700836957,1.4982931831520159,-1.0261222585490732,-0.5458181677770478,0.0007261681478691398,3.0275469608281363e-05,0.0005308133524491417,0.13551812658333504,0.09663780682747744,0.026043930149147146,6.140928594949375e-05,6.0819922987410705e-05,-0.18289989172132667,0.9441353310124784,2.0627066287249938,0.3587179323670764,-0.09418624932912811,-0.040950889144538344,-0.013084512741057815,-2.816689691009623,-3.8074177577970683,-0.8072558398521366,-0.0012302062951852148,-0.0001561272337830431
2.05,0.007015801334121322,1.499743255277788,-1.0250093657752968,-0.5455215868251433,0.0007252332121501447,3.086752000049138e-05,-0.0008121366715634719,0.14500721257721064,0.11128927737764532,0.029658095190458582,-9.349357189951038e-05,5.9205039221001135e-05,-0.18390704126361662,0.9221793811022477,2.0066598232351436,0.35252031449994803,-0.09374028220645947,-0.04305956225325852,-0.019971521417784688,-2.7943200411410167,-3.7408729735566064,-0.7918040557226413,-0.002019508004029777,-0.00016567397239666002
2.06,0.006994198180486653,1.501285125464555,-1.0237549147982654,-0.5451900530206351,0.0007227489592112614,3.144208879066073e-05,-0.0021603153634669773,0.15418701867668538,0.12544509770312914,0.03315338045082642,-0.0002484252938883308,5.7456879016935487e-05,-0.18457761235448475,0.8925839423115584,1.9375904457378075,0.34418607660655187,-0.09288600516495016,-0.04506807659445862,-0.026862767700198124,-2.778176183353495,-3.6788612188749124,-0.7776093748985041,-0.002806563683022528,-0.00017619399960692875
2.07,0.006959086778824726,1.5029149527142112,-1.022364795544615,-0.544824988724955,0.0007187188530266781,3.199780584401384e-05,-0.003511140166192665,0.16298272496562138,0.13901192536505594,0.03650642956800306,-0.0004030106184583328,5.557170533531083e-05,-0.18490649953030963,0.8554325737161833,1.8558817935617529,0.33372408068152115,-0.09163072252634974,-0.046974247316212886,-0.03374413482979619,-2.7684811253074724,-3.6217946305699416,-0.7647697662854607,-0.00358939516661145,-0.0001876958682302023
2.08,0.006910466947965658,1.5046281651401647,-1.0208457996767961,-0.5444280428134818,0.0007131501039706377,3.253326751808822e-05,-0.004861983085906832,0.17132124259535608,0.15189958678186738,0.0396945911473214,-0.0005568749056040332,5.354616740743817e-05,-0.18488767871499745,0.8108745360951849,1.7619952309722988,0.32115175767754156,-0.08998457638286106,-0.048776470329481056,-0.0406010331285028,-2.765406937975166,-3.5700547198309365,-0.7533746657858897,-0.004366008650825276,-0.0002001836095766327
2.09,0.006848365292461927,1.5064194835028812,-1.0192055832206435,-0.5440010821948689,0.0007060536572731551,3.304704095763757e-05,-0.006210165550373008,0.1791318362716463,0.16402164561527383,0.04269606186128617,-0.000709644669748261,5.1377343954934805e-05,-0.1845143152715657,0.7591238010582473,1.6564682509855344,0.3064960352817643,-0.08796037170583959,-0.05047369080519965,-0.04741839344079797,-2.7690739481325157,-3.5239900678802334,-0.7435044675251157,-0.0051343994222868145,-0.0002136566396128038
2.1,0.006772835749678415,1.5082829507723943,-1.0174526236495922,-0.5435461819206571,0.000697444175988079,3.353766882505974e-05,-0.007552954278351195,0.18634672695130017,0.1752959571051354,0.04549002742118254,-0.0008609481285076033,4.9062786742217325e-05,-0.1837789151035369,0.7004572583648592,1.5399121058149055,0.2897943247244932,-0.08557336084571643,-0.05206536427778913,-0.05418067305704357,-2.7795505941579854,-3.483914232910216,-0.7352300779619937,-0.005892557293346203,-0.00022810969412091281
2.11,0.006683960165365307,1.510211967446858,-1.01559617160092,-0.5430656139153167,0.00068734001820499,3.400367446697677e-05,-0.008887558431310831,0.19290166744636217,0.18564520486720806,0.04805680053403166,-0.0010104157783089004,4.660056419170286e-05,-0.18267351418045208,0.6352121385905666,1.4130089897447844,0.2710955321964894,-0.08284099381090226,-0.053551411744180044,-0.060871874954059484,-2.796853928748492,-3.4501038786720515,-0.7286125338754657,-0.006638472727313217,-0.00024353279137501313
2.12,0.006581848882536304,1.512199332286434,-1.0136461974358826,-0.5425618343664365,0.0006757632081396072,3.444356751433816e-05,-0.010211128282900283,0.19873648395761656,0.19499741650375313,0.05037795488802155,-0.001157681006538274,4.398930473613872e-05,-0.18118990067566756,0.5637826823145604,1.2765087605088592,0.2504610575577839,-0.07978264162026427,-0.05493217022138813,-0.06747558080325738,-2.8209507392510083,-3.4227971337759913,-0.7237026846985579,-0.007370143613364571,-0.00025991122050737683
2.13,0.00646664132655031,1.5142372880565398,-1.011613332893451,-0.542037469824967,0.0006627394006569834,3.485584990966281e-05,-0.011520755598599431,0.20379557701058076,0.20328645424317618,0.05243645414693985,-0.0013023807482623858,4.122823953246473e-05,-0.17931986293680263,0.4866161008213613,1.1312251886712223,0.2279657410850504,-0.07641930065849589,-0.05620834022622216,-0.0739749977860304,-2.8517592442031714,-3.4021921894191895,-0.7205409391957306,-0.00808558262697985,-0.0002772255534697157
2.14,0.006338506567858372,1.5163175718149513,-1.0095088081261478,-0.5414953020761453,0.0006482978387207255,3.523902235083924e-05,-0.012813475869193736,0.20802837584115202,0.2104524767303083,0.05421677488217472,-0.001444156193625783,3.8317244117643166e-05,-0.17705545578867962,0.40420788664921437,0.978031729025609,0.20369871816411145,-0.07277328630212299,-0.05738093157829579,-0.08035301883543415,-2.8891513136980578,-3.3884461418850824,-0.7191570760533225,-0.008782825089698531,-0.000295451678315927
2.15,0.006197643842970865,1.5184314692246206,-1.0073443844457266,-0.5409382518528216,0.0006324713032219906,3.559159113633921e-05,-0.014086272488750698,0.21138974096691782,0.21644236804213204,0.055705022332363185,-0.001582653549873491,3.52568785499972e-05,-0.17438927721505498,0.317096544891696,0.8178568135757902,0.1777641420582352,-0.06886792411461584,-0.05845120880773053,-0.08659229550874863,-2.932955151630262,-3.3816740847597195,-0.7195701175793807,-0.009459937222547584,-0.0003145608514531579
2.16,0.0060442830138469445,1.5205698723293533,-1.0051322831456053,-0.5403693614742375,0.0006152960546254568,3.591207539184464e-05,-0.01533608291239202,0.2138403104732751,0.22121013001212791,0.056889037858408716,-0.0017175248596533802,3.204842555054302e-05,-0.17131474728766843,0.22585782766771487,0.6516786720877163,0.1502817363133344,-0.064727246635223,-0.05942063728929589,-0.0926753223041382,-2.9829583699975872,-3.3819484543891267,-0.7217882653901152,-0.010115024671539886,-0.0003345197665300924
2.17,0.005878684946115326,1.522723340193628,-1.0028851108054437,-0.5397917765046611,0.0005968117658764784,3.619901465322732e-05,-0.016559806773161878,0.21534678642746669,0.22471723401614885,0.05775849695763485,-0.0018484288748978458,2.869392613826766e-05,-0.1678263813092402,0.13109856431659594,0.48051969336708006,0.12138714093712011,-0.06037570322076724,-0.060290831035796286,-0.0985845308830343,-3.038911379432771,-3.389298630664289,-0.7258088966956497,-0.010746241171938212,-0.0003552906377550688
2.18,0.005701141787289924,1.5248821617815502,-1.00061578152036,-0.53920872653749,0.0005770614460440002,3.645097677564332e-05,-0.01775431588254024,0.21588215879222528,0.2269329285083683,0.05830499671712273,-0.0019750319832478247,2.519621224159983e-05,-0.16392004950076347,0.033450188356827094,0.305440348108038,0.09123202018922894,-0.0558378895728473,-0.06106350288540023,-0.10430239236353012,-3.1005310161745134,-3.4037107937763236,-0.7316186195861425,-0.011351797211093705,-0.00037683129565688526
2.19,0.005511977127415469,1.5270364204338014,-0.9983374365323584,-0.5386235052212487,0.0005560913542266097,3.6666566133300725e-05,-0.018916465987445508,0.2154258652251145,0.22783449880016363,0.058522131624133035,-0.0020970091817390448,2.1558935765740583e-05,-0.15959321617424557,-0.06643793121292713,0.1275327021493571,0.059983904618252065,-0.05113830253184559,-0.061740417621782506,-0.10981152562235097,-3.167504323847963,-3.4251280361462513,-0.7391933855579237,-0.01192996854795833,-0.000399095293608352
2.2,0.005311546026319341,1.529176059295789,-0.9960633617738724,-0.5380394496541322,0.0005339509033226973,3.6844432069321214e-05,-0.02004311010961283,0.21396388619876666,0.22740747584859558,0.05840555671165122,-0.0022140450903912422,1.7786593602048695e-05,-0.1548451521631968,-0.16790524234766735,-0.052086442970147806,0.027825745732007134,-0.046301124494288914,-0.06232334838786732,-0.11509480939417706,-3.2394924087370716,-3.4534507273153716,-0.748498657403772,-0.012479104450956437,-0.00042203202381314994
2.21,0.005100234893793808,1.5312909470551699,-0.9938069038622408,-0.5374599192831362,0.0005106925533578015,3.6983277550132564e-05,-0.021131113252553253,0.21148877593808452,0.22564579116316563,0.05795303709960247,-0.0023258349964895724,1.3884548081135108e-05,-0.1496771153011339,-0.27028673226667654,-0.23228273740517236,-0.005044831718151954,-0.04135004046610302,-0.06281403660456292,-0.12013549589382055,-3.3161342896537973,-3.4885371281995576,-0.7594896305165677,-0.012997635524637917,-0.0004455868418928721
2.22,0.004878461211511884,1.5333709433623575,-0.9915813851087762,-0.5368882744521706,0.00048637169417000125,3.708186797408728e-05,-0.022177368228192443,0.2079996307187647,0.22255187534645648,0.05716448309656081,-0.0024320859187800282,9.859042395471189e-06,-0.14409249490313353,-0.3729195064255576,-0.4119117461743441,-0.0384165876114384,-0.036308089363566776,-0.06321415548944301,-0.1249173237112392,-3.3970506679362487,-3.5302042497793624,-0.7721115056150514,-0.013484081009022073,-0.0004697011996830237
2.23,0.004646673088204162,1.5354059633331794,-0.9894000181262688,-0.5363278547506548,0.00046104651737435874,3.7139040079583286e-05,-0.02317881233077221,0.20350199708218258,0.21813669825075055,0.056041970151579044,-0.0025325176795642492,5.717210549601169e-06,-0.1380969174736222,-0.47514911425648765,-0.5898266292067943,-0.07206603451058324,-0.031197549775347833,-0.06352527719574938,-0.12942462783941164,-3.4818475493721586,-3.57822895003333,-0.7862998108873659,-0.013937055453138968,-0.0004943127863321736
2.24,0.004405348642500579,1.5373860405678768,-0.9872758206337531,-0.5357819573197632,0.0004347778776562478,3.7153710893942835e-05,-0.024132444570358378,0.19800772346972897,0.21241974925157436,0.054589743089157955,-0.0026268639718110913,1.4670814359552054e-06,-0.1316983121869297,-0.5763355178137686,-0.764885973533933,-0.10575910793540766,-0.02603985906672801,-0.06374884355366867,-0.13364244488391155,-3.5701196577240717,-3.6323492617373576,-0.8019807715549581,-0.014355274685129059,-0.000519355678274281
2.25,0.004154995210773978,1.5393013881642856,-0.9852215310667379,-0.5352538152775648,0.00040762914357696733,3.7124886660753545e-05,-0.025035343172660048,0.19153475964088118,0.20542895670151706,0.05281420421984733,-0.0027148734079280494,-2.88242331892879e-06,-0.12490693601743996,-0.675858608149475,-0.9359617081545312,-0.13925312289199354,-0.020855563492981233,-0.06388614039329699,-0.1375566117597868,-3.6614535887613155,-3.692265942659524,-0.8190717248786452,-0.014737561024361844,-0.000544760499088015
2.2600000000000002,0.00389614838021623,1.541142457254196,-0.9832495256045037,-0.5347465764266497,0.0003796660382092794,3.7051671680353205e-05,-0.025884683055774797,0.18410690899104853,0.1972005462234242,0.05072388509150669,-0.0027963105367687945,-7.321498040034422e-06,-0.11773535968415734,-0.7731231854469359,-1.1019470286088944,-0.17229899287544903,-0.015664295944144313,-0.06393827545527703,-0.14115385649171525,-3.755430663979234,-3.757644238684348,-0.8374815786524421,-0.015082847705260883,-0.0005704545906474623
2.27,0.003629370850141274,1.5428999926492706,-0.9813717372233035,-0.5342632824083658,0.000350956470051343,3.693327699569981e-05,-0.02667775300749557,0.1757535395074478,0.1877788381200181,0.04832940182838761,-0.0028709568157936436,-1.1839468465339582e-05,-0.11019841677294118,-0.8675633324258291,-1.261764256143234,-0.2046436802163667,-0.010484777105624288,-0.06390615994000065,-0.14442188008037657,-3.8516294541827922,-3.8281158495058527,-0.8571113112515665,-0.015390182506712712,-0.0005963621972872578
2.2800000000000002,0.0033552511270597825,1.5445650852450417,-0.9795995773752502,-0.533806848466434,0.00032157035479100243,3.676902885405544e-05,-0.027411972308149173,0.1665092595771161,0.17721598480533937,0.045643394193189295,-0.002938611526034054,-1.6424814164436624e-05,-0.10231311946513023,-0.9586461259795988,-1.4143725555990656,-0.23603283994258373,-0.005334835216385392,-0.06379049380269208,-0.14734942876300686,-3.9496279544940527,-3.903281085733891,-0.877854511311924,-0.015658730603953466,-0.0006224046649366845
2.29,0.0030744020613352897,1.54612922089682,-0.9779438608773483,-0.5333800439794625,0.0002915794286048725,3.6558376873762095e-05,-0.02808490657244926,0.15641356517782723,0.16557164979018604,0.04268044869715719,-0.002999092618612993,-2.106519802933491e-05,-0.09409854519501977,-1.0458746490093092,-1.558775436814408,-0.266213613517432,-0.00023143925644369956,-0.06359175495613134,-0.14992635636013354,-4.049005403775767,-3.982711205556069,-0.8995979551127233,-0.015887776680617107,-0.0006485006573102446
2.3000000000000003,0.002787459235154092,1.5475843255481394,-0.9764147345736768,-0.5329854739167506,0.00026105705377488497,3.630090184492658e-05,-0.028694282618119786,0.14551046513193466,0.1529126303671506,0.03945700627119365,-0.0030522374829987536,-2.5747502883551667e-05,-0.08557569924905015,-1.128790282497392,-1.6940279663436,-0.2949375240370822,0.004809259699842028,-0.06331019258859011,-0.15214367674510845,-4.149343752625201,-4.065950918478797,-0.9222222197062304,-0.016076726356277618,-0.0006745663912696197
2.31,0.0024950792130797135,1.5489228064589577,-0.9750216103063792,-0.5326255613648208,0.00023007801748621277,3.599632309307788e-05,-0.029238002207437823,0.1338480910818389,0.1393124267297546,0.03599125519297658,-0.003097903628867219,-3.045787518487019e-05,-0.07676735878303806,-1.206974276487793,-1.819243619589079,-0.32196342088532326,0.009771884073995596,-0.062945824831312,-0.15399360678157245,-4.250228794683823,-4.152521043121054,-0.9456023297843332,-0.01622510699860342,-0.0007005158933913223
2.32,0.002197937667594037,1.550137589445518,-0.973773102698236,-0.5323025312634446,0.0001987183247326932,3.564450533582289e-05,-0.029714154548567653,0.12147829865603219,0.12485076081431586,0.032303010137616904,-0.0031359692753519576,-3.518177572549855e-05,-0.06769790395597054,-1.280048617226485,-1.933600707865098,-0.3470604195525375,0.014641787042699306,-0.06249844101291058,-0.155469600332239,-4.351250985762225,-4.241921305537394,-0.9696084361870869,-0.016332567998656775,-0.0007262612795874931
2.33,0.0018967273927464976,1.551222152104958,-0.9726769722116007,-0.5320183954796532,0.00016705498629769882,3.524546496420644e-05,-0.030121027484753926,0.10845626594400551,0.10961304866353327,0.028413578379142112,-0.0031663338434994395,-3.9904037161645386e-05,-0.0583931418554563,-1.3476762256811943,-2.0363483203147625,-0.37001078139803667,0.01940501560561772,-0.0619676087130272,-0.1565663741395157,-4.452005983965241,-4.333633264084761,-0.9941065238415608,-0.01639888059264583,-0.0007517130593400069
2.34,0.0015921562193537777,1.5521705530539525,-0.9717400739059028,-0.5317749393365107,0.0001351658027993069,3.479937568287083e-05,-0.030457117339271977,0.09484009489942928,0.09368983056978504,0.024345614314254832,-0.003188918349839192,-4.4608928133561127e-05,-0.04888012862670549,-1.4095605394160773,-2.1268117267993816,-0.3906126785457378,0.024048282847016073,-0.06135268577449893,-0.15727992650736183,-4.5520949514313305,-4.427123346402722,-1.0189591467690564,-0.016423937313546317,-0.0007767804657295603
2.35,0.001284944845146174,1.552977457260567,-0.9709683122693249,-0.5315737097004507,0.00010312914578887087,3.4306573446193965e-05,-0.030721137420760363,0.08069042066145103,0.07717616365778981,0.020122963605997343,-0.0032036657010436043,-4.928022366768655e-05,-0.03918699472999447,-1.4654445447927755,-2.2043971946596757,-0.40868279092895854,0.028558951896459045,-0.060652837352640654,-0.15760754977121944,-4.651124664328183,-4.521845983632606,-1.0440261876156296,-0.016407751151654125,-0.0008013718119837998
2.36,0.0009758245928898983,1.5536381575910214,-0.9703666024502624,-0.5314160047169365,7.102373687278667e-05,3.376756063133941e-05,-0.030912025225627564,0.0660700330454362,0.060170981906246576,0.015770498351414523,-0.003210540891608419,-5.390128148545524e-05,-0.029342777566136985,-1.5151093392115118,-2.268596179433857,-0.4240586855422368,0.03292503313031685,-0.05986705797804637,-0.15754783752960477,-4.74870748227191,-4.617246826543013,-1.0691656389464521,-0.01635045449472256,-0.0008253948747458408
2.37,0.0006655351088866243,1.5541485927273433,-0.969938838161427,-0.5313028652693088,3.892842579022826e-05,3.318300939354663e-05,-0.0310289484003274,0.05104351363218985,0.04277642888354298,0.01131394476276942,-0.0032095311082558408,-5.84551237792782e-05,-0.019377264859685592,-1.5583723131729903,-2.318988857001632,-0.43660093224710117,0.037135195155571156,-0.05899419849063364,-0.15710068753149353,-4.8444612313014215,-4.7127660277471835,-1.094234403301926,-0.01625229790646941,-0.0008487573036923139
2.38,0.00035482201343225983,1.5545053616374072,-0.969687866474603,-0.5312350682201521,6.92196832744157e-06,3.255376415398705e-05,-0.031071309545436444,0.03567689100638277,0.025097168682396732,0.006779704915672594,-0.003200645746278669,-6.292452395595764e-05,-0.009320851215318917,-1.595085049011969,-2.3552469720388696,-0.44619491579753046,0.04117878912333127,-0.05803299757524516,-0.1562673009756977,-4.938009055922554,-4.807841573685235,-1.1190891087468025,-0.01611364878763654,-0.0008713670565243817
2.39,4.443451388229689e-05,1.554705734795305,-0.9696154696677788,-0.5312131214785577,-2.4917195115034188e-05,3.1880843176067906e-05,-0.03103874995499629,0.020037315789794646,0.0072396806824221276,0.0021946741594441824,-0.003183916344247576,-6.729209779191403e-05,0.0007955907895918283,-1.6251310370144967,-2.37713598496831,-0.452752310001415,0.04504588497580435,-0.05698211750216803,-0.15505017879260607,-5.028979295554163,-4.901912649500531,-1.1435869363581106,-0.015934989947280317,-0.0008931328577323398
2.4,-0.00026487701000002084,1.5547476623574332,-0.9697223542292852,-0.531237260920503,-5.651115955853271e-05,3.11654391921306e-05,-0.03093115238823177,0.004192756212815684,-0.010688456150646675,-0.0024139441945357654,-0.003159396444349852,-7.154039839373107e-05,0.010940824695952719,-1.6484233101848527,-2.3845165066676213,-0.4562121868710509,0.04872731737373893,-0.05584018355750431,-0.15345311525758973,-5.117005439007468,-4.9944230193688295,-1.1675864557996964,-0.01571691809445021,-0.0009139646789102951
2.41,-0.0005723634396663745,1.554629779498408,-0.9700081470663134,-0.5313074491734149,-8.778277341940042e-05,3.040891904900909e-05,-0.03074864296663537,-0.011788285902508817,-0.028579283702821263,-0.007018825291177488,-0.00312716138608677,-7.565201431215055e-05,0.021083350220488815,-1.6649020962018808,-2.3773450169361103,-0.4565417411817414,0.052214738316653825,-0.05460582654491941,-0.15148118904321675,-5.201726207485041,-5.084824404251284,-1.1909484648275825,-0.01546014224277719,-0.0009337742377870987
2.42,-0.0008772793624464293,1.5543514091015556,-0.9704713989083374,-0.5314233762600314,-0.00011865585383055081,2.961282234782677e-05,-0.03049159227800548,-0.02783703968525274,-0.046325184202404335,-0.011592708661660673,-0.003087308041115039,-7.960967011823211e-05,0.03119149105886862,-1.6745325792394739,-2.3556738691174766,-0.4537366186717815,0.05550067288215557,-0.05327772766157873,-0.1491407515691022,-5.282785812094229,-5.1725798384529975,-1.2135368282688133,-0.015165482003626413,-0.000952475512557419
2.43,-0.0011788855199582008,1.5539125619820773,-0.9711095948401042,-0.5315844620811194,-0.0001490553987973388,2.877885906065418e-05,-0.030160615751177147,-0.04388471194782538,-0.06381959317667292,-0.016108582108799972,-0.0030399544966788006,-8.339632871725914e-05,0.04123347309712539,-1.677302855575396,-2.3196505892576016,-0.4478208441966629,0.05857857409638967,-0.051854664997595556,-0.14643941226873317,-5.359834426150063,-5.257166985797838,-1.2352193117249946,-0.014833865728194404,-0.0009699852675555864
2.44,-0.0014764512533785466,1.5533139347981617,-0.9719191718444882,-0.5317898607015941,-0.00017890779574096104,2.7908906114160224e-05,-0.02975657334203457,-0.059862718391567094,-0.08095770043840052,-0.020539862047464108,-0.0029852396943622216,-8.699529464939579e-05,0.05117749642577409,-1.6732221556238445,-2.269516483784789,-0.4388463541275893,0.06144287271938309,-0.050335560886801134,-0.14338602017640167,-5.432528905729559,-5.338081395701063,-1.2558684049786355,-0.014466328445992853,-0.0009862235858265167
2.45,-0.0017692569388220276,1.5525569057774962,-0.9728955431831361,-0.5320384663903056,-0.0002081410260393011,2.7005002938098278e-05,-0.029280568544348094,-0.07570290206654356,-0.09763713386478898,-0.024860568871151414,-0.0029233230298340044,-9.039031760619444e-05,0.060991805097303786,-1.6623193916325931,-2.2056045749405278,-0.42689214508241413,0.06408901769642616,-0.048719529344267376,-0.13999064105769074,-5.500533784184769,-5.414839678961584,-1.275362129834157,-0.014064009537190302,-0.0010011144037232354
2.46,-0.0020565964059183896,1.5516435283552286,-0.9740331293928864,-0.532328921350317,-0.00023668486521833217,2.60693459843091e-05,-0.028733946709636197,-0.09133774222676574,-0.11375862097503739,-0.029045496001136165,-0.002854383917903109,-9.35656953789175e-05,0.0706447589026752,-1.6446420752704052,-2.128336888092919,-0.4120630585110838,0.06651350319244986,-0.04700592286334926,-0.13626452917533463,-5.563522557790405,-5.486982582733886,-1.2935848269142087,-0.0136281500697845,-0.0010145860423088618
2.47,-0.0023377793322218524,1.5505765227858508,-0.975325395628861,-0.5326596250640377,-0.0002644710784745386,2.5104282229827513e-05,-0.028118292630346285,-0.10670055693777873,-0.12922662359745135,-0.03307037137207697,-0.0027786213256206435,-9.650637544815867e-05,0.08010491154883094,-1.6202556332306783,-2.038221119691405,-0.39448822751642254,0.06871387848647753,-0.04519437790602937,-0.13222009270799012,-5.6211792705728945,-5.554077943906325,-1.31042791576399,-0.013160089729909705,-0.0010265717300704772
2.48,-0.0026121336053415187,1.5493592657572386,-0.9767648950412499,-0.5330287451661972,-0.0002914336112187061,2.411230168558382e-05,-0.027435427311966635,-0.12172570286122691,-0.14394994123888802,-0.03691201021595106,-0.002696253274416746,-9.91980544243693e-05,0.08934109948834737,-1.5892431323357172,-1.9358467189769,-0.37431921853499084,0.0706887375492814,-0.043284858501070056,-0.1278708518291619,-5.673200396830545,-5.615723500036768,-1.3257906224990956,-0.012661263274946327,-0.0010370101112701013
2.49,-0.0028790076436815454,1.5479957780016178,-0.9783433178324966,-0.5334342297474264,-0.00031750877432302213,2.3096028940030165e-05,-0.026687403834002674,-0.13634877556208197,-0.1578422791246727,-0.04054845812291153,-0.0026075163104316065,-0.00010162727455536577,0.09832254528445623,-1.5517054089943132,-1.8218804207025785,-0.3517279058982439,0.07243768584306765,-0.0412776974565065,-0.12323138851092767,-5.719297010112058,-5.671549537107385,-1.3395806691732417,-0.012133196444536665,-0.0010458457341696384
2.5,-0.0031377726654691794,1.5464907098669702,-0.9800515456051169,-0.5338738209822411,-0.0003426354237267159,2.2058213774735057e-05,-0.02587650217876341,-0.15050681346475775,-0.17082277726202041,-0.04395912348147321,-0.0025126649403693782,-0.00010378151652951094,0.10701897879917559,-1.5077615817660457,-1.6970612700318057,-0.3269041218297897,0.07396128274794495,-0.03917363478868685,-0.11831728724263312,-5.759197217682637,-5.721221353683005,-1.3517149190473394,-0.011577501273988145,-0.0010530295133760303
2.5100000000000002,-0.003387824894390594,1.5448493247846244,-0.981879710578021,-0.5343450699675373,-0.00036675513401129904,2.1001720896517433e-05,-0.025005222892141462,-0.16413850823457132,-0.18281649729041285,-0.047124898529618174,-0.0024119710284583097,-0.00010564928782176254,0.11540077868699958,-1.4575499107067575,-1.5621951844590507,-0.30005312800582296,0.07526095900855456,-0.036973853060919715,-0.11314506604553227,-5.792648829992304,-5.764441521614325,-1.3621199720163963,-0.010995870767573286,-0.0010585191606623484
2.52,-0.003628587688724062,1.5430774805456755,-0.9838172592211611,-0.5348453526513494,-0.00038981236549655534,1.9929518837978072e-05,-0.024076279433346805,-0.17718442389489192,-0.19375486431401595,-0.05002826838120462,-0.0023057231485256306,-0.00010722020585393593,0.12343913568697612,-1.4012289535482354,-1.418149101031994,-0.2713929572741973,0.0763389096764363,-0.03468000940389826,-0.10773209741427464,-5.819422225591547,-5.800951924235785,-1.3707327045999538,-0.010390072905462375,-0.0010622795788304499
2.5300000000000002,-0.003859513579443034,1.5411816082814263,-0.9858530198347553,-0.5353718867266171,-0.0004117546243353081,1.8844668085276917e-05,-0.023092589071897218,-0.1895872264249192,-0.20357606135941586,-0.05265340752676569,-0.0021942258838752752,-0.0001084850752701156,0.13110623806619356,-1.3389789569687458,-1.2658447602521066,-0.2411516755999532,0.07719796416047964,-0.03229426404785765,-0.10209651911580471,-5.839313363537656,-5.830535554080101,-1.3775007491285804,-0.009761943976850028,-0.0010642832134892402
2.54,-0.004080086201450787,1.5391686890320473,-0.987975273580372,-0.5359217493610429,-0.0004325326150019971,1.7750308498646247e-05,-0.02205726220077527,-0.20129192493789508,-0.21222537456166568,-0.05498626344258128,-0.0020777990666689,-0.0001094359586630672,0.1383754783167819,-1.2710034115433648,-1.1062521807613424,-0.20956461461962128,0.07784143615274253,-0.029819305230457616,-0.09625713511354154,-5.852146887819008,-5.8530180534730825,-1.3823829070652216,-0.009113381252539009,-0.0010645103580253965
2.5500000000000003,-0.0042898221009992545,1.5370462277836872,-0.9901718284568457,-0.5364918956317928,-0.0004521003844812775,1.6649646097369862e-05,-0.020973589954846775,-0.2122461248360064,-0.21965548764736972,-0.057014627074989915,-0.00195677694792804,-0.0001100662401276385,0.14522167889341012,-1.1975306916453756,-0.9403828811781498,-0.17687162441761828,0.07827295732122896,-0.02725837034802152,-0.09023330724507178,-5.8577792619017846,-5.868268982982351,-1.3853494917863152,-0.008446335031995588,-0.001062949407533906
2.56,-0.00448827240153227,1.5348222248577001,-0.99243009570434,-0.5370791775327576,-0.00047041545737286524,1.5545939286743888e-05,-0.0198450300533015,-0.22240029259869976,-0.225826724749432,-0.05872819009648007,-0.001831507289158779,-0.00011037068106259747,0.15162133344927614,-1.1188156967459257,-0.7692829071403814,-0.14331439432678916,0.0784962997122769,-0.024615263192453288,-0.08404483864878808,-5.8561018663661075,-5.876202804563774,-1.3863825966124668,-0.007762800121792128,-0.0010595970580448842
2.57,-0.004675024309767207,1.532505144546616,-0.9947371681148189,-0.5376803634223006,-0.0004874389610428612,1.4442484609812047e-05,-0.018675190823493767,-0.23170803110841778,-0.23070724104788612,-0.06011858895430876,-0.0017023503669995953,-0.00011034546769318412,0.15755285874038666,-1.035141408297607,-0.5940257226543494,-0.10913388668866997,0.07851519273094953,-0.02189436706070936,-0.07771185029175726,-5.847043988915159,-5.8767795683639275,-1.3854762844191397,-0.0070648068234786575,-0.0010544584480193658
2.58,-0.004849702443868751,1.5301038809098717,-0.9970798997266038,-0.5382921577807955,-0.0005031357398752701,1.3342602111381126e-05,-0.01746781341015436,-0.24012636367442922,-0.23427316117848682,-0.061179435849484945,-0.0015696778832408923,-0.00010998824984309202,0.16299685117756496,-0.9468202766765462,-0.41570502515212776,-0.0745679247198936,0.07833314132216129,-0.019100653444578737,-0.07125465228027508,-5.83057563395235,-5.870005294473151,-1.3826366957697571,-0.006354411528349227,-0.0010475472397765135
2.59,-0.005011969966139884,1.5276277206678404,-0.9994449863843928,-0.5389112211497178,-0.0005174744576160304,1.2249620405912619e-05,-0.016226752227113287,-0.24761602420314008,-0.23650866577890414,-0.06190633689222186,-0.0014338717740760344,-0.00010929817054685086,0.16793634097043822,-0.8541953554198854,-0.23542754314313058,-0.03984897099727114,0.07795325250999119,-0.01623968591102683,-0.0646936119196075,-5.806710078533451,-5.855932043451583,-1.3778820731904575,-0.005633687033424366,-0.0010388856392426326
2.6,-0.005161529503805985,1.5250863031648176,-1.0018190466538432,-0.539534190127496,-0.000530427686761141,1.116686154429408e-05,-0.014955953766610153,-0.2541417503022829,-0.2374060269450422,-0.06229689777782189,-0.0012953229145110526,-0.0001082758861618539,0.17235703598352348,-0.7576411050870853,-0.05430587397950273,-0.005202127673218371,0.07737807772713146,-0.013317618677575457,-0.05804902071560951,-5.775506102879055,-5.834657672133996,-1.371242699939457,-0.0049047127064835395,-0.0010285043531619799
2.61,-0.005298123843224144,1.5224895774096674,-1.0041887025912544,-0.5401576973016265,-0.000541971983925664,1.0097625777156776e-05,-0.013659433941815874,-0.25967257551502126,-0.23696559374110723,-0.06235071741305171,-0.0011544297164522968,-0.00010692357671373034,0.1762475468639915,-0.6575637962940671,0.1265485830109387,0.029156616414443892,0.07660947834456466,-0.010341189284390609,-0.05134096266608989,-5.737069826799835,-5.806325274016448,-1.362760752405046,-0.004169564637513542,-0.001016442483663472
2.62,-0.00542153638521319,1.5198477562459245,-1.0065406598836657,-0.5407783910015886,-0.0005520879501461674,9.045176314263098e-06,-0.012341254198904542,-0.26418211637429967,-0.23519572924113025,-0.06206936999621285,-0.0010115966220503492,-0.00010524494628936781,0.17959958474930962,-0.5544014505737259,0.30603254589072776,0.06302187303401008,0.075648521469041,-0.007317704678301007,-0.044589186265152764,-5.691556088318869,-5.771122306393046,-1.3524900660836,-0.003430305919027699,-0.001002747360818945
2.63,-0.005531591352145825,1.5171712677503133,-1.0088617868923857,-0.5413929547627235,-0.0005607602751193633,8.012724180478946e-06,-0.011005496693263601,-0.2676488495611184,-0.23211270087200822,-0.06145637611348908,-0.0008672324973195884,-0.00010324521337841523,0.18240812295753286,-0.4486232684180318,0.48305757380874903,0.09620006423480487,0.07449541239979152,-0.004255019965878515,-0.037812982634310696,-5.639169307400158,-5.729279409295417,-1.3404958159306082,-0.0026889771980922192,-0.0009874743145414852
2.64,-0.005628153740920786,1.5144707040087797,-1.0111391921531374,-0.5419981263973156,-0.0005679777644670023,7.003413268918837e-06,-0.009656238877496087,-0.27005637415335715,-0.2277405260751615,-0.060517163459204826,-0.0007217489347639052,-0.00010093109115601093,0.1846715145282812,-0.34072850584346864,0.6565565515513425,0.12851034924568638,0.07314946912835762,-0.001161509078801054,-0.03103107209909289,-5.580163785891462,-5.681068924140226,-1.3268541127304334,-0.0019475876385208486,-0.0009706863878416719
2.65,-0.005711129019861557,1.5117567674710608,-1.0133602999081694,-0.5425907165754978,-0.0005737333492428346,6.02030569096017e-06,-0.008297527894077105,-0.27139365377188696,-0.22211077550321223,-0.05925901781822323,-0.0005755584775832284,-9.831075779586665e-05,0.18639155832798907,-0.2312447737615273,0.825489896800504,0.15978527021659006,0.07160914294640697,0.0019539733660692005,-0.024261501352553363,-5.514843404400328,-5.626803122761663,-1.3116515179808408,-0.001208106422740569,-0.0009524539940729684
2.66,-0.0057804625718653755,1.5090402151373357,-1.0155129232693558,-0.5431676268251486,-0.0005780240770613796,5.066367520936387e-06,-0.006933355200381778,-0.271655233372506,-0.21526233611863213,-0.057691024965084,-0.00042907278185449967,-9.53938170023783e-05,0.18757350765178554,-0.1207257479867012,0.98885145775707,0.18987112498880965,0.06987208763246222,0.005082139625741944,-0.01752155309482835,-5.443560687640145,-5.566832160147109,-1.2949844806223452,-0.0004724549096691444,-0.0009328545213449209
2.67,-0.005836138890626616,1.5063318008823632,-1.017585334635991,-0.5437258668665214,-0.0005808510844283887,4.1444550304225e-06,-0.005567631876124093,-0.27084142549724133,-0.2072411366635366,-0.055824004137267506,-0.000282700736700911,-9.219124905138872e-05,0.1882260168203406,-0.009748291537593849,1.1456740748934857,0.21862808127594313,0.06793527787487619,0.008213326250094577,-0.010827669721498947,-5.366715221569294,-5.501541766660766,-1.2769586997464033,0.00025750045185129317,-0.0009119718877573902
2.68,-0.005878180541339701,1.5036422162725094,-1.0195663330162474,-0.5442625712038234,-0.0005822195500854182,3.2573015031282677e-06,-0.004204165071308446,-0.26895846098538917,-0.19809983802563252,-0.05367043373020178,-0.00013684656570294958,-8.87153527294232e-05,0.18836102313734523,0.10109099535062649,1.295034786823552,0.2459300523097827,0.0657951756278663,0.011337561557859421,-0.004195392266565478,-5.284751418133041,-5.431350697791589,-1.2576884181772081,0.0009799543742316221,-0.0008898960515069558
2.69,-0.005906646901794108,1.5009820302780172,-1.0214453079266288,-0.5447750149022306,-0.0005821386294402635,2.4075047165464116e-06,-0.002846636045440753,-0.26601859944921513,-0.18789749103814657,-0.05124436984071577,8.092064515474197e-06,-8.497967865818561e-05,0.18799356367745942,0.21117976869769373,1.4360596664145016,0.2716643590047303,0.06344794107433283,0.014444643055974205,0.0023606845961988017,-5.198155636314843,-5.35670796146456,-1.2372956525268235,0.0016931680888875736,-0.0008667224802371175
2.7,-0.005921632704048923,1.4983616283256684,-1.0232122995688901,-0.5452606284847835,-0.0005806213704338534,1.5975151707258108e-06,-0.0014985802254814608,-0.26204019523488464,-0.17669916422612597,-0.048561358255292814,0.00015172590064101282,-8.099895458206008e-05,0.18714152863327263,0.3198944362096487,1.5679282791078746,0.2957312079621506,0.06088968288182217,0.01752422432122336,0.008826941110460292,-5.107452681208749,-5.278089844681765,-1.2159093659613305,0.0023954737755267587,-0.0008425515842491245
2.71,-0.0059232664007597925,1.4957911511745974,-1.0248580550084274,-0.5457170118892006,-0.000577684611483845,8.296251379399798e-07,-0.00016336967108695187,-0.25704771510711444,-0.1645755439537219,-0.045638340441713374,0.00029367589500084624,-7.67890032785831e-05,0.1858253552665579,0.4266051013573444,1.689877760788239,0.3180430180129772,0.05811674058455785,0.02056591045154127,0.015190744592991927,-5.013201715629252,-5.195996762692825,-1.1936645904765149,0.0030852780512304412,-0.0008174881183647038
2.72,-0.005911708383580427,1.493280434129543,-1.0263740801018664,-0.5461419474297976,-0.0005733488624357592,1.0595859971549506e-07,0.0011558017179365272,-0.2510717045054439,-0.15160250934390507,-0.04249355405970116,0.000433574904808572,-7.236665382244847e-05,0.18406766877807912,0.5306808921627049,1.8012065172447298,0.3385236304821051,0.05512599030711396,0.023559360764351944,0.021440445637406366,-4.915991631074634,-5.110949955023173,-1.1707015059571146,0.003761064530343972,-0.0007916405573420707
2.73,-0.005887149083744078,1.4908389471304573,-1.0277526869442777,-0.5465334117144011,-0.0005676381697335557,-5.715378701881557e-07,0.0024559299836349135,-0.24414869990855595,-0.13786068424113562,-0.039146428460343496,0.0005710692702203409,-6.774964699036507e-05,0.18189287852098734,0.6314956014799189,1.901277551178447,0.3571074398878986,0.05191516375357674,0.026494396984634128,0.027565359198201345,-4.816435936360731,-5.023488053511031,-1.147164483677062,0.004421395487626041,-0.0007651204498001576
2.74,-0.005849806986841838,1.4884757362744867,-1.0289870366280471,-0.5468895864703789,-0.0005605799672823846,-1.201103226536336e-06,0.003734209690224002,-0.23632108559706522,-0.12343496837695257,-0.03561747559777951,0.0007058202451171211,-6.295653563481805e-05,0.17932673982830832,0.7284335577993866,1.989521425695375,0.373738482329661,0.04848316949825249,0.029361114765802,0.033555731731383646,-4.715167232668881,-4.934163548026062,-1.1232011021848316,0.005064912676579757,-0.0007380417556113379
2.75,-0.005799926594877303,1.4861993673353862,-1.0300711771259117,-0.547208868237702,-0.0005522049147065911,-1.7811690353204516e-06,0.004988039196453466,-0.2276368939100488,-0.108414049786447,-0.03192817673231138,0.0008375052575793446,-5.800658087841156e-05,0.17639589320714186,0.8208956394696653,2.0654388752180273,0.38836951840837663,0.04483040518599968,0.0321499960357835,0.03940269586440005,-4.612831352854163,-4.843539175777486,-1.098961143705052,0.005690337371886951,-0.000710520171688553
2.7600000000000002,-0.005737776368847464,1.4840178718460755,-1.0310000761300941,-0.547489876890342,-0.0005425467248965377,-2.310365485184676e-06,0.006215022602983916,-0.21814954893106567,-0.09288990041824773,-0.02810086526399725,0.0009658189810053422,-5.291964498642245e-05,0.1731273936891377,0.9083053408127973,2.128603075699538,0.40096114619601586,0.0409590493136438,0.034852019394034095,0.04509821431082105,-4.510081250418701,-4.752184260087104,-1.0745955792741504,0.006296469719029158,-0.0006826724510266496
2.77,-0.005663646684369344,1.481938696302076,-1.0317696486979893,-0.5477314629503627,-0.0005316419828805515,-2.7875263028235717e-06,0.007412968447812005,-0.20791755439994253,-0.07695725678951412,-0.024158606002068934,0.001090474201598629,-4.7716081763889565e-05,0.1695482436589923,0.990114795941543,2.1786615859637912,0.4114809775191013,0.03687332182258729,0.037458765622652934,0.05063501493073476,-4.407570729386136,-4.660671024227476,-1.050255550814965,0.0068821874852907795,-0.0006546157197670028
2.7800000000000002,-0.005577847831268139,1.4799686550269606,-1.0323767795726628,-0.5479327136618631,-0.000519529958147358,-3.2116925557886053e-06,0.008579885310120485,-0.19700412751153287,-0.06071308746734884,-0.02012507115004322,0.0012112024733193416,-4.241662529650336e-05,0.1656849424771462,1.0658106651879324,2.215337970943904,0.4199029078076624,0.0325797037602954,0.03996251532800288,0.05600651896509066,-4.3059481102727855,-4.569570905436184,-1.026091358245811,0.0074464443143194255,-0.0006264667969450647
2.79,-0.005480708085626628,1.478113887215795,-1.0328193400638108,-0.548092957794571,-0.0005062524125760052,-3.582115333926142e-06,0.009713974564151047,-0.18547678111654986,-0.04425604911480667,-0.016024413270784625,0.0013277545571352882,-3.704227781375366e-05,0.16156306566526185,1.1349197898990022,2.238433115670014,0.42620650595472576,0.028087107713380632,0.042356335820115554,0.06120676454231084,-4.2058499293379965,-4.47945089354466,-1.0022514595180694,0.007988267591291441,-0.000598341521456933
2.8000000000000003,-0.005372571879659121,1.4763798186391217,-1.0330961993920895,-0.5482117691494834,-0.0004918534061033076,-3.898257307940319e-06,0.01081362059675072,-0.1734068576673404,-0.027685932827865953,-0.011881135491241996,0.001439900647269761,-3.161419740141772e-05,0.15720688535975486,1.1970145239045042,2.2478262361700923,0.4303765462228597,0.023406992500296542,0.044634154554698435,0.06623032757108406,-4.107894768252952,-4.390869917835692,-0.978881491189019,0.008506756027615319,-0.0005703540906465634
2.81,-0.005253798091033373,1.474771128448735,-1.0332072304172149,-0.5482889687416233,-0.0004763791021745966,-4.159793170259157e-06,0.011877378862574783,-0.16086901903866208,-0.011103102512532072,-0.007719959213979379,0.0015474303928710938,-2.615358623188386e-05,0.1526390422130609,1.2517176541383108,2.2434755901643904,0.43240269927706976,0.018553417643602965,0.046790816811530855,0.07107224209819234,-4.012677309244059,-4.304375304799028,-0.9561233167709746,0.009001077073172723,-0.0005426164147717429
2.82,-0.005124758469057372,1.4732917214778711,-1.0331533096883176,-0.5483246256378472,-0.000459877574885836,-4.366608969448206e-06,0.012903962197600146,-0.14794069708639795,0.005392072889713204,-0.0035656896224013305,0.00165015272887606,-2.0681579918904856e-05,0.14788027701267603,1.2987068286151189,2.225418886750123,0.43227939400195936,0.013543035315168761,0.048822125743572475,0.07572792212909604,-3.9207627066787327,-4.22049932841791,-0.9341141096625016,0.009470464260558857,-0.0005152374914551071
2.83,-0.00498583621062382,1.4719447063731423,-1.0329363117740724,-0.5483190564308341,-0.00044239861954002246,-4.518800354868101e-06,0.013892225843355208,-0.13470151047288875,0.02169979142453275,0.0005569207013064745,0.0017478955345813572,-1.521913854198946e-05,0.14294922809129446,1.3377184171131065,2.193773390363038,0.430005856090661,0.008395019652572722,0.05072486348288352,0.08019308678679021,-3.8326813600505756,-4.139755873517579,-0.9129854769723091,0.00991421457986926,-0.0004883228040659638
2.84,-0.004837424694118291,1.4707323798343985,-1.0325590978504549,-0.5482728233340095,-0.0004239935681161626,-4.6166697531518095e-06,0.014841151650552858,-0.1212326538743771,0.03772139236174711,0.004623309682461175,0.0018405051423859818,-9.786939828370829e-06,0.13786229822604487,1.3685507383723858,2.1487357104148987,0.42558632348001524,0.0031309354778197296,0.05249679260724882,0.08446369052619297,-3.7489241655134835,-4.062637231561346,-0.8928626300018389,0.010331685974522999,-0.0004619737478084008
2.85,-0.0046799263748007235,1.4696562171725656,-1.0320254985459412,-0.5481867308863466,-0.0004047151108943779,-4.6607225024572375e-06,0.01574983193175679,-0.1076162661833005,0.05335993045137398,0.008609244766284866,0.0019278457221784697,-4.405274930542799e-06,0.1326335922847012,1.3910665972508447,2.090581264327522,0.41903043277134877,-0.0022254495859148626,0.05413663792023932,0.08853585993206639,-3.6699383136806656,-3.989611047108875,-0.8738636065695995,0.01072229503865059,-0.00043628708710938746
2.86,-0.004513751840609927,1.468716869325401,-1.0313402910677936,-0.5480618212608108,-0.0003846171252061331,-4.651661974427559e-06,0.016617453419079675,-0.09393478471647357,0.06852074781476318,0.012490962553584877,0.0020097985688244837,9.060528029678395e-07,0.12727492448289163,1.4051950859345603,2.0196633984467334,0.4103537648994582,-0.007648403885429977,0.05564404915107263,0.09240583841311462,-3.5961236905537497,-3.9211174319668576,-0.8560985497500875,0.011085514984951856,-0.0004113544477050491
2.87,-0.004339319023049911,1.467914166398085,-1.0305091706590188,-0.547899368175769,-0.00036375451199489726,-4.590383717479019e-06,0.017443281756001558,-0.08027029273158251,0.08311204087748193,0.016245308504183972,0.0020862613211235816,6.127825694853962e-06,0.12179589187052926,1.4109326148216048,1.9364121486997259,0.39957853266978915,-0.013110514269733753,0.057019545797969695,0.09606993986825592,-3.5278299264262394,-3.8575662628728975,-0.8396690469740704,0.011420873938897243,-0.0003872618466117432
2.88,-0.0041570525539106,1.467247127720761,-1.029538716463742,-0.5477008694150288,-0.0003421830405902646,-4.477968658552649e-06,0.018226646913931117,-0.06670386773240802,0.09704541952768603,0.019849876074013416,0.0021571471404632702,1.124150589263705e-05,0.11620400865596145,1.408343150916952,1.841332621057954,0.38673438745635025,-0.01858300418862363,0.05826444590141461,0.09952451214797574,-3.4653541246916335,-3.7993346773615237,-0.8246675328058847,0.011727953600983228,-0.0003640892629382765
2.89,-0.003967383255149206,1.4667139783397312,-1.0284363519091861,-0.5474680379693307,-0.00031995920182760045,-4.315675403929425e-06,0.018966929876139425,-0.05331493810299355,0.11023645545557674,0.023283144569802697,0.0022223838762664124,1.6229325462322372e-05,0.11050489427222117,1.3975576543073203,1.73500297100356,0.37185931756737034,-0.02403607845629585,0.05938078100646732,0.10276591086909932,-3.408939288984102,-3.7467647812663274,-0.8111767580877441,0.012006388303769414,-0.0003419102522441421
2.9,-0.003770747746385374,1.4663121717842358,-1.0272102997451331,-0.5472027918201053,-0.00029714006939451606,-4.104931683222434e-06,0.019663550876383183,-0.04018065554953405,0.12260521640531315,0.026524614922544692,0.0022819132433084415,2.1074372070699092e-05,0.10470250674022796,1.3787727163435557,1.618071961421096,0.35500060654647037,-0.029439285431792694,0.060371199945458975,0.1057904838704508,-3.3587734533110525,-3.700161580109606,-0.7992693275305006,0.012255864474967513,-0.0003207916068737111
2.91,-0.003567588152193528,1.466038418877786,-1.025869531916533,-0.5469072423951021,-0.0002737831690624131,-3.847324984309333e-06,0.020315959419184588,-0.027375290644985353,0.13407678286002228,0.029554942500322038,0.002335690033210295,2.576066989131016e-05,0.09879941191804453,1.3522484163323432,1.491256079689089,0.33621581626374475,-0.03476188736336577,0.06123886432748299,0.10859456632529642,-3.3149895061376684,-3.659791145413816,-0.7890073072434736,0.012476120502319017,-0.0003007930643957718
2.92,-0.0033583518897375673,1.4658887222931236,-1.0244237144816013,-0.5465836817350459,-0.00024994635527190605,-3.544592430813001e-06,0.020923626245596072,-0.014969658466230136,0.1445817434931678,0.032356066005622415,0.002383681379050703,3.027325534963316e-05,0.09279707865106325,1.3183054266206162,1.35533619730179,0.3155737570294024,-0.03997322994858021,0.0619873387560535,0.11117448626005706,-3.2776656860904185,-3.6258790257291125,-0.7804419031403518,0.012666946980816189,-0.0002819670659503912
2.93,-0.0031434915162926506,1.4658584164842212,-1.022883147825949,-0.5462345684206955,-0.00022568769438931137,-3.198609957806658e-06,0.02148603734449168,-0.003030580890245051,0.1540566655652235,0.034911331435035456,0.0024258660882594658,3.459824730063432e-05,0.08669618964671427,1.2773214087122322,1.2111537590740242,0.2931554053597418,-0.045043102737535146,0.06262047881128158,0.11352657997381284,-3.2468267143912883,-3.598608910899672,-0.7736132106399036,0.012828187308455304,-0.0002643585659499355
2.94,-0.002923464615823032,1.4659422125684258,-1.0212587024626223,-0.5458625123204636,-0.00020106535384004125,-2.8113808457074095e-06,0.02200269004696187,0.008379608420460273,0.16244453633266995,0.037205610023189735,0.002462234054927012,3.872291120992485e-05,0.08049695806432594,1.2297267552551028,1.0596064938461778,0.2690547294219634,-0.04994208280577028,0.06314231974026979,0.11564721661606671,-3.222445517632525,-3.57812155678031,-0.7685500356039694,0.012959738583635763,-0.0002480048941985261
2.95,-0.0026987337040030664,1.4661342476779655,-1.0195617507478685,-0.5454702582299551,-0.0001761374962543913,-2.3850236767931684e-06,0.022473091181996564,0.01920351095397313,0.16969517147538227,0.039225409050847086,0.0024927857585649955,4.2635716891424094e-05,0.07419944029978826,1.175999744128816,0.9016436445006702,0.24337938273419457,-0.05464185509839925,0.06355696860507665,0.11753283096752441,-3.204445484342174,-3.5645139762576696,-0.7652697860240638,0.013061552745994277,-0.0002329356710856717
2.96,-0.002469766131834727,1.4664281382534987,-1.0178040948824083,-0.545060668486237,-0.0001509621777310335,-1.92175978336347e-06,0.022896757216833912,0.029389057553318627,0.17576558654602437,0.04095897437181082,0.002517531852335778,4.632638934296982e-05,0.06780383621125229,1.1166611812033875,0.7382607219087587,0.21625122834117505,-0.05911550394977158,0.06386850236712305,0.11917996328651212,-3.192703190228432,-3.557838901023314,-0.763778433583566,0.013133637893317346,-0.0002191727760779833
2.97,-0.0022370339692709103,1.4668170367140336,-1.015997891607335,-0.5446367046511666,-0.0001255972493312748,-1.4239002611693323e-06,0.023273216256381665,0.038889846053488705,0.18062032750734008,0.042396383507037734,0.0025364928399758714,4.978595221941379e-05,0.06131076902582352,1.0522686173762132,0.5704937949641287,0.18780665851603917,-0.06333777146607933,0.06408087405205587,0.12058530493768181,-3.1870515202356886,-3.55810451708855,-0.7640705438849484,0.013176059700566416,-0.00020673036928194917
2.98,-0.0020010138519311734,1.4672936909080394,-1.0141555740417865,-0.5442014083694778,-0.00010010026095938936,-8.938326262414923e-07,0.0236020117339737,0.04766541940056908,0.1842317565548341,0.04352962816888392,0.002549698837188545,5.3006763492784e-05,0.05472153833505113,0.9834102329915329,0.399413336941679,0.158196678922216,-0.06728527967824338,0.06419782876627173,0.12174574841449388,-3.1872831107556467,-3.5652744755255075,-0.7661293738395075,0.013188942863243937,-0.00019561496538642004
2.99,-0.0017621867760198426,1.4678505057304125,-1.0122897711455254,-0.5437578815183264,-7.452836685670014e-05,-3.3400719751360717e-07,0.02388270759113309,0.05568148223732018,0.18658028962610124,0.044352685115147145,0.0025571894102689213,5.5982542872788505e-05,0.048038340875597274,0.9106984884718569,0.22611765679869175,0.127586731161748,-0.07093671458852763,0.06422283094066311,0.12265844030597992,-3.1931540326139225,-3.5792681783726215,-0.7699270344680199,0.013172472486475751,-0.00018582555882279932
3.0,-0.0015210378288453737,1.4684796062794687,-1.0104132253227769,-0.5433092657754043,-4.8938232034484825e-05,2.5307670848021735e-07,0.024114894717446902,0.06291005490561427,0.18765458227485918,0.04486157429221101,0.002559013482221532,5.870839059938245e-05,0.04126445514893461,0.8347636437491562,0.051725952495776384,0.09615623349718483,-0.07427297141014277,0.06415900378093509,0.12332083574326803,-3.20438763483431,-3.599961338064629,-0.7754247171508707,0.013126895343305996,-0.0001773537985122516
3.0100000000000002,-0.0012780558448120382,1.4691729019273971,-1.008538708713413,-0.5428587217423112,-2.3385939087671934e-05,8.64884681207566e-07,0.024298198403333544,0.06932956479284207,0.18745166093639679,0.045054403309309037,0.002555229294681289,6.118079727273487e-05,0.03440438731015644,0.7562472507000955,-0.1226289683185019,0.06409782624137539,-0.07727726140026882,0.06400908152120527,0.12373075289218949,-3.2206784706445655,-3.62718680715079,-0.7825729811908393,0.013052520930668157,-0.00017018421011197598
3.02,-0.0010337329793282312,1.4699221506865505,-1.0066789387431287,-0.5424094077683995,2.073105038095567e-06,1.4988611257513983e-06,0.024432286548380703,0.07492487591533366,0.1859769970284189,0.044931397391168096,0.00254590441257675,6.339764445438321e-05,0.027463977105985533,0.6757957221445217,-0.29580824707963804,0.03161631562745204,-0.07993518168535846,0.06377537472126078,0.12388642613302707,-3.241696230640202,-3.6607356734650818,-0.7913121004054416,0.012949722259053307,-0.00016429446323647722
3.0300000000000002,-0.0007885641956702847,1.4707190232722007,-1.0048464935250097,-0.5419644586275708,2.7384262614893828e-05,2.152443084308429e-06,0.02451687836579465,0.07968725856501684,0.1832445218119141,0.0444949140828662,0.002531115757679826,6.53581958557031e-05,0.020450463923885186,0.594054077983171,-0.4666747521908065,-0.0010726822771550681,-0.08223475034781874,0.06345974852859768,0.12378655668310343,-3.2670896133184604,-3.700358614325781,-0.8015724663426815,0.01281893632164814,-0.00015965568072504917
3.04,-0.0005430466623817219,1.4715551662894422,-1.0030537277202742,-0.5415269642063028,5.249375918439098e-05,2.8230738745528707e-06,0.02455175332885629,0.08361430172415317,0.17927658047355002,0.043749442126800445,0.002510949656949715,6.706307902444414e-05,0.013372514191466735,0.5116599637248003,-0.6341010093999063,-0.03374438808800767,-0.08416640976382236,0.0630636135493924,0.12343035956665414,-3.296490070128549,-3.7457675017856635,-0.8132750456079908,0.012660664200163431,-0.00015623278666291056
3.0500000000000003,-0.0002976790612072167,1.4724222640070022,-1.0013126894755202,-0.541099948365355,7.734877810303377e-05,3.5082164500012522e-06,0.024536760117450516,0.0867097717560002,0.17410382447539813,0.04270158409476796,0.002485501891864279,6.851425754483815e-05,0.006240212407473729,0.42923802903854813,-0.7969772128648964,-0.06616677856585951,-0.08572300173903644,0.06258792874023325,0.12281760601194132,-3.329515370507565,-3.7966372494456464,-0.8263318886949569,0.012475470777138151,-0.00015398488954945978
3.06,-5.296080779858129e-05,1.4733120982228736,-0.9996350390571274,-0.5406863481400018,0.00010189755545991419,4.205366388792153e-06,0.024471825340863545,0.08898342158713952,0.16776504183928875,0.04136002253531704,0.0024548777356880424,6.971499387909005e-05,-0.0009349810334061897,0.34739474420354177,-0.9542192411455047,-0.09810275385721923,-0.08689971837043599,0.06203321554567224,0.12194866054922214,-3.3657729417946918,-3.852607889898578,-0.8406466876220157,0.012263984037554316,-0.00015286569675037047
3.0700000000000003,0.00019060881056259376,1.4742166057748003,-0.9980319698003226,-0.5402889934441587,0.00012608947512780206,4.912064419741558e-06,0.024356961836117505,0.09045075519266993,0.16030692568047614,0.039735469584307515,0.002419191966788786,7.066980309494048e-05,-0.008140301357993032,0.2667137206206278,-1.1047765997572827,-0.12931252013921313,-0.08769403276683982,0.06139958236119709,0.12082451228574916,-3.404862949125661,-3.9132868704998924,-0.8561153795861041,0.012026893955497671,-0.00015282395617636352
3.08,0.0004325315742425733,1.475127933301441,-0.9965141319806576,-0.5399105874423461,0.00014987516360391763,5.6259083981647275e-06,0.02419227636799795,0.09113275266407865,0.15178378196649592,0.03784060018126474,0.002378568847611556,7.138439784231703e-05,-0.01536177590136847,0.1877515881872032,-1.2476402107428786,-0.15955614879410662,-0.08810561378825058,0.06068675829448829,0.11944680003589181,-3.4463810910747323,-3.9782515538779313,-0.8726267937471823,0.011764950973735186,-0.0001538039210039022
3.09,0.0006723113401067048,1.4760384889161455,-0.9950915601992602,-0.5395536877500299,0.0001732065842106168,6.3445646487503635e-06,0.023977976586413156,0.09105556147045286,0.1422571781397531,0.03568996923162543,0.0023331420606699164,7.186562505856357e-05,-0.02258434087868334,0.11103446766983094,-1.3818499699630298,-0.18859626768653248,-0.08813622882593455,0.059894135123187406,0.11781783117659977,-3.4899210975997015,-4.047051908406038,-0.8900633381502777,0.011478964094905708,-0.00015574583319304428
3.1,0.0009094551113822158,1.4769409905132442,-0.9937736048503188,-0.5392206886175167,0.0001960371301589749,7.065778598681804e-06,0.023714377127551103,0.09025015970985942,0.1317955348941276,0.033299913251318744,0.0022830545948358074,7.212139499314405e-05,-0.02979197364321197,0.03705506065274202,-1.5065019944817064,-0.2162008356116205,-0.0877896383564506,0.059020816299182544,0.11594059427246675,-3.5350769274320957,-4.119213372764906,-0.9083017236707971,0.011169798612077888,-0.0001585864215639463
3.11,0.0011434741591444845,1.4778285104851108,-0.9925688682100708,-0.538913804245304,0.00021832171593114393,7.7873846311417e-06,0.023401904776226858,0.08875199718666303,0.12047366402480214,0.03068843722127027,0.002228458577216905,7.216060324598962e-05,-0.03696783570606257,-0.03372963634265593,-1.6207554854297466,-0.24214594773487352,-0.087071485584502,0.05806567182345396,0.11381876566362825,-3.5814446721333137,-4.194239877727468,-0.9272137217317921,0.010838373513382472,-0.0001622594102625714
3.12,0.0013738851855110527,1.478694516685554,-0.9914851456514162,-0.5386350533696888,0.00024001686641035133,8.507315097201371e-06,0.02304110263665682,0.0866006200443209,0.1083722558654687,0.027875087561520726,0.0021695150479207406,7.199304660596716e-05,-0.04409442204071084,-0.10090000288940479,-1.7238391359718828,-0.2662186179359507,-0.08598918396997654,0.05702739780516894,0.11145671032840317,-3.628624183330269,-4.271617007397803,-0.9466669523872728,0.01048565860006946,-0.0001666960335724258
3.13,0.0016002115183768454,1.4795329095299385,-0.9905293724476368,-0.538386245246647,0.00026108080317975075,9.223608432750096e-06,0.022632633286579273,0.0838392844384489,0.09557732037794005,0.02488081230417666,0.0021063936769399444,7.162933355487254e-05,-0.051153712596413596,-0.16407487550739544,-1.815057019346208,-0.28821948342349124,-0.08455180484225652,0.0559045795214414,0.10885947741765208,-3.676220447907882,-4.350815281325592,-0.9665256991931382,0.010112671359608623,-0.00017182555320528238
3.14,0.0018219843275192424,1.480338055173567,-0.9897075765830647,-0.5381689671496652,0.00028147352742156483,9.9344163364092e-06,0.022177280914239702,0.08051456436283924,0.08217958645720885,0.02172780969818208,0.002039272424181406,7.108079036591026e-05,-0.058127322471616304,-0.2229120772845444,-1.8937938982133502,-0.3079653778700955,-0.08276996667510025,0.054695756807322,0.10603279090811915,-3.7238447429685197,-4.431293538192945,-0.9866517470976295,0.009720473635419603,-0.00017757577442107059
3.15,0.0020387438521046386,1.4811048147561359,-0.9890248379385365,-0.537984573483523,0.0003011568988739925,1.063800997413229e-05,0.021675952458539607,0.07667595825688521,0.06827386445283294,0.01843936661421732,0.001968337145242765,7.035936377230908e-05,-0.06499664782142917,-0.2771084479554008,-1.959519903572275,-0.3252917215779165,-0.08065572695932716,0.05339949062692284,0.1029830358384368,-3.7711156080126043,-4.512502401125031,-1.0069052393783802,0.009310168132686033,-0.00018387355757596997
3.16,0.002250040629995592,1.48182856974059,-0.9884852541657421,-0.5378341766011957,0.00032009471034261463,1.1332785186238545e-05,0.02112967778909535,0.07237549844540042,0.053958377279441416,0.015039688232734914,0.001893781146862215,6.947752121062562e-05,-0.07174300525789422,-0.3263994369107735,-2.0117945390906136,-0.3400546807256175,-0.07822247700394752,0.052014429706588705,0.09971724057687556,-3.8176596759380796,-4.593887804103879,-1.0271455494358845,0.008882894795788163,-0.0001906453219681162
3.17,0.0024554367197435396,1.4825052434087191,-0.9880919135078323,-0.53771863939529,0.00033825275731257744,1.201726668277854e-05,0.020539608974794732,0.06766736681291677,0.03933406579097674,0.011553720590570438,0.0018158046969962824,6.844814965399953e-05,-0.07834776321263799,-0.3705583300846766,-2.0502699746660893,-0.35213305253435223,-0.07548483944699363,0.05053937615013954,0.09624305552892212,-3.863112407033926,-4.6748945584626735,-1.0472321630277754,0.008439827087583635,-0.00019781753913238824
3.18,0.002654506906709992,1.4831313186029005,-0.987846874764608,-0.5376385697189829,0.00035559890226450686,1.2690111223211526e-05,0.01990701869664521,0.06260751941814148,0.024503874322437016,0.008006967630697137,0.0017346144951929426,6.728445404329848e-05,-0.08479246443302484,-0.40939518756112636,-2.0746936012282413,-0.36142983897183,-0.07245856779354759,0.048973349004096556,0.09256872863130454,-3.907118771132356,-4.754969938002923,-1.0670255662992212,0.007982168194534765,-0.00020531721302001238
3.19,0.0028468398853449396,1.483703851823256,-0.9877511545400258,-0.5375943166745334,0.00037210313335768366,1.335010978620522e-05,0.019233297863494793,0.0572533220355369,0.009572022458220671,0.0044253044449551115,0.0016504231093176806,6.599985629936947e-05,-0.09105893944056938,-0.44275557188299136,-2.08490982702811,-0.36787347835768713,-0.0691604469413658,0.04731564480066025,0.08870307790413634,-3.949333922507004,-4.833567260910981,-1.0863881347379423,0.007511147175020775,-0.00021307234477660323
3.2,0.0030320394102250777,1.4842204838022104,-0.9878047218483469,-0.5375859687903233,0.0003877376172053462,1.3996188744791287e-05,0.01851995248801381,0.05166319789545057,-0.005356730832108962,0.0008347884210139697,0.0015634483847662538,6.460789585860674e-05,-0.09712941136324964,-0.4705191473611058,-2.0808611038455287,-0.37141871161056095,-0.06560819341944696,0.04556589417676177,0.08465546125186893,-3.9894239100184548,-4.91014944635681,-1.105185017963918,0.007028015061581201,-0.00022101238009635357
3.21,0.003209725408983004,1.4846794466842776,-0.9880065000937504,-0.5376133540902948,0.0004024767455261745,1.4627410070973374e-05,0.017768599875792587,0.04589628820672905,-0.020177824540351497,-0.002738529997147792,0.001473912832082829,6.312213261820869e-05,-0.10298659303434005,-0.49259822820378474,-2.062588179533415,-0.372047067801641,-0.06182035396102936,0.04372411375012275,0.08043574362431714,-4.027066461507796,-4.98419252344478,-1.12328501506073,0.0065340409217900085,-0.00022906863737419696
3.22,0.003379535050716358,1.485079567938374,-0.9883543763773365,-0.5376760420427993,0.0004162971755104898,1.524297060205985e-05,0.016980964173335427,0.04001212540963345,-0.03478762835860855,-0.0062687952504547825,0.0013820429984315286,6.155605310864775e-05,-0.10861377760824137,-0.5089363481516505,-2.0302295810470117,-0.36976696187291225,-0.057816201062644734,0.04179075252798753,0.07605426157835361,-4.061951876646998,-5.055189070063736,-1.1405614349747086,0.006030507877386012,-0.00023717471509730775
3.23,0.003541123763836654,1.485420271123805,-0.9888452180258152,-0.5377733473594856,0.000429177863787392,1.584220040837001e-05,0.01615887131202956,0.03407031854310769,-0.0490841648478722,-0.009730531668631661,0.0012880688276902194,5.992298063101593e-05,-0.11399492416384162,-0.5195069167418083,-1.9840203395124618,-0.3646134056492194,-0.05361562433963318,0.039766732228415425,0.07152178522539838,-4.093784056522222,-5.1226515591656305,-1.1568929363569955,0.005518709077542423,-0.00024526687710907537
3.24,0.0036941661975948546,1.4857015736201744,-0.9894748961784497,-0.537904335599119,0.0004411000939184239,1.642456030845216e-05,0.015304243375820092,0.02813024963694089,-0.06296781526345571,-0.01309882396333812,0.0011922230131031879,5.8235990008215056e-05,-0.11911473984025749,-0.5243120176546474,-1.924289975922244,-0.3566473414252487,-0.04923901676631204,0.037653481006631295,0.06684947751490389,-4.122281691325403,-5.186115590104368,-1.172164341109554,0.004999943620021103,-0.00025328441454114083
3.25,0.0038383571217080635,1.4859240814168782,-0.9902383162135786,-0.5380678305163256,0.00045204749737348324,1.6989638583489482e-05,0.014419092411320883,0.022250779670374612,-0.07634200351288326,-0.016349491720660952,0.0010947403455059334,5.65078275037324e-05,-0.12395875997816666,-0.5233813932031567,-1.851459772692532,-0.3459546152085933,-0.044707155268659204,0.0354529601970891,0.0620488507935835,-4.1471796198519755,-5.245142982906517,-1.18626741582609,0.004475512413599759,-0.0002611699833419427
3.2600000000000002,0.0039734122586219615,1.4860889810407225,-0.9911294547438179,-0.538262423081353,0.0004620060679653395,1.753714694711165e-05,0.013505513691389796,0.01648996238444469,-0.08911385302392373,-0.01945925650273836,0.0009958570591856268,5.475083636221669e-05,-0.12851342752917366,-0.5167716463460125,-1.7660393625425077,-0.3326446140349528,-0.040041075597743836,0.033167683800980396,0.057131720596499506,-4.168230366254848,-5.299324713741501,-1.1991016152995595,0.003946713976655108,-0.00026886991643478215
3.27,0.004099069042998512,1.4861980286817398,-0.9921414028603279,-0.5384864820841722,0.00047096416973063513,1.8066915830357527e-05,0.012565678437655051,0.010904764101718197,-0.10119481165100391,-0.022405900281915823,0.000895810176529561,5.297688832458769e-05,-0.1327661726597622,-0.5045656781192215,-1.668622671971311,-0.3168485983653726,-0.03526194192876697,0.030800730566894197,0.05211015666989861,-4.185205850905056,-5.348283670428359,-1.2105747823054187,0.003414840170092121,-0.000276334509617085
3.2800000000000002,0.004215087303046738,1.486253536558696,-0.9932664152617457,-0.5387381662247349,0.00047891253824867123,1.8578889044048325e-05,0.011601826004822584,0.00555078769561161,-0.11250124014177916,-0.025168414056270325,0.000794836851803611,5.1197321369079776e-05,-0.13670549303521742,-0.48687236457306204,-1.5598832619727743,-0.29871776639966185,-0.03039091217432155,0.028355748622550137,0.046996431295762496,-4.1978992634837695,-5.3916772075754915,-1.2206037979694635,0.002881171867793464,-0.0002835182803688507
3.29,0.004321249858350409,1.4862583565482899,-0.9944959648629098,-0.539015437581038,0.00048584427538616453,1.9073117882354684e-05,0.010616255530367128,0.0004819989593932072,-0.122954960116404,-0.027727135630307775,0.0006931737137493287,4.942288383063577e-05,-0.1403210347483106,-0.4638264636587755,-1.4405691135409107,-0.27842109198738374,-0.025449000543148803,0.025836952718768458,0.04180296508153232,-4.206127077809006,-5.42919948191302,-1.2291151771953484,0.0023469745741804796,-0.00029038019877680233
3.3000000000000003,0.004417363028927918,1.4862158610867444,-0.9958208024426494,-0.5393160763379061,0.0004917548374485653,1.9549754731917505e-05,0.009611317057750899,-0.00424954615454468,-0.13248375797395656,-0.030063875686811806,0.0005910562062400727,4.7663684956282015e-05,-0.1436036732869633,-0.43558872949856914,-1.3114969099460776,-0.2561429816053611,-0.02045693938611093,0.02324911423441639,0.036542270491019206,-4.209731179614253,-5.460583549554625,-1.2360456038629675,0.0018134940060096042,-0.00029688388980673097
3.31,0.004503257050425226,1.4861299213404242,-0.9972310208589211,-0.5396376966521349,0.0004966420167088723,2.0009046250571865e-05,0.008589402149730758,-0.008593974632010717,-0.14102184162717096,-0.0321620314228766,0.0004887179260306977,4.592915186543597e-05,-0.14654559334736034,-0.4023461995186365,-1.173545871653503,-0.23208079857564545,-0.015435042821120959,0.020597544167522852,0.03122689351839472,-4.208581070771789,-5.485603208323507,-1.2413424008169909,0.0012819516637809308,-0.0003029978061758812
3.3200000000000003,0.0045787863906299525,1.4860048826341552,-0.9987161233336358,-0.5399777635238618,0.0005005059162758381,2.0451326178602683e-05,0.0075529340204726625,-0.012503870626893888,-0.14851024747146757,-0.034006687172698884,0.0003863899566965807,4.4227992803081826e-05,-0.1491403657285461,-0.3643126094086096,-1.0276512030805203,-0.20644230418764575,-0.010403074990480432,0.017888069396444384,0.025869354039607183,-4.202576106508747,-5.504074569896019,-1.24496393004549,0.0007535404266646603,-0.0003086953710962077
3.33,0.004643829962937125,1.485845537122789,-1.0002650952887389,-0.5403336105397558,0.0005033489182578074,2.087700784362169e-05,0.006504357230717245,-0.0159345511366133,-0.15489719551031578,-0.03558470158939631,0.0002843001981969294,4.2568166501900886e-05,-0.1513830190254877,-0.3217288821070087,-0.8747972130722881,-0.17944306571582525,-0.005380126054193912,0.015127002540907597,0.02048208550720537,-4.191647716203061,-5.5158573483522595,-1.246879918901163,0.00022942021318523385,-0.0003139550901843795
3.34,0.004698291233022394,1.4856570936937938,-1.0018664791995293,-0.5407024583508122,0.0005051756451789095,2.128657641770109e-05,0.005446127008526919,-0.018844342899521704,-0.16013839107904754,-0.03688478110564412,0.00018267269211021326,4.09568574079397e-05,-0.1532701034033979,-0.27486363025017563,-0.7160101729551821,-0.15130388048735188,-0.00038449914090044057,0.012321105784980746,0.015077374777649035,-4.17576155355468,-5.520855853764661,-1.2470717087396996,-0.0002892862424410286,-0.0003187606318718227
3.35,0.004742098215806216,1.4854451450965938,-1.00350845192079,-0.5410814337461721,0.0005059929146134745,2.1680580982443912e-05,0.004380698278382192,-0.021194859719998297,-0.1641972721260617,-0.037897539535989476,8.172694345649768e-05,3.9400456474282434e-05,-0.15479974341663674,-0.2240136069383952,-0.5523509772553779,-0.1222482631291979,0.004566388548906231,0.00947754904704845,0.009667302967209192,-4.154919518465685,-5.519019681686655,-1.2455324229374944,-0.0008014974419040928,-0.0003231008757038788
3.36,0.004775203360832215,1.485215632308167,-1.005178903935955,-0.541467589184374,0.000505809687024555,2.2059626454335302e-05,0.003310514502599892,-0.022951278842657834,-0.1670452015165171,-0.038615543820186615,-1.8322758891943432e-05,3.790454718913896e-05,-0.1559716766567628,-0.1695040373652404,-0.38490767255666924,-0.0925000400921343,0.009456087474341679,0.0066038628989108505,0.004263688316524015,-4.129161590963076,-5.510344091800863,-1.242267051898634,-0.0013061769409737397,-0.0003269699279966251
3.37,0.004797583325433276,1.484974806163972,-1.0068655199790733,-0.5418579226447213,0.0005046370068250239,2.242436541912808e-05,0.002237996460106118,-0.024082614419503944,-0.1686616043118259,-0.03903334603473203,-0.00011726801995311348,3.647389647927767e-05,-0.15678727499637835,-0.11168876385380443,-0.2147879194999002,-0.06228109148034011,0.014269177643361663,0.003707886653257386,-0.0011219679012788486,-4.098567417057556,-5.494870071521579,-1.2372924533618883,-0.0018023368698683636,-0.0003303671044274497
3.38,0.004809238636506497,1.4847291863083447,-1.008555860483488,-0.5422493976638926,0.000502487936725965,2.2775489920296597e-05,0.0011655311073221208,-0.024561985562743208,-0.1690340504414846,-0.03914750191712946,-0.00021490700990588863,3.5112450116851654e-05,-0.15724954535169308,-0.05095013910067048,-0.04311145154915226,-0.03180927529363853,0.01899130846782704,0.0007977120576401486,-0.006478531373026136,-4.063257587610758,-5.472684082985975,-1.2306372670637895,-0.0022890410906350003,-0.0003332968792744632
3.39,0.004810193243337548,1.484485517548645,-1.0102374433196422,-0.5426389634264194,0.0004993774854973642,2.311372324286924e-05,9.546068310504856e-05,-0.024366875969956136,-0.16815828361540772,-0.03895657625267539,-0.0003110451228600899,3.382333225726428e-05,-0.15736310722230135,0.012301393166677851,0.12899740814688246,-0.0012965635714610735,0.023609215012448614,-0.002118376936447189,-0.011795279598760203,-4.023394554100245,-5.4439174945745545,-1.2223417435940478,-0.0027654079279559123,-0.0003357688011920003
3.4,0.004800493965669148,1.4842507237320017,-1.0118978252968325,-0.5430235747820729,0.0004953225293400022,2.343981173034084e-05,-0.0009699277668399888,-0.023479381664345263,-0.16603819771902634,-0.038461135565345764,-0.00040549561573619626,3.260884874716e-05,-0.1571341447787672,0.07762808452582996,0.30041711364022,0.029052586330283958,0.028110709799454292,-0.005031967820526909,-0.017061940620805162,-3.9791831296024895,-5.408745700833173,-1.212457488083585,-0.0032306124138918946,-0.0003377973756152695
3.41,0.004780209843049614,1.4840318593017447,-1.0135246829196811,-0.5434002120683898,0.0004903417271537065,2.3754516668980724e-05,-0.0020284122619534375,-0.02188644302570761,-0.16268576228487447,-0.037663728631699755,-0.0004980802186295699,3.147049386398842e-05,-0.15657033194450212,0.1445660814500505,0.4700360926855057,0.05904260869179856,0.032484650150569006,-0.007934586026540139,-0.022268724736623426,-3.9308705292905883,-5.367386937383477,-1.20104712018166,-0.003683887993636283,-0.0003394019141251802
3.42,0.004749431393369067,1.4838360587316441,-1.015105891909073,-0.5437659006223787,0.00048445543008362297,2.405860627078703e-05,-0.003077844968054718,-0.01958005701006612,-0.15812089893917838,-0.03656885539889301,-0.0005886297070083556,3.0408960180630816e-05,-0.1556807297373669,0.2126270747662909,0.6367597234997395,0.08848794485954725,0.03672088192030387,-0.010817763636432762,-0.027406348432669408,-3.8787459121547387,-5.320100800062229,-1.1881838525944008,-0.004124527648260201,-0.00034060635137145626
3.43,0.004708269790329591,1.4836704840788708,-1.016629605018846,-0.5441177298717254,0.0004776855858300486,2.435284778367363e-05,-0.00411616030394758,-0.016557465277323703,-0.15237131097729037,-0.03518292493466266,-0.0006769844253574367,2.9424151288659885e-05,-0.1544756560687403,0.28130042473894934,0.7995170478427069,0.11721389429643159,0.04081016136160032,-0.013673109578391011,-0.03246604993817786,-3.8231393943478116,-5.267186480080486,-1.173950991259928,-0.00455188440144814,-0.00034143903044358393
3.44,0.004656855971333807,1.4835422709401322,-1.018084327703108,-0.5444528719024117,0.000470055638315016,2.4637999755274225e-05,-0.005141381899578382,-0.012821313873857489,-0.14547226842619884,-0.03351420306863125,-0.0007629947515032567,2.8515197160059482e-05,-0.15296652920631965,0.3500557757868617,0.9572671824055355,0.14505720516828013,0.04474405772661927,-0.016492380485316427,-0.03743959598692437,-3.764420514346132,-5.208980729399805,-1.158441361012246,-0.004965371190029683,-0.00034193245788855816
3.45,0.004595339688845367,1.483458473138585,-1.0194589912141663,-0.5447685994064217,0.00046159042340608575,2.491480447505067e-05,-0.006151628248844025,-0.008379780154737223,-0.13746635110583055,-0.03157275040101363,-0.0008465214908930274,2.76804719776447e-05,-0.15116568714885603,0.418346162520245,1.1090053967457447,0.17186641487644394,0.04851484000109685,-0.019267551284404823,-0.04231927958524017,-3.702996140775002,-5.145855572748192,-1.1417566613247943,-0.005364460092313577,-0.00034212302989412543
3.46,0.00452388851960807,1.4834260065107903,-1.0207430227372154,-0.5450623029199995,0.00045231606150012256,2.5183980618217524e-05,-0.007145116923729681,-0.0032466627794661175,-0.1284031523049127,-0.029370351357775337,-0.0009274361905963159,2.6917614316685344e-05,-0.1490861861893982,0.48561159622022426,1.2537688324200302,0.19750195693465145,0.052115351861956705,-0.021990884482796687,-0.047097908808929514,-3.639307825030345,-5.07821578471064,-1.1240067574129815,-0.005748680923369094,-0.0003420507314775582
3.47,0.004442686847146166,1.4834515922020477,-1.021926412194663,-0.5453315072696175,0.00044225984786246375,2.5446216114339647e-05,-0.0081201672461904,0.0025585691257471784,-0.11833894574475264,-0.02692043496180492,-0.0010056213637658817,2.6223549612212248e-05,-0.14674158290932654,0.5512831083956617,1.390641844326481,0.2218360559942063,0.055538879499315685,-0.024654997017394126,-0.051768786882755394,-3.5738286124627567,-5.006496152101254,-1.1053089126021396,-0.006117619221981985,-0.00034175881083338373
3.48,0.004351934833653556,1.4835416999138609,-1.0229997753798603,-0.5455738871493114,0.00043145014169513295,2.570216126329902e-05,-0.009075201349261005,0.00901077118132577,-0.10733631851974157,-0.024237987969391188,-0.00108097061673308,2.5594514895937243e-05,-0.14414570470110996,0.6147872159432384,1.5187609513856146,0.2447524375094492,0.05877901732852109,-0.027252923460887646,-0.05632568402636047,-3.5070593375955488,-4.931158543336224,-1.085786968423206,-0.006470913669530558,-0.00034129343128928857
3.49,0.004251847397671558,1.483702491578075,-1.023954413106683,-0.545787281759234,0.00041991625496721444,2.5952422121615218e-05,-0.010008743598199811,0.01607916642140538,-0.09546377268226863,-0.02133946099225759,-0.001153388672791853,2.5026085831619776e-05,-0.1413124146182465,0.6755507609955805,1.6373193893884308,0.26614588232064573,0.061829536813371444,-0.02977817432775702,-0.06076280177257547,-3.4395244403350493,-4.852688807765343,-1.0655704793743865,-0.0068082529959674586,-0.0003407033035877355
3.5,0.004142653213824161,1.4839397659574585,-1.0247823660875692,-0.5459697084411315,0.00040768834207731224,2.619755418277879e-05,-0.010919418384739655,0.0237274379383486,-0.08279529808864416,-0.018242668189749536,-0.001222791288990221,2.4513206116356954e-05,-0.13825537685818542,0.7330060680168357,1.7455712639156098,0.2859216593828302,0.06468426361854152,-0.03222478821318875,-0.06507473067133004,-3.3717673511135353,-4.771593528878968,-1.0447938096761262,-0.007129372441963684,-0.00034003930144262313
3.5100000000000002,0.004024593750311468,1.4842589046913996,-1.025476465278059,-0.5461193752518905,0.0003947972914290829,2.6438056376239824e-05,-0.011805946351269306,0.0319138733941237,-0.06940991904897822,-0.014966681075904256,-0.0012891050648229311,2.4050219346103582e-05,-0.13498782946789162,0.7865963513287532,1.8428353055637372,0.30399487178501605,0.06733696810401757,-0.03458737653410429,-0.06925640247881372,-3.30434550310372,-4.688396655987293,-1.0235951996434152,-0.007434049858614918,-0.0003393540635072193
3.52,0.003897922358857075,1.4846648203172603,-1.0260303774504156,-0.5462346924213353,0.0003812746199840149,2.6674365410897615e-05,-0.012667139145439328,0.040591562586073625,-0.055391217235659075,-0.011531716944480214,-0.0013522671445068044,2.3630903465779233e-05,-0.13152237090195618,0.835781298206045,1.9284982331614127,0.3202897521589003,0.06978127377727256,-0.0368611597262096,-0.07330303809194681,-3.237825038798531,-4.603636039377608,-1.0021158095002896,-0.0077221015365069035,-0.0003387015850245532
3.5300000000000002,0.003762903430380059,1.4851619068022455,-1.0264386457825183,-0.5463142826450756,0.00036715237180990945,2.6906850490265693e-05,-0.01350189284770161,0.04970864849851484,-0.04082683321027682,-0.007959022374038748,-0.0014122248174105432,2.3248507936807952e-05,-0.12787076685163049,0.8800427461273985,2.00201773314214,0.3347389435253252,0.07201058774517144,-0.03904199389154728,-0.07721009261842447,-3.1727752861202245,-4.517859894105366,-0.9804987485644654,-0.007993377864033025,-0.000338136802509096
3.54,0.0036198116278488538,1.485753993117003,-1.0266967252708743,-0.546356990167448,0.0003524630215690897,2.7135808427842214e-05,-0.01430918025312053,0.059208631475749,-0.02580794883559996,-0.004270752237238176,-0.0014689350240819777,2.289579375765187e-05,-0.12404378330280734,0.9188903678237359,2.062925064721283,0.3472828005807216,0.07401805648429882,-0.04112638708222119,-0.08097319906918435,-3.109763085599633,-4.431623217485341,-0.9588880977355948,-0.00824775892034656,-0.00033771517482523907
3.5500000000000003,0.0034689312056185653,1.4864443003703183,-1.0268010127984264,-0.5463618886135062,0.0003372393837886414,2.7361459192501363e-05,-0.015088042223028866,0.06903072533153348,-0.010428752755206867,-0.0004898446058167341,-0.001522363778044827,2.2565076465914775e-05,-0.12005105108762051,0.951867274511059,2.110827300988759,0.3578687444739117,0.07579654940434588,-0.04311150464632657,-0.08458811222072266,-3.0493470548710273,-4.345484185041379,-0.9374279331303949,-0.008485150110990037,-0.0003374922639822573
3.56,0.003310555422113466,1.4872354030041215,-1.0267488717089825,-0.5463282875326794,0.0003215145286286045,2.7583941914844698e-05,-0.015837578350509942,0.07911026338031946,0.005214108944395638,0.0033601080826823333,-0.0015724855160036933,2.2248272234333557e-05,-0.11590096629389994,0.978555446181552,2.1454092155287734,0.3664507012684357,0.07733867175133419,-0.044995163342452654,-0.08805065421751955,-2.992071879622187,-4.2600005491725454,-0.9162613585256673,-0.008705477953910367,-0.00033752331885778376
3.5700000000000003,0.0031449860500608554,1.488129194519644,-1.0265386507607843,-0.5462557376202107,0.00030532170471669694,2.7803311386326156e-05,-0.016556937205261062,0.08937915155224403,0.021022094819816706,0.007254991246868684,-0.0016192823911907546,2.193694714814583e-05,-0.11160062982476278,0.998580898069329,2.1664348227850048,0.3729886506567546,0.07863680742107532,-0.04677581423886795,-0.09135666346898422,-2.938462721124683,-4.1757260641259375,-0.8955295540012063,-0.008908686120160412,-0.00033786286489503404
3.58,0.0029725329856870137,1.4891268581691686,-1.0261696973522447,-0.5461440345859233,0.0002886942694545233,2.801953508351422e-05,-0.017245306437384166,0.099766364952457,0.03689534085395448,0.011170303428742069,-0.001662743526217366,2.1622369718806582e-05,-0.10715582820042141,1.0116184943934146,2.1737485782315966,0.37744830714428623,0.07968319126569429,-0.04845251473890311,-0.09450194834052786,-2.889019829492427,-4.093206960058609,-0.8753708478256552,-0.009094731827106801,-0.0003385643025982256
3.59,0.0027935139554311496,1.4902288430037793,-1.025642364933516,-0.5459932216433461,0.0002716656270256545,2.823249075001245e-05,-0.01790190302558639,0.11019848346107416,0.052733241872875466,0.015081294257719858,-0.0017028642428868744,2.1295566649822735e-05,-0.10257105641335809,1.0173963241732913,2.1672762416290667,0.37980095099521627,0.08047000951104566,-0.05002489040043462,-0.09748224704494263,-2.844213448869735,-4.012978488048683,-0.8559198182076679,-0.009263582672493479,-0.0003396795173828725
3.6,0.0026082543159014686,1.4914348456163546,-1.0249580145386372,-0.5458035905958851,0.0002542691741563108,2.8441964568268964e-05,-0.01852596395296812,0.12060026125752724,0.0684350394878877,0.018963104746093,-0.001739645286934376,2.0947381825651694e-05,-0.0978495823365858,1.0156995592447808,2.1470254034307303,0.3800234208158422,0.08098952599291703,-0.05149308752803966,-0.10029319500919234,-2.8044790958733294,-3.9355615569022486,-0.8373064310515701,-0.009415213985422681,-0.00034125850303185607
3.61,0.0024170869400702458,1.4927437978614178,-1.0241190103948767,-0.545575681500667,0.00023653825350065399,2.8647649952720647e-05,-0.019116737583122274,0.1308952245063015,0.08390041437603928,0.02279090952180597,-0.0017730920655656818,2.0568538445168406e-05,-0.09299355089315364,1.006373721495975,2.1130856709456514,0.37809827388804607,0.08123423109098554,-0.05285771779714274,-0.10293030082476486,-2.7702132858927437,-3.86145948151936,-0.8196552193214205,-0.009549606755483135,-0.00034334900067513574
3.62,0.0022203521801600723,1.4941538607701486,-1.023128709588856,-0.5453102808950246,0.00021850611435086259,2.8849146994402352e-05,-0.019673475991017365,0.14100629087308097,0.09903008060208968,0.026540060564235524,-0.0018032139149791403,2.0149704168170357e-05,-0.08800412497036594,0.9893272946854803,2.065628507383237,0.3740141143767861,0.08119700951466152,-0.0541197964041141,-0.105388931689357,-2.7417697734246493,-3.7911548614463637,-0.8030845090408691,-0.009666746184236288,-0.00034599615486257654
3.63,0.002018397895383273,1.4956624248107804,-1.0219914457933992,-0.5450084185754467,0.00020020588021281844,2.9045962585278583e-05,-0.020195428477679904,0.15085640406318684,0.11372637954566711,0.03018623195779913,-0.0018300234138044138,1.9681559087623213e-05,-0.08288165894809078,0.9645336258784905,2.00490671359937,0.367766083489391,0.08087132249327628,-0.055280675415766534,-0.10766430901735793,-2.7194563626571115,-3.725106607067165,-0.7877056963499447,-0.009766620884526567,-0.0003492421879485769
3.64,0.0018115795307249985,1.4972661165727672,-1.020712507085067,-0.5446713629242663,0.00018167052264641986,2.9237511248105507e-05,-0.020681836465827465,0.1603691761986902,0.12789387083322015,0.0337055651180417,-0.0018535357566398585,1.915486628269247e-05,-0.07762589974363635,0.9320320723990007,1.9312535394640917,0.3593564996541545,0.08025139945678456,-0.05634197410440264,-0.10975151464082519,-2.7035323332508594,-3.6637471296825055,-0.7736225794155518,-0.009849222733155066,-0.0003531260936673929
3.65,0.0016002602313619275,1.4989608118786282,-1.0192981079101542,-0.5443006147854956,0.0001629328406494971,2.9423116694593458e-05,-0.021131929936307105,0.16946953058609016,0.1414399174912781,0.037074813877073995,-0.0018737681996922745,1.8560544648794898e-05,-0.072236209486408,0.8919283620903732,1.8450814094567551,0.3487956310213196,0.07933243397436501,-0.05730550809826948,-0.11164550774707364,-2.6942065139448577,-3.6074797105000957,-0.7609307483614416,-0.009914547361974368,-0.0003576833504625426
3.66,0.0013848109761260992,1.5007416552514359,-1.0177553552867293,-0.543897899898076,0.00014402544476937074,2.960201413100976e-05,-0.021544925523582826,0.17808433728077305,0.15427526234248845,0.04027148874195569,-0.0018907395880126355,1.7889743641630307e-05,-0.06671180334614688,0.8443941474288379,1.746880245556503,0.3361025771532198,0.07811077855142845,-0.05817321914896548,-0.11334115241045964,-2.6916360235348895,-3.5566760623127607,-0.7497170357571092,-0.009962595252117002,-0.00036294565485521036
3.67,0.001165610712687957,1.502603085589772,-1.0160922093620592,-0.5434651599024429,0.00012498074505855816,2.9773353326140973e-05,-0.021920026343814233,0.18614303383360856,0.1663145924669999,0.04327399956330442,-0.0019044699710812584,1.7133919513121268e-05,-0.061051995663264226,0.7896657474495008,1.63721536987118,0.321306231877581,0.0765841328760464,-0.058947107221751366,-0.11483325528240054,-2.6959256852541102,-3.5116740963764586,-0.7400590295938312,-0.009993373376588203,-0.00036894067490644676
3.68,0.0009430464768621701,1.5045388678269023,-1.0143174384784803,-0.5430045419446953,0.00010583094195222242,2.9936202451731926e-05,-0.022256423582578684,0.19357822371302,0.17747708835789408,0.04606179577476995,-0.0019149803106335737,1.6284912559095166e-05,-0.05525644737560376,0.7280420853144255,1.516724969866781,0.30444629499927167,0.07475172025161722,-0.059629166457489585,-0.1161166127141969,-2.707128106960607,-3.4727759057137426,-0.7320246500898004,-0.010006897318587825,-0.00037569182365599426
3.69,0.0007175134786386545,1.5065421302782473,-1.012440568936281,-0.5425183869117955,8.66080191348234e-05,3.0089552700153656e-05,-0.022553299822351557,0.2003262451345154,0.1876869542199391,0.04861550328997537,-0.0019222922817399015,1.533502484217306e-05,-0.04932540780173236,0.6598818434449897,1.3861171105884686,0.2855742970844597,0.07261444725185712,-0.0602213263471201,-0.11718606631157248,-2.725244406155035,-3.440245974758275,-0.7256717911135318,-0.010003193777398304,-0.0003832180523137427
3.7,0.0004894151382004195,1.5086054073122315,-1.0104718296792257,-0.542009216341044,6.7343737481207e-05,3.0232323678148938e-05,-0.02280983404382349,0.20632770339841872,0.19687392570553894,0.050917057075145815,-0.0019264281653616406,1.4277097799528213e-05,-0.043259944118917995,0.5855998722077826,1.2461662809388174,0.2647545989675759,0.07017504207836989,-0.06072539921419538,-0.11803656566824001,-2.7502255460583376,-3.4143096239194235,-0.7210480265028243,-0.009982303361160644,-0.0003915336629426466
3.71,0.00025916305628716473,1.5107206869155543,-1.008422092166627,-0.5414797180574844,4.8069629201254375e-05,3.0363369569098245e-05,-0.023025208191325478,0.21152796033227284,0.20497375125987774,0.05294982835596294,-0.0019274108279952623,1.310458909493083e-05,-0.03706215235071827,0.5056629019208894,1.097709464906031,0.2420653260259913,0.06743816768004468,-0.06114303483044868,-0.11866323680841731,-2.781974237111119,-3.395151696281059,-0.7181903810914979,-0.009944283556939871,-0.00040064814040536407
3.72,2.717690476401158e-05,1.5128794626660667,-1.0063028057349481,-0.5409327306037922,2.8816991384593264e-05,3.048148604938666e-05,-0.023198615152315315,0.21587757505123856,0.2119286431678884,0.05469874536921978,-0.001925263781666111,1.1811648028841586e-05,-0.03073534433450816,0.42058462115045464,0.9416417335328395,0.21759919680163442,0.064410506389686,-0.061475682711836316,-0.11906145469455721,-2.82034734762808,-3.3829154922550466,-0.7171251658422322,-0.009889211763603821,-0.00041056600344849324
3.73,-0.0002061157748882072,1.5150727895758576,-1.0041259287912778,-0.5403712265384282,9.616878229457975e-06,3.058541793719113e-05,-0.023329267965221875,0.21933269097910107,0.2176876943670397,0.05615040653640802,-0.0019200113155135288,1.039318878044674e-05,-0.024284205949635016,0.330920196604945,0.7789113593124218,0.19146420619185855,0.06110081362837142,-0.06172456236938219,-0.1192269180349748,-2.8651587582361904,-3.3777019565895676,-0.7178678761239257,-0.009817188272494585,-0.00042128667496207787
3.74,-0.0004402798752880656,1.517291343224884,-1.0019038562200868,-0.5397982946892284,-9.499908656241204e-06,3.0673867544417566e-05,-0.023416410039985843,0.22185536490264723,0.22220725711909642,0.05729318491998457,-0.0019116786885699179,8.844960722643823e-06,-0.01771492282374604,0.2372603211038404,0.6105144614328524,0.16378412525908148,0.05751993909495945,-0.06189064153624692,-0.11915572456308117,-2.916182587385988,-3.379569120690311,-0.7204231518672426,-0.009728339084764118,-0.00043280437166862585
3.75,-0.0006748731368105419,1.5195254815723718,-0.9996493434228203,-0.5392171214609693,-2.850283237739405e-05,3.0745503694681346e-05,-0.023459326152247634,0.22341383474876536,0.22545127972664708,0.0581173228258999,-0.0019002923721152846,7.1636150263776645e-06,-0.011035270766546023,0.14022488579793993,0.43748919769749367,0.13469878270201807,0.05368081476946103,-0.06197462216930209,-0.11884444495969729,-2.973156709842481,-3.3885318017563084,-0.7247847980819322,-0.009622818462468067,-0.0004451080137526061
3.7600000000000002,-0.0009094466763704293,1.5217653088099665,-0.9973754274464177,-0.5386309713065724,-4.736163566945705e-05,3.079897136223748e-05,-0.023457353955988736,0.22398272375948078,0.22739159764026357,0.058615015439691616,-0.0018858803292063002,5.346766755613299e-06,-0.004254669273244607,0.04045638075805208,0.26090952680792145,0.10436409713900785,0.049598409982962464,-0.061976933839350906,-0.11829019365382865,-3.0357864867687114,-3.4045615587726124,-0.7309358640222474,-0.009500811122755921,-0.00045818115522334643
3.77,-0.0011435456338801746,1.5240007406077225,-0.9950953456910997,-0.5380431664822805,-6.604635885586258e-05,3.083290187873556e-05,-0.02340989575097453,0.22354317977558935,0.2280081755318025,0.058780482429194335,-0.0018684723186405535,3.3930516498083727e-06,0.0026158024416302176,-0.06138686604860155,0.0818785727816981,0.07295183451768616,0.045289654708919325,-0.06189773398412031,-0.1174906948635983,-3.1037486248805806,-3.427586903952343,-0.7388487791389218,-0.009362534000245889,-0.0004720019360943617
3.7800000000000002,-0.0013767099362878184,1.5262215701017496,-0.9928224527190134,-0.5374570662171285,-8.452736096299589e-05,3.084592364671624e-05,-0.023316430240764383,0.22208294940271853,0.22728929720863342,0.05861002651519588,-0.0018481002107133301,1.3021767980685232e-06,0.0095634263115646,-0.16463749775328437,-0.09847836867031545,0.040649071067576314,0.04077333307873153,-0.06173691440370099,-0.11644434242288414,-3.1766950831788354,-3.4574937667958503,-0.748485543853174,-0.00920823752123363,-0.0004865430577425224
3.79,-0.001608475176530511,1.528417533980759,-0.9905701357129083,-0.5368760454361085,-0.00010277534398933547,3.0836673291007224e-05,-0.02317652402426926,0.21959638790094116,0.22523170061050096,0.05810207810200933,-0.0018247983026339588,-9.250355709015269e-07,0.016573901556756216,-0.26862587077070926,-0.2790211342039167,0.007657349069975838,0.03606994988524946,-0.06149411332824072,-0.11515025217267712,-3.254256948889341,-3.4941262065514156,-0.759797973124387,-0.009038206353913019,-0.0005017717830631418
3.8000000000000003,-0.00183837360231543,1.530578378047616,-0.9883517291572961,-0.5363034731843873,-0.00012076138021290507,3.0803807171749866e-05,-0.022989842578491904,0.21608440668571247,0.2218406555612225,0.05725722517211599,-0.0017986036223569602,-3.2866119257359636e-06,0.02363143348410759,-0.37268661688654725,-0.45860225249709285,-0.02580847978570855,0.03120157348445189,-0.061168732377989976,-0.11360830596863354,-3.336048209337405,-3.537287367535992,-0.7727279907520463,-0.008852759620332107,-0.0005176499632447316
3.81,-0.0020659352074309557,1.5326939216609026,-0.9861804293329418,-0.5357426909065748,-0.00013845694232095934,3.074601317582903e-05,-0.02275616051155256,0.2115543613286451,0.21712998243542242,0.05607822778125098,-0.0017695562108054263,-5.779399592083331e-06,0.03071885147132759,-0.4761649161647045,-0.6360746981908442,-0.0595217207981622,0.026191659011863627,-0.0607599577597613,-0.11181918665497957,-3.421669353357447,-3.5867406705215243,-0.7872079723468988,-0.008652250577367017,-0.0005341340931345205
3.8200000000000003,-0.0022906889163559637,1.5347541204996673,-0.9840692092285602,-0.5351969907401709,-0.00015583393606061926,3.066202269712563e-05,-0.022475370892500814,0.20601988387647213,0.21112201043815843,0.054570016640384966,-0.001737699373965992,-8.399047870340172e-06,0.037817751932356584,-0.5784223785139055,-0.810299773309141,-0.09324560170154683,0.021064856181128855,-0.06026678509283409,-0.10978440366561881,-3.5107107442562597,-3.6422112322256366,-0.8031611349187868,-0.008437065794564278,-0.0005511753972400025
3.83,-0.0025121638513223013,1.5367491271410827,-0.9820307344808282,-0.5346695939858078,-0.00017286473504116737,3.055062271039754e-05,-0.02214749349663378,0.19950066414153578,0.20384747477319537,0.052739675436303,-0.0017030798980548123,-1.1139998672809356e-05,0.04490866150082396,-0.6788424413143181,-0.9801550450204105,-0.1267353184408977,0.015846806116719875,-0.05968804732249325,-0.10750630922120816,-3.6027557160229993,-3.7033875038746413,-0.8205019710512428,-0.00820762387533276,-0.000568719948403041
3.84,-0.002729890669730176,1.5386693489944356,-0.9800772809549967,-0.5341636299186112,-0.00018952221726941594,3.0410667838848447e-05,-0.02177268184078745,0.19202218533528514,0.1953453525831531,0.05059640671965716,-0.001665748222824857,-1.3995487154909315e-05,0.05197121529128984,-0.7768352025301912,-1.1445422655623871,-0.15974033485077044,0.010563931687524647,-0.05902244525121514,-0.10498810538152238,-3.6973833550990167,-3.7699231188388898,-0.8391367256582123,-0.007964373783818575,-0.000586708821085565
3.85,-0.002943402958939326,1.5405055031944186,-0.9782206545732937,-0.5336821151048624,-0.00020577980296976418,3.0241092311683282e-05,-0.021351228920915025,0.18361541999830042,0.1856626381702991,0.048151481374881254,-0.0016257585700348235,-1.6957552716516483e-05,0.058984344915348715,-0.8718416229649097,-1.3023951984903939,-0.19200690263470932,0.005243225660840178,-0.0582685802875319,-0.10223384247226623,-3.7941709412517484,-3.8414389384765295,-0.8589639133387126,-0.007707792852186621,-0.0006050782810174116
3.86,-0.003152238674966433,1.5422486681205243,-0.9764721139869101,-0.533227933386099,-0.00022161149323032456,3.004092170527832e-05,-0.020883571602710687,0.174316492610575,0.1748540586383569,0.04541817187634621,-0.0015831690260560377,-2.0017060640496034e-05,0.06592647094604816,-0.9633370473973227,-1.4526872751718816,-0.22328076160450383,-8.795930289146048e-05,-0.05742498907333268,-0.09924840962308389,-3.892696032600633,-3.9175252845595967,-0.8798748743540021,-0.007438384551462887,-0.0006237600126793182
3.87,-0.0033559416115021153,1.5438903312758514,-0.9748422966696968,-0.5328038166888427,-0.00023699190902514884,2.9809284360102375e-05,-0.02037029365356824,0.16416631553270308,0.16298173172133723,0.04241166972563052,-0.0015380415794824266,-2.3163734517594596e-05,0.07277569473539534,-1.0508340118405426,-1.5944390066168643,-0.2533099746374985,-0.005402115223120119,-0.05649017969629533,-0.0960375183199552,-3.9925381912846762,-3.9977443459881172,-0.9017543672426871,-0.00715667611327678,-0.0006426813857326815
3.88,-0.0035540628858953863,1.5454224333261068,-0.9733411489879634,-0.5324123268123248,-0.00025189633018875095,2.9545422365281634e-05,-0.01981212743932711,0.1532102050255533,0.15011476817333683,0.039148987651790944,-0.0014904421163602123,-2.638619948207414e-05,0.07950998488524126,-1.1338843225837627,-1.7267250782447885,-0.2818478474457393,-0.010671774885747332,-0.05546266922190596,-0.09260767998451279,-4.093280357324018,-4.081632746912739,-0.9244811960569208,-0.006863216089719052,-0.00066176576107134
3.89,-0.003746162429302616,1.5468374081663214,-0.9719778607712377,-0.532055838338962,-0.00026630073396078106,2.9248702003752948e-05,-0.019209954340722944,0.14149748402145632,0.13632882167256746,0.03564884733627432,-0.001440440377203011,-2.9672036152868503e-05,0.08610735423224376,-1.2120804114645654,-1.8486810589430556,-0.30865588006783184,-0.01586969700291807,-0.05434102228821114,-0.0889661786424468,-4.194509888620897,-4.168704262868849,-0.9479288701431149,-0.006558571934251409,-0.0006809328366704716
3.9,-0.003931810469013397,1.5481282189470993,-0.9707608048739014,-0.5317365228030316,-0.00028018183277325596,2.8918623553323345e-05,-0.018564803971078108,0.12908107807778835,0.12170558973362951,0.03193155359303126,-0.0013881098812474897,-3.3007845042960104e-05,0.0925460239079414,-1.28505599038216,-1.9595096606156748,-0.3335066951897261,-0.020969038668540385,-0.05312389049595223,-0.08512103973370448,-4.295819294511828,-4.2584526710588495,-0.97196629430033,-0.0062433276785211775,-0.0007000990328570576
3.91,-0.004110588991989664,1.5492883900525327,-0.9696974821777445,-0.5314563342421381,-0.00029351711101712917,2.8554830342647906e-05,-0.01787785229762678,0.11601711054334517,0.10633226961568341,0.028018856089346796,-0.0013335278243873188,-3.637932106754383e-05,0.09880457184364,-1.3524860458099521,-2.058486490185039,-0.3561868879399217,-0.025943514011201763,-0.05181005230219432,-0.08108099605245067,-4.396806698605647,-4.3503547204853925,-0.9964584870269126,-0.0059180817685767695,-0.000719177916039959
3.92,-0.004282093179823009,1.550312035076767,-0.9687944724412084,-0.5312169962438261,-0.00030628486059576586,2.815711696613066e-05,-0.01715041878333447,0.10236450242342976,0.09030097365361255,0.023933799831199042,-0.0012767749578636712,-3.977133765172444e-05,0.10486206397086212,-1.414086230420459,-2.1449652425057497,-0.3764997427168222,-0.03076753861124648,-0.05039845308765595,-0.07685545169134342,-4.497076073648043,-4.443873207219679,-1.0212673244104546,-0.005583445110015316,-0.0007380806593306111
3.93,-0.004445932806561104,1.5511938808943688,-0.9680573913530175,-0.5310199905862619,-0.0003184642151464425,2.7725436567995818e-05,-0.01638396267380951,0.088184581760179,0.07370810881909184,0.019700565756418664,-0.0012179354550676666,-4.316803981348439e-05,0.11069816728323179,-1.4696117233523784,-2.218382289661261,-0.39426776488947546,-0.03541635987325381,-0.04888824502674055,-0.07245444471147448,-4.5962372967122525,-4.538460139668515,-1.0462523070286056,-0.005240039355786792,-0.0007567165378729054
3.94,-0.004601733592110082,1.5519292879601025,-0.9674908540966686,-0.5308665475574821,-0.0003300351828836118,2.725990711319963e-05,-0.01558007855489778,0.0735407065733609,0.05665372563488663,0.015344302877984217,-0.001157096773716931,-4.655294547961869e-05,0.11629324483447906,-1.5188556426603859,-2.2782606294650223,-0.40933497870100055,-0.039866174102287766,-0.04727882634581071,-0.067888609077005,-4.693906077042541,-4.6335599782683605,-1.0712713470107094,-0.004888495453552899,-0.0007749934560976412
3.95,-0.004749138505121081,1.5525142670057017,-0.9670984456785034,-0.5307576380225084,-0.0003409786780857504,2.6760816571364797e-05,-0.014740491301099983,0.05849790455991759,0.03924084181651223,0.010890953497370369,-0.0010943495202138593,-4.9909054183483126e-05,0.12162843361041739,-1.5616471026946352,-2.324213163462132,-0.4215689474167448,-0.04409423150396763,-0.04556987951932273,-0.06316913619387886,-4.789703811328081,-4.728612933574428,-1.0961815721661283,-0.004529452452496244,-0.0007928185035366902
3.96,-0.004887809010357524,1.5529454923242654,-0.9668826982165046,-0.5306939672918731,-0.0003512765513077512,2.622862694940994e-05,-0.013867050523644293,0.04312253185636905,0.021574746199878873,0.006367073063527598,-0.0010297873222000812,-5.321896219548571e-05,0.1266857069933261,-1.5978490152743559,-2.3559452821888676,-0.43086247740884076,-0.048078930696156985,-0.04376140792638905,-0.058307736187217324,-4.883257422053912,-4.823058306222862,-1.1208401438188655,-0.0041635565531034655,-0.0008100985352870276
3.97,-0.0050174262564649805,1.55322031184683,-0.9668450753301815,-0.5306759708290052,-0.000360911618450032,2.5663977118890182e-05,-0.012961724610745715,0.027481952256463812,0.0037622886323153797,0.00179964628679225,-0.0009635067142280824,-5.646498305197569e-05,0.13144792420170415,-1.6273557363677407,-2.3732567427276314,-0.43713497442914573,-0.05179990457552697,-0.04185377047996708,-0.05331659885424353,-4.974199233891394,-4.916337851724365,-1.1451050847052828,-0.0037914603684684766,-0.0008267407727160776
3.98,-0.005137692200788665,1.5533367542205991,-0.9669859637145907,-0.5307038118177122,-0.00036986768885129655,2.50676843951228e-05,-0.012026594432368523,0.011644237376910092,-0.014088838440922694,-0.0027840988706999423,-0.0008956070401264506,-5.9629272376738014e-05,0.1358988696087887,-1.650090659515276,-2.3760428306109738,-0.44033342750086035,-0.05523809951666081,-0.03984771374619189,-0.048208354050253324,-5.062166940911853,-5.0078991525042,-1.168836112998774,-0.0034138223527444785,-0.0008426534195568361
3.99,-0.005248330668377968,1.5532935330946536,-0.9673046719242843,-0.5307773805948609,-0.00037812959259229945,2.4440744836795922e-05,-0.011063846758930252,-0.004322112594562905,-0.03187082096936268,-0.007356877714874393,-0.0008261903741002875,-6.269395583268799e-05,0.140023285198488,-1.6660038534964323,-2.3642948047851635,-0.44043300355303217,-0.05837584989562261,-0.03774440109563609,-0.04299603111442083,-5.146803713817997,-5.097198979047335,-1.1918954782292983,-0.003031306342073096,-0.0008577462881617712
4.0,-0.005349088342570099,1.5530900488074,-0.9677994363363754,-0.5308962959375053,-0.0003856832072018074,2.3784332246793803e-05,-0.010075767419213054,-0.020348428725357467,-0.04947644120911788,-0.011891534264440257,-0.0007553614609507953,-6.564125900021207e-05,0.14380689959233098,-1.6750698349241446,-2.3380996306138333,-0.4374372438722123,-0.06119694982446344,-0.035545438470822976,-0.037693016828773594,-5.2277584914948605,-5.183706621455061,-1.2141487945744232,-0.0026445811460709557,-0.0008719314303753201
4.01,-0.005439735684557064,1.5527263876514605,-0.9684674342065117,-0.5310599081783149,-0.000392515483942718,2.3099795867262098e-05,-0.009064734198696533,-0.03636611559394877,-0.0667997870136305,-0.016361224080967008,-0.0006832276740910573,-6.845363795317061e-05,0.14723645706971675,-1.677285556842034,-2.2976390117632692,-0.43137786150256296,-0.06368672376688911,-0.03325289641040596,-0.03231301133410586,-5.304686495110843,-5.266907172191257,-1.235465866719999,-0.002254320124046858,-0.0008851237672508147
4.0200000000000005,-0.005520067779127118,1.5522033188672795,-0.9693048036778533,-0.5312673041083875,-0.0003986144738262535,2.2388656774322132e-05,-0.008033209457005391,-0.05230687841811037,-0.08373694713416195,-0.020739593007254423,-0.0006098989883535526,-7.111390929399665e-05,0.15029974980637573,-1.6726686823765242,-2.243187737278752,-0.4223141466725213,-0.06583209738650664,-0.030869328042017807,-0.02686998140547735,-5.377249995891955,-5.346304740317695,-1.2557215032311246,-0.0018612006797094492,-0.0008972417116830607
4.03,-0.005589905103362236,1.5515222894877136,-0.9703066705516423,-0.5315173136125304,-0.0004039693534562865,2.1652602990170526e-05,-0.006983732423511805,-0.06810293795658517,-0.10018668737889536,-0.025000950414293607,-0.0005354879630032965,-7.360537841516041e-05,0.15298565618154403,-1.6612561985115522,-2.1751113652609226,-0.41033199500985873,-0.0676216695724049,-0.028397782829279683,-0.021378110519385138,-5.445119359704773,-5.42142557711505,-1.2747963121458183,-0.001465903611206999,-0.0009082077779552041
4.04,-0.005649094214507812,1.550685417123671,-0.9714671815790499,-0.5318085179690072,-0.00040857045074588037,2.0893483342417723e-05,-0.0059189111145576,-0.08368723640427225,-0.11605110274075969,-0.029120435647680725,-0.0004601097289593892,-7.591196477528023e-05,0.15528418746813638,-1.6431034096170511,-2.093863269321376,-0.39554258054674385,-0.06904578610743517,-0.025841815940880253,-0.01585174522444912,-5.507974382886349,-5.491821092689187,-1.2925774733130568,-0.0010691122597807088,-0.0009179491722096903
4.05,-0.00569750835256081,1.5496954807469363,-0.9727795439880965,-0.532139259733671,-0.0004124092704764004,2.0113300112283402e-05,-0.004841413805299817,-0.0989936376734737,-0.13123624090465974,-0.03307417646638707,-0.0003838819730520039,-7.801832301343228e-05,0.15718654454381878,-1.6182833340114826,-1.9999810784843706,-0.3780807021497843,-0.07009661491061947,-0.023205493181784165,-0.01030533745485357,-5.565505924533653,-5.557070743000185,-1.3089594818513204,-0.0006715114098395736,-0.0009263983579485197
4.0600000000000005,-0.005735047952407279,1.548555909492156,-0.9742360709169048,-0.5325076541174572,-0.0004154785195889856,1.931420052454189e-05,-0.0037539599846468904,-0.1139571254780365,-0.1456526928808321,-0.036839438378615905,-0.0003069249112585193,-7.990995877415126e-05,0.15868518547202673,-1.5868865101274858,-1.8940825454169934,-0.35810283798342724,-0.07076822221834944,-0.020493391495072788,-0.004753382595776045,-5.617417830905172,-5.616784766753299,-1.3238448570108663,-0.0002737859054794904,-0.0009334935908470328
4.07,-0.005761641059644258,1.547270769466993,-0.975828232385692,-0.5329116017564502,-0.00041777213201216954,1.8498467142770285e-05,-0.0026593107236978844,-0.12851400251631007,-0.15921614687872446,-0.04039476389930894,-0.00022936124231839482,-8.157333817716041e-05,0.15977390393203172,-1.5490212023218772,-1.7768608818835705,-0.3357849476441146,-0.07105664848937687,-0.017710595095815185,0.0007896466845767038,-5.663429137895804,-5.670606751784152,-1.337144810689443,0.00012338103713626806,-0.0009391794174260928
4.08,-0.00577724364361222,1.545844748529091,-0.9775467114050032,-0.533348802765251,-0.000419285292741748,1.7668507243379276e-05,-0.0015602583967962399,-0.1426020937901955,-0.17184790193110502,-0.043720100880069945,-0.00015131607295784452,-8.299598993910084e-05,0.160447917561662,-1.5048139805383225,-1.6490796040668496,-0.31132006584932626,-0.07095998225182265,-0.014862687333582703,0.00630937059006593,-5.703276527934928,-5.718216010978796,-1.3487798698829279,0.0005193098261448865,-0.0009434071324665455
4.09,-0.005781839800709568,1.5442831389619638,-0.9793814647869729,-0.5338167719571815,-0.00042001446080361084,1.682684125099534e-05,-0.00045961570973475883,-0.15616095671271019,-0.18347533819696657,-0.04679691919305065,-7.29168061862871e-05,-8.416659923839356e-05,0.16070396435260267,-1.4544106333724887,-1.5115669339417752,-0.28491573466667397,-0.07047842957980299,-0.011955738397976423,0.01179157584539707,-5.736717008344123,-5.7593297484136805,-1.3586804474545775,0.0009133267868315108,-0.0009461351904624605
4.1,-0.005775441840824171,1.542591817960359,-0.9813217882000702,-0.5343128551090217,-0.00041995739065129033,1.597609032591727e-05,0.0006397959885396578,-0.1691321001604696,-0.19403234130974018,-0.04960831518402026,5.707015232049676e-06,-8.50750925078072e-05,0.16054040434578692,-1.3979773610137087,-1.3652098061239952,-0.256791323415702,-0.0696143764188294,-0.008996288977741046,0.01722229209430932,-5.763530769395444,-5.793704997296091,-1.3667873557830204,0.0013047667216324757,-0.0009473295668895719
4.11,-0.005758090249755981,1.5407772258199766,-0.9833563849859667,-0.5348342461434681,-0.00041911315148150403,1.5118963201505241e-05,0.0017351591068189595,-0.18145921403825277,-0.20345967858964337,-0.052139103444638756,8.442391697863263e-05,-8.571271244120276e-05,0.15995732305204036,-1.3357021833970224,-1.2109475325288719,-0.22717528639373352,-0.06837244059711611,-0.005991329961074016,0.022587870060978916,-5.783524172251846,-5.821140312442385,-1.3730522581026927,0.0016929756914815055,-0.0009469640656048501
4.12,-0.005729853520867334,1.5388463417173708,-0.9854734382399717,-0.5353780050993491,-0.00041748214389691153,1.4258242375402944e-05,0.002823672888864751,-0.19308841026056808,-0.21170532540050083,-0.054375895588095746,0.00016310075845925136,-8.607208261022965e-05,0.1589566323092578,-1.267796489968711,-1.0497651796836451,-0.19630240849155012,-0.06675951008964043,-0.002948278226857004,0.02787506026799709,-5.7965328098614775,-5.841477201452806,-1.3774380526823273,0.002077313957502662,-0.0009450205692829952
4.13,-0.005690827849919634,1.5368066569639547,-0.9876606856439367,-0.5359410767577888,-0.0004150661133092664,1.3396769763380128e-05,0.003902567094769974,-0.20396847534161885,-0.21872474039650797,-0.05630716584397331,0.0002416030587645122,-8.614726120228166e-05,0.1575421637185217,-1.1944966509427244,-0.8826867155402505,-0.16441108761798873,-0.06478476396437305,0.0001250514741179265,0.033071090917458364,-5.802424577916148,-5.854601280424093,-1.379919185397259,0.002457159008881749,-0.0009414892304252612
4.14,-0.0056411366881581005,1.5346661456235258,-0.9899054965326091,-0.5365203097919452,-0.000411868159461295,1.2537431928264241e-05,0.004969116176153323,-0.21405113404288417,-0.22448108886723747,-0.057923303415638526,0.00031979538479713935,-8.593378351158862e-05,0.15571974941002778,-1.1160656059235645,-0.7107679840616018,-0.13174070064497556,-0.06245967245543371,0.0032204786057856566,0.038163743399315365,-5.801102688354988,-5.860443141974292,-1.3804818867379667,0.002831908592211966,-0.0009363686011339288
4.15,-0.005580930150195154,1.5324332323957313,-0.9921949506710436,-0.537112476308594,-0.00040789274145454514,1.1683144998866729e-05,0.006020653796294651,-0.22329132277943994,-0.22894541384345196,-0.059216651664882644,0.0003975418006749835,-8.542869293975131e-05,0.15349728470433044,-1.032794344332478,-0.5350895666000712,-0.09852909639185992,-0.059797972790114895,0.006329493011748032,0.04314142380239839,-5.792508554753992,-5.858978925520191,-1.3791243298569633,0.0032009836502478084,-0.0009296657005194979
4.16,-0.005510384275105201,1.530116757688187,-0.9945159182216995,-0.5377142916516157,-0.00040314567770496565,1.0836839394978527e-05,0.0070545875089953166,-0.23164747075444633,-0.23209675506558963,-0.060181534302165524,0.00047470637495794965,-8.463056038882021e-05,0.15088476727695485,-0.9450031931663393,-0.3567495890831874,-0.06501025505228908,-0.056815617755090586,0.009443295316165203,0.0479932287750668,-5.776624477419253,-5.85023058212178,-1.3758567068837864,0.003563831074210482,-0.0009213960192846732
4.17,-0.005429700141347842,1.5277259398272156,-0.9968551403850463,-0.5383224343402665,-0.00039763414030909,1.0001444474399668e-05,0.008068413375735833,-0.2390817860971228,-0.23392221633468344,-0.06081426886508196,0.0005511537395875649,-8.353949205788595e-05,0.14789430772041598,-0.8530428311365494,-0.176856533185648,-0.03141214858476138,-0.05353069452363324,0.01255284174273046,0.05270900411840677,-5.7534760561870195,-5.834265828758591,-1.3707012214265952,0.0039199261738275875,-0.0009115834616968585
4.18,-0.005339102838633485,1.525270334390789,-0.999199310206604,-0.5389335660188768,-0.0003913666433914195,9.179873216586826e-06,0.009059730271435718,-0.24556054364265678,-0.23441698215576956,-0.061113167861028925,0.0006267496917670516,-8.215712578128423e-05,0.1445401069329145,-0.7572949540213357,0.003477892013489872,0.0020451690286180657,-0.0499633119730537,0.015648893536672353,0.057279394596072224,-5.723134260879236,-5.81119778959258,-1.363691995920342,0.004268774773243098,-0.0009002602258071141
4.19,-0.005238840302568117,1.5227597906864851,-1.0015351530560113,-0.5395443512991894,-0.0003843530251168806,8.37500705487397e-06,0.010026253606536775,-0.25105437043038886,-0.2335842849407169,-0.061078528031262964,0.0007013618274538895,-8.048661617128557e-05,0.14083839654395394,-0.6581725238951429,0.18314576395370583,0.035151218860422384,-0.04613545558568344,0.01872207114143238,0.061695883608963234,-5.685717093074485,-5.781184324558626,-1.3548748932657584,0.0046099148487118696,-0.0008874666233875212
4.2,-0.005129182020780176,1.5202044054412407,-1.0038495062995687,-0.5401514773818049,-0.0003766044231888868,7.589680965388732e-06,0.010965828178794183,-0.2555385245244407,-0.231435324355744,-0.060712608261546806,0.000774860192799379,-7.853260894852381e-05,0.136807339599643,-0.5561195445190207,0.3610497955637346,0.06770648519067718,-0.04207081002111801,0.021762913211394147,0.06595082160452687,-5.6413907782925445,-5.744427048461016,-1.3443072530192917,0.004942917635341519,-0.0008732508416309241
4.21,-0.005010417622146539,1.5176144738173294,-1.0061293977063128,-0.5407516733489917,-0.00036813324381022926,6.826668915815453e-06,0.011876439863363729,-0.25899316239113307,-0.22798914067441514,-0.06001959671867416,0.0008471179378657581,-7.630120495732788e-05,0.13246688994819905,-0.4516103162872683,0.5361099729455288,0.09952352521229119,-0.037794550538991944,0.024761940430640478,0.0700374423611455,-5.59037043476893,-5.701170046593507,-1.332057543229341,0.005267388144635642,-0.0008576686491795164
4.22,-0.004882855363591892,1.5150004379192332,-1.0083621221485777,-0.5413417290273111,-0.00035895312425628686,6.08866977113099e-06,0.012756225855464702,-0.2614035898096077,-0.2232724442264875,-0.059005567831951995,0.0009180119553942371,-7.379991446844635e-05,0.12783861015158862,-0.34514813640797865,0.7072699403260557,0.13042779756866918,-0.03333310559554281,0.027709723952017318,0.07394986659707192,-5.532920173581752,-5.651698295692695,-1.3182049298557623,0.0055829650516657945,-0.0008407830495159548
4.23,-0.004746820531625848,1.5123728330077078,-1.0105353161807247,-0.5419185133249531,-0.0003490788893923694,5.378293746470551e-06,0.0136034831966044,-0.2627604911525539,-0.2173194032147082,-0.05767842976419233,0.0009874234863917488,-7.103760246604384e-05,0.12294544925399269,-0.23726342311510257,0.8735030962903023,0.16025821370207605,-0.02871389408480829,0.030596958078725284,0.07768309268808732,-5.469352594811241,-5.596335801730268,-1.302838766544031,0.005889319929681583,-0.0008226638851590497
4.24,-0.004602653778194634,1.5097422316891445,-1.0126370301037753,-0.5424789919552364,-0.00033852650265296094,4.698049489498542e-06,0.014416675343121394,-0.26306013185634014,-0.21017139230504997,-0.056047863028326046,0.0010552386739408465,-6.802442569720098e-05,0.11781148330300201,-0.12851125632333546,1.0338183711841458,0.18886742238872145,-0.023965041790471153,0.033414536583123655,0.08123297462476653,-5.400027655448483,-5.53544346860314,-1.2860580083391329,0.006186155830104606,-0.000803387396454173
4.25,-0.004450709412452844,1.5071191863990976,-1.014655797148594,-0.5430202444642779,-0.0003273130121831018,4.050331866215068e-06,0.015194436574178936,-0.2623045290046971,-0.20187670448188513,-0.054125250904149116,0.0011213490469859167,-6.477176232834737e-05,0.11246162307860727,-0.01946834090986095,1.1872656616783754,0.2161218438449235,-0.019115082599323485,0.0361536318070001,0.08459618768490768,-5.325350896676878,-5.469416714148658,-1.2679705537038,0.006473205226353663,-0.0007830357390370721
4.26,-0.0042913536716094585,1.5045141705473468,-1.0165806994356008,-0.5435394804872393,-0.0003154564930135778,3.437410515191705e-06,0.015935574084338537,-0.26050158517507144,-0.19249022870066593,-0.05192360229614294,0.0011856519169523975,-6.129213510233624e-05,0.10692129496738036,0.08927058759076978,1.3329409046401883,0.24190147517305371,-0.014192650847945243,0.0388057754259907,0.08777018262584799,-5.2457710306541045,-5.398682852057697,-1.2486925199383354,0.0067502273600344815,-0.0007616964642808107
4.2700000000000005,-0.004124962994989607,1.5019375187369777,-1.0184014303943074,-0.5440340551637318,-0.00030297598629433215,2.861419225983966e-06,0.016639067661985196,-0.25766518103691055,-0.1820730958706586,-0.04945746764925117,0.0012480506719245647,-5.75991289207739e-05,0.10121610225111535,0.19709688196467062,1.4699907784441648,0.26609949365993035,-0.009226171777663772,0.041362939503564955,0.09075312950268889,-5.161776899731655,-5.323698260150479,-1.2283474577729594,0.007017005046951392,-0.0007394619672130382
4.28,-0.003951922325817287,1.499399366510587,-1.0201083533509505,-0.5445014836487997,-0.0002898914367371805,2.324346188104786e-06,0.017304066917231915,-0.2538152226390665,-0.17069229566430252,-0.0467428485067918,0.001308454955715166,-5.3707303787917964e-05,0.09537147519067635,0.30339258168748257,1.5976170254957485,0.28862168834424917,-0.004243557419601085,0.04381761622258595,0.0935438524814488,-5.073893833860762,-5.244945357094812,-1.2070655115077553,0.007273341017498385,-0.0007164289065191036
4.29,-0.00377262346492521,1.4969095901118896,-1.0216925560167915,-0.5449394546613536,-0.0002762236295127607,1.8280251476583902e-06,0.017929886089207734,-0.24897763986972402,-0.15842026658409272,-0.043797101255388465,0.0013667807224419812,-4.96321040446396e-05,0.08941231911350331,0.4075354340434666,1.7150803948371904,0.3093857533231832,0.000728084708713217,0.04616289448450156,0.09614175723270572,-4.982679444442028,-5.162929410968095,-1.1849825316003895,0.007519053880705393,-0.0006926976013310143
4.3,-0.0035874634996224514,1.4944777467798354,-1.023145900633088,-0.5453458430169353,-0.00026199412790197486,1.3741274997174695e-06,0.018515996530275858,-0.2431843332054359,-0.14533446162966132,-0.040638835558171826,0.0014229501610785824,-4.538976479409208e-05,0.08336267020477693,0.5089042712238053,1.8217042080990613,0.32832047839167444,0.005662722954623278,0.04839253142278993,0.09854675265577784,-4.888718904782499,-5.0781752040857615,-1.1622391470403142,0.007753973813117328,-0.0006683714095479283
4.3100000000000005,-0.0033968433293119506,1.4921130161141036,-1.0244610695511354,-0.5457187210962544,-0.0002472252130146794,9.641553359568634e-07,0.019062017031050087,-0.23647306657317152,-0.13151689180472675,-0.037287807931909105,0.0014768914887295444,-4.0997216376060624e-05,0.07724536882051504,0.6068846679124548,1.9168775556204682,0.34536487374720615,0.010535646327212655,0.05050101680497504,0.10075916879296586,-4.792619778341901,-4.991223579239704,-1.138979805194001,0.007977938082465347,-0.0006435560924458695
4.32,-0.003201166307187904,1.489824143064936,-1.0256316060470743,-0.5460563692050397,-0.00023193982685543613,5.994354590919152e-07,0.019567702212404663,-0.22888730491676773,-0.1170536495938815,-0.03376481087853462,0.001528538615924329,-3.647198768649482e-05,0.07108175986739686,0.7008747966988883,2.000058132173133,0.3604672657049992,0.015323676952185228,0.052483628306718155,0.1027796728474817,-4.6950064658140835,-4.902627892919301,-1.115351787055032,0.008190786521589243,-0.0006183591703169152
4.33,-0.0030008370145230994,1.487619383106216,-1.0266519501913836,-0.5463572847844312,-0.00021616151993706785,2.811143684403053e-07,0.020032929266480457,-0.22047599587198208,-0.10203441443093589,-0.03009155793914768,0.0015778306918368273,-3.1832109065160985e-05,0.06489142912977473,0.7902913931467066,2.0707747233389227,0.37358439959996126,0.020005345451890644,0.05433647574160666,0.10460918521921457,-4.5965143505622725,-4.812950401239511,-1.091504205983307,0.008392357070239291,-0.0005928892738347795
4.34,-0.0027962601807656265,1.485506450148245,-1.027517469612199,-0.5466201904344425,-0.00019991440451892328,1.0154214530096043e-08,0.02045768337574729,-0.211293295797127,-0.08655194208154711,-0.02629056500113446,0.0016247115418144568,-2.709601539102093e-05,0.058691983392128826,0.8745757385630077,2.1286293541847225,0.3846805843737773,0.024561025758822075,0.05605653252360837,0.10624879742320795,-4.497783728801362,-4.722758604196067,-1.0675869980690684,0.008582481501297201,-0.0005672554957771138
4.3500000000000005,-0.002587839759009024,1.483492467735611,-1.028224485010003,-0.5468440407160293,-0.00018322311438155535,-2.1267028482688517e-07,0.020842042175660266,-0.20139824126339922,-0.07070153978041266,-0.02238502815867439,0.0016691290137367915,-2.228244993569812e-05,0.05249888084692287,0.9531995664881843,2.1732991114669997,0.39372691083205424,0.028973027238073518,0.05764165292047457,0.10769969366169314,-4.399453616028549,-4.632621573532473,-1.0437499122114762,0.008760981443763412,-0.0005415667476466992
4.36,-0.0023759781624988017,1.4815839240559616,-1.0287702902990412,-0.5470280277000823,-0.0001661127718483007,-3.8677397916886655e-07,0.021186159651022198,-0.1908543679649254,-0.05458052890382071,-0.018398698405298036,0.0017110342533254639,-1.741036943419814e-05,0.04632531665426213,1.0256707986614464,2.2045376492562814,0.4007005722310648,0.03322564341730169,0.059090574022129805,0.1089630776878135,-4.302155524417459,-4.543106288966179,-1.0201415078616545,0.008927664807797076,-0.0005159311256247122
4.37,-0.0021610756638181655,1.4797866312574828,-1.0291531672683123,-0.5471715852343404,-0.00014860896253406124,-5.117624865997357e-07,0.021490249868063624,-0.17972927984788242,-0.038287696927108886,-0.014355753425805522,0.0017503809314239477,-1.2498850743086924e-05,0.04018216670461099,1.0915390176847088,2.2221763857021353,0.4055843118418281,0.03730515803150586,0.06040290177834262,0.1100401064341532,-4.206507307124552,-4.454774006811663,-0.9969081681512583,0.00908232270744035,-0.0004904552901594578
4.38,-0.0019435299543852983,1.4781056895368232,-1.029372394672489,-0.5472743919018888,-0.0001307377180508455,-5.874324803338494e-07,0.021754570943286727,-0.16809417206595445,-0.021922740417677434,-0.010280666754835927,0.0017871244483215734,-7.5669993734113665e-06,0.034077990712842544,1.1504005867517813,2.226125395791234,0.40836601751874824,0.04119981041939763,0.0615790809416471,0.11093183168834075,-4.11310716467237,-4.368176684188264,-0.9741931358166614,0.009224726964730276,-0.0004652438633429341
4.39,-0.0017237358580186523,1.476545456415507,-1.029428251680991,-0.5473363726477024,-0.00011252550663768504,-6.137710814565984e-07,0.021979409636664594,-0.15602331213163614,-0.005585700850186663,-0.0061980745813684,0.0018212211413160466,-2.633860112274893e-06,0.028019093828555865,1.201903331552739,2.2163740015627096,0.4090384781962477,0.04489972349908851,0.0626203492585774,0.11163915088747896,-4.022527905777062,-4.283853481039058,-0.9521355789434237,0.00935462826503627,-0.00044039884805414063
4.4,-0.0015020851887013402,1.4751095215721461,-1.029322015632016,-0.5473576990527297,-9.399923141922706e-05,-5.909543803159304e-07,0.02216506693173122,-0.14359348433606994,0.010623604897506415,-0.002132640502725029,0.0018526275218457976,2.281670114066794e-06,0.022009644069730057,1.2457507057103205,2.192991057531578,0.40759931171091424,0.04839679855842037,0.06352867676502871,0.11216276787862009,-3.935311550231506,-4.202327361142182,-0.9308696931049327,0.009471755018013714,-0.000416019072651122
4.41,-0.0012789667394036688,1.4738006875407286,-1.0290559540579982,-0.5473387882384098,-7.518623574242673e-05,-5.193451100222573e-07,0.022311844929767143,-0.13088340314175845,0.02660615740178606,0.001891081431990461,0.0018812995676800335,7.160927029367311e-06,0.016051841153535144,1.2817053687375826,2.156124925211563,0.4040510676364679,0.05168458188771896,0.06430669153130397,0.1125031642590168,-3.851964354838687,-4.124101812192062,-0.9105238459629923,0.009575812961899672,-0.0003921996647720804
4.42,-0.0010547663859901799,1.472620956522716,-1.0286333109700214,-0.5472803003883977,-5.61143148036141e-05,-3.9948949628537775e-07,0.02242003534134889,-0.11797310180125317,0.04226430879766986,0.005848785001202955,0.0019071920938812628,1.1985561373687952e-05,0.01014613077790952,1.3095921144006921,2.1060031268858377,0.398401502862761,0.054758108844080486,0.0649575936508387,0.1126605816719623,-3.7729523350553715,-4.049657703885042,-0.8912197698471594,0.009666485531379382,-0.00036903155755830066
4.43,-0.0008298672879113267,1.4715715234936098,-1.0280582874114845,-0.5471831348787293,-3.68117325671461e-05,-2.3211330841498327e-07,0.022489909807885313,-0.10494330291061252,0.05750235585368095,0.00971655096684735,0.0019302582236467994,1.6737618787039446e-05,0.00429145715371051,1.3293000973807838,2.042931665297623,0.39066402182024973,0.05761373126458478,0.065485059649037,0.11263501519564927,-3.698697345137998,-3.979450301777998,-0.8730718072448433,0.009743434991313452,-0.0003466010313372653
4.44,-0.0006046501656070019,1.4706527757140075,-1.0273360163160208,-0.5470484250127923,-1.7307242798906172e-05,-1.8117136907534333e-08,0.022521712230432478,-0.09187477796023065,0.07222710954636757,0.013470986593704734,0.001950448976823993,2.1399617150744892e-05,-0.0015144543623387698,1.3407843171046994,1.967293992988478,0.3808582674361549,0.06024893425271326,0.06589313979122019,0.11242621772733381,-3.6295737684048066,-3.913906453510725,-0.8561862135267774,0.009806304320655223,-0.00032498929350281035
4.45,-0.0003794936333560103,1.4698642986821058,-1.026472531731506,-0.5468775313633474,2.369887101473219e-06,2.414290762265267e-07,0.02251565322509917,-0.07884770319017323,0.08634845845148469,0.01708936494448684,0.001967712990037939,2.59546213134061e-05,-0.007274793309049482,1.344066329389128,1.8795496127410007,0.36901084344753343,0.0626621482686946,0.06618615097765873,0.11203371503663488,-3.565905856997034,-3.853421962799081,-0.8406605206133628,0.009854719813334759,-0.0003042720990003422
4.46,-0.0001547745656990525,1.4692048884902396,-1.0254747325010405,-0.5466720337305083,2.2189850882943186e-05,5.452922272596013e-07,0.022471906765695777,-0.06594101918663203,0.09977992304654239,0.020549763283901304,0.0019819963781469965,3.0386315103307457e-05,-0.01299334790815037,1.3392341689423104,1.7802322891746891,0.35515614359378134,0.06485256218718378,0.06636856802278696,0.11145683094355732,-3.507965747525294,-3.798359165418683,-0.8265829646673584,0.009888294346193463,-0.00028451941346982777
4.47,6.913152446856309e-05,1.468672570473575,-1.0243503405230847,-0.546433721732074,4.2122278306288315e-05,8.92082932210922e-07,0.02239060901676156,-0.05323180166645306,0.1124391977955719,0.023831199843431662,0.001993242742334513,3.467907049513208e-05,-0.01867418564840558,1.3264414786036067,1.6699478511298484,0.33933725865970565,0.06681994257710577,0.06644491612268033,0.11069472187232604,-3.4559721655340048,-3.7490447202056996,-0.8140319802873398,0.009906631248673692,-0.00026579512071889743
4.48,0.0002918501175221173,1.4682646239657182,-1.023107853746377,-0.5461645840508992,6.213621156364188e-05,1.2802630698008377e-06,0.02227185930535542,-0.04079465078568438,0.12424867767078425,0.026913768117490126,0.002001393325735356,3.8818013758991566e-05,-0.024321339401189294,1.3059058542761464,1.5493715651449067,0.32160692847536865,0.06856446393743047,0.06641966722345943,0.10974641984518074,-3.4100898181330774,-3.705767626897803,-0.8030757630835245,0.009909328695356953,-0.0002481567757951872
4.49,0.000513007348816187,1.467977612904963,-1.0217564940907073,-0.5458667963730606,8.220008469615629e-05,1.7081539535719069e-06,0.02211572312940697,-0.028701106075516476,0.13513596556695356,0.029778767783862327,0.0020063873132514405,4.278908837710691e-05,-0.02993850722429754,1.2779064276108825,1.4192450621638368,0.30202850288279315,0.07008655401823949,0.06629714282166316,0.10861088281479032,-3.370429460765683,-3.668777481417149,-0.7937719019510262,0.009895984531026778,-0.00023165540450440267
4.5,0.0007322297193676303,1.4678074219673956,-1.0203061505217814,-0.5455427080603608,0.00010228170737896234,2.173945098283057e-06,0.021922237055144327,-0.01701909375675508,0.1450343568925856,0.03240883126997789,0.002008162268280605,4.657911447111505e-05,-0.03552877321017602,1.2427807214106006,1.2803728026175762,0.28067687348303405,0.07138675769410063,0.06608142546670204,0.10728705109392904,-3.3370486112358204,-3.6382829779504133,-0.7861670818221271,0.009866201429095698,-0.0002163353497828584
4.51,0.0009491438725380318,1.4677492978402331,-1.0187673175469143,-0.5451948276111153,0.0001223482543348749,2.675703542721786e-06,0.02169141531704015,-0.005812412716241796,0.1538832974867222,0.03478804492455304,0.0020066546955912565,5.017584444387287e-05,-0.04109435575476798,1.2009208252048342,1.1336180691700772,0.25763933681872153,0.07246562215456308,0.06577628091087728,0.10577390853041567,-3.3099528721327847,-3.6144506659005278,-0.780296857184325,0.009819592278295002,-0.0002022341648858957
4.5200000000000005,0.0011633764515530515,1.4677978951917139,-1.0171510294377086,-0.5448258069740708,0.00014236626150104326,3.211383687785663e-06,0.021423257901501968,0.004859735148080165,0.1616288109205671,0.036902063704450344,0.0020018007166168364,5.35680145063877e-05,-0.046636388509344186,1.152768950264048,0.9798984816691827,0.23301634948733785,0.07332360545350967,0.06538509248095908,0.10407054699763446,-3.2890978119628773,-3.5974039684635377,-0.7761854961985795,0.009755785689709265,-0.0001893825529032826
4.53,0.0013745540502590804,1.4679473268435494,-1.0154687905256377,-0.5444384247915511,0.0001623016299118863,3.7788376051391286e-06,0.02111775987060288,0.014943165183561098,0.16822389120709189,0.0387382182519689,0.001993536841084304,5.674539173534656e-05,-0.05215473807451054,1.098812434222375,0.8201810350547656,0.20692213669640402,0.07396100972561709,0.06491080884326489,0.10217623272922012,-3.2743913459049496,-3.5872224682167997,-0.7738458948448657,0.009674431516660368,-0.0001778043516671392
4.54,0.0015823032669062373,1.4681912176093133,-1.0137325019559742,-0.5440355686593445,0.00018211963808353806,4.375825768053222e-06,0.020774921664715684,0.024389076576385928,0.1736288569663486,0.04028561322065707,0.001981800817165175,5.96988162914093e-05,-0.05764786124695257,1.0395782752164542,0.6554766680271716,0.17948511788855193,0.07437793964769548,0.06435590592094831,0.10009047302275603,-3.265696549379462,-3.5839414636892117,-0.7732795601607937,0.009575206283594945,-0.00016751656268560881
4.55,0.0017862508680361636,1.4685227612278997,-1.0119543853241253,-0.5436202165022422,0.0002017849634960787,5.000028152295333e-06,0.02039476011299264,0.03315436185864533,0.17781166318489952,0.0415352157102295,0.0019665325412540633,6.242023842421114e-05,-0.0631127033758705,0.9756272837776905,0.4868343779755552,0.1508481163192572,0.07457428600605034,0.06372236331269315,0.09781308187252422,-3.2628348317471696,-3.5875517994206003,-0.7744766613231043,0.009457818426859946,-0.0001585294223256388
4.5600000000000005,0.001986024066816707,1.4689347797959524,-1.0101469036554411,-0.5431954171752934,0.00022126171357628242,5.649055651271407e-06,0.01997731987805435,0.04120185680526338,0.1807481668684226,0.04247993269488774,0.0019476750080203707,6.490274989760735e-05,-0.0685446381653587,0.9075479474028428,0.3153349058031302,0.12116832378691544,0.0745497335388211,0.06301165517181667,0.09534424316489808,-3.265589393566943,-3.5979999705101138,-0.7774161470494987,0.009322013259771575,-0.0001508465130904325
4.57,0.0021812509174734614,1.4694197850873367,-1.0083226802242493,-0.5427642704115395,0.00024051346639133878,6.320461746154638e-06,0.019522685065675453,0.04850052913842913,0.18242234311918468,0.043114676375392895,0.0019251752815056364,6.71406094883231e-05,-0.07393744810514638,0.8359501075581677,0.1420840226301674,0.09061699704115833,0.07430379157090519,0.06222475514596067,0.09268457017981795,-3.2737088890156687,-3.6151885011096567,-0.7820659275663254,0.009167577586282772,-0.00014446491250061719
4.58,0.0023715608248852695,1.46997004114154,-1.0064944157395022,-0.5423299062469986,0.00025950332107829406,7.011754368580324e-06,0.019030990741180812,0.05502560542032062,0.18282644847471044,0.043436416454094955,0.0018989854686955279,6.912926224256856e-05,-0.07928334365554757,0.7614585516599096,-0.03179454133242118,0.05937886856999475,0.07383584536120547,0.06136215466016742,0.08983516028414823,-3.286911215319093,-3.638976594748809,-0.7883831191920778,0.008994343901295516,-0.00013937537680192366
4.59,0.0025565851659957247,1.4705776275063305,-1.0046748044523162,-0.5418954640627619,0.0002781939578594207,7.720407890756565e-06,0.018502434111045504,0.06075863647904663,0.18196112871860554,0.04344421842366915,0.0018690636781126665,7.08653522176241e-05,-0.0845730183790562,0.6847066231698271,-0.20516647742770702,0.02765126140824825,0.073145225556429,0.06042389355500724,0.08679764387230256,-3.3048873533088767,-3.6691810527953743,-0.7963143494224018,0.008802194130631791,-0.0001355625564939528
4.6000000000000005,0.002735958017496137,1.4712345025328928,-1.0028764497641653,-0.5414640713920249,0.00029654770733418046,8.443875175634811e-06,0.01793728515004125,0.06568750265623716,0.17983546881508675,0.04313926707370408,0.0018353749474759723,7.234672848782471e-05,-0.08979573642269705,0.6063299512496514,-0.3768945328999943,-0.004357094964232977,0.07223129270884449,0.059409601873449215,0.08357422679960416,-3.3273051873957225,-3.7055774557758894,-0.805796120263834,0.008591062879189993,-0.0001330052405105189
4.61,0.002909316982299018,1.4719325661435505,-1.0011117799329718,-0.5410388226464937,0.00031452662859688334,9.179599618187811e-06,0.017335896480288084,0.0698063610657729,0.17646698311934325,0.04252487455311512,0.001797892126270289,7.357244425530002e-05,-0.0949394481289059,0.5269603973883771,-0.5458463363964224,-0.03642754273391313,0.07109353348380021,0.05831855142152074,0.08016772575662272,-3.3538132391612385,-3.7479016007193033,-0.8167552274447483,0.008360940171174423,-0.00013167662578658006
4.62,0.003076304105676545,1.4726637215224543,-0.9993929644872854,-0.5406227579217087,0.0003320925956076929,9.925027107923869e-06,0.01669871233775271,0.07311553789037425,0.1718815445686466,0.04160647247850496,0.00175659670108096,7.454274897360576e-05,-0.09999092910040241,0.4472203100767054,-0.7109023462923268,-0.06833325507594168,0.06973166497054151,0.05714971561159767,0.07658159623969259,-3.3840442562009136,-3.7958511861607396,-0.8291092330268576,0.008111873680813415,-0.00013154460892163554
4.63,0.0032365668706066976,1.4734199352174133,-0.9977318319657372,-0.5402188420442444,0.00034920739114456485,1.0677617842574482e-05,0.016026276493015263,0.07562136949590653,0.16611325215482578,0.040391587746422035,0.001711479553687191,7.525907346506126e-05,-0.10493593777239416,0.3677171700446312,-0.8709638488670689,-0.09984125608929983,0.06814574342677465,0.05590183602544216,0.07281995297528024,-3.417618606534369,-3.849087734966568,-0.842766988843017,0.007843970465055847,-0.00013257209669424134
4.64,0.0033897592608606386,1.474193295185352,-0.9961397895996696,-0.5398299440253659,0.00036583280758550445,1.143485792345659e-05,0.015319239025394128,0.07733599679387253,0.1592042366067532,0.038889801887848595,0.001662541644093962,7.572400808821077e-05,-0.10975938645455359,0.28903869797093146,-1.0249609299907623,-0.1307146732736646,0.0663362738380403,0.054573494104526,0.06888758284536675,-3.45414743854067,-3.9072387437304865,-0.8576292080911667,0.007557398220821636,-0.00013471733229353852
4.65,0.0035355428796772946,1.4749760663634996,-0.9946277455510663,-0.5394588170854397,0.0003819307537138992,1.2194270664339081e-05,0.014578361881665588,0.07827711781475596,0.15120440486034084,0.037112693992614694,0.0016097946128394737,7.594127408824908e-05,-0.11444552088991405,0.2117484841641663,-1.1718603419700198,-0.1607151876328592,0.06430431685621557,0.053163186380850824,0.06478995052994804,-3.4932355766581504,-3.969900046154546,-0.8735890823146996,0.007252386098073528,-0.0001379342343056256
4.66,0.003673588111493027,1.4757607434020585,-0.9932060343055548,-0.5391080794111798,0.00039746336670365325,1.2953427547723687e-05,0.013804523181573214,0.07846770385588947,0.14217112455115283,0.0350737674259962,0.00155326129897541,7.591568833846051e-05,-0.11897810362658376,0.13638218581441575,-1.3106731866119032,-0.18960564038537875,0.062051589988400324,0.05166940169559439,0.06053319722477378,-3.5344841336832586,-4.036638376577773,-0.8905329408917236,0.006929225106011006,-0.00014217274571691983
4.67,0.003803575314104048,1.4765401002503418,-0.9918843458013661,-0.5387801958036246,0.00041239312842386604,1.3709958765251197e-05,0.012998720261102097,0.07793568482833062,0.13216885041886967,0.032788360755520704,0.001492976172021277,7.565312175275109e-05,-0.12334059689420776,0.06344432240939887,-1.4404623363799276,-0.21715275017453894,0.059580560324058285,0.050090698910219056,0.056124132902797164,-3.5774928310845504,-4.106994118653423,-0.9083409500355781,0.006588268152951819,-0.00014737919046291898
4.68,0.0039251960288063615,1.4773072363457715,-0.9906716588498516,-0.5384774603686348,0.00042668298520279104,1.4461563282415646e-05,0.012162071470231335,0.07671360954297132,0.12126869515144927,0.030273543498983427,0.0014289856778924976,7.516045171644493e-05,-0.12751634119738464,-0.006594315769853537,-1.5603495177023687,-0.24312989070840008,0.05689452659283972,0.04842578369015474,0.05157022266372457,-3.6218620290034096,-4.180484223106479,-0.9268878481737144,0.00622992976101608,-0.00015349663534712542
4.69,0.0040381541964450715,1.4780556192122352,-0.9895761793717672,-0.5382019803937251,0.00044029647020535806,1.5206018371846155e-05,0.011295816763871005,0.07483828664637208,0.10954794780843846,0.027547997490957748,0.0013613485002567027,7.444550894305083e-05,-0.1314887264556736,-0.07329864703416429,-1.6695219839611157,-0.26731987607226326,0.053997688913214326,0.04667358302838623,0.046879567756817064,-3.6671944772505936,-4.256605277525412,-0.9460437144196199,0.0058546854947675725,-0.00016046525546829213
4.7,0.004142167367869288,1.478779123329693,-0.988605283936398,-0.537955661545315,0.00045319782760492634,1.5941188564020855e-05,0.010401317142421693,0.07235041174578317,0.09708954353691897,0.024631884841006695,0.001290135739956829,7.351701921746996e-05,-0.13524135320392708,-0.13627068208932352,-1.7672387103203293,-0.28951769960000373,0.05089520519251178,0.04483331627533471,0.04206088186901543,-3.713096807366973,-4.334836710253331,-0.9656747666820047,0.005463071138831504,-0.00016822270161111604
4.71,0.004236967897984957,1.4794720651892852,-0.9877654690481924,-0.5377401945091251,0.00046535213776531547,1.6665033969321097e-05,0.00948005301156679,0.06929418595921315,0.08398148882056392,0.021546703618989145,0.0012154310160389118,7.238454053002415e-05,-0.13875818208417245,-0.1951503435688617,-1.8528360481957142,-0.3095331722478436,0.04759323374303248,0.04290456154551697,0.03712346324687263,-3.7591807934735124,-4.414644109639231,-0.9856441857671446,0.0050556816536538205,-0.00017670446836276867
4.72,0.004322304113379428,1.4801292344963175,-0.9870623065784508,-0.5375570431836413,0.0004767254426906552,1.7375617930722804e-05,0.008533621539447155,0.06571693070323291,0.07031624697415939,0.018315132548389585,0.0011373304925339715,7.105839614017056e-05,-0.1420236705770938,-0.24961576610216074,-1.9257327836546851,-0.3271934078303884,0.044098962253646845,0.04088731648379251,0.03207716317167832,-3.8050644160077813,-4.495482639184717,-1.0058129616254932,0.004633169931525939,-0.00018584426200268886
4.73,0.004397941444313688,1.480745921526371,-0.9865004056883899,-0.5374074345224913,0.0004872848710454169,1.8071113972057148e-05,0.007563733093426023,0.061668703005357,0.05619008900609064,0.014960866115002124,0.0010559428354761675,6.954960413343446e-05,-0.14502289660462067,-0.2993831334868135,-1.9854345511898814,-0.342345105266185,0.040420623774584885,0.03878205249033018,0.026932351238853198,-3.8503727673942785,-4.576800528470349,-1.0260407576748107,0.004196245367348342,-0.00019557436746454665
4.74,0.0044636635126997105,1.481317940676566,-0.9860833815352432,-0.5372923501064547,0.000496998762092553,1.874981201255695e-05,0.006572206838602235,0.057201915019489874,0.04170241531467395,0.011508441603662987,0.000971389104713612,6.786980404998002e-05,-0.1477416692534677,-0.3442061191837032,-2.0315375619505223,-0.3548565819882059,0.03656750080879201,0.036589761625480666,0.021699877812505278,-3.8947388421302156,-4.658042619164152,-1.0461867889025587,0.003745672250947354,-0.00020582601387767396
4.75,0.004519273168466067,1.4818416502841139,-0.9858138309956701,-0.5372125195098684,0.000505836787941688,1.9410123824242976e-05,0.005560965576635707,0.05237096075479088,0.026955053957311598,0.00798305965863388,0.000883802584913497,6.603118116860275e-05,-0.15016662739592118,-0.3838750035724033,-2.0637316134647605,-0.36461951785884317,0.0325499189354157,0.03431199554255526,0.016391033941628597,-3.9378042556400383,-4.738653944900847,-1.0661107092146533,0.003282267980657214,-0.00021652973835307787
4.76,0.004564593467436488,1.4823139688073623,-0.9856933155813475,-0.5371684155096396,0.0005137700735398694,2.005058771450682e-05,0.004532029897042095,0.047231852324857285,0.012051541432259758,0.0044104000228777284,0.0007933285598181418,6.404638902638466e-05,-0.15228532739566084,-0.4182155459697833,-2.0818023559930405,-0.37155037505870947,0.02837923160575273,0.031950895929008905,0.01101750894354061,-3.979219936554331,-4.818083323373904,-1.0856735032610465,0.002806901091861852,-0.00022761574778101665
4.7700000000000005,0.004599468584483926,1.4827323874804683,-0.9857223516609406,-0.5371602511681647,0.0005207713138730492,2.066987242193215e-05,0.0034875117047437733,0.0418418673105979,-0.0029036079593090427,0.0008164341474863144,0.0007001240333179881,6.192847074253274e-05,-0.15408632136715802,-0.4470876911992477,-2.0856327987599155,-0.37559146640681096,0.024067797840750638,0.029509216072707734,0.005591345789922196,-4.01864683583747,-4.895786938606678,-1.1047383777370836,0.0023204890896896826,-0.00023901427845031647
4.78,0.004623764656266538,1.4830949795617856,-0.9859004080414177,-0.5371879788044136,0.0005268148878762616,2.1266780218892168e-05,0.0024296071782611587,0.036259208131724306,-0.017805638047708124,-0.0027727636248888756,0.0006043574003212354,5.969077969600204e-05,-0.15555922759702198,-0.47038418947759203,-2.075204047323236,-0.37671165212816415,0.019628954520889863,0.026990333309339365,0.00012489437755887364,-4.055756693493117,-4.971231891070099,-1.1231716469396984,0.0018239960724131745,-0.0002506559532835632
4.79,0.004637370548301001,1.4834004062984107,-0.9862259109005922,-0.5372512908505037,0.0005318769685739605,2.1840249219707033e-05,0.0013605892034462583,0.03054267366251422,-0.03255028591745029,-0.006331204609008464,0.000506208069769899,5.7346900081486506e-05,-0.15669479473225617,-0.4880292046412542,-2.0505952711365074,-0.37490665310088467,0.015076984799641813,0.02439825224915615,-0.0053692372654385225,-4.090232899522083,-5.04389969310218,-1.1408436071563106,0.001318430131540729,-0.00026247213640887283
4.8,0.004640198541491254,1.4836479197257066,-0.9866962560025252,-0.5373496225744732,0.0005359356289892661,2.2389354898090637e-05,0.00028279931902525676,0.024751342729599664,-0.047034510193305346,-0.009833172396939246,0.0004058660415305635,5.491056783836026e-05,-0.15748496119883965,-0.4999769794429526,-2.0119829078906495,-0.37019897681560465,0.010427083902351253,0.021737598821584492,-0.010878233793134807,-4.121771480524308,-5.11328968697136,-1.157629394289027,0.0008048405161912856,-0.00027439528466217846
4.8100000000000005,0.00463218493352406,1.4838373624118317,-0.9873078280686521,-0.5374821566338738,0.0005389709433725176,2.291331082222416e-05,-0.0008013607967193468,0.018944268612517967,-0.06115720661268998,-0.013253405940059566,0.00030353143832515173,5.239559241335207e-05,-0.15792291104594744,-0.5062106180832635,-1.959639118421766,-0.36263746049106604,0.0056953232116762065,0.019013605313341564,-0.016389125309136617,-4.150082236983771,-5.178922362926917,-1.1734098189748052,0.00028431455307721036,-0.0002863592954398616
4.82,0.004613290550791007,1.48396916424431,-0.9880560271208143,-0.5376478294094339,0.0005409650833065991,2.3411468620037537e-05,-0.0018894382733053278,0.013180183247837342,-0.07481990521621738,-0.016567277556009802,0.00019941399340814536,4.981577978133777e-05,-0.1580031270346843,-0.5067410356468425,-1.8939295128212494,-0.35229644377643154,0.0008986131101381689,0.016232086706985338,-0.021888841974041246,-4.174890049029635,-5.2403425547121225,-1.1880721733608612,-0.00024202568087488405,-0.0002982998501077542
4.83,0.004583501166729578,1.484044336339582,-0.9889353015583497,-0.5378453390535568,0.0005419024082504076,2.388331719114449e-05,-0.0029789384061429136,0.007517209527202594,-0.08792744375354636,-0.019750964412290888,9.373249438085669e-05,4.718485711069532e-05,-0.15772144132978405,-0.5016061120984885,-1.8153101748398468,-0.33927459111864966,-0.0039453354230865045,0.013399408747587938,-0.02736427026644811,-4.195936360525253,-5.297122490297667,-1.2015110036407595,-0.000773026928846439,-0.00031015475192826855
4.84,0.004542827822727405,1.4840644621384507,-0.9899391876805366,-0.5380731551749798,0.0005417695500843224,2.4328481185357582e-05,-0.004067334400217392,0.00201257988685643,-0.10038861221868803,-0.022781612142295203,-1.3285816608519485e-05,4.451639942130931e-05,-0.1570750836360697,-0.4908700754181354,-1.7243240177630086,-0.3236933908482884,-0.008818050952569045,0.010522448273630636,-0.03280231061717351,-4.2129808429088555,-5.348864676042712,-1.213628842456862,-0.0013075085542767996,-0.00032186425720299983
4.8500000000000005,0.004491307048038777,1.4840316857316003,-0.9910603553184615,-0.5383295300686483,0.0005405554912245536,2.474671877081187e-05,-0.00515207746886281,-0.0032776406850366377,-0.11211676379249337,-0.025637489366848724,-0.00012140588597687217,4.182375854542906e-05,-0.15606272608023783,-0.4746231247899743,-1.6215965105805636,-0.3056953644136149,-0.013700344428897893,0.00760854644163067,-0.038189936026658614,-4.225803231516556,-5.395204593125637,-1.2243368953349034,-0.00184426654818464,-0.00033337139805465895
4.86,0.004429000975555359,1.4839486974411298,-0.9922906591972087,-0.5386125113888742,0.0005382516358788657,2.5137918717462952e-05,-0.0062306072483417265,-0.008298829047053605,-0.12303038787471927,-0.028298132022592303,-0.0002303855345687924,3.9119994665108175e-05,-0.15468452360605794,-0.4529812910038315,-1.507830818523582,-0.2854420245690621,-0.018572356126876244,0.004665455550060538,-0.043514251156680055,-4.234205318388119,-5.435813185922187,-1.233555675441512,-0.0023820777111474593,-0.00034462229500147463
4.87,0.004355997350784975,1.483818716667464,-0.9936211956104894,-0.5389199561542297,0.0005348518740264244,2.5502096824119148e-05,-0.007300362477038443,-0.012998077366588449,-0.1330536413280721,-0.0307444765355486,-0.0003399761852441287,3.641781066561941e-05,-0.15294214816055773,-0.4260865178458517,-1.383802406814639,-0.26311162582206826,-0.023413608430429722,0.001701280227398183,-0.048762551266786705,-4.238013077019971,-5.47039912305748,-1.2412155811494443,-0.002919703967803532,-0.0003555664572210082
4.88,0.004272409432049229,1.4836454719971797,-0.9950423639557483,-0.5392495459644463,0.0005303526377213504,2.5839391719246017e-05,-0.00835879187357458,-0.017324467028425695,-0.14211683452588372,-0.03295898102165386,-0.00044992363050739154,3.3729489512687026e-05,-0.15083881453225764,-0.39410693570296734,-1.2503531607835183,-0.23889675377801378,-0.028203066474636107,-0.0012755862112363014,-0.05392238025135893,-4.237078886418706,-5.498710813129,-1.2472574111610462,-0.0034558967629171266,-0.00036615706817042437
4.89,0.00417837578073123,1.483433178557154,-0.9965439326486198,-0.5395988033028822,0.0005247529493446604,2.6150060067578484e-05,-0.009403365131799922,-0.021229344002569043,-0.1501568692871493,-0.03492573384359449,-0.0005599688376690117,3.106683483324668e-05,-0.1483792953899713,-0.35723728728356624,-1.1083850792483956,-0.21300180230542054,-0.03291920879600718,-0.00425652940683402,-0.05898158693289367,-4.231283814347286,-5.520538158594254,-1.2516328122795228,-0.003989401480567244,-0.0003763512540378792
4.9,0.004074059941398258,1.4831865125948271,-0.9981151089115284,-0.5399651087929079,0.0005180544614640001,2.643447121612883e-05,-0.010431583933297281,-0.024666596232678358,-0.15711762629085904,-0.03663054900257503,-0.0006698487880660233,2.8441114855034606e-05,-0.14556992288684528,-0.31569945561860063,-0.9588536012429713,-0.18564038845700903,-0.03754011014879921,-0.007232784758143707,-0.06392837868867136,-4.220539913059952,-5.535714033037752,-1.2543046553301027,-0.004518961822371322,-0.0003861103323551341
4.91,0.0039596500127902935,1.4829105832639145,-0.9997446119123167,-0.5403457192728316,0.0005102614880058496,2.6693101314529588e-05,-0.011440992860796386,-0.02759293309127185,-0.16295030007882103,-0.038061047992362027,-0.0007792973458150577,2.5863009840076067e-05,-0.14241857415958148,-0.2697430366367245,-0.8027606286656981,-0.15703275500022063,-0.04204353850614906,-0.010195510538282715,-0.06875137143820864,-4.2047924752896515,-5.544115468969816,-1.2552473352177407,-0.005043324077257709,-0.0003954000380137782
4.92,0.003835358111992005,1.482610901600036,-1.0014207487150697,-0.5407377865517191,0.000501381026501096,2.6926526945841297e-05,-0.012429190079828846,-0.029968166387847175,-0.1676136802752991,-0.039206727888748155,-0.0008880461504753585,2.3342563131170822e-05,-0.13893463818076407,-0.21964589282319816,-0.6411473092222707,-0.12740320908019687,-0.04640706797817906,-0.013135862489692923,-0.07343963500347712,-4.184022193962724,-5.545664545451486,-1.2544469916616152,-0.005561241214478379,-0.00040419072390415566
4.93,0.0037014197355699314,1.4822933466817227,-1.0031314924967227,-0.5411383767076017,0.000491422771231884,2.7135418305030077e-05,-0.013393837642207392,-0.03175549183131361,-0.1710743781653099,-0.0400590155882519,-0.0009958255269212034,2.0889135918877986e-05,-0.13512896171894462,-0.16571462091593717,-0.47508664500938785,-0.09697764315926283,-0.05060820894746043,-0.01604506906732267,-0.07798273287678084,-4.158247166220586,-5.540328967164856,-1.2519016477647824,-0.006071476733510456,-0.0004124575334425846
4.94,0.003558093023024101,1.4819641289891325,-1.0048645624794623,-0.5415444897900342,0.0004803991171846524,2.7320531963321313e-05,-0.014332671254583063,-0.032921769259028504,-0.17330699827396023,-0.04061130824325389,-0.0011023654047231531,1.851136582912369e-05,-0.1310137726253128,-0.10828486533181435,-0.30567599223187164,-0.06598118090297711,-0.05462455615674244,-0.018914506507116624,-0.08237075549469533,-4.127524680949183,-5.52812232903189,-1.247621264253713,-0.0065728082093152946,-0.0004201805423721835
4.95,0.003405657929529758,1.4816297509954177,-1.0066075050301564,-0.541953079790683,0.00046832515479986874,2.748270325760312e-05,-0.01524350934943428,-0.0334377993714877,-0.17429425506940838,-0.040859000064879296,-0.0012073962384783682,1.621712942818073e-05,-0.1266025792868987,-0.047721410049405784,-0.1340295167822743,-0.03463598627774933,-0.0584339548030417,-0.021735772897270855,-0.08659434622076669,-4.091952729237911,-5.509104063095034,-1.2416277079494393,-0.007064030479049176,-0.00042734486741629127
4.96,0.003244415316577366,1.4812969650536811,-1.0083477753838057,-0.5423610747484628,0.0004552186556011418,2.762283834502242e-05,-0.01612426129523924,-0.033278594173662905,-0.1740270353649289,-0.04079949577799204,-0.001310649919872693,1.4013508741930162e-05,-0.12191004584672523,0.01558201507521152,0.038729331273049034,-0.0031592689194135104,-0.06201468392002585,-0.024500760423154785,-0.09064471938301923,-4.051671179056227,-5.483379067074352,-1.233954633800517,-0.007543958426566962,-0.0004339407396295202
4.97,0.003074685970697966,1.4809727286752905,-1.0100728194579525,-0.5427653968595938,0.00044110004888256845,2.7741905963916748e-05,-0.016972934587939983,-0.032423637839068126,-0.17250440741466533,-0.04043221111309901,-0.0014118606718573363,1.1906761889432529e-05,-0.11695184366408955,0.08120327224790905,0.21147526385702406,0.02823848708261123,-0.06534565549948645,-0.027201724941635044,-0.09451366989092369,-4.006862558950731,-5.451097016768454,-1.2246472806076028,-0.008011429333610104,-0.0004399635406253828
4.98,0.0028968095619225655,1.4806641573323207,-1.0117701552387246,-0.543162982467659,0.0004259923897302849,2.7840928943278495e-05,-0.01778764087754005,-0.030857134296986756,-0.16973357807721934,-0.0397585608065268,-0.0015107659152283528,9.902297936174837e-06,-0.11174448043996768,0.14869274939193777,0.3830884647431405,0.05935505025499421,-0.06840662694624594,-0.029831352016731233,-0.09819357416482688,-3.9577524006869695,-5.412451367227558,-1.213762181388802,-0.008465304780992649,-0.00044541380025443257
4.99,0.0027111435549033213,1.4803784749572129,-1.013427453236289,-0.5435508018141791,0.00040992131874883835,2.7920975504068715e-05,-0.018566600701924427,-0.028568237510781483,-0.1657297997564406,-0.03878193465200717,-0.0016071070981446586,8.004656079021846e-06,-0.10630510942370541,0.21757473209721617,0.5524617104818109,0.08999771069857232,-0.07117842361933935,-0.03238281851945447,-0.10167738234195163,-3.9046090974032412,-5.367678050352898,-1.2013667901618044,-0.008904472098871173,-0.0004502971547536181
