{"Constants": {"L": {"dim": 1, "values": [2.5999999046325684]},
               "delta_sw_map": {"dim": [100, 1],
                                "values": [[-12.566370964050293],
                                           [-12.317667007446289],
                                           [-12.06896686553955],
                                           [-11.820265769958496],
                                           [-11.571565628051758],
                                           [-11.322864532470703],
                                           [-11.074164390563965],
                                           [-10.82546329498291],
                                           [-10.576762199401855],
                                           [-10.328062057495117],
                                           [-10.079360961914062],
                                           [-9.830660820007324],
                                           [-9.579911231994629],
                                           [-9.328554153442383],
                                           [-9.077197074890137],
                                           [-8.82583999633789],
                                           [-8.574483871459961],
                                           [-8.323126792907715],
                                           [-8.071769714355469],
                                           [-7.820413112640381],
                                           [-7.569056510925293],
                                           [-7.317699432373047],
                                           [-7.066342830657959],
                                           [-6.812581539154053],
                                           [-6.557591438293457],
                                           [-6.302600860595703],
                                           [-6.047610759735107],
                                           [-5.792620658874512],
                                           [-5.537630081176758],
                                           [-5.282639980316162],
                                           [-5.027649402618408],
                                           [-4.7726593017578125],
                                           [-4.517668724060059],
                                           [-4.262678623199463],
                                           [-4.0055389404296875],
                                           [-3.7475228309631348],
                                           [-3.489506483078003],
                                           [-3.231490135192871],
                                           [-2.97347354888916],
                                           [-2.7154572010040283],
                                           [-2.4574408531188965],
                                           [-2.1994245052337646],
                                           [-1.9414081573486328],
                                           [-1.683391809463501],
                                           [-1.4253754615783691],
                                           [-1.1663240194320679],
                                           [-0.9071409106254578],
                                           [-0.6479577422142029],
                                           [-0.3887746334075928],
                                           [-0.12959150969982147],
                                           [0.12959161400794983],
                                           [0.3887747526168823],
                                           [0.6479578614234924],
                                           [0.9071409702301025],
                                           [1.1663241386413574],
                                           [1.4253755807876587],
                                           [1.6833919286727905],
                                           [1.9414082765579224],
                                           [2.1994247436523438],
                                           [2.4574410915374756],
                                           [2.7154574394226074],
                                           [2.9734737873077393],
                                           [3.231490135192871],
                                           [3.489506483078003],
                                           [3.7475228309631348],
                                           [4.005539417266846],
                                           [4.262678623199463],
                                           [4.517669200897217],
                                           [4.7726593017578125],
                                           [5.027649402618408],
                                           [5.282639980316162],
                                           [5.537630081176758],
                                           [5.792620658874512],
                                           [6.047610759735107],
                                           [6.302601337432861],
                                           [6.557591438293457],
                                           [6.812581539154053],
                                           [7.066342830657959],
                                           [7.317699909210205],
                                           [7.569056510925293],
                                           [7.820413112640381],
                                           [8.071769714355469],
                                           [8.323126792907715],
                                           [8.574483871459961],
                                           [8.825840950012207],
                                           [9.077197074890137],
                                           [9.328554153442383],
                                           [9.579911231994629],
                                           [9.830660820007324],
                                           [10.079361915588379],
                                           [10.328062057495117],
                                           [10.576763153076172],
                                           [10.82546329498291],
                                           [11.074164390563965],
                                           [11.322864532470703],
                                           [11.571565628051758],
                                           [11.820265769958496],
                                           [12.06896686553955],
                                           [12.317667007446289],
                                           [12.566368103027344]]},
               "delta_w_avg_map": {"dim": [100, 1],