{"Constants": {},
 "Functions": {"FFuzzify106": {"centers": [9.574318117487577,
                                           49.95740934812816,
                                           90.34050057876874],
                               "dim_out": {"dim": 3},
                               "functions": "Triangular",
                               "names": "Triangular"},
               "FParamFun112": {"code": "def understeer_corr(input,vx,  # inputs\n                    A          # learnable parameter\n                    ):\n  return input * (1 / (1 + A * torch.pow(vx,2)))\n",
                                "in_dim": [{"dim": 1, "sw": 1},
                                           {"dim": 1, "sw": 1}],
                                "map_over_dim": false,
                                "n_input": 2,
                                "name": "understeer_corr",
                                "out_dim": {"dim": 1, "sw": 1},
                                "params_and_consts": ["A"]}},
 "Info": {"SampleTime": 0.05, "ns": [15, 1], "ntot": 16},
 "Inputs": {"curv": {"dim": 1,
                     "ns": [0, 1],
                     "ntot": 1,
                     "sw": [0, 1],
                     "tw": [0, 0]},
            "steer": {"dim": 1,
                      "ns": [15, 0],
                      "ntot": 15,
                      "sw": [-15, 0],
                      "tw": [0, 0]},
            "vx": {"dim": 1,
                   "ns": [1, 0],
                   "ntot": 1,
                   "sw": [-1, 0],
                   "tw": [0, 0]}},
 "Minimizers": {"curv_error": {"A": "SamplePart277",
                               "B": "curvature",
                               "loss": "mse"}},
 "Models": "curv",
 "Outputs": {"curvature": "ParamFun274"},
 "Parameters": {"A": {"dim": 1, "sw": 1, "values": [[0.01736726611852646]]},
                "PFir108p": {"dim": 1,
                             "sw": 15,
                             "values": [[0.005993295926600695],
                                        [0.003968250472098589],
                                        [0.00205042352899909],
                                        [0.00021826291049364954],
                                        [-0.0015428141923621297],
                                        [-0.0032176803797483444],
                                        [-0.004736026283353567],
                                        [-0.005936284549534321],
                                        [-0.006529170088469982],
                                        [-0.006037531420588493],
                                        [-0.003761457512155175],
                                        [0.001308587845414877],
                                        [0.01061728224158287],
                                        [0.026169564574956894],
                                        [0.050731390714645386]]},
                "PFir109p": {"dim": 1,
                             "sw": 15,
                             "values": [[0.012093527242541313],
                                        [0.009710577316582203],
                                        [0.007754576858133078],
                                        [0.006224720738828182],
                                        [0.005136104766279459],
                                        [0.004537126049399376],
                                        [0.00452299602329731],
                                        [0.005259584169834852],
                                        [0.007018637377768755],
                                        [0.010225540027022362],
                                        [0.015514835715293884],
                                        [0.023816222324967384],
                                        [0.036477189511060715],
                                        [0.05542747676372528],
                                        [0.08341322094202042]]},
                "PFir110p": {"dim": 1,
                             "sw": 15,
                             "values": [[0.003928312566131353],
                                        [0.0025591880548745394],
                                        [0.0014125379966571927],
                                        [0.0005308125400915742],
                                        [-2.0581659555318765e-05],
                                        [-0.0001436565798940137],
                                        [0.0003037562419194728],
                                        [0.001531523186713457],
                                        [0.003845475148409605],
                                        [0.007689709775149822],
                                        [0.013706267811357975],
                                        [0.022819845005869865],
                                        [0.03635776415467262],
                                        [0.05622188374400139],
                                        [0.08512986451387405]]}},
 "Relations": {"Add269": ["Add", ["Mul262", "Mul265"]],
               "Add270": ["Add", ["Add269", "Mul268"]],
               "Fir260": ["Fir", ["SamplePart259"], "PFir108p", null, 0],
               "Fir263": ["Fir", ["SamplePart259"], "PFir109p", null, 0],
               "Fir266": ["Fir", ["SamplePart259"], "PFir110p", null, 0],
               "Fuzzify257": ["Fuzzify", ["SamplePart256"], "FFuzzify106"],
               "Mul262": ["Mul", ["Fir260", "Select261"]],
               "Mul265": ["Mul", ["Fir263", "Select264"]],
               "Mul268": ["Mul", ["Fir266", "Select267"]],
               "ParamFun274": ["ParamFun",
                               ["Add270", "SamplePart273"],
                               "FParamFun112"],
               "SamplePart256": ["SamplePart", ["vx"], [-1, 0]],
               "SamplePart259": ["SamplePart", ["steer"], [-15, 0]],
               "SamplePart273": ["SamplePart", ["vx"], [-1, 0]],
               "SamplePart277": ["SamplePart", ["curv"], [0, 1]],
               "Select261": ["Select", ["Fuzzify257"], 0],
               "Select264": ["Select", ["Fuzzify257"], 1],
               "Select267": ["Select", ["Fuzzify257"], 2]},
 "States": {}}